1000
3
0
0.001
0.001
0.001
0.001
0.001
0.001
0.001
0.001
0.001
0.001
0.001
0.001
0.001
0.001
0.001
0.001
0.001
0.001
0.001
0.001
0.001
0.001
0.001
0.001
0.001
0.001
0.001
0.001
0.001
0.001
0.001
0.001
0.001
0.001
0.001
0.001
0.001
0.001
0.001
0.001
0.001
0.001
0.001
0.001
0.001
0.001
0.001
0.001
0.001
0.001
0.001
0.001
0.001
0.001
0.001
0.001
0.001
0.001
0.001
0.001
0.001
0.001
0.001
0.001
0.001
0.001
0.001
0.001
0.001
0.001
0.001
0.001
0.001
0.001
0.001
0.001
0.001
0.001
0.001
0.001
0.001
0.001
0.001
0.001
0.001
0.001
0.001
0.001
0.001
0.001
0.001
0.001
0.001
0.001
0.001
0.001
0.001
0.001
0.001
0.001
0.001
0.001
0.001
0.001
0.001
0.001
0.001
0.001
0.001
0.001
0.001
0.001
0.001
0.001
0.001
0.001
0.001
0.001
0.001
0.001
0.001
0.001
0.001
0.001
0.001
0.001
0.001
0.001
0.001
0.001
0.001
0.001
0.001
0.001
0.001
0.001
0.001
0.001
0.001
0.001
0.001
0.001
0.001
0.001
0.001
0.001
0.001
0.001
0.001
0.001
0.001
0.001
0.001
0.001
0.001
0.001
0.001
0.001
0.001
0.001
0.001
0.001
0.001
0.001
0.001
0.001
0.001
0.001
0.001
0.001
0.001
0.001
0.001
0.001
0.001
0.001
0.001
0.001
0.001
0.001
0.001
0.001
0.001
0.001
0.001
0.001
0.001
0.001
0.001
0.001
0.001
0.001
0.001
0.001
0.001
0.001
0.001
0.001
0.001
0.001
0.001
0.001
0.001
0.001
0.001
0.001
0.001
0.001
0.001
0.001
0.001
0.001
0.001
0.001
0.001
0.001
0.001
0.001
0.001
0.001
0.001
0.001
0.001
0.001
0.001
0.001
0.001
0.001
0.001
0.001
0.001
0.001
0.001
0.001
0.001
0.001
0.001
0.001
0.001
0.001
0.001
0.001
0.001
0.001
0.001
0.001
0.001
0.001
0.001
0.001
0.001
0.001
0.001
0.001
0.001
0.001
0.001
0.001
0.001
0.001
0.001
0.001
0.001
0.001
0.001
0.001
0.001
0.001
0.001
0.001
0.001
0.001
0.001
0.001
0.001
0.001
0.001
0.001
0.001
0.001
0.001
0.001
0.001
0.001
0.001
0.001
0.001
0.001
0.001
0.001
0.001
0.001
0.001
0.001
0.001
0.001
0.001
0.001
0.001
0.001
0.001
0.001
0.001
0.001
0.001
0.001
0.001
0.001
0.001
0.001
0.001
0.001
0.001
0.001
0.001
0.001
0.001
0.001
0.001
0.001
0.001
0.001
0.001
0.001
0.001
0.001
0.001
0.001
0.001
0.001
0.001
0.001
0.001
0.001
0.001
0.001
0.001
0.001
0.001
0.001
0.001
0.001
0.001
0.001
0.001
0.001
0.001
0.001
0.001
0.001
0.001
0.001
0.001
0.001
0.001
0.001
0.001
0.001
0.001
0.001
0.001
0.001
0.001
0.001
0.001
0.001
0.001
0.001
0.001
0.001
0.001
0.001
0.001
0.001
0.001
0.001
0.001
0.001
0.001
0.001
0.001
0.001
0.001
0.001
0.001
0.001
0.001
0.001
0.001
0.001
0.001
0.001
0.001
0.001
0.001
0.001
0.001
0.001
0.001
0.001
0.001
0.001
0.001
0.001
0.001
0.001
0.001
0.001
0.001
0.001
0.001
0.001
0.001
0.001
0.001
0.001
0.001
0.001
0.001
0.001
0.001
0.001
0.001
0.001
0.001
0.001
0.001
0.001
0.001
0.001
0.001
0.001
0.001
0.001
0.001
0.001
0.001
0.001
0.001
0.001
0.001
0.001
0.001
0.001
0.001
0.001
0.001
0.001
0.001
0.001
0.001
0.001
0.001
0.001
0.001
0.001
0.001
0.001
0.001
0.001
0.001
0.001
0.001
0.001
0.001
0.001
0.001
0.001
0.001
0.001
0.001
0.001
0.001
0.001
0.001
0.001
0.001
0.001
0.001
0.001
0.001
0.001
0.001
0.001
0.001
0.001
0.001
0.001
0.001
0.001
0.001
0.001
0.001
0.001
0.001
0.001
0.001
0.001
0.001
0.001
0.001
0.001
0.001
0.001
0.001
0.001
0.001
0.001
0.001
0.001
0.001
0.001
0.001
0.001
0.001
0.001
0.001
0.001
0.001
0.001
0.001
0.001
0.001
0.001
0.001
0.001
0.001
0.001
0.001
0.001
0.001
0.001
0.001
0.001
0.001
0.001
0.001
0.001
0.001
0.001
0.001
0.001
0.001
0.001
0.001
0.001
0.001
0.001
0.001
0.001
0.001
0.001
0.001
0.001
0.001
0.001
0.001
0.001
0.001
0.001
0.001
0.001
0.001
0.001
0.001
0.001
0.001
0.001
0.001
0.001
0.001
0.001
0.001
0.001
0.001
0.001
0.001
0.001
0.001
0.001
0.001
0.001
0.001
0.001
0.001
0.001
0.001
0.001
0.001
0.001
0.001
0.001
0.001
0.001
0.001
0.001
0.001
0.001
0.001
0.001
0.001
0.001
0.001
0.001
0.001
0.001
0.001
0.001
0.001
0.001
0.001
0.001
0.001
0.001
0.001
0.001
0.001
0.001
0.001
0.001
0.001
0.001
0.001
0.001
0.001
0.001
0.001
0.001
0.001
0.001
0.001
0.001
0.001
0.001
0.001
0.001
0.001
0.001
0.001
0.001
0.001
0.001
0.001
0.001
0.001
0.001
0.001
0.001
0.001
0.001
0.001
0.001
0.001
0.001
0.001
0.001
0.001
0.001
0.001
0.001
0.001
0.001
0.001
0.001
0.001
0.001
0.001
0.001
0.001
0.001
0.001
0.001
0.001
0.001
0.001
0.001
0.001
0.001
0.001
0.001
0.001
0.001
0.001
0.001
0.001
0.001
0.001
0.001
0.001
0.001
0.001
0.001
0.001
0.001
0.001
0.001
0.001
0.001
0.001
0.001
0.001
0.001
0.001
0.001
0.001
0.001
0.001
0.001
0.001
0.001
0.001
0.001
0.001
0.001
0.001
0.001
0.001
0.001
0.001
0.001
0.001
0.001
0.001
0.001
0.001
0.001
0.001
0.001
0.001
0.001
0.001
0.001
0.001
0.001
0.001
0.001
0.001
0.001
0.001
0.001
0.001
0.001
0.001
0.001
0.001
0.001
0.001
0.001
0.001
0.001
0.001
0.001
0.001
0.001
0.001
0.001
0.001
0.001
0.001
0.001
0.001
0.001
0.001
0.001
0.001
0.001
0.001
0.001
0.001
0.001
0.001
0.001
0.001
0.001
0.001
0.001
0.001
0.001
0.001
0.001
0.001
0.001
0.001
0.001
0.001
0.001
0.001
0.001
0.001
0.001
0.001
0.001
0.001
0.001
0.001
0.001
0.001
0.001
0.001
0.001
0.001
0.001
0.001
0.001
0.001
0.001
0.001
0.001
0.001
0.001
0.001
0.001
0.001
0.001
0.001
0.001
0.001
0.001
0.001
0.001
0.001
0.001
0.001
0.001
0.001
0.001
0.001
0.001
0.001
0.001
0.001
0.001
0.001
0.001
0.001
0.001
0.001
0.001
0.001
0.001
0.001
0.001
0.001
0.001
0.001
0.001
0.001
0.001
0.001
0.001
0.001
0.001
0.001
0.001
0.001
0.001
0.001
0.001
0.001
0.001
0.001
0.001
0.001
0.001
0.001
0.001
0.001
0.001
0.001
0.001
0.001
0.001
0.001
0.001
0.001
0.001
0.001
0.001
0.001
0.001
0.001
0.001
0.001
0.001
0.001
0.001
0.001
0.001
0.001
0.001
0.001
0.001
0.001
0.001
0.001
0.001
0.001
0.001
0.001
0.001
0.001
0.001
0.001
0.001
0.001
0.001
0.001
0.001
0.001
0.001
0.001
0.001
0.001
0.001
0.001
0.001
0.001
0.001
0.001
0.001
0.001
0.001
0.001
0.001
0.001
0.001
0.001
0.001
0.001
0.001
0.001
0.001
0.001
0.001
0.001
0.001
0.001
0.001
0.001
0.001
0.001
0.001
0.001
0.001
0.001
0.001
0.001
0.001
0.001
0.001
0.001
0.001
0.001
0.001
0.001
0.001
0.001
0.001
0.001
0.001
0.001
0.001
0.001
0.001
0.001
0.001
0.001
0.001
0.001
0.001
0.001
0.001
0.001
0.001
0.001
0.001
0.001
0.001
0.001
0.001
0.001
0.001
0.001
0.001
0.001
0.001
0.001
0.001
0.001
0.001
0.001
0.001
0.001
0.001
0.001
0.001
0.001
0.001
0.001
0.001
-1.233685729173594203e-01 8.208520069324087842e-01 -2.410541517946824808e+00
1.789106028176117746e+00 1.124891135298624389e+00 -1.024638354530859274e+00
5.074763013962352298e-01 4.106369715693046762e-01 6.903064558740290568e-01
1.008031570363778995e+00 9.514782265678485285e-01 -4.542203046845271430e+00
1.386181194522614901e-01 -2.475702477092124598e-01 9.181627334136945040e-02
-3.100706499932587845e-01 5.724565809585745457e-01 -6.460457178426354252e-02
5.292378044520347213e-01 6.471647638469897323e-01 -1.410274662917918587e+00
2.665191630180806515e-01 8.575363003982182653e-01 1.880766871771122339e-01
6.054626811178194234e-01 -2.775201266791323396e-01 7.072568119825791699e-01
-5.920087069897436161e-01 5.054448437627301338e-01 -7.488911304747005726e-01
4.613284894039150208e-01 1.361450048625008624e-01 -5.787027519353480365e-01
-3.266620480325954090e-01 -1.451518578686014915e-01 -1.792832968192051846e-01
-2.267806035302382950e-01 5.494114362492702464e-01 -4.509405696508602901e+00
-1.615467141342584512e+00 -1.867641570647553984e+00 7.968264624183403200e-01
-4.234907098476630716e-01 -8.559037883013863313e-02 4.365373842576787955e-01
4.614092101763785370e-01 -3.457786327622474620e-01 7.412333811208451917e-02
-2.745223489538734518e-01 2.279139185134184675e+00 -2.886051087963939152e-02
1.579417131737759217e+00 1.157218872694386474e-01 7.281345955013427407e-01
-1.427168614374696443e+00 6.842022312727717992e-01 -5.448943931122055551e-01
3.509058135986129479e+00 -6.083476807675644693e+00 6.487107392316928234e+00
-4.754057250675249868e-01 3.873029699510496249e-01 -1.139497787992807210e+00
6.665328968314473412e-01 5.515537236734957549e-01 5.461540389960630737e-01
-4.741193448941604771e+00 2.510800862706106251e+00 4.149657930161258612e+00
-1.129482017437093866e+00 2.992710238038565063e-01 -3.370933346189804447e-01
-1.071266020944821928e+00 3.130453026412867157e-01 -1.530423575907566169e+00
8.155799549507591895e-01 4.553986843531699497e-02 -9.756548060063698902e-01
-1.292665104829428258e-01 1.093095292380745071e-01 8.480149022858287644e-01
9.426450443167412319e-01 -3.330118331755580474e+00 5.068267734749994924e-01
2.190943824840000165e+00 8.497370215628594070e-02 9.851906356518170815e-01
7.196689806978581183e-01 3.754219516113390109e-01 -1.093188325308742520e-01
-3.065201241275383182e-01 -7.792393555656577098e-01 1.726103509849499895e+00
3.768527924135473550e-01 1.155754668949871000e+00 1.914133151602002980e-01
2.460445420618398771e+00 -3.726022618486508176e+00 1.408557199911275815e+00
-2.906189236438353612e-02 -2.578588019615146720e-01 2.272137539531998984e-01
1.238881213846144469e+00 -3.245215212694816387e-01 -1.726580212554541527e-01
-3.784511884435433626e-01 -3.769188360423927908e-01 -6.459758330132006066e-01
4.506140950268767986e-02 -1.350069616683918505e-01 -3.174187390473919290e-01
6.551704776109759099e-01 5.667110356384250647e-01 -4.539847094801415794e-01
-2.290450050809282601e-01 1.816712538523397868e-01 -9.272078942626277298e-01
1.572766604933156565e+00 2.022784859654408685e+00 2.381961463665881462e-01
-3.089422016287716177e-01 -9.515621233941191637e-01 -1.777308034921905699e+00
-5.444460062143796630e-01 1.329155991735578302e-01 -1.060283298000691987e+00
-1.298427358393101083e-01 -8.391562556192926070e-02 -8.614368098448714484e-02
2.822338768706295076e-02 -6.120133649136217935e-01 6.669259207801500611e-02
-1.065757707549267047e-01 5.205276102798684495e-02 -1.059086811898815039e+00
-1.106688152403171088e+00 -2.243920468611267705e+00 1.433356070628706513e+00
-2.072930132955266569e-01 5.037818357671107750e-01 -7.283096650477719480e-01
1.800899537725878741e+00 2.129795245628280487e+00 3.048215080526643916e-01
6.468879820980925066e-01 -4.890854671557259836e-01 -1.425854904922768673e+00
3.029075211025200609e-01 -2.333213849597090217e+00 3.829120373365850760e-01
7.313831808909437848e-01 -8.293505307813532346e-01 -1.198361638199960000e+00
-4.022885644529649696e+00 -2.993723810666759189e+00 -2.553147160349541256e+00
-2.418196828685440725e+00 6.056887105562750451e-01 -2.916087854648824695e+00
-4.456099105335080135e-01 -5.984031358449393156e-01 4.257019917011591326e-01
1.063900937455664497e+00 1.806472340188516046e-01 8.103719556808830493e-01
-4.279982669587115929e+00 3.306798919286669386e-02 -6.557230551581706202e+00
-2.362948220258271004e+00 5.786845933440213363e-01 6.248821324228462926e-01
-4.299192513733663401e-01 -3.936734455075123762e-01 1.655290927941349688e-01
2.484711125471987803e+00 -2.329819427880641225e+00 -1.632852552994287443e+00
3.073655676197381004e-01 7.462610239700329107e-01 -6.294917269116221846e-04
-7.442814306271161584e+00 2.822720664138818059e+00 -6.033763207774525128e-01
5.958946279144485825e-01 2.460441353080349280e-01 -2.959971601933520380e-01
-2.893970574653030314e-01 -1.187410568715654285e-01 -5.903992390356109787e-01
-5.022729781948731542e-01 4.124632284729849996e-01 1.889210756226950561e-01
-2.059544324171145788e-02 -2.734871887035445273e-02 -4.368864792230128802e-01
-8.433480197178017113e-01 5.576363553487305724e-01 -1.407998969750497764e+00
6.096799885498496163e-01 -1.048409720814803964e-01 1.360601142694906063e+00
4.535285310254230651e-01 6.169402229822710249e-01 1.104724942534117016e+00
1.417948009397808629e-01 7.190595210039353313e-01 1.819318222290728648e-01
-7.239948953834759449e-01 -1.173254609337871956e+00 2.009505222893338272e-01
2.601224906215036659e-01 1.008735816156627191e-01 3.773824700159125634e+00
6.789014313778231335e-02 2.913935757887426425e-01 -8.243631260865786903e-01
-3.794819570647002815e-01 1.444504297142020777e-01 1.788305914178429212e+00
-1.400598747363035024e+00 8.521265944241894763e-01 -1.693505493021814079e-01
2.413705508005910882e+00 8.674813250938395726e-01 8.448940796620557636e-01
-2.894422936944961444e-01 -4.450222026356179805e-01 -6.519926750634483792e-01
2.529879461868722146e+00 -2.106626352656548185e-01 7.696338269108357610e-02
-7.316153977216277582e-01 4.133955707113115552e-01 7.043082127165379847e-01
-1.175794951149864653e+00 7.404121241235662731e-01 2.008511183638469699e+00
3.173054695630776134e+00 2.881481438202944112e+00 -2.247816124014035299e+00
-1.020509705472694817e+00 -1.269041432360379362e+00 9.655936799267376136e-01
-1.423044946799824351e-01 -1.808222313007774307e-01 2.361105447065942609e-01
2.860517012711085716e-01 -1.004630026992535452e+00 -4.327315850433871569e-01
4.569196815525583766e+00 -1.975304992230996648e+00 1.449763365305605056e+01
7.074124192380991383e-02 5.106674330989977584e-01 4.308881186609615499e-01
-2.397786653502079479e-01 1.420147508057131303e+00 -8.934323696428629891e-01
5.723000789882471961e-01 5.454299435868133206e-02 4.512040507293050284e-01
6.298012006003711472e-01 -6.147870523656192437e-02 1.694072707318377446e+00
3.249720553732307948e+00 2.417126867882681829e+00 5.921582171458640964e+00
1.492678838306639721e-01 -4.685185063068101341e-01 1.188453841896287777e+00
-3.161932363681070335e-01 1.252941127272660937e+00 6.239057066539151902e-02
3.239197343584553357e-01 -1.122350700663066414e+00 -4.881745923759507333e-01
-1.249610943470930602e+00 3.608878572202470214e-01 8.875071478455991425e-01
7.890719553601318603e-01 1.657146567179018870e+00 -8.381146687795919537e-01
1.429087747401239783e+00 7.394406176114904916e-01 5.020534259494039420e-01
-6.360775228447465013e-01 -1.045460189899705794e+00 -6.606551559093783998e-01
-1.222480450711973532e-01 -3.908644743652426312e-01 4.659029000349697025e-01
5.229089964606182805e-01 7.426526670249626871e-01 -8.400503973218227394e-01
-5.131268517261197148e-01 7.414165758825793651e-01 3.606166723539812602e-01
-6.168795728418400515e+00 3.438364060312474879e-01 3.038274351950287944e+00
-1.494256907625860220e-01 4.001887106219164519e-02 -4.257550705652551198e-02
-1.090709304173217209e+00 2.626101875155066878e-01 -5.417621566868214833e-01
1.093468092719182411e-01 7.243908847635038839e-01 -6.658548496886347312e-01
5.647986007918382595e-02 -3.988079599074683124e-01 9.103606910630025473e-01
7.389941175900585080e-01 1.645029780776621764e-02 -3.664698949940918826e+00
4.060259533341246119e-01 -2.942978666189103309e-01 7.537735611720466355e-01
-3.277586771471222571e-01 -2.479775382578911225e-01 7.903519587586856909e-01
-3.486106963740524534e-01 8.699337316710135104e-01 -1.244110257499051686e+00
2.474818952881814305e-01 1.867155581073852988e-01 1.985001510776774225e+00
6.938451613359761794e-01 1.652145923842787134e-01 4.061590767783719857e-01
-3.082966663012018382e-01 5.433824783015155369e-01 -5.719169181692380921e-02
-5.158358225675880426e+00 -1.068659215752221892e+00 5.380254196879887818e-01
2.767083492748382278e-01 1.959535338519779568e+00 -1.958529466866836044e+00
2.457902974909671912e+00 -1.511032878934079893e-01 -7.973718753243420609e-01
-4.444730430406256261e-01 5.345205542126993947e-01 -1.048873793189307957e+00
2.005197692640368956e+00 2.707400745761667782e+00 -1.971877689968603242e+00
2.664710269601192616e-01 -2.115699725956504018e+00 -5.606188078672049713e-01
-7.786802288695059415e-01 -3.227229393226574428e-01 -2.894239553402859211e-01
2.936157113595418977e-01 1.097173296176483959e+00 6.582214464183899771e-01
1.950000157833643721e-01 -2.735965539129555507e-02 7.213669305243681773e-01
2.862884722862124240e-02 -7.383776984072741578e-02 9.642493751420980752e-01
-3.224166848622786574e+00 -3.418863082652872531e+00 5.508297195604064944e-01
4.574973825579759179e+00 3.205693830735048877e+00 -1.692593432799260000e+00
-3.899071127557021121e-01 5.159855787692217977e-01 -2.297001340446916728e+00
-7.862185105994978773e-01 6.687694124069972768e-01 -2.705737015928426636e-01
-5.209065944859209152e-01 -6.135262106066193821e-01 2.386457392567220837e-01
-2.094016051140542567e-01 8.375144791633473140e-01 4.467254036615588841e-01
1.402654502489518507e+00 -1.749574374777173258e+00 -6.245372370870292400e-01
-4.420416548006894097e-01 4.876126781804242527e-01 4.664101546379964547e-01
-1.693784424141272282e+00 -1.792992738427906740e+00 2.218010400885962685e+00
8.996319321336022912e-02 8.174910484364433794e-01 1.204842410130303687e+00
-1.904048471507459317e-01 7.506036302036042662e-02 -4.233288036143890709e-01
7.201480421704158363e-01 1.345197990545343447e-01 3.071987255518450199e-01
6.822978640211261325e-01 5.452637468732627335e-01 7.222769354628415517e-01
-7.327121830124361246e-01 -8.222532333053510500e-01 1.292734806266623959e+00
-4.523052073385134819e-01 -4.126669052536188764e-02 -5.360837790060581920e-01
5.573026938008311948e-01 -6.206632023453521052e-01 2.293377888963223643e-01
1.315326193639532848e+00 -1.565158644824973910e+00 1.724285313995579383e+00
-9.898214874943098707e-01 -3.390387690342061777e+00 4.988219993519509288e+00
-1.325542298607776948e+00 -1.053777726144423443e+00 -1.818917608497178096e+00
-1.194215826736246683e-01 -1.369400415112310421e-01 9.784822260387407988e-01
-4.839228404078947388e-01 5.240936401764642594e-02 -3.976214509563827937e-01
5.250872490784207897e-02 -6.614196103940238602e-01 -9.258335673069344463e-01
-1.041237324365980044e+00 1.795381924713689736e+00 -1.516582759244859968e+00
1.042817403302228607e+00 -2.947735515579040788e-01 9.393400845124688647e-02
-1.573262635282902111e-01 -2.431853551158340010e-01 -3.403004762554876494e-01
-2.986014742675806646e-02 -6.588435095689295640e-01 -6.422669719550266887e-02
-2.211117112343537194e-01 8.525412068333229065e-01 -3.993547609866160975e-01
-7.505766176731824002e-01 1.612658319845751587e+00 -1.070691799972222524e+00
8.197929078360992605e-01 3.013910183935228471e+00 3.573188271223674217e+00
4.793623321113948954e-01 3.616637509389353689e+00 2.295779544907130265e-01
-8.950390450749311499e-01 1.523992075627232046e+00 -6.325486157470896487e-01
-7.515951721274505282e-02 1.097568415761944610e-01 -2.532996232320454122e-01
-2.365411181370156712e-01 3.756946724824957728e-01 -8.117212969695963842e-02
9.753629765646951721e-01 -1.848102361254444215e-01 -4.428732479812714118e+00
-5.021717560373805712e-03 -1.700958624046638445e-01 -2.438269880170786386e-01
5.206515973166049305e-01 3.619593966302868115e-01 2.901618285051127955e-01
-4.016332278317533699e+00 1.572019438873222930e+00 -2.321621812353496406e+00
-3.142396592522557763e-01 5.735358281193333463e-01 4.370320408556130354e-01
-4.244562937362593713e-01 -7.346550319262622475e-01 -3.726638062475973179e-02
-2.108471336099033422e-01 -3.447084652235610225e-01 4.715382356199909197e-01
3.969161342164548301e-01 1.638691279477559881e-01 1.858862574074352791e-01
4.866055490116715787e-01 1.179594121782635008e-01 -2.863476485334923161e-01
-1.867903202512037064e-01 -3.896740186481260637e-01 1.737057181468850409e-01
1.807048445658150371e-01 -1.492596758114156374e+00 7.832135044404985313e-01
8.665218928618069194e-01 1.015501977501225062e+00 -6.137297535336735388e-01
-1.011044372542510450e+00 5.657024895813737020e-01 1.514126836669623700e-02
-6.380008236414095313e-01 8.836807839987857391e-03 -1.747872633172750101e-01
7.493348843953019367e-01 -2.095420999103140280e-01 -5.749236997712480618e-02
-7.819901807597272603e-01 -1.042344967088356000e+00 -3.567090029642049909e-01
5.727116719605868794e-02 -4.056733765687720039e-01 -3.084460607752085859e-01
2.779790649509168432e-01 9.081427086203025523e-01 4.239877510197898602e-01
5.299880997617629763e-01 4.026269193142970049e-01 1.023576436414894708e+00
6.822112835813312626e-02 7.301624082338173949e-01 -2.467171775601433581e-01
1.433281702006371783e-01 -2.353040780540320287e-01 2.687277356320215138e-01
-8.451337118331396780e+00 1.329450327857830949e+01 -8.438845167650889323e+00
2.441215588130633829e-01 4.421597352735369413e-02 -9.239972208953618482e-01
-3.294941980397854131e-01 1.238000243275874102e+00 5.589274166584793369e-01
1.764039331112485232e-01 2.861217527206123545e-01 6.762582775063615825e-01
-1.227573714820486606e+00 3.246110028411574588e-01 -4.990035006400265205e-01
7.845733582169694964e-01 -1.344321550235211271e-01 1.106168674644638195e+00
-1.181371620501195263e+00 -1.171015415454009556e+00 6.230751882458039903e-01
-8.984689301565672581e-01 -8.239436178002658151e-01 -2.140914911204646831e+00
1.861576733023719843e+00 -7.121710961135965690e+00 7.778820992712137672e-01
2.270939443298725657e-01 5.831672244104094682e-01 8.048705421764918988e-01
2.560284820848514331e-02 -2.917689641827354574e-01 3.844672495983001426e-01
1.869441722761334187e-03 -9.093593910402567593e-01 2.323205045934185475e-01
-8.926473236505292341e-01 1.023156235145791904e+00 -5.187417831839651328e+00
-7.640886909319086207e-02 8.342961336615246914e-02 4.566133181591521817e-01
-2.312466539245287667e+00 -1.028326711794641080e+00 -1.125850502803515729e+00
-7.629399627508494319e+00 4.552506694155978195e+00 -3.950408408363409229e+00
-1.512246314519825885e-01 -7.944286029652503078e-01 7.304800282736235717e-01
-1.034466029092260680e-01 -6.933911225797864120e-01 -1.523495745990356420e-01
-3.344204152800567958e-02 1.784051709400567842e-01 -2.376485886621592658e-01
-1.341534276040870388e+00 9.299462137738511158e-01 1.193371759663852671e+00
-8.693785376069304016e-01 5.787868185830179896e-02 2.941886836907581793e-01
3.417971115537273619e+00 2.124040611378524179e+00 9.752012311300308767e-01
2.333178621614571957e-01 1.032098070224586994e+00 -6.150737102194239053e-03
-1.495630418976910680e-01 -1.409364739235156483e+00 -9.149113408895562793e-01
-5.699543765404836426e-01 -1.805913313239447149e+00 -5.297038451208939680e-01
-7.518248747378448726e-01 1.149919965839809738e-01 8.475884194341051781e-02
2.239362582442789407e+00 -1.244244791145649343e+00 -1.935242170753740387e+00
1.349202474533206697e+01 -1.695218616981502446e+00 -6.110532459088848650e-02
2.591394165396285199e-01 4.171923010352173722e-01 5.339244519481716189e-01
2.606577296737594418e-01 6.189657360143523412e-01 -6.948231807334141752e-02
-9.955361885815569023e-01 4.003262546675664169e+00 1.095572766896587336e+00
1.800305516052994159e+00 1.888797397480855400e+00 1.172303699868181726e+00
-9.492392413483561331e-01 -6.945733942884430023e-01 1.883144676602046819e-01
1.569852366262373122e-01 -1.869561431993221057e-01 -6.427134476564917431e-01
4.591490204693728372e-01 -2.593925358533756054e+00 -4.415662090638484694e-01
-1.413172443069688963e-02 -4.225633994336875365e-01 1.120010411818260776e-01
6.235587330773906256e-01 5.985432670610255634e-01 -1.017822609796057431e+00
8.307042554179926430e-01 -3.775447750580005479e-01 -1.125879925682772953e+00
-1.782352670235035352e-01 -1.220666079865125653e+00 1.315064911925938607e-01
2.756150821007213203e+00 -2.120473369817829301e+00 1.499314483479202043e+00
-1.388573204199592626e+00 4.657745880848016551e-01 -9.267720682649257524e-01
-1.080626165769075775e-01 2.678377426515464732e-01 -7.976919677838650857e-01
-1.293779953766034385e+00 -4.114113914255008164e-01 -5.947206682021135560e-01
5.734033686054610390e-01 -2.395412240922408786e-01 1.619170805440676986e-01
-8.930961148217565482e-01 1.075586737198455378e-01 2.935832643959883081e-01
-1.056580834093384436e+00 -9.462486642577978557e-01 -1.243881693787569076e-01
-9.894519774944772472e-03 -1.208629106343291459e+00 -1.627742152242515727e+00
-2.094698645843385554e-01 -8.251704336241102444e-01 1.668571908067857601e+00
5.646537902483217408e-01 -1.360731155726855046e-01 2.055486165567977364e-01
-6.406343728877955668e-02 -4.852651315266070520e-01 -4.559920291101551282e-01
-6.541122485914210305e-01 4.884244935969777462e-02 3.637923765097708650e-01
-7.005622036886292037e-01 4.679629715655931332e-01 -4.791674509890260780e-01
-3.601738471097540861e-01 2.004574444496137975e+00 -1.232922718469409373e+00
3.222952949311963522e-01 4.302201685120015662e-01 2.260368818361600460e-02
-4.299135268242113006e-02 -5.627367878004618795e-01 4.748407194890642558e-01
2.787901297173374648e-01 -2.708388718836033604e+00 2.297777366735473059e+00
1.042603058468940747e+00 -2.618436554258848914e-02 4.489297197893112323e-01
-6.642380271773337119e-01 -4.826258036384498129e-01 -6.287620047321849093e-01
9.403623455586751501e-02 8.255036200177640060e-02 7.884431993122564819e-01
-2.084265858499820268e-02 6.015399091695817768e-01 1.147476756562247797e-02
-8.175027089016088100e-01 -1.314315594876998838e-01 2.445374263165765727e-01
-2.902572391265007545e-01 1.256991951137176544e+00 -9.587906849704328494e-01
7.530010020518443925e-01 -2.040069321039346129e+00 2.040596422642763641e-01
-1.167766947693320123e+00 4.907763630404543553e-01 1.428402742919954171e-01
5.074364554085352141e-01 8.895055515050735995e-01 6.757629345266793486e-01
-4.025774205571895359e-01 4.858331017743842267e-02 -6.283415316472408252e-01
-1.107705618189552599e+00 -1.664446960257032870e+00 8.439875972955866723e-02
2.225377366067046725e-01 6.135170759979736294e-02 -1.723682814353665604e-01
-8.326901419418083705e+00 -1.029166293438657398e+00 -1.122133163580711496e-01
1.414830710069528763e+00 2.167945826073632176e+00 -8.497373619759025776e-02
-2.283631364268522645e+00 8.331700575617712046e-01 -3.494761999676913589e-01
-4.937458374720866683e-01 1.010280710094678902e+00 2.241618396517895129e-01
8.891483486284351700e-01 4.374411984843382117e-02 3.115817393575353103e-02
6.654980333218191157e-01 -6.166679815819327004e-01 -2.489975307966299511e-01
-4.068177083563802032e-01 -1.264538431747399772e+00 -2.186905489147981108e-01
-3.453053012068988403e-01 -9.045637171703528601e-02 3.000828043347551488e-01
1.075558655773976691e+00 -9.823406860392093487e-02 2.167061320988434570e-01
4.585420914195285080e-01 1.315668886991773867e+00 3.964314233288253053e-01
9.564856819468952054e-01 -1.242338926117458470e-01 8.399450658064530617e-02
-1.769612612363721249e-01 -4.083591253970687493e-03 -1.038226126707636199e-01
9.738137490977592792e-02 2.255491081635636608e-01 -6.940668576638927556e-01
-8.983648825249689329e-01 1.852661967573655311e+00 1.727594727429946131e+00
9.668453269622638846e-01 9.698513059655708979e-01 -3.000943117966927698e-01
-3.149458016316971642e-01 3.141946391660640492e-01 -3.438017770806393592e-01
4.888426422082420286e-02 -9.949532711110763150e-02 -7.622871876787969125e-02
-3.715541710665999364e+00 3.318829626568146729e+00 3.062839559277506840e+00
-2.090991145373902516e+00 -6.140460603711083820e+00 1.862591563438783959e+00
8.007218820487834732e-01 3.220895051344522808e-01 -8.245977693778907547e-01
-4.165679321920538469e-01 -1.360128078508065608e+00 -1.155932183776416711e+00
9.933170646173765661e-01 -5.556565891647461397e-01 -1.214116310894292283e+00
-1.338416867119420539e+00 -3.119860239316223915e-01 -2.372009637914874736e-01
-1.367244879760652010e+00 2.498129323413033898e-01 -9.700133592485782330e-01
1.021053863778665916e+00 8.612800342543324161e-01 9.215469662685034091e-01
4.679920445543650498e-02 9.569532791075670008e-01 -1.566922801840999746e+00
-1.822659896196604290e+00 1.529254958170243317e-01 -2.031819597950136114e+00
-2.488174297542342372e-01 6.495350251090046267e-01 -1.546555803467660972e+00
-1.009945735320865179e+00 -7.933852986406086938e-01 -3.112237944605983908e-01
1.450672714363070215e+00 1.573567415946711956e-01 -4.539636058384504680e-01
2.746810021229234788e+00 1.202520800116334998e+00 -2.358125700273820513e+00
2.884932938156548055e-01 -6.632130272725412778e-01 8.686869277580598903e-01
3.131766708644570518e-01 9.862257928722991673e-01 1.757887812397861682e-01
-1.131900352457784420e+00 1.616200161287360881e+00 1.122971733739831363e-01
1.209822995771375892e-01 1.141408765882526710e+00 3.031449944310696254e-02
5.277143758285052222e+00 -6.548108323529792107e-01 -1.059925927070933405e+01
-7.457014416707248294e-01 -6.044588863722758498e-01 -1.104962839297912502e+00
-5.748534706496631896e-01 1.338533817048506380e+00 -1.567627644613740934e+00
-5.882160206282569526e-01 -2.953962316528055410e-01 -8.819237370240298191e-01
-1.212691388048301455e-01 -2.719043522095961896e-01 2.974326799808550414e-01
-3.335220700080342993e-01 6.792130278378583075e-01 5.895770771245416597e-01
-4.531574139054814765e-01 1.505112712095914906e+00 6.618455980022880381e-01
-1.548462751352603251e+00 3.254394919140068954e-01 4.256385299230260322e-01
-9.105559355337534966e-02 -6.268087644306405415e-02 -5.385042459078738242e-01
-4.230931726609581112e-02 2.016398933081302303e-01 3.005496218161567423e-01
-5.263076152959160758e-01 -1.101032212098674412e+00 6.667554298518657552e-01
5.508074895171574115e-01 -7.979754967788459386e-01 -8.038243619050253752e-01
1.337592927479565041e+00 -5.200407509899156011e+00 2.197351198830129526e+00
9.596563585134506580e-01 7.674788744293566944e-01 1.222289312735800770e+00
-3.231251474900583287e-01 -5.644995915721390256e-01 3.645382150690802625e+00
-1.109919424343962957e+00 9.517136216279321881e-02 -8.247360508494301357e-01
-7.470664112122003819e-02 1.692752309286263412e-01 -7.395467247193999727e-01
7.037331975937716200e-02 7.185559131528485022e-01 -1.661318498924452547e-01
-6.524264635590201200e-01 2.155521489205615426e-01 2.443588737788743026e-01
1.433816017032754908e-01 -6.786575508685421809e-02 -2.807384455148704827e-01
2.211770297076392833e+00 1.608125382540672499e+00 -4.031434575244912666e-01
1.903059880158538553e+00 1.310287697497740655e+00 1.303335598065466616e+00
3.224531658190973177e-02 4.935878542903208710e-01 -6.298728192288598482e-01
-1.162229384264593435e+00 5.061342122480914085e-01 1.006007195662873971e-01
3.985317863039002789e-02 -8.090761917294460037e-01 -7.306318295814242525e-01
9.200747694306385949e-01 -1.488375551261328367e-01 -1.067935593131134064e-01
3.173104710316702604e-01 1.748752305776456739e-01 -2.406562593130545102e-01
-5.079653364410572358e-01 -1.922936305432547052e-02 7.685707469710454515e-03
1.110401590187360288e+00 -4.137021320995355467e-01 -5.527331064323884879e-01
-7.591280434378364639e-01 6.285788352330754503e-01 -1.110852896267078282e+00
-1.071892961936482980e+00 -1.601683714056383323e-01 -4.773478796906662769e-01
-1.171647923203496811e-01 7.881217189279460245e-01 3.690826465038406501e-01
-5.727603299996770342e-02 5.861261265010575539e-01 3.241997079430963824e-01
7.948516244389556284e-01 1.816389386724925004e+00 -6.535155577334670340e-01
1.229607417786952699e-02 -2.392807114992354212e+00 -1.604219804505583102e+00
6.762156658824697297e-01 2.814898730250146031e+00 -3.379175041424705150e-01
-3.071475886979364023e-01 -1.109634103921118609e+00 8.458867268939750383e-01
-2.206584977664736644e-02 5.108768331556848841e-01 1.101221733079733173e-01
-4.246816389300730465e-01 1.587734135788264389e+00 1.120251630306419388e+00
-9.235081241126974483e-02 -4.363116260873436403e-01 6.028002522500636173e-01
3.682656762252922156e-01 -1.135117678786167650e+00 6.109757077210760112e-01
1.543707584156034596e+00 -1.957614332836482784e+00 5.849354445016753390e-01
4.575230730658465944e-02 -1.539588826764352603e-01 5.751774600368760038e-02
-4.425735318227717700e-03 -5.617522608689794195e-02 2.473816723943044749e-01
-6.235930436333997351e-01 -3.853184624647627565e-01 -1.701441832442471158e+00
-3.871741847969006334e-01 3.402011794210653695e-01 6.077910411758769005e-01
3.100660055838732609e-01 -3.359915083895075316e-01 -6.090930305624920882e-01
1.198055813175039619e+00 1.085689102243001247e-01 8.684209644387756721e-02
4.332079518198543866e+00 -6.327027403944435413e+00 -1.199282677156529608e+01
-1.135027236941245493e-01 8.174684263655840333e-01 7.754741815859905740e-01
-2.481519653010559046e-01 2.252532511543225535e+00 9.013024642184046531e-01
-1.046041428963080611e+00 -9.727949885555789433e-02 -1.112743369348287770e+00
2.604266851696946716e+00 -1.706520533387211547e+00 -6.287509483813615851e-01
5.287658850797052335e-01 -6.318972807427739591e-01 3.863081000714548852e-01
-3.686234114204913204e-01 1.409566338242498884e-01 -1.906342658721322358e+00
2.294416840515053346e-01 1.043482322155725894e+00 3.936488249774552917e-01
-3.608088679935975845e-02 -6.270402550332168645e-02 2.300159754563922965e-01
-1.940993270774699742e+00 7.287868624695571507e-01 7.903937721681009165e-01
-5.214756971532351626e-01 -9.888926725970196285e-01 -1.012072888185997721e+00
9.090504966024809397e-01 -5.635537696189902857e-01 3.825067433868454408e-02
2.510019594952614397e-01 -5.275095765515548374e-01 6.658515894696653836e-01
-4.096982597302452345e-02 -2.578499798016756217e-01 -1.791684242925715431e-01
-3.350569585013313256e-01 -3.685904622877671510e-01 -4.586470203550466751e-01
6.012453856849190315e-01 -5.928851006376739674e-01 8.575772126976327625e-02
-2.422008293260461131e-01 -4.048085793473250038e-01 2.808287991539213171e-02
-1.705386810024517974e+00 -4.210331131075195632e-01 -4.724099128851694251e-01
-1.152245385108120690e+00 -4.589279090055403687e-01 9.899286651077137122e-01
-4.852667730463031681e-01 6.434656368883199251e-01 3.366438967479700728e-01
-4.816949062155914674e-01 1.215737706275034302e+00 -6.405932000147679384e-01
-1.214022770824334935e-01 -1.249870129029053922e+00 1.567770874020490979e+00
1.330066120101027316e+00 -6.515144081314589997e-01 6.559856496785744229e-01
2.180417832151019392e-02 7.968044145383615939e-01 -2.872497294585192318e-01
1.455253512249353287e+00 -6.004779023397687210e-01 4.099331470180190284e-01
-2.847561781243595491e-01 3.451754064874701933e-01 7.008898580138457346e-01
3.346308514827472380e-01 -2.105349467366316590e-02 -3.770909452749960922e-01
-9.141524015455440022e-01 -1.226553161929884173e-01 -5.330791781122844464e-01
-1.451077463800594547e+00 1.760487161231643727e+00 -3.716491718083934637e-01
-3.250095180378431703e-01 -5.270244194005114791e-01 -2.472483903864522992e-01
3.424110397905384406e+00 -2.021866614516525829e+00 1.605347383731608124e+00
-4.149290976931556685e-01 -3.658573750128000790e-01 -1.923926033696553295e-01
1.506225063487012461e+00 2.422256600392093395e-01 1.366521999974996682e+00
4.582093895184134458e-01 -1.296169926187790589e+00 -9.307965258362800309e-01
-6.000631375204176221e-01 -1.749695034242255920e+00 -3.841034390655040376e-01
2.588799496363149988e-01 2.520064519575391793e-01 -1.092715991806092024e+00
-4.922760738982872031e-01 5.251672832467783880e-02 -2.049935029474138359e-01
1.019193260670004098e-01 -2.593330205646950493e+00 -6.022086187142777547e+00
7.514092570092585355e-01 -1.917734099694513028e-01 1.153596447752094134e+00
3.648018288457649749e+00 -9.225986023426283600e-01 -2.110612490461391655e+00
-6.641455346957204631e-01 3.320772634315057315e-01 5.752582723864565484e-01
-8.988024734755003520e-01 8.751391398841452673e-01 -7.135186854749965557e-02
5.481530313382225739e-01 -7.347426338203871810e-01 -7.343501696977595972e-02
-2.286392646638797377e+00 -2.150691102369702179e+00 5.354781589093136063e-01
3.803741304758740949e-01 1.245857598946922273e+00 -2.986555019807439204e-01
3.314312437140787271e-01 -8.402453243042008468e-01 -6.552681433072456152e-02
-3.453297405125368424e-01 -6.947584214667479330e-01 -2.676212209037008849e-01
1.866500247301221105e+00 -5.230461080941887886e+00 -5.120436179900206275e-01
-1.192785704772952649e+00 -9.058199864716970362e-02 8.948289685350687694e-01
-6.771589136754854188e-01 -1.286528707995789444e+00 -2.593113328272875773e+00
-2.842175084480706992e+00 9.593177314969142389e-01 -2.464018517107936734e+00
-2.431486089694588681e+00 1.838485776792047277e+00 -1.802754401719996791e+00
-7.684381924291721067e-01 -1.957625948519977621e+00 -5.543465526327293058e-02
2.322422381319884099e-01 2.327933244399029711e+00 1.850575215823177633e+00
-1.617686965684367761e+00 -2.056537304894986706e-01 8.073369679070069305e-01
3.354633156215075740e+00 -1.407216634692300516e+00 -3.571069280470753338e-01
-3.354383293433859103e-01 -1.616671855382112222e+00 8.533045668690628638e-01
-1.011856360589930892e+00 1.026196155220047368e+00 2.217072537966528478e-01
-1.213782104347058022e+00 -9.084678939457231373e-01 9.505155611699201978e-01
-1.665002320573712336e+00 -2.912018749773836568e+00 2.452446219511159153e+00
1.621891205769740163e-01 -2.224953542771726855e+00 9.901481817987949352e-01
-2.941636118589472382e-01 -1.977643622799729606e-02 -1.749663762210909579e-01
1.493286109889019331e+00 6.228629228663835615e-01 7.735940340063468534e-01
-7.313974533837739322e-01 3.610086991206137297e-01 2.654003172890705975e-01
-3.449358873726322106e+00 -7.478698950458386729e-01 -1.149629960295388997e+00
-1.516999723386617926e+00 -6.160098979583334966e+00 2.868295726526198131e+00
-4.249020328231052634e-02 7.329585078123297404e-01 -6.743579158014744168e-01
-2.666555910232823456e-01 -1.086421507410354897e-01 -7.465742669778910878e-01
-1.971775345221392362e-01 -9.017213438802719194e-01 -9.084230783291510347e-01
9.505962428820441401e-01 7.509893634018929287e-01 -1.664960232569496490e-01
-1.024127271639573733e+00 2.721143329998926830e-01 5.053421814282313962e-01
-8.940225954567448952e-02 2.167033529787713686e+00 2.854371046770598497e-01
2.096813463025737623e-01 4.770085368566569922e-02 6.111046677105844704e-01
2.827498867221339696e-01 4.435300317742323362e-01 1.134369839629966847e+00
-3.135337103686055005e-01 6.579200195842996868e-01 -1.365410086057793571e+00
-1.652999594775250713e-01 -6.828290967431077663e-01 8.053927021030956590e-01
5.191996088675676635e-01 1.078332007770503198e+00 -2.106488081421030500e+00
-1.151975082068447398e-01 -4.956275896766445394e-02 3.889601951167757088e-01
-6.639770066539533167e-01 -1.216584022559359830e-02 6.654712696797451255e-01
8.812553880300569853e-01 -6.132478397569816192e-02 1.644818595292071972e+00
2.310756104988760384e-01 1.901826233587983195e-02 -2.947460747067471853e-01
8.815658171701740153e-01 1.704142755364407846e-01 -4.109044451647917429e-01
-8.735219385959328009e-02 -4.092613845061490174e-01 5.432657377941009225e-01
1.851428619659037655e-01 -8.581682176721210364e-01 1.008648271700407939e+00
-5.409467349654326629e-01 -1.051547978223842827e+00 -4.221018925474996908e-01
-3.020284143071877647e+00 8.162896715525643776e-01 -2.804341545486555565e-01
1.531159101847323623e+00 -1.392701448199236802e+00 3.774633503703835324e-01
3.177286605857088109e-01 1.458070596130104368e+00 4.663406169155123737e-01
2.383973369974818624e-01 4.844806092214701265e-01 -1.049073566214819009e-01
4.597168836425570282e-01 1.444365983770791173e+00 -1.147148412321946198e+00
-1.161454076690291881e+00 4.708656892654292658e-01 9.075174355277221272e-01
7.674443385996224665e-01 -5.963215380622989281e-01 5.751898103547311569e-01
1.213315707900832985e+00 -1.970725435867965780e+00 -6.073879412393751176e-01
1.521149724987338678e-02 1.130181728148879766e-01 -4.783026621348006602e-01
-1.080665058210660501e+00 4.468927398730419831e-02 1.436268320820057953e+00
-8.863265119379315493e-02 9.518666147319444493e-01 4.917114677242069853e-01
6.206137217193287148e-01 -4.374405163765002214e-01 -2.836522403449186908e-02
-9.374214712747355183e-01 5.542585077943746885e-01 -1.625378344932033148e+00
9.294068119500382696e-01 1.129688366314478998e+00 1.172043836957757518e-01
-2.078526250522374941e+00 -8.071434901148567542e-01 -1.187067849245690754e+00
-4.474651114671955865e-01 9.665379394259899781e-01 8.751453284271449862e-01
5.997985312264605406e-01 4.773754677754528664e-01 -2.530256364696712890e+00
-9.491278491169535814e-01 6.926922674462001606e-01 -8.063222277842992114e-02
1.077489392339074925e+00 3.628575331793595371e+00 -1.626051675290147047e+00
-2.823775588477841492e-01 -1.550713091510091089e-02 5.824877726285905277e-01
-6.620091229120026455e-01 1.700789783687509937e-01 5.754777816655604061e-01
1.387391727313741496e+00 -1.534174959512965009e+00 3.035280247819378108e+00
-7.421491526185814980e-01 3.675126223130250058e-01 2.183188602550543700e-01
2.556474272052124963e-01 -1.576860619318929402e-01 -9.281246728769410037e-01
-1.614180245646741618e-02 4.680015871809574679e-01 2.355275252642961281e-01
-4.481244509161006917e+00 1.051461288340236777e+00 -7.005737868620580677e-01
1.056740000034291915e+00 -1.222158334744824382e+00 -5.695536544593295947e-01
6.049171349656486119e-02 3.837143594764562127e-01 -1.858061139523460581e-01
3.790862870569207121e-01 1.128222649848165116e+00 8.937256453240370879e-01
5.246421841728988733e-01 3.224600044743254901e-01 8.658573807770529873e-01
-1.941423500738628238e+00 2.648584501314916739e-01 -1.816888753392403189e+00
-1.392423924265391078e+00 1.501765433355624291e+00 2.807479684649484497e+00
3.122689639041189125e+00 -4.709383525109762103e-01 5.214764779069466449e+00
-2.811347316966262833e-01 4.900744484274340840e-01 -7.435280773355840145e-01
2.355591259252477254e+00 -2.036316741882357451e-02 -1.630944482807188844e+00
-4.379979241074936080e-01 -4.527409200151159552e-01 -1.235778013185332425e+00
2.993192109227847730e+00 5.526414188858113974e+00 -1.824680790799854568e+00
-2.771211078656318882e+00 -1.799515274086427530e+00 -2.100857316793277030e-01
-1.051857894996315324e-01 -2.781444229826888770e-01 -3.541482344545242994e-02
-1.161506987853752060e+00 -1.963185789962147876e+00 1.389924665873043752e+00
-1.744826906540305200e-01 1.066108339824513918e+00 7.271005044499206926e-01
-6.536080266733993449e-01 -6.668159551508785754e-02 -9.197016093852424801e-01
-5.233332276258645166e+00 -2.285129548347808903e+00 -5.142057592658781928e-01
2.809590138360309020e+00 -4.360933089883219926e-01 2.001802768486355522e+00
1.094691271426892376e+00 1.214501608619200992e-02 -2.058212849409129241e-01
8.505372380157549816e-01 -3.445044721228925910e-01 -7.595468397172543407e-01
-7.411650626628040195e-01 -7.462418760278427543e-01 9.682555834490056412e-01
1.334552089730385027e-01 2.319948795537120634e-01 1.083161815685566437e-01
9.804983140909954153e-01 6.896746014009367265e-01 5.564963722101216037e-01
3.323676392088925069e-01 -1.078586848652088648e+00 6.354311730463525487e-01
-5.747489838918814486e-01 2.265891208098741672e+00 -1.236659434316564748e-01
-3.454846673777228760e-01 -4.945693152471331566e-01 6.015393144276686560e-02
-1.829120276456843541e+01 1.412120592102483130e+01 1.846381825158314882e+01
1.030573939123925253e+00 -8.587462178473620478e-01 -3.374067061882009000e-01
7.260670685197893048e-01 5.258189627347455986e-01 6.918931837883739444e-01
8.114531808557884363e-01 1.579780783378875730e+00 -2.080050706902816793e-01
-3.537964549700212680e-01 1.623988921614855918e-01 -8.014240310272194856e-01
1.060352221051972021e+00 -1.179801657232366213e-01 1.447677423584622147e+00
2.752214352455715662e+00 -2.065407170644231627e+00 1.149281624621232734e+00
2.177998136721559855e-02 -1.491146703627331815e-01 -3.940295002744547137e-01
1.413216451586535527e+00 -9.478061685283502014e-01 2.552595803096845417e-01
-4.961854851976366110e-01 2.885439334743091777e-01 1.690560944870923843e-01
-4.609028275937482988e+00 5.986394521615333586e-01 -2.570445764479534212e+00
-1.447174378997860278e-01 8.375827031501922870e-02 -1.582848338424839074e+00
-3.231998941901438605e-02 -4.704230984225243328e-01 8.675427832932395278e-01
-3.723467774985916301e-01 -6.844513408801433663e-01 -1.295358460319886218e+00
-9.710484800603173816e-02 -3.007830154435604531e-01 -9.022697248855293672e-01
-2.128741120057228375e+00 -1.160398442503144834e+00 -7.673744610270079036e-01
2.932839472787756474e+00 2.608898414920404640e+00 1.488535841800429749e+00
7.665657667743159820e-01 -9.235327505463031272e-02 -5.955762702131349451e-02
-1.160139153562961684e-01 4.232895457640344361e-01 -9.325187507479210103e-02
-4.435700422029935086e-01 -1.547396524613203483e-01 -3.358274742421081815e-01
2.622576607413280025e-01 6.511765677391564422e-01 -2.322883523885689527e+00
-2.675673379665963747e-01 4.637183899708936796e-02 8.253229225791689494e-01
-1.444827521181817342e+00 2.074837406645990978e-01 -9.668933568313067273e-01
-1.938154457746154025e-01 -1.217592795739411926e+00 -1.694663808739171884e+00
-3.452692210660885941e-01 -1.106678024749669781e-01 -4.419850913740681064e-01
-1.075500177223807086e+00 -5.246057211214247840e-01 5.436056472407401197e-01
-1.092587622400114755e+00 -1.815504745652118723e+00 -3.955629170475207235e-01
-2.325405890232854489e-01 -2.874862241095837434e-01 -2.885539407211509255e-01
7.021295371426722332e-01 3.673097857533971222e-01 5.242746807355168626e-01
-2.578646801968286217e-01 -3.456291232021926896e-01 1.006688747626905078e+00
1.338304447179851364e-01 -5.968422583293248040e-01 1.686145921804382830e-01
8.844163769400994113e+01 -1.750667256093792332e+02 -1.254009211801125012e+01
2.382862476881568714e-01 -1.258722438906097023e-02 -8.687799381242585772e-01
5.283913285734092469e+00 2.499873207631874816e+00 3.883202104650925079e+00
2.796078480445895131e+00 1.526533178878404451e+00 -2.046850546650957448e+00
-4.551938703390989716e-02 -4.991388874146742705e-01 2.923402321777459623e-01
4.135614525226556926e-01 1.237442058649023541e-01 5.489633607654727937e-02
2.069900626367923713e-01 1.210312260886418634e-01 -6.156450467782416114e-01
-7.480375532349531342e-01 -1.269079031623406406e+00 6.946159807226434113e-01
-5.847220402027555330e-01 -7.733131210954067303e-01 -2.320018018176686070e-01
1.261867894664894685e+00 2.431650428039311418e+00 -2.161079720690962436e+00
-6.710556368177967856e-01 -2.951454334638217714e-01 -7.752499533498055095e-01
9.507806581465516604e-01 -8.177474835188245361e-01 -9.096678057172425946e-01
1.568480068062285127e-01 -6.801939596538023047e-02 3.279427056786222705e-01
-1.990646654678380756e-01 -3.126016895982300370e-01 -3.283476168763021508e-01
1.126107841049586611e+00 -1.332747207602017481e-01 -1.645016756071846942e+00
1.294669970736809006e+00 1.862215615335540697e-01 3.037814347544237070e-01
8.967174242701592135e-01 -1.044034642123968348e+00 9.980875281411183408e-01
-6.382752645809907088e-01 -2.640164956601309329e-02 -5.200878054589416211e-01
-6.799031488095745868e-01 -1.621960854611615224e-02 4.449506688695476636e-02
-2.506802391594370683e+00 -2.367980282155509819e+00 -1.271918587135989487e+00
-4.007888890420570616e-01 6.793962333434093726e-01 -3.423867335042441784e+00
-3.707869421367541718e-01 -4.358339434763617848e-01 5.906529806069180655e-01
1.179114928250964978e+00 -3.216602232596130987e-03 -3.268132426963609172e-01
-3.042359145845027757e-01 -7.667694491236934917e-01 3.374261580312634679e-01
1.092474674185578420e+00 -2.960395783955394738e-02 -6.107689586088430600e-01
1.480577338483883565e-01 9.257039415486879586e-01 1.352730066673258624e-01
-3.947129405327358120e-01 -7.330415305248583202e-01 7.307370125808518857e-01
-7.236634645749226991e-01 -7.381575309382303329e-01 8.909406618600880512e-02
3.368618618619759753e-01 -1.226160721038014989e+00 7.085127262994803665e-01
7.917994019212992729e-01 3.424989482560428788e-01 -1.056255502854395317e-01
-2.103800311012710367e+00 6.586816204712278022e-01 1.283367197506895208e+00
-5.967069521034723545e-01 -9.920758852917876958e-01 -1.286970534474544403e-01
6.931944462261165896e-01 -1.691824720965884543e+00 1.841329202664461651e+00
-1.000962281375778140e+00 5.699385394269561589e-01 2.510230277763398909e+00
5.246302280308929866e+00 -7.841913815043136005e+00 -9.234652210240920311e+00
1.400723808333331100e+00 8.833456801796826796e-02 -1.965549186214405442e+00
2.066242161338967431e+00 -1.508653447761334476e+00 1.705481138403914354e+00
-4.649694280774198107e-01 -2.477471388995183266e-01 -2.367332443252346819e-01
-2.849675214205099061e-01 -8.381641210476564741e-01 2.806088870937079260e+00
5.958140260512877484e-01 1.025232034869978381e+00 2.111142090574239294e+00
-2.176163251578506763e-01 -9.245855398360270927e-01 1.468739780095590364e-01
-1.618177204806836023e-01 2.751903285032263891e-01 -7.366656742663090229e-01
-5.950800339980840681e-01 6.176979010852169383e-01 2.567714749577943573e-02
-7.728262525172784336e-01 -4.307713210400247045e-02 1.855875278447760124e+00
-3.660737636661183791e-01 2.037456169678575069e-01 1.004061639593101019e+00
2.839046243773155065e-01 -6.161778628174260364e-01 3.378474541436163325e-01
5.803493631014056131e-01 -8.388424069197526478e-01 2.120992261954406100e-01
-1.316957458394359515e+00 6.930927890422513560e-01 -1.984942184963222278e+00
3.805249788713491732e-01 -1.134133748947557141e+00 3.009669337960489410e-01
1.035493588040650899e-02 -1.639246901086293118e-01 5.447460559448714656e-01
1.857496079351309115e+00 5.627806770066186015e-01 -1.290000123602634163e+00
1.910135684839405767e-01 -7.271635724593759065e-01 6.314416220135679048e-01
-1.082011394996331255e+00 1.805409578276687466e+00 7.224912846466270411e-01
-4.110630114031332827e-01 -3.282906576612740768e-01 -5.757591948885476540e-01
6.601953149993994296e-01 8.591004851928526476e-01 -6.452648740537205718e-01
-8.887855897265074523e-01 -6.385381525938451652e-01 3.933977200467351221e-01
7.068875252314866797e-01 -8.506997498125611346e-01 5.268139352465202041e-01
2.697669717831985836e-01 -2.482086981597829978e-01 8.538239418755727561e-01
1.145892728891504619e+00 1.082193485575615899e+00 5.904241046068520182e-01
1.482537216456363938e+00 -1.272498748385715930e-02 4.481098783942930042e-01
-1.657257496920818474e+00 6.261568209833834331e-01 -4.066323864849323844e-01
-3.517728434716789199e-01 -1.235252177301686904e+00 -1.729816444249849594e+00
-7.897737244420551805e-01 -2.723882404656254863e-01 8.012414661983547903e-01
3.244612114497468447e+00 -1.855174848420945710e-01 -1.064884486477431835e+00
-8.780839873989026989e-02 -9.386627196684685925e-01 -4.669286882547662443e-01
9.160317206771657617e-01 -7.243518068843654012e-01 -1.041058707486120817e-02
-9.139989080728994075e-02 8.300150336613152380e-01 -5.999598579397376064e-01
1.293187857675553720e-01 -3.610439837841870891e-02 2.032449954995265151e-01
9.641893447529065186e-02 -4.996098632651336802e-01 -5.096880612875189787e-01
6.314160083404033452e-01 4.179623238472914837e-01 -4.439161663231644961e-01
-3.735462058410641273e-01 4.821368719808027774e-03 4.853834728841617263e-01
-2.363884577389851194e-01 1.977472583407500484e-01 -1.563159692592824834e-01
-5.681456949122418859e-02 1.215571943751039274e-01 9.299893601697269974e-01
1.221080440405098333e+00 -1.096490325929240645e-01 -3.117154239451022768e+00
2.701314925008769241e-01 -5.576746353065450412e-01 3.195905340611326917e-01
1.352126758558517550e-01 7.083351272590523440e-01 -3.757887346250652350e-01
4.672380175636385302e-01 5.297144362278231183e-02 9.472764883126362223e-01
1.150769440898975704e+00 -5.570998002901276364e-02 1.845538947302667043e-01
-4.120624266132856817e-01 1.066308233488601154e+00 3.562329315352417147e-01
7.007956535372125151e-01 -1.081221928683586020e+00 2.343475460612371580e-02
4.246138440843272299e-01 1.098396420982228561e+00 7.283966127744246899e-01
-4.018750085791635007e-02 -1.792064192205880202e+00 3.221560195789143211e-01
3.976010619150354142e+00 -3.001935385280481428e-01 1.635823380455977694e-01
-1.151406494167628747e+00 -1.751671435514977837e+00 8.178514287581797326e-01
6.942683649255358969e-01 -3.713524460240534841e-01 4.073688663084910622e-01
5.247724319702649215e-02 2.899011830796007216e-01 8.721338975027639329e-01
-2.116008938141018092e+00 -5.042478556375060705e+00 -3.629198293323107283e+00
-4.741649181037593808e-02 -2.230648680604793432e-01 -4.964626930502136215e-02
-2.960789705584929710e-01 -2.126608489362656063e-01 -2.169466298424414102e-02
-2.398279167703344372e-01 4.587867573659680787e-01 1.348539155792187749e-01
-4.509230898535743770e-01 -3.570118801463280367e-02 1.407465689664771258e+00
5.028679316966446627e-02 -1.046463358984413672e+00 2.983466228892555638e-01
-6.157977976708972623e-01 -7.588170439409954726e-01 -5.221527588303186834e-02
-5.617771984802010232e-01 -5.358250882622660471e-01 4.474371139357120053e-01
7.655845126389911881e-01 2.407173340755501822e-01 1.170573965815593587e+00
-1.646336817133866037e-01 -3.408608384992866669e-01 -1.114596573728484197e+00
-3.691529904457904743e-01 -3.153032546594684571e-01 -5.033918118532417635e-02
-7.462677729090201433e-03 8.126480947091617099e-03 -5.476018065940997381e-01
-7.839394465394557976e-01 -2.224317312955993720e-02 -4.230731503005039779e-02
-6.052499954062350307e-01 -1.380264651155522326e+00 -1.502012724221101880e+00
-1.180361327311165942e+00 9.129220399741549974e-01 3.390493240717131762e-01
4.066474979327179828e-01 7.287189869196556424e-01 -9.117247930566155234e-02
-2.679026362058293809e-01 -1.461688218389380622e-01 -1.203228790666111964e-01
-7.955727217615299329e-01 7.148769732486990325e-01 -4.957110346319156674e-02
-7.958324190253973640e-01 1.760049548583623391e+00 8.506876541869859976e-01
4.204147799583349276e-01 -1.575105570621088413e-01 -2.995796644764865402e-01
1.787932393589890534e+00 -2.485780839285954835e-01 4.912848452073046435e-01
6.791615644836952459e-01 2.577265861217345466e-01 1.092476353589068028e-01
9.379649928036120077e-01 1.341025516629139824e+00 1.833316403646131132e+00
8.798828595000885988e-01 1.900857774093046126e+00 1.983536083359509483e-01
7.639227921928608556e-01 1.146012491466517735e+00 -3.852733360399400731e-01
3.082147620404506738e-01 4.787640013935568484e-01 7.293521715369054581e-01
-1.441166839216891926e+00 6.496261241038981948e-01 1.981123168411288993e-01
-6.387713055309766075e-01 -8.982536205984190669e-01 2.352572470046786213e-02
-1.335663867772869162e+00 7.123169394610635585e-01 5.340913636400514974e-01
-3.215953429485809423e+00 2.248748289039129489e+00 -1.570146356638210339e+00
2.553835348652587101e+00 -2.337818830076477283e+00 1.637919256190114359e+00
-2.349146553410531024e-01 -7.951420646039588647e-01 -1.007616303498982818e-01
3.874127515845341985e-01 4.347870828780464048e-01 2.382853549213636846e-01
3.011236470169267321e-01 2.641550736828740531e-01 -7.041550238949044749e-01
1.807217505194407547e-01 7.753447439037261524e-02 -5.609135517810317495e-01
4.182941024015747189e-01 4.962946224231377657e-01 -2.138661147098389892e-01
8.365082364750564548e-01 -2.590565231549903480e+00 -3.127572969611697395e+00
1.312511584261325526e+00 1.383663654664699205e+00 -6.612268581634168640e-01
1.904236504366183080e+00 9.547279438470822610e-01 -1.333535016377776605e+00
3.369692322201425227e-01 6.909421826716342085e-01 8.156495698627085345e-01
-8.433431392321669717e-01 -2.984092569338570033e-01 -1.136766586226862330e+00
1.209493284187460826e+00 4.847559339696109193e-01 -3.383034570035258759e-01
3.505188190167307094e-01 1.897350666780021899e-02 2.894422877033488439e-01
3.382262197780379065e-01 -1.166677925982681829e+00 -8.474976351329841506e-01
-2.028700065559826127e-01 -4.523324258779457679e-02 -5.128792386887065513e-01
-1.470595620289108785e-01 -6.954317479891802822e-01 -4.462258049294001716e-02
8.963029412350967950e-01 1.584120515461088008e+00 5.102791993254168768e-01
-1.687570440269886562e+00 -1.159972173691017350e+00 -1.479152361004035354e+00
-1.353511579874601800e+00 1.259359081437880556e+00 -7.700959681596840634e-01
1.209498237869108955e-01 -7.134985405204457010e-01 4.393234038370976147e-01
1.032430244664274799e+00 -2.487576415469220370e-01 1.913501374527451782e-01
-1.141953766697632461e-01 1.147911417325214067e+00 -4.922139440231226848e-01
1.031195229215847942e+00 4.146703244033062563e-01 -3.333495440633614804e-01
2.092710829296877684e-01 -1.314117988841907170e-01 -1.187148936759434004e-01
1.499463956542808063e-01 -9.757492217138506729e-02 1.160436539971464898e+00
-1.314972690003398947e-01 -7.178096578340275036e-01 -6.700173105463050893e-01
1.026954182211301303e+00 -7.174627046072818981e-01 3.238329597848169095e-02
-6.259757762402731185e-01 1.798575149565696807e-01 9.107829619714576941e-01
5.616128544644245491e-01 2.165984840981587112e-01 -5.375109383993901258e-01
-7.108662451731093679e-01 4.146555164863180987e-01 1.038338102453852718e+00
1.859346698540039478e-01 -9.009130681423498099e-02 2.802851320097160537e-01
9.519192007466740213e-01 1.407553061766570190e-01 2.813125442845263446e-01
7.245910777123999447e-01 -1.608431074600456201e+00 4.087645240871051744e-01
1.397555232184268581e+00 -2.511325358907507410e-01 -1.349021216878216967e+00
8.275404610997901811e-01 3.901962604274604729e-01 3.712962577480581894e-01
-4.096268581141371268e-01 4.476994459715800678e-01 -8.400734055885401563e-01
9.593182153031010184e-01 -1.321819343079861042e+00 -2.092370002314589250e+00
-1.770362903937817700e-01 -4.331391801723372681e-01 -1.091536554031361295e+00
7.954587165003081939e-01 -7.369013240382668584e-02 -2.086675826753409346e+00
5.466652420720174987e+00 8.338685599328165665e+00 -5.805933408304741583e+00
4.983370510853377122e-01 -1.035692345078826015e+00 5.283408206524244921e-01
1.701729923847413062e+01 4.507170728389839454e+00 -6.563094109421379940e+00
-3.398893548896513711e-02 1.313679618446165764e-01 8.333275755021976594e-02
-8.965747649579978162e-01 -3.625809091038142418e-01 2.392005777468582117e-01
4.278789933823112790e-01 2.029560091336864991e-01 -1.945702019424544182e-01
-2.340755426269611889e-02 4.033680334545948765e-01 -4.793581453408605753e-01
-5.993477870761678705e-01 1.034591606589350565e+00 7.612480473640357292e-01
-5.182777728448374477e-01 1.770724687237158923e+00 4.577598661510591249e-01
6.792360513798268995e-01 -2.262249750396021497e-01 -8.829219905119823908e-01
-1.047129608445204418e+00 2.109106155462825150e-01 -4.595080355128665361e-02
3.458690899133626817e-01 -4.172918201738590530e-03 -3.441331149841093118e-01
-2.021505262888924292e+00 1.609046382963793320e+00 3.868967630386574541e+00
3.599849476249550317e-01 1.013655670949504373e+00 3.050394168578065557e+00
1.899477779378271752e-02 -5.029457216904564820e-01 -4.039564109665317870e-01
-6.131365818822590574e-01 -6.783440466564677473e-01 7.127596789417951495e-01
4.562338423256013797e-01 -5.845787024941584420e-01 4.419484612716443328e-01
1.835214487232612601e-01 -3.478922654171258122e-01 -5.704159122490697342e-01
2.786723743422865329e-01 -1.020771715170819105e+00 2.874380975581917186e-01
-7.740602657803534736e-01 -2.413036984385501960e+00 1.095142278884364107e+00
-9.207935683636316385e-03 1.436338608502122138e+00 -9.451002428645307596e-01
-1.617758426811409800e-01 -2.013011314420443953e-01 1.553027859442315528e-01
7.887721625380778034e-02 6.837928922121131459e-01 6.012319391333418306e-01
-9.944043500548641057e-02 3.237262956771261302e-01 -7.532575862786633492e-02
-3.949971281980509397e-01 1.578862624357580291e+00 5.558609169946723050e+00
-4.342186597098304235e-01 -7.097963882025583038e-01 -2.860763994637230967e-01
2.066995152428022231e-01 -5.096926836088748747e-01 2.500823715170146788e-01
-1.633759063210312057e+00 5.024521864162919682e-01 1.024832749247824193e+00
4.497555864280912696e-01 -2.797501236544519630e-03 8.463564387574019632e-01
2.686707693546697695e-01 -5.986731740140078806e-01 -9.102656925793826785e-04
5.039273483404019260e-02 5.902658619897952486e-01 -6.014139963312037374e-01
1.247388993446756134e+00 3.987886457026961623e-02 -4.814796470483072577e-01
6.562281582796168911e-01 3.534289081051476215e-03 -8.158757502284964824e-02
5.312654818190971628e-01 -4.959522802767528660e-01 -3.402268161126358881e-01
-4.603637548206965940e-02 -4.335813341112962349e-01 2.975630903231545332e-01
5.754261113209280243e-02 -9.253549490466682625e-01 -6.072354398548560628e-01
-1.656296582539143802e+00 2.577088263810138891e+00 -1.702115269549609566e+00
8.295470772327627751e-01 -4.171566864477319059e-01 -4.848304814579020849e-01
6.224672417587900908e-01 8.574643617078437918e-01 -4.028473952384020174e-01
7.716227845945317076e-01 1.703702470023222837e+00 2.032270715180848342e+00
4.253101800741086791e+00 -1.867498357462206604e+00 -1.548753186682984229e+00
9.185866506791643404e-01 9.720328966462827847e-01 -5.109848604638056457e-01
-1.217061868214440734e+00 1.185586217678214593e+00 7.727341727629128965e-01
-6.186389748947423994e-01 -6.306067889024803419e-01 3.757878866243991589e-01
-5.069206047179262292e-02 6.886783789630430697e-01 9.878172818937248634e-01
4.345546280452483034e-01 9.541142799352815562e-02 -4.042794725840646586e-01
-4.777073477271326141e+00 1.581761163158922567e+00 -1.307070806945461072e+00
7.757485854912586909e-01 2.670934594744668988e+00 -7.348436805865929955e-01
-4.505622621286635154e-01 -1.385005613167154426e+00 -6.042981910575884186e-02
-2.498357141994552444e-01 -1.375196751263331629e+00 4.566691465441163889e-01
-8.909644631480491128e-01 5.614592058763414120e-03 2.715207742561434601e-01
5.172228937962609630e-01 -3.773899505996213821e-01 1.377033408676655857e-01
-1.464858678976847406e+00 -1.829254271512858132e+00 6.754235092917665328e-01
1.366203378012888869e+01 -3.007994821932882257e+00 -1.034795894802312510e+01
5.835843361416079844e-01 -1.255320752925275229e+00 -1.487540596974535001e+00
1.554020436003769323e-01 8.095039673902127975e-01 -2.974440706982390825e-01
9.086937932392170902e-02 3.765538370477894414e-01 3.355627426789913326e-01
-4.866383093873978827e-01 -8.365712986396792727e-01 4.034368731113979201e-01
2.633806758647350144e-01 8.025452070408936600e-02 -1.205361064184181208e+00
-4.174540004025574236e-01 -1.343856185789338076e+00 5.211736396302538710e-01
1.858223133129639493e+00 4.437222748244300519e-01 1.337603977912596553e+00
-3.448059306067829954e-01 8.443539504885507752e-01 1.580232290824762631e-01
-4.687682891421064979e-01 5.197366738292093225e-02 -7.012825837119499583e-01
5.961837484585694735e-01 -1.655113815455084181e+00 5.695664925773947784e-01
-9.281415086662571368e-02 1.006080477696958270e-01 -2.541330511201914666e-01
-3.758578897316908196e-01 5.749475469912257442e-01 -4.332758101834010001e-01
-8.329417253026162316e-01 -1.451124296479505416e-01 4.485695902697393045e-01
-2.954783267965293003e-01 1.552828932207989343e+00 -3.438285726535370013e-02
2.736773738161399017e+00 -2.616812608477643298e+00 -1.334406934821827095e-01
-1.944795476171410631e-01 1.198234579054590493e-01 -6.159466968847070456e-01
8.563376697430851170e-01 -6.734770040577858774e-01 -9.762607593806621464e-01
1.634162032498616690e-01 4.148461323450135518e-01 -4.995890246416396230e-01
6.106554737095559737e-01 -6.537278521996968683e-01 -4.337575027207379863e-01
-4.639923514983458896e-01 2.034333570476208330e-01 2.329156599633540048e-01
8.666603646655159920e-01 -1.010835139174298819e-01 -1.477637900756883171e+00
-6.966569970084731667e-01 7.195988150170681275e-01 3.688272677058380133e-01
-1.204222136694016870e-01 6.325886000755863714e-01 -1.562408602457857065e-01
5.470612157849329416e-01 2.509401623222230482e-01 1.309471660194125864e-01
-1.421663621251363807e+00 2.023424556576536304e+00 4.458553809496843545e-01
-9.909751258785808037e-02 9.355142705034668049e-01 7.719432054147259414e-01
6.434388176186639496e-01 -4.772804673223193794e-01 -8.032343062022916369e-01
-7.261333863155667867e-01 -7.247105700814203688e-01 4.155603462215490262e-01
-1.570317668001611988e+00 -1.296644927010765613e+00 -1.183763140199549868e+00
8.732901494851694757e-01 -4.741263182451746494e-01 1.392040842417658464e+00
-6.602163549019993694e-01 7.560046250601413220e-01 1.207451310446441495e+00
-3.656599707408537125e-01 -3.238407559271033520e+00 -2.946473620182569864e+00
1.471714666312014641e+00 -2.817599604493109533e-01 4.306817465228785502e-01
-4.977049873577603645e-01 3.897398315744078912e-01 6.630746925692782012e-01
5.823809461514356522e-02 -7.065134955163075992e-01 -2.196423717197107939e-01
-5.875605906794272304e-01 -2.114128334378422736e+00 -4.577051149579681733e-01
1.069348628631653808e+00 -9.588601284048178242e-01 4.844735432979844769e-01
-5.097140309176420025e-01 -4.614822987954145250e-02 -8.331795533784019936e-01
7.326959214477746229e-01 -2.451689407918340891e+00 1.912020342833604392e-01
4.604869017041656187e-01 -6.007020868065757746e-01 4.491088646948761531e-01
-3.158273725881551641e+00 -4.396790986971262777e-02 8.908270199904385622e-01
-1.724975868413233804e-01 4.293155888997649550e-01 -9.338580924496747704e-02
2.995873173974936687e-01 -2.944924900033422666e-01 4.113360179188715882e-01
1.369940009466572128e+00 -1.502937850309738199e-01 -8.164725951494526957e-01
-1.173484491828901355e+00 9.018985486654166328e-01 1.879362039949171448e-01
3.627426640824348514e+00 1.975463160196170520e+00 1.960789197539355433e+00
-6.986021293501404328e-01 1.712483339167103769e-01 4.272788477103036109e-01
-1.937269517916171968e-01 7.456069373097803377e-01 -1.436339700956196896e+00
-7.810023512122135081e-01 -4.827295028694659346e-02 -2.613532278308120516e-01
8.582255602370498782e-01 -8.481296485616340863e-02 2.822249321005643741e-01
9.275603902537639112e-01 6.109199998744272442e-01 3.709148446149945766e+00
-2.355597725033125034e-01 -9.583494925937985354e-01 6.988057420588208446e-01
9.359665704550849119e-01 3.756100436849608704e-01 -2.074007435114564313e+00
-9.942949400261308357e-01 -1.874016874243472630e-01 -2.599712664665699169e+00
8.478992513405484432e-01 -1.245284294051314383e-01 -7.178741431290355246e-01
3.532612737135419623e-02 -9.154616218835707198e-01 8.408588553584377401e-01
-6.402403881818887754e-01 -1.161394568571439745e+00 1.203671999933746406e+00
6.471437512758648758e-01 -3.232471969784860288e-01 -5.957256532411517869e-01
-4.772298792673829171e-02 4.150676871480177277e-01 -6.873340207192180085e-02
-8.874582226586109623e-01 1.035404362454527938e+00 3.887740884344951242e-01
-1.121668328807048587e+00 7.861011240064185168e-01 -5.164665218312865930e-02
-1.595921214065125771e-01 6.349181663056877589e-01 8.944703167665530863e-01
1.118557688090093594e+00 -3.761486008717601859e+00 -1.292524089100317353e+00
-2.209120123499440869e+00 -1.310890926066161422e+00 -5.905950876272354488e-01
-2.844930607392987199e+00 -7.025365711596921470e-01 -1.259648705067334395e+00
-4.328094706253021173e-01 -2.600177608097434256e-01 1.021118493831239295e-02
1.237601641479973147e-01 -1.455397000765480398e+00 1.713204906935179572e+00
-2.344453903746013257e+00 4.034748908158396041e+00 5.375844474096052927e+00
5.873978036062651453e-01 2.306573769254384454e-01 9.455521788926232740e-02
6.895126840928633705e-01 -1.106972396394063501e-01 -9.846581645578456055e-02
4.924955535997862510e-01 -1.281138765464228946e-01 3.667604907473025894e-02
-1.554521427035784331e+00 -4.005146092626429066e+00 -6.612484170505764647e-01
-5.165131596656480362e-01 -4.203645568731315119e-02 2.075546906391221580e-01
-6.925917370832606057e-01 -4.957139599715092437e-01 1.144763362586250777e+00
4.985563242525551941e-01 2.881066500918446072e-01 -4.114411600192204310e-01
-2.584968644173714636e-01 -4.096961918610066977e-01 -2.667070028404308624e-01
-5.138128341178909153e-01 -8.668048959883681848e-01 -9.436657326916142452e-01
-3.713492042320461484e-01 -1.313976333353423787e-01 -6.168657886750601449e-01
-4.326723099912318515e-01 -1.437626389197795562e-01 -8.623127212134360509e-01
-1.116990713389409029e+00 5.117640082189630624e-01 -8.135592294389029644e-02
1.962388272851282034e+00 -7.361484011847716502e-01 -1.090399858232247832e+00
1.010621974116749033e+00 2.575113138922808242e-01 -1.659640305837795982e+00
-1.390441261746905077e+00 4.620239708918019716e-01 1.184391754238521277e-01
-2.428357554536486884e-01 -2.155662814006697181e-01 -1.204039402956931015e+00
-1.954656306520177189e-01 -4.872467162955457232e-01 -1.607989842041779027e-01
-1.032451420447706880e+00 9.095713142694503706e-01 1.036729790833314235e-01
-1.063910010877400641e-01 2.448222554530170292e-01 -4.201021687964432982e-01
-4.945461328629142672e-01 3.239645761603288654e-01 3.264515079872102876e-01
1.302194734563661971e+00 -9.809051194097365700e-01 8.397615312244847141e-01
1.138705846629375351e+00 -1.490029642078133820e+00 7.888776774386655477e-01
4.343678351941195892e-01 -4.750806853408033881e-01 -4.132508162914278471e-01
-1.141904063099413585e-01 -1.991556987602600137e-01 -7.331273934283035754e-01
-1.588174342039513354e+00 3.066159209735049296e-01 2.214971333163777978e-01
-7.450878910862746007e-01 -1.100026504807702643e-01 -1.186839325138702161e-01
-9.159158225162623568e-01 -2.421212431253177977e-01 -6.585053752723066256e-02
3.338338935173494337e-01 -4.060058904075367625e-01 7.674463424733581896e-01
1.018638966116421463e+00 8.734030910081462817e-01 -6.941363582969373169e-01
-3.609625086597901822e-01 1.353627223490587450e-01 -2.723296343453073670e-02
1.196096545769635755e+00 -3.851105485921910154e-01 1.449842643835804190e-01
-7.658740591164133749e-01 -5.945814784903787675e+00 -3.410770452230634575e+00
8.859663757058107159e-01 -5.778097847128693676e-01 2.220093103906797816e-01
-7.418308772932485917e-01 9.560756546606864470e-01 -6.845517753574313913e-01
6.114856982228609183e-01 -1.054690562272920573e+00 -1.308883279386388709e+00
1.426704791876147294e+00 -7.202913095212997163e-01 -8.794034476801138034e-01
1.344961547092920762e-01 -1.393686349963403348e+00 1.687853289408023594e+00
-6.398099791893259169e-01 -4.079062969147039808e-01 -4.442226106964764498e-01
6.568574087177066201e-02 -5.392657353109898688e-01 5.693716821086711177e-02
-3.473165124704944984e-01 2.409164370291053403e-01 -9.506056346693828596e-01
-8.719049914102808829e-01 -1.592759561854770745e-01 -1.601853274215937040e+00
1.455163518287860835e+00 -4.709811378773975932e-01 1.595224926052713821e+00
-1.245450260020503075e+00 -9.151991453545909039e-01 -1.597614695563994491e+00
2.379294300246189431e-01 1.047170536116656558e+00 8.125817627347649008e-01
-1.233137964941366932e-01 4.424718928362073589e-01 -7.217572449787648114e-01
2.784997951864495169e-01 5.249433334367415993e-01 -4.979092725832411359e-01
9.565392709588109443e-02 -6.721729005656716660e-02 6.044125615428224130e-01
6.614275331883724407e-01 2.814905018445669205e-01 1.855888251705931913e-01
-6.592213689074478689e-01 3.118462735433327748e-01 6.962599389345444090e-01
-8.354420700164527647e-01 -7.386107457265985721e-01 -1.826210950137047151e+00
3.838631480523284623e-01 -1.752012752531689060e-02 -7.124674156423330684e-01
9.589495906996116092e-01 1.128952821364503367e-01 4.296027932702681795e-01
-2.243401043881059653e+00 1.871510051014890097e+00 -5.607813987652254806e-01
-3.201099128934980498e-01 5.322017998984436282e-01 3.958891089006117969e-01
2.119109355768600711e+00 1.868881186638985392e-01 -2.540109080968327993e-01
1.206460631707628739e-01 9.405442093972211648e-01 -1.366839165023987723e+00
-1.053444305323071895e+01 1.859272037242423625e+00 1.615359430043666000e+00
-2.927062880630773023e-01 -8.416943427042129777e-02 -2.080840200351595226e-01
-5.705567207027268939e-01 -1.313208885095858314e+00 -1.171005790347086073e+00
9.425544541203940696e-01 1.113999977760051330e+00 1.050788695603181333e+00
-8.159825030593678141e-01 -7.597032523159826800e-01 -4.948480803981437082e-01
-1.410083056365102339e-01 5.970688784403884730e-01 -6.321496419821630575e-01
1.824999492503542597e-01 1.647107014043577733e+00 -1.155601132168123657e-01
-3.301855377753474041e+00 5.375597847383112304e-01 -1.222791578106546151e+00
-1.262236811258314662e+00 -1.528685917288223672e+00 -5.960756407716575334e-01
-1.693288600829562507e-01 1.585023005985882749e+00 -1.440504604616281263e-02
2.261217384741429193e+00 3.179407646765407547e-01 -2.818859104161459239e+00
2.840930455523042047e-02 1.180897298376924365e+00 -8.773506240596031791e-01
1.409588605957131369e-01 -1.320731306452405773e+00 2.780910674791819415e-01
-2.229142903044180613e-01 -3.613953467595206748e-01 -2.874863008928122965e-01
-9.364989751769685622e-01 1.207326169419609796e+00 -1.367520759407576003e+00
-6.820287455774532992e-01 -3.203753727904197213e-01 -3.351614424180709290e-02
5.636577294642279856e-01 -7.624185009771611288e-01 -6.762699342080291665e-01
2.030947401799526875e-01 -1.591986733643007967e-01 -4.346414661140732827e-01
4.236536848862597071e-01 -1.729547806528179521e+00 -6.113589505479690711e-01
-5.559196928989050823e-01 -1.202077816253883880e+00 -1.331509509637443800e-01
1.824088822050527192e-01 2.473742588052895985e-01 5.060943807606967937e-01
4.158965610025765480e-01 -6.879379865125320181e-01 7.246730803810444432e-02
1.045224505335073717e+00 -4.677024374522676942e-01 1.136411360192446152e+00
-7.424459379454226848e-01 5.154609500631412988e-01 5.890229071471881905e-01
2.010107145401076878e-01 -2.650878533941058435e-01 -3.550660443109491249e-01
2.961595146980131599e-01 3.762567870747196008e-01 7.126493460906415667e-01
-1.143590003541274380e-01 -1.183690735724237386e-01 8.494696566289274831e-01
4.066361826803784330e-01 -5.119543102061302475e-01 -9.958133675962137221e-02
2.053203363687004845e+00 4.377266980334598157e-01 -2.738110293995546396e+00
-5.662440420689908827e+00 -9.080698375982466430e+00 -3.686542248527675092e+00
-3.307644839656125879e-01 9.577436477265875991e-01 -2.226539487522269101e-01
-5.043406886045298521e-01 -1.078307674030103275e-01 -1.952025868555728183e-01
-2.450008452927916025e+00 2.512855314675080387e-01 -2.246249460312876867e+00
-1.473895142049591822e+00 -2.888135612015705345e+00 3.797759946394801744e+00
-4.412996504770702599e-01 2.358543384573644486e-01 7.304464943865942583e-01
1.243311375976673405e+00 -4.593562183214563444e-01 5.741335383821786209e-01
3.252862211963918893e-01 6.827729040748622413e-01 4.655580495377502626e-01
8.409759445929676502e-02 -3.484511001723537837e-02 -7.875456372803572025e-01
1.564260703830566257e+00 1.373025726163183968e+00 5.308951986224431235e-02
1.035732898484137410e+00 4.705747535846073748e-01 3.688331389761366208e-01
-1.031880379748745108e-01 -3.313516872329859142e-01 -2.547478124700476854e-01
-2.341285227084910048e+00 8.211350276982957164e-01 -1.944588792892555373e+00
-4.927473734543689338e-02 4.151669373369951677e-01 -6.289285549173745382e-01
-1.607589628686179051e+00 -2.597168949434929708e+00 6.524274374833685108e-01
9.761787183060190998e-01 7.748173465768001256e-01 -9.636148882585464648e-01
-5.629518306716310150e-01 -6.247709460268402459e-01 -3.448377850906382269e-01
1.727272221741565639e-01 -6.245822469744234384e-01 -1.019577948017381885e+00
-8.884283533165286961e-01 2.512020067085039443e+00 -6.659213927507353636e-01
-3.620428721695137519e-02 1.420457761057624668e-01 -2.022042988270502106e-01
1.778286656042547653e+00 4.830655082064960193e-01 1.116673488099080153e-01
5.373417639990526323e-02 1.172298069204035648e-01 6.609734696921674146e-01
3.347282708164222437e-02 -6.286377922052163170e-01 2.723954685385081009e-01
2.567263933901802256e-02 -3.473700335735610545e-01 -1.818117228806561403e-01
-2.649792222338331893e+00 2.160072252836359397e+00 1.217608193980564413e-01
6.562870316038064145e-01 1.497552889243009444e+00 8.262125841551259953e-01
-4.975104513721846367e-01 2.675756097668710587e-01 1.398224500655877722e-01
-3.391547453011239388e-01 1.224833548895280622e+00 -4.289184412615552944e+00
-8.946423477332778873e+00 4.737849425659449665e+00 -9.394007957204025816e-01
9.344249065900870344e-01 -9.876364057610949043e-01 -5.585100009138652677e-01
8.202980069716220984e-03 -6.974620368499103717e-01 4.243106064285069867e-01
6.790959936501044680e+00 1.935739165545404372e+00 -5.016217682560273339e+00
3.754152478471027843e-01 6.986562897869662558e-01 1.862022881928492746e+00
6.065522105834408872e-01 5.565033930116841665e-01 -2.874431144469066224e-01
-1.263831438969790222e+00 -6.254586590700744742e-02 2.247521546374920132e-01
-2.177111389347942350e+00 2.471258458071759812e+00 -5.032504560007220462e-01
1.317497780279511532e-01 -1.192918691238123718e-01 -2.545761350310489224e-01
-1.629400364841290805e-01 -1.422198837749529821e-01 -3.550563386312057812e-01
-2.432205648944783249e-01 -9.628868139892608757e-02 -4.413538888313832675e-01
2.888570125489793583e-02 9.623342249318124209e-01 2.734201875385777192e-01
-1.350365648234095051e-01 1.006268986368449581e-01 3.765291048060286916e-01
2.024848641772241553e+00 -1.199791142493780161e+00 8.958614887243235847e-01
-5.374028975860423163e-01 -1.266590497450511110e+00 -1.565932937874531028e+00
-4.944316778109430488e-01 -6.015666400065576847e-01 -6.745305527716511929e-01
1.374177515413019801e+00 6.576937341976486495e-01 -3.777576208174652228e-01
4.931879974152173496e-01 -7.191357261539922385e-01 -7.216093886324201900e-01
1.021743526022034568e-02 3.324564289399303263e-01 1.764238070234892541e-01
-8.360020730967537839e-01 3.607674072753867534e-01 -4.631671769659942428e-01
-9.832102347017577237e-01 1.741266171749912550e-01 4.968346891938772436e-01
1.547483519528321638e+00 1.557595540958718050e-01 7.477317154428767543e-01
-4.981063475152088665e-02 4.804724489683694366e-01 -2.175937479024533105e-01
-3.366757528301428604e+00 1.872208310260251363e+00 -2.782750728498744053e+00
1.406718834524409711e-01 -1.427066562676680972e-01 -2.642573873060510614e+00
7.158036314670863653e-01 5.655085878734754656e-01 -1.705733232006658717e+00
1.108200997388675946e+00 -3.065713353579568312e-01 -4.502621071405937259e-01
-1.054733292585996018e+00 -7.422154893299436063e-02 -5.926513140472526864e-01
-4.366883425469628710e-01 1.723751860408314851e+00 1.512794674368901582e+00
-1.837001243097997893e-01 -5.687705961275225874e+00 5.904233356955418399e-01
4.708034139749304736e-01 -5.082593308840260837e-01 -4.395862496574822198e-01
1.665045930481317882e+00 6.770030383463888635e-01 -2.225619727392662117e+00
-1.082039368436442883e+00 3.198999264814596510e-01 -2.642889719182289210e-01
-1.658648803493258495e+00 6.889715029531060519e-01 -1.751306650387398856e+00
6.094270668043912098e-02 1.902155922014976963e-01 2.669954292930311335e-02
2.673820704137739757e+00 -3.971230118433200840e+00 -3.248031193371825776e+00
-1.623667263479251222e-01 -6.506725671980329029e-01 -1.136072299553682469e-01
-8.777135265930932628e-02 -6.485701149629430340e-01 1.613409708499994599e-01
-2.415191735771422821e-01 -2.661771806247402172e-01 8.277488685021847648e-01
-5.123404355310243879e-02 -1.277470705734102374e+00 1.081813189339766668e+00
4.347057853482557133e-01 2.109250201733986252e+00 -3.950497293094581419e-01
-9.087170570983749140e-01 -6.884564093725068501e-01 6.471680746317342026e-01
8.831909294120463549e-01 -5.811171309101706983e-01 1.209162899339810249e+00
-2.499201878214878936e-01 -3.280206342270484132e+00 -2.379890852108014876e+00
5.618490073960200754e-02 -2.023591842488281778e-01 4.375402378709419837e-02
3.601003510507627681e-01 -2.775784547645316347e-01 4.938198643614320482e-01
-4.781870390048031383e-01 8.361391602259402589e-01 -3.566703050864259983e-01
-5.148914734521126135e-01 -1.463574667393150230e+00 6.892126785744693285e-01
-3.582320711761814436e-01 1.020827125339740654e-01 -1.038934241766935607e+00
4.443839042377033532e-01 9.102594056278293100e-03 1.203346111932473150e-01
-1.999865723826588448e+00 7.482857590743391407e-01 2.218982105567448571e-01
-5.534042016337979882e-03 1.405595138506654518e-01 -2.210296440957284780e-01
-1.421596735739690143e+00 -3.785288911554287594e-01 -2.950471561622951960e-02
-3.673933673073217498e+00 -2.441313535817291491e+00 2.435819467910977476e+00
-2.448065878455605304e-01 2.250052465736908924e-01 -4.069687764646803818e-01
7.212621308128520647e-01 2.849227828821962460e-01 3.299819004431617936e-02
1.201522729376520493e+00 -2.191370093823102050e-01 1.541209603669728700e+00
3.408443288439299557e-01 -2.715894734622932849e-01 2.232607603882976743e-01
8.431616468640356077e-01 1.490341268170539413e-01 -1.220543464610492901e-01
1.952416298891717916e-01 2.761844809052525385e+00 -2.168455001360624634e-01
4.976582350643912744e-01 3.468206538099649627e-01 -3.427499368346905717e-01
-9.027066054140392426e-01 -1.837241261596060105e-01 -8.807475085607480159e-01
-3.892017992204774846e-01 7.369517430201578678e-01 -1.934681163628929612e-01
-2.737495681194813679e-01 1.823115665771718463e-01 2.338110192325027481e-01
6.863982505314446536e-01 -1.491342323356510853e-02 -2.085659390471726216e+00
1.144506442707958538e+00 4.425511412148283585e-01 2.034108743437878786e-01
1.992527195946509400e+00 1.111794531980156542e+00 5.827782966454022606e-01
6.031971465162329071e-01 6.827292479460854713e-01 -1.655215373050500594e+00
2.212331616844042947e-01 7.153013058140637037e-01 -2.442839667345496069e-01
-3.254405828623777808e+00 -6.708143878434298379e-01 -1.149791237345830330e+00
4.122674512641191780e-01 -1.002062178067121695e-01 1.006792730196300889e+00
9.112710186575909144e-02 -9.074299558348540573e-02 2.477883509056626882e-02
-2.540695131513842631e-01 8.401594822395543893e-01 1.270227860846796508e+00
1.828957287456969505e+00 -2.513652732078022201e+00 9.570776012226944740e-01
1.345747401802705134e+00 -1.244758527803111692e+00 5.877348154789162615e-01
-2.183091909444863921e-01 -4.239986082071684481e-01 -4.921969551438272195e-01
-3.209083465116429945e+00 -1.173405858679324787e+01 -6.807372939955784297e+00
2.287955940410817401e-01 5.403522747510591806e-01 1.003693866626795272e-01
-7.382178765857805303e-02 5.782120473678543648e-01 9.974420141517947869e-03
-9.158851227705009368e-01 6.881484216907844953e-01 -1.118903528406476555e+00
-3.920620307297202345e-01 -1.845586213145436749e-01 -1.340757220713071074e-01
8.235737969697018990e-01 -3.878705697652818363e-01 -3.697951695917656711e-01
-3.059355092922471098e-01 1.217008552091740636e-01 -1.902185090960622160e+00
6.770685868378335526e-01 6.524900026512304718e-01 1.211427109299953786e+00
-6.319646290163986047e-01 1.153542002377086373e+00 2.944500362635504853e+00
3.949573408596021462e+00 -9.232614823797556269e+00 -9.384795300957980757e+00
5.638034114702848987e-01 6.267592472742102849e-01 -1.176733935611300463e+00
2.844620152940715130e+00 4.754055295308540208e-01 1.525812690843802555e+00
-5.001266073683707791e-02 -3.826958295969498658e-01 -1.374634049985322903e+00
-7.080637437752981267e-01 -6.058295249252380055e-01 -6.797229174695180731e-01
-6.299950613332899740e-01 -3.808478662433429363e-01 8.787005577963197256e-02
4.089722059244164654e-01 1.085416803162902177e-01 3.102018253680398185e+00
-4.069342392026428779e-01 5.873517550588994718e-01 -1.217958671118589686e+00
2.819825759783145980e+00 1.589465268674987719e+00 -2.334523139184237372e+00
-2.039282843298941383e+00 9.764587228669802110e-01 -8.631145090561019584e-02
1.177608856054892961e+00 -2.106883302976896716e-02 -1.109966418612313266e+00
6.602966353475721029e-01 -1.876000867210115552e-01 -5.134443491830862349e-01
1.279815316734198571e-01 5.622137292007322040e-01 6.466396003003704873e-01
-1.231586995626449355e+00 -2.016862720126813446e+00 1.654143656905397330e+00
-1.797562343539462537e+00 -9.829580004320899178e-01 -1.907311757837982791e-01
-1.013788476330424571e+00 -2.712921689495513267e-01 3.774002974216282835e-01
8.507912974257901828e-01 -4.589234789501664413e-01 -1.811123029061960654e-01
3.038491323880372352e-01 -8.696157890737009621e-01 -7.606212720690016527e-01
-3.603738520522155930e+00 7.362218786563472506e+00 5.397175130293171419e-01
-5.303973143259907985e-01 2.306294802167717928e-01 -9.531718642338778968e-01
-6.417390200868026140e-01 -5.826008955912219678e-01 -3.191499528774684458e-01
-3.890984441429974350e-01 -9.194735349295988236e-01 9.022854458179681014e-01
3.136974014528007282e-01 -7.273116105035155599e-01 -2.659190878262769897e-01
4.344438536662249550e-01 -1.259692371219748530e+00 4.233621788184653290e-01
5.307807461302884583e-02 9.472319710835592765e-01 -8.758994785735372268e-01
-1.792353719251597255e+00 1.345457995424557129e-01 -1.934366360117423800e-01
-1.737415072602627175e-01 -9.076777048189129671e-01 6.714163549901629446e-01
1.130058173596436344e+00 8.126406853498259197e-01 1.029091606598949715e+00
5.020230869207550212e-02 7.151285825634454696e-01 -4.299790201660239619e-01
4.593255256603322678e+00 5.660321867446874933e+00 -3.198435575831708011e+00
-1.031026086565777877e+00 2.155814985097638914e+00 -3.941189235901219612e-01
-1.667255351853819123e-02 1.109334305548599769e-01 -3.257708305789402403e-01
2.411185057500500606e-01 1.516020098323551668e-01 -1.380909041095413903e-01
2.759752993789608144e-01 2.233122233552823077e-01 3.754018272359030961e-01
6.173934970018669921e-02 5.827560236132924704e-02 -2.781982931519010327e-01
3.522824620725682476e-01 -6.291721222560135995e-01 2.333407995926887191e-01
-2.953211952809065011e-01 5.452259404067516524e-01 -6.153145858969441551e-02
1.481278840054267021e-01 1.811343525823549128e-01 -3.947204827908898372e-01
1.495281080519927364e-01 4.811127992914793206e-01 1.055186834740743651e-01
3.258715253595781958e-01 -1.493666080821816067e-01 3.806590617876025040e-01
-1.123586122548579508e-01 9.592946952643001401e-02 -1.421336665434667079e-01
2.953584407015124036e-01 8.716473677453925872e-02 -3.705054995891350345e-01
-2.397623346501109309e-01 -1.065380828014165643e-01 -1.315897640023741266e-01
-1.314983445793696006e-02 3.185752804036422886e-02 -2.614771170447980353e-01
-3.944518319632749903e-01 -4.560257650183109912e-01 1.945627056187061721e-01
-1.719750386361329209e-01 -3.475733555404124375e-02 1.772731532902715734e-01
8.395168319539514368e-02 -6.291313132283717080e-02 1.348646464207369465e-02
-4.373551245606049909e-02 3.631009300349542501e-01 -4.597910654177099835e-03
6.155389394138814918e-01 4.509975631227357284e-02 2.837725308021217807e-01
-5.088526247025799698e-01 2.439502226322812495e-01 -1.942804370332579245e-01
1.200567355422447330e-01 -2.081362969699687426e-01 2.219458630925950360e-01
-2.280401943520220520e-01 1.857795139682172636e-01 -5.465884892334239575e-01
4.579744926674650940e-01 3.789723477701014698e-01 3.752622265405758384e-01
-2.144013642715800194e-01 1.135408491924370517e-01 1.876515546282053193e-01
-6.535106302387044819e-01 1.731561834176197079e-01 -1.950399157801426253e-01
-2.556797140542315661e-01 7.471471315290340032e-02 -3.652671275102973292e-01
5.053238873776766393e-01 2.821597466773409849e-02 -6.045044097970971864e-01
-6.027384206072122774e-02 5.096838520984806054e-02 3.954088038313570141e-01
9.306440311776931207e-02 -3.287721891976966293e-01 5.003742547837210231e-02
4.470857332254475902e-01 1.733980100388847825e-02 2.010387818772138291e-01
3.276310477912978136e-01 1.709117534161396501e-01 -4.976766347589550721e-02
-5.243668478101796981e-02 -1.333052065441499012e-01 2.952861444350931008e-01
2.571000194540878914e-01 7.884897069970147054e-01 1.305877733750602510e-01
1.292795633030681124e-01 -1.957769812484692062e-01 7.401003824996632563e-02
-6.563144715351133807e-02 -5.823311889608907554e-01 5.131244482691033060e-01
2.128441470669817370e-01 -5.575393801076737599e-02 -2.966325492522466079e-02
-1.373854521926158867e-01 -1.368291772119074601e-01 -2.345023206004795135e-01
4.536032492183408177e-02 -1.359025320240502266e-01 -3.195243401920168647e-01
4.527027925202248282e-01 3.915800194798730871e-01 -3.136895705260637213e-01
-1.275182987876673779e-01 1.011434814816741801e-01 -5.162128432230577157e-01
3.094876317337053040e-01 3.980418288114941361e-01 4.687202856155728292e-02
-5.848019565191336921e-02 -1.801228153928446374e-01 -3.364296657044056338e-01
-2.436325696145618946e-01 5.947801728526622839e-02 -4.744631083024155593e-01
-3.822325217821523347e-01 -2.470317724601750475e-01 -2.535907473410544677e-01
3.172023909683815979e-02 -6.878412499864140495e-01 7.495574203065057117e-02
-2.458157306472000606e-02 1.200590658989645655e-02 -2.442770966061121873e-01
-8.604209046293447016e-02 -1.744589092533668229e-01 1.114396611428638828e-01
-1.165810020666498276e-01 2.833254739414490242e-01 -4.095992875796919952e-01
1.643753141030751541e-01 1.943949427170503508e-01 2.782227996726624464e-02
2.241595164274988727e-01 -1.694778150828599450e-01 -4.940870055223857693e-01
6.543576005851968469e-02 -5.040337759582292909e-01 8.271877868029356429e-02
1.970721919569362601e-01 -2.234696275113011998e-01 -3.229001718490234207e-01
-2.810162755058798201e-01 -2.091247898907661606e-01 -1.783485709556448806e-01
-1.311484075088539536e-01 3.284890166642409626e-02 -1.581510130839939299e-01
-4.101567141821435003e-01 -5.507935486905988220e-01 3.918326904531715948e-01
3.198876123329835730e-01 5.431597090519180854e-02 2.436579768641953803e-01
-1.335951840701256887e-01 1.032182708224873473e-03 -2.046770957166790805e-01
-4.463384642888217901e-01 1.093080205847848513e-01 1.180342967128803766e-01
-4.190399101865919240e-01 -3.837113242110883338e-01 1.613402888010783964e-01
2.696170159086264118e-01 -2.528096547367447711e-01 -1.771814953633591982e-01
2.748606191651609687e-01 6.673413964214585103e-01 -5.629208475047284624e-04
-2.138576802462276716e-01 8.110648316285237747e-02 -1.733707908959197103e-02
6.508928814023100529e-01 2.687528443464653471e-01 -3.233162969759348360e-01
-3.415821003205052331e-01 -1.401528403768540765e-01 -6.968619994403054685e-01
-6.519814406121032802e-01 5.354028219192794591e-01 2.452312594819381908e-01
-2.131807867466303449e-02 -2.830830750700605997e-02 -4.522155812170216560e-01
-2.262135068567991680e-01 1.495762989240085605e-01 -3.776713493731788107e-01
2.670359548351085577e-01 -4.591967853858795051e-02 5.959346413082523553e-01
1.877859041035037646e-01 2.554473856112234320e-01 4.574172470481938091e-01
1.517434910534822823e-01 7.695105974916610636e-01 1.946966296069311542e-01
-3.641789774569857974e-01 -5.901625365729248340e-01 1.010807620239018156e-01
3.389961812796355584e-02 1.314602166002882058e-02 4.918114381867108031e-01
4.583565181884397682e-02 1.967327488910199651e-01 -5.565641707797477356e-01
-5.941777133120126203e-02 2.261747216611108280e-02 2.800058076562840781e-01
-4.174721158639351781e-01 2.539907257720745992e-01 -5.047779192506742646e-02
4.003513961487294437e-01 1.438855562463330906e-01 1.401391028311277931e-01
-2.835643398238809620e-01 -4.359847535983576994e-01 -6.387520984390556711e-01
2.176371058959938043e-01 -1.812260502948007113e-02 6.620903533672954817e-03
-3.074879907732003814e-01 1.737445300200301801e-01 2.960111527008529864e-01
-2.789565438669023845e-01 1.756622674563061703e-01 4.765178975788914029e-01
1.542344475101966039e-01 1.400617828126565489e-01 -1.092608578317926377e-01
-3.708313248669141138e-01 -4.611424204488346335e-01 3.508760197870864350e-01
-1.907060162376239820e-01 -2.423246535966246673e-01 3.164179843647899060e-01
9.284071890395391435e-02 -3.260619444807545952e-01 -1.404470285243964722e-01
8.902195000719897999e-02 -3.848499186330875399e-02 2.824583116883281342e-01
3.343563660600325921e-02 2.413654362756059990e-01 2.036579817033611073e-01
-1.043505355877022422e-01 6.180414461097250012e-01 -3.888175211395714648e-01
3.707837911379218698e-01 3.533750731622992830e-02 2.923276697811439950e-01
2.141928677372192391e-01 -2.090866160121232151e-02 5.761473477503313845e-01
1.097028806764746151e-01 8.159648683105735767e-02 1.998986102436973167e-01
5.941962677042110508e-02 -1.865049203174062864e-01 4.730922815216033195e-01
-1.340258497662643600e-01 5.310882080169553321e-01 2.644569297837989774e-02
1.613054726510096681e-01 -5.589079362799928008e-01 -2.431010679709801614e-01
-3.988828230383178464e-01 1.151974284799549275e-01 2.832972601984688477e-01
2.015007564333502477e-01 4.231759658155672121e-01 -2.140245114400213533e-01
2.590979870953125652e-01 1.340628494982544772e-01 9.102382433433163500e-02
-1.378993710176593390e-01 -2.266520941762009411e-01 -1.432277154709545308e-01
-1.598748382775000698e-01 -5.111688664728287756e-01 6.093034105594757888e-01
2.741845029789146126e-01 3.894059076674162290e-01 -4.404758805565326951e-01
-8.387586648922142063e-02 1.211921721157852710e-01 5.894650759826952635e-02
-1.088385724113371950e-01 6.066445579173124561e-03 5.360551031652208143e-02
-1.613743832253372312e-01 4.321894449393080817e-02 -4.598001961168175777e-02
-6.393134280530013980e-01 1.539275575809310181e-01 -3.175509920522635032e-01
6.183430269382662187e-02 4.096343143010998666e-01 -3.765328919969974653e-01
2.501957422691207175e-02 -1.766648384255782578e-01 4.032736067578958639e-01
6.608934134083946366e-02 1.471174561607295614e-03 -3.277394691636981161e-01
2.042539052509433073e-01 -1.480483896911561625e-01 3.791905228718334131e-01
-3.168607165874502973e-01 -2.397322968042042146e-01 7.640727933990286713e-01
-7.194826312725918771e-02 1.795418834836509936e-01 -2.567665682576181219e-01
2.666740205612990952e-02 2.011952774317594603e-02 2.138937610295465197e-01
2.004640846811660826e-01 4.773340492065360902e-02 1.173465091326019172e-01
-3.762049028802524342e-01 6.630728607247856621e-01 -6.978925566623707388e-02
-4.746637204488158290e-01 -9.833628008151758249e-02 4.950822262284328146e-02
4.211636502001856602e-02 2.982508688408022635e-01 -2.980977702523076034e-01
3.765097796380830197e-01 -2.314650586621615561e-02 -1.221440846659157115e-01
-1.857291813214683729e-01 2.233567737972990963e-01 -4.382863572241155192e-01
2.628653539874158951e-01 3.549185489453255404e-01 -2.584973685616785422e-01
1.046174507948323812e-01 -8.306310614775432866e-01 -2.201008913268559242e-01
-4.977614313025341408e-01 -2.062965338475639399e-01 -1.850105819080250791e-01
8.533893895733642154e-02 3.188916714111719730e-01 1.913110152594127977e-01
2.132418717312386802e-01 -2.991909565814128771e-02 7.888493436889132404e-01
1.484988459793077156e-02 -3.829991310328360876e-02 5.001595708740876889e-01
-7.971297387471842910e-02 -8.452656341440854815e-02 1.361848722670563026e-02
1.783172615570610409e-01 1.249472821223407415e-01 -6.597166177841068402e-02
-7.535447736959445530e-02 9.972073436568465454e-02 -4.439245396251212394e-01
-1.814510490295032363e-01 1.543450196149218634e-01 -6.244559410892153856e-02
-1.743114398858600089e-01 -2.053048249160641936e-01 7.985823729783685099e-02
-1.525074751498673165e-01 6.099629396302354012e-01 3.253507219327282929e-01
1.623495636513799245e-01 -2.025036356540925730e-01 -7.228675895964287168e-02
-2.182349977624611082e-01 2.407333122930083724e-01 2.302656728124562735e-01
-1.822360889371162085e-01 -1.929100182329334667e-01 2.386381259139445932e-01
5.193862873570941063e-02 4.719637280860848882e-01 6.955940578541166541e-01
-3.469372453590057193e-01 1.367677134884788259e-01 -7.713486878347270981e-01
6.360419718278674805e-01 1.188092353659243178e-01 2.713209947139813560e-01
2.816163131489040072e-01 2.250559091350913810e-01 2.981175500664270950e-01
-2.228806887060779951e-01 -2.501178104838275851e-01 3.932316544136583714e-01
-3.713363314558226769e-01 -3.387938326242176390e-02 -4.401173822880574127e-01
4.932328419958612042e-01 -5.493091611081564185e-01 2.029721561597289670e-01
1.509160354248901270e-01 -1.795809576591704537e-01 1.978386082387171840e-01
-2.068608027896411822e-02 -7.085503075586728483e-02 1.042478068406972325e-01
-3.056151364318381858e-01 -2.429574853120199940e-01 -4.193670422007584331e-01
-1.096975364614031778e-01 -1.257895336872141001e-01 8.988081322039461751e-01
-3.878141812284122691e-01 4.200069287507384591e-02 -3.186525300428600938e-01
2.203926367975860695e-02 -2.776148387153088426e-01 -3.885961837630085292e-01
-8.503317005364083303e-02 1.466207683328799860e-01 -1.238524941908061006e-01
6.980210160423150345e-01 -1.973098390085241960e-01 6.287573626258700921e-02
-3.030680676634724957e-01 -4.684641585335699854e-01 -6.555434893752788428e-01
-3.806750244371086278e-02 -8.399331239759144641e-01 -8.188003620673098282e-02
-4.665740088284844878e-02 1.798971055595070256e-01 -8.426896555505343500e-02
-1.727252847827916160e-01 3.711105049024870373e-01 -2.463912966515124647e-01
5.073604346768390005e-02 1.865274469176121941e-01 2.211405267283280129e-01
4.193794961309175312e-02 3.164085942454528677e-01 2.008507561555925372e-02
-1.898852111360465056e-01 3.233194782311558657e-01 -1.341970812512369438e-01
-8.489000813821889757e-02 1.239664585425036547e-01 -2.860929377275170382e-01
-1.900015241194462634e-01 3.017765407445240355e-01 -6.520146890279800156e-02
3.875986070869091166e-02 -7.344157182377293418e-03 -1.759929976409250751e-01
-7.081227908769935006e-03 -2.398556974870042213e-01 -3.438254843486908685e-01
4.847319138250829607e-01 3.369878666652379451e-01 2.701436030834646895e-01
-2.539431732871260672e-01 9.939506423102581478e-02 -1.467906461286678788e-01
-2.971771179492573856e-01 5.423940595108719398e-01 4.133021358984332871e-01
-3.084294302700124613e-01 -5.338340749938521590e-01 -2.707946310123988606e-02
-3.676738557194245138e-01 -6.011003722837374719e-01 8.222652982814530054e-01
6.927718566182893278e-01 2.860148787725459996e-01 3.244432678913145018e-01
5.259438852300061251e-01 1.274955282908118437e-01 -3.094966654245221993e-01
-3.203975987811754078e-01 -6.683998384625393641e-01 2.979538496104857104e-01
4.627887972913845294e-02 -3.822570779374359629e-01 2.005825779675626253e-01
1.844957975811690465e-01 2.162159419487655332e-01 -1.306724749948670883e-01
-3.042560140180979866e-01 1.702382103836955762e-01 4.556498295761607885e-03
-6.784895548312845914e-01 9.397608271510413114e-03 -1.858795915049963610e-01
2.677174328708968321e-01 -7.486382154974174918e-02 -2.054049533855676485e-02
-3.082794700299275603e-01 -4.109176329173024333e-01 -1.406233289040453027e-01
7.803843108921124094e-02 -5.527757751769447614e-01 -4.202925806652894614e-01
8.228568040582827370e-02 2.688229082920619573e-01 1.255062879737384729e-01
3.179618565627271853e-01 2.415525986807100234e-01 6.140859845770842984e-01
7.158975667080325067e-02 7.662164258148765894e-01 -2.588995980148188214e-01
2.354083958677256616e-01 -3.864736114212078411e-01 4.413700745760250066e-01
-7.571992422761203434e-02 1.191123684693861373e-01 -7.560800234522357943e-02
1.111248117477308256e-01 2.012723398277308992e-02 -4.206061018398224438e-01
-1.028048063936246176e-01 3.862659072068658217e-01 1.743897925957578199e-01
5.795281303197202805e-02 9.399767991193642980e-02 2.221666423556095948e-01
-5.054470103657676683e-01 1.336568704078923420e-01 -2.054620626977476938e-01
4.342043368087362132e-01 -7.439842827496956357e-02 6.121839732924612143e-01
-1.062010779349987222e-01 -1.052700921890736691e-01 5.601222805587929149e-02
-1.267581411891167686e-01 -1.162439322401474379e-01 -3.020453857442500500e-01
7.342075799736831609e-02 -2.808809369654420851e-01 3.067974171997179395e-02
1.033373078194435024e-01 2.653656448521239941e-01 3.662499905804564859e-01
4.988804977814581543e-02 -5.685220835720284915e-01 7.491479514248021720e-01
1.512939109885456240e-03 -7.359445180319597046e-01 1.880169748798208029e-01
-7.939628736587947544e-02 9.100436904197790888e-02 -4.613935492231105440e-01
-8.776370165780379706e-02 9.582777213941816308e-02 5.244688935131858187e-01
-2.642331308378501054e-01 -1.175013700610644529e-01 -1.286448898448626088e-01
-1.348475805234139735e-01 8.046432786272289528e-02 -6.982240306648078432e-02
-1.112516013722723296e-01 -5.844382188749750462e-01 5.373930961882200652e-01
-9.648950997794367157e-02 -6.467584991600804356e-01 -1.421036108001383635e-01
-6.825824933683059814e-02 3.641411853043798885e-01 -4.850623908789498118e-01
-3.231759684793354959e-01 2.240242934060520108e-01 2.874835783722493598e-01
-6.073343984649438587e-01 4.043315185478919827e-02 2.055156637939712094e-01
8.056701775540234256e-02 5.006701691311090524e-02 2.298704472556465164e-02
4.107805381854264665e-02 1.817116772883892728e-01 -1.082901700568470685e-03
-7.206120159153810156e-02 -6.790482147287618675e-01 -4.408148546438767634e-01
-1.761913191278678403e-01 -5.582661735515876966e-01 -1.637485789396776192e-01
-4.389818791233492945e-01 6.714250145312559981e-02 4.948971091387642518e-02
1.975589577452512013e-01 -1.097686038187485752e-01 -1.707291303499905433e-01
1.900743874015333179e-01 -2.388208191256939103e-02 -8.608461189343245921e-04
2.446246991822141892e-01 3.938248472758642538e-01 5.040186868826901367e-01
1.211089141460643531e-01 2.875888939727238580e-01 -3.228343968447054679e-02
-9.267687179679337528e-02 3.726733935566733380e-01 1.019895188404949388e-01
3.587688343489275900e-01 3.764036906919899783e-01 2.336192541512283061e-01
-4.251562047850292458e-01 -3.110935319539310795e-01 8.434445278810787094e-02
2.451591307750803361e-01 -2.919637957353431457e-01 -1.003706294624816087e+00
4.797402040756496011e-02 -2.710253589538026420e-01 -4.613688667627943718e-02
-8.789036473965214369e-03 -2.628076388270093044e-01 6.965754539699905989e-02
7.413554585788707796e-02 7.116143110391653925e-02 -1.210099879306235221e-01
1.458115849243865059e-01 -6.626955582817842250e-02 -1.976230834591675700e-01
-5.272850212336802761e-02 -3.611176119011512142e-01 3.890442343922301260e-02
2.423673092192287493e-01 -1.864678162735539102e-01 1.318450406503791916e-01
-3.855094009248064002e-01 1.293129392642092534e-01 -2.572996106723806076e-01
-5.709630229371455423e-02 1.415155879481707624e-01 -4.214710246021226570e-01
-3.527880266238812013e-01 -1.121836928212559953e-01 -1.621684818324225508e-01
2.846001222016441012e-01 -1.188926772697266321e-01 8.036510322819935548e-02
-8.459862356900298419e-01 1.018850670000110842e-01 2.780970565049674104e-01
-4.239270482480966828e-01 -3.796589813137366543e-01 -4.990769071347748997e-02
-1.740531886427912648e-03 -2.126083474796140460e-01 -2.863339690355724554e-01
-4.998900980766675384e-02 -1.969230895398038084e-01 3.981969322542718848e-01
5.141842927898065962e-01 -1.239107217675404216e-01 1.871764112159775006e-01
-6.543375407099961960e-02 -4.956449516189891380e-01 -4.657456976064545673e-01
-2.452478044967398019e-01 1.831261147838744024e-02 1.363975094852593051e-01
-7.121752913506806948e-01 4.757203055792915691e-01 -4.871105195471616689e-01
-4.508587725592311940e-02 2.509288169592521212e-01 -1.543349213081869620e-01
5.998363452715451682e-01 8.006995373526578641e-01 4.206860578778324339e-02
-4.529653195527530429e-02 -5.929105110813434054e-01 5.003014904622214987e-01
2.508743957961319035e-02 -2.437193110487637648e-01 2.067696977429757943e-01
7.114239685055049334e-01 -1.786699654848752233e-02 3.063288182768077461e-01
-2.942474384074211247e-01 -2.137959596101588755e-01 -2.785320949578321548e-01
2.859351752427978857e-02 2.510101806693570275e-02 2.397412501990440759e-01
-2.543228009624649497e-02 7.340009623380201464e-01 1.400154887046337754e-02
-4.053294329315981770e-01 -6.516563051887910851e-02 1.212451228114277829e-01
-4.971157200544275984e-02 2.152816104682386267e-01 -1.642094864455140302e-01
5.969472342199140524e-02 -1.617280369472189339e-01 1.617698233251195494e-02
-8.195001738566051741e-02 3.444105997612021547e-02 1.002405744119050021e-02
5.683964217669310731e-02 9.963647018822376078e-02 7.569444998555474591e-02
-2.532624769771570361e-01 3.056388373261893776e-02 -3.952912522325489064e-01
-3.345138754092453759e-01 -5.026431155948519747e-01 2.548741807684613489e-02
4.506289985623191385e-01 1.242344735654687810e-01 -3.490380877936323789e-01
-2.504329504525469319e-01 -3.095234810527711794e-02 -3.374834224659366364e-03
2.672630031362077663e-01 4.095272374209149580e-01 -1.605162777584592110e-02
-4.896456951765517096e-01 1.786444775712718591e-01 -7.493307350665666389e-02
-3.531951751169978282e-01 7.226922137634989030e-01 1.603514889679209521e-01
8.098989005390204721e-01 3.984522338138962727e-02 2.838105795539833803e-02
2.705610153683147279e-01 -2.507089531266187277e-01 -1.012309900004788460e-01
-1.787818514760825261e-01 -5.557194720059100979e-01 -9.610668471948098646e-02
-4.616868341601452763e-01 -1.209437438165138351e-01 4.012225686514987455e-01
4.729707519729093868e-01 -4.319786842635812973e-02 9.529527906795035030e-02
1.683332082654132311e-01 4.829889532642338557e-01 1.455320560421802245e-01
7.769423645881818885e-01 -1.009137680882954274e-01 6.822777568646069823e-02
-4.175956561921591037e-01 -9.636515683761134529e-03 -2.450020516519728908e-01
1.239615176071416913e-01 2.871124973209421838e-01 -8.835116681865518018e-01
-1.730565424041345668e-01 3.568875860895270313e-01 3.327952550464151615e-01
3.454950832793530768e-01 3.465692478195557813e-01 -1.072365003527655514e-01
-4.340157891598850348e-01 4.329806384494453431e-01 -4.737811992449402210e-01
4.028926426967802121e-01 -8.200171551052731767e-01 -6.282592249940768259e-01
-2.555012468760479716e-01 2.282211246137067773e-01 2.106178283856264266e-01
-8.327592692726541734e-02 -2.445503175208129376e-01 7.417967277165739282e-02
3.034601629438820614e-01 1.220665201012458151e-01 -3.125087237759927583e-01
-8.092887852942803883e-02 -2.642393510004880097e-01 -2.245691232083816546e-01
2.243872378434309534e-01 -1.255210966099800374e-01 -2.742651013724070053e-01
-5.374674979094902216e-01 -1.252840962966569882e-01 -9.525269117768465910e-02
-4.508138505874695334e-01 8.236939236155334243e-02 -3.198369685470610624e-01
4.041845641568576619e-01 3.409380323715733296e-01 3.647947205575150509e-01
1.532138217886582637e-02 3.132926528801853183e-01 -5.129878460785745053e-01
-2.274941939685239112e-01 1.908730338596212675e-02 -2.536003358002548724e-01
-7.609005306117046230e-02 1.986322042408759092e-01 -4.729472258601404300e-01
-2.244247033648993361e-01 -1.763018091708873636e-01 -6.915847585586136492e-02
4.395511452995351509e-01 4.767880122354736100e-02 -1.375501316699180021e-01
8.455846062602742630e-02 3.701868965918199417e-02 -7.259310896521094236e-02
1.503820425404209515e-01 -3.457110852094567033e-01 4.528178551280118702e-01
1.372293235596932226e-01 4.321493617625257189e-01 7.702800937353136701e-02
-2.091626222287725767e-01 2.986558516811112507e-01 2.075127125879876883e-02
5.358746419899013125e-02 5.055714893164585666e-01 1.342739524125216057e-02
6.021699668972505665e-02 -7.471985515325343594e-03 -1.209471618838861839e-01
-3.759527748239895883e-01 -3.047439402685509502e-01 -5.570779702138167755e-01
-8.109146195321141615e-02 1.888197073518693703e-01 -2.211367313418726166e-01
-3.469795815295761976e-01 -1.742496927146435781e-01 -5.202332450699961308e-01
-2.145444740482590762e-01 -4.810422240247400061e-01 5.262059128988804124e-01
-2.195589321474027134e-01 4.471286925302782045e-01 3.881209824253398222e-01
-1.739074813020909105e-01 5.776146495772767064e-01 2.539954051892911457e-01
-7.366150431674971522e-01 1.548139438131415913e-01 2.024793582016264915e-01
-1.109993001384437378e-01 -7.640973108550414006e-02 -6.564516476663904143e-01
-1.005255316276073563e-01 4.790896847767611710e-01 7.140959123383523455e-01
-9.562634266180386478e-02 -2.000497057916097443e-01 1.211447095835467974e-01
2.636683281010722135e-01 -3.819862095298305338e-01 -3.847860271039529878e-01
8.472464334060454683e-02 -3.293996719407285556e-01 1.391827010970621004e-01
1.657632554922971180e-01 1.325680756641294533e-01 2.111283417601499679e-01
-2.588145417025502701e-02 -4.521489714399746368e-02 2.919852936208641170e-01
-1.987912582754221558e-01 1.704559305943321654e-02 -1.477137111915726997e-01
-8.133902439834915510e-02 1.843033220593932042e-01 -8.052029670034789310e-01
7.151300667890764240e-02 7.301928343322341419e-01 -1.688223339691835856e-01
-5.493402469645541908e-01 1.814939726322885860e-01 2.057491097730798635e-01
3.907463319825781878e-01 -1.849490768159725851e-01 -7.650738764827211824e-01
2.865242720253650122e-01 2.083249581419183427e-01 -5.222530831600361717e-02
4.355700725474243029e-01 2.998970833274795522e-01 2.983058951123088165e-01
2.861038103640722863e-02 4.379469046401394672e-01 -5.588687993444547697e-01
-4.814505934141760091e-01 2.096648218787283691e-01 4.167359454926294199e-02
2.742145444594526471e-02 -5.566945146475698047e-01 -5.027199365309092949e-01
7.916561279356125747e-01 -1.280636818847582514e-01 -9.188794048400976411e-02
1.187107552558901852e-01 6.542352866555189994e-02 -9.003322899249258104e-02
-6.983982764524737652e-01 -2.643832767903471145e-02 1.056702980516572264e-02
4.484183183398153250e-01 -1.670671367990099188e-01 -2.232126216924208706e-01
-2.808146073201388537e-01 2.325221947885801610e-01 -4.109237203818607020e-01
-3.052277584001017452e-01 -4.560887579895769178e-02 -1.359275864931532574e-01
-1.104871744501728092e-01 7.432039960355740771e-01 3.480473779128497869e-01
-8.939823045010658609e-02 9.148440592908976265e-01 5.060210821962918271e-01
1.409316831158842209e-01 3.220560990180528216e-01 -1.158720000840441772e-01
1.819248093277400866e-03 -3.540243592028067821e-01 -2.373500499693874388e-01
1.030812453002669798e-01 4.290987049666450392e-01 -5.151160922944094528e-02
-1.531642410260233844e-01 -5.533374559902951573e-01 4.218154505719329816e-01
-3.235192564092320006e-02 7.490239209103437545e-01 1.614560235992739123e-01
-1.021291431434027119e-01 3.818246704428073235e-01 2.694026033158289368e-01
-7.279745803223550138e-02 -3.439317582569940135e-01 4.751698974728232883e-01
9.649083902996095918e-02 -2.974169581767194814e-01 1.600843154029512883e-01
2.308571199326405476e-01 -2.927557080472359408e-01 8.747544771440760036e-02
2.328585774501576167e-01 -7.835811681718358734e-01 2.927393458609374166e-01
-1.980180979451394083e-02 -2.513415426257390450e-01 1.106845410123265205e+00
-1.109807910756782645e-01 -6.857508789906108237e-02 -3.028054313010035137e-01
-3.633533789471264375e-01 3.192703773090795338e-01 5.703968321671399888e-01
3.122320123005372650e-01 -3.383386211035999125e-01 -6.133479297501257532e-01
8.559384230646932545e-01 7.756592037641789339e-02 6.204342591420196340e-02
2.706820299916714440e-02 -3.953326836033677766e-02 -7.493497481356663215e-02
-6.201783109519170417e-02 4.466643366957132044e-01 4.237187024858288242e-01
-3.979155030125471060e-02 3.611970617663388117e-01 1.445252399999383264e-01
-2.968022852505766696e-01 -2.760194459695676852e-02 -3.157281975412608022e-01
6.945463516224802125e-02 -4.551214134068556905e-02 -1.676850730534378345e-02
4.337945735356957266e-01 -5.184026034070976507e-01 3.169235426347922768e-01
-9.436974982175164173e-02 3.608572287487455538e-02 -4.880348730017303738e-01
4.834242322154382043e-02 2.198574520161193091e-01 8.294019535461442938e-02
-1.179959103158726152e-01 -2.050619933727744204e-01 7.522249816668038491e-01
-4.315408913870974472e-01 1.620311296266334633e-01 1.757281893368420056e-01
-1.768252365671856285e-01 -3.353199041222847954e-01 -3.431799964095673117e-01
7.540105124077181031e-01 -4.674387926609668842e-01 3.172696199589049304e-02
1.548373721477483700e-01 -3.254086015115599806e-01 4.107486274657179415e-01
-1.040410469606079663e-01 -6.547985308749285638e-01 -4.549902276361912357e-01
-3.221299471678481519e-01 -3.543696769481042841e-01 -4.409517148860380709e-01
5.520594383773879121e-01 -5.443830813063074148e-01 7.874215847291382575e-02
-1.220368572681581332e-01 -2.039694370832724479e-01 1.415001929369934242e-02
-3.917072383337149577e-01 -9.670634076266960977e-02 -1.085069857758898665e-01
-4.407962681533502125e-01 -1.755647818212613676e-01 3.787013312937351217e-01
-4.536842092470078081e-01 6.015870339044300241e-01 3.147341391934966870e-01
-2.653916377650857306e-01 6.698153059079547944e-01 -3.529372561332548286e-01
-2.771064067833547626e-02 -2.852887348776132481e-01 3.578510749550675718e-01
3.865130427333054453e-01 -1.893280435203864298e-01 1.906273722898763623e-01
1.473987723240102916e-02 5.386490183371955842e-01 -1.941841460304901124e-01
6.654655090155576769e-01 -2.745894990595004748e-01 1.874562528428741492e-01
-1.275649368363878100e-01 1.546315139361742474e-01 3.139843042413432705e-01
4.652133727832367116e-01 -2.926916996030093712e-02 -5.242426085941586100e-01
-3.738398037034283417e-01 -5.015951306504800450e-02 -2.180010849032951725e-01
-1.696641873610407747e-01 2.058412669352559787e-01 -4.345429950591524898e-02
-1.744107877881274082e-01 -2.828186224396078141e-01 -1.326816113170769529e-01
2.033119121645149685e-01 -1.200514936055831899e-01 9.532001260077169191e-02
-3.470567899228058639e-01 -3.060120074669350210e-01 -1.609218531589754475e-01
2.356207635202291484e-01 3.789167790801543229e-02 2.137668299423272911e-01
8.513665581088702972e-02 -2.408321946310491846e-01 -1.729447393764248775e-01
-1.421732679605442473e-01 -4.145561448424978090e-01 -9.100582547443747394e-02
1.542926168145381527e-01 1.501960077684654504e-01 -6.512594353008360759e-01
-6.022342406520087010e-01 6.424722565467393121e-02 -2.507822604672004796e-01
3.358970845785512558e-03 -8.546878095069634917e-02 -1.984708172042131125e-01
4.539072473837190147e-01 -1.158454461781411593e-01 6.968583143025310900e-01
3.362943791477696065e-01 -8.505021072923167613e-02 -1.945678615008624990e-01
-3.799829629961999355e-01 1.899940538788452149e-01 3.291271738048008877e-01
-1.057585254672165770e-01 1.029741547716359618e-01 -8.395691633707907595e-03
2.548230178776564880e-01 -3.415639878090253601e-01 -3.413815407797851642e-02
-1.879234087082926330e-01 -1.767698140693677866e-01 4.401207336763110489e-02
8.683934136575209572e-02 2.844290519776296322e-01 -6.818299408221939473e-02
1.852825370550997275e-01 -4.697287548728291129e-01 -3.663195499700375168e-02
-1.210228526712543162e-01 -2.434822032950009763e-01 -9.378944176965253732e-02
6.271734762299181754e-02 -1.757517291070692378e-01 -1.720547191678560919e-02
-4.881566310394097608e-01 -3.707137259901659848e-02 3.662155682186830075e-01
-9.198023050976518455e-02 -1.747524912233420491e-01 -3.522292284064757473e-01
-2.045511851304536444e-01 6.904204458262822031e-02 -1.773352776927535068e-01
-1.612430233386866196e-01 1.219184457898168372e-01 -1.195489340047875965e-01
-1.202875056620318905e-01 -3.064370624556660982e-01 -8.677466157394741336e-03
3.418047962616949792e-02 3.426158629510036024e-01 2.723602259860669617e-01
-6.134559224660404153e-01 -7.798758450937118281e-02 3.061566637392081902e-01
3.630680895850577627e-01 -1.523014384578780800e-01 -3.864927224708078479e-02
-9.363106422703791620e-02 -4.512624023069526369e-01 2.381833193068202126e-01
-4.201609037605616437e-01 4.261153270425558359e-01 9.206120923246864651e-02
-3.375840821763287924e-01 -2.526683323686890748e-01 2.643628721849373697e-01
-1.343909295688329175e-01 -2.350440608209656279e-01 1.979495902709064170e-01
2.133908939265004648e-02 -2.927353103266028267e-01 1.302729830965866642e-01
-5.239393769190296979e-01 -3.522411765852360988e-02 -3.116353296036354914e-01
3.024891856747464192e-01 1.261709307259593071e-01 1.567039483189280047e-01
-2.662801110561632822e-01 1.314325556499273961e-01 9.662438067718122359e-02
-2.821064207414025748e-01 -6.116467059390393035e-02 -9.402268802655901203e-02
-9.121773095613749938e-02 -3.704089346360434631e-01 1.724716384923328516e-01
-1.609695093489178427e-02 2.776733511764220008e-01 -2.554731548608853986e-01
-2.043648955835759284e-01 -8.326336495314012875e-02 -5.721746599455320714e-01
-6.837614882671655403e-02 -3.126940042069625836e-01 -3.150179950874867352e-01
2.228699985122126470e-01 1.760715967029506390e-01 -3.903546719589775366e-02
-2.753009119282526784e-01 7.314845146510588758e-02 1.358436272869474049e-01
-7.222425704771091512e-03 1.750653590656016112e-01 2.305924137031251098e-02
1.064687870598499120e-01 2.422080992509279690e-02 3.102973816462944456e-01
5.505047340699326108e-02 8.635383908530105956e-02 2.208580785449214545e-01
-7.858807615481221143e-02 1.649094400154929585e-01 -3.422437469307707536e-01
-1.124730262475593795e-01 -4.646090365861638150e-01 5.480034889878517834e-01
9.914226743874778036e-02 2.059097859016573162e-01 -4.022383706726709862e-01
-1.835066015940743922e-01 -7.895217184256708709e-02 6.196033635821870389e-01
-4.196811948779512469e-01 -7.689685503269778205e-03 4.206256765178901791e-01
4.122754948796069074e-01 -2.868941966809697430e-02 7.694913524183640829e-01
4.147549306369746613e-01 3.413565827619870902e-02 -5.290363076682733645e-01
3.150392999362383595e-01 6.089981373878290694e-02 -1.468421826528417962e-01
-6.981240753217723971e-02 -3.270842013224210532e-01 4.341812999695541242e-01
4.345913898650712037e-02 -2.014403982395182036e-01 2.367630324111601736e-01
-2.450258577213547395e-01 -4.763064986720331739e-01 -1.911942000608752856e-01
-2.710151755874180002e-01 7.324704504159930407e-02 -2.516382831398531958e-02
2.035709631559921018e-01 -1.851627142186649255e-01 5.018458088273094336e-02
1.628530607860545487e-01 7.473397551993300469e-01 2.390246970278011307e-01
3.483565337049434052e-01 7.079440894821458219e-01 -1.532951817880154888e-01
1.547908618688665638e-01 4.863311821625194153e-01 -3.862553187689321543e-01
-1.560844356351486495e-01 6.327827061262930597e-02 1.219586289257766909e-01
2.883297597658651679e-01 -2.240387180736164441e-01 2.160995025932096747e-01
2.366633657044504568e-01 -3.843999640776122884e-01 -1.184740900706745120e-01
1.873854435736333618e-02 1.392233788490190027e-01 -5.892053558851697570e-01
-3.345632149624274132e-01 1.383535727923452911e-02 4.446544683862393432e-01
-3.247737069238126190e-02 3.487893511022076010e-01 1.801762149262241819e-01
2.753399924117029274e-01 -1.940738083038194839e-01 -1.258444713206862894e-02
-2.043651628234751660e-01 1.208326602949088419e-01 -3.543451054733036121e-01
3.987433310979814904e-01 4.846701105426017286e-01 5.028418747661583810e-02
-2.145511726325249335e-01 -8.331556180410489010e-02 -1.225323947609631703e-01
-2.015238885158439908e-01 4.352975884813680696e-01 3.941372971466694519e-01
7.684230196144502256e-02 6.115825220308430954e-02 -3.241600529069709746e-01
-4.689763593808422559e-01 3.422682181967564574e-01 -3.984142528595584903e-02
1.183110376690346272e-01 3.984266720555011965e-01 -1.785445521550986236e-01
-3.783815648204965076e-01 -2.077931576954782783e-02 7.805246131999459269e-01
-5.707563749836475075e-01 1.466349296330981267e-01 4.961526981716932183e-01
1.948117239667455924e-01 -2.154224094358794528e-01 4.262013144224167105e-01
-2.767294496788332836e-01 1.370365584382423618e-01 8.140581693009217579e-02
1.575779932084270529e-01 -9.719578822994236200e-02 -5.720848631180521782e-01
-2.600695572781383177e-02 7.540233868668851924e-01 3.794714957483514839e-01
-1.802150036971745806e-01 4.228492767540338593e-02 -2.817384932497848937e-02
1.919467536912043970e-01 -2.219934182895553498e-01 -1.034539953279734192e-01
1.147618649646402478e-01 7.279637649829698853e-01 -3.525021019650003695e-01
1.412046179598212547e-01 4.202479849172348625e-01 3.329009584826433943e-01
3.267977909531185055e-01 2.008592147409441753e-01 5.393395496103358111e-01
-2.495002154032380515e-01 3.403803463491273523e-02 -2.334957494656156318e-01
-1.790032451959867599e-01 1.930596576295092737e-01 3.609159291335756747e-01
1.173132683895580369e-01 -1.769222168361885006e-02 1.959083901476772471e-01
-5.083658115519299608e-02 8.861839773127778985e-02 -1.344495047499982276e-01
2.520562756905175839e-01 -2.178928165355800348e-03 -1.745166062149647035e-01
-6.965095405247884175e-02 -7.199540290494800543e-02 -1.965148985370786527e-01
8.780437107975809508e-02 1.621156626342022955e-01 -5.352645049529661941e-02
-2.844430198445188074e-01 -1.847060885256227025e-01 -2.156364789581020555e-02
-1.304582787955328449e-01 -3.449728604169040591e-01 -4.392377461365721408e-02
-1.370407210798548214e-01 -2.316270148036441434e-01 1.639906435775154159e-01
-6.323863828825847244e-02 3.863950024242751580e-01 2.635266892536120009e-01
-1.755673175851007739e-01 -1.791151329102108961e-02 -2.470433929036671972e-01
-4.335983679715039729e-01 -1.893303139305769212e-01 -4.260359676199042961e-02
4.344797555298884895e-01 -6.743820448773500675e-02 3.095621548481772289e-01
3.595735347132162363e-01 3.989276682154105705e-03 -6.760617251378410464e-02
3.255358388676731218e-01 -1.318561343508317663e-01 -2.907100436936617127e-01
-4.557391426979700566e-01 -4.588608529446832618e-01 5.953761068124322486e-01
2.193631000075166315e-01 3.813348040618936841e-01 1.780415583078206188e-01
2.111246213489311740e-01 1.485033548576144280e-01 1.198269126794358763e-01
6.389976225701374246e-02 -2.073650833350027811e-01 1.221656265483710285e-01
-1.353256783938650287e-01 5.335081461585301499e-01 -2.911736803044853716e-02
-1.858475667571701795e-01 -2.660451027511105404e-01 3.235877839201820733e-02
-6.530088148693211081e-02 5.041369920668326704e-02 6.591713092691928177e-02
5.248234627642625050e-01 -4.373195814261428560e-01 -1.718255713433892717e-01
1.494151729411317409e-01 1.082067134829668709e-01 1.423826312950488560e-01
2.988008957438700319e-01 5.817216868319254885e-01 -7.659357669406789693e-02
-1.523311708143604004e-01 6.992272826478815317e-02 -3.450624200728216739e-01
2.665679797782285476e-01 -2.965970533785708754e-02 3.639398668799401770e-01
2.051335079439206843e-01 -1.539430305887108108e-01 8.566054132509111352e-02
2.063806214262824471e-02 -1.412966237866455921e-01 -3.733706276229272203e-01
2.245608989838854541e-01 -1.506069399547783905e-01 4.056089268154270538e-02
-2.701421861022618165e-01 1.570942546702024101e-01 9.204054592701979565e-02
-3.777497480568666743e-01 4.906368299181752130e-02 -2.106702718651653761e-01
-3.310548997022708800e-02 1.916050075290573126e-02 -3.620916079816224875e-01
-2.354293443801131272e-02 -3.426715281587296991e-01 6.319464590302904528e-01
-8.332734296641081118e-02 -1.531731038696989566e-01 -2.898877745435175513e-01
-9.178707919201829768e-02 -2.843111855385145881e-01 -8.528585790637808195e-01
-4.264116320233816149e-01 -2.324413189574943972e-01 -1.537140393524189519e-01
1.971279198249785425e-01 1.753545403148496773e-01 1.000504721794833601e-01
6.030828239917314093e-01 -7.265739788929186094e-02 -4.685596911717378882e-02
-1.163825940057709868e-01 4.246347104159627905e-01 -9.354821862339127159e-02
-6.485923284975771974e-01 -2.262617894624721349e-01 -4.910501223445317698e-01
5.719967558491945159e-02 1.420247870658730149e-01 -5.066322318754590270e-01
-1.851852821168733787e-01 3.209428382483026088e-02 5.712119402048481120e-01
-3.182991570566534589e-01 4.570919281941921569e-02 -2.130090518980045644e-01
-1.439042568110658615e-02 -9.040393332384073777e-02 -1.258255424208100659e-01
-4.934652535471182877e-01 -1.581685012037573057e-01 -6.316933913353459662e-01
-6.853034409948922656e-01 -3.342761939641279434e-01 3.463828537527166018e-01
-3.360676186390038067e-01 -5.584287648791268488e-01 -1.216706878502197275e-01
-3.050622319017154416e-01 -3.771435753914100797e-01 -3.785442771524716865e-01
3.585696921404922799e-01 1.875809944326885526e-01 2.677412086000733327e-01
-8.359751303315646198e-02 -1.120499911406211135e-01 3.263598397261509021e-01
1.933639688382924327e-01 -8.623433037539498525e-01 2.436215975876383777e-01
1.954796007807266950e-02 -3.869441421981752172e-02 -2.771694718570778728e-03
1.766674401815132300e-01 -9.332274662849698518e-03 -6.441207968926973004e-01
1.395276532435290318e-01 6.601195424780516297e-02 1.025403043980882001e-01
1.523679405260010000e-01 8.318604725759333463e-02 -1.115399315644354378e-01
-6.041379177759179792e-02 -6.624621897897030598e-01 3.879969188038989159e-01
6.154832539285554072e-01 1.841624407109432038e-01 8.169952821049708547e-02
3.239639482398055104e-01 1.894281945930068045e-01 -9.635573685415531608e-01
-1.703507907823481604e-01 -2.890077051177678547e-01 1.581850818778245682e-01
-2.689771531713677222e-01 -3.557306677719576093e-01 -1.067228185240045035e-01
2.199554936202141875e-01 4.238596389309274293e-01 -3.766966088343568497e-01
-4.459923358987915032e-01 -1.961575077807322653e-01 -5.152412387734514043e-01
2.542397350137692857e-01 -2.186665260137808375e-01 -2.432461155940559561e-01
4.054347787370759515e-01 -1.758226279988556462e-01 8.476956833726903007e-01
-2.821804738285804692e-01 -4.431228047586128205e-01 -4.654431558352564724e-01
1.992201000021059099e-01 -2.357767367364507760e-02 -2.910204428949913491e-01
6.350952358749619719e-01 9.135025081322353802e-02 1.490187818676266540e-01
1.603253704085268738e-01 -1.866644231365241213e-01 1.784494739573010136e-01
-5.390424844727660370e-01 -2.229697994890286750e-02 -4.392296527151460794e-01
-7.180750145854473132e-01 -1.713022753860584529e-02 4.699315756923960058e-02
-1.572655895055371511e-01 -1.485565101818098754e-01 -7.979449320764742115e-02
-5.622189677486495729e-02 9.530440075712029446e-02 -4.802935439195480383e-01
-2.506886955998559041e-01 -2.946669107563489320e-01 3.993399131242973410e-01
4.089634452011801091e-01 -1.115644200040467968e-03 -1.133516898719357791e-01
-1.541826013422648856e-01 -3.885882718913177825e-01 1.710029628725379947e-01
6.318034317534043653e-01 -1.712065514970103827e-02 -3.532218486851345651e-01
1.182790898648363592e-01 7.395184084256625212e-01 1.080657368987916062e-01
-1.419577928096571462e-01 -2.636370562634022252e-01 2.628082405666584687e-01
-5.817443075353535553e-01 -5.933959122005783016e-01 7.162164234632650839e-02
1.791703094373364724e-01 -6.521711736495241496e-01 3.768442165274926148e-01
3.564955277020875335e-01 1.542048945726332276e-01 -4.755628281160770993e-02
-1.625105804820228539e-01 5.088065247223551302e-02 9.913523975953648926e-02
-3.151502566682873874e-01 -5.239640141311937560e-01 -6.797123660691725688e-02
1.260164898736229333e-01 -3.075584548869831347e-01 3.347370194392508824e-01
-1.544771420063594802e-01 8.795783650203538306e-02 3.874004108863550733e-01
1.253245277116593337e-01 -1.873289209648716924e-01 -2.205988837459294527e-01
4.210084588264561556e-01 2.655027359504662579e-02 -5.907751611792396718e-01
1.231087538393253883e-01 -8.988706619409209120e-02 1.016142548893309572e-01
-6.905559184449154841e-01 -3.679451652386286908e-01 -3.515877240304004503e-01
-3.560623946364366993e-02 -1.047272764808113571e-01 3.506163502310619684e-01
1.002145834511083133e-01 1.724417298400136578e-01 3.550893667528189912e-01
-1.851081069718522598e-01 -7.864680137781507874e-01 1.249334764432498135e-01
-1.280053501995868093e-01 2.176883611198798529e-01 -5.827368432478322591e-01
-5.637968232872552221e-01 5.852256746765120976e-01 2.432730618087811103e-02
-1.735128528824218253e-01 -9.671560795214214842e-03 4.166760809542121025e-01
-9.879545549873795796e-02 5.498657110147309179e-02 2.709746965720371548e-01
2.291834608097098880e-01 -4.974127328308214357e-01 2.727290861718364989e-01
4.014653859998296159e-01 -5.802818303915684428e-01 1.467228244376296564e-01
-2.144766478148133759e-01 1.128754896909419936e-01 -3.232630964831373355e-01
2.608650525872419079e-01 -7.774939267789711117e-01 2.063248390279028566e-01
1.478335822917768716e-02 -2.340292054408812106e-01 7.777137571853854903e-01
3.090040971460824015e-01 9.362148158634209238e-02 -2.145982045094676771e-01
1.908625220986654158e-01 -7.265885587051410521e-01 6.309423015973565363e-01
-3.592845076956764361e-01 5.994906287677292944e-01 2.399049831814020761e-01
-5.295034048139372063e-01 -4.228816901012132368e-01 -7.416538233536946745e-01
4.171770634806716282e-01 5.428651332490909143e-01 -4.077425258996293933e-01
-6.786058756273793957e-01 -4.875368673515208529e-01 3.003671609530455533e-01
2.711595715423263386e-01 -3.263254357117114091e-01 2.020839749820079745e-01
1.524255358268295502e-01 -1.402445361038857363e-01 4.824333052407623335e-01
4.997493152711247610e-01 4.719686579479921984e-01 2.574970890008837499e-01
4.458348830594828782e-01 -3.826712236175301447e-03 1.347575042394215661e-01
-3.210151581646720209e-01 1.212882314892752139e-01 -7.876576820733814654e-02
-4.369574097561078341e-02 -1.534378226762671549e-01 -2.148705128495197736e-01
-3.713555790908623644e-01 -1.280783212268983284e-01 3.767477689662391827e-01
2.804250357953388395e-01 -1.603388802472098529e-02 -9.203573792505106987e-02
-2.793370125376022639e-02 -2.986083833157239242e-01 -1.485398512180531316e-01
4.205835997416336181e-01 -3.325763546633228596e-01 -4.779880530918818697e-03
-4.775138337366515578e-02 4.336369084054295109e-01 -3.134458141278774201e-01
2.324912682846352052e-01 -6.490903328415136009e-02 3.653969258660103026e-01
7.459217687535925345e-02 -3.865110882230019529e-01 -3.943078423933492060e-01
6.006973776783763874e-01 3.976282966967069621e-01 -4.223194747948231242e-01
-4.295192759457472920e-01 5.543814310566253477e-03 5.581145105190596922e-01
-3.260825779627131160e-01 2.727795443211102899e-01 -2.156277625411351651e-01
-3.674148886961509097e-02 7.860998233638617771e-02 6.014160457699920803e-01
1.508517439510599634e-01 -1.354599356591261808e-02 -3.850918724319477571e-01
2.637007933614455846e-01 -5.443987385788177091e-01 3.119824223473507407e-01
1.599434663541636770e-01 8.378916760364324423e-01 -4.445215838850409829e-01
3.567841201951328922e-01 4.044912699306697085e-02 7.233426984954761663e-01
5.227463241942953420e-01 -2.530670892542462996e-02 8.383509907129800542e-02
-1.779521480191441352e-01 4.604929455940782734e-01 1.538417755845178925e-01
4.165593173548609029e-01 -6.426881591633967217e-01 1.392983151626697898e-02
7.333955481508196150e-02 1.897156808418092866e-01 1.258090946725722303e-01
-3.967140851241645824e-03 -1.769050304989757405e-01 3.180188562268258801e-02
6.926987216993703289e-02 -5.229957872829468779e-03 2.849923888809786920e-03
-2.222673801202674770e-01 -3.381424568782567808e-01 1.578779478129583580e-01
5.789886642084900448e-01 -3.096912772297827909e-01 3.397273556737353539e-01
1.044006380420985612e-02 5.767427295872984416e-02 1.735063235230885348e-01
-9.507422381233357478e-02 -2.265631898789955134e-01 -1.630632104521598236e-01
-8.595369218687350099e-02 -4.043582364476064894e-01 -8.999569531916831733e-02
-7.573668405026343642e-01 -5.439841774431198873e-01 -5.549471591701710810e-02
-2.890602195732227542e-01 5.529673217671784435e-01 1.625369680585057319e-01
-2.818167809121456813e-01 -2.231243887796964531e-02 8.796343740889823737e-01
2.703207492148495053e-02 -5.625348951406246023e-01 1.603786551929015647e-01
-2.715159502493494914e-01 -3.345756213002105683e-01 -2.302262252728963510e-02
-3.164232838465864117e-01 -3.018056525861447792e-01 2.520207678228987280e-01
2.243799112936370743e-01 7.055019161833801788e-02 3.430754910479715258e-01
-9.881365090480909164e-02 -2.045857418242400805e-01 -6.689843511356480255e-01
-5.257679797184601211e-01 -4.490722261270910787e-01 -7.169582876879337929e-02
-8.471548009422459960e-03 9.225089973078137717e-03 -6.216314254768104952e-01
-7.494715891740990621e-01 -2.126519642208981459e-02 -4.044716816997834252e-02
-8.199074609387971280e-02 -1.869788177020844655e-01 -2.034715321538030641e-01
-3.484431658419426814e-01 2.694949744754061016e-01 1.000875046670981899e-01
3.093638558530670268e-01 5.543851044771596071e-01 -6.936098190465238289e-02
-6.369926133638301735e-01 -3.475458888129869250e-01 -2.860919409737149310e-01
-6.569555541293826684e-01 5.903198855977223047e-01 -4.093404770384714148e-02
-3.662313910350968593e-02 8.099511644145575284e-02 3.914750335388647584e-02
4.919804866071141314e-01 -1.843230167047261170e-01 -3.505760409311599601e-01
3.980945243366083020e-01 -5.534749212936865975e-02 1.093876969105617714e-01
6.466656864624116263e-01 2.453951290084031567e-01 1.040204581769419573e-01
1.087208605125594418e-01 1.554401808765012716e-01 2.125023199431186616e-01
1.577825751264165799e-01 3.408660951934804895e-01 3.556921557335988859e-02
3.318760491030968152e-01 4.978698132555322564e-01 -1.673768526040058657e-01
1.686432701448642713e-01 2.619612580790445233e-01 3.990734722793678468e-01
-4.823478412401495108e-01 2.174250406323448570e-01 6.630672157522607413e-02
-3.647678294235949803e-01 -5.129441798973880529e-01 1.343427211006829880e-02
-6.116268639015749464e-01 3.261839945651840988e-01 2.445709835100742802e-01
-2.959910296659414852e-01 2.069710697392277698e-01 -1.445136713008552676e-01
7.521499782835651404e-02 -6.885292676368762188e-02 4.823963822192432055e-02
-1.442844083821374912e-01 -4.883756707497516891e-01 -6.188771918698603158e-02
1.754289182545600845e-01 1.968810456248192842e-01 1.079007902522213375e-01
2.509612328984959229e-01 2.201510363751693622e-01 -5.868539873867879564e-01
1.327150873423443567e-01 5.693832928900353224e-02 -4.119132910242384593e-01
4.746244910418826457e-01 5.631291027581036834e-01 -2.426668108932919232e-01
7.315076412523138782e-02 -2.265391037901431925e-01 -2.734992228511509693e-01
2.073808535679148579e-01 2.186230987947867521e-01 -1.044758704549900441e-01
4.072051590065715598e-01 2.041606403883474974e-01 -2.851653863056711757e-01
1.912967888819220030e-01 3.922465560944740637e-01 4.630427013755418764e-01
-5.324566014932134994e-01 -1.884048988004813074e-01 -7.177136387739886381e-01
5.281737430980885106e-01 2.116881172314603876e-01 -1.477337704347940761e-01
3.258127564609222260e-01 1.763617292933596092e-02 2.690411597800178578e-01
1.182471557583492927e-01 -4.078818801334691546e-01 -2.962933652280669850e-01
-2.412542012927252622e-01 -5.379163730340329880e-02 -6.099189978352963504e-01
-1.627463404103433875e-01 -7.696131446941006926e-01 -4.938245140063911298e-02
1.541373666348710147e-01 2.724214698536855384e-01 8.775279920892259389e-02
-1.018669650864790915e-01 -7.001950383758369367e-02 -8.928620596831741973e-02
-3.043045127842674002e-01 2.831365888520152585e-01 -1.731375496688934978e-01
1.024228333474836161e-01 -6.042054450459389825e-01 3.720282210260302258e-01
5.127649421453757128e-01 -1.235475213315797571e-01 9.503561394830353781e-02
-4.403565758863089291e-02 4.426539461539997777e-01 -1.898059740372211035e-01
3.159077207998440273e-01 1.270346810712021379e-01 -1.021219762380038004e-01
6.919548889771469646e-01 -4.345131464615631933e-01 -3.925308261584852243e-01
6.897820022973866205e-02 -4.488632413984147695e-02 5.338229282457023217e-01
-5.623935436431378582e-02 -3.069961225806929761e-01 -2.865560725671095765e-01
3.385372210131254445e-01 -2.365128205382142912e-01 1.067520948616676110e-02
-3.546665048330576164e-01 1.019040011112525429e-01 5.160330831395105733e-01
6.912193314059534854e-01 2.665841035719316299e-01 -6.615552840543968971e-01
-3.833976778140825714e-01 2.236397679495096269e-01 5.600159241908357899e-01
3.381827401594441063e-01 -1.638603764801161156e-01 5.097897774708964880e-01
5.609978058652044242e-01 8.295180711456567879e-02 1.657868860951524637e-01
1.518300774009962439e-01 -3.370290113449124769e-01 8.565210259953011385e-02
3.351894120322855275e-01 -6.023158520599977001e-02 -3.235490219572716986e-01
6.279274353332402470e-01 2.960760815987351635e-01 2.817349940409180076e-01
-2.061090039884448111e-01 2.252657145583694676e-01 -4.226937015316261093e-01
1.812936529740773739e-01 -2.497997572192754145e-01 -3.954197835940584382e-01
-8.427538274511030270e-02 -2.061891949370011634e-01 -5.196090624507505584e-01
9.924188572741744763e-02 -9.193623185667857550e-03 -2.603348730150547574e-01
8.699362404233747237e-02 1.326977506902921600e-01 -9.239277518770266928e-02
5.997123593367539168e-02 -1.246380333273423568e-01 6.358197115733280058e-02
1.004722184536165769e-01 2.661088787853594165e-02 -3.874931126571382750e-02
-3.954983737586555137e-02 1.528609664471632101e-01 9.696676173526051767e-02
-2.662000109769496747e-01 -1.076530879028135546e-01 7.102050928779973793e-02
6.416631737084943499e-01 3.043603424288021664e-01 -2.917846756172611800e-01
-2.295551151848784083e-02 3.955782579521067710e-01 -4.701008616004654361e-01
-3.275459638096275272e-01 5.654084527162756002e-01 4.160251038690534475e-01
-1.201849857042523589e-01 4.106186534946720257e-01 1.061513069861404618e-01
4.035142841179820139e-01 -1.343936451359927509e-01 -5.245181468352894116e-01
-6.412786013597027157e-01 1.291649700845143300e-01 -2.814099304906205259e-02
4.330463556905377320e-01 -5.224713836990360454e-03 -4.308728234536107204e-01
-1.571585005559365533e-01 1.250925839837587206e-01 3.007863311827643216e-01
1.880346058337015527e-02 5.294730954602649281e-02 1.593343468692957066e-01
2.630174942405437769e-02 -6.964204840623311465e-01 -5.593516499550575949e-01
-2.862021626206361358e-01 -3.166399443300486061e-01 3.327046005242352833e-01
2.882156552407794115e-01 -3.692946865149817071e-01 2.791911812126294801e-01
1.190295517817368809e-01 -2.256382603178791191e-01 -3.699641150204777129e-01
9.163771513229644616e-02 -3.356672431944573431e-01 9.452020697915973491e-02
-1.392690818839025235e-01 -4.341541094716650506e-01 1.970382235790267278e-01
-2.230465707629546157e-03 3.479285825705448199e-01 -2.289344489805573424e-01
-3.126808731170088174e-01 -3.890754793520094235e-01 3.001697280740368012e-01
4.387487406381285898e-02 3.803547900955305261e-01 3.344308643922754287e-01
-9.544094332681081483e-02 3.107060325853797655e-01 -7.229615859840692049e-02
-1.931632804108479248e-02 7.721025345938081763e-02 2.718296172650572218e-01
-2.344480504058804315e-01 -3.832409678350306992e-01 -1.544614737796476678e-01
1.811109582282981745e-01 -4.465948080329164016e-01 2.191231938219506126e-01
-4.378304824741379719e-01 1.346519741818942295e-01 2.746445465323249513e-01
2.996457799891751317e-01 -1.863811068368105388e-03 5.638776768832195474e-01
2.006707146248098983e-01 -4.471501456770069494e-01 -6.798791973801199392e-04
2.369818522783056006e-02 2.775842544995238970e-01 -2.828268862685180407e-01
6.432650525626779636e-01 2.056510042072081518e-02 -2.482938618935386088e-01
7.450837714660699662e-01 4.012844320586325501e-03 -9.263482119109782420e-02
6.025669338341159698e-01 -5.625143267940783121e-01 -3.858888567184249885e-01
-9.392831380147227682e-02 -8.846387923117168262e-01 6.071198922794208697e-01
3.737170043230470667e-02 -6.009822507000464054e-01 -3.943759329593202190e-01
-2.311027774009080105e-01 3.595806823804345020e-01 -2.374958509220455316e-01
6.476023592394650752e-01 -3.256616311846362022e-01 -3.784925198829240944e-01
2.489294469549696576e-01 3.429066062021655092e-01 -1.611017778551707968e-01
1.277418075058493196e-01 2.820471833103110892e-01 3.364415096099359626e-01
2.490747406505778583e-01 -1.093664555523287396e-01 -9.069975664292914685e-02
4.275865887407829247e-01 4.524649145657712590e-01 -2.378548319011180023e-01
-1.506829988403354803e-01 1.467860355576001141e-01 9.567130932230123730e-02
-2.507767273297010768e-01 -2.556281016399952200e-01 1.523325561468960310e-01
-5.117520446149279381e-03 6.952421448967162354e-02 9.972321286809152086e-02
2.214016745484855830e-01 4.861126441997025427e-02 -2.059767551396791685e-01
-2.290353611156278613e-01 7.583706654847477413e-02 -6.266711946064662531e-02
1.681328243418492852e-01 5.788882963446074781e-01 -1.592672494382213200e-01
-1.893182231334435417e-01 -5.819546459036882835e-01 -2.539153173487644979e-02
-7.977611011870856805e-02 -4.391199545477675326e-01 1.458209777543467145e-01
-3.464669772710797790e-01 2.183331456719086322e-03 1.055855601585283104e-01
7.799576475872379566e-01 -5.690934829514550097e-01 2.076527839279191101e-01
-3.401457055523608441e-01 -4.247597353575466306e-01 1.568358841790571667e-01
1.565887786379606683e-01 -3.447643615117283039e-02 -1.186041755674396292e-01
1.895156160058452388e-01 -4.076581070500620019e-01 -4.830701496088907754e-01
1.057854304724734351e-01 5.510463290930689428e-01 -2.024764174994524990e-01
1.876281909092784583e-01 7.775129064475136964e-01 6.928740001731269471e-01
-2.289340446303933241e-01 -3.935564613899303898e-01 1.897927749064773628e-01
1.029021374164293817e-01 3.135523018409728385e-02 -4.709313978934228651e-01
-1.491264678371596597e-01 -4.800637341470641584e-01 1.861780793403563228e-01
3.330931427066239348e-01 7.953880477274753724e-02 2.397702970952652890e-01
-2.466110171050104605e-01 6.038961863567172683e-01 1.130208786770819235e-01
-4.837689971030955105e-01 5.363683834420672480e-02 -7.237238099639281552e-01
1.871085418106178677e-01 -5.194471223697401108e-01 1.787548824768918632e-01
-1.327649253006404351e-01 1.439136147027979262e-01 -3.635216745868903310e-01
-3.891481806479286099e-01 5.952776248473681253e-01 -4.485963920352722956e-01
-3.432249272255117334e-01 -5.979554342452939042e-02 1.848391793795341187e-01
-1.078745621068230021e-01 5.669138000909715869e-01 -1.255264882434346460e-02
2.913970924339471247e-01 -2.786242702208757693e-01 -1.420805437836470016e-02
-2.246611462943150783e-01 1.384190560695051087e-01 -7.115364709235821872e-01
2.256679896900356252e-01 -1.774792899789000011e-01 -2.572709466918561838e-01
7.188639030147539466e-02 1.824898045098621857e-01 -2.197679966949832864e-01
2.341053833749144886e-01 -2.506179278675555455e-01 -1.662884733503287582e-01
-4.864583077953074097e-01 2.132833575789168934e-01 2.441931584408980060e-01
1.063445945960322381e-01 -1.240357324064342293e-02 -1.813153224981852440e-01
-3.604796494487640390e-01 3.723507116055617683e-01 1.908467506113755985e-01
-9.234789143162298874e-02 4.851116881229216582e-01 -1.198160502079141654e-01
3.087130116465824914e-01 1.416084544440289472e-01 7.389500995868493460e-02
-2.536440233156947444e-01 3.610063152309531120e-01 7.954663181258583848e-02
-3.579248784711824144e-02 3.378932758591126628e-01 2.788139386846468226e-01
2.541468762559694339e-01 -1.885172864094208367e-01 -3.172632490194696175e-01
-2.304428415368650618e-01 -2.299913021610967279e-01 1.318806004765081252e-01
-5.101038242177969861e-01 -4.212036515914172052e-01 -3.845350002030535896e-01
3.591975533105666862e-01 -1.950153835746500641e-01 5.725676225703201228e-01
-2.111652038155701072e-01 2.418023569864990452e-01 3.861941622237566318e-01
-1.709688238199248353e-02 -1.514157347702984879e-01 -1.377660038199984838e-01
6.332965151834696327e-01 -1.212446985514723102e-01 1.853275335697745219e-01
-1.515926115117887107e-01 1.187082315413087868e-01 2.019614567408373473e-01
3.128522887972681049e-02 -3.795357069957436824e-01 -1.179908428726372804e-01
-3.837443477696387412e-02 -1.380767892957608101e-01 -2.989338522641030171e-02
4.761928517726790600e-01 -4.269910923067989916e-01 2.157414635549593784e-01
-2.560128344571195314e-01 -2.317875989281742780e-02 -4.184790806878664893e-01
1.398146545635729765e-01 -4.678367896302075835e-01 3.648559462751964355e-02
1.954854741338087898e-01 -2.550094949888333518e-01 1.906552803731577650e-01
-3.967576981389282498e-01 -5.523462570369143225e-03 1.119100206530429520e-01
-1.829890793162519957e-01 4.554270340091664537e-01 -9.906563661472629623e-02
5.083138882702809003e-01 -4.996694251291696753e-01 6.979194328728443031e-01
2.461037709520803585e-01 -2.699962552461427842e-02 -1.466757545270558627e-01
-4.489685407754619439e-01 3.450612923658974429e-01 7.190333051182756785e-02
2.211261954514548711e-01 1.204232907021425825e-01 1.195287729473298172e-01
-3.047341918568904351e-01 7.469948981044738368e-02 1.863814450088557562e-01
-2.619577071027645587e-02 1.008210173603920901e-01 -1.942219454770965359e-01
-5.434154258876424670e-01 -3.358794733244824943e-02 -1.818475647203272871e-01
7.351533619371676265e-01 -7.265052352046655337e-02 2.417530044186882721e-01
4.075445880172547802e-02 2.684214874593869940e-02 1.629698067386708693e-01
-8.637922599071691521e-02 -3.514245514805993120e-01 2.562504559901486734e-01
1.166348984433868419e-01 4.680641454770186061e-02 -2.584511607586574278e-01
-1.692820442807942138e-01 -3.190576505199774204e-02 -4.426097898131862718e-01
4.728422985399729495e-01 -6.944493546892606395e-02 -4.003320670031046968e-01
6.546870368945294227e-03 -1.696593714678212572e-01 1.558334958922043822e-01
-9.562341568469696906e-02 -1.734606526773901924e-01 1.797750190745481813e-01
5.966850972271636744e-01 -2.980431855785568573e-01 -5.492761362898275213e-01
-6.152812087631727433e-02 5.351369630481168649e-01 -8.861635146177154754e-02
-2.975932835053170522e-01 3.472043822586837192e-01 1.303684551734828889e-01
-3.188661742125654119e-01 2.234716373089671859e-01 -1.468203208522096855e-02
-6.958453314740890849e-02 2.768337421660923559e-01 3.900023313047810136e-01
1.428792181092344016e-01 -4.804742621474059061e-01 -1.651008555073551487e-01
-4.706398031646155666e-01 -2.792774556943259379e-01 -1.258227440120194829e-01
-3.463688416649335911e-01 -8.553346705451758680e-02 -1.533615834934974886e-01
-5.265820367128674073e-01 -3.163532486266936727e-01 1.242354182846282760e-02
3.363105364903168359e-02 -3.954950686300922058e-01 4.655527611293469592e-01
-9.325108147213626020e-02 1.604828734542916024e-01 2.138251941036130310e-01
6.248754657738420093e-01 2.453739781721558655e-01 1.005881115951617749e-01
3.124924168425624593e-01 -5.016883481734405598e-02 -4.462546037296712814e-02
8.772430928211932821e-01 -2.281990415414489881e-01 6.532812425941908474e-02
-1.813501318495124859e-01 -4.672394727677451343e-01 -7.714109663066290312e-02
-7.588535952741085611e-01 -6.175934714141202014e-02 3.049363220667199448e-01
-3.105510434170736800e-01 -2.222730640043068806e-01 5.133001704784421193e-01
5.008973977274123746e-01 2.894595139582716858e-01 -4.133731663730252359e-01
-1.702592442387456662e-01 -2.698468476628048118e-01 -1.756668609468098885e-01
-3.701636103376652887e-02 -6.244679160423612790e-02 -6.798403842223199600e-02
-4.517531627286953677e-01 -1.598476467912782750e-01 -7.504286203854509951e-01
-2.045570191049890518e-01 -6.796750380603958086e-02 -4.076806296924952999e-01
-5.755725748178346368e-01 2.637061565318443712e-01 -4.192177919134728453e-02
2.666300636335666163e-01 -1.000206216919840158e-01 -1.481528337733443446e-01
1.373116588038456320e-01 3.498766757195215932e-02 -2.254927848877184282e-01
-3.267844072393188970e-01 1.085858379005127383e-01 2.783582219515744888e-02
-8.380459984792017203e-02 -7.439368193427151055e-02 -4.155238184650051347e-01
-3.912234758483821850e-01 -9.752218500459239880e-01 -3.218383574820968818e-01
-2.783262356001235394e-01 2.452004567931100054e-01 2.794795903249518501e-02
-1.335921004144683955e-01 3.074162194150553140e-01 -5.275101328533100542e-01
-5.364561817323361126e-01 3.514187817775922817e-01 3.541164673187858214e-01
3.077204919697526520e-01 -2.317968257040717295e-01 1.984433085672548391e-01
1.335251868630094596e-01 -1.747215815030956354e-01 9.250417006626562855e-02
5.284705181284841125e-01 -5.780035158972760545e-01 -5.027786482048116623e-01
-9.151489529878217843e-02 -1.596080923885308811e-01 -5.875456513234186273e-01
-5.569266007682939223e-01 1.075212954202010573e-01 7.767260953189659978e-02
-7.625429703245546476e-01 -1.125796685796194019e-01 -1.214643259025213334e-01
-5.028123435691834731e-01 -1.329178366514827958e-01 -3.615011585714737047e-02
2.381413669412179857e-01 -2.896254682504618150e-01 5.474600530372614182e-01
4.426661359376676819e-01 3.795515234279809302e-01 -3.016482480663628118e-01
-6.093161632591411747e-01 2.284965686222489578e-01 -4.597010602490086278e-02
6.056910480272887920e-01 -1.950160399744963746e-01 7.341854748476914216e-02
-2.409508623228178575e-02 -1.870606769587118134e-01 -1.073059038712316920e-01
4.407374058374616266e-01 -2.874402376489443856e-01 1.104418973636566575e-01
-1.458259397952715863e-01 1.879412614435575779e-01 -1.345662590161472993e-01
2.219843083850625565e-01 -3.828785459853524809e-01 -4.751567377222062905e-01
5.656333173730043740e-01 -2.855676697796123986e-01 -3.486494839387497824e-01
2.262395070092552626e-02 -2.344356338088413871e-01 2.839182257106115381e-01
-4.904263632253393346e-01 -3.126678361379505167e-01 -3.405049725894822021e-01
7.725840571817557678e-02 -6.342748123964890850e-01 6.696848941182693971e-02
-1.891506920525032054e-01 1.312045617029217459e-01 -5.177056293342746640e-01
-1.835041245711593882e-01 -3.352176578066746321e-02 -3.371315518001459233e-01
4.381887639711948279e-01 -1.418250526944682954e-01 4.803650104048314828e-01
-1.311074445775810837e-01 -9.634220255817463330e-02 -1.681794824560374213e-01
1.044220210703582924e-01 4.595802367757428342e-01 3.566243568141141407e-01
-6.370061698608753264e-02 2.285691737177890370e-01 -3.728405346883640337e-01
2.777757251423168539e-01 5.235785362297842305e-01 -4.966147610783689381e-01
1.459527141750645018e-01 -1.025629184405017491e-01 9.222376594141606931e-01
4.454679155440233185e-01 1.895823515203262366e-01 1.249930838205113998e-01
-3.390939121600863304e-01 1.604092007266217090e-01 3.581460154499400139e-01
-1.844052340129753720e-01 -1.630318753370048890e-01 -4.030954026656189959e-01
1.836284958144060731e-01 -8.381098003999965310e-03 -3.408228180146746777e-01
3.285807799406860741e-01 3.868318023782194026e-02 1.472019199408155510e-01
-3.257788860324191682e-01 2.717741713105986667e-01 -8.143472157852971183e-02
-3.119013258874601680e-01 5.185545349957482175e-01 3.857373139568711640e-01
5.130762058888765909e-01 4.524912628447375074e-02 -6.150081524860312454e-02
3.308192342187782353e-02 2.579032476685890196e-01 -3.747960554945397038e-01
-1.454831529675617574e-01 2.567698708281445849e-02 2.230849622245226899e-02
-2.850581937896499718e-01 -8.197017926807402544e-02 -2.026470128135050008e-01
-1.487709158410269183e-01 -3.424151910535035981e-01 -3.053361700314625726e-01
2.465798832791675776e-01 2.914314215887012227e-01 2.748948379377192386e-01
-2.488831577611343437e-01 -2.317174004208384652e-01 -1.509338158597318125e-01
-4.972627127425449656e-02 2.105550370577194685e-01 -2.229261917674501547e-01
4.994421247478850190e-02 4.507588249531921942e-01 -3.162498878393462526e-02
-3.920269509852800649e-01 6.382409260052029909e-02 -1.451811782203924206e-01
-4.989126473166610731e-02 -6.042295162899386646e-02 -2.356052947322120200e-02
-3.117382549423361113e-02 2.918063144625337446e-01 -2.652001504406746157e-03
3.049052589266259550e-01 4.287151329685864182e-02 -3.800983358927734757e-01
1.556628217555532968e-02 6.470478899316044474e-01 -4.807258605877048341e-01
1.788182154694808318e-02 -1.675459168273652488e-01 3.527819976301839466e-02
-4.151030449596878613e-01 -6.729775317198049001e-01 -5.353467412153533056e-01
-2.699468778993865947e-01 3.480131198002242021e-01 -3.941893896839707701e-01
-9.008939748947260018e-01 -4.231848656278721643e-01 -4.427158327994195480e-02
3.836217065444794128e-01 -5.188969673563296192e-01 -4.602648250600660518e-01
4.469101866943696599e-01 -3.503168460773291026e-01 -9.564289975902036112e-01
7.886696142478051563e-02 -3.219709517607353688e-01 -1.138099926653671073e-01
-2.287096694816687370e-01 -4.945441285107843865e-01 -5.477933301352893442e-02
2.701484798478253624e-01 3.663625321414331060e-01 7.495283451621391757e-01
3.993734534387192725e-01 -6.606069758376456047e-01 6.958826253051400568e-02
4.406980933155041358e-01 -1.971974167962628477e-01 4.791452143559729038e-01
-1.556846881520174697e-01 1.080878393478690719e-01 1.235131649684448191e-01
3.173881079721350695e-01 -4.185634205004646891e-01 -5.606354878486667914e-01
2.983590253564107897e-01 3.790511623096640137e-01 7.179420338303036386e-01
-9.956373612341780366e-02 -1.030550037149994408e-01 7.395690105330685604e-01
4.175454917760922369e-01 -5.256891130859604466e-01 -1.022529228829078402e-01
3.149213758536019148e-01 6.713874350225611243e-02 -4.199727490585960510e-01
-8.037037217646961218e-02 -1.288877328286401891e-01 -5.232527859822472954e-02
-1.788524711817480184e-01 5.178754868141469681e-01 -1.203944524976572478e-01
-6.410645489240854866e-01 -1.370630683330671118e-01 -2.481208855815850434e-01
-2.477355779370466471e-01 2.540904146307147726e-02 -2.271322401260965629e-01
-1.058181883976712923e-01 -2.073534741998753206e-01 2.726598833468530936e-01
-3.029170997848952274e-01 1.618952385299977370e-01 5.013934032996196777e-01
5.831384006618149929e-01 -2.154474379160343234e-01 2.692803426458584837e-01
3.424919819032196805e-02 7.188876437690631949e-02 4.901833790891296089e-02
8.222369269207707720e-02 -3.406867504712615680e-02 -7.699971786002448582e-01
2.063000755621759164e-01 1.810793497290061060e-01 7.001628265876936111e-03
6.501747149009098337e-01 2.954002974118368763e-01 2.315326483601987950e-01
-1.672581320580178998e-01 -5.370900091574223323e-01 -4.129223124678587653e-01
-3.472656263163651502e-01 1.217929222741442052e-01 -2.884265604547494588e-01
-2.523161641830424032e-02 2.125903348608977894e-01 -3.220490845226825494e-01
-1.805830139061928297e-01 -2.917439800204729150e-01 7.328817685401990689e-02
2.668390490399821235e-01 2.117967950571748859e-01 -2.634047184207024550e-01
-5.794765689837343414e-01 -6.431103062093650458e-01 -3.549600617194391128e-01
1.383857618675708445e-01 -5.004034049095419379e-01 -8.168664402968126570e-01
-2.265545125314533670e-01 6.405800531277258125e-01 -1.698139146006727995e-01
-1.119898810229671970e-01 4.393869010753832516e-01 -6.254738625919201711e-01
6.282755301380263946e-01 1.706689060667223867e-01 3.945250476589880900e-02
1.687522632981880433e-02 3.681603882154703411e-02 2.075788194099988104e-01
3.224827597047394412e-02 -6.056400601914342374e-01 2.624303056658753852e-01
5.105983460721123107e-02 -6.908777951322969679e-01 -3.616019520762491224e-01
-1.414082770275421896e-01 1.152739799572067292e-01 6.497863317504470188e-03
1.411437610971281176e-01 3.220698216649072743e-01 1.776886422827124723e-01
-8.518046595324203496e-01 4.581253530413618158e-01 2.393947989325912185e-01
-2.091494992330228744e-02 7.553287310422462930e-02 -2.645048563953137921e-01
-2.670949640596638197e-01 1.414482251229050025e-01 -2.804575732484382647e-02
3.474965253649172081e-01 -3.672849652288119882e-01 -2.077002478533718499e-01
1.317626859545339328e-03 -1.120318110560075409e-01 6.815609047792230146e-02
1.410280562615396083e-01 4.019954976893288373e-02 -1.041719338902083181e-01
6.820303816921026441e-02 1.269274007189663545e-01 3.382803932882182951e-01
6.413714484805419502e-01 5.884495696040983326e-01 -3.039438377303702588e-01
-6.254831295472064179e-01 -3.095458994092176175e-02 1.112321443512503810e-01
-1.578329768439468705e-01 1.791576126497914090e-01 -3.648390153912026840e-02
2.727254457652676378e-01 -2.469372523425543142e-01 -5.269791793714604378e-01
-3.963529132038398073e-01 -3.459509796734621667e-01 -8.636773208386683276e-01
-4.259088171274450496e-01 -1.686132026507313475e-01 -7.728643867278504054e-01
2.362754668267380911e-02 7.871575151756327049e-01 2.236486553691597323e-01
-1.608764819436855065e-01 1.198823552922095165e-01 4.485798184352074447e-01
3.656532316104002533e-01 -2.166618775645411943e-01 1.617773504989708511e-01
-1.096891810169939308e-01 -2.585234932176925238e-01 -3.196222094345733677e-01
-2.277766697122158568e-01 -2.771320124093158976e-01 -3.107453058220419062e-01
5.922534613203994658e-01 2.834578401977582152e-01 -1.628088481727627823e-01
2.849117560267669935e-01 -4.154404073780005313e-01 -4.168694273951950580e-01
2.329215321329039870e-02 7.578835473282219404e-01 4.021841332004163494e-01
-2.814853259056591117e-01 1.214718652991893383e-01 -1.559502876280406403e-01
-6.596540971700898259e-01 1.168247973747881113e-01 3.333356659396289334e-01
3.168627814242909180e-01 3.189333192980861598e-02 1.531055730962504191e-01
-7.041042258110195851e-02 6.791776161697453684e-01 -3.075822626482331290e-01
-1.875368737985380063e-01 1.042867182012330168e-01 -1.550062241775242711e-01
2.041373805026044583e-02 -2.070901609888257944e-02 -3.834796940168742063e-01
2.600860878467901038e-01 2.054766276643818779e-01 -6.197754016888806783e-01
5.733139864425659260e-01 -1.586008628554289590e-01 -2.329374943688723720e-01
-3.998008950399195571e-01 -2.813397652586274375e-02 -2.246468633048836205e-01
-7.397936779086378145e-02 2.920207856192503226e-01 2.562825308192448470e-01
-7.961854484781098057e-03 -2.465141892856060335e-01 2.558988297307423360e-02
1.897800217830139524e-01 -2.048784355071112118e-01 -1.771964381718621750e-01
7.118824595412791278e-02 2.894494255276363823e-02 -9.515531172655879166e-02
-5.007765080655152135e-01 1.480522546469714706e-01 -1.223150583408830205e-01
-3.010243122911144265e-01 1.250398350921773094e-01 -3.178405693438071666e-01
1.940642755402723907e-01 6.057172893650931700e-01 8.502128865068446506e-02
1.589824205936823664e-01 -2.361249488367049565e-01 -1.931243409428842206e-01
-9.634804118448865584e-02 -3.861076016749669382e-01 -6.741426840829675693e-02
-7.426296159946953190e-02 -5.487523671762402078e-01 1.365098971319525234e-01
-1.687417710388438852e-01 -1.859695369253935859e-01 5.783218283572201246e-01
-1.515185537993258592e-02 -3.777966766437556578e-01 3.199333071571938691e-01
1.358165941379871067e-01 6.590001519185479939e-01 -1.234267188483821887e-01
-6.543460940877300347e-01 -4.957415060096034831e-01 4.660107329840822987e-01
2.634353549142541273e-01 -1.733337521140373427e-01 3.606652275615940817e-01
-1.936244337618756028e-02 -2.541323696899158713e-01 -1.843808708176964961e-01
2.035090759637844249e-01 -7.329714933577711200e-01 1.584828100324958966e-01
3.366111225203382573e-01 -2.594721026322420743e-01 4.616081555613655296e-01
-1.989811423940404667e-01 3.479306458167722438e-01 -1.484161195833145763e-01
-1.222982582852088218e-01 -3.476317669284210155e-01 1.637034492193439050e-01
-7.312352291343290900e-02 2.083746311304512933e-02 -2.120707160136749703e-01
4.896644679829453839e-01 1.003010422593533443e-02 1.325961242249617811e-01
-5.750120081415786011e-01 2.151510933272992865e-01 6.380135132828577971e-02
-6.118648522202702923e-03 1.554079747072487083e-01 -2.443788285699063922e-01
-5.260108165668239133e-01 -1.400610216139809572e-01 -1.091716037585686860e-02
-1.882768433645378992e-01 -1.251091737326631426e-01 1.248276210823764665e-01
-2.331114363315511251e-01 2.142560650533534838e-01 -3.875266464790767529e-01
5.474078256762194838e-01 2.162444892086402004e-01 2.504424770374748949e-02
2.962822184862381469e-01 -5.403676327115448236e-02 3.800452453900006189e-01
5.836926714121860593e-01 -4.650943902464701463e-01 3.823319287563443636e-01
1.005134895747411772e+00 1.776639178005946507e-01 -1.455012609526678824e-01
2.550638039983610730e-02 3.608076020723351429e-01 -2.832871154375602579e-02
5.041470911908263464e-01 3.513427719337769983e-01 -3.472189777763666219e-01
-2.931798058165900334e-01 -5.966966820475451405e-02 -2.860479606381637896e-01
-2.681042416418236707e-01 5.076540976551685569e-01 -1.332717955652668873e-01
-4.961028385178148370e-01 3.303942588654188439e-01 4.237241764975528957e-01
5.069466694659574557e-02 -1.101446606651238207e-03 -1.540385746644037657e-01
6.773004673195716085e-01 2.618946329811942531e-01 1.203752771587365822e-01
3.118321611565426088e-01 1.739967677102191301e-01 9.120528748002247610e-02
1.566214792837743175e-01 1.772721661254360592e-01 -4.297803491904236828e-01
9.984927555241451813e-02 3.228373027056243294e-01 -1.102528071370702384e-01
-3.878257965462046930e-01 -7.994059069456893596e-02 -1.370200048695410788e-01
1.294792231380725300e-01 -3.147137421456390471e-02 3.161994481183569849e-01
4.074534482470123509e-01 -4.057360071564758974e-01 1.107927454564309050e-01
-9.335554973006060520e-02 3.087090196400817388e-01 4.667337641613673593e-01
2.177047766513851568e-01 -2.992055694078448735e-01 1.139230351857696555e-01
2.181798974492037135e-01 -2.018070312313485493e-01 9.528676897071670926e-02
-2.844866787451175716e-01 -5.525280695675452991e-01 -6.413998258686847143e-01
-4.587956109387597570e-02 -1.677592570165103714e-01 -9.732351497942985652e-02
2.429926753859761313e-01 5.738818767160430712e-01 1.065974451747300628e-01
-8.211592270939661875e-02 6.431761854765042363e-01 1.109508099695500141e-02
-4.341613312318030604e-01 3.262062320027434015e-01 -5.303991006464285896e-01
-4.298182977711034747e-01 -2.023319429957375626e-01 -1.469874512608657369e-01
4.895746566027728841e-01 -2.305702314690635524e-01 -2.198252832137071178e-01
-6.747106667006595726e-02 2.683992627929416425e-02 -4.195082074255380711e-01
1.927050177429139588e-01 1.857095425519943444e-01 3.447923698279747318e-01
-1.016662401055188208e-01 1.855741172856474053e-01 4.736915123310178055e-01
6.395064124979497888e-02 -1.494925090160815484e-01 -1.519565824977714141e-01
1.399982489327279422e-01 1.556308375147330558e-01 -2.921952707162399632e-01
3.176173840381494862e-01 5.308162514800548321e-02 1.703653244870048655e-01
-1.560979606138131193e-02 -1.194458316261803460e-01 -4.290465026888024558e-01
-4.747679639257891271e-01 -4.062182996424702486e-01 -4.557649906490784941e-01
-5.526974203285643927e-01 -3.341194973256704781e-01 7.708878391958810805e-02
1.256027579072179455e-02 3.333511225975397188e-03 9.526858845092209260e-02
-2.346706170073125375e-01 3.387136924876992805e-01 -7.023717478304283279e-01
1.239181966736388057e-01 6.984958878619947076e-02 -1.025914088829518039e-01
-3.735490375186079071e-01 1.788644558562293985e-01 -1.581024403680472007e-02
3.344088949401895494e-01 -5.982975701089651363e-03 -3.152002819615014606e-01
4.573555544723454935e-01 -1.299415097521802454e-01 -3.556380760409495467e-01
3.954219644396851641e-02 1.737060451837724173e-01 1.997909367796463220e-01
-2.245676700155476435e-01 -3.677549076179699727e-01 3.016166849937343408e-01
-1.788767996592141030e-01 -9.781490024457258070e-02 -1.897980475729510452e-02
-4.610050416945252194e-01 -1.233660280995568792e-01 1.716171015063674143e-01
5.465883599483019051e-01 -2.948340356325989675e-01 -1.163550648807529231e-01
8.505213264409072771e-02 -2.434190838736257356e-01 -2.129098109166651098e-01
-9.563893741475548715e-02 1.953845368503205893e-01 1.432346136000435012e-02
-2.358135243407141202e-01 1.025373792020329022e-01 -4.237781952064176849e-01
-4.024974995089100616e-01 -3.654061796887467239e-01 -2.001702467526319529e-01
-1.002544750928696937e-01 -2.369100622059408523e-01 2.324814069962512497e-01
3.100398875783413888e-01 -7.188316157883785085e-01 -2.628186389583428983e-01
6.172877861349203299e-02 -1.789857788248735426e-01 6.015421783291852176e-02
1.391075944317120804e-02 2.482515837789991409e-01 -2.295566866670915585e-01
-2.865224993660755448e-01 2.150825383965405263e-02 -3.092243892695057533e-02
-7.423444340136488295e-02 -3.878229806313613359e-01 2.868757166277193793e-01
2.535826638455054849e-01 1.823548508873826246e-01 2.309259797766889388e-01
5.697941758457462230e-02 8.116680526084962821e-01 -4.880244510849251482e-01
1.024755130815429571e-01 1.262817664529783390e-01 -7.135708955438969936e-02
-8.418409892628508917e-02 1.760240059266909574e-01 -3.218012316521060012e-02
