1000
3
0
1.4188880292748937e-06
1.4188880292748937e-06
1.4188880292748937e-06
1.4188880292748937e-06
1.4188880292748937e-06
1.4188880292748937e-06
1.4188880292748937e-06
1.4188880292748937e-06
1.4188880292748937e-06
1.4188880292748937e-06
1.4188880292748937e-06
1.4188880292748937e-06
1.4188880292748937e-06
1.4188880292748937e-06
1.4188880292748937e-06
1.4188880292748937e-06
1.4188880292748937e-06
1.4188880292748937e-06
1.4188880292748937e-06
1.4188880292748937e-06
1.4188880292748937e-06
1.4188880292748937e-06
1.4188880292748937e-06
1.4188880292748937e-06
1.4188880292748937e-06
1.4188880292748937e-06
1.4188880292748937e-06
1.4188880292748937e-06
1.4188880292748937e-06
1.4188880292748937e-06
1.4188880292748937e-06
1.4188880292748937e-06
1.4188880292748937e-06
1.4188880292748937e-06
1.4188880292748937e-06
1.4188880292748937e-06
1.4188880292748937e-06
1.4188880292748937e-06
1.4188880292748937e-06
1.4188880292748937e-06
1.4188880292748937e-06
1.4188880292748937e-06
1.4188880292748937e-06
1.4188880292748937e-06
1.4188880292748937e-06
1.4188880292748937e-06
1.4188880292748937e-06
1.4188880292748937e-06
1.4188880292748937e-06
1.4188880292748937e-06
1.4188880292748937e-06
1.4188880292748937e-06
1.4188880292748937e-06
1.4188880292748937e-06
1.4188880292748937e-06
1.4188880292748937e-06
1.4188880292748937e-06
1.4188880292748937e-06
1.4188880292748937e-06
1.4188880292748937e-06
1.4188880292748937e-06
1.4188880292748937e-06
1.4188880292748937e-06
1.4188880292748937e-06
1.4188880292748937e-06
1.4188880292748937e-06
1.4188880292748937e-06
1.4188880292748937e-06
1.4188880292748937e-06
1.4188880292748937e-06
1.4188880292748937e-06
1.4188880292748937e-06
1.4188880292748937e-06
1.4188880292748937e-06
1.4188880292748937e-06
1.4188880292748937e-06
1.4188880292748937e-06
1.4188880292748937e-06
1.4188880292748937e-06
1.4188880292748937e-06
1.4188880292748937e-06
1.4188880292748937e-06
1.4188880292748937e-06
1.4188880292748937e-06
1.4188880292748937e-06
1.4188880292748937e-06
1.4188880292748937e-06
1.4188880292748937e-06
1.4188880292748937e-06
1.4188880292748937e-06
1.4188880292748937e-06
1.4188880292748937e-06
1.4188880292748937e-06
1.4188880292748937e-06
1.4188880292748937e-06
1.4188880292748937e-06
1.4188880292748937e-06
1.4188880292748937e-06
1.4188880292748937e-06
1.4188880292748937e-06
1.4188880292748937e-06
1.4188880292748937e-06
1.4188880292748937e-06
1.4188880292748937e-06
1.4188880292748937e-06
1.4188880292748937e-06
1.4188880292748937e-06
1.4188880292748937e-06
1.4188880292748937e-06
1.4188880292748937e-06
1.4188880292748937e-06
1.4188880292748937e-06
1.4188880292748937e-06
1.4188880292748937e-06
1.4188880292748937e-06
1.4188880292748937e-06
1.4188880292748937e-06
1.4188880292748937e-06
1.4188880292748937e-06
1.4188880292748937e-06
1.4188880292748937e-06
1.4188880292748937e-06
1.4188880292748937e-06
1.4188880292748937e-06
1.4188880292748937e-06
1.4188880292748937e-06
1.4188880292748937e-06
1.4188880292748937e-06
1.4188880292748937e-06
1.4188880292748937e-06
1.4188880292748937e-06
1.4188880292748937e-06
1.4188880292748937e-06
1.4188880292748937e-06
1.4188880292748937e-06
1.4188880292748937e-06
1.4188880292748937e-06
1.4188880292748937e-06
1.4188880292748937e-06
1.4188880292748937e-06
1.4188880292748937e-06
1.4188880292748937e-06
1.4188880292748937e-06
1.4188880292748937e-06
1.4188880292748937e-06
1.4188880292748937e-06
1.4188880292748937e-06
1.4188880292748937e-06
1.4188880292748937e-06
1.4188880292748937e-06
1.4188880292748937e-06
1.4188880292748937e-06
1.4188880292748937e-06
1.4188880292748937e-06
1.4188880292748937e-06
1.4188880292748937e-06
1.4188880292748937e-06
1.4188880292748937e-06
1.4188880292748937e-06
1.4188880292748937e-06
1.4188880292748937e-06
1.4188880292748937e-06
1.4188880292748937e-06
1.4188880292748937e-06
1.4188880292748937e-06
1.4188880292748937e-06
1.4188880292748937e-06
1.4188880292748937e-06
1.4188880292748937e-06
1.4188880292748937e-06
1.4188880292748937e-06
1.4188880292748937e-06
1.4188880292748937e-06
1.4188880292748937e-06
1.4188880292748937e-06
1.4188880292748937e-06
1.4188880292748937e-06
1.4188880292748937e-06
1.4188880292748937e-06
1.4188880292748937e-06
1.4188880292748937e-06
1.4188880292748937e-06
1.4188880292748937e-06
1.4188880292748937e-06
1.4188880292748937e-06
1.4188880292748937e-06
1.4188880292748937e-06
1.4188880292748937e-06
1.4188880292748937e-06
1.4188880292748937e-06
1.4188880292748937e-06
1.4188880292748937e-06
1.4188880292748937e-06
1.4188880292748937e-06
1.4188880292748937e-06
1.4188880292748937e-06
1.4188880292748937e-06
1.4188880292748937e-06
1.4188880292748937e-06
1.4188880292748937e-06
1.4188880292748937e-06
1.4188880292748937e-06
1.4188880292748937e-06
1.4188880292748937e-06
1.4188880292748937e-06
1.4188880292748937e-06
1.4188880292748937e-06
1.4188880292748937e-06
1.4188880292748937e-06
1.4188880292748937e-06
1.4188880292748937e-06
1.4188880292748937e-06
1.4188880292748937e-06
1.4188880292748937e-06
1.4188880292748937e-06
1.4188880292748937e-06
1.4188880292748937e-06
1.4188880292748937e-06
1.4188880292748937e-06
1.4188880292748937e-06
1.4188880292748937e-06
1.4188880292748937e-06
1.4188880292748937e-06
1.4188880292748937e-06
1.4188880292748937e-06
1.4188880292748937e-06
1.4188880292748937e-06
1.4188880292748937e-06
1.4188880292748937e-06
1.4188880292748937e-06
1.4188880292748937e-06
1.4188880292748937e-06
1.4188880292748937e-06
1.4188880292748937e-06
1.4188880292748937e-06
1.4188880292748937e-06
1.4188880292748937e-06
1.4188880292748937e-06
1.4188880292748937e-06
1.4188880292748937e-06
1.4188880292748937e-06
1.4188880292748937e-06
1.4188880292748937e-06
1.4188880292748937e-06
1.4188880292748937e-06
1.4188880292748937e-06
1.4188880292748937e-06
1.4188880292748937e-06
1.4188880292748937e-06
1.4188880292748937e-06
1.4188880292748937e-06
1.4188880292748937e-06
1.4188880292748937e-06
1.4188880292748937e-06
1.4188880292748937e-06
1.4188880292748937e-06
1.4188880292748937e-06
1.4188880292748937e-06
1.4188880292748937e-06
1.4188880292748937e-06
1.4188880292748937e-06
1.4188880292748937e-06
1.4188880292748937e-06
1.4188880292748937e-06
1.4188880292748937e-06
1.4188880292748937e-06
1.4188880292748937e-06
1.4188880292748937e-06
1.4188880292748937e-06
1.4188880292748937e-06
1.4188880292748937e-06
1.4188880292748937e-06
1.4188880292748937e-06
1.4188880292748937e-06
1.4188880292748937e-06
1.4188880292748937e-06
1.4188880292748937e-06
1.4188880292748937e-06
1.4188880292748937e-06
1.4188880292748937e-06
1.4188880292748937e-06
1.4188880292748937e-06
1.4188880292748937e-06
1.4188880292748937e-06
1.4188880292748937e-06
1.4188880292748937e-06
1.4188880292748937e-06
1.4188880292748937e-06
1.4188880292748937e-06
1.4188880292748937e-06
1.4188880292748937e-06
1.4188880292748937e-06
1.4188880292748937e-06
1.4188880292748937e-06
1.4188880292748937e-06
1.4188880292748937e-06
1.4188880292748937e-06
1.4188880292748937e-06
1.4188880292748937e-06
1.4188880292748937e-06
1.4188880292748937e-06
1.4188880292748937e-06
1.4188880292748937e-06
1.4188880292748937e-06
1.4188880292748937e-06
1.4188880292748937e-06
1.4188880292748937e-06
1.4188880292748937e-06
1.4188880292748937e-06
1.4188880292748937e-06
1.4188880292748937e-06
1.4188880292748937e-06
1.4188880292748937e-06
1.4188880292748937e-06
1.4188880292748937e-06
1.4188880292748937e-06
1.4188880292748937e-06
1.4188880292748937e-06
1.4188880292748937e-06
1.4188880292748937e-06
1.4188880292748937e-06
1.4188880292748937e-06
1.4188880292748937e-06
1.4188880292748937e-06
1.4188880292748937e-06
1.4188880292748937e-06
1.4188880292748937e-06
1.4188880292748937e-06
1.4188880292748937e-06
1.4188880292748937e-06
1.4188880292748937e-06
1.4188880292748937e-06
1.4188880292748937e-06
1.4188880292748937e-06
1.4188880292748937e-06
1.4188880292748937e-06
1.4188880292748937e-06
1.4188880292748937e-06
1.4188880292748937e-06
1.4188880292748937e-06
1.4188880292748937e-06
1.4188880292748937e-06
1.4188880292748937e-06
1.4188880292748937e-06
1.4188880292748937e-06
1.4188880292748937e-06
1.4188880292748937e-06
1.4188880292748937e-06
1.4188880292748937e-06
1.4188880292748937e-06
1.4188880292748937e-06
1.4188880292748937e-06
1.4188880292748937e-06
1.4188880292748937e-06
1.4188880292748937e-06
1.4188880292748937e-06
1.4188880292748937e-06
1.4188880292748937e-06
1.4188880292748937e-06
1.4188880292748937e-06
1.4188880292748937e-06
1.4188880292748937e-06
1.4188880292748937e-06
1.4188880292748937e-06
1.4188880292748937e-06
1.4188880292748937e-06
1.4188880292748937e-06
1.4188880292748937e-06
1.4188880292748937e-06
1.4188880292748937e-06
1.4188880292748937e-06
1.4188880292748937e-06
1.4188880292748937e-06
1.4188880292748937e-06
1.4188880292748937e-06
1.4188880292748937e-06
1.4188880292748937e-06
1.4188880292748937e-06
1.4188880292748937e-06
1.4188880292748937e-06
1.4188880292748937e-06
1.4188880292748937e-06
1.4188880292748937e-06
1.4188880292748937e-06
1.4188880292748937e-06
1.4188880292748937e-06
1.4188880292748937e-06
1.4188880292748937e-06
1.4188880292748937e-06
1.4188880292748937e-06
1.4188880292748937e-06
1.4188880292748937e-06
1.4188880292748937e-06
1.4188880292748937e-06
1.4188880292748937e-06
1.4188880292748937e-06
1.4188880292748937e-06
1.4188880292748937e-06
1.4188880292748937e-06
1.4188880292748937e-06
1.4188880292748937e-06
1.4188880292748937e-06
1.4188880292748937e-06
1.4188880292748937e-06
1.4188880292748937e-06
1.4188880292748937e-06
1.4188880292748937e-06
1.4188880292748937e-06
1.4188880292748937e-06
1.4188880292748937e-06
1.4188880292748937e-06
1.4188880292748937e-06
1.4188880292748937e-06
1.4188880292748937e-06
1.4188880292748937e-06
1.4188880292748937e-06
1.4188880292748937e-06
1.4188880292748937e-06
1.4188880292748937e-06
1.4188880292748937e-06
1.4188880292748937e-06
1.4188880292748937e-06
1.4188880292748937e-06
1.4188880292748937e-06
1.4188880292748937e-06
1.4188880292748937e-06
1.4188880292748937e-06
1.4188880292748937e-06
1.4188880292748937e-06
1.4188880292748937e-06
1.4188880292748937e-06
1.4188880292748937e-06
1.4188880292748937e-06
1.4188880292748937e-06
1.4188880292748937e-06
1.4188880292748937e-06
1.4188880292748937e-06
1.4188880292748937e-06
1.4188880292748937e-06
1.4188880292748937e-06
1.4188880292748937e-06
1.4188880292748937e-06
1.4188880292748937e-06
1.4188880292748937e-06
1.4188880292748937e-06
1.4188880292748937e-06
1.4188880292748937e-06
1.4188880292748937e-06
1.4188880292748937e-06
1.4188880292748937e-06
1.4188880292748937e-06
1.4188880292748937e-06
1.4188880292748937e-06
1.4188880292748937e-06
1.4188880292748937e-06
1.4188880292748937e-06
1.4188880292748937e-06
1.4188880292748937e-06
1.4188880292748937e-06
1.4188880292748937e-06
1.4188880292748937e-06
1.4188880292748937e-06
1.4188880292748937e-06
1.4188880292748937e-06
1.4188880292748937e-06
1.4188880292748937e-06
1.4188880292748937e-06
1.4188880292748937e-06
1.4188880292748937e-06
1.4188880292748937e-06
1.4188880292748937e-06
1.4188880292748937e-06
1.4188880292748937e-06
1.4188880292748937e-06
1.4188880292748937e-06
1.4188880292748937e-06
1.4188880292748937e-06
1.4188880292748937e-06
1.4188880292748937e-06
1.4188880292748937e-06
1.4188880292748937e-06
1.4188880292748937e-06
1.4188880292748937e-06
1.4188880292748937e-06
1.4188880292748937e-06
1.4188880292748937e-06
1.4188880292748937e-06
1.4188880292748937e-06
1.4188880292748937e-06
1.4188880292748937e-06
1.4188880292748937e-06
1.4188880292748937e-06
1.4188880292748937e-06
1.4188880292748937e-06
1.4188880292748937e-06
1.4188880292748937e-06
1.4188880292748937e-06
1.4188880292748937e-06
1.4188880292748937e-06
1.4188880292748937e-06
1.4188880292748937e-06
1.4188880292748937e-06
1.4188880292748937e-06
1.4188880292748937e-06
1.4188880292748937e-06
1.4188880292748937e-06
1.4188880292748937e-06
1.4188880292748937e-06
1.4188880292748937e-06
1.4188880292748937e-06
1.4188880292748937e-06
1.4188880292748937e-06
1.4188880292748937e-06
1.4188880292748937e-06
1.4188880292748937e-06
1.4188880292748937e-06
1.4188880292748937e-06
1.4188880292748937e-06
1.4188880292748937e-06
1.4188880292748937e-06
1.4188880292748937e-06
1.4188880292748937e-06
1.4188880292748937e-06
1.4188880292748937e-06
1.4188880292748937e-06
1.4188880292748937e-06
1.4188880292748937e-06
1.4188880292748937e-06
1.4188880292748937e-06
1.4188880292748937e-06
1.4188880292748937e-06
1.4188880292748937e-06
1.4188880292748937e-06
1.4188880292748937e-06
1.4188880292748937e-06
1.4188880292748937e-06
1.4188880292748937e-06
1.4188880292748937e-06
1.4188880292748937e-06
1.4188880292748937e-06
1.4188880292748937e-06
1.4188880292748937e-06
1.4188880292748937e-06
1.4188880292748937e-06
1.4188880292748937e-06
1.4188880292748937e-06
1.4188880292748937e-06
1.4188880292748937e-06
1.4188880292748937e-06
1.4188880292748937e-06
1.4188880292748937e-06
1.4188880292748937e-06
1.4188880292748937e-06
1.4188880292748937e-06
1.4188880292748937e-06
1.4188880292748937e-06
1.4188880292748937e-06
1.4188880292748937e-06
1.4188880292748937e-06
1.4188880292748937e-06
1.4188880292748937e-06
1.4188880292748937e-06
1.4188880292748937e-06
1.4188880292748937e-06
1.4188880292748937e-06
1.4188880292748937e-06
1.4188880292748937e-06
1.4188880292748937e-06
1.4188880292748937e-06
1.4188880292748937e-06
1.4188880292748937e-06
1.4188880292748937e-06
1.4188880292748937e-06
1.4188880292748937e-06
1.4188880292748937e-06
1.4188880292748937e-06
1.4188880292748937e-06
1.4188880292748937e-06
1.4188880292748937e-06
1.4188880292748937e-06
1.4188880292748937e-06
1.4188880292748937e-06
1.4188880292748937e-06
1.4188880292748937e-06
1.4188880292748937e-06
1.4188880292748937e-06
1.4188880292748937e-06
1.4188880292748937e-06
1.4188880292748937e-06
1.4188880292748937e-06
1.4188880292748937e-06
1.4188880292748937e-06
1.4188880292748937e-06
1.4188880292748937e-06
1.4188880292748937e-06
1.4188880292748937e-06
1.4188880292748937e-06
1.4188880292748937e-06
1.4188880292748937e-06
1.4188880292748937e-06
1.4188880292748937e-06
1.4188880292748937e-06
1.4188880292748937e-06
1.4188880292748937e-06
1.4188880292748937e-06
1.4188880292748937e-06
1.4188880292748937e-06
1.4188880292748937e-06
1.4188880292748937e-06
1.4188880292748937e-06
1.4188880292748937e-06
1.4188880292748937e-06
1.4188880292748937e-06
1.4188880292748937e-06
1.4188880292748937e-06
1.4188880292748937e-06
1.4188880292748937e-06
1.4188880292748937e-06
1.4188880292748937e-06
1.4188880292748937e-06
1.4188880292748937e-06
1.4188880292748937e-06
1.4188880292748937e-06
1.4188880292748937e-06
1.4188880292748937e-06
1.4188880292748937e-06
1.4188880292748937e-06
1.4188880292748937e-06
1.4188880292748937e-06
1.4188880292748937e-06
1.4188880292748937e-06
1.4188880292748937e-06
1.4188880292748937e-06
1.4188880292748937e-06
1.4188880292748937e-06
1.4188880292748937e-06
1.4188880292748937e-06
1.4188880292748937e-06
1.4188880292748937e-06
1.4188880292748937e-06
1.4188880292748937e-06
1.4188880292748937e-06
1.4188880292748937e-06
1.4188880292748937e-06
1.4188880292748937e-06
1.4188880292748937e-06
1.4188880292748937e-06
1.4188880292748937e-06
1.4188880292748937e-06
1.4188880292748937e-06
1.4188880292748937e-06
1.4188880292748937e-06
1.4188880292748937e-06
1.4188880292748937e-06
1.4188880292748937e-06
1.4188880292748937e-06
1.4188880292748937e-06
1.4188880292748937e-06
1.4188880292748937e-06
1.4188880292748937e-06
1.4188880292748937e-06
1.4188880292748937e-06
1.4188880292748937e-06
1.4188880292748937e-06
1.4188880292748937e-06
1.4188880292748937e-06
1.4188880292748937e-06
1.4188880292748937e-06
1.4188880292748937e-06
1.4188880292748937e-06
1.4188880292748937e-06
1.4188880292748937e-06
1.4188880292748937e-06
1.4188880292748937e-06
1.4188880292748937e-06
1.4188880292748937e-06
1.4188880292748937e-06
1.4188880292748937e-06
1.4188880292748937e-06
1.4188880292748937e-06
1.4188880292748937e-06
1.4188880292748937e-06
1.4188880292748937e-06
1.4188880292748937e-06
1.4188880292748937e-06
1.4188880292748937e-06
1.4188880292748937e-06
1.4188880292748937e-06
1.4188880292748937e-06
1.4188880292748937e-06
1.4188880292748937e-06
1.4188880292748937e-06
1.4188880292748937e-06
1.4188880292748937e-06
1.4188880292748937e-06
1.4188880292748937e-06
1.4188880292748937e-06
1.4188880292748937e-06
1.4188880292748937e-06
1.4188880292748937e-06
1.4188880292748937e-06
1.4188880292748937e-06
1.4188880292748937e-06
1.4188880292748937e-06
1.4188880292748937e-06
1.4188880292748937e-06
1.4188880292748937e-06
1.4188880292748937e-06
1.4188880292748937e-06
1.4188880292748937e-06
1.4188880292748937e-06
1.4188880292748937e-06
1.4188880292748937e-06
1.4188880292748937e-06
1.4188880292748937e-06
1.4188880292748937e-06
1.4188880292748937e-06
1.4188880292748937e-06
1.4188880292748937e-06
1.4188880292748937e-06
1.4188880292748937e-06
1.4188880292748937e-06
1.4188880292748937e-06
1.4188880292748937e-06
1.4188880292748937e-06
1.4188880292748937e-06
1.4188880292748937e-06
1.4188880292748937e-06
1.4188880292748937e-06
1.4188880292748937e-06
1.4188880292748937e-06
1.4188880292748937e-06
1.4188880292748937e-06
1.4188880292748937e-06
1.4188880292748937e-06
1.4188880292748937e-06
1.4188880292748937e-06
1.4188880292748937e-06
1.4188880292748937e-06
1.4188880292748937e-06
1.4188880292748937e-06
1.4188880292748937e-06
1.4188880292748937e-06
1.4188880292748937e-06
1.4188880292748937e-06
1.4188880292748937e-06
1.4188880292748937e-06
1.4188880292748937e-06
1.4188880292748937e-06
1.4188880292748937e-06
1.4188880292748937e-06
1.4188880292748937e-06
1.4188880292748937e-06
1.4188880292748937e-06
1.4188880292748937e-06
1.4188880292748937e-06
1.4188880292748937e-06
1.4188880292748937e-06
1.4188880292748937e-06
1.4188880292748937e-06
1.4188880292748937e-06
1.4188880292748937e-06
1.4188880292748937e-06
1.4188880292748937e-06
1.4188880292748937e-06
1.4188880292748937e-06
1.4188880292748937e-06
1.4188880292748937e-06
1.4188880292748937e-06
1.4188880292748937e-06
1.4188880292748937e-06
1.4188880292748937e-06
1.4188880292748937e-06
1.4188880292748937e-06
1.4188880292748937e-06
1.4188880292748937e-06
1.4188880292748937e-06
1.4188880292748937e-06
1.4188880292748937e-06
1.4188880292748937e-06
1.4188880292748937e-06
1.4188880292748937e-06
1.4188880292748937e-06
1.4188880292748937e-06
1.4188880292748937e-06
1.4188880292748937e-06
1.4188880292748937e-06
1.4188880292748937e-06
1.4188880292748937e-06
1.4188880292748937e-06
1.4188880292748937e-06
1.4188880292748937e-06
1.4188880292748937e-06
1.4188880292748937e-06
1.4188880292748937e-06
1.4188880292748937e-06
1.4188880292748937e-06
1.4188880292748937e-06
1.4188880292748937e-06
1.4188880292748937e-06
1.4188880292748937e-06
1.4188880292748937e-06
1.4188880292748937e-06
1.4188880292748937e-06
1.4188880292748937e-06
1.4188880292748937e-06
1.4188880292748937e-06
1.4188880292748937e-06
1.4188880292748937e-06
1.4188880292748937e-06
1.4188880292748937e-06
1.4188880292748937e-06
1.4188880292748937e-06
1.4188880292748937e-06
1.4188880292748937e-06
1.4188880292748937e-06
1.4188880292748937e-06
1.4188880292748937e-06
1.4188880292748937e-06
1.4188880292748937e-06
1.4188880292748937e-06
1.4188880292748937e-06
1.4188880292748937e-06
1.4188880292748937e-06
1.4188880292748937e-06
1.4188880292748937e-06
1.4188880292748937e-06
1.4188880292748937e-06
1.4188880292748937e-06
1.4188880292748937e-06
1.4188880292748937e-06
1.4188880292748937e-06
1.4188880292748937e-06
1.4188880292748937e-06
1.4188880292748937e-06
1.4188880292748937e-06
1.4188880292748937e-06
1.4188880292748937e-06
1.4188880292748937e-06
1.4188880292748937e-06
1.4188880292748937e-06
1.4188880292748937e-06
1.4188880292748937e-06
1.4188880292748937e-06
1.4188880292748937e-06
1.4188880292748937e-06
1.4188880292748937e-06
1.4188880292748937e-06
1.4188880292748937e-06
1.4188880292748937e-06
1.4188880292748937e-06
1.4188880292748937e-06
1.4188880292748937e-06
1.4188880292748937e-06
1.4188880292748937e-06
1.4188880292748937e-06
1.4188880292748937e-06
1.4188880292748937e-06
1.4188880292748937e-06
1.4188880292748937e-06
1.4188880292748937e-06
1.4188880292748937e-06
1.4188880292748937e-06
1.4188880292748937e-06
1.4188880292748937e-06
1.4188880292748937e-06
1.4188880292748937e-06
1.4188880292748937e-06
1.4188880292748937e-06
1.4188880292748937e-06
1.4188880292748937e-06
1.4188880292748937e-06
1.4188880292748937e-06
1.4188880292748937e-06
1.4188880292748937e-06
1.4188880292748937e-06
1.4188880292748937e-06
1.4188880292748937e-06
1.4188880292748937e-06
1.4188880292748937e-06
1.4188880292748937e-06
1.4188880292748937e-06
1.4188880292748937e-06
1.4188880292748937e-06
1.4188880292748937e-06
1.4188880292748937e-06
1.4188880292748937e-06
1.4188880292748937e-06
1.4188880292748937e-06
1.4188880292748937e-06
1.4188880292748937e-06
1.4188880292748937e-06
1.4188880292748937e-06
1.4188880292748937e-06
1.4188880292748937e-06
1.4188880292748937e-06
1.4188880292748937e-06
1.4188880292748937e-06
1.4188880292748937e-06
1.4188880292748937e-06
1.4188880292748937e-06
1.4188880292748937e-06
1.4188880292748937e-06
1.4188880292748937e-06
1.4188880292748937e-06
1.4188880292748937e-06
1.4188880292748937e-06
1.4188880292748937e-06
1.4188880292748937e-06
1.4188880292748937e-06
1.4188880292748937e-06
1.4188880292748937e-06
1.4188880292748937e-06
1.4188880292748937e-06
1.4188880292748937e-06
1.4188880292748937e-06
1.4188880292748937e-06
1.4188880292748937e-06
1.4188880292748937e-06
1.4188880292748937e-06
1.4188880292748937e-06
1.4188880292748937e-06
1.4188880292748937e-06
1.4188880292748937e-06
1.4188880292748937e-06
1.4188880292748937e-06
1.4188880292748937e-06
1.4188880292748937e-06
1.4188880292748937e-06
1.4188880292748937e-06
1.4188880292748937e-06
1.4188880292748937e-06
1.4188880292748937e-06
1.4188880292748937e-06
1.4188880292748937e-06
1.4188880292748937e-06
1.4188880292748937e-06
1.4188880292748937e-06
1.4188880292748937e-06
1.4188880292748937e-06
1.4188880292748937e-06
1.4188880292748937e-06
1.4188880292748937e-06
1.4188880292748937e-06
1.4188880292748937e-06
1.4188880292748937e-06
1.4188880292748937e-06
1.4188880292748937e-06
1.4188880292748937e-06
1.4188880292748937e-06
1.4188880292748937e-06
1.4188880292748937e-06
1.4188880292748937e-06
1.4188880292748937e-06
1.4188880292748937e-06
1.4188880292748937e-06
1.4188880292748937e-06
1.4188880292748937e-06
1.4188880292748937e-06
1.4188880292748937e-06
1.4188880292748937e-06
1.4188880292748937e-06
1.4188880292748937e-06
1.4188880292748937e-06
1.4188880292748937e-06
1.4188880292748937e-06
1.4188880292748937e-06
1.4188880292748937e-06
1.4188880292748937e-06
1.4188880292748937e-06
1.4188880292748937e-06
1.4188880292748937e-06
1.4188880292748937e-06
1.4188880292748937e-06
1.4188880292748937e-06
1.4188880292748937e-06
1.4188880292748937e-06
1.4188880292748937e-06
1.4188880292748937e-06
1.4188880292748937e-06
1.4188880292748937e-06
1.4188880292748937e-06
1.4188880292748937e-06
1.4188880292748937e-06
1.4188880292748937e-06
1.4188880292748937e-06
1.4188880292748937e-06
1.4188880292748937e-06
1.4188880292748937e-06
1.4188880292748937e-06
1.4188880292748937e-06
1.4188880292748937e-06
1.4188880292748937e-06
1.4188880292748937e-06
1.4188880292748937e-06
1.4188880292748937e-06
1.4188880292748937e-06
1.4188880292748937e-06
1.4188880292748937e-06
1.4188880292748937e-06
3.175006228883919812e-01 -7.241941299911770491e-01 -2.868135823532885209e-01
7.589943091019473176e-01 3.748518690175774437e-01 -4.573564032742080121e-01
-1.930764456367639881e-01 4.718778169217295315e-01 6.098646867314905240e-01
-4.301365413730149911e-01 3.209833586814007100e-01 7.926060228490291459e-01
-1.165870754670683462e+00 1.255447483965435040e+00 -8.019943377964385833e-01
-6.589537269150444465e-02 7.134474169421002321e-01 3.849890429678916592e-01
-1.916843191490681109e-01 -2.533090776896022578e-01 -4.030625700211712958e-01
-1.501929104897124168e+00 2.135840049257474504e+00 -1.842300326619234374e+00
-3.540697450449831890e-02 7.100292498430563759e-01 3.212898098982009398e-01
1.936334241730223837e+00 -3.064483038020948680e+00 2.197232811647560347e+00
3.197498166704156874e-01 5.422063249762258952e-01 5.826940743347336360e-01
-4.618399057006603581e-01 -7.854996157620393049e-01 5.483978616532478867e-01
-7.913443390324347293e-01 -2.347647441328035711e-01 1.201836602637336021e-01
8.254321756728948412e-01 6.409545150442940153e-01 -1.208980705587323845e+00
-1.375813699016993907e-01 4.857028481952230803e-01 1.529732091157201546e-01
-5.075624962626451575e-01 5.157537777430566406e-01 2.637884753663382043e-01
5.404304054682175229e-01 -5.799734094288271358e+00 -2.916547844266246248e+00
1.340438502664713427e+00 3.120118512605329908e-01 -1.963913176736117594e-01
7.954578501302143057e-01 1.106925295039264262e-01 9.552822147715948897e-02
2.513272584456165970e-01 6.050138010350749607e-01 -8.013522831452803974e-01
4.033839748299683947e+00 -5.255430141759008578e+00 -1.150205328071744582e+00
3.697406488089993032e-02 1.173381857675479978e+00 3.468491099871701816e-02
-5.048634953155921590e-01 -2.499093538767305223e-02 3.690691357991761623e-01
-3.818180291593118447e-01 -6.622086308950932976e-01 -9.679443705371038043e-01
4.745153640819412266e-01 -9.345969063639521235e-02 1.454813116278696583e+00
-1.670403779553451429e+00 -1.345150556822737764e+00 8.653236900187468716e-01
7.156411448619042215e-01 -1.033486135870070877e-01 -3.754538061423295936e-01
-5.024028226721510837e-01 -9.576460042129050221e-01 9.503312595029106413e-01
-8.059623909161881539e-01 1.409567072423813405e+00 3.771136747882668505e-01
-1.068844730826782996e+00 -6.337567485389228317e-01 1.550370894257194765e-01
1.105443811698444856e+00 4.023199408285025869e-01 -8.011129277657756953e-01
5.142899923364344650e-01 1.335923764814616888e-01 4.024159336858981195e-01
-1.986364603867038781e-01 6.142715500817206298e-01 -1.979650739919407210e+00
1.727299692007801424e+00 6.530670152701477660e-01 2.382848427021820203e+00
3.230403544161399298e-01 -1.106499264240574654e-01 -2.658548181769964103e-01
3.809205282538614679e-01 -2.276991048805367956e-01 2.685627709776553518e-01
9.111305951572796352e-03 -8.146300267013206753e-02 6.674567356277885111e-01
-4.148468426763675110e-01 -4.376807520184821110e-01 -1.828551768436578739e-01
-4.664078904778218293e-01 -9.985955745894964375e-01 -3.719527300451345997e-02
6.296021196492488370e-01 -2.561029773832537160e-01 -1.051289371720874222e+00
1.628719529868783988e-01 -1.985776881349862744e-01 7.735895158731599386e-01
2.922583796265632472e+00 -2.919264084860919262e+00 -7.969843121958348764e-01
1.591225277571036267e+00 7.533741173449096107e-02 9.910721734582952358e-01
6.913553996306908145e-01 -1.162866907107639625e+00 2.117438399276406757e-01
4.159044567853076302e-01 8.622628685449361674e-01 3.330191477171731140e-01
-1.628792059300661954e+00 5.369114012355253873e-01 1.080531109529804690e+00
5.287302709816256163e-01 8.313020044234560313e-01 4.791299173848504594e-02
7.606838218617324454e-01 -1.083639401974880290e+00 -1.385404098583916888e+00
-1.474769246655239369e-02 -1.196944653952249499e-01 6.657617167978865380e-01
9.519894648908319157e-01 -1.754415098472898116e+00 -1.716401341588629670e+00
-8.332146150897412618e-02 -2.779077472246178626e-01 -1.427153576760574194e-01
-6.921472330592866040e-01 -6.844142849682710583e-01 -5.081699172177606139e-01
2.201967041683757231e-01 9.996097463047403098e-01 -4.206681035972779092e-01
1.227298635788428349e+00 -9.695447706911207719e-01 2.713201496856836314e-01
-1.743984488699570623e-01 2.544800501363805090e+00 1.623334965807177621e+00
5.531627819827025228e-01 2.027671191248618943e+00 1.354354102629467649e+00
1.532169825208552050e+00 -1.549337669982604471e+00 2.428925073413063240e-01
2.204737417506352770e+00 -5.241384558877935085e-01 2.331589155710023231e+00
-3.014552813407648732e-02 -1.663455481310954776e-01 -2.580218721115918323e-01
1.099501098933159185e-02 6.600774640613767952e-01 -7.713294584806861254e-01
2.410599494232162077e-01 2.839990275854165080e-01 4.934215949160833947e-01
-3.440099908920437599e-01 6.356893677196057135e-01 -4.506488733097045452e-01
-9.094634484306132194e-01 -8.663010484011790524e-01 -2.797508960530534772e-01
1.502294041162892446e+00 8.838480324526395426e-01 6.465498273051970557e-01
-1.677109690892630567e-01 5.302089822842805944e-01 2.232218654170968541e+00
-1.013410659842701594e-01 8.502963500728323576e-02 -6.954613220688139474e-01
-1.860066486981320211e-01 1.202947611439727726e+00 -2.039024825732086987e-01
8.979073608513833404e-01 9.382162685912843747e-01 -6.019345570973544390e-01
-3.159880548341682527e-01 1.997260137295776561e-01 9.519939290770657037e-01
3.364087419496648135e+00 2.999393600663837312e+00 2.345046582098261556e+00
-1.769268582045327554e+00 -8.452370436920486618e-01 4.372175243593092731e-01
-1.125877545063179719e+00 -1.424068950104729669e+00 2.077221821920276934e+00
-7.501943656144864914e-01 1.560022980527139724e+00 1.272557611367679975e+00
-2.140256699651567340e-01 1.809607545938496154e+00 1.512396806108760705e+00
-5.864292690216618698e-02 1.825240742393038074e-01 -7.541818229711674260e-01
2.035264464032526532e-01 -1.433440742328828676e-01 2.855587122290875191e-01
-9.007769515351032874e-02 -5.379344803356498339e-01 2.715831175506260853e-01
4.349419062880970598e-03 -1.142309936207676957e+00 1.456085735725957397e-01
-8.917370974209736234e-01 3.668543706383437519e-01 -8.661154577235036234e-02
1.018673108931061666e+00 6.067882573608445185e-01 -4.820651818998009652e-01
2.429866761750165249e+00 -7.250234956852658064e-01 -1.341155413407854491e+00
-3.523659598343342303e+00 -7.376826699461691561e-01 3.509913500094098193e+00
-6.850165603676942050e-01 3.186962974244776925e-01 7.990367738854990964e-01
2.556910352503083850e+00 -2.194390386785009639e+00 8.507455222268052175e-01
2.710469057631553769e-01 7.962544120167488471e-01 -7.307735333536665712e-01
-2.890645793124707374e+00 4.872228145973230284e-01 -1.799118448588390151e-01
1.201898067316759938e-01 3.535075916151288467e-01 -9.752252350782304735e-02
1.045645024361637754e+00 -1.169291980630715821e+00 -5.323901769784183946e-01
7.314664898060187215e-02 1.095026394033530748e+00 5.966554883231092038e-02
2.033197322228587733e+00 -8.925871778384558697e-02 -3.900039348634849468e+00
7.939246849242992399e-01 -8.680406625296331891e-01 -3.791703677874839196e-01
-9.485872154268288892e-01 -3.018833865349768164e-01 -2.087256724505600625e-01
-8.097473003815635062e-01 -3.787186631564468109e-01 6.456863371070612478e-01
-9.016749191332492641e-01 -1.229242675888522623e-01 3.824842208753704287e-01
-1.716547367790671741e-01 -6.631532728115385744e-02 -5.711641846428783253e-01
2.077714558535750822e+00 3.250450168895606673e-01 -6.590170604687291878e+00
-1.227509831845258637e+00 -5.035588454570267825e-01 -2.581189183591782399e+00
4.085465830688996824e+00 3.640943938580214034e+00 -4.327143800800309137e+00
-1.607995452193523300e-01 -1.029160507092099719e+00 -1.118733936315809974e+00
8.729144999255398218e-01 1.719400251405049262e+00 -1.028382852472251363e+00
7.640062730439816097e-01 -2.162144791551123546e-01 2.453087779535841895e-01
-3.623592685402186528e-03 -7.476212007331332066e-01 1.145241749468453252e+00
1.583988329107557380e-01 -7.401607139081114450e-01 -1.712539708773644642e-01
-9.890171932677436217e-01 -1.175745021322114781e+00 -2.942267350992310848e-01
4.593096440324864749e-01 1.560716365965310715e+00 8.080477522974662818e-01
-3.699658494515387086e-01 9.771212399110628111e-01 -1.125953379530843179e+00
9.158639287140438734e-01 -3.324686609327368036e-01 -1.019662392490370495e+00
-5.547544208169798985e-01 -5.716307218071134955e-01 -7.964908663780580211e-02
6.485705093292916112e-01 -6.444875872394344452e-01 1.202319819074622737e-01
-2.144143645678673049e-01 -5.780075187358811872e-01 8.934975771689259716e-01
1.880583544787033157e+00 8.711640207093827026e-01 -1.300376656526769592e+00
1.143943589947385098e+00 2.629634727153984733e-02 -1.131659249935956651e-01
6.875397024331928453e-01 -3.574540964155533129e-01 5.531229324183513096e-01
-1.597420825793740007e-01 -1.964484181571236332e-01 8.931367339111003778e-01
-1.612712363076991562e-01 -4.536514959789988422e-01 -1.934703140113974484e+00
2.363881439789442540e-01 1.551484717332886731e+00 9.294675818211763918e-01
-9.589390908522952284e-01 -4.866778477739623354e-01 -6.678138001890571163e-01
-1.670616710649760750e-01 -2.302128919118739681e-01 1.349369771141447627e-01
6.071392813158390522e-01 -3.303293065660063421e-01 9.233200180342258923e-02
-2.150891769168283563e-01 3.313787002093989131e-01 -1.607614886089056838e-01
2.702840703988699245e-01 1.787576152839979726e-01 7.339065754318091495e-01
1.363272230492891257e+00 -3.914599511074307037e-01 -5.089300190512992955e-02
4.631972638041061963e-01 9.071207109611821862e-01 -4.452918258993203149e-01
1.197747834134064826e+00 -7.729642976908931429e-01 -7.962883599625885100e-01
-1.022786603807040312e-01 6.694536715503338065e-02 6.882658160006979164e-01
1.216582091951212696e+00 1.260593658929753280e+00 -8.529428397921644533e-01
2.547366369565095212e+00 -1.983109162461692276e-01 -6.530503100667427452e-01
-1.098084102757545422e+00 6.509142735654556144e-01 2.049398212814637077e+00
-1.612793284564365270e-01 -8.322245529591266733e-01 6.485065691067977145e-01
-4.142229963877498977e-01 -1.242445881341625036e+00 9.923511078156470600e-01
-3.028942031458131456e+00 2.516494261951719436e-01 9.955513969472478131e-01
-9.456606509328817634e-01 -8.291854452333841108e-01 -4.174118616579475805e-01
-1.206634552832863472e+00 1.838584957345233972e-01 -3.173420343709314889e-02
1.305732611816088629e-01 -3.809756599145063677e-02 1.350049614855596547e-01
-3.980408043184889832e-01 3.035979602430616264e-01 8.616100072619189976e-02
-7.912948595513603633e-01 9.588974083957501060e-01 -1.726277297884921680e+00
1.301144873431992144e+00 -6.889536853904132396e-01 -4.175899947268883056e-02
6.279388585469255490e-01 6.984507265674777532e-01 1.363645989014175663e+00
8.606453793700179489e-01 -6.528582077930318306e-01 8.953087874150097436e-01
-6.076423803289184855e-01 -6.472161898665984570e-01 -2.249891842782669182e-01
1.246690313043106624e+00 2.131442451296552965e-01 1.583750891500172564e+00
2.985580376992346796e+00 -1.679237549344313241e+00 1.913674983650424100e+00
7.956142388875061533e-01 5.404362551356240552e+00 -1.096420020591586564e+01
-3.747194967913009211e+00 -1.958273164669762867e+00 2.059108401191683466e-02
-4.037326906388743475e-01 1.240160628801145970e+00 4.595754353977112849e+00
-1.891466202556225218e+00 -2.064189972565320552e+00 -9.730806069698226812e-01
6.707072477374369512e-01 6.596957764827272586e-01 -9.910544352294421711e-02
5.177889221021010624e-02 5.959230497003723537e-01 -1.948936766611599272e-02
-1.862747817398113515e-01 6.394674945742796490e-01 -2.794191619861847303e-02
-2.333018846001481794e+00 -2.934728746521652276e+00 -1.375974093690583433e-01
-2.763403495515562192e+00 -1.349860541060994956e+00 -2.689237893334731067e-01
5.232257453101410993e-01 -7.419132689113923096e-01 1.124181831279678301e+00
-5.270912350155299020e-01 3.408810010629536591e-01 9.190148751130032823e-01
1.091780786186260732e+00 4.521446582042518703e-01 -3.031599262073194634e-01
2.219981244492039707e-01 -7.378264596465576863e-01 4.606003034678974317e-01
-1.497687214755144325e+00 1.435634373911076622e+00 3.966932583668993928e-01
-1.075549544326580113e-02 1.114301490152216134e+00 -6.193958752564265868e-02
1.015629659783849226e+00 5.874880842447139928e-01 -7.698772348757996209e-01
1.822277272670376203e-01 -4.542333679428784410e-01 -5.515959898203999234e-01
1.292447131856245601e+00 -5.252519559468836752e-01 4.283759784091516476e-01
-1.848876529686706016e-01 5.421126024955650324e-01 2.501232409644195687e-01
-5.260578102386190835e-01 -3.987236719635198767e-01 1.405842380638584466e+00
-5.308518632731813458e-01 5.262200894232970105e-01 1.244495108337583811e-01
6.782469416533388751e-01 -5.288955263094136106e-01 8.188054417602688151e-01
-5.692576926457354469e-01 -3.680752243857577377e-01 9.526667614730085498e-01
1.444496958305765133e-01 4.736666359249407793e-02 9.707304845253054149e-01
9.961727297368601075e-01 -3.273962664799210942e-01 -1.592150072396145699e+00
-7.769299271303625742e-02 4.645383414649635334e-01 -3.849095227919632767e-01
-1.649367126189921873e+00 9.995830422840329410e-01 2.455370743408466228e-01
9.087887707103937673e-01 -5.197287279777520475e-01 9.444776443597959759e-01
4.774032055772909344e-01 -1.420750006493336215e-01 7.320519803026636074e-01
6.048916027984754251e-01 -1.057665818689218495e+00 5.354241584614187754e-01
1.614897693974872483e+00 3.263035682596245324e-01 1.032589814746228463e+00
1.951586039443418796e+00 -1.361942312167816249e+00 8.184615873368844552e-02
1.074887029680469785e+00 -1.822766217404740541e+00 8.471131890119013574e-01
1.001806061792414049e+00 -2.164942333386622730e-01 1.038629635354879843e+00
-3.183815861104052208e-02 9.539291651602490596e-01 6.206126195505424770e-01
-9.047299018248086688e-02 2.172783079640838166e-01 -4.454934495827840291e-01
5.507468561333165313e-01 -1.711500426356239446e-01 -8.107863332399920520e-01
4.550608271411162309e-01 -5.784257270911923321e-01 3.822164530425810058e-01
-6.952190206090625990e-01 1.078743226054164950e+00 9.200356576623259786e-01
1.834714165440303857e+00 2.243868528085530389e+00 -2.059735408885068786e+00
-1.550923548297234777e+00 1.160515332072079298e-01 6.181747969893651717e-01
1.312641528399161484e+00 2.584370170160009694e-01 1.152743095815835339e+00
3.652118643044146018e-01 2.187953895204091392e-01 -1.440592845163711500e-01
1.112639648729122632e-01 2.761423630880426305e-01 -4.003681968969904359e-01
5.099401256568175667e-02 -2.927208754477491626e-01 -1.835144199897872919e-02
2.102277847618618800e+00 -5.067737570116111895e-02 -4.027915793921799797e-02
-1.386571252425879752e+00 -5.253451803131774511e-01 -3.968619697494042420e-01
2.601376484145654810e+00 -1.903012632724062625e+00 3.841167458569782589e+00
-5.640794982027685922e-01 -7.501427247974051804e-01 3.338369557111676013e-04
-8.823653988623251232e-01 8.463619310956230213e-02 -1.246762381801401975e+00
-1.266470951800857891e+00 -6.364796483763269785e-01 7.078694951119886003e-01
-4.835753824696200631e-01 1.362121091766149428e-01 9.079753237409239272e-03
8.135131549787243399e-01 -2.469096682409527066e+00 1.228019181397217885e+00
6.027436069957901044e-01 1.159501636998756385e-01 -5.668568409992678081e-01
8.612221053503963386e-01 -2.769536600628788592e-01 -2.618797323482328632e-01
1.402750038807720756e+00 -6.456081630919846548e-01 2.055999075360994202e-02
1.920331961130077036e-01 -1.111899766464257810e+00 9.128674907488065760e-01
-4.988741302121865728e-01 -2.321226138097688338e-02 -4.221782201427564107e-01
-9.417100006139270674e-01 8.755258792831176473e-01 -1.555977579687507495e+00
-4.712323878558337120e-01 1.929368404213438210e-03 -6.345581177085024560e-01
4.454382726270025294e-01 3.855171987492400643e-01 -9.344845920820836760e-01
1.528487432295632109e+00 2.711910754840629156e+00 5.251229736851687591e+00
-7.137465330171257616e-01 1.887391228946889266e+00 1.272715909508166376e+00
-5.152628915496284545e-01 -1.294062529057489863e+00 8.288198120829664006e-01
-5.226280328563633892e-01 1.256194029055780481e-01 2.774741510759525465e+00
-1.570210972640947167e-01 5.378957540852284946e-01 1.749331813415609671e-01
-1.217970203833194653e-01 5.064571448306061097e-01 4.107330662645518049e-01
-8.709565014666985627e-01 9.505442723756677426e-01 1.493958468408195461e+00
8.688569315964924655e-01 -2.579736947951426218e-02 -8.584107987846002485e-01
-1.407043098258220937e+00 6.589453655523352937e-01 -7.713763820155370432e+00
-5.375150970626871860e-01 1.651720069759514020e+00 -1.585475548201995766e+00
4.728991973050301056e-01 1.841461341391682494e-01 -6.754799096459065400e-01
1.944841547016655792e-01 3.883567146271140191e-01 -3.847879219298269149e-01
-2.201719130700901417e+00 2.935475115446397054e-01 -9.255622863336009365e-01
1.514158435768922173e+00 -4.320227260310351425e-01 2.864597440281952401e-01
-4.795618236972326587e-01 -3.374992305183044938e-01 -6.029005883699153356e-01
-2.511725773610081203e-01 6.111253621762041677e-01 6.485741746639139826e-01
3.250728415691705453e-01 9.453906608842068682e-01 5.364141257155291553e-01
1.823592204853239640e-01 -4.114814879613320348e-02 -5.215005504333024566e-01
2.503528719056437035e-01 3.091201573318549944e-01 2.942929997158869604e-01
4.987206454414359058e-01 2.321590371533257535e-01 -8.601723332462314353e-01
-3.928431526937772311e-01 9.687321523713247062e-01 -8.411831159356912835e-01
-9.216555200005978055e-01 -3.289673554414016543e-01 9.688841874899382089e-01
-3.060617518316478478e-02 2.498011035717342676e-01 9.322256641107055097e-01
2.177934163346649576e+00 -3.137432813784340468e-01 -2.753528345898703655e-01
2.156909736869628558e-01 1.630605500580748934e+00 -6.961212554480252779e-01
1.139470463136904366e+00 4.975743413040541796e+00 -6.328853040393877194e+00
1.840858499838009088e+00 -1.010948865968663402e+00 -1.533638561532172373e-01
-1.299172933977308098e-01 2.008628353531355604e+00 -3.538576569356022827e-01
1.124393521145041971e-02 -8.650528895039794053e-01 -1.570906638577175940e+00
3.890328351449476307e-01 1.200533502158401600e+00 2.953675657384813302e-01
-4.175344999555929276e-02 -8.041233386374403713e-02 -5.840223405232559672e-01
4.454257387661303191e+00 -2.325408181121970230e+00 -1.385626032478134428e+00
1.301567151897263797e+00 -1.713442914514963666e+00 -3.064648496051724513e-01
-2.418686038291767426e-01 -1.318517009724861966e+00 -1.265462751018295418e+00
3.510375942025266927e+00 -5.356686777275733391e+00 3.468801193009147799e-01
-1.318644591475724437e-01 7.074279602697653990e-01 -2.636552350266764266e-01
1.002366795966941782e+00 -9.693908247655729227e-01 -2.810618274925100746e-01
-1.335410816387196498e+00 2.641897694061409729e-01 5.872703611543942381e-01
-7.942206921442894751e-01 8.403594061678385518e-01 1.329016198159125750e+00
2.208121440184072359e-01 -1.799153562160872299e+00 3.313042294509409014e-01
-3.694327226130935116e-01 -9.305386159599932094e-02 1.901847869208961872e-01
-5.049926667225828059e-01 -1.389072801059421103e+00 8.504049855080794140e-01
-1.344136983857399548e+00 -4.652254517958759883e-01 1.031407434629961761e+00
-7.997648370933458928e-01 1.031729973871297501e+00 8.419401163661442977e-01
2.213164158621385158e-01 7.565052115727087800e-01 8.795358258675888274e-01
1.344807295720800433e-01 3.435039674154761746e-01 7.487832036271232505e-01
4.351797996396709056e-01 1.264429095475306519e-01 1.250741592030605753e+00
1.209416681790083659e-01 3.208923258371452758e-01 1.568412031658813932e+00
2.974307813732989803e-01 -1.284586751511259707e-02 2.356950515782717942e-02
-4.293246608242223261e-01 1.183269246145272763e-01 -3.084149121132011562e-01
-8.166200190368607892e+00 1.311313603012107443e+01 1.113527264923562798e+00
2.009114443633715386e+00 1.651869833374436602e+00 -4.688480376636751101e-01
1.363970346739810324e+00 -7.562417342669373044e-01 -1.087684815016884410e-01
-4.663587383352914451e+00 1.639672116868357676e+00 3.194231489240101141e+00
-1.127547706203698569e-01 -2.664047447948751923e-01 1.446366115309487554e-01
1.089624685275029758e+00 -1.455340024713155933e-01 4.719494535811254166e-03
1.269559874217680573e+00 -1.807532787841972799e-01 -9.870839902692184475e-01
-1.753749694478428101e-01 3.533005041838995219e-01 5.984342236378519253e-01
1.386175984173162234e+00 6.947365166009858983e-01 -7.517772792189439945e-01
6.915972953058776573e-01 1.078844872329512289e-01 6.950597708612069603e-01
-4.356353394270262025e-01 -1.020073014943256862e-01 1.584052487384907670e-01
-1.873468105593040667e+00 -4.313069379600379949e-01 -2.291742257029991403e-01
-9.367419824476644896e-01 -4.263695032315890643e-01 -2.158916417912225827e-01
-7.960223500969134669e-01 3.828280241455853106e-01 -1.163619756948256062e-01
-3.017039850577261650e-01 -7.012571643985230363e-01 -4.702745432453762087e-01
-1.672257111460649259e+00 6.037593594603282154e-01 -2.007808080371938364e-01
1.241715930131896517e+00 2.799079385943207043e+00 1.214582877153000950e+00
5.885436157538941337e-01 -1.608126406743510262e-01 2.257672239377812584e-01
2.114245712356632723e+00 -8.485494874701008383e-01 -1.414245161047844590e-01
-2.173716612764089007e+00 6.750820971231208389e-01 -8.241866173944756291e-01
-2.340191586600856244e+00 -1.278464500676706805e+00 -9.334201494076058703e-01
3.613842308912560558e-02 -9.480660402671774178e-02 -2.508405149571543147e-01
-7.436059003198569606e-02 -8.750304807362286885e-01 5.418374707271721435e-01
-5.887604102976244924e+00 -9.366485092944892843e-02 -5.348105618420840202e+00
-2.533275521243201212e+00 -1.605251106897382929e+00 -1.891087466170385367e+00
1.268384452587502653e-01 -5.188630692579134784e-01 -3.968686741101584703e-02
-1.443218638717823410e+00 1.402236106931091575e+00 -1.157742799416904500e+00
8.536085121882251991e-01 1.175153289954859792e+00 -2.824368141100561114e-01
3.249092958600059977e-01 -6.364199536541470525e-01 -9.422812174828897325e-01
5.322271456103692344e+00 -1.532735720098062249e+00 -5.460538194584050764e+00
2.015499909008473090e+00 1.792647807147239369e+00 1.267261021159062362e-01
-6.512704766911007193e-01 -2.475494277822649566e-02 6.953804296770172977e-01
-7.635727327764049166e-01 4.012462309685546069e-01 -9.843237399417135158e-01
-4.739805335394424168e-01 -1.490608248783484857e-01 -9.695915782833350316e-02
-2.029210023551858422e-01 2.073277522769616937e-02 5.577426171949756428e-01
-1.676641294700441875e+00 -1.108330455614161325e+00 1.499130348457700448e-02
1.284841068146479026e+00 -2.390630530048575952e+00 4.598697182815040252e-01
8.552716751585633936e-01 -1.003601144402738843e+00 -3.839844515456835583e-01
-2.317794686416747851e-01 -5.502948949454059546e-01 -2.863228056189405790e-01
-4.551034597337701548e+00 1.964687764793348945e+00 1.613028560265924449e+00
-1.533742342149563287e+00 -2.179298382335028261e+00 -1.665600956283396883e+00
-1.152957485270621030e+00 4.571599074602092916e-01 -3.168916679714868789e-01
-1.413559457875052106e+00 -1.106505461644090443e-01 2.594488965271845027e-01
-4.124703485029262984e-01 -7.867968022715425835e-01 -9.629772635375480894e-01
7.295311754806430571e-01 6.595223722053884519e-01 1.834259887714864368e+00
7.487045744436030548e-01 2.803553147809695112e+00 -1.331759141253070045e+00
-3.930722631915568865e-02 4.533646793320841861e-01 -2.623499986464735562e-02
8.840220424677119881e-01 2.252443337860383366e-01 -1.423185014940746007e-01
1.520995372677083068e-01 -3.004535463627470149e-01 1.555022016305386834e-01
-4.532495277083371521e-01 -3.389941077522496543e-02 6.655540036955805983e-01
1.473600297959553884e-01 -1.879026803510087662e+00 -1.349038622765544648e+00
1.629900645808123105e+00 -1.526025447209780950e+00 4.540353008170748272e-01
-4.341895069772960247e-01 1.157782105266226269e+00 1.340996977135084034e+00
7.059605125507225631e-01 -5.257914408977646392e-01 -2.575606015908246116e-01
7.987410812987655317e-01 7.407195417647309543e-02 1.262961008122410966e+00
2.443226090138036710e+00 -3.484980829039550088e+00 3.603474910896093508e+00
3.557596439130987220e-01 9.488450889422764822e-01 4.452525362922463703e-01
-7.845455630967335114e-02 3.653270258981793361e-01 -4.145741336893302847e-02
-1.245594089345689159e+00 1.890513824770043039e+00 -1.513047242740690468e+00
-1.442639930350102961e+00 4.292157634890039763e-01 6.696400194007201545e-01
1.642017227682496527e-01 -1.103352552858404056e+00 -9.162122588482164431e-01
7.448850695099510366e-01 1.793550413370911534e-01 1.925392343907832149e-01
-1.992708490717816305e+00 1.360605937298503543e+00 2.569855833179341964e+00
1.267173392954580757e+00 -2.271374414718769330e+00 -2.663457134879627208e+00
-4.651367894524003788e+00 5.848101487775737573e-01 -4.431852742772388609e+00
-1.293060113781597797e+00 4.960137329351486102e+00 1.650470905901364027e+00
-7.423962608610616964e-01 3.533190460475852390e-01 7.355604704835612129e-01
1.441576086603139073e+00 -2.509768814085322042e+00 1.149662698229108937e+00
-4.626369419445811815e+00 6.741108767751687880e-01 1.299725774989959115e+00
4.348274866177097575e-01 -1.432530125874628135e+00 2.804437184798700966e-01
-4.677940244770012641e-03 6.312486704721568254e-01 -6.892490044690168238e-01
-8.489111798017512811e+00 2.954168568482371082e+00 -1.045911557780643619e+01
4.579331440262065511e-01 4.434518455548416838e-01 -4.922102223415338318e-01
-5.337633096542023781e-01 -8.509472589122318853e-01 -9.893772505685340946e-01
-5.718061302358772025e-02 1.597259721754579420e+00 -4.169938737420592068e-02
-1.161877999022747687e+00 1.086582157192002851e-01 8.502641555389934824e-01
1.365685735690219005e+00 -5.554981672815304528e-01 3.295503870068117180e-01
-7.107268944783775577e-01 1.203522249438660069e-01 2.702100166925028302e-01
-4.884478718308508327e+00 -4.050214231120921937e+00 9.821585446186849033e-01
1.023392827997630317e+00 -1.047833722194886130e+00 1.606112940753738894e+00
-1.569208908691449356e+00 -7.448160099784005839e-01 2.814944463906249861e-01
-7.305624227240559154e-01 -5.485412802815218397e-02 -1.548633202626694017e+00
-4.145968457438456989e-01 1.683198704855631833e+00 -5.604654746131687126e+00
-4.899191588572783251e-01 2.891849674154683969e-01 -3.247209494655096118e-01
-1.789609422351093881e-01 6.555513627890607875e-01 1.028795698064230990e+00
-2.605939010076204987e+00 2.835592756985861884e-01 -4.520296625797046164e-01
-1.533470113120155923e-02 5.563623264267881785e-01 -4.597660061552475419e-01
-6.632998323075132985e-02 2.431157626548423156e+00 4.085153059699202949e+00
-2.770233009487465536e-01 -1.329128035235330074e+00 1.119575815630388549e+00
4.890260200044667382e-02 -4.688573875422592518e-01 3.891052922251852508e-01
2.228377528104510397e+00 1.357391739776835138e+00 -3.554588842699664131e-01
-8.729329815680844096e-01 -1.898034530719949098e+00 2.679743726464574483e+00
7.810882123655238374e-02 -2.078434161202340549e-02 2.755346364926216096e-01
5.210751915999904504e+00 3.963980159981156159e+00 -2.371592415288187983e+00
8.302483657895565194e-01 5.741192982168945580e-01 -5.143145352456817559e-02
1.175958217948760987e-02 -7.459915339318565763e-01 4.388136903304209469e-01
-1.599391941543411244e+00 1.751150826028384566e+00 -8.056500552673554472e-01
1.727043942600542947e-01 2.300912582885805135e-01 1.032593999401646645e+00
-8.933825520941597320e-01 -1.725527809030582838e-01 -6.080608007529678671e-01
-1.714235908348462623e+00 -2.167559412582992007e+00 -8.027810511356913148e-01
2.116136356527971440e-01 -3.948047434800693867e-01 -2.852557248537064827e-01
7.933265557418870406e-01 4.373241804137384947e-01 -1.330737359150875321e+00
-5.364847439163530352e-01 1.287274845212197816e+00 5.870894504551269488e-01
6.447664322570292317e-01 -1.007889999741908182e+00 -1.369787643127224008e+00
-2.240678928778436330e+00 -7.209625326978425619e+00 2.300923582319187588e+00
7.308206426825791802e-01 2.412874775055730558e-01 -1.025898260970664090e-02
8.084805237743420969e-01 1.054652382314655634e+00 2.236963772471301237e-01
-1.454176684909139983e+00 -1.032851255281970859e+00 7.342628434575257934e-01
9.670177041750769309e-01 4.261523280548381587e-01 1.478204013539647033e+00
-1.160226547435769806e+00 -1.113148218674731460e+00 2.623295617171345628e-01
7.377438888619781698e-01 8.300380111281832063e-01 3.359357904933315098e+00
-1.013678693894868088e+00 -4.187460121053353523e-01 7.284263709855497426e-01
-6.956031663284303335e-01 -6.359976925331025654e-01 2.701798636144542992e-02
3.011920705789000063e+00 -5.672970650469157938e+00 -8.468535480643826219e+00
1.076929061399312104e-02 -7.123402377659734386e-01 -1.294326850308303412e+00
-1.346951764582775823e-01 8.641964286468225565e-01 1.619148505998398768e+00
-1.195742236120736379e+00 1.566244386805369038e+00 2.773940867919252984e+00
7.634725723394517050e-02 -1.459201535977376452e+00 3.417786919030766923e-01
6.194073333770125922e-01 -1.196550962815624841e-01 -9.849771002378975293e-01
-5.473698259891590645e-01 -1.115817294322168030e+00 6.106980040764771189e-01
-5.026569635309793282e-01 6.043135624691887697e-01 5.018493634834554351e-01
-4.074443338818268812e-01 9.788859532243001649e-01 -7.852645849490615948e-01
-6.939342577399889578e-01 9.355012820057821976e-01 6.637983399653186734e-01
2.694326880829107096e-01 -3.040142974211105034e-02 -2.093832320762725185e+00
-1.236635920882877410e-01 -9.329936881269639271e-01 2.489412158145090093e-01
-8.210617696830697643e-01 2.877543475346213242e+00 4.298035281024486509e-01
-1.140400652107844914e+00 6.683272268605987554e-01 9.204696659107721585e-03
2.129162614203419235e+00 3.031829019628179411e-01 1.559595552252945883e+00
3.379592748144903402e-01 1.763480439569161673e-01 -1.738903689927357443e-01
4.109655760251424983e-01 -5.625538643118678239e-01 3.601310662147859387e-02
1.128359448560412037e+00 1.135906814410722943e+00 9.761338283368772295e-01
-2.078179424404371201e+00 2.558109256700503487e+00 -1.794426168828285650e+00
4.674041545636516970e-01 -1.464107845857192391e-01 4.137903263001767029e-01
-1.251156237223619017e-01 5.282490608860502812e-01 -3.509312720657336016e-01
2.562788192494417916e-01 1.737087196160249203e+00 1.033202858949511915e+00
-1.485553234282572521e-01 -2.113011036046644087e+00 -1.597299410829259858e-01
3.833708123920555599e-01 -1.345508822385523828e+00 1.311877152200582985e+00
1.491733129397664059e-01 -4.422412008080299772e-01 -5.280110547307105273e-01
1.983042893780769145e+00 1.036561806970991872e+00 -1.785760025977469967e+00
1.077176549923851145e-01 -8.465436311737638275e-02 2.097547687489416945e-01
1.098044257935020029e+00 -1.224817236068338894e-01 5.875521205051369433e-01
-5.383898097162298502e-01 4.904746045609726379e-01 -5.871587452970185028e-01
-2.099730262980113782e+00 4.529207430642452348e-01 8.399668170521119581e-01
1.337741175355052325e+00 -8.039595394941978501e-02 7.154539265934191095e-01
-1.308297591905150048e+00 1.470253577973572590e-01 6.065555334751292493e-01
1.268877305855696525e-01 -1.068944717543677481e+00 5.560828148081271571e-01
-1.173726727782518076e+00 6.242403936794039820e-01 1.046462555737180722e+00
-1.332553237387235079e+00 -4.060226766740586135e-01 -7.083854941690682638e-01
-4.665144889233934777e-01 5.465935447397565206e-01 7.586541444860362970e-01
-1.629948200052595553e+00 2.091563094925360800e-01 -6.827016662569314054e-01
-4.427901713225719238e-01 4.674660605481817388e-01 -5.835729295026984564e-01
1.089032749728694238e+00 3.283209697644250413e-01 3.694087880264642076e-01
-9.505205889373489203e-01 3.389444136637015159e+00 -1.022394799044268776e+00
-4.953490351966837402e+00 -2.488555394539836652e+00 1.030988854024031509e+00
7.303532021979131095e-01 6.764952213876298526e-01 -8.610212128817316124e-01
6.777802179092496937e-01 4.463509949398483667e-01 3.667323868482402771e-01
-1.077303376176325989e+00 5.360794170732299246e-01 1.299457317018052116e+00
1.932718230742861421e-01 -8.904552464217823093e-01 -5.484297420440252813e-01
1.831920573314319844e-01 2.741780246198971191e-02 -5.928648428684584193e-01
-9.267744410730958116e-01 6.114941215837726984e-01 7.883578692097605867e-01
4.522447972965609186e-01 7.367587026713972032e-01 6.577952153942480118e-01
4.193829365791033603e-01 3.252227100975850771e-01 -6.553555180506413780e-02
-2.231921507464743604e-01 -6.155647217703509311e-01 4.075907627500958141e-01
7.815598719338968658e-01 1.214114141975769362e-01 -6.187310264500098800e-01
-6.767049277563956799e-01 1.113269886778078810e+00 1.199448678658855127e-01
2.832948870061575253e+00 1.042232750697408505e+00 3.561529403009810135e+00
-1.992832956271409550e+00 -1.219655772772773483e+00 1.274063941453875248e+00
-2.392261209419970669e+00 -2.903251386371150211e+00 1.129263162148788080e+00
5.132996872295831459e+00 -1.182255318954631568e-01 2.530807024217400780e+00
2.609149742473917399e-01 -9.002347156553626162e-01 1.700144680046082046e-01
-3.869415042239843783e-01 -5.174124460461166919e-01 -5.263450103851622514e-02
1.425287247808752156e+00 -8.734612326307248376e-01 -2.610117487398398772e+00
-2.441266755105311048e-01 -2.861515795127744788e-01 -5.132799953098410306e-01
1.097713318699736984e+00 -2.639914836243504759e+00 8.854271535560007678e-01
-3.665627095975024924e-02 5.166580822390900440e-01 -4.120590942494278819e-01
-4.446015859036703960e-02 1.242475168519152628e+00 5.566603942016764422e-02
-4.920015291034314786e-01 1.939247321230468113e-02 7.269715847814486320e-01
1.361261908753625294e+00 -1.469126690350442743e+00 -5.900943651525091677e-02
6.368186903309591695e-01 -4.212613689111060489e-01 -4.961633296132245685e-01
-2.868158807170474445e-01 6.524394940362194806e-01 -5.614384218126733384e-01
-1.009670061890717951e+00 4.109571216272602245e-01 8.103064583274443011e-01
-7.556472320164900891e-01 -2.535908641101198846e+00 5.971028652236478607e-01
-4.099542235579503591e-01 -1.568295788640698962e-01 -1.521344284912247991e-01
1.101629628309551828e-01 2.027132400239891052e-01 7.071552823035439639e-01
-8.618482299755406695e-01 1.211751243079968177e+00 2.203328805704187765e+00
-4.513974228229735153e-01 6.463618736316054658e-01 3.386823914743003483e-01
8.160158269987376478e-01 2.183524061254646931e+00 -9.528771863821202670e-01
3.271705770655695122e-01 -1.744586420168201812e-01 7.452332829373830014e-01
-1.982617656093055292e-01 -3.137576913540542356e-01 -7.451703960557740647e-01
1.913222097101612285e-01 5.587264097548990671e-01 2.471340512055306138e-01
5.374033860097090498e-01 7.123249012478456710e-02 -5.066890802179846442e-01
3.593749708302186874e-01 -8.513490486022768922e-01 -5.458290795573098042e-02
7.663447522683012325e-01 -2.693623039369832384e-01 1.113640823002383928e-01
-7.508540387778926684e-02 -6.954630346960464227e-01 6.783772787254851444e-01
-1.696413846832958594e+00 1.399654493770947861e+00 -3.166563444793174753e+00
-4.851818940712062100e-01 -3.150450303652517214e-01 -9.432327201716674825e-01
7.073156786026608689e-01 4.718810567576781079e-01 1.599210644033608464e-01
1.689247831538288391e+00 -8.931487543638153559e-01 -5.052786672520652722e-01
8.224247691610349076e-01 -7.688819563157848203e-01 1.297925047217761252e+00
1.089094783314511261e+00 -1.040402176734234407e+00 -1.413571845434310248e+00
-2.750732969630413471e+00 1.947081854396757183e+00 -1.034583340080843517e+00
4.665743862945329612e-01 -8.330068878669418808e-01 -1.256636211798394021e+00
5.089612521540509693e-01 -1.173163354102899764e-01 -3.608689809283598393e-01
-1.122822652586247472e+00 7.613337565493146775e-01 -2.387625847995522577e+00
-8.815505823747514166e-03 -1.141984011119894227e+00 1.969138048367942428e-01
-7.063723752577420356e+00 -2.084266323060347403e+01 -8.424908355556059547e+00
1.130075640577263840e-01 2.281903868251954348e-01 -3.187841142176573994e-01
-2.906325414420452002e-01 -7.556678820269175922e-01 -3.951790275057371904e-01
1.500256569961218922e+00 -1.953448540647052256e-01 -5.361624763651969827e-01
3.755717647637111800e-01 5.405977271782418797e-02 1.442874823178188493e+00
1.272431363877350119e+00 -2.405033645138852649e-01 2.152374923667061193e-02
1.159961870567111225e-01 -3.336799571908269368e-02 4.034839130595525014e-01
1.860146642174117293e+00 8.500738292013487740e-01 1.592483674447620290e+00
-4.220608850720781180e-01 -7.776473860230056490e-01 9.922139271166368069e-01
1.386563296512439258e+00 1.962858962415688635e-01 -1.420918469830941611e+00
4.624566032122566506e-02 -2.471691974155877311e-02 -1.217403857547415535e+00
2.726448650101706561e-01 -3.048265855400831836e-01 -4.032440740457501338e-01
-1.321617041535336212e-01 -7.119398843410266187e-01 -1.061973253638313491e-01
-6.474014927660310947e-01 4.318985572021943886e-02 -4.598761040196689964e-01
-4.549231511754041057e-01 7.051138584858419600e-01 -3.799823830388182611e-01
1.087859461635864111e+00 1.385785050101138394e+00 2.533386794716064205e+00
1.385439322159942588e-01 -6.225660644027827262e-01 3.969838275282176476e-01
-7.659822605495253400e-02 -1.624620250073372407e+00 3.167639250241612858e-01
1.067583143138584878e-01 -1.764954721876280441e+00 -4.519872913801673553e-01
1.235197040542223235e+00 4.880113448896847284e-01 -1.230468598926793980e-03
8.403039334083259315e-02 8.653060195348647454e-01 -5.744785390389902657e-01
1.308060189725369638e-01 -5.950951729631770437e-01 -5.623440252513781969e-03
-3.472161516140525039e-01 -1.056765891069531005e+00 -8.963012106424055325e-01
-1.093333494198974881e-01 3.197652692220361303e-01 -9.281835185467817162e-01
-1.720220280438550520e-01 -2.573467749590632736e-01 -4.772575137897733244e-01
-1.030147548339476193e+00 6.789417994105775289e-01 9.087464713825622598e-01
4.250638087678864641e-01 8.430899313607352896e-01 -3.465305176457361025e+00
3.217539048288985959e-01 -2.495585216616307722e+00 3.055066169365890261e+00
1.290033229540210158e+00 -1.767720291166054558e+00 -1.822031146220203457e+00
-1.433848346098786974e+00 7.579429975988711821e-01 -1.555766408709641446e+00
4.154127526952468563e-01 4.034971598722243868e+00 2.929636653882112363e+00
-4.739481534855043421e+00 -4.871155847860054067e+00 9.387969331991848909e-01
4.445596801009784604e-01 1.348196509275918942e+00 2.684588542431932678e-01
-6.500465675704948376e-01 2.208620684687218616e-01 -5.321498482762683224e-01
2.603666335973688017e+00 -1.591449225126085221e+00 7.758716538655140438e-01
-1.843096845562009756e-01 -8.772611606365923187e-01 -1.361345398832532472e-01
1.371437865935600797e-01 -2.852730036668355007e-01 -1.038821310574994605e+00
4.260977581334862707e-01 -1.598814759672904096e-01 6.471305501143428396e-01
-5.118719330778243037e-01 -8.251459611192291099e-02 -2.632156286665431333e-01
9.790366890344066597e-01 2.916909886997358092e-01 -1.099141446578806081e+00
-7.019281408232374009e-01 -2.533110964253274533e-01 -1.006949313252652356e+00
1.845126681326701767e+00 -3.651412333965664003e-01 -1.499871970802917787e+00
-3.696619911990512430e-01 6.911033562981250267e-01 2.158299979238363087e-01
-8.336198054174546179e-01 -4.459728006800022827e-03 -4.401593192110028196e-01
1.268064936692628653e+00 -2.358624328527885172e-01 3.963307362223093544e-01
1.067858521673161976e+00 1.716836847823989043e+00 -2.694888140042240865e-01
4.714285904173789316e-02 -8.744306821240906136e-02 5.392460850958499252e-01
5.507817607736842369e-01 2.934898532548714911e+00 -9.424672710623467342e-01
2.739620650352355691e-01 -1.486218513944659092e+00 -1.599876328976735040e+00
5.786472425687321230e-01 1.476393602212763001e-01 -7.940122356601458931e-02
2.668540320956018230e-01 6.562915353284397568e-01 -3.067464901642513730e-01
-1.350648586839484633e-01 4.386220550698881060e-01 -1.550543162099760952e+00
4.008831918349361478e-01 -4.127363235574949690e-02 5.834190423732952269e-01
-4.082839915133252284e-01 -3.087291151069443962e-01 1.074466421439209007e+00
-5.914507044075558717e-01 4.289749360344202733e-01 1.347967724833553760e+00
7.456687233739063281e-01 1.101768055866909402e+00 -7.703249971244138239e-01
-1.133551931918981709e-01 1.234196875437611807e+00 1.129594839172234355e+00
1.082461378658353124e-01 3.591663763527114805e-01 -8.827534799158126555e-01
2.243284588743921226e-02 -1.579880137636103798e+00 3.466079984009216852e-02
1.116940424625820993e+00 -1.086221868962368164e+00 -9.511228859391411827e-01
-1.450279969173030148e+00 -6.179082514547549199e-01 -1.900280046974929526e-02
-6.667793427274036622e-02 -6.538331813478388543e-01 -5.019617799625843979e-01
-8.647690252642492581e-01 5.054512770764424401e-01 2.437547507710479677e-01
-4.935747785673142568e-02 1.336917589331747813e-01 2.782992458941106473e-01
-1.503719567478383201e+00 9.150576807560484305e-01 1.230404328116262658e+00
-6.147914075373775988e-01 -2.109426464337872620e+00 -4.889340146523322717e-01
9.104968587405094516e-01 1.774564920097571330e-01 -4.897218743527722573e-01
-9.616479490418688991e-01 1.714735459713484067e+00 9.652004963545692817e-01
7.733178879401068073e-01 2.610793916558650229e-01 -3.585168448531951546e-02
-1.854542864669837199e+00 -1.912495020494563658e+00 -2.570416654014286428e-01
5.389029941260261580e+00 4.773498257103732101e+00 -9.701146543691997470e-01
-5.599819072097916850e-01 -5.051701542986809616e-03 6.012184712556938315e-01
2.486281732959802759e-01 -4.742741494046076589e-02 -4.055672444044042813e-01
-5.495932814682864542e-01 2.916846809302702792e-01 -1.287419256931628064e+00
1.226406114851446905e+00 2.327059251172168608e+00 -1.581333709977576163e+00
3.341801749507954944e-01 2.875954863162275554e-01 3.554077605264240325e-01
-2.735548506958697668e-01 -7.765889549370934564e-01 -5.782214002359885585e-01
-1.594961402649880622e+00 -9.878370938244385169e-01 1.998304512850801906e+00
9.592077593740363506e-01 5.900818248785943965e-01 2.105453848134342554e+00
-5.195964693011512203e-01 -3.706660792760040901e-01 -5.151944908883593355e-01
1.551761516578882505e+00 -5.116843770433966432e-01 1.699626346434923940e+00
2.321077086394656708e-01 8.834544773264279005e-01 -1.454347214026778246e-01
4.822918606506709782e-01 1.047838480838090280e+00 -3.153263302702459803e-01
-1.579399144686445933e+00 -6.885596771134138150e-01 -2.269340431796137425e-01
1.686467676431387952e+00 8.867261442019949147e-01 4.285159424409448747e-01
1.979866444473283638e+00 -6.065833960336156627e-01 -1.489068236059993833e+00
1.955476583490436959e-01 4.585374832936343070e-01 2.676360275961094937e-01
-1.482066731864315257e+00 -9.389061304169140643e-01 -1.162374553023260981e+00
-1.574742098269067636e+00 -1.277076948104198251e-01 -1.898792034381563854e+00
-3.475217511798852854e+00 -1.777172087588700267e+00 1.162668807854351671e+00
-6.407094059607464087e-02 3.279345830054993804e-01 1.315869235064401344e-01
-4.216181641225311139e-01 -1.039812406390363986e+00 5.328658971843855952e-01
4.932544321735658488e-01 -1.326137190080216577e-01 -5.992795808254763879e-01
-2.754348248279795408e-01 7.002007968747990807e-01 -7.212191668645261400e-01
-1.018131302472497612e+00 3.899942900541653601e-01 1.843289001521440096e-01
-3.378935799072046442e-01 -4.947570963014939482e-01 -8.309005452200435293e-01
1.633854371698571617e+00 -1.543023591000819428e+00 8.139291420555100354e-01
5.401441787679142070e-01 1.103200272953660799e-01 -2.900487182500001149e-01
1.588419517356547961e-01 3.102854913741402432e-01 -3.531750327619802565e-01
-5.004732351255685163e-01 -1.420520581358232226e+00 -6.191479617446613570e-01
2.730289633888191569e-01 -8.850776397019889385e-01 1.072778682883382517e+00
-6.434088347251973317e-02 1.205391611648510830e+00 1.496025798901719772e-01
7.473558162402930138e-01 1.850978188159025095e-01 8.553770602668100964e-02
-2.906254699017626897e-01 -2.119514658146499086e-01 8.788074667171665855e-01
7.460450498252127471e-02 -2.978271882588059971e-01 7.023059157046254164e-01
-1.184278211608265963e+00 -7.149004319439782318e-01 1.214268187431486873e-01
3.654681281503066592e-01 4.455323440221705678e-01 6.172647987916777268e-01
7.723974830003407788e-02 7.955069878966464225e-01 -2.704903938549036435e-01
1.116011616467786016e+00 1.773965386053460991e+00 2.029000954524924349e+00
-9.961762819374206046e+00 -8.699175424973461190e+00 1.410744549230351863e+00
-2.703108807529595592e-01 3.686281115490966931e-01 6.405647370903244653e-02
-6.390019409459951838e+00 -6.206866457400446457e-02 2.864541705862639898e+00
-3.205882303311641923e+00 8.725623732345889616e-01 2.298869546901059824e+00
-2.534694192111794364e-01 3.189195301783624092e+00 -1.436694816259044272e+00
-8.908831347454035932e-01 -4.978961490323910444e-01 -3.806472689158220124e-01
-5.640550871494497409e-01 1.050715434319494213e+00 -1.260522987355653823e+00
-7.990876574623924089e-01 -9.353030914170692989e-02 -6.546867625044787697e-01
-5.960231408477510984e-01 9.206150027103280342e-01 -1.081333762682393562e+00
-2.547587885566530153e-01 1.576581524292996750e-01 -2.223517438892488526e-02
-2.113266803889100598e-01 4.289914690206881320e-01 -7.673454895362853689e-02
3.373298910306278930e+00 -1.608301960544544995e+00 5.173336651812523890e+00
8.898152710469729998e-01 -1.021481800635530623e+00 3.025049055155540678e+00
8.483306954669690425e-01 -5.252837420819091996e-01 -9.473624423584022791e-01
3.355984820744839947e+00 1.452656744181706761e-01 -2.292654608652251014e+00
7.955451237043158486e-01 -5.149863892306972835e-01 -5.017921086189473107e-02
-7.550974376055406001e-01 5.977153819109967126e-01 1.723852101135861514e-02
1.165825252957913560e-01 8.504406981010307343e-01 3.515195707676181391e-01
-6.229238925462965426e-01 1.018604998497913278e-01 -8.606083143148256509e-01
-6.449426477691551085e-01 2.465255531881176965e-01 -7.306955489392373826e-01
1.559919636633593454e+00 3.637463866668597112e-02 1.522171510534701788e+00
-7.069398719659639729e-01 2.681681323968730934e-01 -6.960653939264722645e-01
-1.402771886063046924e+00 -5.871658600376206127e-01 2.330093419940027222e-01
3.752394701363129803e-01 -3.587797532693181024e-01 -1.027088721522405601e+00
-2.514157391160892097e+00 3.067871875500131074e-01 9.433897189268533046e-01
-1.709497927555677088e-01 -5.386487184915068616e-01 -1.689241830061639860e+00
1.744108785659788385e-01 -5.500272708520080878e-01 -3.483598357443428717e-01
4.997922528567097511e-02 -1.915718513412631441e-01 1.037716045909270746e-01
1.654113433928478871e+00 -1.914831910244812807e+00 -6.668481917558317207e+00
1.442184947880374324e+00 3.162944749558206925e-01 -2.064869280784957795e+00
-2.342946823091278663e-01 2.665548129659424115e-01 -5.678033562597046835e-01
5.712943229548046453e-01 -2.079016846280223180e-02 -1.885004330532669137e+00
2.332914565130305706e-01 -2.700699316820692197e-01 4.403406438209749862e-01
-1.133526216153906585e+00 -7.723005899127232121e-01 -8.068910810849097004e-01
-6.753233808072852673e-01 3.361344931556553117e+00 1.904900454028894075e+00
-1.673968884679999602e+00 -1.226083409951865155e+00 2.523342747030091759e-01
-2.814381470540238128e-01 -5.072121551779488202e-01 -6.342919084396885232e-01
1.085672028331373440e+00 -1.520991156675370604e-01 -2.504990058667035502e+00
2.275236816821740449e-01 8.268304334133522171e-02 4.531645075819672880e-02
8.725481334183837756e-02 -6.864001698891006309e-02 -4.625587722293399429e-01
-3.200568848113730658e-01 6.860817078493929300e-01 2.573847056980902437e+00
-7.605642021633809424e-01 -2.322125102836684718e+00 1.038868199324273434e+00
-1.200778436548390615e-01 -1.672481029988266421e+00 -1.177246287216124232e+00
-5.981695319000484012e+00 -1.140380638595314577e+00 -1.832668806211277923e+00
3.557965906726031080e-01 4.204661659444247634e-01 1.470176649402656910e-01
-2.366325584906208590e+00 1.734655884764698952e-01 -6.945474609897762663e-01
-2.765986148569473002e+00 -1.783748896673447382e+00 7.860124051893583319e-01
4.650254546240641940e-01 1.321521031571463611e+00 -6.825003926081486538e-01
-8.084573832536450233e-01 5.797942400006949049e-01 -4.791495078516538886e-01
5.721716523430254986e-05 -3.214023072612411935e-01 3.489138607841764661e-01
1.304761439353843144e+00 3.972224750374900304e-01 3.287850003419685030e-01
3.958233982355650049e-01 -1.150805544200062203e+00 -2.911313392149572077e-01
-2.161821730909771477e-01 1.116348479829165630e+00 7.229195243802343240e-01
-3.932033364135138598e+00 -1.215611052598998709e+00 -2.518336791962858534e+00
-1.354983252152719198e+00 -3.184088526302840005e+00 -3.289099468891941713e-01
-9.417967810392267047e-01 -1.510989827919939188e+00 -2.828524029098059778e+00
-5.237334206424015814e-01 -7.089514506662175641e-01 -7.158164532681476899e-03
6.364774149315185481e-01 5.221409982106185454e-01 1.781507191362096787e+00
-2.623598050071500043e-01 4.883898067636781998e-02 -1.867695163539905945e+00
-1.128678387049531356e-01 6.287302432506901573e-01 -1.088608955735264283e+00
3.155895631303303750e-01 -8.400285161099138032e-01 2.041518269134489846e-02
-1.076542295280885631e+00 1.405748153615532736e+00 3.896189284114185969e-01
1.710029128841831447e+00 4.797664342630354739e-02 -2.469956377667997249e-01
-1.831483332544524834e-01 7.289174920409663416e-01 -6.719964150778209300e-01
1.184736072456293199e+00 2.827981157199014883e-01 3.708639093707037648e-02
-4.214957205879317215e-01 -4.444624120020190250e-01 -1.657377707015707247e-01
1.990627200266205099e+00 2.147957103000305068e+00 -3.304049752198839229e+00
9.375331115284937233e-01 -8.008671610502239302e-01 -9.414798979067677542e-02
6.025662271225880051e-01 -3.885881798265382325e-02 1.070314396811814062e+00
9.186784557143506946e-02 -1.842131695809332559e-01 -3.932397748455901954e-01
4.516829563469466208e-02 -6.633761374217377049e-02 -1.166648454204053248e-01
5.656876170129309100e-01 4.380195593162421464e-01 -8.637999960095195107e-01
-3.166237208430469074e-01 5.617042022367045861e-01 -7.020258204129924406e-01
4.982933978881430193e+00 -1.880187495041021339e+00 2.096355553504894775e+00
-7.164180425303892652e-02 -7.705767173205307907e-01 6.233047712325314738e-01
3.694337043166552093e+00 6.429692601912823102e-01 1.356882946438710880e+00
1.596479772047325885e-01 6.405936600632586853e-01 4.283869602123039910e-01
2.305168758009230531e-02 -1.512342798078554429e+00 -9.599066423240160129e-01
-6.013156487968773084e-02 4.746227349156015296e-01 -7.104129583469870335e-01
3.862566341761747846e-01 -2.406779236068758154e-01 1.516632528943484548e+00
-2.421502042495763396e-01 2.284277727325731699e-01 1.472505070384139136e-01
1.112928625769451924e-01 5.504311596674468454e+00 -2.110642957577679724e+00
-1.366578600997786275e+00 5.799034052060432209e-01 -4.337445044838812991e-01
2.944445269268268994e+00 6.096052235211179005e-01 2.554067145145583750e-01
-1.072404277056614674e+00 6.990937231832339283e-01 3.364643491486858373e-01
-1.598055354826672936e-01 4.921737362406937433e-02 -9.215085079297696824e-01
-1.002204723700009098e-01 -5.459398825334250693e-01 4.344451837831051488e-01
-1.734598153197208503e-01 -1.166462172606264058e-01 -1.109832489663662020e-01
2.380607168744321989e+00 -8.185095136387214865e+00 1.067450101887798120e+01
1.923111828384668653e+00 -1.978804732886738860e+00 7.703529069818603192e-01
1.403397924593495993e+00 -5.060801633652078219e-02 1.025522262954126296e+00
5.208501754533989114e+00 4.612837052146289557e-02 5.076659293469411693e+00
-1.075589672557820897e+00 4.650229864282000580e-01 -2.961722125942821471e+00
3.783970547769118231e-01 -5.325672279632383960e-02 -3.021895914551148143e-01
2.823668890182017277e-01 2.088992778432364472e-01 2.269203825180276246e-01
9.687545381584069304e+00 7.935124680491858484e+00 -3.911394612936629045e+00
-2.577199841793604840e-01 2.611951649452892710e-01 -1.579800090320948036e-01
-2.752948356459708826e-02 1.027892118877124616e+00 -3.603436710067574600e-01
-5.500072712677956943e-01 -2.795016008269081698e-01 1.949657213234599284e+00
-8.276618654601888281e-01 9.208664145363556486e-01 4.785531633937250007e-01
-9.929146001412771927e-01 5.723928733505558863e-01 -3.958142775257500467e-01
-6.637638860816784669e-01 1.945531036061301788e-01 6.023253990396116864e-01
4.015233455353850456e-01 7.102558023478090510e-01 -3.097350302013199275e-01
-6.170021610502836040e-01 5.567245915809803103e-01 -7.657009927373140123e-02
-2.257401079608202021e+00 -7.849906720898464085e-01 -1.893772178416241458e-01
-4.142388266418961518e-01 -2.243536893530840015e-01 4.945051268408161976e-02
-1.516047520487185274e+00 8.968124752429105229e+00 1.032924028758217716e+01
1.309957041130037879e-02 -6.786304991974995149e-01 3.129950198174398512e-02
6.562378375718395107e-01 -7.620999175403264658e-01 -1.391416943571183618e+00
-5.931880385836184322e-02 -7.750296329081597657e-02 1.031615479144008418e+00
1.128504575452681680e+00 5.294797133450862558e-01 -8.807869962456700286e-01
-2.996549926357528482e-01 -2.087714287855515494e+00 -3.640517831571619123e-01
-1.355426112886799206e-01 -1.280578202560182177e+00 5.258045175558025974e-01
-1.526910391117226595e-01 2.831119883649398095e-02 1.348563115175690774e-01
1.324495614480676986e+00 2.244704057167458355e+00 3.303177778660291164e-01
1.807940820942332272e-01 -9.100198951187239427e-01 6.724997772780794136e-01
8.961255791488931255e-01 -1.171229088868593449e+00 3.991812834454491199e-01
3.285240180089359807e+00 -5.883585876569462636e-01 -1.064306676144118335e-01
5.836771141789577622e-02 3.353979886754197559e-01 1.984046615945728176e-01
-5.573069752906374408e-01 -5.387856584556579564e-01 -2.403948671410841287e-01
6.447482057070634820e-01 -2.284944119469811685e+00 -1.422290408663960370e+01
1.023229266656398906e+00 -1.641653686219456842e+00 9.035528819543562351e-01
1.552416390864302109e-01 -1.029712282152257796e-02 -1.250721068970684025e+00
-1.004835250495396792e+00 -8.031830767783694203e-01 -6.380466003684754916e-01
1.017949553882365299e+00 -3.864074980400764719e-02 -2.459225164858395152e-01
2.449705845546912730e+00 -1.474870642702977575e-01 -2.542560107217681567e-02
3.156373095972537235e-01 4.782857358972107398e-01 -5.635157902037970512e-01
9.238796400349462701e-01 -1.237753251430291135e+00 3.129097581579774467e-01
1.640499132312254749e-01 -3.234663706415057405e-01 5.980203434434279153e-01
8.760482458650063753e-02 9.046489165781297359e-01 -3.305852885454670376e-01
-8.154529299158249644e-01 -7.186480063437470367e-01 -1.524824578061539482e+00
-2.080921411266554721e-01 4.459778666343101050e-01 5.252455310864146965e-01
-8.008799437426162848e-01 1.231733951329620769e-02 9.900567930443889830e-01
-1.586340770188464866e+00 2.626034925379423957e+00 1.123924025275513161e+00
-2.002909059886929910e+00 2.031391236326591798e+00 -9.798132450389995807e-01
-2.887427780566355004e-02 -2.212276449438234371e-01 -5.702184206184365278e-01
1.920756161602837686e+00 7.119511252204250296e-01 4.259754150867545719e-01
1.598139807512509059e+00 -1.449566081719297628e-01 3.884957431293500907e-01
4.727541928180804820e-02 -3.543439134039332861e-01 1.306985551093921005e-01
1.120907265059520652e+00 1.160151122422292902e+00 1.185534322214202962e+00
-1.151302449365143366e+00 -1.394237850863383033e+00 1.910351735293319253e+00
3.701800821168891309e-01 1.280201118814705552e+00 -3.243977066473541226e-01
-7.777701659290658931e-01 -3.953047114441317622e-01 1.110089609987355980e-01
-3.892507588043017108e-01 4.453980599586179201e-01 -7.251202451291490769e-01
-2.845449910498412116e-01 -5.218326832357241818e-01 -3.072286677694855972e-01
3.013377876025574054e+00 1.451584398310732382e+00 -1.209022040429129863e+00
1.909100297057503004e-01 1.390622918025343491e-01 -8.851175923634385656e-01
-2.639942490671766784e+00 -5.941511367475867722e+00 2.310751365317035955e+00
-2.091523909179557605e-01 2.551176593085724420e-01 -2.646495950259648566e-01
-7.296116110830603851e-01 1.004525746809436848e+00 8.764571360790832655e-01
-1.134874536587428429e+00 2.387939312207696674e-01 8.200783811318854144e-02
1.026016292670480640e-01 1.077286987303931708e-02 -3.859984078401493962e-02
1.849764259689618440e+00 1.580010067664210371e+00 -4.082963469796599298e+00
-5.589023879996195543e-01 -4.446530514902566344e-01 -3.547137768215965492e-01
3.191891304422777242e+00 6.774802943081441597e-01 2.393667228507590394e+00
-1.332632524611446767e+00 7.845035973729990175e-01 2.820601943428359348e+00
-4.668355757609824463e-01 2.511581173491280183e-01 -1.405565423316044171e-01
-1.032542719041485979e+00 1.472367071278668227e-01 6.508420981224030677e-02
3.087311397537344584e-02 6.653944890360663500e-01 -1.920213801092179873e-01
-2.896272568972764194e-01 1.983683872313440621e-01 8.205384703095157384e-02
9.325085822438664573e-01 6.212668512692240963e-01 -6.875301371113761162e-01
-8.474837426626613546e-01 -5.068604304164016083e-01 -1.488762425955215407e-01
7.500757935209993732e-02 -6.218880549067591357e-01 -3.507393749109548597e-01
-2.935738925564856383e-01 1.640589710617112340e+00 -2.911021149316823653e-01
-2.115562015193962198e-01 3.393487920441173866e-01 4.431918177834285461e-02
-3.079556305312790565e-01 -6.740191103722177335e-01 -5.178060009969909228e-01
-4.433867203043083682e-01 -1.430307063021186931e+00 1.117414613585803851e+00
-5.005716239477024654e-02 4.671032405164142198e-01 3.557268223251159878e-01
-3.267359884954354476e-01 1.468932621612896727e-01 -8.936859346591075060e-02
6.304286478197608512e-02 -9.554139858570911414e-01 4.055367968029865988e-02
-3.692130023074478462e+00 -2.834766834075707731e+00 -1.112899561359811162e+00
7.675908274261807052e-02 -6.187987856594054925e-01 2.501425685401494903e-01
-9.448928840341371677e-03 2.181433479355451011e-01 5.270286192911933787e-01
-2.513288251210359814e+00 1.912615819055973665e+00 -8.036477653506106378e-02
7.098707400737769291e-01 -8.888627750572926089e-01 -8.894472690224354272e-01
6.037988642784183346e-01 -1.259051214354134363e+00 -7.779378581726460462e-01
8.452424542384716633e-01 -7.197503820459601187e-02 -1.296208619248233607e+00
8.498316144888608389e-04 -1.374852883373917645e-01 4.563232298550365384e-01
-1.102613261118529309e+00 -3.304095710797334828e-02 -8.231571824321284314e-01
1.205331275403933056e+01 -1.815477297951453739e+00 -3.225195335341385139e+00
4.493439152107295276e-01 -1.041854893229196666e+00 1.741738941254440620e+00
9.452308278099901262e-01 6.037274443444009542e-01 1.680452009861173879e-01
2.405104771251257920e-02 8.837278850462169100e-01 1.741454070517241659e+00
1.164105415800372301e+00 -1.148935705158139253e+00 1.865202833212453171e-01
4.240042571603637178e-01 7.480751597889605531e-01 5.862347526569924305e-01
-6.764082487964112600e-01 -1.334658903012816422e-01 -1.152258586304558907e+00
1.126174112398448113e-01 -5.770653311076277825e-02 1.515309073772849180e-01
-2.044583423820045986e+00 -9.989081167911115777e-01 3.239796702229164604e-01
1.663993347924508370e+00 1.353362049156245028e+00 -3.366839577605387768e-01
-3.589974751822878202e-02 3.632221322846216349e-01 -1.445237615432948486e+00
-4.124494399991723848e-02 1.403512239402056272e+00 2.683381086548056738e-01
2.642642174554709067e-01 -2.702936002722442638e-02 -1.002096987630678449e+00
1.304335338919799525e-01 -9.255781271701363222e-01 3.154286858376423863e-01
1.001520994629478745e+00 -8.394816103284219455e-01 -5.036510210403963850e-01
-3.376786844981822799e-01 -7.793720970170695539e-01 -6.168846568612609133e-02
-1.564259065648213320e-01 -1.895861185544570338e-01 4.692856931553280320e-01
-5.914865042563945963e+00 -4.257802035094998772e+00 -4.883155691323069481e-01
2.508311851985587815e+00 3.049794359114273323e+00 -1.975302396793557069e-01
-6.821529799066583521e-01 3.348761452975637098e-01 -1.026960614983364106e+00
-8.909866006465941290e-02 2.020757695088428285e+00 -1.294623092189634561e-01
1.034934932984001632e+00 8.461226790946392295e-01 1.212831078434514653e+00
-1.442956663981808940e-01 -5.679562302609275637e-01 1.680627575546979058e-01
9.499894382228731837e-01 -3.112126943248377242e-01 -8.257475580528891301e-01
-1.566508342647640051e+00 1.149778596470153014e+00 -2.926483754450778796e-01
6.256795193203884553e-01 -9.863318447920299548e-01 -1.208348134120289380e-01
-5.448011461022811419e-01 1.396940260889877328e+00 1.167772077130130981e+00
4.329421199774634021e-01 -4.632405309935977433e-01 -2.995441009303588809e-01
-1.601482216351700405e+00 -1.290810000351427234e-01 -2.044857005578970266e-01
7.203647695959434216e-01 1.855869565390472653e+00 -4.340990421659818854e-01
2.791173993226486960e+00 5.391452010045534315e-01 -2.802641468108767242e+00
1.962973186968198225e-01 1.167254906062439535e+00 -4.238362586645193497e-01
1.134348687625169383e+00 -8.454516383911735433e-01 -1.161525932041660214e+00
8.373547348991919881e-01 -5.084246416812318592e-02 7.659069785593471125e-02
7.655719420805939812e-01 9.549057392683484302e-01 -8.415902329918557578e-01
4.750243522414067388e-02 6.365818457896407073e-03 -4.066365244099852116e-01
2.919384637973998498e-02 -1.593014462817380350e+00 -7.248990200525241567e-01
3.347060738761543641e-01 -7.188292574740030583e-01 -8.929524519267080518e-02
4.664149496219714974e-01 6.978625946343050002e-01 -5.488360135208606438e-01
-8.463164098383643141e-01 -1.305275134102895085e-01 -9.910183189503871670e-01
-2.528939674603182530e-02 7.052257438201487982e-01 -4.549264642629241018e-01
-1.420748094114950622e+00 -1.280214513168123069e+00 -3.717153004116449111e+00
3.042090803017886702e-01 -6.185519664235822335e-01 2.344032869536405439e+00
-9.168921414970841732e-02 -6.436337576508189828e-01 7.995699666501848712e-01
-1.789176866756685413e+00 -2.222194685041073647e+00 -3.645599583566430990e+00
5.044523149859302391e-01 2.775780917134654247e-01 2.802419162240329387e-01
2.376604961837986085e+00 4.407038878364688550e+00 -3.702879720884255654e+00
-2.048745840625639247e-01 -1.632952641272869543e-01 2.681414581708359557e-01
7.323634173191623242e-01 1.574872415563636704e-02 1.486302733035844981e-01
1.349925561907826810e-01 -4.485635189421824931e-01 -1.910987772681449204e-01
-5.598720348585946915e+00 9.531981785566417953e-01 -3.561833176348246699e+00
-2.969825233378547424e-01 -9.500438712438999955e-01 -7.962810797925919948e-01
-1.330357402030361458e+00 -6.536213308612477679e-02 -9.272726343368988822e-01
2.951780996913768718e-01 2.724944514565217357e-01 -3.689097708167101142e-01
-3.480516216372606220e+00 -2.588001490642651170e+00 4.399949897146961497e+00
4.000035076438667181e-01 -1.464460519089057611e+00 9.298131683710846307e-01
1.312283823564596719e-01 1.686729201454354010e+00 -6.511916134169953851e-01
1.299891635138992474e-01 -4.255941617563530066e-02 -1.684684279924458516e-01
1.266871827619195701e+00 3.137963684024817068e-01 -2.590266168098354169e-03
-4.722323415829757787e-01 -6.740417881551672430e-01 1.789466801128949680e-01
1.917365755629196755e-01 5.176557295243331414e-01 -3.684367623656630841e-01
5.804561258741044449e-01 -1.489858135806270800e+00 7.548501025316219915e-01
-4.815241364375771327e-01 -8.385296434230010698e-01 -6.435771416794149324e-01
-2.320606834679233899e+00 -1.151824348236031348e+01 -1.049243576594400018e+01
-1.718372174248044892e+00 1.246201156540479582e+00 3.930300501568250726e-01
-5.778743165726178965e-01 -9.246458430874140433e-01 -2.401688500592905895e-01
-1.152846549845876201e+00 4.504763161041646313e+00 -8.676492038608309088e+00
8.363569020677966148e-02 1.674290476780998516e+00 9.302730135689128987e-01
3.038705667461336080e-01 1.129439435904781436e-01 -6.795475206522050282e-01
8.489744362689315427e-01 2.721619470656394535e-01 4.620893833167465936e-01
-2.841919810047136563e-01 3.755218502950293802e-01 -1.222014724342928460e+00
1.341496107833535900e+00 -1.972829115599341598e+00 4.810011099499731380e-01
1.408278226651127563e+00 -5.297896997039377442e-01 3.473168396817347681e-01
-1.873266497752018589e+00 2.020404429027181092e-01 -1.306593261546655338e+00
2.923394040943509964e+00 -5.502897519156595862e+00 1.634778573669916080e-01
-1.481008266303214527e-01 -5.957767202548935881e-01 6.772466237085577045e-01
2.306905794149800570e-01 3.823402392137058015e-01 1.798291074634187636e-01
9.509897004795099251e-01 -9.507834738409212116e-01 8.278570620681401093e-02
-7.794325044753650511e-01 6.506723051349423415e-01 1.537383805399809011e-01
-8.847606366712167381e-01 7.126527559816391300e-01 4.214788518678098950e-02
-6.652156977922647485e-01 -2.485447142694702932e-02 -3.923668159758805229e-01
-3.871303110459887176e-01 4.072713760171832176e-01 -6.464334037873556982e-01
2.401322316814532343e+00 6.842737994733446572e-01 -4.332927381861493288e-01
2.681053711853681465e-01 -4.096205470919053043e-02 2.050607602949660879e-01
-1.734895018124926747e-01 4.864363322433792325e-01 -6.243930983106661392e-01
-5.195930237100165883e-01 -4.906031815015556297e-01 8.061313015998001763e-01
-8.232255214131033449e-01 7.497863213929875092e-01 -8.417756652963421793e-01
1.139481851171671556e+00 2.309975917821880831e+00 1.545876470601050823e-01
2.055141959046138833e+00 -6.656158828235180236e-01 -5.475599629997150997e-01
6.069968239446988933e-01 -1.431546604209573026e+00 -4.380835260568461953e-01
5.305088151586255796e-01 -2.456284962565726260e-01 -3.584022603772657467e-01
1.821021073861731898e-01 4.701110216423007304e-01 -7.632801354674739747e-02
-2.623446589073945012e-01 -6.373088229717227549e-01 -5.848461218937871520e-01
4.209324168786816500e+01 -2.251152256024623100e+01 -8.974448748254532404e+01
3.300257820046717527e-02 2.930673162939889664e-01 6.486551041392714101e-01
1.711608792613972030e+00 -3.163963687835809613e-01 -1.118616413981072533e-01
-3.600850260968802563e-01 -1.862214397739014315e-01 1.719408761730210511e+00
-3.873360549551531085e-01 -3.649763646113305393e-01 -3.972588757416386507e-01
-2.333358262286597262e-01 -6.060321598240506896e-02 -7.299884398256984985e-01
1.083463224313628293e-01 -6.957370179699331469e-01 1.513256623812037294e+00
4.165017393570063370e-02 -1.430484971371289715e+00 3.504120097363743191e-01
-7.213937372011794968e-01 -1.120864375757166659e-01 -1.296060660902275952e-01
2.391473983079604043e-02 5.478447159960367352e-02 8.759793049809094789e-01
-1.808901461369424868e-01 -1.073272986488759795e+00 1.525292441614622130e-01
-1.321178499705726317e+00 -1.109521645857337591e+00 1.765597832886887097e+00
1.632149759319511950e-01 -3.911077255599940683e-01 -1.341557320907677542e-01
-1.931509584844372407e+00 3.312404467308446843e-01 4.868930729114842038e-01
-1.595358822965730061e-01 9.931823551969567454e-01 -3.403658357312829286e-01
-3.305769426011873069e-01 6.295445438834291751e-01 -1.375360491524442452e-01
-4.873205561312587974e+00 7.238531787762124692e-01 -3.988940916064352749e+00
9.519897118608636188e-02 3.954576417472394079e-01 7.330005817591940254e-01
2.909466823825099802e+00 -5.171552911421405163e+00 -1.707151494035020978e+00
-5.537936576155192192e+00 7.794042869791948824e+00 2.104020332107074154e+01
7.677035500319058237e-01 3.625965830357111980e-02 8.001699251309197791e-01
-9.451829567530557752e-02 7.983090962476091512e-01 -2.572005262999165209e-01
1.554718244695239893e+00 7.093565320540972108e-01 6.773381165489711364e-01
3.320366106194753364e+00 -8.410759458227138552e+00 -2.805197543649776648e+01
-3.219636703840821346e-01 -6.097086169622958213e-02 4.337458662421050382e-01
4.244641182438605997e-01 -4.298323898326005255e-01 -1.803418724971465492e+00
-1.875065770273752985e+00 -2.436909345886049572e+00 -2.661709076179550770e+00
-7.270515326881054063e-01 -5.386860782843240214e-01 2.822303973841981395e-01
7.648562270086283199e-01 3.498921884479291311e-01 8.811049087688850590e-03
-2.539947743496802079e+00 -6.394877066611476257e-02 8.626949411017424962e-01
-4.398541115581454664e-01 9.514022062300711013e-01 9.509530914736769036e-01
-1.523345522513248396e+00 1.618355708483458111e+00 -1.734563098511875845e+00
-2.864650499000095163e+00 -1.062178437515521878e+00 -3.403423437729319878e-01
-1.720817934318612519e-01 8.772030061730134998e-01 2.264480294553365969e-01
1.264781869835511996e+00 -2.295640695885408533e+00 3.155122767051373595e-02
-1.996243345071258890e+00 4.800501074474398777e+00 1.283649497194348621e+00
-4.988321837303401618e-01 4.117818541507787811e-01 1.130522805576979373e+00
-8.101532167261203676e-02 -1.152948795625954093e+00 -4.606020247830899250e-01
-1.308276203941281801e-01 1.205400249615095065e+00 3.599727705790199406e-01
-3.555029210454698774e-01 -2.353839302566665737e+00 1.479005185430565916e+00
-8.396994596894955531e-01 -4.074502886995373663e-01 2.444720835847848106e-02
-1.953820158212016822e-01 5.835113718352287204e-01 -1.569773989137607240e-01
-1.189806323299764879e+00 -1.359715584788844911e+00 1.028617184503065329e-01
-1.051480813736320963e+00 -4.401352671474726974e-01 6.584942940693345736e-01
-1.941230829280086653e-02 -7.110800157341830019e-01 1.534265428410537258e-01
-5.269157180649576278e-01 -5.084197078522947333e-01 -6.426927073368006171e-01
-1.491845369794358334e+00 -1.725261961135339250e-01 3.389913159366276796e-01
1.128655621220708977e-01 -2.398307907476500689e-01 4.719735965096553687e-01
-1.220793155042233513e+00 -3.872741712660656699e-01 4.192347036206721389e-02
5.489925075812474020e-01 -7.836995026741254422e-02 8.258256419040311824e-01
-1.939335639229127661e+00 8.378889446134397900e+00 4.038009204339591207e+00
1.046652416876042713e+00 1.965142947078015734e+00 -2.363990342292308089e+00
3.388860165676126357e-01 -1.456274228606596333e-01 -3.841325516741404544e-01
6.599972272752585578e-01 7.044991017754662632e-01 -8.216440571038162721e-01
8.397723486609485199e-01 8.216896452192684608e-01 4.889005908320003674e-02
1.603863037551483739e+00 -2.368330302133650755e-01 1.431963196863060839e+00
3.110180177613094399e-01 -1.114116102105143086e-01 -3.398032810709341045e-01
-1.460137838358902984e+00 1.152146874212884170e-01 -3.230390135054649892e-01
-1.972567226896926318e-01 -1.503879646810748760e-01 6.223422981175866404e-03
1.572794857389446521e-01 -2.149917089278362628e-02 -4.651583605274531991e-02
3.177087578946247159e+00 1.680369651934310538e+00 4.599497494270841230e-02
4.604675675500249366e-01 4.687496459696951501e-01 -2.160481985545812667e-01
2.371486655695342338e-01 1.553568812250478937e+00 6.066024349649764558e-01
1.764587817450164464e-01 2.004203067083917267e-01 -7.310972822323015263e-01
2.004678765807773821e+00 -2.805608934908179197e+00 3.864344722754448291e+00
-8.710195766291218833e-01 -1.338977444089235747e-01 1.802866983108524668e+00
-1.694954987257332735e-02 -1.926311995113886566e-01 3.894855226284444361e-01
-2.703935773108481766e-01 -4.163585247118875898e+00 -2.549109287762833187e+00
7.432904900815436866e-01 -1.045261450094476574e+00 -4.515638368391338697e-01
1.963554865499261393e+00 1.764242353338437930e+00 2.525662108424990837e-01
-1.172085692255693118e-01 -9.851430148010444920e-01 1.786124412776441683e-01
-5.628003242155892316e-01 1.118766706405331046e+00 2.874588150480247850e-01
5.802707021248426633e-01 -5.305219135401300495e-02 -2.226542999912558274e-01
4.265061941793121258e-01 -4.031453087494666909e-01 5.718561051543635809e-01
-8.480379255869234800e-01 -4.484986259691262078e-01 1.138088670340709152e+00
-2.884242880643413276e+00 -4.455174434430449470e-01 3.202578606000957784e+00
-7.625495051098964971e-01 1.351255655529783883e+00 8.424116777220758134e-01
-1.828649320609725848e+00 2.162706007162655819e+00 -1.577071551688071338e+00
-4.368882241289739454e+00 1.581962707047732675e-01 -8.530779976503557460e-01
-3.288800664866388113e-01 -1.192821964892047060e+00 -3.125170964748671953e-01
-6.312263266704531972e-01 -3.927476350490007734e-02 -8.651726017899377119e-01
4.414839118054926237e-01 1.368081938766048944e-01 3.159266909812736279e-01
-1.631265133169308157e-01 -3.379500926842561870e-01 -1.283816927166470778e+00
-4.125859174996818757e-01 -2.849608456415711477e-01 -4.430577658896520110e-01
-3.564211185418950101e-02 -2.648648618122694476e+00 -6.730277289529922324e-01
1.651882083552669300e+00 2.103351062592884624e+00 -6.015555774625406249e-01
1.576793662809204077e+00 -1.564593026525109343e+00 -9.028193120084924139e-01
-4.868776290666343987e-01 2.094500352461808323e-01 -7.975010159633326712e-01
1.741530194309222290e+00 4.349209577052489450e+00 6.059820748827221770e+00
1.225939525883452230e+00 -9.084464162285518229e-01 1.765445472153259088e+00
-5.202172014709856018e-01 2.039437431101551179e-02 9.142684047045293583e-02
3.687014896121155183e-01 -6.668457690698743889e-02 -6.800087254830103345e-02
-1.757830671628286545e-01 1.242841951691476682e-01 8.402492585826665250e-02
-3.033268208359508056e-01 -2.059344595028181235e+00 1.455890791782606497e+00
-9.326580673156181778e-01 8.164889732671058997e-01 -1.108904468456571868e+00
2.451724527056795555e-01 4.203106967065662336e-01 -6.929180032810904055e-02
-1.826744188045263950e-01 -7.358945386316594339e-01 8.962265087144479780e-01
-1.607890303036296320e+00 -9.598769952741044165e-01 -1.813036252857924968e-01
-7.819106455745485906e-01 1.840570362044714248e+00 2.326228470432218476e+00
8.935710313015321482e-01 5.211299935328586042e-01 2.526792556597952655e-01
3.280794676693971068e-01 -2.067168954774196432e-01 -2.596345420869102250e-01
8.365993604083254986e-01 8.301910916094844550e-01 -7.651890740577946826e-01
5.675587922251770223e-01 8.954307069701550326e-01 -3.791680767192174284e-01
-3.054991409651230949e+00 1.593940245283506529e+00 -1.470978702842716812e+00
-2.916085090525407861e-02 -5.174950898151297468e-02 -4.673133540139227105e-01
-3.460242292753650667e-02 1.517638750081294619e-01 -6.025061847662918080e-01
-4.260458865666038042e-01 6.808559825845568181e-01 -3.305470928000778241e-01
-3.386783309862774760e-01 9.447539895952095090e-01 -6.248583428980775123e-01
3.626782192797386450e-01 3.405525202127162587e-01 1.401276234057002856e+00
3.801798958475035434e-02 8.314401605061515488e-01 -8.128060768478587161e-02
-5.822836115097259624e-01 1.519895624791389066e+00 -2.055731400352737825e+00
5.048288240504233970e-01 5.025080023529713280e-01 -8.869454565280805447e-01
-9.489967281246401987e-01 9.581057571859918909e-01 9.823790974003252519e-01
2.015774659927145773e+00 1.831672019528867379e+00 -7.626017548097152599e-01
2.442824093955553000e+00 2.591294029409578759e+00 9.665614256567948634e-03
4.883358620546617290e-01 6.496488497138884766e-01 -4.536617948188084726e-02
1.784465937023330395e-01 -9.457549066598103238e-02 2.668061894813849033e-01
3.466513008156699160e-01 -6.877462823558322391e-01 1.108583936844710127e+00
-7.927303587238530014e-01 -8.056233900633119616e-01 7.175857842657495933e-01
4.544190432191032025e-01 -1.091520067648082071e+00 -1.176205206137182158e+00
-2.927835123481304702e+00 -1.683933192272165424e+00 2.099274822742058788e+00
8.842541447853244918e-01 -1.038789039296870165e+00 1.535220934302496953e+00
6.126314262203778060e-01 1.589936390919017173e+00 -5.630568670768053563e-01
7.483431786345130510e-01 1.028900641624391071e-01 -2.852459697214493883e-01
-1.367671938307710056e+00 -6.281376660125707057e-01 1.263000304066640656e+00
1.498018959870432987e-01 -6.094231768289473106e-01 -1.188068546298539363e-01
2.113641234960559334e-01 -6.553847072287808384e-01 1.187362678339142441e+00
-6.237957296948170027e-01 3.823764017681888783e-01 -2.171516316838636163e-01
8.698118260776257493e-01 -1.615090631531656662e+00 -8.783717655944404124e-01
-1.002838906735930680e+00 -1.834893399894254040e-01 8.461463232377679222e-02
-5.404924042621790381e-01 -1.264947471261735013e+00 -1.788601375696212969e-01
1.914335075208430381e-01 3.290965795243945835e-01 -3.768727517464266069e-02
-3.109765979144455628e+00 4.348724856602199651e-01 8.064167134591853081e-01
1.093522937919201743e+00 -1.016217576090114871e+00 -1.334161448400509986e+00
3.277356870697826219e-01 8.606584680994119885e-02 1.514462375746423728e+00
4.581806802174851478e-01 3.625826784151636728e-01 -1.484136448836357036e-01
2.276626954358783372e+00 -1.142508861986603064e+00 8.935193038899527096e-01
-5.111607137545540747e-01 1.925939775920141317e-01 5.484315949641250798e-01
6.205650071159052317e-01 -6.651596388403980820e-01 -9.696167384315642623e-01
-6.603504741005464140e+00 6.605682042803193710e+00 4.862324332406884331e+00
2.342325428250690011e-01 2.435950281003667339e-01 2.396185565655339078e-01
9.663692980414479994e-01 7.033166309700954189e-02 3.608510121469767351e-01
1.071029302403226602e+01 -5.567973958252835587e+00 2.961249719998428898e+00
1.989305960636149895e-01 -1.410572583911516853e-01 3.273106311220912445e-01
-1.776925288437392503e+00 3.087907799460293479e+00 -1.295582470930665808e+00
1.686618129944387690e+01 -1.746441658471995240e+01 9.504924386470005260e+00
-3.036123087352170513e-01 7.595094402578098425e+00 5.497388762731770129e+00
6.735897593794868410e-01 -1.122112982176073137e+00 9.140536424325249043e-02
-6.092341875089688497e-01 -2.272652846269102300e-01 -1.886849037166605514e-01
-9.681113687224532915e-01 -1.449756343859328334e-01 2.245006125109462736e-01
-1.364250607053623776e+00 1.454385146736581369e+00 2.456724276801105500e-01
1.436439872286344663e-02 3.152611150666529416e-01 3.170459081201987828e-01
5.767001490021352039e-02 4.004845636679386089e-01 -8.426421122665042063e-01
1.905059636671410539e+00 1.054856775397968516e+00 -1.408017891602552307e+00
9.864631930740553646e-04 2.528884178919009185e-01 6.067100166332062283e-01
-7.532508007675013939e-01 4.614868382395624358e-01 2.323822762536450481e-01
1.330573688974867608e+00 -7.135966634526231811e-01 -9.065963482549781183e-02
-1.336228112901472365e+00 9.620800602332812979e-01 2.059966704536747795e+00
-1.545056178780021439e+00 -3.739070082121570548e-01 -4.260010873074333571e-01
-2.907642321896195092e+00 -3.661007411197950479e+00 -1.834979979794571836e+00
-4.672172107392959517e-01 9.541286700021212042e-01 -7.300956511735174903e-01
8.803375271991544307e-03 -2.007981161765098541e-02 -7.952512267819436889e-03
1.609374183926337923e-02 7.948372122937679557e-03 -9.697801148915427549e-03
-5.274174044380246403e-03 1.289005360503440827e-02 1.665937287552207019e-02
-7.973462561560711731e-03 5.950084559569402548e-03 1.469257745245530419e-02
-1.510257598849900143e-02 1.626294419874484143e-02 -1.038895639194406875e-02
-2.105370564961319985e-03 2.279479013359064082e-02 1.230047825500389658e-02
-5.194350121564605093e-03 -6.864286261554641486e-03 -1.092237549154678397e-02
-4.378595895554496763e-03 6.226645746957719038e-03 -5.370885098512170365e-03
-1.643611758568569621e-03 3.295995888667086621e-02 1.491445447816653995e-02
5.289966397363379293e-03 -8.372011374407862735e-03 6.002727984820321883e-03
1.249744979502438562e-02 2.119218204875367162e-02 2.277464930453020411e-02
-3.548896267152015522e-03 -6.035980476823611662e-03 4.214029797149631239e-03
-3.178100780825959121e-02 -9.428335805764688840e-03 4.826669828632442621e-03
1.030203822618471626e-02 7.999612941970799668e-03 -1.508902343614974134e-02
-6.596447820472047148e-03 2.328740800199628411e-02 7.334421750437468933e-03
-1.373286740605143136e-02 1.395449485741837720e-02 7.137194300454849719e-03
5.061565332017586892e-04 -5.431917362446834346e-03 -2.731581589107466221e-03
1.473868547005237686e-02 3.430701617057347035e-03 -2.159405190530043657e-03
5.335491985273337241e-03 7.424643604952195844e-04 6.407505563938627755e-04
4.518457799212238085e-03 1.087717004842717050e-02 -1.440701854660873804e-02
7.297569332330195759e-03 -9.507533324017167567e-03 -2.080822157488335707e-03
2.290247624452171858e-04 7.268162212547986042e-03 2.148452848639378248e-04
-1.850086100114225682e-02 -9.157996689914115482e-04 1.352463952055789516e-02
-9.623688299109813341e-03 -1.669090762095882738e-02 -2.439694881207512406e-02
8.858006061685576651e-03 -1.744656904381052497e-03 2.715769473038820783e-02
-2.147847977838997745e-03 -1.729629050607801042e-03 1.112655371433486553e-03
1.423898257865572822e-02 -2.056308694600817149e-03 -7.470336555037283659e-03
-8.182770466992559874e-03 -1.559743912151623051e-02 1.547830189878292816e-02
-9.800095551757518134e-03 1.713962357556332236e-02 4.585511791186972289e-03
-1.356781143892075644e-02 -8.044846753062329103e-03 1.968025789620656170e-03
1.675229879089830745e-02 6.096903150545797054e-03 -1.214035755518308966e-02
2.725930155286459752e-02 7.080897800728976239e-03 2.132955618324663960e-02
-2.121194348464354885e-03 6.559668541813196141e-03 -2.114024763266174334e-02
5.950490061163587335e-03 2.249794173888633366e-03 8.208833677131570014e-03
1.531677520415600062e-02 -5.246403510350446976e-03 -1.260535543405586108e-02
1.734904533916228203e-02 -1.037056761515990806e-02 1.223170542018476095e-02
2.185138570442796883e-04 -1.953704004066094801e-03 1.600742489467557941e-02
-5.081391265635243175e-03 -5.361080094270838370e-03 -2.239763215974168754e-03
-3.469656343861243948e-03 -7.428655348812038435e-03 -2.766994675187590459e-04
1.429462779270075472e-02 -5.814619462106568326e-03 -2.386870978062160739e-02
2.890166219192112380e-03 -3.523765237709411500e-03 1.372736217191373835e-02
1.228623332516470823e-02 -1.227227760935507492e-02 -3.350437797077265682e-03
2.428623736146294856e-02 1.149844895862289860e-03 1.512633967434860380e-02
5.571568957081040989e-03 -9.371436404949935045e-03 1.706423940601574591e-03
6.530488355967355510e-03 1.353916153325202335e-02 5.229031887012946037e-03
-1.575128057779114077e-02 5.192217188182309852e-03 1.044930725321900448e-02
8.917949716142088007e-03 1.402134487328065594e-02 8.081354038618870483e-04
6.353899592151953865e-03 -9.051508335482266743e-03 -1.157211220216806946e-02
-5.656919023018264648e-04 -4.591239611077524083e-03 2.553728408083415918e-02
5.365280193515723460e-03 -9.887639439498411773e-03 -9.673399193766621731e-03
-3.937393134544813628e-03 -1.313265557447251299e-02 -6.744078408265723017e-03
-1.223119875453873226e-02 -1.209454686814501710e-02 -8.980065167775549279e-03
5.872351675982084157e-03 2.665825535949922775e-02 -1.121865584919350296e-02
8.840228316640162329e-03 -6.983628015367220054e-03 1.954318207634597477e-03
-4.987329908855480873e-04 7.277449848184107221e-03 4.642304492683885751e-03
1.845668075926478174e-03 6.765473217032909152e-03 4.518901509902066398e-03
1.128154019061546054e-02 -1.140794897873942566e-02 1.788445078663081092e-03
1.691614625973429306e-02 -4.021523247960052602e-03 1.788943339121585457e-02
-2.623113655502665436e-03 -1.447456076715770631e-02 -2.245177769465584935e-02
2.664180939251723098e-04 1.599421592109605272e-02 -1.868994258542821391e-02
8.426797399633707830e-03 9.927830288198023073e-03 1.724867122436025621e-02
-1.144752649799390953e-02 2.115366144626552869e-02 -1.499611945899230643e-02
-1.261426792002435897e-02 -1.201560496223085667e-02 -3.880147970508934958e-03
1.152518167703689422e-02 6.780636060450004853e-03 4.960150289340896704e-03
-1.288129415576839921e-03 4.072350128272951911e-03 1.714489234694341682e-02
-4.621011779283696989e-03 3.877233194071961955e-03 -3.171206983174055388e-02
-2.291833153167279272e-03 1.482181006279613238e-02 -2.512332074391521956e-03
1.971812082859835530e-02 2.060330781774449491e-02 -1.321853327552681076e-02
-7.402500221076919150e-03 4.678885287495814296e-03 2.230190402024920596e-02
6.974666012174409076e-03 6.218556771872952790e-03 4.861917855741621983e-03
-2.685716621831419487e-02 -1.283054026205065687e-02 6.636880259131268910e-03
-2.417270885269900364e-03 -3.057490956098485920e-03 4.459817015085253827e-03
-6.303883853628735115e-03 1.310887435175494241e-02 1.069330262503661970e-02
-1.553927210610667664e-03 1.313860345171686574e-02 1.098071343795196768e-02
-1.461653694564500139e-03 4.549346384158542769e-03 -1.879770854135994970e-02
1.078832670589453813e-02 -7.598239597395265756e-03 1.513661116618741573e-02
-3.554034462939183268e-03 -2.122431839156217054e-02 1.071536918970304904e-02
4.759220080507082812e-05 -1.249938051028199985e-02 1.593277716453635933e-03
-5.962222878098647275e-03 2.452816562052080682e-03 -5.790914622761435824e-04
1.621098738328374117e-02 9.656323209241670508e-03 -7.671501793051568700e-03
2.129178157470480032e-02 -6.353040483397014160e-03 -1.175191519531925376e-02
-6.545804778907470325e-03 -1.370372651354033987e-03 6.520269033157927337e-03
-1.015197079327270942e-02 4.723090930299256134e-03 1.184175458018458735e-02
1.290950966362570777e-02 -1.107919324439211872e-02 4.295304107835355018e-03
2.495763515901968949e-03 7.331803716010224653e-03 -6.728864577131704605e-03
-1.792487726750781676e-02 3.021265758108038560e-03 -1.115632273499539504e-03
1.024054734801314349e-02 3.011995216781342480e-02 -8.309223940339225886e-03
1.422311820253848585e-02 -1.590499420579575759e-02 -7.241700807267032955e-03
1.846632450958916438e-03 2.764461943314856091e-02 1.506293729289478328e-03
1.664165154772511866e-03 -7.305795963410637961e-05 -3.192169060662430283e-03
1.605578418029604895e-02 -1.755465449298365677e-02 -7.668079489605236949e-03
-2.526759706340545725e-02 -8.041293037741203964e-03 -5.559843209457550339e-03
-1.631042059361811555e-02 -7.628380705713646952e-03 1.300580529852500902e-02
-1.760066463338290019e-02 -2.399477642358464283e-03 7.466079355583469385e-03
-8.194308382904247345e-03 -3.165704905390440225e-03 -2.726575190440393148e-02
4.581523857679718585e-03 7.167498026047089627e-04 -1.453184400499780461e-02
-6.078449620669543196e-03 -2.493549944566890268e-03 -1.278167229853817768e-02
3.471024289523008503e-03 3.093357127765324500e-03 -3.676354633543412777e-03
-1.895012256704945884e-03 -1.212859011756390118e-02 -1.318420719671964045e-02
7.629586916441420848e-03 1.502817705899610334e-02 -8.988436275241477869e-03
1.008523768817595236e-02 -2.854131557345136825e-03 3.238189815904107122e-03
-5.942600277201986737e-05 -1.226079844077642735e-02 1.878167478721230743e-02
5.152891281669449638e-03 -2.407825625760885019e-02 -5.571083304524298251e-03
-1.648427487314568438e-02 -1.959652900286782545e-02 -4.903973772568116091e-03
3.185066792503513620e-03 1.082273349653698792e-02 5.603379106095430530e-03
-3.122546448396438384e-03 8.246994856039200142e-03 -9.503152065322010775e-03
1.737227159510108072e-03 -6.306325310456033272e-04 -1.934113951023830541e-03
-1.808700226834736996e-02 -1.863723077097080918e-02 -2.596848545286429416e-03
1.671428467322348330e-02 -1.660906385123600559e-02 3.098493600187534561e-03
-2.829807535942273789e-03 -7.628453604993284086e-03 1.179224247551978813e-02
2.014794161636622449e-02 9.333359252337388237e-03 -1.393179953510327931e-02
8.667310269794231345e-03 1.992393705140441498e-04 -8.574235587376023617e-04
1.203519089116428069e-02 -6.257134344336787515e-03 9.682262790609189734e-03
-5.731312354692453051e-03 -7.048282004738867616e-03 3.204444010519807984e-02
-1.301128671456325573e-03 -3.660038713544295705e-03 -1.560909300376399182e-02
1.862926434059582323e-03 1.222693254961357452e-02 7.324943199902357246e-03
-1.969956771286766536e-02 -9.997864627725980974e-03 -1.371895598157251914e-02
-1.248633030515890197e-02 -1.720630585455777337e-02 1.008530356416449149e-02
1.218422115059395947e-02 -6.629130164333464810e-03 1.852941431843725152e-03
-7.481767245859248169e-03 1.152683896391866469e-02 -5.592006334817959876e-03
6.009398855382888649e-03 3.974432555693535422e-03 1.631741496215208947e-02
3.579802387314702430e-03 -1.027930618821318656e-03 -1.336394049864318809e-04
9.921601361883447198e-03 1.943036106765827845e-02 -9.538070130195570526e-03
1.803223190991321695e-02 -1.163706673209918829e-02 -1.198821318211012663e-02
-3.549175537635573113e-03 2.323073636086676972e-03 2.388353727403062093e-02
1.293712803995793192e-02 1.340514682883173388e-02 -9.070190003749509927e-03
6.254302791323938446e-03 -4.868936529299381050e-04 -1.603371397975512707e-03
-5.880736234042561496e-03 3.485939869450098254e-03 1.097545287998960561e-02
-2.265563990321193925e-03 -1.169063634559115543e-02 9.109866369836485539e-03
-3.193179975269250757e-03 -9.577820022676949638e-03 7.649878721235799962e-03
-1.648239936870579334e-02 1.369384524489474821e-03 5.417428113887727548e-03
-2.685117646181788952e-03 -2.354396863988037717e-03 -1.185203121603603180e-03
-1.977037410598898870e-02 3.012470705983009197e-03 -5.199561643862497503e-04
1.479623311467623964e-02 -4.317120231279496234e-03 1.529842223209772895e-02
-1.295268330830192695e-02 9.879409822839000516e-03 2.803773240895587188e-03
-8.341247758152578462e-03 1.010799041790087262e-02 -1.819714417087993710e-02
1.128140338667255917e-02 -5.973481199770635901e-03 -3.620658450066688685e-04
1.030590921991578202e-02 1.146316983670270760e-02 2.238054163967963597e-02
7.278349857165911097e-03 -5.521124678457247498e-03 7.571493138987541414e-03
-1.595375363430577217e-02 -1.699277070779122573e-02 -5.907129147930611016e-03
1.063482801429265281e-02 1.818216092220282945e-03 1.351010605631025249e-02
9.928026628797100711e-03 -5.584011482136380135e-03 6.363592265998125816e-03
2.596190487241526379e-04 1.763512260043810119e-03 -3.577758024367775486e-03
-4.031302866592099791e-03 -2.106747124156275065e-03 2.215227569269251888e-05
-1.149950447206238898e-03 3.532345293715807855e-03 1.309007146843395308e-02
-7.904494526452490732e-03 -8.626312390699815077e-03 -4.066533317484105625e-03
2.091520394149012571e-02 2.057182437049990750e-02 -3.090484812839918750e-03
2.590047925430123861e-03 2.980885053172478705e-02 -9.748836666230375429e-04
-6.378898513267953346e-03 2.189828495475431777e-02 -9.568587118045257956e-04
-5.548264585185805862e-03 -6.979219906156931656e-03 -3.272270323594184517e-04
-5.094165908527546922e-03 -2.488385630509073413e-03 -4.957446141462000435e-04
1.379512895336146641e-03 -1.956094345238296086e-03 2.963966025856913135e-03
-1.382053525011492888e-02 8.938031176227410196e-03 2.409692408659576401e-02
1.053268237471493597e-02 4.361952630550298277e-03 -2.924659649523238172e-03
1.864263031171746942e-03 -6.196009968787565513e-03 3.867961137203959187e-03
-1.453469285462199653e-02 1.393248501473419790e-02 3.849812304637145136e-03
-1.642466974836969643e-04 1.701644900730778925e-02 -9.458767146760238814e-04
1.428826212960558964e-02 8.265004536687882777e-03 -1.083092408099077184e-02
7.285791414240830668e-03 -1.816106484920504069e-02 -2.205379711987489472e-02
1.284773617888253401e-02 -5.221334313114621255e-03 4.258326255919622945e-03
-6.089316750221834308e-03 1.785460141809452894e-02 8.237865624712644927e-03
-3.842354864757250698e-03 -2.912299391521199713e-03 1.026834922929545542e-02
-1.156420191937115177e-02 1.146330226779102533e-02 2.711037431751360267e-03
1.925432169813752481e-02 -1.501447921525924864e-02 2.324454769439388696e-02
-5.915225695944093670e-03 -3.824714278708892662e-03 9.899275811181608778e-03
3.859106587680844695e-03 1.265444018107537288e-03 2.593395843552378718e-02
6.098807179935796657e-03 -2.004398073835401452e-03 -9.747522696821738983e-03
-3.972992754081345820e-03 2.375513415283317040e-02 -1.968314891251169568e-02
-3.997452616337104046e-03 2.422617611431890534e-03 5.950905681616905970e-04
1.226557590119578545e-02 -7.014580688601534594e-03 1.274725503575721564e-02
1.235107356753118411e-02 -3.675674491973774955e-03 1.893918549005482385e-02
1.026572932529261524e-02 -1.794984582534346618e-02 9.086784242926112046e-03
1.757914495604737115e-02 3.552013076439931340e-03 1.124036903469904577e-02
8.275560087436510670e-03 -5.775218315858293011e-03 3.470627432442967069e-04
8.438974356916390668e-03 -1.431059910724270280e-02 6.650714244456189077e-03
4.064618727628884973e-03 -8.783801065024138786e-04 4.214022681576242921e-03
-2.772075367457586966e-04 8.305642211742484890e-03 5.403531581103460969e-03
-4.060686346936325138e-03 9.752071384571405280e-03 -1.999501911809998742e-02
1.491009052918513926e-02 -4.633458369035760305e-03 -2.195000751036162157e-02
1.429803663835256880e-02 -1.817416869404784793e-02 1.200926233030663766e-02
-1.001347485434507349e-02 1.553750379114362049e-02 1.325158496818957567e-02
1.041041240023264647e-02 1.273200871791788265e-02 -1.168721288894036293e-02
-1.615365371464239086e-02 1.208735454781605231e-03 6.438603383544593863e-03
1.607477915035620403e-02 3.164853376134977789e-03 1.411664211548747591e-02
3.114235498291987887e-03 1.865712578108171199e-03 -1.228422681595794409e-03
3.456099847642471207e-03 8.577580172397427510e-03 -1.243630375636066085e-02
4.202684847141379548e-03 -2.412466730484611258e-02 -1.512438879230422473e-03
2.079659235886681043e-02 -5.013213288947638473e-04 -3.984579056327927811e-04
-2.073511235149686979e-02 -7.856135281943192952e-03 -5.934767157759268837e-03
6.481663575527357897e-03 -4.741600356761486133e-03 9.570762000598882074e-03
-1.347006910790867276e-02 -1.791320970893313380e-02 7.971938137320523646e-06
-1.250658289656699299e-02 1.199627236674714100e-03 -1.767151919196398996e-02
-2.331940925465057681e-03 -1.171943926675824560e-03 1.303393372893951957e-03
-2.788397735424904406e-02 7.854277751398649685e-03 5.235577385289961116e-04
4.514823395278204539e-03 -1.370295661320666651e-02 6.815242871109499639e-03
1.164894831337026822e-02 2.240915454249035096e-03 -1.095538130183260593e-02
5.294217058218979484e-03 -1.702525727488747283e-03 -1.609861309395612620e-03
1.682384604111795273e-02 -7.743084682414579610e-03 2.465857134030389661e-04
2.556551318300907556e-03 -1.480279905407520802e-02 1.215306850141947663e-02
-2.071325823259214868e-02 -9.637732947629505014e-04 -1.752884337833606268e-02
-4.910264238149004111e-03 4.565166996012759090e-03 -8.113178218262852640e-03
-1.070066330740068912e-02 4.381176298888254857e-05 -1.440943564484785562e-02
1.067236616297415758e-02 9.236702277312481418e-03 -2.238954834648611975e-02
2.334085714126408247e-03 4.141239252031345998e-03 8.018921223299040751e-03
-3.828156831139077360e-03 1.012296283329428004e-02 6.826171305502042735e-03
-9.078192177224237575e-03 -2.279952335165827057e-02 1.460261481619881500e-02
-2.014234062483387117e-03 4.841433377738093864e-04 1.069398982487129550e-02
-2.348780054496760368e-03 8.046045025841087883e-03 2.616715679382002838e-03
-2.469711309803635738e-03 1.026956927667425738e-02 8.328546099661517793e-03
-6.411222988384784015e-03 6.997078821123401370e-03 1.099722071104715024e-02
2.492923653400715492e-02 -7.401779307075328097e-04 -2.462951617008623736e-02
-7.252438698348896446e-04 3.396456636719439172e-04 -3.975969130474469974e-03
-1.938327195099387706e-03 5.956249317278139790e-03 -5.717365687101125422e-03
6.958585507136280657e-03 2.709661229112769049e-03 -9.939506635685577823e-03
3.088659020424853324e-03 6.167605127603352846e-03 -6.110928100246492377e-03
-1.413669821907083402e-02 1.884796532764252417e-03 -5.942808300296698043e-03
1.073491444083312166e-02 -3.062907348981292778e-03 2.030910881082282141e-03
-1.699430268235385677e-02 -1.196000973194789700e-02 -2.136507657581229389e-02
-4.821386559773951572e-03 1.173086504303533575e-02 1.244971422276974944e-02
6.157135447288885829e-03 1.790644312692427076e-02 1.016010569177856412e-02
1.310826021929182433e-02 -2.957791991687430937e-03 -3.748625872270493903e-02
1.871613146643517564e-02 2.310951521949647022e-02 2.200105167721042379e-02
1.358559705987683920e-02 6.324220104788969357e-03 -2.343186476909079469e-02
-8.006424305501651587e-03 1.974345383668325848e-02 -1.714391328606149761e-02
-1.413471798696047145e-02 -5.045117937423499940e-03 1.485902753795336796e-02
-6.441306288797011637e-04 5.257257431729386171e-03 1.961941012517379179e-02
1.662945717180666638e-02 -2.395563901072034554e-03 -2.102436449645336217e-03
1.141602619315108119e-03 8.630419153442404900e-03 -3.684409389025913081e-03
8.850834532469881687e-04 3.864907696124945339e-03 -4.915935327242879245e-03
6.418033587146806072e-03 -3.524607555249797877e-03 -5.346931227643595894e-04
-7.279102851255646670e-04 1.125409250217523568e-02 -1.982620028615508442e-03
1.074529588777949963e-04 -8.266900405858737880e-03 -1.501241009144112237e-02
6.226836547179982230e-03 1.921566822134344529e-02 4.727635785567307382e-03
-1.559570267629416165e-03 -3.003552641947507349e-03 -2.181433816866111541e-02
1.170738878313763026e-02 -6.112008194968266729e-03 -3.641923054378175609e-03
9.904282484236446443e-03 -1.303845339153820483e-02 -2.332045978230289345e-03
-5.316998565402151176e-04 -2.898496513469243658e-03 -2.781867313579158233e-03
8.841563941934381388e-03 -1.349185655336767112e-02 8.736849857783092477e-04
-3.328666242692008073e-03 1.785766677168964742e-02 -6.655472492100097601e-03
1.285640315038961458e-02 -1.243345180987611917e-02 -3.604912073073238913e-03
-1.484044131355367717e-02 2.935945044327337942e-03 6.526344719507112639e-03
-8.693616514293775466e-03 9.198655340593371241e-03 1.454753984926528305e-02
1.808518418969358183e-03 -1.473561325255293673e-02 2.713482104473970407e-03
-2.014697760860443762e-02 -5.074683294723198075e-03 1.037170886349822116e-02
-6.208085340083948321e-03 -1.707645092855108668e-02 1.045438294763839822e-02
-1.708799107189915359e-02 -5.914403414370729938e-03 1.311226552510142730e-02
-3.830841424371383714e-03 4.941945106059297300e-03 4.032859316918227521e-03
3.806435565340690434e-03 1.301118279671438158e-02 1.512719440865671616e-02
2.810370757263843181e-03 7.178526678881063522e-03 1.564802946637863096e-02
7.907458275452422178e-03 2.297537781629048915e-03 2.272666828870281014e-02
1.297418418705038141e-03 3.442416664420318035e-03 1.682535629474578992e-02
1.551745954978658339e-02 -6.701903166420958768e-04 1.229660364022775940e-03
-1.124370351465551858e-02 3.098896894514652309e-03 -8.077164318122312739e-03
-2.605677576671846379e-03 4.184149753496533251e-03 3.553051551009172313e-04
4.881216774762177878e-03 4.013277972263139780e-03 -1.139083397419191242e-03
2.709845438256358076e-03 -1.502450708492755358e-03 -2.160939745705827829e-04
-3.771821706531725774e-03 1.326135949349892089e-03 2.583434312780248220e-03
-7.152556305857753205e-03 -1.689928440995625697e-02 9.174968847630230254e-03
1.851468549466851049e-02 -2.472884765690308746e-03 8.019271057749261932e-05
6.147225046580678635e-03 -8.752096731778728766e-04 -4.779473226342171796e-03
-3.377260099963474982e-03 6.803637371022444071e-03 1.152426730170185397e-02
1.834085370424991257e-02 9.192238907226028821e-03 -9.946960020778466971e-03
1.072622228833961314e-02 1.673217925197888417e-03 1.077992302246116342e-02
-1.644773466089086145e-02 -3.851361165186675730e-03 5.980707404431196035e-03
-6.317627972058117297e-03 -1.454434568522602151e-03 -7.728113942552115780e-04
-1.179190789222424318e-02 -5.367230255895146830e-03 -2.717690038884745286e-03
-2.185957496354494142e-02 1.051284287550139848e-02 -3.195416975789130021e-03
-1.177391067224269755e-02 -2.736635782360868560e-02 -1.835232790359525579e-02
-1.028708368301722333e-02 3.714095764704676041e-03 -1.235126440824846263e-03
2.873782238108006041e-03 6.478087642415456329e-03 2.810986486016695766e-03
1.610077214450643390e-02 -4.399347161616002332e-03 6.176307979594158198e-03
1.839064434593305417e-02 -7.381058759055945939e-03 -1.230172993743336831e-03
-1.728207886942545457e-02 5.367223113312560683e-03 -6.552674824904674601e-03
-6.387973445477194111e-03 -3.489798582333334016e-03 -2.547938024403356531e-03
3.848762130393905238e-03 -1.009695598475296788e-02 -2.671465416060467973e-02
-1.940230040713819505e-03 -2.283145446444690557e-02 1.413772184213504986e-02
-6.570903737851112141e-03 -1.045353438024918208e-04 -5.968792497569503502e-03
-9.641061085197660807e-03 -6.109214670453155631e-03 -7.197041784800801978e-03
5.351986502827431151e-03 -2.189358390367366139e-02 -1.674599355817990446e-03
-8.267796530901382751e-03 8.033019051561922017e-03 -6.632385172907015285e-03
2.750010425419437739e-03 3.785908590060091221e-03 -9.099067924402780413e-04
2.441193962684821105e-03 -4.781717754428514017e-03 -7.079795033816644635e-03
9.455766955881508493e-03 -2.723121489337303105e-03 -9.701417345494895220e-03
8.863949669700880996e-03 7.883870332631198047e-03 5.573276317067027202e-04
-7.823438203538680968e-03 -2.973707115384085229e-04 8.353312508757634869e-03
-9.521003849120050419e-03 5.003147369610433728e-03 -1.227355262240565487e-02
-2.874836840760277429e-02 -9.040994736099905102e-03 -5.880869344833289901e-03
-5.187897827265950529e-03 5.300561218827898801e-04 1.425930129624895445e-02
-2.123594605603609103e-02 -1.403785403716266249e-02 1.898763397480449739e-04
8.189623768497210354e-03 -1.523796607686644933e-02 2.931226335007653446e-03
1.029008154377365064e-02 -1.207468680804158791e-02 -4.619855225783954002e-03
-6.978084861072529101e-03 -1.656749192690826905e-02 -8.620197668837422528e-03
-1.033442689224507022e-02 4.461386007309806750e-03 3.662843112843637908e-03
-4.532228733836037200e-03 -6.439855298105894542e-03 -4.921872667734083183e-03
-2.601179658387830704e-02 1.031395404520785153e-02 -7.149371691242761666e-03
-4.917756431175627878e-03 -3.849519254259887915e-04 9.026196049623559387e-04
-5.564924865658970460e-03 -1.061522387020944272e-02 -1.299219722914534206e-02
9.363070252666243209e-03 8.464551634953390927e-03 2.354156308537037889e-02
3.078145597497255678e-03 1.152623487801333196e-02 -5.475255097274219981e-03
-2.058233826590794534e-03 2.373941400001656349e-02 -1.373736313104016640e-03
7.652734599637710591e-03 1.949877971057173724e-03 -1.232011950190795273e-03
1.337439320042236972e-02 -2.641943519160093456e-02 1.367359576168630797e-02
-1.803218454836512386e-02 -1.348662036716006141e-03 2.647855516192574102e-02
1.178498061213047047e-03 -1.502734118587133530e-02 -1.078881026036783604e-02
9.372588147587450347e-03 -8.775263729246354436e-03 2.610886675803788127e-03
-3.737370484067168135e-03 9.965834267453647574e-03 1.154289185028607202e-02
1.562568116357141920e-02 -1.163783139133150318e-02 -5.700828543815629479e-03
8.517024281347674100e-03 7.898337108967588708e-04 1.346702933456658813e-02
5.745022922601586944e-03 -8.194614009924942183e-03 8.473242017053014136e-03
6.787231009041801502e-03 1.810219602091559660e-02 8.494588615889876390e-03
-2.589915695205524584e-03 1.206005416080326194e-02 -1.368578328873733870e-03
-4.142546293977139062e-03 6.287394188445128394e-03 -5.032031142119731959e-03
-5.850341044231721806e-03 1.740599677815368729e-03 2.715592718558276861e-03
1.075165030044633119e-03 -7.224565373885413581e-03 -5.999202470013794732e-03
2.470659648866662880e-02 5.948907846198193787e-03 6.386205559818025970e-03
-1.182710189072799269e-02 8.075453649400656311e-03 1.525258055810521651e-02
4.781293544573421775e-03 -8.570340796915187562e-03 -1.004974573807551098e-02
-1.079565251478659636e-02 1.357322683668180877e-03 -1.028616598226977756e-02
-3.505985702033174306e-03 1.344884926190259219e-02 4.475064489298203468e-03
-2.010409442151689027e-02 9.567881517105691902e-03 1.991898118423364797e-02
9.995979987887437107e-03 -1.740289608919365349e-02 7.971834044082999962e-03
-1.502486164769899733e-02 2.189280997791406835e-03 4.221063684860634942e-03
3.707711589400957981e-03 -1.221497884410660192e-02 2.391303349451516774e-03
-5.828034567088482404e-05 7.864442210550829510e-03 -8.587042187782894728e-03
-3.782004252720465483e-03 1.316118618188377026e-03 -4.659665290801864694e-03
1.304593145254995257e-02 1.263337772136483537e-02 -1.402244171377239716e-02
-4.337603592868699218e-03 -6.915184728584515203e-03 -8.040129846221325677e-03
-7.173914725114595957e-04 2.003931827908315977e-02 -5.231630675044901622e-04
-1.403276054415754370e-02 1.312336341358934710e-03 1.026919633902579829e-02
1.895499585226399775e-02 -7.710020820741792826e-03 4.573985109150356318e-03
-1.588935295602617384e-02 2.690652339221874089e-03 6.040945348820653607e-03
-8.442691316921685507e-03 -7.000687379921444360e-03 1.697634874610354791e-03
1.308040139261321122e-02 -1.339279043594861739e-02 2.052838496829680059e-02
-1.257040088398224051e-02 -5.966468695391258410e-03 2.254956633336684547e-03
-7.510043819839014485e-03 -5.638900830053840841e-04 -1.591965703521687828e-02
-9.219197420875330186e-04 3.742850751984063383e-03 -1.246281034476512915e-02
-1.798608949168526913e-02 1.061666319748873384e-02 -1.192127303315584398e-02
-2.272427570755403484e-03 8.324123533564436669e-03 1.306354157369348651e-02
-1.046434078482077687e-02 1.138653238672758744e-03 -1.815158534329340198e-03
-2.847842629451816359e-04 1.033233277298991823e-02 -8.538420284159303417e-03
-2.779438383580720424e-04 1.018732780356101757e-02 1.711809752375475710e-02
-3.800980068970351376e-03 -1.823669400276876212e-02 1.536147084500902316e-02
9.795579607611666281e-04 -9.391585879714713439e-03 7.794088064475564875e-03
1.618089436358019148e-02 9.856414397612433403e-03 -2.581089866698140726e-03
-3.901715110719706885e-03 -8.483572239274149093e-03 1.197754788875242393e-02
6.868578011960651403e-03 -1.827692052310940203e-03 2.422941629109041928e-02
6.910969566173110444e-03 5.257388317111409172e-03 -3.145419945074957088e-03
1.456098843717994543e-02 1.006896828390387369e-02 -9.020105680863419297e-04
2.903626371178554444e-04 -1.841970792447713418e-02 1.083500233112115116e-02
-1.613904572351396866e-02 1.767040493074427746e-02 -8.129603970971671992e-03
3.196482464839884088e-03 4.258621649921190411e-03 1.911166549367689094e-02
-1.604381670219501288e-02 -3.098790301840259956e-03 -1.091986406965593515e-02
-9.755653947215295330e-03 -1.233550145356683905e-02 -4.568597642903630268e-03
1.261914218747637283e-02 -2.354336561959293958e-02 -1.701063610866126660e-02
8.632083294060561088e-03 4.758467650572862674e-03 -1.447958050007077356e-02
-5.601307927281181341e-03 1.344012644691526363e-02 6.129659473355280296e-03
5.663264353220889488e-03 -8.852736777138468099e-03 -1.203144137583209844e-02
-2.175071455551770127e-03 -6.998526229049254095e-03 2.233552135038291940e-03
2.748241544017899010e-02 9.073584283252309618e-03 -3.857877098799829870e-04
8.472109611138570542e-03 1.105175736689991209e-02 2.344126014074843917e-03
-8.173443538573025441e-03 -5.805313416449757805e-03 4.127047253440976546e-03
9.848858612857032749e-03 4.340265962485509096e-03 1.505517661926277471e-02
-1.035430781124972027e-02 -9.934162703978774434e-03 2.341129873310206222e-03
3.809785681769899211e-03 4.286402066981449821e-03 1.734807138273683491e-02
-2.193290853962951911e-02 -9.060383768698852813e-03 1.576092017017108327e-02
-1.085603495596995996e-02 -9.925793205483576798e-03 4.216602490870278845e-04
2.150472107871259728e-03 -4.050427067737301552e-03 -6.046423901744800780e-03
5.380755654869637879e-05 -3.559128358529124302e-03 -6.466959402132501332e-03
-6.315159250667236627e-04 4.051769494843837985e-03 7.591348803070998089e-03
-3.167052357376414114e-03 4.148367288214331768e-03 7.347081753562302066e-03
1.141489452590175929e-03 -2.181693518363852363e-02 5.110029961285480343e-03
1.987463553310893360e-02 -3.839317521976513738e-03 -3.160450291887555857e-02
-9.352497530070355211e-03 -1.906513292050655839e-02 1.043453859449181183e-02
-1.181996972843992084e-02 1.421042287904416938e-02 1.180097902741120489e-02
-7.182993996102161188e-03 1.725715966617962990e-02 -1.384373356061130260e-02
-6.556949930724901079e-03 8.839504604107957866e-03 6.272197158022052230e-03
5.463199567027015148e-04 -6.164399686833612105e-05 -4.245596148563100108e-03
-2.601881097743698017e-03 -1.963018056048882951e-02 5.237721409666629482e-03
-3.225008917482084791e-03 1.130256420538987283e-02 1.688204544501812569e-03
-1.598074631527355086e-02 9.365452263034559216e-03 1.289879323958294125e-04
1.460687401862828180e-02 2.079951255968234478e-03 1.069942502268420720e-02
3.453132668979990577e-02 1.801853764873320718e-02 -1.776742225285587659e-02
1.260165204030378600e-02 -1.724988287474647775e-02 1.104288692312440593e-03
1.196312829338862238e-02 1.204314721471693057e-02 1.034919699995354159e-02
-1.022557226547097034e-02 1.258704169629551103e-02 -8.829379335071069895e-03
2.154496305452445123e-02 -6.748795263978951686e-03 1.907363724821759671e-02
-3.626515161837878896e-03 1.531146288157366961e-02 -1.017185177235363155e-02
1.245587621999213459e-03 8.442735596360597880e-03 5.021658426126505634e-03
-1.111729555349721607e-03 -1.581294271617034522e-02 -1.195355994508784294e-03
3.092186083523567209e-03 -1.085258324669715474e-02 1.058131746654387279e-02
4.720404457238101641e-03 -1.399417425495855585e-02 -1.670825489562087485e-02
1.587250076338403426e-02 8.296758544175348443e-03 -1.429342626145012167e-02
1.165327380198031941e-02 -9.158205978479478857e-03 2.269200672513043207e-02
1.507838087723903549e-02 -1.681923169943713280e-03 8.068285585197404117e-03
-1.666549345129164292e-02 1.518231059136136707e-02 -1.817510296075929010e-02
-1.542583373648828866e-02 3.327417907669575400e-03 6.170882371159057411e-03
1.143889737274857155e-02 -6.874581446351530874e-04 6.117778380455382407e-03
-1.901282213074783137e-02 2.136644593559239996e-03 8.814762437642377491e-03
2.603783053553100028e-03 -2.193514004766875664e-02 1.141102455601939250e-02
-1.496977815550753696e-02 7.961597864216712894e-03 1.334664358971102138e-02
-1.224534770779743542e-02 -3.731099601598619319e-03 -6.509628616615935337e-03
-4.643982192849590955e-03 5.441140090538092340e-03 7.552126292273068746e-03
-8.761629865760650615e-03 1.124299635904348754e-03 -3.669797180234485572e-03
-1.039272323283006033e-02 1.097189075698658083e-02 -1.369703379905222625e-02
1.592253230049607907e-02 4.800315920073668606e-03 5.401052779086600725e-03
-3.092595231734211747e-03 1.102782927291648570e-02 -3.326443758581823333e-03
-9.445914328061643522e-03 -4.745478316743940994e-03 1.966014203385017898e-03
1.134697293992839931e-02 1.051022018932176554e-02 -1.337706793626933580e-02
1.487636834424376810e-02 9.796806746628793430e-03 8.049284895547950333e-03
-5.182502464789578642e-03 2.578877001356627736e-03 6.251201748051199610e-03
4.553296099641101005e-03 -2.097825919962923238e-02 -1.292047110465980100e-02
6.010267767974707825e-03 8.995386416118384939e-04 -1.945104229825307326e-02
-8.269652510160383288e-03 5.456391192282271374e-03 7.034554842132285067e-03
9.844026540824895796e-03 1.603704955067728616e-02 1.431824887202046495e-02
3.074943663170459987e-02 2.384554602271155357e-02 -4.805110369514314569e-03
-4.377296946068202216e-03 -1.207260007890417937e-02 7.993765887664339501e-03
2.222224230771265366e-02 3.452114114488230145e-03 -1.759249839561211060e-02
-3.040016003588955941e-03 5.001231900792876134e-03 5.388379822644322453e-04
9.507482714018630071e-03 3.497772221008818572e-03 1.195262632249655642e-02
-5.899647267755029137e-03 -3.610708476491373501e-03 3.771780182322446821e-03
-4.708389466691232858e-03 -5.714107720728786935e-03 2.222587883316033859e-03
7.199895951824756592e-03 -1.658312969350696502e-04 3.549884736314399322e-03
8.602652124881733989e-03 -2.968172337315487519e-02 5.605562994838733659e-03
-8.569883873729223014e-03 -1.145952173398967489e-02 -1.165735793983623848e-03
2.032909772383822544e-03 -1.245831588224300410e-03 -3.722851906070025110e-03
-8.729821316142716628e-03 -1.023260630266832616e-02 -1.835458019831261861e-02
2.634773660918956258e-03 -6.336424965529783952e-03 2.125236255323166654e-03
-1.258297782526914812e-03 1.773529336685383470e-02 -1.414472970077687575e-02
-9.465782256626574000e-04 2.645289575511299354e-02 1.185156834672793915e-03
-9.280323657584823444e-03 3.657883508191233464e-04 1.371241997750155886e-02
1.763267913888275085e-02 -1.902987175262728023e-02 -7.643602260143825093e-04
1.719110400343570877e-02 -1.137207201286260898e-02 -1.339407202015224264e-02
-8.197316647225474234e-03 1.864699092811629086e-02 -1.604614259855897257e-02
-2.250669805486462186e-02 9.160703282259072960e-03 1.806265579008170530e-02
-2.041360362418389880e-03 -6.850687944484260168e-03 1.613057084985663027e-03
-3.187605549932807925e-02 -1.219430871188640839e-02 -1.182923655196671531e-02
2.309461111274637140e-03 4.249689120056366828e-03 1.482483388376666829e-02
-4.866616770483662806e-03 6.842421572757374955e-03 1.244158373108691408e-02
-1.478056681340131004e-02 2.116448693725456534e-02 1.108982342965574887e-02
3.377527189761966950e-03 9.037706919866462033e-03 -3.944002676206023739e-03
7.112848898508630953e-03 -3.792816489900795347e-03 1.620173728094991689e-02
-6.084674961595003262e-03 -9.629257374576016479e-03 -2.286935979344264375e-02
2.175401568496470803e-03 6.352917990977269454e-03 2.810002055881781653e-03
2.074855005636853933e-02 2.750207619583491456e-03 -1.956270469745096177e-02
8.466099030438467218e-03 -2.005594696337818436e-02 -1.285855559320074224e-03
2.785680880063816367e-02 -9.791381981362987444e-03 4.048110121083155384e-03
-1.001611541032080806e-03 -9.277219884793191582e-03 9.049302213933673247e-03
-5.385593821421933228e-03 4.443473865679017920e-03 -1.005286802819755666e-02
-9.658335520463613710e-03 -6.271484250555484259e-03 -1.877658296119459960e-02
1.990386673446900220e-02 1.327873529790845990e-02 4.500179552370740278e-03
2.465989094797829684e-02 -1.303831828091065251e-02 -7.376133093170303065e-03
8.649846066825983212e-03 -8.086709952177178334e-03 1.365091651624758887e-02
9.736157850627291319e-03 -9.300861574226743089e-03 -1.263687865482735276e-02
-5.691934123454136726e-03 4.028984918041069591e-03 -2.140804026409921183e-03
4.343187512094542208e-03 -7.754187154604276488e-03 -1.169761320520334991e-02
2.184860167349508830e-02 -5.036135602318407567e-03 -1.549132195673979563e-02
-3.909926723158322487e-03 2.651139245470489694e-03 -8.314262351653223249e-03
-1.688431880907545967e-04 -2.187239451044722949e-02 3.771485749366938062e-03
-1.518353468287005591e-03 -4.480148306051409679e-03 -1.810941264087678748e-03
7.534497035843986008e-03 1.521402401227122357e-02 -2.125413447917668536e-02
-4.295151508584641072e-03 -1.116773788431430631e-02 -5.840205600275998402e-03
7.618753545840304189e-03 -9.920198513815548999e-04 -2.722794120514636634e-03
4.384881296093116367e-03 6.311594973348652994e-04 1.684587452610606176e-02
1.416676357415587797e-02 -2.677672368492214471e-03 2.396371822651190771e-04
7.832370742188930063e-03 -2.253095726912585344e-03 2.724430583262608258e-02
8.396444979876117182e-03 3.837115834792138944e-03 7.188251318843492943e-03
-5.770200122968893383e-03 -1.063159653302172235e-02 1.356504032180599548e-02
3.258567896494933384e-03 4.612922624133327363e-04 -3.339306125420919528e-03
3.844347738217261104e-04 -2.054688674442970483e-04 -1.012013610304383394e-02
1.383667150404491869e-02 -1.546988728234599368e-02 -2.046455482781849369e-02
-6.852424582800034115e-03 -3.691322229975819991e-02 -5.506202932321031113e-03
-1.361705582477904311e-02 9.084295958194908444e-04 -9.672758946171989766e-03
-1.140723528600288104e-02 1.768078776907103244e-02 -9.528089385340171233e-03
3.609061580639037065e-03 4.597453770198543441e-03 8.404715197272863078e-03
2.505677715385027250e-03 -1.125960472593633653e-02 7.179769724269981571e-03
-5.985922645304372729e-04 -1.269592214571329744e-02 2.475415488940070196e-03
5.939792794891724870e-04 -9.819811606888570119e-03 -2.514755758347560557e-03
1.734675737366169271e-02 6.853493100727940310e-03 -1.728035247892330441e-05
1.308516268452552958e-03 1.347449367705261594e-02 -8.945745513297459831e-03
5.687903271535505248e-03 -2.587681979590631884e-02 -2.445268532809108364e-04
-4.113290441191970459e-03 -1.251895978371904243e-02 -1.061801758076679446e-02
-2.538236965740837698e-03 7.423535737319442683e-03 -2.154831741885774449e-02
-6.858142688415416049e-03 -1.025985406138125999e-02 -1.902721509511685200e-02
-1.599027184787085026e-02 1.053874656980699140e-02 1.410584643105121383e-02
1.685572406649213416e-03 3.343237168896317710e-03 -1.374151989788621048e-02
1.223589908090580783e-03 -9.490398842107542268e-03 1.161803501770371227e-02
4.584071030765444338e-03 -6.281509027576554979e-03 -6.474500038667455742e-03
-1.221651760293196096e-02 6.457742896854230460e-03 -1.325527052408520708e-02
4.857207337400758370e-04 4.717884448264699979e-03 3.425473233267260602e-03
-7.561401552571466594e-03 -7.771475660354717867e-03 1.497763106794920392e-03
4.577819287317499118e-03 1.388295038779843379e-02 2.764434508605232224e-03
-9.084348110683943683e-03 3.086529511130749453e-03 -7.436751011326604710e-03
1.782173327762309398e-02 -1.089324819513419647e-02 5.310733361572807926e-03
-3.476829170595809905e-03 -1.654870822917602763e-02 -2.568050292807086410e-03
3.335643063184761791e-03 -6.938476320587784463e-03 -2.526645343968282609e-02
9.989711144486638009e-03 -3.748364622390381977e-03 1.517174672951411910e-02
-7.823826719343876870e-03 -1.261213713974385434e-03 -4.023181064309487229e-03
1.667086775969598214e-02 4.966863809878505585e-03 -1.871599084114841313e-02
-1.084634663088501587e-02 -3.914218276042201808e-03 -1.555960027255873061e-02
1.563687374494289462e-02 -3.094458187331295459e-03 -1.271094764298799466e-02
-1.405896162036618900e-02 2.628399941899825162e-02 8.208432918657927388e-03
-1.566297954959184127e-02 -8.379434859068686525e-05 -8.270204679112404950e-03
1.678672222151920967e-02 -3.122361503913431962e-03 5.246650849101410982e-03
4.523370556529121914e-03 7.272395256670711669e-03 -1.141534896093433435e-03
2.636406881575245522e-03 -4.890146916570003652e-03 3.015667947399059551e-02
4.791466304326742927e-03 2.553183207369030469e-02 -8.198892000132067259e-03
2.912725162993154687e-03 -1.580126088886114541e-02 -1.700965438586654610e-02
3.144981180624696615e-02 8.024284490740172041e-03 -4.315502355548313587e-03
1.036794953342550993e-02 2.549857487280498755e-02 -1.191787174659962589e-02
-1.601479911967938286e-03 5.200793285426221282e-03 -1.838497260455151244e-02
1.370817075035596355e-02 -1.411348770274692540e-03 1.994997050201922917e-02
-5.378464517770784915e-03 -4.066994116156226989e-03 1.415431328038813628e-02
-5.047919830653353930e-03 3.661219895968290724e-03 1.150464942988586176e-02
6.950392995533411465e-03 1.026960195346689197e-02 -7.180214613364027838e-03
-1.375980998005355612e-03 1.498150548360685334e-02 1.371177614698821517e-02
1.659833420769453666e-03 5.507414553910372837e-03 -1.353603700929136705e-02
3.694450248088197502e-04 -2.601893935226249482e-02 5.708263731257751496e-04
1.297795888299871706e-02 -1.262103371173996236e-02 -1.105129103956678169e-02
-1.814330269530538622e-02 -7.730160163808304404e-03 -2.377289684127317445e-04
-2.741813920607172588e-03 -2.688578969830616311e-02 -2.064079835293921097e-02
-2.838927035741514032e-02 1.659332438860087675e-02 8.002159326219001473e-03
-4.726569029482376519e-03 1.280258543811286370e-02 2.665048243327142186e-02
-1.222957914608078719e-02 7.442059391965779279e-03 1.000673758446287212e-02
-3.197194717613642545e-03 -1.096997626559287689e-02 -2.542679077395903434e-03
1.991326659348149897e-02 3.881109967828483363e-03 -1.071059405315916840e-02
-7.557444823909969731e-03 1.347584491528129244e-02 7.585363752377308373e-03
2.591488446547702065e-02 8.749108712719678646e-03 -1.201436402569997257e-03
-1.263380098800009725e-02 -1.302859154122115205e-02 -1.751058607579768396e-03
6.722319903615614663e-03 5.954500660298545599e-03 -1.210128932467978684e-03
-1.503352070114846381e-02 -1.356202026256963654e-04 1.614057564568625869e-02
1.441387366973568077e-02 -2.749538631811153464e-03 -2.351219875017442409e-02
-4.944894526349509142e-03 2.624395222406526642e-03 -1.158338839170381870e-02
4.932695362795005804e-03 9.359603020730676917e-03 -6.360240187796719659e-03
1.531229980246001827e-02 1.317776648167944160e-02 1.628495820287009441e-02
-1.012469532658287139e-02 -2.874277879820531789e-02 -2.140088356615607243e-02
-8.732593103250883837e-03 -5.408519214530681934e-03 1.094094200531990115e-02
6.145041761109693891e-03 3.780283698619265036e-03 1.348832064423440349e-02
-2.008230488761998667e-02 -1.432617358915325850e-02 -1.991216925772760701e-02
1.124432015536388878e-02 -3.707749478578723727e-03 1.231577312597583428e-02
8.304577671849682277e-03 3.160910238400074790e-02 -5.203506368452415383e-03
7.659109611512377076e-03 1.664035915736198842e-02 -5.007587985576773815e-03
-1.648416097490073076e-02 -7.186485187451799143e-03 -2.368506600147919899e-03
1.631500956651807388e-02 8.578252478665756089e-03 4.145494039425164090e-03
1.325138566240472403e-02 -4.059905424272716723e-03 -9.966438659915356074e-03
2.961006413763967067e-03 6.943230312480389542e-03 4.052577264064516696e-03
-5.312627659229460404e-03 -3.365610043481944390e-03 -4.166656647779884773e-03
-6.683203098343568072e-03 -5.419912648410573101e-04 -8.058470540184086567e-03
-6.452559752478862279e-03 -3.299738519005086280e-03 2.158768459687078478e-03
-2.938682681824871488e-03 1.504107276846757338e-02 6.035375939005345643e-03
-6.831232665942852528e-03 -1.684747262198636741e-02 8.633714657405087631e-03
1.968492304553817740e-02 -5.292381949721544111e-03 -2.391620158247426131e-02
-7.519759758012062832e-03 1.911647075911884763e-02 -1.969030194740983147e-02
-1.553920479348962908e-02 5.952278578142403825e-03 2.813315455351339794e-03
-6.910866170074429250e-03 -1.011916260786387828e-02 -1.699423371771249108e-02
4.851058553023905422e-03 -4.581373908410450724e-03 2.416627818560705947e-03
2.376288775751209115e-02 4.853375319169835576e-03 -1.276028772855938506e-02
1.296642206665549538e-02 2.532890460205544300e-02 -2.883001932523340111e-02
-1.444365138554894309e-03 -4.099620643646965587e-03 -1.786860253030184186e-03
3.028404941151362304e-03 -9.817176405416674564e-03 1.189913415661793435e-02
-3.249591264263419874e-04 6.087933270146011697e-03 7.555806051839633261e-04
1.568593354812692839e-02 3.884939439497131844e-03 1.795314552235093702e-03
-3.817812346586407432e-03 -2.784308351700146098e-03 1.154448712922243568e-02
1.763348300560167769e-03 -7.039428334787811541e-03 1.659966704720102978e-02
-2.428430088107866661e-02 -1.465944152241422174e-02 2.489926245781691819e-03
1.420860213139847270e-02 1.732132387280802682e-02 2.399790641153155824e-02
1.878532030732214548e-03 1.934736182244259362e-02 -6.578541230973748190e-03
3.900018184265198039e-03 6.199305779417247329e-03 7.090553988661877499e-03
-6.948796702525654109e-03 -6.068082788538540703e-03 9.840604770003677330e-04
-1.773397826110919076e-02 2.418416490832968682e-02 4.202480155719208119e-03
-1.197916969186951092e-02 -1.163581857637218281e-04 5.370066815941960427e-03
-1.283117238633682371e-02 3.492329776810220495e-03 9.200958943351489339e-03
-8.540376155180140353e-04 1.074564639565958948e-02 -4.840786785733275886e-03
-2.430847589029639863e-02 -1.358550416164755470e-02 -1.038627245064161972e-02
-5.384007001410091343e-03 1.002926732467697944e-02 -1.203191805903000219e-02
-1.636260005802657805e-02 -1.915182930805514345e-03 -1.340576037948524625e-02
-6.934574700012253665e-03 1.071111684886327103e-02 -1.258103794812528813e-02
-3.167785022838126574e-02 1.960392168699623752e-02 -2.764821296587638335e-03
-1.180414594221581778e-02 2.396232174265251758e-02 -4.286187683409371958e-03
8.614657951027308511e-03 -4.107246834760904658e-03 1.321155548496333494e-02
2.486457506033988660e-03 -2.854380199025884426e-03 8.453053317979585674e-03
1.597176745307914841e-02 -9.889668993761082869e-03 -1.783626680489324573e-02
2.035242746381140094e-03 8.809661722252018273e-05 -1.390384316810220787e-03
2.421418579935989343e-02 -1.567475651778157952e-02 -1.527315923221949636e-03
-1.180206916161391159e-02 9.342209263275474962e-03 2.694357139724137947e-04
2.652545188702208883e-03 1.934966133475813851e-02 7.997952899103752400e-03
-1.582532233784033140e-02 2.587756326101555565e-03 -2.186367250256870259e-02
-1.266931158080631357e-02 4.842770216505872839e-03 -1.435384931085069080e-02
1.683518338526426503e-02 3.925674747244828930e-04 1.642779276692679646e-02
-1.514392473737663676e-02 5.744644169931080631e-03 -1.491097384081687197e-02
-2.085532672039581287e-02 -8.729527567389818235e-03 3.464202558142060774e-03
9.359077928659628731e-03 -8.948546028095123381e-03 -2.561725018128720860e-02
-1.214676598393373518e-02 1.482195262373183896e-03 4.557842793669470739e-03
-5.356078464194123255e-04 -1.687656214361897208e-03 -5.292613486666155123e-03
2.440825444874443473e-03 -7.697458834613685359e-03 -4.875186445066926125e-03
6.456642941489221070e-03 -2.474850369689926208e-02 1.340589403855992068e-02
2.123272904484624617e-03 -2.457939478799457244e-03 -8.559876656082741203e-03
6.467961501026445528e-03 1.418528525074659163e-03 -9.260597978364891458e-03
-7.420016404901901702e-03 8.441681499212566608e-03 -1.798209919526300160e-02
7.131799058048214970e-03 -2.595357557428528208e-04 -2.353160458409319158e-02
7.627017664316239863e-03 -8.829419518090108818e-03 1.439609456316019200e-02
-1.878538006775816796e-02 -1.279896300704041340e-02 -1.337221443619988730e-02
-2.081242166971414200e-03 1.035914497870391374e-02 5.870608454380286251e-03
-1.727795185256640262e-02 -1.265507998282082436e-02 2.604480578445334763e-03
-4.691048184411093780e-03 -8.454279153571966215e-03 -1.057246125523091974e-02
6.020491929371567762e-03 -8.434513135134970091e-04 -1.389118632312937203e-02
4.290644329098859677e-02 1.559237827035083943e-02 8.545781741179437827e-03
5.741332111810006598e-03 -4.516485894591345217e-03 -3.043618375751334232e-02
-2.315165112735623459e-03 4.962844137644828804e-03 1.861819318572489543e-02
-1.536581334915163716e-03 -4.691430493582860253e-03 2.098843831957914428e-03
-1.433909173303061059e-03 -1.997192669422892183e-02 -1.405808264952252036e-02
-1.274367153258716863e-02 -2.429517971973375011e-03 -3.904399680837920567e-03
1.207371548996971633e-02 1.426823357462341131e-02 4.988944540286022016e-03
-6.776138762809444209e-03 4.967308410924137305e-04 -1.988885216406196046e-03
-1.263830306565211919e-02 -8.150279118657484737e-03 3.591436275009153838e-03
7.888798906274641087e-03 2.241858712209172586e-02 -1.157809383809279072e-02
-1.660718290978987002e-02 1.191002666706208503e-02 -9.842601085543783296e-03
3.528011198515531465e-06 -1.981767070429053812e-02 2.151403347444898542e-02
2.157676083455124100e-02 6.568843992076379805e-03 5.437097621370325963e-03
6.612134154688002405e-03 -1.922392834311694929e-02 -4.863278624013173991e-03
-1.702803940030248216e-03 8.793151455184538418e-03 5.694226294604836335e-03
-9.330965085049099800e-03 -2.884722289556647043e-03 -5.976173267636693612e-03
-5.093687294711431862e-03 -1.196970608005508939e-02 -1.236446587005394799e-03
-4.415960391826170492e-03 -7.084831215056762964e-03 -1.326257461407203374e-02
-1.201748875298577941e-02 -1.626746690013399291e-02 -1.642498996111551473e-04
5.088511077635081079e-03 4.174414034421067114e-03 1.424279772615020222e-02
-2.540820352363519930e-03 4.729805165384317256e-04 -1.808767117891316861e-02
-1.436785472633489522e-03 8.003612810105743131e-03 -1.385777871646710034e-02
7.415898704928439167e-03 -1.973945628281064887e-02 4.797272931966355320e-04
-9.804290049192521811e-03 1.280243488303216964e-02 3.548338973346558140e-03
1.405777473629043345e-02 3.944054721144384882e-04 -2.030497012015063454e-03
-5.987024388298366195e-03 2.382793621082791163e-02 -2.196721561386186933e-02
1.756104456193100308e-02 4.191845279000333720e-03 5.497222369002473501e-04
-1.382727692426808687e-02 -1.458070521951585624e-02 -5.437070746779677603e-03
3.490635565623159166e-03 3.766519143395150211e-03 -5.793768704693336158e-03
1.353307850241045919e-02 -1.156033640542612935e-02 -1.359004947147025985e-03
9.963374083238758436e-03 -6.425267838897636818e-04 1.769754467162103911e-02
3.091475356275196189e-03 -6.199018497913631048e-03 -1.323304215398243659e-02
7.615304193652217349e-03 -1.118441820814724749e-02 -1.966951097219114819e-02
4.315189175633239380e-03 3.341309238936166631e-03 -6.589255766945857108e-03
-6.405750064529498050e-03 1.136407821923073047e-02 -1.420298495778559399e-02
1.381388715296922448e-02 -5.212330324462960233e-03 5.811599987346737980e-03
-1.852719211306262269e-03 -1.992778242885337794e-02 1.611920213626363146e-02
9.284273742701680543e-03 1.615852194861345462e-03 3.409995505104938644e-03
5.311774292430797469e-03 2.131369902078096568e-02 1.425320184013478646e-02
3.142970205952301142e-04 -2.061995825265475202e-02 -1.308779657384205250e-02
-1.397012971938763840e-03 1.102672313253112019e-02 -1.650474455853355449e-02
3.521234494621133370e-03 -2.194094111822496307e-03 1.382608945467192485e-02
-1.696301611365087433e-02 1.600173744092473968e-02 1.031513779381933865e-02
1.864858377680231273e-04 9.223198466410212695e-03 -3.536660043234333278e-03
-2.080475592461046228e-02 8.828433868606839346e-03 -6.603314688843774441e-03
1.625573095853233285e-02 3.365516285156799903e-03 1.410052643696486268e-03
-8.680346965059449263e-03 5.658664561634653596e-03 2.723438683030645398e-03
-1.899680903598565708e-03 5.850692500514862631e-04 -1.095438971954548063e-02
-3.840856862372594906e-03 -2.092264080067391882e-02 1.664970964512774501e-02
-1.731613017197304594e-02 -1.164454763444923088e-02 -1.107922536679651661e-02
1.545773726975507422e-03 -5.314738685465676682e-03 6.931157496370208247e-03
5.394686672113673843e-03 -5.550915636656510513e-03 2.160983307772471572e-03
1.933444216673783564e-02 -6.972204731706493864e-04 1.412849523026903087e-02
4.574035461112489938e-03 4.050930814122094179e-05 4.458253203447938746e-03
-4.104062544709321386e-03 1.774360120519149131e-03 -1.130086421898530633e-02
2.439217613972133325e-02 -3.433027151435180321e-03 -1.947970167661394747e-02
1.576828967520931338e-02 1.166561822254539270e-02 1.267197558890451568e-02
3.959249751639752797e-03 3.243044464100426540e-03 -1.598566772061116043e-03
-2.242133794814701875e-02 2.272367462037637106e-02 -1.374407647446839603e-02
-4.429614181208562057e-04 1.653923327637717849e-02 -5.798087099799347117e-03
-4.721632512169040598e-03 -2.399429815947043670e-03 1.673716942754967241e-02
-5.837226487673265532e-03 6.494567468747152773e-03 3.375077815828218981e-03
-1.373015192161318454e-02 7.915122920776470825e-03 -5.473371186604415392e-03
-1.265542157220460491e-02 3.709378584681543353e-03 1.148402618511042486e-02
1.071010231473014211e-02 1.894513083076861462e-02 -8.261770830507844665e-03
-2.011721673878686875e-02 1.815188013860851921e-02 -2.496550871358367563e-03
-9.910804008318094965e-03 -3.446391857308163734e-03 -8.314342128314442361e-04
-2.167266092424322693e-02 -1.173801470004600701e-02 2.587213281333911562e-03
-1.174572477562563525e-03 6.948141378949501679e-03 8.002678802591660714e-03
4.029954340810359406e-04 -2.087740162599560287e-02 9.628984761799550679e-04
8.893897971125911892e-03 -1.032863166727281123e-02 -1.885767571282910213e-02
-1.648724757402556754e-03 -2.154140778946561034e-03 2.867303232623542517e-02
6.189141925222753013e-03 2.903865135951683770e-03 -4.830565904855443383e-03
-1.309523568238217268e-03 -9.123529161476988045e-03 -1.590944258629287209e-03
-2.225708221210469066e-03 -2.102802510769660738e-02 8.634092455110408890e-03
-1.004285487676689556e-02 1.862095267386074896e-03 8.869822182531969870e-03
1.042148143829500252e-02 1.766192459263702177e-02 2.599027549154557613e-03
2.037388191736253830e-03 -1.025511325970050389e-02 7.578473196138554684e-03
2.052144887196149722e-02 -2.682137238778380117e-02 9.141328502920318885e-03
1.228573942108087715e-02 -2.200271486364140973e-03 -3.980163936405917537e-04
3.317701127579405530e-03 1.906448373912312047e-02 1.127759429826647765e-02
-7.348630017049164256e-03 -7.104408589930243968e-03 -3.169838195002391314e-03
2.976622048789331247e-04 -1.054894761406367874e-03 -6.566316823740409210e-03
9.351286954370938501e-03 -1.500306451329644873e-02 8.257565096055196480e-03
2.781297917630981900e-03 -1.844825037253461841e-04 -2.240782772673925380e-02
-1.185802569525307333e-02 -9.478335436316343357e-03 -7.529565645918701554e-03
2.304117318043034587e-02 -8.746290075575855567e-04 -5.566428385087017830e-03
1.112283373472959178e-02 -6.696616644336956690e-04 -1.154443640020980501e-04
5.951440261165587102e-03 9.018227245036172096e-03 -1.062526659443620292e-02
2.462494166494426720e-03 -3.299087921334981424e-03 8.340247156805569682e-04
8.701912911937559336e-03 -1.715804740046111138e-02 3.172157086652562658e-02
1.865155694741003727e-03 1.926048121734361823e-02 -7.038345621243204120e-03
-4.587762607712580348e-03 -4.043135208247234345e-03 -8.578708746897208137e-03
-7.291069619646687108e-03 1.562603785441919746e-02 1.840339435129583964e-02
-1.634955024026248441e-02 2.514521218472743941e-04 2.021149787188890670e-02
-4.983742377610447458e-03 8.250107283785985610e-03 3.530986468509299779e-03
-4.489130470027070247e-03 4.552967719889624253e-03 -2.196060510849644817e-03
-8.785779413136746456e-04 -6.731449013706347281e-03 -1.735043658781366960e-02
2.140823494252184003e-02 7.935217005157375880e-03 4.747808154006149042e-03
2.052620768330145479e-02 -1.861795463962056130e-03 4.989766395947280685e-03
2.555921160958117989e-03 -1.915742092369628058e-02 7.066149973614154443e-03
9.303604269591418674e-03 9.629330875437028606e-03 9.840013108768230418e-03
-7.736894891297978367e-03 -9.369450843735664322e-03 1.283779999731892232e-02
4.900190610619372354e-03 1.694642636158738905e-02 -4.294154853306997657e-03
-2.147282490118500656e-02 -1.091364676004743378e-02 3.064756256291939571e-03
-1.157909891978949231e-02 1.324932085112784028e-02 -2.157025736541643215e-02
-7.918277562435769440e-03 -1.452148572978154660e-02 -8.549515693671207867e-03
1.165277169112440003e-02 5.613295869226589928e-03 -4.675304056204087309e-03
6.062179045038883218e-03 4.415800011239608309e-03 -2.810612584939159095e-02
-2.400770901576757682e-03 -5.403226643317478838e-03 2.101403594295817804e-03
-1.020407294006419295e-02 1.244661460697474298e-02 -1.291165622994346930e-02
-9.956347924315822606e-03 1.370785179709723550e-02 1.196021562019707572e-02
-1.627087907613060033e-02 3.423627065147098920e-03 1.175759587704689347e-03
2.771435322204288815e-02 2.909925729341255197e-03 -1.042643893128097042e-02
5.287071108259466454e-03 4.516048753644006514e-03 -1.167009151796597095e-02
-2.061726388551803762e-02 -1.640273775334397111e-02 -1.308498173846519078e-02
8.224903561551507106e-03 1.745739298144332848e-03 6.168030247659556618e-03
-7.422731440415577392e-03 4.369666363229076506e-03 1.571068568395282347e-02
-2.818236947507446119e-02 1.516214964606993343e-02 -8.485249654915639345e-03
-6.975788711886152585e-03 9.947212261700079123e-04 4.397045156172510612e-04
1.272105497741216236e-03 2.741712379077396178e-02 -7.912109336157019390e-03
-2.388049291105231661e-02 1.635597048359000577e-02 6.765545250605301680e-03
1.138817379350223237e-02 7.587163280976187696e-03 -8.396397458192154245e-03
-1.608251064824717941e-02 -9.618577748448495571e-03 -2.825191370976601335e-03
9.160531811088383275e-04 -7.594999544202403474e-03 -4.283512718349183693e-03
-2.565022982316226760e-03 1.433421165499157608e-02 -2.543426489659525273e-03
-1.736383706939939944e-02 2.785263250347836186e-02 3.637572644627413455e-03
-5.688771777402706897e-03 -1.245095238525310496e-02 -9.565274580495929449e-03
-3.222359502235657737e-03 -1.039490662345015845e-02 8.120927923943987298e-03
-9.318850745345395913e-04 8.695789319241167131e-03 6.622359328362747120e-03
-1.732791312410495929e-02 7.790245870888388643e-03 -4.739518382201077067e-03
1.054243726450365204e-03 -1.597705314052836820e-02 6.781649681575970413e-04
-8.146067568425712641e-03 -6.254439043802638258e-03 -2.455426804324513379e-03
3.145626812299037386e-03 -2.535869348667415049e-02 1.025097151220082624e-02
-5.296067523272815112e-05 1.222680284655105337e-03 2.953963567327026057e-03
-8.885478092421201374e-03 6.761861060407933950e-03 -2.841215928816446840e-04
1.598580981303789408e-02 -2.001658959837984350e-02 -2.002975200786677110e-02
8.364516415329566537e-03 -1.744182570265594145e-02 -1.077689007011934166e-02
1.016916195852827012e-02 -8.659359415793085228e-04 -1.559476256200529459e-02
5.225895381740118723e-05 -8.454424631069096599e-03 2.806082309510770853e-02
-2.394298325684800222e-02 -7.174764813039890545e-04 -1.787466134475227883e-02
1.100481697201293775e-02 -1.657552225557654005e-03 -2.944641451581637547e-03
4.398874711884825060e-03 -1.019929053925229014e-02 1.705084040093453324e-02
1.032051354218683353e-02 6.591804966393612422e-03 1.834803437902009877e-03
2.143276528378409117e-04 7.875221304840106240e-03 1.551873198707617862e-02
8.352639414762169298e-03 -8.243794355456491099e-03 1.338312363275530673e-03
1.013937908730908402e-02 1.788901291156338308e-02 1.401886016700064873e-02
-1.287771536483947772e-02 -2.540973959547481158e-03 -2.193713356915105717e-02
2.595494230354533985e-02 -1.329962854711364169e-02 3.492333836199734004e-02
-1.411495364467167841e-02 -6.896046206541971320e-03 2.236620904647895584e-03
1.891660657658078212e-02 1.538528833152843188e-02 -3.827490042280624980e-03
-3.037805461895716746e-04 3.073554143452849035e-03 -1.222947520639265651e-02
-8.023045242524268379e-04 2.730138800814433178e-02 5.219764114688139195e-03
5.767672810956288830e-03 -5.899266515446418635e-04 -2.187116971472903224e-02
2.553548623702829503e-03 -1.812040724682129067e-02 6.175271516174337186e-03
9.220169131163198639e-03 -7.728407563331040307e-03 -4.636695208564732898e-03
-3.660840762806752066e-03 -8.449325566386542419e-03 -6.687767399780653087e-04
-1.864196526363268982e-03 -2.259381399266224225e-03 5.592684602339934551e-03
-9.948518612181000281e-03 -7.161418305964128289e-03 -8.213233088450458885e-04
1.353204243942357846e-02 1.645327580236068468e-02 -1.065652017828089314e-03
-5.880131813899957226e-03 2.886619180275120343e-03 -8.852360044827829039e-03
-4.627370238889195542e-04 1.049487614232649108e-02 -6.723670550185079737e-04
1.262740157209714560e-02 1.032367398922445952e-02 1.479794002349035797e-02
-6.399053916640585517e-03 -2.518705260144547819e-02 7.453048825486866674e-03
1.066167991436064826e-02 -3.492723180569453582e-03 -9.267320035151174404e-03
-2.063837632259914873e-02 1.514806063625187896e-02 -3.855573020712185599e-03
9.130971754883209640e-03 -1.439421930498916216e-02 -1.763425578433929549e-03
-8.511374137316358307e-03 2.182425880154418782e-02 1.824398705229519566e-02
4.581531350851141340e-03 -4.902158782431645725e-03 -3.169871042915380771e-03
-7.761290214972843028e-03 -6.255674226554445473e-04 -9.910024917150481779e-04
8.718245355203780786e-03 2.246074058758448094e-02 -5.253702176724681615e-03
5.517218935106761070e-03 1.065710027025496736e-03 -5.539886303644843586e-03
1.701369282411465409e-03 1.011695755756081630e-02 -3.673519312700097243e-03
7.850004522171688537e-03 -5.850757581906083048e-03 -8.038078519080223833e-03
2.649584640075333675e-02 -1.608773516276317895e-03 2.423507363771774514e-03
1.009322430440279424e-02 1.258938224643345663e-02 -1.109544188740290219e-02
2.429199737421500974e-03 3.255379319697737986e-04 -2.079475154614238500e-02
3.062620632695751423e-04 -1.671173746188185649e-02 -7.604652934580403457e-03
6.553760478284756039e-03 -1.407513978969811806e-02 -1.748458407298015670e-03
5.130069726748120139e-03 7.675748328961142647e-03 -6.036614006893434650e-03
-9.765050274042551617e-03 -1.506065244369625671e-03 -1.143466390885167563e-02
-5.058638865461775663e-04 1.410663288032985678e-02 -9.099895565554110693e-03
-6.397863066109217220e-03 -5.765017165550134250e-03 -1.673895324204418764e-02
1.769332122184414909e-03 -3.597604194943370814e-03 1.363329670308491975e-02
-2.137176021908669503e-03 -1.500240400682592568e-02 1.863710771664982974e-02
-4.132543632322495386e-03 -5.132704690115045924e-03 -8.420408079819982974e-03
3.586813014536605754e-02 1.973666652587098211e-02 1.992607274206035020e-02
3.078044781268897932e-03 5.707748337741752435e-03 -4.795761089263936468e-03
-1.001311149115258550e-02 -7.980949385036524568e-03 1.310523864319301096e-02
2.152213567197501856e-02 4.628114538801494319e-04 4.367832733524460234e-03
7.040960858656563140e-03 -2.339623953064168607e-02 -9.967357081382603387e-03
-7.945227609444520042e-03 1.352697761990067108e-03 -5.054650622102443286e-03
-6.575180071578381157e-03 -2.103392973808649105e-02 -1.762962826358274032e-02
-1.656766595043343906e-02 -8.139902744375263110e-04 -1.154783160316610185e-02
2.108219177738738376e-02 1.946208167166471950e-02 -2.634825058173892107e-02
-9.909198593522829546e-04 -7.368165851512215861e-04 1.252687090704593083e-03
4.728336776440014363e-03 -1.731100452303595966e-02 1.099107811609867022e-02
5.079429202022696854e-04 6.528786995559526275e-03 -2.520553585974872821e-03
1.722323431181524422e-02 -5.639014646698981177e-03 -2.232163921223183009e-02
2.317367677951563329e-02 5.739977365832410645e-03 -4.738126592114001305e-05
-9.529354016353536877e-03 -1.360174273455166775e-02 3.611032355663677026e-03
7.433859975134734371e-03 2.007014153304988516e-02 -1.428474089034482974e-02
8.010458332034110090e-03 -2.056046268707416302e-02 1.041714442095957247e-02
-8.146505563853550722e-03 -1.418638420939708628e-02 -1.088814530513152606e-02
-1.166116490882853490e-03 -5.787974709917154993e-03 -5.272501223968687097e-03
-7.425564857738043735e-03 5.385182355928747923e-03 1.698392334452608144e-03
-6.744467378938341293e-03 -1.079169561084020526e-02 -2.803050643034534547e-03
-6.980161908776016813e-04 2.727507509907894662e-03 -5.253372119454127222e-03
7.382915962172186854e-04 1.477974995576385869e-02 8.211957675096949461e-03
8.428683775293932534e-03 3.132810114031516196e-03 -1.884911468456770822e-02
2.671394753410934186e-02 8.563885629636835972e-03 1.454016871961760424e-02
-5.605801966007698846e-03 7.407320640154899799e-03 -2.410473553825687870e-02
1.243475554352187554e-02 -1.828678267374023864e-02 4.458552793008023138e-03
2.230910749816747331e-03 -8.392613858855720857e-04 5.501987154064770123e-04
-1.238017296325618841e-02 1.335258828207397819e-03 -8.635103755917365037e-03
4.370033358670511424e-03 -8.226002171194891216e-03 2.443747507493594911e-04
-2.594021996245247496e-03 -1.043517414693238311e-02 1.186213931923557272e-02
1.664024469507588769e-02 2.757908516864550005e-02 1.297148916560427086e-02
1.431459221330100284e-02 -1.431148802591240311e-02 1.246116151250806605e-03
-5.282928410415537596e-03 4.410202534447419699e-03 1.042025901745813896e-03
-1.850691349375843328e-02 1.490685995667985486e-02 8.816251907762957243e-04
-8.058617210555429552e-03 -3.010943245404311104e-04 -4.753246182505877632e-03
-1.576584198756388402e-02 1.658608478110579210e-02 -2.632593369415558993e-02
1.818814818379421716e-02 5.182841626866174084e-03 -3.281855365233051457e-03
1.733074354500196632e-02 -2.647850216885413045e-03 1.325544293313707031e-02
-7.961178568946581866e-03 2.232184923557207698e-02 -2.865248272049096198e-02
-6.851528379972534298e-03 -6.469258569642964175e-03 1.062991849170347863e-02
-9.544101349782965760e-03 8.692680748978675459e-03 -9.759163260121682393e-03
1.032059648992019948e-02 2.092207903509730321e-02 1.400142289228245140e-03
9.874665951372044864e-03 -3.198190015963893462e-03 -2.630948046760420763e-03
9.961018116108001988e-03 -2.349215201146355805e-02 -7.189095176910319240e-03
2.671435795324294052e-02 -1.236889451224830634e-02 -1.804774209474129670e-02
1.070863411948237524e-02 2.764518762887037059e-02 -4.488519006568476508e-03
-9.295026095384685896e-03 -2.258022772414099502e-02 -2.072144326256782076e-02
1.184366164413894022e-03 -6.334006258653151946e-04 -2.525116388164213004e-03
6.207071704385625334e-04 5.511962839384775686e-03 1.219980062876175123e-02
2.538798244488028183e-02 -4.693049890234507991e-03 -1.659223416195167340e-03
-4.078235434404233438e-03 -2.109098738605610923e-03 1.947360548235249969e-02
-1.633063841953517198e-02 -1.538792210509339758e-02 -1.674899864263576857e-02
-3.885506728957888786e-03 -1.009164376092713507e-03 -1.215576296554087173e-02
1.161577132622404387e-03 -7.458972231427050611e-03 1.622357132724081691e-02
6.212597779280503016e-04 -2.133731246874302420e-02 5.226794195102792313e-03
-2.823585170890561408e-02 -4.387140983849210744e-03 -5.072871407085322547e-03
5.600806534351213508e-04 1.283046475466612622e-03 2.051534179341394856e-02
-5.502758528517547390e-03 -3.264944059118303488e-02 4.640007303230366843e-03
-1.516900521973803219e-03 -1.273888398968875445e-03 2.027157022990060727e-03
9.392332729641326289e-03 -2.250659824944162279e-02 -7.720095942117802777e-03
-1.646049532241762245e-02 2.822860350676388921e-03 4.149345782212507036e-03
-2.577868999065086823e-03 1.604838966020926544e-02 -5.499819373809936539e-03
-2.277535576009008089e-03 4.337296134735697459e-03 -9.475653155468753436e-04
-9.913996111934129940e-03 1.472598992533697901e-03 -8.115057785895088763e-03
2.473562557647160549e-03 1.027520784704006804e-02 1.904561332106204791e-02
4.652971983591265397e-03 -8.270618730365069185e-03 -2.730166231298615260e-03
-1.147921521370255226e-03 1.615574578307673063e-03 4.361281837400764888e-03
1.498608736504081218e-02 7.078128102198577229e-04 1.561985274705550777e-02
-1.055995915174997093e-03 8.919026085494356423e-03 -2.873546367008094748e-03
2.221111801913963624e-02 1.013405593255234209e-02 9.676632339565812216e-03
3.975865808575237666e-04 -1.007119392398552133e-03 -3.358993750504877217e-03
-1.403958089555777840e-02 -2.658701660454176451e-03 1.891396681481267994e-02
3.585784388082599323e-03 -3.631134427406375754e-03 -1.523490545192165285e-02
-2.670058651681307335e-03 -3.470113414419659544e-03 -3.790224033621116331e-03
-1.787620017021614854e-02 -1.324481103659303806e-02 6.939270259297968500e-03
2.118988590878669379e-02 9.693554542380251882e-03 2.441048635180159145e-04
-1.541163379194637230e-02 -3.880217762253990112e-04 5.234571671982723301e-03
-8.017466584226131884e-03 1.734173944535305489e-02 1.733355317982260627e-02
-1.206704468343074849e-02 1.281965933489345906e-02 -1.374018573372664739e-02
-9.717866478055878221e-03 -3.603269660731313068e-03 -1.154556709367649632e-03
-3.985682836306433767e-03 2.031739032894603475e-02 5.244889690628015688e-03
8.240024107061890909e-03 -1.495604509076983724e-02 2.055555055088216846e-04
-3.609832870939379962e-03 8.680808689182585927e-03 2.321240123944687435e-03
-8.204215204881437282e-03 6.772511997229842262e-03 1.859353244135066724e-02
-1.690613850539235494e-03 -2.405953790721922225e-02 -9.611764128166815774e-03
-1.977137884223641694e-03 1.821666168036183142e-02 5.440103548903723642e-03
-7.087757311483439387e-04 -4.692912698933943312e-03 2.948732400265321671e-03
-4.412971504119620955e-03 -2.141321508103936379e-03 1.284802944628953816e-04
-4.478755934717634085e-03 1.337587294612541285e-02 -3.598404152227254599e-03
-1.281769581206076807e-02 -1.464811576089661109e-02 1.108121710216942437e-03
-1.199200914553091336e-02 -5.019688500209543505e-03 7.510046301938157892e-03
-1.879088666166502716e-04 -6.883171120866293097e-03 1.485150933073999327e-03
-5.359907997893057809e-03 -5.171762323605653446e-03 -6.537618188526675422e-03
-2.852449003960566901e-02 -3.298747887852420367e-03 6.481606345220647207e-03
4.177986172167017474e-03 -8.877904903533193406e-03 1.747122082918922681e-02
-6.555288521638116643e-03 -2.079544695300596189e-03 2.251163048519776231e-04
1.573602306619149502e-02 -2.246353689848441804e-03 2.367101767364470158e-02
-2.218835437976849831e-03 9.586466859013202668e-03 4.619972809362073857e-03
3.628308942867661344e-03 6.812333888434439141e-03 -8.194972047542494267e-03
1.729469758349457681e-02 -7.431945005427213931e-03 -1.960380773591139866e-02
1.047496367991743865e-02 1.118126288817684715e-02 -1.304049668740953245e-02
1.503482014793452309e-02 1.471107741638637799e-02 8.753006055865947309e-04
1.023127481872682272e-02 -1.510792231962630695e-03 9.134700815709960453e-03
2.371918623812318064e-02 -8.496590489173623528e-03 -2.591443854623346962e-02
-2.112893036204553307e-02 1.667214589785103764e-03 -4.674537321936829068e-03
-3.817447375629957201e-02 -2.910411028176828827e-02 1.204399495387458796e-03
1.668420348356347560e-02 -2.280631451825053044e-03 -4.934398597921614560e-03
1.575964017732616948e-02 8.335313528929192556e-03 2.281536901487101897e-04
1.070980751363338063e-02 1.090243664093418392e-02 -5.024967626922904190e-03
2.421541371504549057e-03 1.586359823408179520e-02 6.194059278365994341e-03
2.537092302175805985e-03 2.881606754399659159e-03 -1.051158388690173404e-02
3.706148572980723019e-03 -5.186867705590774563e-03 7.144204809278300108e-03
-7.209837681359385769e-03 -1.108334449639519726e-03 1.492317584823841040e-02
-7.790475088220843438e-04 -8.853854953610833939e-03 1.790181617843105560e-02
-3.518839460663555105e-04 -5.418393517740824686e-03 -3.317351854482808362e-03
1.140870755478582202e-02 -1.604363618470482783e-02 -6.931017987663904908e-03
6.443297699186808017e-03 5.789264611754619747e-03 8.287821816478889176e-04
-1.709912796257377805e-03 -1.437188985653446542e-02 2.605711347978701981e-03
-1.251197768222399136e-02 2.487202558326281898e-02 6.390682669652617172e-03
2.481121448841645122e-02 -2.268405580266114486e-03 -9.520252484956123751e-03
1.014032366771932918e-02 -9.584911008639521168e-03 1.359606513754088239e-02
-8.815196413264189332e-03 -4.662059749580994145e-03 1.183021992538906171e-02
-1.022722019959840072e-02 -1.579757733800043291e-03 1.135600501258343317e-02
-6.637002605304065904e-03 1.176092469549310481e-02 7.332099047096245215e-03
-9.088408216986415891e-03 1.074867380251409710e-02 -7.838063803484373801e-03
-1.445903701293744029e-02 5.235585687825115722e-04 -2.823304832154900114e-03
-3.826992472078540302e-03 -1.388019872696435834e-02 -3.636585787584510968e-03
-1.297859170657540348e-02 -8.075251274627584649e-04 -1.778874150191991910e-02
3.014087435996176678e-02 9.340133293157833541e-03 2.156886456152526388e-02
-2.070295038752299754e-03 -4.289041591116251814e-03 -1.629336495297424581e-02
-1.832217191434138207e-02 -1.265458024922770305e-02 -1.967536992975646437e-02
-1.303598353431900767e-04 -9.687343980989648190e-03 -2.461576471299931849e-03
1.450309016706658426e-02 1.846686904441341079e-02 -5.281499731311094410e-03
3.166598611169180871e-03 -3.142096662167328820e-03 -1.813088450932427058e-03
-1.099507113132103080e-02 4.729972992195696953e-03 -1.800982397697627191e-02
1.888858210809683932e-03 4.717139126839085643e-03 6.572462662352688591e-03
9.368396413938405443e-03 -6.942174526853338475e-03 1.349119812284831944e-02
-2.803128662023017525e-02 1.098926660125481907e-03 4.926426813189997353e-03
3.854430103990817702e-02 -6.971250400224508065e-03 -7.108856829506053458e-03
-1.646292046458069924e-02 1.163980611499291183e-02 7.869334025020630063e-03
-1.786489094470527150e-03 -1.212882082314901272e-02 8.574688565592946191e-03
-1.110703171094741884e-02 9.723573124519714964e-03 -1.320595138474301745e-02
1.728985462682684771e-02 2.964081308466061035e-02 -4.886540642240615705e-03
-1.548720532507932889e-03 -6.238941331784673971e-03 7.598241751130030940e-03
-1.629333639991707716e-02 -9.726782204612594018e-03 -1.837215481508656630e-03
-6.026064169590842484e-03 1.418499053965243187e-02 1.792788231659547468e-02
2.351623389888953669e-02 1.371465097944752839e-02 6.649795337297508512e-03
1.981258148601884941e-02 -1.248354663971326141e-02 -1.567922112963708592e-02
1.271283187025744853e-02 1.261545282877775918e-02 -1.162769242700213701e-02
1.662070892449156803e-02 2.622229334912318938e-02 -1.110376990531949416e-02
-1.628070077156526171e-02 8.494447512760341587e-03 -7.839159228621706693e-03
-2.310965955593038187e-03 -4.101092724059886459e-03 -3.703407884869343303e-02
-1.352699711099270572e-03 5.932848988890676925e-03 -2.355355125783125878e-02
-1.087572736215138176e-02 1.738029698902335274e-02 -8.437917545962271559e-03
-2.523926153334829763e-03 7.040572379882743467e-03 -4.656620071255226749e-03
4.477469697625396233e-03 4.204315309396310790e-03 1.729955520475716380e-02
9.498962066513657113e-04 2.077389843988990473e-02 -2.030831765629853656e-03
-2.867698727787471903e-03 7.485360507198833210e-03 -1.012430747652226341e-02
5.363652635280509624e-03 5.338994610975004648e-03 -9.423525576625449082e-03
-1.399381141882647707e-02 1.412813225589096798e-02 1.448606451782368312e-02
7.350283417590935779e-03 6.678974956503782277e-03 -2.780736926619658406e-03
5.036462674099285303e-03 5.342568746161687789e-03 1.992796188063638711e-05
1.014457784786993236e-02 1.349565707087881268e-02 -9.424266681500963454e-04
1.835987074376270456e-02 -9.730607618388212657e-03 2.745094232891509209e-02
4.728423096759866440e-03 -9.381056406106667855e-03 1.512140262949954357e-02
-1.014250636125285654e-02 -1.030746491359946573e-02 9.181076896533128806e-03
3.444836323565141425e-03 -8.274538739172988128e-03 -8.916515446546003157e-03
-7.797942738102496205e-03 -4.484956991879715527e-03 5.591170325130289352e-03
2.649431536099463268e-03 -3.112454101909536541e-03 4.599879776880886305e-03
2.652906375764554469e-03 6.884975546474578906e-03 -2.438231355191269965e-03
3.551301338236683564e-02 4.882701319173574431e-03 -1.353649532620574900e-02
-1.780987900001760812e-02 -8.179633955844462997e-03 1.644684076814878493e-02
4.977863846928699820e-03 -2.025091591417265899e-02 -3.947909621119984752e-03
2.190289680562360584e-03 -6.791513797602310477e-03 1.230420838898725437e-02
-1.188922494055710127e-02 7.287897040922315661e-03 -4.138798123163735243e-03
6.688865100752882167e-03 -1.242006953218972691e-02 -6.754691155287885149e-03
-1.819061609455455836e-02 -3.328335307666464762e-03 1.534835039052801159e-03
-1.207705308515825797e-02 -2.826466688503965000e-02 -3.996547147033012969e-03
1.180126561757410472e-02 2.028775525820431663e-02 -2.323300400741703207e-03
-8.652660109337507316e-03 1.209995811439109649e-03 2.243786116012178814e-03
7.023634435525156691e-03 -6.527106578115342457e-03 -8.569241637826822619e-03
4.734350673812614228e-03 1.243275956548910459e-03 2.187737329792917643e-02
1.074644511678460659e-02 8.504232112178485709e-03 -3.480982848440684115e-03
1.240417839511722894e-02 -6.224947708253649077e-03 4.868330678292258872e-03
-2.082103517302684101e-02 7.844902539755763474e-03 2.233918456853536613e-02
4.975626675329435089e-03 -5.333181865584363940e-03 -7.774287710819850414e-03
-4.980590444515047184e-03 4.982232640432807981e-03 3.667332281559225731e-03
8.760234788453771446e-03 9.110389247035138860e-03 8.961670269498555122e-03
3.374834358885055868e-02 2.456180195483978913e-03 1.260193589241939346e-02
5.647426122985484305e-03 -2.935934760457326737e-03 1.561436179932493631e-03
8.573800170975618556e-03 -6.079490887991215176e-03 1.410690964892757047e-02
-3.533276308109536273e-03 6.140062016368856741e-03 -2.576163938646439458e-03
3.496913328883181037e-03 -3.620947151699915444e-03 1.970683000909618718e-03
-2.865491470260211697e-04 7.168246345832083970e-03 5.188432799030659112e-03
6.154523339618715380e-03 -1.025263588456822375e-02 8.351618173644391073e-04
-1.374315443858460661e-02 -5.126668806829779226e-03 -4.256369430957710788e-03
-2.942238503340252262e-02 -4.406031241006514582e-03 6.822916944202772442e-03
-1.375874674420615208e-02 1.466777203471472148e-02 2.477656742103308447e-03
1.026032831667164462e-03 2.251874657945337338e-02 2.264623233823802664e-02
8.875432296093065804e-04 6.163469242405210033e-03 -1.296828695154459213e-02
1.237556940280330926e-02 6.852516836041982508e-03 -9.146707432404482460e-03
1.257445906198622427e-05 3.223571928844840614e-03 7.733740417498282706e-03
-2.509773979323344506e-02 1.537638801357682321e-02 7.742799471345620382e-03
1.822674687569266275e-02 -9.775141252124579239e-03 -1.241893049215623971e-03
-5.113716836657071670e-03 3.681860121580711985e-03 7.883449179249000030e-03
-1.339070788207931059e-02 -3.240580886828765220e-03 -3.692070357005562686e-03
-6.256545587612651754e-03 -7.877605712455814160e-03 -3.948434719595867934e-03
-7.345825622730941737e-03 1.500129419546292371e-02 -1.147893360552477982e-02
