5000
3
0
8.997004302939104e-15
8.997004302939104e-15
8.997004302939104e-15
8.997004302939104e-15
8.997004302939104e-15
8.997004302939104e-15
8.997004302939104e-15
8.997004302939104e-15
8.997004302939104e-15
8.997004302939104e-15
8.997004302939104e-15
8.997004302939104e-15
8.997004302939104e-15
8.997004302939104e-15
8.997004302939104e-15
8.997004302939104e-15
8.997004302939104e-15
8.997004302939104e-15
8.997004302939104e-15
8.997004302939104e-15
8.997004302939104e-15
8.997004302939104e-15
8.997004302939104e-15
8.997004302939104e-15
8.997004302939104e-15
8.997004302939104e-15
8.997004302939104e-15
8.997004302939104e-15
8.997004302939104e-15
8.997004302939104e-15
8.997004302939104e-15
8.997004302939104e-15
8.997004302939104e-15
8.997004302939104e-15
8.997004302939104e-15
8.997004302939104e-15
8.997004302939104e-15
8.997004302939104e-15
8.997004302939104e-15
8.997004302939104e-15
8.997004302939104e-15
8.997004302939104e-15
8.997004302939104e-15
8.997004302939104e-15
8.997004302939104e-15
8.997004302939104e-15
8.997004302939104e-15
8.997004302939104e-15
8.997004302939104e-15
8.997004302939104e-15
8.997004302939104e-15
8.997004302939104e-15
8.997004302939104e-15
8.997004302939104e-15
8.997004302939104e-15
8.997004302939104e-15
8.997004302939104e-15
8.997004302939104e-15
8.997004302939104e-15
8.997004302939104e-15
8.997004302939104e-15
8.997004302939104e-15
8.997004302939104e-15
8.997004302939104e-15
8.997004302939104e-15
8.997004302939104e-15
8.997004302939104e-15
8.997004302939104e-15
8.997004302939104e-15
8.997004302939104e-15
8.997004302939104e-15
8.997004302939104e-15
8.997004302939104e-15
8.997004302939104e-15
8.997004302939104e-15
8.997004302939104e-15
8.997004302939104e-15
8.997004302939104e-15
8.997004302939104e-15
8.997004302939104e-15
8.997004302939104e-15
8.997004302939104e-15
8.997004302939104e-15
8.997004302939104e-15
8.997004302939104e-15
8.997004302939104e-15
8.997004302939104e-15
8.997004302939104e-15
8.997004302939104e-15
8.997004302939104e-15
8.997004302939104e-15
8.997004302939104e-15
8.997004302939104e-15
8.997004302939104e-15
8.997004302939104e-15
8.997004302939104e-15
8.997004302939104e-15
8.997004302939104e-15
8.997004302939104e-15
8.997004302939104e-15
8.997004302939104e-15
8.997004302939104e-15
8.997004302939104e-15
8.997004302939104e-15
8.997004302939104e-15
8.997004302939104e-15
8.997004302939104e-15
8.997004302939104e-15
8.997004302939104e-15
8.997004302939104e-15
8.997004302939104e-15
8.997004302939104e-15
8.997004302939104e-15
8.997004302939104e-15
8.997004302939104e-15
8.997004302939104e-15
8.997004302939104e-15
8.997004302939104e-15
8.997004302939104e-15
8.997004302939104e-15
8.997004302939104e-15
8.997004302939104e-15
8.997004302939104e-15
8.997004302939104e-15
8.997004302939104e-15
8.997004302939104e-15
8.997004302939104e-15
8.997004302939104e-15
8.997004302939104e-15
8.997004302939104e-15
8.997004302939104e-15
8.997004302939104e-15
8.997004302939104e-15
8.997004302939104e-15
8.997004302939104e-15
8.997004302939104e-15
8.997004302939104e-15
8.997004302939104e-15
8.997004302939104e-15
8.997004302939104e-15
8.997004302939104e-15
8.997004302939104e-15
8.997004302939104e-15
8.997004302939104e-15
8.997004302939104e-15
8.997004302939104e-15
8.997004302939104e-15
8.997004302939104e-15
8.997004302939104e-15
8.997004302939104e-15
8.997004302939104e-15
8.997004302939104e-15
8.997004302939104e-15
8.997004302939104e-15
8.997004302939104e-15
8.997004302939104e-15
8.997004302939104e-15
8.997004302939104e-15
8.997004302939104e-15
8.997004302939104e-15
8.997004302939104e-15
8.997004302939104e-15
8.997004302939104e-15
8.997004302939104e-15
8.997004302939104e-15
8.997004302939104e-15
8.997004302939104e-15
8.997004302939104e-15
8.997004302939104e-15
8.997004302939104e-15
8.997004302939104e-15
8.997004302939104e-15
8.997004302939104e-15
8.997004302939104e-15
8.997004302939104e-15
8.997004302939104e-15
8.997004302939104e-15
8.997004302939104e-15
8.997004302939104e-15
8.997004302939104e-15
8.997004302939104e-15
8.997004302939104e-15
8.997004302939104e-15
8.997004302939104e-15
8.997004302939104e-15
8.997004302939104e-15
8.997004302939104e-15
8.997004302939104e-15
8.997004302939104e-15
8.997004302939104e-15
8.997004302939104e-15
8.997004302939104e-15
8.997004302939104e-15
8.997004302939104e-15
8.997004302939104e-15
8.997004302939104e-15
8.997004302939104e-15
8.997004302939104e-15
8.997004302939104e-15
8.997004302939104e-15
8.997004302939104e-15
8.997004302939104e-15
8.997004302939104e-15
8.997004302939104e-15
8.997004302939104e-15
8.997004302939104e-15
8.997004302939104e-15
8.997004302939104e-15
8.997004302939104e-15
8.997004302939104e-15
8.997004302939104e-15
8.997004302939104e-15
8.997004302939104e-15
8.997004302939104e-15
8.997004302939104e-15
8.997004302939104e-15
8.997004302939104e-15
8.997004302939104e-15
8.997004302939104e-15
8.997004302939104e-15
8.997004302939104e-15
8.997004302939104e-15
8.997004302939104e-15
8.997004302939104e-15
8.997004302939104e-15
8.997004302939104e-15
8.997004302939104e-15
8.997004302939104e-15
8.997004302939104e-15
8.997004302939104e-15
8.997004302939104e-15
8.997004302939104e-15
8.997004302939104e-15
8.997004302939104e-15
8.997004302939104e-15
8.997004302939104e-15
8.997004302939104e-15
8.997004302939104e-15
8.997004302939104e-15
8.997004302939104e-15
8.997004302939104e-15
8.997004302939104e-15
8.997004302939104e-15
8.997004302939104e-15
8.997004302939104e-15
8.997004302939104e-15
8.997004302939104e-15
8.997004302939104e-15
8.997004302939104e-15
8.997004302939104e-15
8.997004302939104e-15
8.997004302939104e-15
8.997004302939104e-15
8.997004302939104e-15
8.997004302939104e-15
8.997004302939104e-15
8.997004302939104e-15
8.997004302939104e-15
8.997004302939104e-15
8.997004302939104e-15
8.997004302939104e-15
8.997004302939104e-15
8.997004302939104e-15
8.997004302939104e-15
8.997004302939104e-15
8.997004302939104e-15
8.997004302939104e-15
8.997004302939104e-15
8.997004302939104e-15
8.997004302939104e-15
8.997004302939104e-15
8.997004302939104e-15
8.997004302939104e-15
8.997004302939104e-15
8.997004302939104e-15
8.997004302939104e-15
8.997004302939104e-15
8.997004302939104e-15
8.997004302939104e-15
8.997004302939104e-15
8.997004302939104e-15
8.997004302939104e-15
8.997004302939104e-15
8.997004302939104e-15
8.997004302939104e-15
8.997004302939104e-15
8.997004302939104e-15
8.997004302939104e-15
8.997004302939104e-15
8.997004302939104e-15
8.997004302939104e-15
8.997004302939104e-15
8.997004302939104e-15
8.997004302939104e-15
8.997004302939104e-15
8.997004302939104e-15
8.997004302939104e-15
8.997004302939104e-15
8.997004302939104e-15
8.997004302939104e-15
8.997004302939104e-15
8.997004302939104e-15
8.997004302939104e-15
8.997004302939104e-15
8.997004302939104e-15
8.997004302939104e-15
8.997004302939104e-15
8.997004302939104e-15
8.997004302939104e-15
8.997004302939104e-15
8.997004302939104e-15
8.997004302939104e-15
8.997004302939104e-15
8.997004302939104e-15
8.997004302939104e-15
8.997004302939104e-15
8.997004302939104e-15
8.997004302939104e-15
8.997004302939104e-15
8.997004302939104e-15
8.997004302939104e-15
8.997004302939104e-15
8.997004302939104e-15
8.997004302939104e-15
8.997004302939104e-15
8.997004302939104e-15
8.997004302939104e-15
8.997004302939104e-15
8.997004302939104e-15
8.997004302939104e-15
8.997004302939104e-15
8.997004302939104e-15
8.997004302939104e-15
8.997004302939104e-15
8.997004302939104e-15
8.997004302939104e-15
8.997004302939104e-15
8.997004302939104e-15
8.997004302939104e-15
8.997004302939104e-15
8.997004302939104e-15
8.997004302939104e-15
8.997004302939104e-15
8.997004302939104e-15
8.997004302939104e-15
8.997004302939104e-15
8.997004302939104e-15
8.997004302939104e-15
8.997004302939104e-15
8.997004302939104e-15
8.997004302939104e-15
8.997004302939104e-15
8.997004302939104e-15
8.997004302939104e-15
8.997004302939104e-15
8.997004302939104e-15
8.997004302939104e-15
8.997004302939104e-15
8.997004302939104e-15
8.997004302939104e-15
8.997004302939104e-15
8.997004302939104e-15
8.997004302939104e-15
8.997004302939104e-15
8.997004302939104e-15
8.997004302939104e-15
8.997004302939104e-15
8.997004302939104e-15
8.997004302939104e-15
8.997004302939104e-15
8.997004302939104e-15
8.997004302939104e-15
8.997004302939104e-15
8.997004302939104e-15
8.997004302939104e-15
8.997004302939104e-15
8.997004302939104e-15
8.997004302939104e-15
8.997004302939104e-15
8.997004302939104e-15
8.997004302939104e-15
8.997004302939104e-15
8.997004302939104e-15
8.997004302939104e-15
8.997004302939104e-15
8.997004302939104e-15
8.997004302939104e-15
8.997004302939104e-15
8.997004302939104e-15
8.997004302939104e-15
8.997004302939104e-15
8.997004302939104e-15
8.997004302939104e-15
8.997004302939104e-15
8.997004302939104e-15
8.997004302939104e-15
8.997004302939104e-15
8.997004302939104e-15
8.997004302939104e-15
8.997004302939104e-15
8.997004302939104e-15
8.997004302939104e-15
8.997004302939104e-15
8.997004302939104e-15
8.997004302939104e-15
8.997004302939104e-15
8.997004302939104e-15
8.997004302939104e-15
8.997004302939104e-15
8.997004302939104e-15
8.997004302939104e-15
8.997004302939104e-15
8.997004302939104e-15
8.997004302939104e-15
8.997004302939104e-15
8.997004302939104e-15
8.997004302939104e-15
8.997004302939104e-15
8.997004302939104e-15
8.997004302939104e-15
8.997004302939104e-15
8.997004302939104e-15
8.997004302939104e-15
8.997004302939104e-15
8.997004302939104e-15
8.997004302939104e-15
8.997004302939104e-15
8.997004302939104e-15
8.997004302939104e-15
8.997004302939104e-15
8.997004302939104e-15
8.997004302939104e-15
8.997004302939104e-15
8.997004302939104e-15
8.997004302939104e-15
8.997004302939104e-15
8.997004302939104e-15
8.997004302939104e-15
8.997004302939104e-15
8.997004302939104e-15
8.997004302939104e-15
8.997004302939104e-15
8.997004302939104e-15
8.997004302939104e-15
8.997004302939104e-15
8.997004302939104e-15
8.997004302939104e-15
8.997004302939104e-15
8.997004302939104e-15
8.997004302939104e-15
8.997004302939104e-15
8.997004302939104e-15
8.997004302939104e-15
8.997004302939104e-15
8.997004302939104e-15
8.997004302939104e-15
8.997004302939104e-15
8.997004302939104e-15
8.997004302939104e-15
8.997004302939104e-15
8.997004302939104e-15
8.997004302939104e-15
8.997004302939104e-15
8.997004302939104e-15
8.997004302939104e-15
8.997004302939104e-15
8.997004302939104e-15
8.997004302939104e-15
8.997004302939104e-15
8.997004302939104e-15
8.997004302939104e-15
8.997004302939104e-15
8.997004302939104e-15
8.997004302939104e-15
8.997004302939104e-15
8.997004302939104e-15
8.997004302939104e-15
8.997004302939104e-15
8.997004302939104e-15
8.997004302939104e-15
8.997004302939104e-15
8.997004302939104e-15
8.997004302939104e-15
8.997004302939104e-15
8.997004302939104e-15
8.997004302939104e-15
8.997004302939104e-15
8.997004302939104e-15
8.997004302939104e-15
8.997004302939104e-15
8.997004302939104e-15
8.997004302939104e-15
8.997004302939104e-15
8.997004302939104e-15
8.997004302939104e-15
8.997004302939104e-15
8.997004302939104e-15
8.997004302939104e-15
8.997004302939104e-15
8.997004302939104e-15
8.997004302939104e-15
8.997004302939104e-15
8.997004302939104e-15
8.997004302939104e-15
8.997004302939104e-15
8.997004302939104e-15
8.997004302939104e-15
8.997004302939104e-15
8.997004302939104e-15
8.997004302939104e-15
8.997004302939104e-15
8.997004302939104e-15
8.997004302939104e-15
8.997004302939104e-15
8.997004302939104e-15
8.997004302939104e-15
8.997004302939104e-15
8.997004302939104e-15
8.997004302939104e-15
8.997004302939104e-15
8.997004302939104e-15
8.997004302939104e-15
8.997004302939104e-15
8.997004302939104e-15
8.997004302939104e-15
8.997004302939104e-15
8.997004302939104e-15
8.997004302939104e-15
8.997004302939104e-15
8.997004302939104e-15
8.997004302939104e-15
8.997004302939104e-15
8.997004302939104e-15
8.997004302939104e-15
8.997004302939104e-15
8.997004302939104e-15
8.997004302939104e-15
8.997004302939104e-15
8.997004302939104e-15
8.997004302939104e-15
8.997004302939104e-15
8.997004302939104e-15
8.997004302939104e-15
8.997004302939104e-15
8.997004302939104e-15
8.997004302939104e-15
8.997004302939104e-15
8.997004302939104e-15
8.997004302939104e-15
8.997004302939104e-15
8.997004302939104e-15
8.997004302939104e-15
8.997004302939104e-15
8.997004302939104e-15
8.997004302939104e-15
8.997004302939104e-15
8.997004302939104e-15
8.997004302939104e-15
8.997004302939104e-15
8.997004302939104e-15
8.997004302939104e-15
8.997004302939104e-15
8.997004302939104e-15
8.997004302939104e-15
8.997004302939104e-15
8.997004302939104e-15
8.997004302939104e-15
8.997004302939104e-15
8.997004302939104e-15
8.997004302939104e-15
8.997004302939104e-15
8.997004302939104e-15
8.997004302939104e-15
8.997004302939104e-15
8.997004302939104e-15
8.997004302939104e-15
8.997004302939104e-15
8.997004302939104e-15
8.997004302939104e-15
8.997004302939104e-15
8.997004302939104e-15
8.997004302939104e-15
8.997004302939104e-15
8.997004302939104e-15
8.997004302939104e-15
8.997004302939104e-15
8.997004302939104e-15
8.997004302939104e-15
8.997004302939104e-15
8.997004302939104e-15
8.997004302939104e-15
8.997004302939104e-15
8.997004302939104e-15
8.997004302939104e-15
8.997004302939104e-15
8.997004302939104e-15
8.997004302939104e-15
8.997004302939104e-15
8.997004302939104e-15
8.997004302939104e-15
8.997004302939104e-15
8.997004302939104e-15
8.997004302939104e-15
8.997004302939104e-15
8.997004302939104e-15
8.997004302939104e-15
8.997004302939104e-15
8.997004302939104e-15
8.997004302939104e-15
8.997004302939104e-15
8.997004302939104e-15
8.997004302939104e-15
8.997004302939104e-15
8.997004302939104e-15
8.997004302939104e-15
8.997004302939104e-15
8.997004302939104e-15
8.997004302939104e-15
8.997004302939104e-15
8.997004302939104e-15
8.997004302939104e-15
8.997004302939104e-15
8.997004302939104e-15
8.997004302939104e-15
8.997004302939104e-15
8.997004302939104e-15
8.997004302939104e-15
8.997004302939104e-15
8.997004302939104e-15
8.997004302939104e-15
8.997004302939104e-15
8.997004302939104e-15
8.997004302939104e-15
8.997004302939104e-15
8.997004302939104e-15
8.997004302939104e-15
8.997004302939104e-15
8.997004302939104e-15
8.997004302939104e-15
8.997004302939104e-15
8.997004302939104e-15
8.997004302939104e-15
8.997004302939104e-15
8.997004302939104e-15
8.997004302939104e-15
8.997004302939104e-15
8.997004302939104e-15
8.997004302939104e-15
8.997004302939104e-15
8.997004302939104e-15
8.997004302939104e-15
8.997004302939104e-15
8.997004302939104e-15
8.997004302939104e-15
8.997004302939104e-15
8.997004302939104e-15
8.997004302939104e-15
8.997004302939104e-15
8.997004302939104e-15
8.997004302939104e-15
8.997004302939104e-15
8.997004302939104e-15
8.997004302939104e-15
8.997004302939104e-15
8.997004302939104e-15
8.997004302939104e-15
8.997004302939104e-15
8.997004302939104e-15
8.997004302939104e-15
8.997004302939104e-15
8.997004302939104e-15
8.997004302939104e-15
8.997004302939104e-15
8.997004302939104e-15
8.997004302939104e-15
8.997004302939104e-15
8.997004302939104e-15
8.997004302939104e-15
8.997004302939104e-15
8.997004302939104e-15
8.997004302939104e-15
8.997004302939104e-15
8.997004302939104e-15
8.997004302939104e-15
8.997004302939104e-15
8.997004302939104e-15
8.997004302939104e-15
8.997004302939104e-15
8.997004302939104e-15
8.997004302939104e-15
8.997004302939104e-15
8.997004302939104e-15
8.997004302939104e-15
8.997004302939104e-15
8.997004302939104e-15
8.997004302939104e-15
8.997004302939104e-15
8.997004302939104e-15
8.997004302939104e-15
8.997004302939104e-15
8.997004302939104e-15
8.997004302939104e-15
8.997004302939104e-15
8.997004302939104e-15
8.997004302939104e-15
8.997004302939104e-15
8.997004302939104e-15
8.997004302939104e-15
8.997004302939104e-15
8.997004302939104e-15
8.997004302939104e-15
8.997004302939104e-15
8.997004302939104e-15
8.997004302939104e-15
8.997004302939104e-15
8.997004302939104e-15
8.997004302939104e-15
8.997004302939104e-15
8.997004302939104e-15
8.997004302939104e-15
8.997004302939104e-15
8.997004302939104e-15
8.997004302939104e-15
8.997004302939104e-15
8.997004302939104e-15
8.997004302939104e-15
8.997004302939104e-15
8.997004302939104e-15
8.997004302939104e-15
8.997004302939104e-15
8.997004302939104e-15
8.997004302939104e-15
8.997004302939104e-15
8.997004302939104e-15
8.997004302939104e-15
8.997004302939104e-15
8.997004302939104e-15
8.997004302939104e-15
8.997004302939104e-15
8.997004302939104e-15
8.997004302939104e-15
8.997004302939104e-15
8.997004302939104e-15
8.997004302939104e-15
8.997004302939104e-15
8.997004302939104e-15
8.997004302939104e-15
8.997004302939104e-15
8.997004302939104e-15
8.997004302939104e-15
8.997004302939104e-15
8.997004302939104e-15
8.997004302939104e-15
8.997004302939104e-15
8.997004302939104e-15
8.997004302939104e-15
8.997004302939104e-15
8.997004302939104e-15
8.997004302939104e-15
8.997004302939104e-15
8.997004302939104e-15
8.997004302939104e-15
8.997004302939104e-15
8.997004302939104e-15
8.997004302939104e-15
8.997004302939104e-15
8.997004302939104e-15
8.997004302939104e-15
8.997004302939104e-15
8.997004302939104e-15
8.997004302939104e-15
8.997004302939104e-15
8.997004302939104e-15
8.997004302939104e-15
8.997004302939104e-15
8.997004302939104e-15
8.997004302939104e-15
8.997004302939104e-15
8.997004302939104e-15
8.997004302939104e-15
8.997004302939104e-15
8.997004302939104e-15
8.997004302939104e-15
8.997004302939104e-15
8.997004302939104e-15
8.997004302939104e-15
8.997004302939104e-15
8.997004302939104e-15
8.997004302939104e-15
8.997004302939104e-15
8.997004302939104e-15
8.997004302939104e-15
8.997004302939104e-15
8.997004302939104e-15
8.997004302939104e-15
8.997004302939104e-15
8.997004302939104e-15
8.997004302939104e-15
8.997004302939104e-15
8.997004302939104e-15
8.997004302939104e-15
8.997004302939104e-15
8.997004302939104e-15
8.997004302939104e-15
8.997004302939104e-15
8.997004302939104e-15
8.997004302939104e-15
8.997004302939104e-15
8.997004302939104e-15
8.997004302939104e-15
8.997004302939104e-15
8.997004302939104e-15
8.997004302939104e-15
8.997004302939104e-15
8.997004302939104e-15
8.997004302939104e-15
8.997004302939104e-15
8.997004302939104e-15
8.997004302939104e-15
8.997004302939104e-15
8.997004302939104e-15
8.997004302939104e-15
8.997004302939104e-15
8.997004302939104e-15
8.997004302939104e-15
8.997004302939104e-15
8.997004302939104e-15
8.997004302939104e-15
8.997004302939104e-15
8.997004302939104e-15
8.997004302939104e-15
8.997004302939104e-15
8.997004302939104e-15
8.997004302939104e-15
8.997004302939104e-15
8.997004302939104e-15
8.997004302939104e-15
8.997004302939104e-15
8.997004302939104e-15
8.997004302939104e-15
8.997004302939104e-15
8.997004302939104e-15
8.997004302939104e-15
8.997004302939104e-15
8.997004302939104e-15
8.997004302939104e-15
8.997004302939104e-15
8.997004302939104e-15
8.997004302939104e-15
8.997004302939104e-15
8.997004302939104e-15
8.997004302939104e-15
8.997004302939104e-15
8.997004302939104e-15
8.997004302939104e-15
8.997004302939104e-15
8.997004302939104e-15
8.997004302939104e-15
8.997004302939104e-15
8.997004302939104e-15
8.997004302939104e-15
8.997004302939104e-15
8.997004302939104e-15
8.997004302939104e-15
8.997004302939104e-15
8.997004302939104e-15
8.997004302939104e-15
8.997004302939104e-15
8.997004302939104e-15
8.997004302939104e-15
8.997004302939104e-15
8.997004302939104e-15
8.997004302939104e-15
8.997004302939104e-15
8.997004302939104e-15
8.997004302939104e-15
8.997004302939104e-15
8.997004302939104e-15
8.997004302939104e-15
8.997004302939104e-15
8.997004302939104e-15
8.997004302939104e-15
8.997004302939104e-15
8.997004302939104e-15
8.997004302939104e-15
8.997004302939104e-15
8.997004302939104e-15
8.997004302939104e-15
8.997004302939104e-15
8.997004302939104e-15
8.997004302939104e-15
8.997004302939104e-15
8.997004302939104e-15
8.997004302939104e-15
8.997004302939104e-15
8.997004302939104e-15
8.997004302939104e-15
8.997004302939104e-15
8.997004302939104e-15
8.997004302939104e-15
8.997004302939104e-15
8.997004302939104e-15
8.997004302939104e-15
8.997004302939104e-15
8.997004302939104e-15
8.997004302939104e-15
8.997004302939104e-15
8.997004302939104e-15
8.997004302939104e-15
8.997004302939104e-15
8.997004302939104e-15
8.997004302939104e-15
8.997004302939104e-15
8.997004302939104e-15
8.997004302939104e-15
8.997004302939104e-15
8.997004302939104e-15
8.997004302939104e-15
8.997004302939104e-15
8.997004302939104e-15
8.997004302939104e-15
8.997004302939104e-15
8.997004302939104e-15
8.997004302939104e-15
8.997004302939104e-15
8.997004302939104e-15
8.997004302939104e-15
8.997004302939104e-15
8.997004302939104e-15
8.997004302939104e-15
8.997004302939104e-15
8.997004302939104e-15
8.997004302939104e-15
8.997004302939104e-15
8.997004302939104e-15
8.997004302939104e-15
8.997004302939104e-15
8.997004302939104e-15
8.997004302939104e-15
8.997004302939104e-15
8.997004302939104e-15
8.997004302939104e-15
8.997004302939104e-15
8.997004302939104e-15
8.997004302939104e-15
8.997004302939104e-15
8.997004302939104e-15
8.997004302939104e-15
8.997004302939104e-15
8.997004302939104e-15
8.997004302939104e-15
8.997004302939104e-15
8.997004302939104e-15
8.997004302939104e-15
8.997004302939104e-15
8.997004302939104e-15
8.997004302939104e-15
8.997004302939104e-15
8.997004302939104e-15
8.997004302939104e-15
8.997004302939104e-15
8.997004302939104e-15
8.997004302939104e-15
8.997004302939104e-15
8.997004302939104e-15
8.997004302939104e-15
8.997004302939104e-15
8.997004302939104e-15
8.997004302939104e-15
8.997004302939104e-15
8.997004302939104e-15
8.997004302939104e-15
8.997004302939104e-15
8.997004302939104e-15
8.997004302939104e-15
8.997004302939104e-15
8.997004302939104e-15
8.997004302939104e-15
8.997004302939104e-15
8.997004302939104e-15
8.997004302939104e-15
8.997004302939104e-15
8.997004302939104e-15
8.997004302939104e-15
8.997004302939104e-15
8.997004302939104e-15
8.997004302939104e-15
8.997004302939104e-15
8.997004302939104e-15
8.997004302939104e-15
8.997004302939104e-15
8.997004302939104e-15
8.997004302939104e-15
8.997004302939104e-15
8.997004302939104e-15
8.997004302939104e-15
8.997004302939104e-15
8.997004302939104e-15
8.997004302939104e-15
8.997004302939104e-15
8.997004302939104e-15
8.997004302939104e-15
8.997004302939104e-15
8.997004302939104e-15
8.997004302939104e-15
8.997004302939104e-15
8.997004302939104e-15
8.997004302939104e-15
8.997004302939104e-15
8.997004302939104e-15
8.997004302939104e-15
8.997004302939104e-15
8.997004302939104e-15
8.997004302939104e-15
8.997004302939104e-15
8.997004302939104e-15
8.997004302939104e-15
8.997004302939104e-15
8.997004302939104e-15
8.997004302939104e-15
8.997004302939104e-15
8.997004302939104e-15
8.997004302939104e-15
8.997004302939104e-15
8.997004302939104e-15
8.997004302939104e-15
8.997004302939104e-15
8.997004302939104e-15
8.997004302939104e-15
8.997004302939104e-15
8.997004302939104e-15
8.997004302939104e-15
8.997004302939104e-15
8.997004302939104e-15
8.997004302939104e-15
8.997004302939104e-15
8.997004302939104e-15
8.997004302939104e-15
8.997004302939104e-15
8.997004302939104e-15
8.997004302939104e-15
8.997004302939104e-15
8.997004302939104e-15
8.997004302939104e-15
8.997004302939104e-15
8.997004302939104e-15
8.997004302939104e-15
8.997004302939104e-15
8.997004302939104e-15
8.997004302939104e-15
8.997004302939104e-15
8.997004302939104e-15
8.997004302939104e-15
8.997004302939104e-15
8.997004302939104e-15
8.997004302939104e-15
8.997004302939104e-15
8.997004302939104e-15
8.997004302939104e-15
8.997004302939104e-15
8.997004302939104e-15
8.997004302939104e-15
8.997004302939104e-15
8.997004302939104e-15
8.997004302939104e-15
8.997004302939104e-15
8.997004302939104e-15
8.997004302939104e-15
8.997004302939104e-15
8.997004302939104e-15
8.997004302939104e-15
8.997004302939104e-15
8.997004302939104e-15
8.997004302939104e-15
8.997004302939104e-15
8.997004302939104e-15
8.997004302939104e-15
8.997004302939104e-15
8.997004302939104e-15
8.997004302939104e-15
8.997004302939104e-15
8.997004302939104e-15
8.997004302939104e-15
8.997004302939104e-15
8.997004302939104e-15
8.997004302939104e-15
8.997004302939104e-15
8.997004302939104e-15
8.997004302939104e-15
8.997004302939104e-15
8.997004302939104e-15
8.997004302939104e-15
8.997004302939104e-15
8.997004302939104e-15
8.997004302939104e-15
8.997004302939104e-15
8.997004302939104e-15
8.997004302939104e-15
8.997004302939104e-15
8.997004302939104e-15
8.997004302939104e-15
8.997004302939104e-15
8.997004302939104e-15
8.997004302939104e-15
8.997004302939104e-15
8.997004302939104e-15
8.997004302939104e-15
8.997004302939104e-15
8.997004302939104e-15
8.997004302939104e-15
8.997004302939104e-15
8.997004302939104e-15
8.997004302939104e-15
8.997004302939104e-15
8.997004302939104e-15
8.997004302939104e-15
8.997004302939104e-15
8.997004302939104e-15
8.997004302939104e-15
8.997004302939104e-15
8.997004302939104e-15
8.997004302939104e-15
8.997004302939104e-15
8.997004302939104e-15
8.997004302939104e-15
8.997004302939104e-15
8.997004302939104e-15
8.997004302939104e-15
8.997004302939104e-15
8.997004302939104e-15
8.997004302939104e-15
8.997004302939104e-15
8.997004302939104e-15
8.997004302939104e-15
8.997004302939104e-15
8.997004302939104e-15
8.997004302939104e-15
8.997004302939104e-15
8.997004302939104e-15
8.997004302939104e-15
8.997004302939104e-15
8.997004302939104e-15
8.997004302939104e-15
8.997004302939104e-15
8.997004302939104e-15
8.997004302939104e-15
8.997004302939104e-15
8.997004302939104e-15
8.997004302939104e-15
8.997004302939104e-15
8.997004302939104e-15
8.997004302939104e-15
8.997004302939104e-15
8.997004302939104e-15
8.997004302939104e-15
8.997004302939104e-15
8.997004302939104e-15
8.997004302939104e-15
8.997004302939104e-15
8.997004302939104e-15
8.997004302939104e-15
8.997004302939104e-15
8.997004302939104e-15
8.997004302939104e-15
8.997004302939104e-15
8.997004302939104e-15
8.997004302939104e-15
8.997004302939104e-15
8.997004302939104e-15
8.997004302939104e-15
8.997004302939104e-15
8.997004302939104e-15
8.997004302939104e-15
8.997004302939104e-15
8.997004302939104e-15
8.997004302939104e-15
8.997004302939104e-15
8.997004302939104e-15
8.997004302939104e-15
8.997004302939104e-15
8.997004302939104e-15
8.997004302939104e-15
8.997004302939104e-15
8.997004302939104e-15
8.997004302939104e-15
8.997004302939104e-15
8.997004302939104e-15
8.997004302939104e-15
8.997004302939104e-15
8.997004302939104e-15
8.997004302939104e-15
8.997004302939104e-15
8.997004302939104e-15
8.997004302939104e-15
8.997004302939104e-15
8.997004302939104e-15
8.997004302939104e-15
8.997004302939104e-15
8.997004302939104e-15
8.997004302939104e-15
8.997004302939104e-15
8.997004302939104e-15
8.997004302939104e-15
8.997004302939104e-15
8.997004302939104e-15
8.997004302939104e-15
8.997004302939104e-15
8.997004302939104e-15
8.997004302939104e-15
8.997004302939104e-15
8.997004302939104e-15
8.997004302939104e-15
8.997004302939104e-15
8.997004302939104e-15
8.997004302939104e-15
8.997004302939104e-15
8.997004302939104e-15
8.997004302939104e-15
8.997004302939104e-15
8.997004302939104e-15
8.997004302939104e-15
8.997004302939104e-15
8.997004302939104e-15
8.997004302939104e-15
8.997004302939104e-15
8.997004302939104e-15
8.997004302939104e-15
8.997004302939104e-15
8.997004302939104e-15
8.997004302939104e-15
8.997004302939104e-15
8.997004302939104e-15
8.997004302939104e-15
8.997004302939104e-15
8.997004302939104e-15
8.997004302939104e-15
8.997004302939104e-15
8.997004302939104e-15
8.997004302939104e-15
8.997004302939104e-15
8.997004302939104e-15
8.997004302939104e-15
8.997004302939104e-15
8.997004302939104e-15
8.997004302939104e-15
8.997004302939104e-15
8.997004302939104e-15
8.997004302939104e-15
8.997004302939104e-15
8.997004302939104e-15
8.997004302939104e-15
8.997004302939104e-15
8.997004302939104e-15
8.997004302939104e-15
8.997004302939104e-15
8.997004302939104e-15
8.997004302939104e-15
8.997004302939104e-15
8.997004302939104e-15
8.997004302939104e-15
8.997004302939104e-15
8.997004302939104e-15
8.997004302939104e-15
8.997004302939104e-15
8.997004302939104e-15
8.997004302939104e-15
8.997004302939104e-15
8.997004302939104e-15
8.997004302939104e-15
8.997004302939104e-15
8.997004302939104e-15
8.997004302939104e-15
8.997004302939104e-15
8.997004302939104e-15
8.997004302939104e-15
8.997004302939104e-15
8.997004302939104e-15
8.997004302939104e-15
8.997004302939104e-15
8.997004302939104e-15
8.997004302939104e-15
8.997004302939104e-15
8.997004302939104e-15
8.997004302939104e-15
8.997004302939104e-15
8.997004302939104e-15
8.997004302939104e-15
8.997004302939104e-15
8.997004302939104e-15
8.997004302939104e-15
8.997004302939104e-15
8.997004302939104e-15
8.997004302939104e-15
8.997004302939104e-15
8.997004302939104e-15
8.997004302939104e-15
8.997004302939104e-15
8.997004302939104e-15
8.997004302939104e-15
8.997004302939104e-15
8.997004302939104e-15
8.997004302939104e-15
8.997004302939104e-15
8.997004302939104e-15
8.997004302939104e-15
8.997004302939104e-15
8.997004302939104e-15
8.997004302939104e-15
8.997004302939104e-15
8.997004302939104e-15
8.997004302939104e-15
8.997004302939104e-15
8.997004302939104e-15
8.997004302939104e-15
8.997004302939104e-15
8.997004302939104e-15
8.997004302939104e-15
8.997004302939104e-15
8.997004302939104e-15
8.997004302939104e-15
8.997004302939104e-15
8.997004302939104e-15
8.997004302939104e-15
8.997004302939104e-15
8.997004302939104e-15
8.997004302939104e-15
8.997004302939104e-15
8.997004302939104e-15
8.997004302939104e-15
8.997004302939104e-15
8.997004302939104e-15
8.997004302939104e-15
8.997004302939104e-15
8.997004302939104e-15
8.997004302939104e-15
8.997004302939104e-15
8.997004302939104e-15
8.997004302939104e-15
8.997004302939104e-15
8.997004302939104e-15
8.997004302939104e-15
8.997004302939104e-15
8.997004302939104e-15
8.997004302939104e-15
8.997004302939104e-15
8.997004302939104e-15
8.997004302939104e-15
8.997004302939104e-15
8.997004302939104e-15
8.997004302939104e-15
8.997004302939104e-15
8.997004302939104e-15
8.997004302939104e-15
8.997004302939104e-15
8.997004302939104e-15
8.997004302939104e-15
8.997004302939104e-15
8.997004302939104e-15
8.997004302939104e-15
8.997004302939104e-15
8.997004302939104e-15
8.997004302939104e-15
8.997004302939104e-15
8.997004302939104e-15
8.997004302939104e-15
8.997004302939104e-15
8.997004302939104e-15
8.997004302939104e-15
8.997004302939104e-15
8.997004302939104e-15
8.997004302939104e-15
8.997004302939104e-15
8.997004302939104e-15
8.997004302939104e-15
8.997004302939104e-15
8.997004302939104e-15
8.997004302939104e-15
8.997004302939104e-15
8.997004302939104e-15
8.997004302939104e-15
8.997004302939104e-15
8.997004302939104e-15
8.997004302939104e-15
8.997004302939104e-15
8.997004302939104e-15
8.997004302939104e-15
8.997004302939104e-15
8.997004302939104e-15
8.997004302939104e-15
8.997004302939104e-15
8.997004302939104e-15
8.997004302939104e-15
8.997004302939104e-15
8.997004302939104e-15
8.997004302939104e-15
8.997004302939104e-15
8.997004302939104e-15
8.997004302939104e-15
8.997004302939104e-15
8.997004302939104e-15
8.997004302939104e-15
8.997004302939104e-15
8.997004302939104e-15
8.997004302939104e-15
8.997004302939104e-15
8.997004302939104e-15
8.997004302939104e-15
8.997004302939104e-15
8.997004302939104e-15
8.997004302939104e-15
8.997004302939104e-15
8.997004302939104e-15
8.997004302939104e-15
8.997004302939104e-15
8.997004302939104e-15
8.997004302939104e-15
8.997004302939104e-15
8.997004302939104e-15
8.997004302939104e-15
8.997004302939104e-15
8.997004302939104e-15
8.997004302939104e-15
8.997004302939104e-15
8.997004302939104e-15
8.997004302939104e-15
8.997004302939104e-15
8.997004302939104e-15
8.997004302939104e-15
8.997004302939104e-15
8.997004302939104e-15
8.997004302939104e-15
8.997004302939104e-15
8.997004302939104e-15
8.997004302939104e-15
8.997004302939104e-15
8.997004302939104e-15
8.997004302939104e-15
8.997004302939104e-15
8.997004302939104e-15
8.997004302939104e-15
8.997004302939104e-15
8.997004302939104e-15
8.997004302939104e-15
8.997004302939104e-15
8.997004302939104e-15
8.997004302939104e-15
8.997004302939104e-15
8.997004302939104e-15
8.997004302939104e-15
8.997004302939104e-15
8.997004302939104e-15
8.997004302939104e-15
8.997004302939104e-15
8.997004302939104e-15
8.997004302939104e-15
8.997004302939104e-15
8.997004302939104e-15
8.997004302939104e-15
8.997004302939104e-15
8.997004302939104e-15
8.997004302939104e-15
8.997004302939104e-15
8.997004302939104e-15
8.997004302939104e-15
8.997004302939104e-15
8.997004302939104e-15
8.997004302939104e-15
8.997004302939104e-15
8.997004302939104e-15
8.997004302939104e-15
8.997004302939104e-15
8.997004302939104e-15
8.997004302939104e-15
8.997004302939104e-15
8.997004302939104e-15
8.997004302939104e-15
8.997004302939104e-15
8.997004302939104e-15
8.997004302939104e-15
8.997004302939104e-15
8.997004302939104e-15
8.997004302939104e-15
8.997004302939104e-15
8.997004302939104e-15
8.997004302939104e-15
8.997004302939104e-15
8.997004302939104e-15
8.997004302939104e-15
8.997004302939104e-15
8.997004302939104e-15
8.997004302939104e-15
8.997004302939104e-15
8.997004302939104e-15
8.997004302939104e-15
8.997004302939104e-15
8.997004302939104e-15
8.997004302939104e-15
8.997004302939104e-15
8.997004302939104e-15
8.997004302939104e-15
8.997004302939104e-15
8.997004302939104e-15
8.997004302939104e-15
8.997004302939104e-15
8.997004302939104e-15
8.997004302939104e-15
8.997004302939104e-15
8.997004302939104e-15
8.997004302939104e-15
8.997004302939104e-15
8.997004302939104e-15
8.997004302939104e-15
8.997004302939104e-15
8.997004302939104e-15
8.997004302939104e-15
8.997004302939104e-15
8.997004302939104e-15
8.997004302939104e-15
8.997004302939104e-15
8.997004302939104e-15
8.997004302939104e-15
8.997004302939104e-15
8.997004302939104e-15
8.997004302939104e-15
8.997004302939104e-15
8.997004302939104e-15
8.997004302939104e-15
8.997004302939104e-15
8.997004302939104e-15
8.997004302939104e-15
8.997004302939104e-15
8.997004302939104e-15
8.997004302939104e-15
8.997004302939104e-15
8.997004302939104e-15
8.997004302939104e-15
8.997004302939104e-15
8.997004302939104e-15
8.997004302939104e-15
8.997004302939104e-15
8.997004302939104e-15
8.997004302939104e-15
8.997004302939104e-15
8.997004302939104e-15
8.997004302939104e-15
8.997004302939104e-15
8.997004302939104e-15
8.997004302939104e-15
8.997004302939104e-15
8.997004302939104e-15
8.997004302939104e-15
8.997004302939104e-15
8.997004302939104e-15
8.997004302939104e-15
8.997004302939104e-15
8.997004302939104e-15
8.997004302939104e-15
8.997004302939104e-15
8.997004302939104e-15
8.997004302939104e-15
8.997004302939104e-15
8.997004302939104e-15
8.997004302939104e-15
8.997004302939104e-15
8.997004302939104e-15
8.997004302939104e-15
8.997004302939104e-15
8.997004302939104e-15
8.997004302939104e-15
8.997004302939104e-15
8.997004302939104e-15
8.997004302939104e-15
8.997004302939104e-15
8.997004302939104e-15
8.997004302939104e-15
8.997004302939104e-15
8.997004302939104e-15
8.997004302939104e-15
8.997004302939104e-15
8.997004302939104e-15
8.997004302939104e-15
8.997004302939104e-15
8.997004302939104e-15
8.997004302939104e-15
8.997004302939104e-15
8.997004302939104e-15
8.997004302939104e-15
8.997004302939104e-15
8.997004302939104e-15
8.997004302939104e-15
8.997004302939104e-15
8.997004302939104e-15
8.997004302939104e-15
8.997004302939104e-15
8.997004302939104e-15
8.997004302939104e-15
8.997004302939104e-15
8.997004302939104e-15
8.997004302939104e-15
8.997004302939104e-15
8.997004302939104e-15
8.997004302939104e-15
8.997004302939104e-15
8.997004302939104e-15
8.997004302939104e-15
8.997004302939104e-15
8.997004302939104e-15
8.997004302939104e-15
8.997004302939104e-15
8.997004302939104e-15
8.997004302939104e-15
8.997004302939104e-15
8.997004302939104e-15
8.997004302939104e-15
8.997004302939104e-15
8.997004302939104e-15
8.997004302939104e-15
8.997004302939104e-15
8.997004302939104e-15
8.997004302939104e-15
8.997004302939104e-15
8.997004302939104e-15
8.997004302939104e-15
8.997004302939104e-15
8.997004302939104e-15
8.997004302939104e-15
8.997004302939104e-15
8.997004302939104e-15
8.997004302939104e-15
8.997004302939104e-15
8.997004302939104e-15
8.997004302939104e-15
8.997004302939104e-15
8.997004302939104e-15
8.997004302939104e-15
8.997004302939104e-15
8.997004302939104e-15
8.997004302939104e-15
8.997004302939104e-15
8.997004302939104e-15
8.997004302939104e-15
8.997004302939104e-15
8.997004302939104e-15
8.997004302939104e-15
8.997004302939104e-15
8.997004302939104e-15
8.997004302939104e-15
8.997004302939104e-15
8.997004302939104e-15
8.997004302939104e-15
8.997004302939104e-15
8.997004302939104e-15
8.997004302939104e-15
8.997004302939104e-15
8.997004302939104e-15
8.997004302939104e-15
8.997004302939104e-15
8.997004302939104e-15
8.997004302939104e-15
8.997004302939104e-15
8.997004302939104e-15
8.997004302939104e-15
8.997004302939104e-15
8.997004302939104e-15
8.997004302939104e-15
8.997004302939104e-15
8.997004302939104e-15
8.997004302939104e-15
8.997004302939104e-15
8.997004302939104e-15
8.997004302939104e-15
8.997004302939104e-15
8.997004302939104e-15
8.997004302939104e-15
8.997004302939104e-15
8.997004302939104e-15
8.997004302939104e-15
8.997004302939104e-15
8.997004302939104e-15
8.997004302939104e-15
8.997004302939104e-15
8.997004302939104e-15
8.997004302939104e-15
8.997004302939104e-15
8.997004302939104e-15
8.997004302939104e-15
8.997004302939104e-15
8.997004302939104e-15
8.997004302939104e-15
8.997004302939104e-15
8.997004302939104e-15
8.997004302939104e-15
8.997004302939104e-15
8.997004302939104e-15
8.997004302939104e-15
8.997004302939104e-15
8.997004302939104e-15
8.997004302939104e-15
8.997004302939104e-15
8.997004302939104e-15
8.997004302939104e-15
8.997004302939104e-15
8.997004302939104e-15
8.997004302939104e-15
8.997004302939104e-15
8.997004302939104e-15
8.997004302939104e-15
8.997004302939104e-15
8.997004302939104e-15
8.997004302939104e-15
8.997004302939104e-15
8.997004302939104e-15
8.997004302939104e-15
8.997004302939104e-15
8.997004302939104e-15
8.997004302939104e-15
8.997004302939104e-15
8.997004302939104e-15
8.997004302939104e-15
8.997004302939104e-15
8.997004302939104e-15
8.997004302939104e-15
8.997004302939104e-15
8.997004302939104e-15
8.997004302939104e-15
8.997004302939104e-15
8.997004302939104e-15
8.997004302939104e-15
8.997004302939104e-15
8.997004302939104e-15
8.997004302939104e-15
8.997004302939104e-15
8.997004302939104e-15
8.997004302939104e-15
8.997004302939104e-15
8.997004302939104e-15
8.997004302939104e-15
8.997004302939104e-15
8.997004302939104e-15
8.997004302939104e-15
8.997004302939104e-15
8.997004302939104e-15
8.997004302939104e-15
8.997004302939104e-15
8.997004302939104e-15
8.997004302939104e-15
8.997004302939104e-15
8.997004302939104e-15
8.997004302939104e-15
8.997004302939104e-15
8.997004302939104e-15
8.997004302939104e-15
8.997004302939104e-15
8.997004302939104e-15
8.997004302939104e-15
8.997004302939104e-15
8.997004302939104e-15
8.997004302939104e-15
8.997004302939104e-15
8.997004302939104e-15
8.997004302939104e-15
8.997004302939104e-15
8.997004302939104e-15
8.997004302939104e-15
8.997004302939104e-15
8.997004302939104e-15
8.997004302939104e-15
8.997004302939104e-15
8.997004302939104e-15
8.997004302939104e-15
8.997004302939104e-15
8.997004302939104e-15
8.997004302939104e-15
8.997004302939104e-15
8.997004302939104e-15
8.997004302939104e-15
8.997004302939104e-15
8.997004302939104e-15
8.997004302939104e-15
8.997004302939104e-15
8.997004302939104e-15
8.997004302939104e-15
8.997004302939104e-15
8.997004302939104e-15
8.997004302939104e-15
8.997004302939104e-15
8.997004302939104e-15
8.997004302939104e-15
8.997004302939104e-15
8.997004302939104e-15
8.997004302939104e-15
8.997004302939104e-15
8.997004302939104e-15
8.997004302939104e-15
8.997004302939104e-15
8.997004302939104e-15
8.997004302939104e-15
8.997004302939104e-15
8.997004302939104e-15
8.997004302939104e-15
8.997004302939104e-15
8.997004302939104e-15
8.997004302939104e-15
8.997004302939104e-15
8.997004302939104e-15
8.997004302939104e-15
8.997004302939104e-15
8.997004302939104e-15
8.997004302939104e-15
8.997004302939104e-15
8.997004302939104e-15
8.997004302939104e-15
8.997004302939104e-15
8.997004302939104e-15
8.997004302939104e-15
8.997004302939104e-15
8.997004302939104e-15
8.997004302939104e-15
8.997004302939104e-15
8.997004302939104e-15
8.997004302939104e-15
8.997004302939104e-15
8.997004302939104e-15
8.997004302939104e-15
8.997004302939104e-15
8.997004302939104e-15
8.997004302939104e-15
8.997004302939104e-15
8.997004302939104e-15
8.997004302939104e-15
8.997004302939104e-15
8.997004302939104e-15
8.997004302939104e-15
8.997004302939104e-15
8.997004302939104e-15
8.997004302939104e-15
8.997004302939104e-15
8.997004302939104e-15
8.997004302939104e-15
8.997004302939104e-15
8.997004302939104e-15
8.997004302939104e-15
8.997004302939104e-15
8.997004302939104e-15
8.997004302939104e-15
8.997004302939104e-15
8.997004302939104e-15
8.997004302939104e-15
8.997004302939104e-15
8.997004302939104e-15
8.997004302939104e-15
8.997004302939104e-15
8.997004302939104e-15
8.997004302939104e-15
8.997004302939104e-15
8.997004302939104e-15
8.997004302939104e-15
8.997004302939104e-15
8.997004302939104e-15
8.997004302939104e-15
8.997004302939104e-15
8.997004302939104e-15
8.997004302939104e-15
8.997004302939104e-15
8.997004302939104e-15
8.997004302939104e-15
8.997004302939104e-15
8.997004302939104e-15
8.997004302939104e-15
8.997004302939104e-15
8.997004302939104e-15
8.997004302939104e-15
8.997004302939104e-15
8.997004302939104e-15
8.997004302939104e-15
8.997004302939104e-15
8.997004302939104e-15
8.997004302939104e-15
8.997004302939104e-15
8.997004302939104e-15
8.997004302939104e-15
8.997004302939104e-15
8.997004302939104e-15
8.997004302939104e-15
8.997004302939104e-15
8.997004302939104e-15
8.997004302939104e-15
8.997004302939104e-15
8.997004302939104e-15
8.997004302939104e-15
8.997004302939104e-15
8.997004302939104e-15
8.997004302939104e-15
8.997004302939104e-15
8.997004302939104e-15
8.997004302939104e-15
8.997004302939104e-15
8.997004302939104e-15
8.997004302939104e-15
8.997004302939104e-15
8.997004302939104e-15
8.997004302939104e-15
8.997004302939104e-15
8.997004302939104e-15
8.997004302939104e-15
8.997004302939104e-15
8.997004302939104e-15
8.997004302939104e-15
8.997004302939104e-15
8.997004302939104e-15
8.997004302939104e-15
8.997004302939104e-15
8.997004302939104e-15
8.997004302939104e-15
8.997004302939104e-15
8.997004302939104e-15
8.997004302939104e-15
8.997004302939104e-15
8.997004302939104e-15
8.997004302939104e-15
8.997004302939104e-15
8.997004302939104e-15
8.997004302939104e-15
8.997004302939104e-15
8.997004302939104e-15
8.997004302939104e-15
8.997004302939104e-15
8.997004302939104e-15
8.997004302939104e-15
8.997004302939104e-15
8.997004302939104e-15
8.997004302939104e-15
8.997004302939104e-15
8.997004302939104e-15
8.997004302939104e-15
8.997004302939104e-15
8.997004302939104e-15
8.997004302939104e-15
8.997004302939104e-15
8.997004302939104e-15
8.997004302939104e-15
8.997004302939104e-15
8.997004302939104e-15
8.997004302939104e-15
8.997004302939104e-15
8.997004302939104e-15
8.997004302939104e-15
8.997004302939104e-15
8.997004302939104e-15
8.997004302939104e-15
8.997004302939104e-15
8.997004302939104e-15
8.997004302939104e-15
8.997004302939104e-15
8.997004302939104e-15
8.997004302939104e-15
8.997004302939104e-15
8.997004302939104e-15
8.997004302939104e-15
8.997004302939104e-15
8.997004302939104e-15
8.997004302939104e-15
8.997004302939104e-15
8.997004302939104e-15
8.997004302939104e-15
8.997004302939104e-15
8.997004302939104e-15
8.997004302939104e-15
8.997004302939104e-15
8.997004302939104e-15
8.997004302939104e-15
8.997004302939104e-15
8.997004302939104e-15
8.997004302939104e-15
8.997004302939104e-15
8.997004302939104e-15
8.997004302939104e-15
8.997004302939104e-15
8.997004302939104e-15
8.997004302939104e-15
8.997004302939104e-15
8.997004302939104e-15
8.997004302939104e-15
8.997004302939104e-15
8.997004302939104e-15
8.997004302939104e-15
8.997004302939104e-15
8.997004302939104e-15
8.997004302939104e-15
8.997004302939104e-15
8.997004302939104e-15
8.997004302939104e-15
8.997004302939104e-15
8.997004302939104e-15
8.997004302939104e-15
8.997004302939104e-15
8.997004302939104e-15
8.997004302939104e-15
8.997004302939104e-15
8.997004302939104e-15
8.997004302939104e-15
8.997004302939104e-15
8.997004302939104e-15
8.997004302939104e-15
8.997004302939104e-15
8.997004302939104e-15
8.997004302939104e-15
8.997004302939104e-15
8.997004302939104e-15
8.997004302939104e-15
8.997004302939104e-15
8.997004302939104e-15
8.997004302939104e-15
8.997004302939104e-15
8.997004302939104e-15
8.997004302939104e-15
8.997004302939104e-15
8.997004302939104e-15
8.997004302939104e-15
8.997004302939104e-15
8.997004302939104e-15
8.997004302939104e-15
8.997004302939104e-15
8.997004302939104e-15
8.997004302939104e-15
8.997004302939104e-15
8.997004302939104e-15
8.997004302939104e-15
8.997004302939104e-15
8.997004302939104e-15
8.997004302939104e-15
8.997004302939104e-15
8.997004302939104e-15
8.997004302939104e-15
8.997004302939104e-15
8.997004302939104e-15
8.997004302939104e-15
8.997004302939104e-15
8.997004302939104e-15
8.997004302939104e-15
8.997004302939104e-15
8.997004302939104e-15
8.997004302939104e-15
8.997004302939104e-15
8.997004302939104e-15
8.997004302939104e-15
8.997004302939104e-15
8.997004302939104e-15
8.997004302939104e-15
8.997004302939104e-15
8.997004302939104e-15
8.997004302939104e-15
8.997004302939104e-15
8.997004302939104e-15
8.997004302939104e-15
8.997004302939104e-15
8.997004302939104e-15
8.997004302939104e-15
8.997004302939104e-15
8.997004302939104e-15
8.997004302939104e-15
8.997004302939104e-15
8.997004302939104e-15
8.997004302939104e-15
8.997004302939104e-15
8.997004302939104e-15
8.997004302939104e-15
8.997004302939104e-15
8.997004302939104e-15
8.997004302939104e-15
8.997004302939104e-15
8.997004302939104e-15
8.997004302939104e-15
8.997004302939104e-15
8.997004302939104e-15
8.997004302939104e-15
8.997004302939104e-15
8.997004302939104e-15
8.997004302939104e-15
8.997004302939104e-15
8.997004302939104e-15
8.997004302939104e-15
8.997004302939104e-15
8.997004302939104e-15
8.997004302939104e-15
8.997004302939104e-15
8.997004302939104e-15
8.997004302939104e-15
8.997004302939104e-15
8.997004302939104e-15
8.997004302939104e-15
8.997004302939104e-15
8.997004302939104e-15
8.997004302939104e-15
8.997004302939104e-15
8.997004302939104e-15
8.997004302939104e-15
8.997004302939104e-15
8.997004302939104e-15
8.997004302939104e-15
8.997004302939104e-15
8.997004302939104e-15
8.997004302939104e-15
8.997004302939104e-15
8.997004302939104e-15
8.997004302939104e-15
8.997004302939104e-15
8.997004302939104e-15
8.997004302939104e-15
8.997004302939104e-15
8.997004302939104e-15
8.997004302939104e-15
8.997004302939104e-15
8.997004302939104e-15
8.997004302939104e-15
8.997004302939104e-15
8.997004302939104e-15
8.997004302939104e-15
8.997004302939104e-15
8.997004302939104e-15
8.997004302939104e-15
8.997004302939104e-15
8.997004302939104e-15
8.997004302939104e-15
8.997004302939104e-15
8.997004302939104e-15
8.997004302939104e-15
8.997004302939104e-15
8.997004302939104e-15
8.997004302939104e-15
8.997004302939104e-15
8.997004302939104e-15
8.997004302939104e-15
8.997004302939104e-15
8.997004302939104e-15
8.997004302939104e-15
8.997004302939104e-15
8.997004302939104e-15
8.997004302939104e-15
8.997004302939104e-15
8.997004302939104e-15
8.997004302939104e-15
8.997004302939104e-15
8.997004302939104e-15
8.997004302939104e-15
8.997004302939104e-15
8.997004302939104e-15
8.997004302939104e-15
8.997004302939104e-15
8.997004302939104e-15
8.997004302939104e-15
8.997004302939104e-15
8.997004302939104e-15
8.997004302939104e-15
8.997004302939104e-15
8.997004302939104e-15
8.997004302939104e-15
8.997004302939104e-15
8.997004302939104e-15
8.997004302939104e-15
8.997004302939104e-15
8.997004302939104e-15
8.997004302939104e-15
8.997004302939104e-15
8.997004302939104e-15
8.997004302939104e-15
8.997004302939104e-15
8.997004302939104e-15
8.997004302939104e-15
8.997004302939104e-15
8.997004302939104e-15
8.997004302939104e-15
8.997004302939104e-15
8.997004302939104e-15
8.997004302939104e-15
8.997004302939104e-15
8.997004302939104e-15
8.997004302939104e-15
8.997004302939104e-15
8.997004302939104e-15
8.997004302939104e-15
8.997004302939104e-15
8.997004302939104e-15
8.997004302939104e-15
8.997004302939104e-15
8.997004302939104e-15
8.997004302939104e-15
8.997004302939104e-15
8.997004302939104e-15
8.997004302939104e-15
8.997004302939104e-15
8.997004302939104e-15
8.997004302939104e-15
8.997004302939104e-15
8.997004302939104e-15
8.997004302939104e-15
8.997004302939104e-15
8.997004302939104e-15
8.997004302939104e-15
8.997004302939104e-15
8.997004302939104e-15
8.997004302939104e-15
8.997004302939104e-15
8.997004302939104e-15
8.997004302939104e-15
8.997004302939104e-15
8.997004302939104e-15
8.997004302939104e-15
8.997004302939104e-15
8.997004302939104e-15
8.997004302939104e-15
8.997004302939104e-15
8.997004302939104e-15
8.997004302939104e-15
8.997004302939104e-15
8.997004302939104e-15
8.997004302939104e-15
8.997004302939104e-15
8.997004302939104e-15
8.997004302939104e-15
8.997004302939104e-15
8.997004302939104e-15
8.997004302939104e-15
8.997004302939104e-15
8.997004302939104e-15
8.997004302939104e-15
8.997004302939104e-15
8.997004302939104e-15
8.997004302939104e-15
8.997004302939104e-15
8.997004302939104e-15
8.997004302939104e-15
8.997004302939104e-15
8.997004302939104e-15
8.997004302939104e-15
8.997004302939104e-15
8.997004302939104e-15
8.997004302939104e-15
8.997004302939104e-15
8.997004302939104e-15
8.997004302939104e-15
8.997004302939104e-15
8.997004302939104e-15
8.997004302939104e-15
8.997004302939104e-15
8.997004302939104e-15
8.997004302939104e-15
8.997004302939104e-15
8.997004302939104e-15
8.997004302939104e-15
8.997004302939104e-15
8.997004302939104e-15
8.997004302939104e-15
8.997004302939104e-15
8.997004302939104e-15
8.997004302939104e-15
8.997004302939104e-15
8.997004302939104e-15
8.997004302939104e-15
8.997004302939104e-15
8.997004302939104e-15
8.997004302939104e-15
8.997004302939104e-15
8.997004302939104e-15
8.997004302939104e-15
8.997004302939104e-15
8.997004302939104e-15
8.997004302939104e-15
8.997004302939104e-15
8.997004302939104e-15
8.997004302939104e-15
8.997004302939104e-15
8.997004302939104e-15
8.997004302939104e-15
8.997004302939104e-15
8.997004302939104e-15
8.997004302939104e-15
8.997004302939104e-15
8.997004302939104e-15
8.997004302939104e-15
8.997004302939104e-15
8.997004302939104e-15
8.997004302939104e-15
8.997004302939104e-15
8.997004302939104e-15
8.997004302939104e-15
8.997004302939104e-15
8.997004302939104e-15
8.997004302939104e-15
8.997004302939104e-15
8.997004302939104e-15
8.997004302939104e-15
8.997004302939104e-15
8.997004302939104e-15
8.997004302939104e-15
8.997004302939104e-15
8.997004302939104e-15
8.997004302939104e-15
8.997004302939104e-15
8.997004302939104e-15
8.997004302939104e-15
8.997004302939104e-15
8.997004302939104e-15
8.997004302939104e-15
8.997004302939104e-15
8.997004302939104e-15
8.997004302939104e-15
8.997004302939104e-15
8.997004302939104e-15
8.997004302939104e-15
8.997004302939104e-15
8.997004302939104e-15
8.997004302939104e-15
8.997004302939104e-15
8.997004302939104e-15
8.997004302939104e-15
8.997004302939104e-15
8.997004302939104e-15
8.997004302939104e-15
8.997004302939104e-15
8.997004302939104e-15
8.997004302939104e-15
8.997004302939104e-15
8.997004302939104e-15
8.997004302939104e-15
8.997004302939104e-15
8.997004302939104e-15
8.997004302939104e-15
8.997004302939104e-15
8.997004302939104e-15
8.997004302939104e-15
8.997004302939104e-15
8.997004302939104e-15
8.997004302939104e-15
8.997004302939104e-15
8.997004302939104e-15
8.997004302939104e-15
8.997004302939104e-15
8.997004302939104e-15
8.997004302939104e-15
8.997004302939104e-15
8.997004302939104e-15
8.997004302939104e-15
8.997004302939104e-15
8.997004302939104e-15
8.997004302939104e-15
8.997004302939104e-15
8.997004302939104e-15
8.997004302939104e-15
8.997004302939104e-15
8.997004302939104e-15
8.997004302939104e-15
8.997004302939104e-15
8.997004302939104e-15
8.997004302939104e-15
8.997004302939104e-15
8.997004302939104e-15
8.997004302939104e-15
8.997004302939104e-15
8.997004302939104e-15
8.997004302939104e-15
8.997004302939104e-15
8.997004302939104e-15
8.997004302939104e-15
8.997004302939104e-15
8.997004302939104e-15
8.997004302939104e-15
8.997004302939104e-15
8.997004302939104e-15
8.997004302939104e-15
8.997004302939104e-15
8.997004302939104e-15
8.997004302939104e-15
8.997004302939104e-15
8.997004302939104e-15
8.997004302939104e-15
8.997004302939104e-15
8.997004302939104e-15
8.997004302939104e-15
8.997004302939104e-15
8.997004302939104e-15
8.997004302939104e-15
8.997004302939104e-15
8.997004302939104e-15
8.997004302939104e-15
8.997004302939104e-15
8.997004302939104e-15
8.997004302939104e-15
8.997004302939104e-15
8.997004302939104e-15
8.997004302939104e-15
8.997004302939104e-15
8.997004302939104e-15
8.997004302939104e-15
8.997004302939104e-15
8.997004302939104e-15
8.997004302939104e-15
8.997004302939104e-15
8.997004302939104e-15
8.997004302939104e-15
8.997004302939104e-15
8.997004302939104e-15
8.997004302939104e-15
8.997004302939104e-15
8.997004302939104e-15
8.997004302939104e-15
8.997004302939104e-15
8.997004302939104e-15
8.997004302939104e-15
8.997004302939104e-15
8.997004302939104e-15
8.997004302939104e-15
8.997004302939104e-15
8.997004302939104e-15
8.997004302939104e-15
8.997004302939104e-15
8.997004302939104e-15
8.997004302939104e-15
8.997004302939104e-15
8.997004302939104e-15
8.997004302939104e-15
8.997004302939104e-15
8.997004302939104e-15
8.997004302939104e-15
8.997004302939104e-15
8.997004302939104e-15
8.997004302939104e-15
8.997004302939104e-15
8.997004302939104e-15
8.997004302939104e-15
8.997004302939104e-15
8.997004302939104e-15
8.997004302939104e-15
8.997004302939104e-15
8.997004302939104e-15
8.997004302939104e-15
8.997004302939104e-15
8.997004302939104e-15
8.997004302939104e-15
8.997004302939104e-15
8.997004302939104e-15
8.997004302939104e-15
8.997004302939104e-15
8.997004302939104e-15
8.997004302939104e-15
8.997004302939104e-15
8.997004302939104e-15
8.997004302939104e-15
8.997004302939104e-15
8.997004302939104e-15
8.997004302939104e-15
8.997004302939104e-15
8.997004302939104e-15
8.997004302939104e-15
8.997004302939104e-15
8.997004302939104e-15
8.997004302939104e-15
8.997004302939104e-15
8.997004302939104e-15
8.997004302939104e-15
8.997004302939104e-15
8.997004302939104e-15
8.997004302939104e-15
8.997004302939104e-15
8.997004302939104e-15
8.997004302939104e-15
8.997004302939104e-15
8.997004302939104e-15
8.997004302939104e-15
8.997004302939104e-15
8.997004302939104e-15
8.997004302939104e-15
8.997004302939104e-15
8.997004302939104e-15
8.997004302939104e-15
8.997004302939104e-15
8.997004302939104e-15
8.997004302939104e-15
8.997004302939104e-15
8.997004302939104e-15
8.997004302939104e-15
8.997004302939104e-15
8.997004302939104e-15
8.997004302939104e-15
8.997004302939104e-15
8.997004302939104e-15
8.997004302939104e-15
8.997004302939104e-15
8.997004302939104e-15
8.997004302939104e-15
8.997004302939104e-15
8.997004302939104e-15
8.997004302939104e-15
8.997004302939104e-15
8.997004302939104e-15
8.997004302939104e-15
8.997004302939104e-15
8.997004302939104e-15
8.997004302939104e-15
8.997004302939104e-15
8.997004302939104e-15
8.997004302939104e-15
8.997004302939104e-15
8.997004302939104e-15
8.997004302939104e-15
8.997004302939104e-15
8.997004302939104e-15
8.997004302939104e-15
8.997004302939104e-15
8.997004302939104e-15
8.997004302939104e-15
8.997004302939104e-15
8.997004302939104e-15
8.997004302939104e-15
8.997004302939104e-15
8.997004302939104e-15
8.997004302939104e-15
8.997004302939104e-15
8.997004302939104e-15
8.997004302939104e-15
8.997004302939104e-15
8.997004302939104e-15
8.997004302939104e-15
8.997004302939104e-15
8.997004302939104e-15
8.997004302939104e-15
8.997004302939104e-15
8.997004302939104e-15
8.997004302939104e-15
8.997004302939104e-15
8.997004302939104e-15
8.997004302939104e-15
8.997004302939104e-15
8.997004302939104e-15
8.997004302939104e-15
8.997004302939104e-15
8.997004302939104e-15
8.997004302939104e-15
8.997004302939104e-15
8.997004302939104e-15
8.997004302939104e-15
8.997004302939104e-15
8.997004302939104e-15
8.997004302939104e-15
8.997004302939104e-15
8.997004302939104e-15
8.997004302939104e-15
8.997004302939104e-15
8.997004302939104e-15
8.997004302939104e-15
8.997004302939104e-15
8.997004302939104e-15
8.997004302939104e-15
8.997004302939104e-15
8.997004302939104e-15
8.997004302939104e-15
8.997004302939104e-15
8.997004302939104e-15
8.997004302939104e-15
8.997004302939104e-15
8.997004302939104e-15
8.997004302939104e-15
8.997004302939104e-15
8.997004302939104e-15
8.997004302939104e-15
8.997004302939104e-15
8.997004302939104e-15
8.997004302939104e-15
8.997004302939104e-15
8.997004302939104e-15
8.997004302939104e-15
8.997004302939104e-15
8.997004302939104e-15
8.997004302939104e-15
8.997004302939104e-15
8.997004302939104e-15
8.997004302939104e-15
8.997004302939104e-15
8.997004302939104e-15
8.997004302939104e-15
8.997004302939104e-15
8.997004302939104e-15
8.997004302939104e-15
8.997004302939104e-15
8.997004302939104e-15
8.997004302939104e-15
8.997004302939104e-15
8.997004302939104e-15
8.997004302939104e-15
8.997004302939104e-15
8.997004302939104e-15
8.997004302939104e-15
8.997004302939104e-15
8.997004302939104e-15
8.997004302939104e-15
8.997004302939104e-15
8.997004302939104e-15
8.997004302939104e-15
8.997004302939104e-15
8.997004302939104e-15
8.997004302939104e-15
8.997004302939104e-15
8.997004302939104e-15
8.997004302939104e-15
8.997004302939104e-15
8.997004302939104e-15
8.997004302939104e-15
8.997004302939104e-15
8.997004302939104e-15
8.997004302939104e-15
8.997004302939104e-15
8.997004302939104e-15
8.997004302939104e-15
8.997004302939104e-15
8.997004302939104e-15
8.997004302939104e-15
8.997004302939104e-15
8.997004302939104e-15
8.997004302939104e-15
8.997004302939104e-15
8.997004302939104e-15
8.997004302939104e-15
8.997004302939104e-15
8.997004302939104e-15
8.997004302939104e-15
8.997004302939104e-15
8.997004302939104e-15
8.997004302939104e-15
8.997004302939104e-15
8.997004302939104e-15
8.997004302939104e-15
8.997004302939104e-15
8.997004302939104e-15
8.997004302939104e-15
8.997004302939104e-15
8.997004302939104e-15
8.997004302939104e-15
8.997004302939104e-15
8.997004302939104e-15
8.997004302939104e-15
8.997004302939104e-15
8.997004302939104e-15
8.997004302939104e-15
8.997004302939104e-15
8.997004302939104e-15
8.997004302939104e-15
8.997004302939104e-15
8.997004302939104e-15
8.997004302939104e-15
8.997004302939104e-15
8.997004302939104e-15
8.997004302939104e-15
8.997004302939104e-15
8.997004302939104e-15
8.997004302939104e-15
8.997004302939104e-15
8.997004302939104e-15
8.997004302939104e-15
8.997004302939104e-15
8.997004302939104e-15
8.997004302939104e-15
8.997004302939104e-15
8.997004302939104e-15
8.997004302939104e-15
8.997004302939104e-15
8.997004302939104e-15
8.997004302939104e-15
8.997004302939104e-15
8.997004302939104e-15
8.997004302939104e-15
8.997004302939104e-15
8.997004302939104e-15
8.997004302939104e-15
8.997004302939104e-15
8.997004302939104e-15
8.997004302939104e-15
8.997004302939104e-15
8.997004302939104e-15
8.997004302939104e-15
8.997004302939104e-15
8.997004302939104e-15
8.997004302939104e-15
8.997004302939104e-15
8.997004302939104e-15
8.997004302939104e-15
8.997004302939104e-15
8.997004302939104e-15
8.997004302939104e-15
8.997004302939104e-15
8.997004302939104e-15
8.997004302939104e-15
8.997004302939104e-15
8.997004302939104e-15
8.997004302939104e-15
8.997004302939104e-15
8.997004302939104e-15
8.997004302939104e-15
8.997004302939104e-15
8.997004302939104e-15
8.997004302939104e-15
8.997004302939104e-15
8.997004302939104e-15
8.997004302939104e-15
8.997004302939104e-15
8.997004302939104e-15
8.997004302939104e-15
8.997004302939104e-15
8.997004302939104e-15
8.997004302939104e-15
8.997004302939104e-15
8.997004302939104e-15
8.997004302939104e-15
8.997004302939104e-15
8.997004302939104e-15
8.997004302939104e-15
8.997004302939104e-15
8.997004302939104e-15
8.997004302939104e-15
8.997004302939104e-15
8.997004302939104e-15
8.997004302939104e-15
8.997004302939104e-15
8.997004302939104e-15
8.997004302939104e-15
8.997004302939104e-15
8.997004302939104e-15
8.997004302939104e-15
8.997004302939104e-15
8.997004302939104e-15
8.997004302939104e-15
8.997004302939104e-15
8.997004302939104e-15
8.997004302939104e-15
8.997004302939104e-15
8.997004302939104e-15
8.997004302939104e-15
8.997004302939104e-15
8.997004302939104e-15
8.997004302939104e-15
8.997004302939104e-15
8.997004302939104e-15
8.997004302939104e-15
8.997004302939104e-15
8.997004302939104e-15
8.997004302939104e-15
8.997004302939104e-15
8.997004302939104e-15
8.997004302939104e-15
8.997004302939104e-15
8.997004302939104e-15
8.997004302939104e-15
8.997004302939104e-15
8.997004302939104e-15
8.997004302939104e-15
8.997004302939104e-15
8.997004302939104e-15
8.997004302939104e-15
8.997004302939104e-15
8.997004302939104e-15
8.997004302939104e-15
8.997004302939104e-15
8.997004302939104e-15
8.997004302939104e-15
8.997004302939104e-15
8.997004302939104e-15
8.997004302939104e-15
8.997004302939104e-15
8.997004302939104e-15
8.997004302939104e-15
8.997004302939104e-15
8.997004302939104e-15
8.997004302939104e-15
8.997004302939104e-15
8.997004302939104e-15
8.997004302939104e-15
8.997004302939104e-15
8.997004302939104e-15
8.997004302939104e-15
8.997004302939104e-15
8.997004302939104e-15
8.997004302939104e-15
8.997004302939104e-15
8.997004302939104e-15
8.997004302939104e-15
8.997004302939104e-15
8.997004302939104e-15
8.997004302939104e-15
8.997004302939104e-15
8.997004302939104e-15
8.997004302939104e-15
8.997004302939104e-15
8.997004302939104e-15
8.997004302939104e-15
8.997004302939104e-15
8.997004302939104e-15
8.997004302939104e-15
8.997004302939104e-15
8.997004302939104e-15
8.997004302939104e-15
8.997004302939104e-15
8.997004302939104e-15
8.997004302939104e-15
8.997004302939104e-15
8.997004302939104e-15
8.997004302939104e-15
8.997004302939104e-15
8.997004302939104e-15
8.997004302939104e-15
8.997004302939104e-15
8.997004302939104e-15
8.997004302939104e-15
8.997004302939104e-15
8.997004302939104e-15
8.997004302939104e-15
8.997004302939104e-15
8.997004302939104e-15
8.997004302939104e-15
8.997004302939104e-15
8.997004302939104e-15
8.997004302939104e-15
8.997004302939104e-15
8.997004302939104e-15
8.997004302939104e-15
8.997004302939104e-15
8.997004302939104e-15
8.997004302939104e-15
8.997004302939104e-15
8.997004302939104e-15
8.997004302939104e-15
8.997004302939104e-15
8.997004302939104e-15
8.997004302939104e-15
8.997004302939104e-15
8.997004302939104e-15
8.997004302939104e-15
8.997004302939104e-15
8.997004302939104e-15
8.997004302939104e-15
8.997004302939104e-15
8.997004302939104e-15
8.997004302939104e-15
8.997004302939104e-15
8.997004302939104e-15
8.997004302939104e-15
8.997004302939104e-15
8.997004302939104e-15
8.997004302939104e-15
8.997004302939104e-15
8.997004302939104e-15
8.997004302939104e-15
8.997004302939104e-15
8.997004302939104e-15
8.997004302939104e-15
8.997004302939104e-15
8.997004302939104e-15
8.997004302939104e-15
8.997004302939104e-15
8.997004302939104e-15
8.997004302939104e-15
8.997004302939104e-15
8.997004302939104e-15
8.997004302939104e-15
8.997004302939104e-15
8.997004302939104e-15
8.997004302939104e-15
8.997004302939104e-15
8.997004302939104e-15
8.997004302939104e-15
8.997004302939104e-15
8.997004302939104e-15
8.997004302939104e-15
8.997004302939104e-15
8.997004302939104e-15
8.997004302939104e-15
8.997004302939104e-15
8.997004302939104e-15
8.997004302939104e-15
8.997004302939104e-15
8.997004302939104e-15
8.997004302939104e-15
8.997004302939104e-15
8.997004302939104e-15
8.997004302939104e-15
8.997004302939104e-15
8.997004302939104e-15
8.997004302939104e-15
8.997004302939104e-15
8.997004302939104e-15
8.997004302939104e-15
8.997004302939104e-15
8.997004302939104e-15
8.997004302939104e-15
8.997004302939104e-15
8.997004302939104e-15
8.997004302939104e-15
8.997004302939104e-15
8.997004302939104e-15
8.997004302939104e-15
8.997004302939104e-15
8.997004302939104e-15
8.997004302939104e-15
8.997004302939104e-15
8.997004302939104e-15
8.997004302939104e-15
8.997004302939104e-15
8.997004302939104e-15
8.997004302939104e-15
8.997004302939104e-15
8.997004302939104e-15
8.997004302939104e-15
8.997004302939104e-15
8.997004302939104e-15
8.997004302939104e-15
8.997004302939104e-15
8.997004302939104e-15
8.997004302939104e-15
8.997004302939104e-15
8.997004302939104e-15
8.997004302939104e-15
8.997004302939104e-15
8.997004302939104e-15
8.997004302939104e-15
8.997004302939104e-15
8.997004302939104e-15
8.997004302939104e-15
8.997004302939104e-15
8.997004302939104e-15
8.997004302939104e-15
8.997004302939104e-15
8.997004302939104e-15
8.997004302939104e-15
8.997004302939104e-15
8.997004302939104e-15
8.997004302939104e-15
8.997004302939104e-15
8.997004302939104e-15
8.997004302939104e-15
8.997004302939104e-15
8.997004302939104e-15
8.997004302939104e-15
8.997004302939104e-15
8.997004302939104e-15
8.997004302939104e-15
8.997004302939104e-15
8.997004302939104e-15
8.997004302939104e-15
8.997004302939104e-15
8.997004302939104e-15
8.997004302939104e-15
8.997004302939104e-15
8.997004302939104e-15
8.997004302939104e-15
8.997004302939104e-15
8.997004302939104e-15
8.997004302939104e-15
8.997004302939104e-15
8.997004302939104e-15
8.997004302939104e-15
8.997004302939104e-15
8.997004302939104e-15
8.997004302939104e-15
8.997004302939104e-15
8.997004302939104e-15
8.997004302939104e-15
8.997004302939104e-15
8.997004302939104e-15
8.997004302939104e-15
8.997004302939104e-15
8.997004302939104e-15
8.997004302939104e-15
8.997004302939104e-15
8.997004302939104e-15
8.997004302939104e-15
8.997004302939104e-15
8.997004302939104e-15
8.997004302939104e-15
8.997004302939104e-15
8.997004302939104e-15
8.997004302939104e-15
8.997004302939104e-15
8.997004302939104e-15
8.997004302939104e-15
8.997004302939104e-15
8.997004302939104e-15
8.997004302939104e-15
8.997004302939104e-15
8.997004302939104e-15
8.997004302939104e-15
8.997004302939104e-15
8.997004302939104e-15
8.997004302939104e-15
8.997004302939104e-15
8.997004302939104e-15
8.997004302939104e-15
8.997004302939104e-15
8.997004302939104e-15
8.997004302939104e-15
8.997004302939104e-15
8.997004302939104e-15
8.997004302939104e-15
8.997004302939104e-15
8.997004302939104e-15
8.997004302939104e-15
8.997004302939104e-15
8.997004302939104e-15
8.997004302939104e-15
8.997004302939104e-15
8.997004302939104e-15
8.997004302939104e-15
8.997004302939104e-15
8.997004302939104e-15
8.997004302939104e-15
8.997004302939104e-15
8.997004302939104e-15
8.997004302939104e-15
8.997004302939104e-15
8.997004302939104e-15
8.997004302939104e-15
8.997004302939104e-15
8.997004302939104e-15
8.997004302939104e-15
8.997004302939104e-15
8.997004302939104e-15
8.997004302939104e-15
8.997004302939104e-15
8.997004302939104e-15
8.997004302939104e-15
8.997004302939104e-15
8.997004302939104e-15
8.997004302939104e-15
8.997004302939104e-15
8.997004302939104e-15
8.997004302939104e-15
8.997004302939104e-15
8.997004302939104e-15
8.997004302939104e-15
8.997004302939104e-15
8.997004302939104e-15
8.997004302939104e-15
8.997004302939104e-15
8.997004302939104e-15
8.997004302939104e-15
8.997004302939104e-15
8.997004302939104e-15
8.997004302939104e-15
8.997004302939104e-15
8.997004302939104e-15
8.997004302939104e-15
8.997004302939104e-15
8.997004302939104e-15
8.997004302939104e-15
8.997004302939104e-15
8.997004302939104e-15
8.997004302939104e-15
8.997004302939104e-15
8.997004302939104e-15
8.997004302939104e-15
8.997004302939104e-15
8.997004302939104e-15
8.997004302939104e-15
8.997004302939104e-15
8.997004302939104e-15
8.997004302939104e-15
8.997004302939104e-15
8.997004302939104e-15
8.997004302939104e-15
8.997004302939104e-15
8.997004302939104e-15
8.997004302939104e-15
8.997004302939104e-15
8.997004302939104e-15
8.997004302939104e-15
8.997004302939104e-15
8.997004302939104e-15
8.997004302939104e-15
8.997004302939104e-15
8.997004302939104e-15
8.997004302939104e-15
8.997004302939104e-15
8.997004302939104e-15
8.997004302939104e-15
8.997004302939104e-15
8.997004302939104e-15
8.997004302939104e-15
8.997004302939104e-15
8.997004302939104e-15
8.997004302939104e-15
8.997004302939104e-15
8.997004302939104e-15
8.997004302939104e-15
8.997004302939104e-15
8.997004302939104e-15
8.997004302939104e-15
8.997004302939104e-15
8.997004302939104e-15
8.997004302939104e-15
8.997004302939104e-15
8.997004302939104e-15
8.997004302939104e-15
8.997004302939104e-15
8.997004302939104e-15
8.997004302939104e-15
8.997004302939104e-15
8.997004302939104e-15
8.997004302939104e-15
8.997004302939104e-15
8.997004302939104e-15
8.997004302939104e-15
8.997004302939104e-15
8.997004302939104e-15
8.997004302939104e-15
8.997004302939104e-15
8.997004302939104e-15
8.997004302939104e-15
8.997004302939104e-15
8.997004302939104e-15
8.997004302939104e-15
8.997004302939104e-15
8.997004302939104e-15
8.997004302939104e-15
8.997004302939104e-15
8.997004302939104e-15
8.997004302939104e-15
8.997004302939104e-15
8.997004302939104e-15
8.997004302939104e-15
8.997004302939104e-15
8.997004302939104e-15
8.997004302939104e-15
8.997004302939104e-15
8.997004302939104e-15
8.997004302939104e-15
8.997004302939104e-15
8.997004302939104e-15
8.997004302939104e-15
8.997004302939104e-15
8.997004302939104e-15
8.997004302939104e-15
8.997004302939104e-15
8.997004302939104e-15
8.997004302939104e-15
8.997004302939104e-15
8.997004302939104e-15
8.997004302939104e-15
8.997004302939104e-15
8.997004302939104e-15
8.997004302939104e-15
8.997004302939104e-15
8.997004302939104e-15
8.997004302939104e-15
8.997004302939104e-15
8.997004302939104e-15
8.997004302939104e-15
8.997004302939104e-15
8.997004302939104e-15
8.997004302939104e-15
8.997004302939104e-15
8.997004302939104e-15
8.997004302939104e-15
8.997004302939104e-15
8.997004302939104e-15
8.997004302939104e-15
8.997004302939104e-15
8.997004302939104e-15
8.997004302939104e-15
8.997004302939104e-15
8.997004302939104e-15
8.997004302939104e-15
8.997004302939104e-15
8.997004302939104e-15
8.997004302939104e-15
8.997004302939104e-15
8.997004302939104e-15
8.997004302939104e-15
8.997004302939104e-15
8.997004302939104e-15
8.997004302939104e-15
8.997004302939104e-15
8.997004302939104e-15
8.997004302939104e-15
8.997004302939104e-15
8.997004302939104e-15
8.997004302939104e-15
8.997004302939104e-15
8.997004302939104e-15
8.997004302939104e-15
8.997004302939104e-15
8.997004302939104e-15
8.997004302939104e-15
8.997004302939104e-15
8.997004302939104e-15
8.997004302939104e-15
8.997004302939104e-15
8.997004302939104e-15
8.997004302939104e-15
8.997004302939104e-15
8.997004302939104e-15
8.997004302939104e-15
8.997004302939104e-15
8.997004302939104e-15
8.997004302939104e-15
8.997004302939104e-15
8.997004302939104e-15
8.997004302939104e-15
8.997004302939104e-15
8.997004302939104e-15
8.997004302939104e-15
8.997004302939104e-15
8.997004302939104e-15
8.997004302939104e-15
8.997004302939104e-15
8.997004302939104e-15
8.997004302939104e-15
8.997004302939104e-15
8.997004302939104e-15
8.997004302939104e-15
8.997004302939104e-15
8.997004302939104e-15
8.997004302939104e-15
8.997004302939104e-15
8.997004302939104e-15
8.997004302939104e-15
8.997004302939104e-15
8.997004302939104e-15
8.997004302939104e-15
8.997004302939104e-15
8.997004302939104e-15
8.997004302939104e-15
8.997004302939104e-15
8.997004302939104e-15
8.997004302939104e-15
8.997004302939104e-15
8.997004302939104e-15
8.997004302939104e-15
8.997004302939104e-15
8.997004302939104e-15
8.997004302939104e-15
8.997004302939104e-15
8.997004302939104e-15
8.997004302939104e-15
8.997004302939104e-15
8.997004302939104e-15
8.997004302939104e-15
8.997004302939104e-15
8.997004302939104e-15
8.997004302939104e-15
8.997004302939104e-15
8.997004302939104e-15
8.997004302939104e-15
8.997004302939104e-15
8.997004302939104e-15
8.997004302939104e-15
8.997004302939104e-15
8.997004302939104e-15
8.997004302939104e-15
8.997004302939104e-15
8.997004302939104e-15
8.997004302939104e-15
8.997004302939104e-15
8.997004302939104e-15
8.997004302939104e-15
8.997004302939104e-15
8.997004302939104e-15
8.997004302939104e-15
8.997004302939104e-15
8.997004302939104e-15
8.997004302939104e-15
8.997004302939104e-15
8.997004302939104e-15
8.997004302939104e-15
8.997004302939104e-15
8.997004302939104e-15
8.997004302939104e-15
8.997004302939104e-15
8.997004302939104e-15
8.997004302939104e-15
8.997004302939104e-15
8.997004302939104e-15
8.997004302939104e-15
8.997004302939104e-15
8.997004302939104e-15
8.997004302939104e-15
8.997004302939104e-15
8.997004302939104e-15
8.997004302939104e-15
8.997004302939104e-15
8.997004302939104e-15
8.997004302939104e-15
8.997004302939104e-15
8.997004302939104e-15
8.997004302939104e-15
8.997004302939104e-15
8.997004302939104e-15
8.997004302939104e-15
8.997004302939104e-15
8.997004302939104e-15
8.997004302939104e-15
8.997004302939104e-15
8.997004302939104e-15
8.997004302939104e-15
8.997004302939104e-15
8.997004302939104e-15
8.997004302939104e-15
8.997004302939104e-15
8.997004302939104e-15
8.997004302939104e-15
8.997004302939104e-15
8.997004302939104e-15
8.997004302939104e-15
8.997004302939104e-15
8.997004302939104e-15
8.997004302939104e-15
8.997004302939104e-15
8.997004302939104e-15
8.997004302939104e-15
8.997004302939104e-15
8.997004302939104e-15
8.997004302939104e-15
8.997004302939104e-15
8.997004302939104e-15
8.997004302939104e-15
8.997004302939104e-15
8.997004302939104e-15
8.997004302939104e-15
8.997004302939104e-15
8.997004302939104e-15
8.997004302939104e-15
8.997004302939104e-15
8.997004302939104e-15
8.997004302939104e-15
8.997004302939104e-15
8.997004302939104e-15
8.997004302939104e-15
8.997004302939104e-15
8.997004302939104e-15
8.997004302939104e-15
8.997004302939104e-15
8.997004302939104e-15
8.997004302939104e-15
8.997004302939104e-15
8.997004302939104e-15
8.997004302939104e-15
8.997004302939104e-15
8.997004302939104e-15
8.997004302939104e-15
8.997004302939104e-15
8.997004302939104e-15
8.997004302939104e-15
8.997004302939104e-15
8.997004302939104e-15
8.997004302939104e-15
8.997004302939104e-15
8.997004302939104e-15
8.997004302939104e-15
8.997004302939104e-15
8.997004302939104e-15
8.997004302939104e-15
8.997004302939104e-15
8.997004302939104e-15
8.997004302939104e-15
8.997004302939104e-15
8.997004302939104e-15
8.997004302939104e-15
8.997004302939104e-15
8.997004302939104e-15
8.997004302939104e-15
8.997004302939104e-15
8.997004302939104e-15
8.997004302939104e-15
8.997004302939104e-15
8.997004302939104e-15
8.997004302939104e-15
8.997004302939104e-15
8.997004302939104e-15
8.997004302939104e-15
8.997004302939104e-15
8.997004302939104e-15
8.997004302939104e-15
8.997004302939104e-15
8.997004302939104e-15
8.997004302939104e-15
8.997004302939104e-15
8.997004302939104e-15
8.997004302939104e-15
8.997004302939104e-15
8.997004302939104e-15
8.997004302939104e-15
8.997004302939104e-15
8.997004302939104e-15
8.997004302939104e-15
8.997004302939104e-15
8.997004302939104e-15
8.997004302939104e-15
8.997004302939104e-15
8.997004302939104e-15
8.997004302939104e-15
8.997004302939104e-15
8.997004302939104e-15
8.997004302939104e-15
8.997004302939104e-15
8.997004302939104e-15
8.997004302939104e-15
8.997004302939104e-15
8.997004302939104e-15
8.997004302939104e-15
8.997004302939104e-15
8.997004302939104e-15
8.997004302939104e-15
8.997004302939104e-15
8.997004302939104e-15
8.997004302939104e-15
8.997004302939104e-15
8.997004302939104e-15
8.997004302939104e-15
8.997004302939104e-15
8.997004302939104e-15
8.997004302939104e-15
8.997004302939104e-15
8.997004302939104e-15
8.997004302939104e-15
8.997004302939104e-15
8.997004302939104e-15
8.997004302939104e-15
8.997004302939104e-15
8.997004302939104e-15
8.997004302939104e-15
8.997004302939104e-15
8.997004302939104e-15
8.997004302939104e-15
8.997004302939104e-15
8.997004302939104e-15
8.997004302939104e-15
8.997004302939104e-15
8.997004302939104e-15
8.997004302939104e-15
8.997004302939104e-15
8.997004302939104e-15
8.997004302939104e-15
8.997004302939104e-15
8.997004302939104e-15
8.997004302939104e-15
8.997004302939104e-15
8.997004302939104e-15
8.997004302939104e-15
8.997004302939104e-15
8.997004302939104e-15
8.997004302939104e-15
8.997004302939104e-15
8.997004302939104e-15
8.997004302939104e-15
8.997004302939104e-15
8.997004302939104e-15
8.997004302939104e-15
8.997004302939104e-15
8.997004302939104e-15
8.997004302939104e-15
8.997004302939104e-15
8.997004302939104e-15
8.997004302939104e-15
8.997004302939104e-15
8.997004302939104e-15
8.997004302939104e-15
8.997004302939104e-15
8.997004302939104e-15
8.997004302939104e-15
8.997004302939104e-15
8.997004302939104e-15
8.997004302939104e-15
8.997004302939104e-15
8.997004302939104e-15
8.997004302939104e-15
8.997004302939104e-15
8.997004302939104e-15
8.997004302939104e-15
8.997004302939104e-15
8.997004302939104e-15
8.997004302939104e-15
8.997004302939104e-15
8.997004302939104e-15
8.997004302939104e-15
8.997004302939104e-15
8.997004302939104e-15
8.997004302939104e-15
8.997004302939104e-15
8.997004302939104e-15
8.997004302939104e-15
8.997004302939104e-15
8.997004302939104e-15
8.997004302939104e-15
8.997004302939104e-15
8.997004302939104e-15
8.997004302939104e-15
8.997004302939104e-15
8.997004302939104e-15
8.997004302939104e-15
8.997004302939104e-15
8.997004302939104e-15
8.997004302939104e-15
8.997004302939104e-15
8.997004302939104e-15
8.997004302939104e-15
8.997004302939104e-15
8.997004302939104e-15
8.997004302939104e-15
8.997004302939104e-15
8.997004302939104e-15
8.997004302939104e-15
8.997004302939104e-15
8.997004302939104e-15
8.997004302939104e-15
8.997004302939104e-15
8.997004302939104e-15
8.997004302939104e-15
8.997004302939104e-15
8.997004302939104e-15
8.997004302939104e-15
8.997004302939104e-15
8.997004302939104e-15
8.997004302939104e-15
8.997004302939104e-15
8.997004302939104e-15
8.997004302939104e-15
8.997004302939104e-15
8.997004302939104e-15
8.997004302939104e-15
8.997004302939104e-15
8.997004302939104e-15
8.997004302939104e-15
8.997004302939104e-15
8.997004302939104e-15
8.997004302939104e-15
8.997004302939104e-15
8.997004302939104e-15
8.997004302939104e-15
8.997004302939104e-15
8.997004302939104e-15
8.997004302939104e-15
8.997004302939104e-15
8.997004302939104e-15
8.997004302939104e-15
8.997004302939104e-15
8.997004302939104e-15
8.997004302939104e-15
8.997004302939104e-15
8.997004302939104e-15
8.997004302939104e-15
8.997004302939104e-15
8.997004302939104e-15
8.997004302939104e-15
8.997004302939104e-15
8.997004302939104e-15
8.997004302939104e-15
8.997004302939104e-15
8.997004302939104e-15
8.997004302939104e-15
8.997004302939104e-15
8.997004302939104e-15
8.997004302939104e-15
8.997004302939104e-15
8.997004302939104e-15
8.997004302939104e-15
8.997004302939104e-15
8.997004302939104e-15
8.997004302939104e-15
8.997004302939104e-15
8.997004302939104e-15
8.997004302939104e-15
8.997004302939104e-15
8.997004302939104e-15
8.997004302939104e-15
8.997004302939104e-15
8.997004302939104e-15
8.997004302939104e-15
8.997004302939104e-15
8.997004302939104e-15
8.997004302939104e-15
8.997004302939104e-15
8.997004302939104e-15
8.997004302939104e-15
8.997004302939104e-15
8.997004302939104e-15
8.997004302939104e-15
8.997004302939104e-15
8.997004302939104e-15
8.997004302939104e-15
8.997004302939104e-15
8.997004302939104e-15
8.997004302939104e-15
8.997004302939104e-15
8.997004302939104e-15
8.997004302939104e-15
8.997004302939104e-15
8.997004302939104e-15
8.997004302939104e-15
8.997004302939104e-15
8.997004302939104e-15
8.997004302939104e-15
8.997004302939104e-15
8.997004302939104e-15
8.997004302939104e-15
8.997004302939104e-15
8.997004302939104e-15
8.997004302939104e-15
8.997004302939104e-15
8.997004302939104e-15
8.997004302939104e-15
8.997004302939104e-15
8.997004302939104e-15
8.997004302939104e-15
8.997004302939104e-15
8.997004302939104e-15
8.997004302939104e-15
8.997004302939104e-15
8.997004302939104e-15
8.997004302939104e-15
8.997004302939104e-15
8.997004302939104e-15
8.997004302939104e-15
8.997004302939104e-15
8.997004302939104e-15
8.997004302939104e-15
8.997004302939104e-15
8.997004302939104e-15
8.997004302939104e-15
8.997004302939104e-15
8.997004302939104e-15
8.997004302939104e-15
8.997004302939104e-15
8.997004302939104e-15
8.997004302939104e-15
8.997004302939104e-15
8.997004302939104e-15
8.997004302939104e-15
8.997004302939104e-15
8.997004302939104e-15
8.997004302939104e-15
8.997004302939104e-15
8.997004302939104e-15
8.997004302939104e-15
8.997004302939104e-15
8.997004302939104e-15
8.997004302939104e-15
8.997004302939104e-15
8.997004302939104e-15
8.997004302939104e-15
8.997004302939104e-15
8.997004302939104e-15
8.997004302939104e-15
8.997004302939104e-15
8.997004302939104e-15
8.997004302939104e-15
8.997004302939104e-15
8.997004302939104e-15
8.997004302939104e-15
8.997004302939104e-15
8.997004302939104e-15
8.997004302939104e-15
8.997004302939104e-15
8.997004302939104e-15
8.997004302939104e-15
8.997004302939104e-15
8.997004302939104e-15
8.997004302939104e-15
8.997004302939104e-15
8.997004302939104e-15
8.997004302939104e-15
8.997004302939104e-15
8.997004302939104e-15
8.997004302939104e-15
8.997004302939104e-15
8.997004302939104e-15
8.997004302939104e-15
8.997004302939104e-15
8.997004302939104e-15
8.997004302939104e-15
8.997004302939104e-15
8.997004302939104e-15
8.997004302939104e-15
8.997004302939104e-15
8.997004302939104e-15
8.997004302939104e-15
8.997004302939104e-15
8.997004302939104e-15
8.997004302939104e-15
8.997004302939104e-15
8.997004302939104e-15
8.997004302939104e-15
8.997004302939104e-15
8.997004302939104e-15
8.997004302939104e-15
8.997004302939104e-15
8.997004302939104e-15
8.997004302939104e-15
8.997004302939104e-15
8.997004302939104e-15
8.997004302939104e-15
8.997004302939104e-15
8.997004302939104e-15
8.997004302939104e-15
8.997004302939104e-15
8.997004302939104e-15
8.997004302939104e-15
8.997004302939104e-15
8.997004302939104e-15
8.997004302939104e-15
8.997004302939104e-15
8.997004302939104e-15
8.997004302939104e-15
8.997004302939104e-15
8.997004302939104e-15
8.997004302939104e-15
8.997004302939104e-15
8.997004302939104e-15
8.997004302939104e-15
8.997004302939104e-15
8.997004302939104e-15
8.997004302939104e-15
8.997004302939104e-15
8.997004302939104e-15
8.997004302939104e-15
8.997004302939104e-15
8.997004302939104e-15
8.997004302939104e-15
8.997004302939104e-15
8.997004302939104e-15
8.997004302939104e-15
8.997004302939104e-15
8.997004302939104e-15
8.997004302939104e-15
8.997004302939104e-15
8.997004302939104e-15
8.997004302939104e-15
8.997004302939104e-15
8.997004302939104e-15
8.997004302939104e-15
8.997004302939104e-15
8.997004302939104e-15
8.997004302939104e-15
8.997004302939104e-15
8.997004302939104e-15
8.997004302939104e-15
8.997004302939104e-15
8.997004302939104e-15
8.997004302939104e-15
8.997004302939104e-15
8.997004302939104e-15
8.997004302939104e-15
8.997004302939104e-15
8.997004302939104e-15
8.997004302939104e-15
8.997004302939104e-15
8.997004302939104e-15
8.997004302939104e-15
8.997004302939104e-15
8.997004302939104e-15
8.997004302939104e-15
8.997004302939104e-15
8.997004302939104e-15
8.997004302939104e-15
8.997004302939104e-15
8.997004302939104e-15
8.997004302939104e-15
8.997004302939104e-15
8.997004302939104e-15
8.997004302939104e-15
8.997004302939104e-15
8.997004302939104e-15
8.997004302939104e-15
8.997004302939104e-15
8.997004302939104e-15
8.997004302939104e-15
8.997004302939104e-15
8.997004302939104e-15
8.997004302939104e-15
8.997004302939104e-15
8.997004302939104e-15
8.997004302939104e-15
8.997004302939104e-15
8.997004302939104e-15
8.997004302939104e-15
8.997004302939104e-15
8.997004302939104e-15
8.997004302939104e-15
8.997004302939104e-15
8.997004302939104e-15
8.997004302939104e-15
8.997004302939104e-15
8.997004302939104e-15
8.997004302939104e-15
8.997004302939104e-15
8.997004302939104e-15
8.997004302939104e-15
8.997004302939104e-15
8.997004302939104e-15
8.997004302939104e-15
8.997004302939104e-15
8.997004302939104e-15
8.997004302939104e-15
8.997004302939104e-15
8.997004302939104e-15
8.997004302939104e-15
8.997004302939104e-15
8.997004302939104e-15
8.997004302939104e-15
8.997004302939104e-15
8.997004302939104e-15
8.997004302939104e-15
8.997004302939104e-15
8.997004302939104e-15
8.997004302939104e-15
8.997004302939104e-15
8.997004302939104e-15
8.997004302939104e-15
8.997004302939104e-15
8.997004302939104e-15
8.997004302939104e-15
8.997004302939104e-15
8.997004302939104e-15
8.997004302939104e-15
8.997004302939104e-15
8.997004302939104e-15
8.997004302939104e-15
8.997004302939104e-15
8.997004302939104e-15
8.997004302939104e-15
8.997004302939104e-15
8.997004302939104e-15
8.997004302939104e-15
8.997004302939104e-15
8.997004302939104e-15
8.997004302939104e-15
8.997004302939104e-15
8.997004302939104e-15
8.997004302939104e-15
8.997004302939104e-15
8.997004302939104e-15
8.997004302939104e-15
8.997004302939104e-15
8.997004302939104e-15
8.997004302939104e-15
8.997004302939104e-15
8.997004302939104e-15
8.997004302939104e-15
8.997004302939104e-15
8.997004302939104e-15
8.997004302939104e-15
8.997004302939104e-15
8.997004302939104e-15
8.997004302939104e-15
8.997004302939104e-15
8.997004302939104e-15
8.997004302939104e-15
8.997004302939104e-15
8.997004302939104e-15
8.997004302939104e-15
8.997004302939104e-15
8.997004302939104e-15
8.997004302939104e-15
8.997004302939104e-15
8.997004302939104e-15
8.997004302939104e-15
8.997004302939104e-15
8.997004302939104e-15
8.997004302939104e-15
8.997004302939104e-15
8.997004302939104e-15
8.997004302939104e-15
8.997004302939104e-15
8.997004302939104e-15
8.997004302939104e-15
8.997004302939104e-15
8.997004302939104e-15
8.997004302939104e-15
8.997004302939104e-15
8.997004302939104e-15
8.997004302939104e-15
8.997004302939104e-15
8.997004302939104e-15
8.997004302939104e-15
8.997004302939104e-15
8.997004302939104e-15
8.997004302939104e-15
8.997004302939104e-15
8.997004302939104e-15
8.997004302939104e-15
8.997004302939104e-15
8.997004302939104e-15
8.997004302939104e-15
8.997004302939104e-15
8.997004302939104e-15
8.997004302939104e-15
8.997004302939104e-15
8.997004302939104e-15
8.997004302939104e-15
8.997004302939104e-15
8.997004302939104e-15
8.997004302939104e-15
8.997004302939104e-15
8.997004302939104e-15
8.997004302939104e-15
8.997004302939104e-15
8.997004302939104e-15
8.997004302939104e-15
8.997004302939104e-15
8.997004302939104e-15
8.997004302939104e-15
8.997004302939104e-15
8.997004302939104e-15
8.997004302939104e-15
8.997004302939104e-15
8.997004302939104e-15
8.997004302939104e-15
8.997004302939104e-15
8.997004302939104e-15
8.997004302939104e-15
8.997004302939104e-15
8.997004302939104e-15
8.997004302939104e-15
8.997004302939104e-15
8.997004302939104e-15
8.997004302939104e-15
8.997004302939104e-15
8.997004302939104e-15
8.997004302939104e-15
8.997004302939104e-15
8.997004302939104e-15
8.997004302939104e-15
8.997004302939104e-15
8.997004302939104e-15
8.997004302939104e-15
8.997004302939104e-15
8.997004302939104e-15
8.997004302939104e-15
8.997004302939104e-15
8.997004302939104e-15
8.997004302939104e-15
8.997004302939104e-15
8.997004302939104e-15
8.997004302939104e-15
8.997004302939104e-15
8.997004302939104e-15
8.997004302939104e-15
8.997004302939104e-15
8.997004302939104e-15
8.997004302939104e-15
8.997004302939104e-15
8.997004302939104e-15
8.997004302939104e-15
8.997004302939104e-15
8.997004302939104e-15
8.997004302939104e-15
8.997004302939104e-15
8.997004302939104e-15
8.997004302939104e-15
8.997004302939104e-15
8.997004302939104e-15
8.997004302939104e-15
8.997004302939104e-15
8.997004302939104e-15
8.997004302939104e-15
8.997004302939104e-15
8.997004302939104e-15
8.997004302939104e-15
8.997004302939104e-15
8.997004302939104e-15
8.997004302939104e-15
8.997004302939104e-15
8.997004302939104e-15
8.997004302939104e-15
8.997004302939104e-15
8.997004302939104e-15
8.997004302939104e-15
8.997004302939104e-15
8.997004302939104e-15
8.997004302939104e-15
8.997004302939104e-15
8.997004302939104e-15
8.997004302939104e-15
8.997004302939104e-15
8.997004302939104e-15
8.997004302939104e-15
8.997004302939104e-15
8.997004302939104e-15
8.997004302939104e-15
8.997004302939104e-15
8.997004302939104e-15
8.997004302939104e-15
8.997004302939104e-15
8.997004302939104e-15
8.997004302939104e-15
8.997004302939104e-15
8.997004302939104e-15
8.997004302939104e-15
8.997004302939104e-15
8.997004302939104e-15
8.997004302939104e-15
8.997004302939104e-15
8.997004302939104e-15
8.997004302939104e-15
8.997004302939104e-15
8.997004302939104e-15
8.997004302939104e-15
8.997004302939104e-15
8.997004302939104e-15
8.997004302939104e-15
8.997004302939104e-15
8.997004302939104e-15
8.997004302939104e-15
8.997004302939104e-15
8.997004302939104e-15
8.997004302939104e-15
8.997004302939104e-15
8.997004302939104e-15
8.997004302939104e-15
8.997004302939104e-15
8.997004302939104e-15
8.997004302939104e-15
8.997004302939104e-15
8.997004302939104e-15
8.997004302939104e-15
8.997004302939104e-15
8.997004302939104e-15
8.997004302939104e-15
8.997004302939104e-15
8.997004302939104e-15
8.997004302939104e-15
8.997004302939104e-15
8.997004302939104e-15
8.997004302939104e-15
8.997004302939104e-15
8.997004302939104e-15
8.997004302939104e-15
8.997004302939104e-15
8.997004302939104e-15
8.997004302939104e-15
8.997004302939104e-15
8.997004302939104e-15
8.997004302939104e-15
8.997004302939104e-15
8.997004302939104e-15
8.997004302939104e-15
8.997004302939104e-15
8.997004302939104e-15
8.997004302939104e-15
8.997004302939104e-15
8.997004302939104e-15
8.997004302939104e-15
8.997004302939104e-15
8.997004302939104e-15
8.997004302939104e-15
8.997004302939104e-15
8.997004302939104e-15
8.997004302939104e-15
8.997004302939104e-15
8.997004302939104e-15
8.997004302939104e-15
8.997004302939104e-15
8.997004302939104e-15
8.997004302939104e-15
8.997004302939104e-15
8.997004302939104e-15
8.997004302939104e-15
8.997004302939104e-15
8.997004302939104e-15
8.997004302939104e-15
8.997004302939104e-15
8.997004302939104e-15
8.997004302939104e-15
8.997004302939104e-15
8.997004302939104e-15
8.997004302939104e-15
8.997004302939104e-15
8.997004302939104e-15
8.997004302939104e-15
8.997004302939104e-15
8.997004302939104e-15
8.997004302939104e-15
8.997004302939104e-15
8.997004302939104e-15
8.997004302939104e-15
8.997004302939104e-15
8.997004302939104e-15
8.997004302939104e-15
8.997004302939104e-15
8.997004302939104e-15
8.997004302939104e-15
8.997004302939104e-15
8.997004302939104e-15
8.997004302939104e-15
8.997004302939104e-15
8.997004302939104e-15
8.997004302939104e-15
8.997004302939104e-15
8.997004302939104e-15
8.997004302939104e-15
8.997004302939104e-15
8.997004302939104e-15
8.997004302939104e-15
8.997004302939104e-15
8.997004302939104e-15
8.997004302939104e-15
8.997004302939104e-15
8.997004302939104e-15
8.997004302939104e-15
8.997004302939104e-15
8.997004302939104e-15
8.997004302939104e-15
8.997004302939104e-15
8.997004302939104e-15
8.997004302939104e-15
8.997004302939104e-15
8.997004302939104e-15
8.997004302939104e-15
8.997004302939104e-15
8.997004302939104e-15
8.997004302939104e-15
8.997004302939104e-15
8.997004302939104e-15
8.997004302939104e-15
8.997004302939104e-15
8.997004302939104e-15
8.997004302939104e-15
8.997004302939104e-15
8.997004302939104e-15
8.997004302939104e-15
8.997004302939104e-15
8.997004302939104e-15
8.997004302939104e-15
8.997004302939104e-15
8.997004302939104e-15
8.997004302939104e-15
8.997004302939104e-15
8.997004302939104e-15
8.997004302939104e-15
8.997004302939104e-15
8.997004302939104e-15
8.997004302939104e-15
8.997004302939104e-15
8.997004302939104e-15
8.997004302939104e-15
8.997004302939104e-15
8.997004302939104e-15
8.997004302939104e-15
8.997004302939104e-15
8.997004302939104e-15
8.997004302939104e-15
8.997004302939104e-15
8.997004302939104e-15
8.997004302939104e-15
8.997004302939104e-15
8.997004302939104e-15
8.997004302939104e-15
8.997004302939104e-15
8.997004302939104e-15
8.997004302939104e-15
8.997004302939104e-15
8.997004302939104e-15
8.997004302939104e-15
8.997004302939104e-15
8.997004302939104e-15
8.997004302939104e-15
8.997004302939104e-15
8.997004302939104e-15
8.997004302939104e-15
8.997004302939104e-15
8.997004302939104e-15
8.997004302939104e-15
8.997004302939104e-15
8.997004302939104e-15
8.997004302939104e-15
8.997004302939104e-15
8.997004302939104e-15
8.997004302939104e-15
8.997004302939104e-15
8.997004302939104e-15
8.997004302939104e-15
8.997004302939104e-15
8.997004302939104e-15
8.997004302939104e-15
8.997004302939104e-15
8.997004302939104e-15
8.997004302939104e-15
8.997004302939104e-15
8.997004302939104e-15
8.997004302939104e-15
8.997004302939104e-15
8.997004302939104e-15
8.997004302939104e-15
8.997004302939104e-15
8.997004302939104e-15
8.997004302939104e-15
8.997004302939104e-15
8.997004302939104e-15
8.997004302939104e-15
8.997004302939104e-15
8.997004302939104e-15
8.997004302939104e-15
8.997004302939104e-15
8.997004302939104e-15
8.997004302939104e-15
8.997004302939104e-15
8.997004302939104e-15
8.997004302939104e-15
8.997004302939104e-15
8.997004302939104e-15
8.997004302939104e-15
8.997004302939104e-15
8.997004302939104e-15
8.997004302939104e-15
8.997004302939104e-15
8.997004302939104e-15
8.997004302939104e-15
8.997004302939104e-15
8.997004302939104e-15
8.997004302939104e-15
8.997004302939104e-15
8.997004302939104e-15
8.997004302939104e-15
8.997004302939104e-15
8.997004302939104e-15
8.997004302939104e-15
8.997004302939104e-15
8.997004302939104e-15
8.997004302939104e-15
8.997004302939104e-15
8.997004302939104e-15
8.997004302939104e-15
8.997004302939104e-15
8.997004302939104e-15
8.997004302939104e-15
8.997004302939104e-15
8.997004302939104e-15
8.997004302939104e-15
8.997004302939104e-15
8.997004302939104e-15
8.997004302939104e-15
8.997004302939104e-15
8.997004302939104e-15
8.997004302939104e-15
8.997004302939104e-15
8.997004302939104e-15
8.997004302939104e-15
8.997004302939104e-15
8.997004302939104e-15
8.997004302939104e-15
8.997004302939104e-15
8.997004302939104e-15
8.997004302939104e-15
8.997004302939104e-15
8.997004302939104e-15
8.997004302939104e-15
8.997004302939104e-15
8.997004302939104e-15
8.997004302939104e-15
8.997004302939104e-15
8.997004302939104e-15
8.997004302939104e-15
8.997004302939104e-15
8.997004302939104e-15
8.997004302939104e-15
8.997004302939104e-15
8.997004302939104e-15
8.997004302939104e-15
8.997004302939104e-15
8.997004302939104e-15
8.997004302939104e-15
8.997004302939104e-15
8.997004302939104e-15
8.997004302939104e-15
8.997004302939104e-15
8.997004302939104e-15
8.997004302939104e-15
8.997004302939104e-15
8.997004302939104e-15
8.997004302939104e-15
8.997004302939104e-15
8.997004302939104e-15
8.997004302939104e-15
8.997004302939104e-15
8.997004302939104e-15
8.997004302939104e-15
8.997004302939104e-15
8.997004302939104e-15
8.997004302939104e-15
8.997004302939104e-15
8.997004302939104e-15
8.997004302939104e-15
8.997004302939104e-15
8.997004302939104e-15
8.997004302939104e-15
8.997004302939104e-15
8.997004302939104e-15
8.997004302939104e-15
8.997004302939104e-15
8.997004302939104e-15
8.997004302939104e-15
8.997004302939104e-15
8.997004302939104e-15
8.997004302939104e-15
8.997004302939104e-15
8.997004302939104e-15
8.997004302939104e-15
8.997004302939104e-15
8.997004302939104e-15
8.997004302939104e-15
8.997004302939104e-15
8.997004302939104e-15
8.997004302939104e-15
8.997004302939104e-15
8.997004302939104e-15
8.997004302939104e-15
8.997004302939104e-15
8.997004302939104e-15
8.997004302939104e-15
8.997004302939104e-15
8.997004302939104e-15
8.997004302939104e-15
8.997004302939104e-15
8.997004302939104e-15
8.997004302939104e-15
8.997004302939104e-15
8.997004302939104e-15
8.997004302939104e-15
8.997004302939104e-15
8.997004302939104e-15
8.997004302939104e-15
8.997004302939104e-15
8.997004302939104e-15
8.997004302939104e-15
8.997004302939104e-15
8.997004302939104e-15
8.997004302939104e-15
8.997004302939104e-15
8.997004302939104e-15
8.997004302939104e-15
8.997004302939104e-15
8.997004302939104e-15
8.997004302939104e-15
8.997004302939104e-15
8.997004302939104e-15
8.997004302939104e-15
8.997004302939104e-15
8.997004302939104e-15
8.997004302939104e-15
8.997004302939104e-15
8.997004302939104e-15
8.997004302939104e-15
8.997004302939104e-15
8.997004302939104e-15
8.997004302939104e-15
8.997004302939104e-15
8.997004302939104e-15
8.997004302939104e-15
8.997004302939104e-15
8.997004302939104e-15
8.997004302939104e-15
8.997004302939104e-15
8.997004302939104e-15
8.997004302939104e-15
8.997004302939104e-15
8.997004302939104e-15
8.997004302939104e-15
8.997004302939104e-15
8.997004302939104e-15
8.997004302939104e-15
8.997004302939104e-15
8.997004302939104e-15
8.997004302939104e-15
8.997004302939104e-15
8.997004302939104e-15
8.997004302939104e-15
8.997004302939104e-15
8.997004302939104e-15
8.997004302939104e-15
8.997004302939104e-15
8.997004302939104e-15
8.997004302939104e-15
8.997004302939104e-15
8.997004302939104e-15
8.997004302939104e-15
8.997004302939104e-15
8.997004302939104e-15
8.997004302939104e-15
8.997004302939104e-15
8.997004302939104e-15
8.997004302939104e-15
8.997004302939104e-15
8.997004302939104e-15
8.997004302939104e-15
8.997004302939104e-15
8.997004302939104e-15
8.997004302939104e-15
8.997004302939104e-15
8.997004302939104e-15
8.997004302939104e-15
8.997004302939104e-15
8.997004302939104e-15
8.997004302939104e-15
8.997004302939104e-15
8.997004302939104e-15
8.997004302939104e-15
8.997004302939104e-15
8.997004302939104e-15
8.997004302939104e-15
8.997004302939104e-15
8.997004302939104e-15
8.997004302939104e-15
8.997004302939104e-15
8.997004302939104e-15
8.997004302939104e-15
8.997004302939104e-15
8.997004302939104e-15
8.997004302939104e-15
8.997004302939104e-15
8.997004302939104e-15
8.997004302939104e-15
8.997004302939104e-15
8.997004302939104e-15
8.997004302939104e-15
8.997004302939104e-15
8.997004302939104e-15
8.997004302939104e-15
8.997004302939104e-15
8.997004302939104e-15
8.997004302939104e-15
8.997004302939104e-15
8.997004302939104e-15
8.997004302939104e-15
8.997004302939104e-15
8.997004302939104e-15
8.997004302939104e-15
8.997004302939104e-15
8.997004302939104e-15
8.997004302939104e-15
8.997004302939104e-15
8.997004302939104e-15
8.997004302939104e-15
8.997004302939104e-15
8.997004302939104e-15
8.997004302939104e-15
8.997004302939104e-15
8.997004302939104e-15
8.997004302939104e-15
8.997004302939104e-15
8.997004302939104e-15
8.997004302939104e-15
8.997004302939104e-15
8.997004302939104e-15
8.997004302939104e-15
8.997004302939104e-15
8.997004302939104e-15
8.997004302939104e-15
8.997004302939104e-15
8.997004302939104e-15
8.997004302939104e-15
8.997004302939104e-15
8.997004302939104e-15
8.997004302939104e-15
8.997004302939104e-15
8.997004302939104e-15
8.997004302939104e-15
8.997004302939104e-15
8.997004302939104e-15
8.997004302939104e-15
8.997004302939104e-15
8.997004302939104e-15
8.997004302939104e-15
8.997004302939104e-15
8.997004302939104e-15
8.997004302939104e-15
8.997004302939104e-15
8.997004302939104e-15
8.997004302939104e-15
8.997004302939104e-15
8.997004302939104e-15
8.997004302939104e-15
8.997004302939104e-15
8.997004302939104e-15
8.997004302939104e-15
8.997004302939104e-15
8.997004302939104e-15
8.997004302939104e-15
8.997004302939104e-15
8.997004302939104e-15
8.997004302939104e-15
8.997004302939104e-15
8.997004302939104e-15
8.997004302939104e-15
8.997004302939104e-15
8.997004302939104e-15
8.997004302939104e-15
8.997004302939104e-15
8.997004302939104e-15
8.997004302939104e-15
8.997004302939104e-15
8.997004302939104e-15
8.997004302939104e-15
8.997004302939104e-15
8.997004302939104e-15
8.997004302939104e-15
8.997004302939104e-15
8.997004302939104e-15
8.997004302939104e-15
8.997004302939104e-15
8.997004302939104e-15
8.997004302939104e-15
8.997004302939104e-15
8.997004302939104e-15
8.997004302939104e-15
8.997004302939104e-15
8.997004302939104e-15
8.997004302939104e-15
8.997004302939104e-15
8.997004302939104e-15
8.997004302939104e-15
8.997004302939104e-15
8.997004302939104e-15
8.997004302939104e-15
8.997004302939104e-15
8.997004302939104e-15
8.997004302939104e-15
8.997004302939104e-15
8.997004302939104e-15
8.997004302939104e-15
8.997004302939104e-15
8.997004302939104e-15
8.997004302939104e-15
8.997004302939104e-15
8.997004302939104e-15
8.997004302939104e-15
8.997004302939104e-15
8.997004302939104e-15
8.997004302939104e-15
8.997004302939104e-15
8.997004302939104e-15
8.997004302939104e-15
8.997004302939104e-15
8.997004302939104e-15
8.997004302939104e-15
8.997004302939104e-15
8.997004302939104e-15
8.997004302939104e-15
8.997004302939104e-15
8.997004302939104e-15
8.997004302939104e-15
8.997004302939104e-15
8.997004302939104e-15
8.997004302939104e-15
8.997004302939104e-15
8.997004302939104e-15
8.997004302939104e-15
8.997004302939104e-15
8.997004302939104e-15
8.997004302939104e-15
8.997004302939104e-15
8.997004302939104e-15
8.997004302939104e-15
8.997004302939104e-15
8.997004302939104e-15
8.997004302939104e-15
8.997004302939104e-15
8.997004302939104e-15
8.997004302939104e-15
8.997004302939104e-15
8.997004302939104e-15
8.997004302939104e-15
8.997004302939104e-15
8.997004302939104e-15
8.997004302939104e-15
8.997004302939104e-15
8.997004302939104e-15
8.997004302939104e-15
8.997004302939104e-15
8.997004302939104e-15
8.997004302939104e-15
8.997004302939104e-15
8.997004302939104e-15
8.997004302939104e-15
8.997004302939104e-15
8.997004302939104e-15
8.997004302939104e-15
8.997004302939104e-15
8.997004302939104e-15
8.997004302939104e-15
8.997004302939104e-15
8.997004302939104e-15
8.997004302939104e-15
8.997004302939104e-15
8.997004302939104e-15
8.997004302939104e-15
8.997004302939104e-15
8.997004302939104e-15
8.997004302939104e-15
8.997004302939104e-15
8.997004302939104e-15
8.997004302939104e-15
8.997004302939104e-15
8.997004302939104e-15
8.997004302939104e-15
8.997004302939104e-15
8.997004302939104e-15
8.997004302939104e-15
8.997004302939104e-15
8.997004302939104e-15
8.997004302939104e-15
8.997004302939104e-15
8.997004302939104e-15
8.997004302939104e-15
8.997004302939104e-15
8.997004302939104e-15
8.997004302939104e-15
8.997004302939104e-15
8.997004302939104e-15
8.997004302939104e-15
8.997004302939104e-15
8.997004302939104e-15
8.997004302939104e-15
8.997004302939104e-15
8.997004302939104e-15
8.997004302939104e-15
8.997004302939104e-15
8.997004302939104e-15
8.997004302939104e-15
8.997004302939104e-15
8.997004302939104e-15
8.997004302939104e-15
8.997004302939104e-15
8.997004302939104e-15
8.997004302939104e-15
8.997004302939104e-15
8.997004302939104e-15
8.997004302939104e-15
8.997004302939104e-15
8.997004302939104e-15
8.997004302939104e-15
8.997004302939104e-15
8.997004302939104e-15
8.997004302939104e-15
8.997004302939104e-15
8.997004302939104e-15
8.997004302939104e-15
8.997004302939104e-15
8.997004302939104e-15
8.997004302939104e-15
8.997004302939104e-15
8.997004302939104e-15
8.997004302939104e-15
8.997004302939104e-15
8.997004302939104e-15
8.997004302939104e-15
8.997004302939104e-15
8.997004302939104e-15
8.997004302939104e-15
8.997004302939104e-15
8.997004302939104e-15
8.997004302939104e-15
8.997004302939104e-15
8.997004302939104e-15
8.997004302939104e-15
8.997004302939104e-15
8.997004302939104e-15
8.997004302939104e-15
8.997004302939104e-15
8.997004302939104e-15
8.997004302939104e-15
8.997004302939104e-15
8.997004302939104e-15
8.997004302939104e-15
8.997004302939104e-15
8.997004302939104e-15
8.997004302939104e-15
8.997004302939104e-15
8.997004302939104e-15
8.997004302939104e-15
8.997004302939104e-15
8.997004302939104e-15
8.997004302939104e-15
8.997004302939104e-15
8.997004302939104e-15
8.997004302939104e-15
8.997004302939104e-15
8.997004302939104e-15
8.997004302939104e-15
8.997004302939104e-15
8.997004302939104e-15
8.997004302939104e-15
8.997004302939104e-15
8.997004302939104e-15
8.997004302939104e-15
8.997004302939104e-15
8.997004302939104e-15
8.997004302939104e-15
8.997004302939104e-15
8.997004302939104e-15
8.997004302939104e-15
8.997004302939104e-15
8.997004302939104e-15
8.997004302939104e-15
8.997004302939104e-15
8.997004302939104e-15
8.997004302939104e-15
8.997004302939104e-15
8.997004302939104e-15
8.997004302939104e-15
8.997004302939104e-15
8.997004302939104e-15
8.997004302939104e-15
8.997004302939104e-15
8.997004302939104e-15
8.997004302939104e-15
8.997004302939104e-15
8.997004302939104e-15
8.997004302939104e-15
8.997004302939104e-15
8.997004302939104e-15
8.997004302939104e-15
8.997004302939104e-15
8.997004302939104e-15
8.997004302939104e-15
8.997004302939104e-15
8.997004302939104e-15
8.997004302939104e-15
8.997004302939104e-15
8.997004302939104e-15
8.997004302939104e-15
8.997004302939104e-15
8.997004302939104e-15
8.997004302939104e-15
8.997004302939104e-15
8.997004302939104e-15
8.997004302939104e-15
8.997004302939104e-15
8.997004302939104e-15
8.997004302939104e-15
8.997004302939104e-15
8.997004302939104e-15
8.997004302939104e-15
8.997004302939104e-15
8.997004302939104e-15
8.997004302939104e-15
8.997004302939104e-15
8.997004302939104e-15
8.997004302939104e-15
8.997004302939104e-15
8.997004302939104e-15
8.997004302939104e-15
8.997004302939104e-15
8.997004302939104e-15
8.997004302939104e-15
8.997004302939104e-15
8.997004302939104e-15
8.997004302939104e-15
8.997004302939104e-15
8.997004302939104e-15
8.997004302939104e-15
8.997004302939104e-15
8.997004302939104e-15
8.997004302939104e-15
8.997004302939104e-15
8.997004302939104e-15
8.997004302939104e-15
8.997004302939104e-15
8.997004302939104e-15
8.997004302939104e-15
8.997004302939104e-15
8.997004302939104e-15
8.997004302939104e-15
8.997004302939104e-15
8.997004302939104e-15
8.997004302939104e-15
8.997004302939104e-15
8.997004302939104e-15
8.997004302939104e-15
8.997004302939104e-15
8.997004302939104e-15
8.997004302939104e-15
8.997004302939104e-15
8.997004302939104e-15
8.997004302939104e-15
8.997004302939104e-15
8.997004302939104e-15
8.997004302939104e-15
8.997004302939104e-15
8.997004302939104e-15
8.997004302939104e-15
8.997004302939104e-15
8.997004302939104e-15
8.997004302939104e-15
8.997004302939104e-15
8.997004302939104e-15
8.997004302939104e-15
8.997004302939104e-15
8.997004302939104e-15
8.997004302939104e-15
8.997004302939104e-15
8.997004302939104e-15
8.997004302939104e-15
8.997004302939104e-15
8.997004302939104e-15
8.997004302939104e-15
8.997004302939104e-15
8.997004302939104e-15
8.997004302939104e-15
8.997004302939104e-15
8.997004302939104e-15
8.997004302939104e-15
8.997004302939104e-15
8.997004302939104e-15
8.997004302939104e-15
8.997004302939104e-15
8.997004302939104e-15
8.997004302939104e-15
8.997004302939104e-15
8.997004302939104e-15
8.997004302939104e-15
8.997004302939104e-15
8.997004302939104e-15
8.997004302939104e-15
8.997004302939104e-15
8.997004302939104e-15
8.997004302939104e-15
8.997004302939104e-15
8.997004302939104e-15
8.997004302939104e-15
8.997004302939104e-15
8.997004302939104e-15
8.997004302939104e-15
8.997004302939104e-15
8.997004302939104e-15
8.997004302939104e-15
8.997004302939104e-15
8.997004302939104e-15
8.997004302939104e-15
8.997004302939104e-15
8.997004302939104e-15
8.997004302939104e-15
8.997004302939104e-15
8.997004302939104e-15
8.997004302939104e-15
8.997004302939104e-15
8.997004302939104e-15
8.997004302939104e-15
8.997004302939104e-15
8.997004302939104e-15
8.997004302939104e-15
8.997004302939104e-15
8.997004302939104e-15
8.997004302939104e-15
8.997004302939104e-15
8.997004302939104e-15
8.997004302939104e-15
8.997004302939104e-15
8.997004302939104e-15
8.997004302939104e-15
8.997004302939104e-15
8.997004302939104e-15
8.997004302939104e-15
8.997004302939104e-15
8.997004302939104e-15
8.997004302939104e-15
8.997004302939104e-15
8.997004302939104e-15
8.997004302939104e-15
8.997004302939104e-15
8.997004302939104e-15
8.997004302939104e-15
8.997004302939104e-15
8.997004302939104e-15
8.997004302939104e-15
8.997004302939104e-15
8.997004302939104e-15
8.997004302939104e-15
8.997004302939104e-15
8.997004302939104e-15
8.997004302939104e-15
8.997004302939104e-15
8.997004302939104e-15
8.997004302939104e-15
8.997004302939104e-15
8.997004302939104e-15
8.997004302939104e-15
8.997004302939104e-15
8.997004302939104e-15
8.997004302939104e-15
8.997004302939104e-15
8.997004302939104e-15
8.997004302939104e-15
8.997004302939104e-15
8.997004302939104e-15
8.997004302939104e-15
8.997004302939104e-15
8.997004302939104e-15
8.997004302939104e-15
8.997004302939104e-15
8.997004302939104e-15
8.997004302939104e-15
8.997004302939104e-15
8.997004302939104e-15
8.997004302939104e-15
8.997004302939104e-15
8.997004302939104e-15
8.997004302939104e-15
8.997004302939104e-15
8.997004302939104e-15
8.997004302939104e-15
8.997004302939104e-15
8.997004302939104e-15
8.997004302939104e-15
8.997004302939104e-15
8.997004302939104e-15
8.997004302939104e-15
8.997004302939104e-15
8.997004302939104e-15
8.997004302939104e-15
8.997004302939104e-15
8.997004302939104e-15
8.997004302939104e-15
8.997004302939104e-15
8.997004302939104e-15
8.997004302939104e-15
8.997004302939104e-15
8.997004302939104e-15
8.997004302939104e-15
8.997004302939104e-15
8.997004302939104e-15
8.997004302939104e-15
8.997004302939104e-15
8.997004302939104e-15
8.997004302939104e-15
8.997004302939104e-15
8.997004302939104e-15
8.997004302939104e-15
8.997004302939104e-15
8.997004302939104e-15
8.997004302939104e-15
8.997004302939104e-15
8.997004302939104e-15
8.997004302939104e-15
8.997004302939104e-15
8.997004302939104e-15
8.997004302939104e-15
8.997004302939104e-15
8.997004302939104e-15
8.997004302939104e-15
8.997004302939104e-15
8.997004302939104e-15
8.997004302939104e-15
8.997004302939104e-15
8.997004302939104e-15
8.997004302939104e-15
8.997004302939104e-15
8.997004302939104e-15
8.997004302939104e-15
8.997004302939104e-15
8.997004302939104e-15
8.997004302939104e-15
8.997004302939104e-15
8.997004302939104e-15
8.997004302939104e-15
8.997004302939104e-15
8.997004302939104e-15
8.997004302939104e-15
8.997004302939104e-15
8.997004302939104e-15
8.997004302939104e-15
8.997004302939104e-15
8.997004302939104e-15
8.997004302939104e-15
8.997004302939104e-15
8.997004302939104e-15
8.997004302939104e-15
8.997004302939104e-15
8.997004302939104e-15
8.997004302939104e-15
8.997004302939104e-15
8.997004302939104e-15
8.997004302939104e-15
8.997004302939104e-15
8.997004302939104e-15
8.997004302939104e-15
8.997004302939104e-15
8.997004302939104e-15
8.997004302939104e-15
8.997004302939104e-15
8.997004302939104e-15
8.997004302939104e-15
8.997004302939104e-15
8.997004302939104e-15
8.997004302939104e-15
8.997004302939104e-15
8.997004302939104e-15
8.997004302939104e-15
8.997004302939104e-15
8.997004302939104e-15
8.997004302939104e-15
8.997004302939104e-15
8.997004302939104e-15
8.997004302939104e-15
8.997004302939104e-15
8.997004302939104e-15
1.670558215507244482e+00 -7.559422000287400190e-01 1.265930457127991904e+00
3.584621828809941402e+00 -3.925199530135113246e+00 8.252499642496550436e+00
5.545486611089341267e+00 1.738500378539748370e+00 -2.828207850839100507e-02
4.214354271117269235e+00 6.171983336239813545e-01 -4.504750467143067150e-01
-2.644438863492701408e+00 8.783653004597878677e+00 1.899821340837105765e+01
-8.125807653502084449e+00 1.733447235599462566e+00 2.888873774906688841e+00
7.135954807218811879e+01 -7.161078725032918868e+00 2.901626425086249128e+01
1.043295619599140522e+00 2.580885586279243693e+00 -3.254192149498565945e-01
-2.590087456483736172e-01 1.318709367707605828e+01 -1.145169836976482358e+01
-4.007344090404120429e+00 -5.435462482861106892e+00 3.238140867982980620e+00
-2.644601303766599543e+01 -2.094210941645151181e+01 2.536897499944984347e+01
-1.612715992826157851e+00 -1.969301522718734265e+00 1.820996928744339716e+00
5.463296097435944354e+00 -5.466806232995791603e+00 -6.919054744083472208e+00
8.463983112425083277e+00 -7.570649758644964145e+00 -1.692214357862140250e+00
-8.409691642549125490e+00 7.735320632713937883e+00 -5.620506715030746392e+00
-1.313081140964104110e+00 9.571333670541974925e+00 -4.498696145995526585e+00
3.363189569082786878e+00 1.010589792322755809e+00 -5.264675831372097825e+00
-7.014042391368102258e+00 -7.663751457558945490e-02 1.629180927494239040e+00
-6.829020698610300144e+00 4.270569863486320727e+00 -4.020833752123175842e+00
7.084970599330452368e-01 3.626142997225402009e+00 6.239906806196948708e+00
6.035585332045414475e+00 8.951471020909332665e+00 4.748314004423998647e+00
4.771054983184230380e+00 3.626191214986046685e+00 -1.558583147393604929e+00
7.426170395882392583e+00 1.573175962850342779e-01 7.207686771238270396e+00
-1.414396497065870673e+00 -4.469806453063681850e+00 -2.878633845183992679e-01
-9.835684177221445390e-01 -1.418188736191922317e+00 -7.007130325634620682e+00
4.515576067781858216e-02 -2.310654823963621762e+00 8.009514574786793517e+00
6.490414096242756337e+00 -5.367949321954074371e+00 3.686308245529410499e+00
-3.947296888171612839e+00 -1.456004219743442851e+00 9.656945963467142846e-01
-1.078801852387383464e+00 -9.599872296134537297e-01 -6.350153810929448639e+00
-1.868387182093930621e+00 -3.425810151917585866e+00 4.097138958808833387e+00
4.108065402085742335e+00 -6.248776655477202624e+00 -5.615723673794910553e+00
-5.052153038366830273e+00 -6.948486717141697078e+00 1.986929123889805249e+00
1.827950343074507267e-01 -3.191333891214534368e+00 1.298080965414863641e+01
-6.506136792286908666e+00 2.938912198369937556e+00 2.418897047106397746e+00
1.815045702506858705e+00 1.973897298884211171e+00 -1.636579326454987049e+00
-2.593173821207275104e-02 -6.787962624280057256e+00 7.172502081211460379e+00
7.117083837704839766e+00 -1.829471628843035091e+01 8.046882079839438262e+00
2.164581059001100094e+00 -1.379440527162505425e+00 -7.862506199822874464e+00
-1.143011798844531057e+01 -9.235692324404711329e+00 -1.546674040843520892e+01
-7.096328345160229034e+00 -1.618705831828132347e+01 -2.254333248051897165e+00
-5.151469166196704030e+00 -2.931368874697100946e+00 -5.776103043631700018e+00
1.909120286418940049e+00 -5.922762725413802443e+00 -1.437641976700221980e+00
2.335071238388189840e+01 -3.356070154245455939e+01 -2.441883254991024543e+00
2.918137670427517705e+00 1.772377001005706498e+00 -3.785214106552937885e+00
-4.763286614110368689e+00 -1.833683198414380655e+00 5.588951439558394796e+00
-2.693469349714195360e+01 6.892209749548284137e+00 -8.485461865177902041e+01
1.665267630515988806e+00 3.201208426814572405e+00 -2.516782618742305022e+00
-1.623354378964339872e+01 -2.633590341443735738e+01 -1.223342562859101257e+01
-4.154115526607119691e+00 -7.152756734433179275e+00 4.387229027873938314e+00
9.387204450476303919e+00 1.339246606066734957e+00 -1.788840491709872182e+01
2.146586726425656622e+00 -1.262398720172336652e+01 3.217546394879329252e+00
-7.569094054053701726e+00 -1.323897629490327432e+01 -3.491079870429531162e+00
-3.839105108811531775e+00 1.199899258385115708e+01 -1.068490144494174032e+01
-1.170436413086775218e+01 -6.765480144972383370e-01 -1.096935009214746160e+01
-3.311302914317594048e+00 1.047697566138679548e+01 4.180127570866180031e-01
-6.652864808323651069e-02 -7.704637395779770692e+00 2.674708407177190939e+00
-5.536469195729186055e+00 3.831718018201401676e+00 -8.446776042259617867e+00
3.090430027000293123e+00 2.143919346817517724e+00 1.554955752192470897e-01
-5.559896340338985610e+00 -8.263006052061868667e-01 -1.966144664204475312e+00
-1.793496300317544367e+01 1.293172813698325108e+01 7.311199197218081203e+00
2.289763925993871130e+00 4.973550949147882427e+00 4.078726230409032816e+00
4.057918377069293037e+00 -3.677877933245651043e+00 2.413026645293240957e+00
3.526313599206846838e+00 -3.077191711135161434e+00 -5.153152387606867890e+00
7.611583967736629575e+01 -1.084120036975139989e+01 6.818004005851115323e+01
1.196588083150812720e-01 -2.234303015636836420e+00 1.312428971179851134e+00
-4.265701925026839092e+00 -8.192994144761705400e+00 -5.558028146397687053e+00
-1.598528199883239242e+00 -7.762277448092958387e+00 -1.108191342354887254e+01
9.044112735469628461e+00 1.024929977340591769e+00 -2.291661342833971826e+00
-3.007748052916535908e+00 8.054851865766503138e+00 6.134599781300139609e-01
1.049658230214355648e+01 2.876392381307049995e+00 -7.457740067037360809e+00
-2.431899236817471177e+01 -9.073610496769130407e+01 -4.424430503328957798e+01
4.819682439563501397e+00 -1.050223719861154592e+01 -2.190874330892907285e+00
-2.132753906111953057e+01 -2.162506761907055264e+01 -1.075527898271737648e+01
-4.749547195959202384e+00 -2.379493846172248350e+00 -8.177039732590710708e-01
-7.578490204795196306e+00 -8.757565904427098147e+00 1.072888032745546916e+01
1.770126114783141702e+01 -2.410629354237464383e+00 4.600506289922117187e-01
7.227005451628010224e-01 -2.279605170273279580e+00 -1.191220475180988991e+01
5.419159790976598501e+00 -5.695610100781774987e-01 2.700652492032478591e+00
2.547138883905390561e+00 6.320877615121380799e-01 -3.612999950624626866e-01
-3.838343151108735807e+00 -3.433989724223900364e+00 -5.960080991272387330e-01
-2.131656857450193954e+00 -7.594388000056639498e+00 6.955891623708120974e+00
2.785181004890863399e+00 2.844252663335386178e+00 -1.394284175405672288e+00
6.560133368824237365e+00 -9.028275604859693715e+00 3.171867265871227470e+00
-1.451001130291591723e+00 -1.032828094852442924e-01 -1.077651255888330883e+00
-1.971304680049698721e+00 1.472272487700181820e+00 -1.305104737588801633e+00
-8.805589696886043649e-01 -1.287459154384739790e+01 -2.405306083598173217e-01
-2.857216560287743512e+00 -2.933177495800038059e+00 1.626724338665235026e+00
5.176889019465445996e-01 -3.643541218780253388e+00 5.428856030126311794e+00
-1.263634441812009079e+01 1.317445826770799222e+01 1.610149840566849344e-01
-4.729088768194372250e+01 -2.110931988540356130e+01 4.278685064024583795e+01
1.589682386552373217e+01 -4.168752566320608643e+00 6.917268556348683539e+00
1.605012919615035893e-01 -5.465841994626032374e+00 -6.163217506952848312e-01
-1.897786421508206978e+00 1.122936411019387570e+01 4.121716077581410786e+00
-4.637937251754649992e+00 2.140982436320215143e+01 1.252101480022497704e+01
-6.003156118567756216e+00 1.878893110562185331e+00 2.969273621006399466e+00
-3.495618149548503084e-02 6.263139334599467034e+00 -1.698387862407185978e+01
1.094452497920960177e+01 5.054948400031173961e+00 6.701545957212636795e-01
-7.881291572009585522e+00 6.894748314233075659e-01 -9.941130173791655977e+00
6.040903034816906114e+01 1.870662104978418583e+01 1.229395123576422755e+01
-1.726325924429116254e+00 1.405246136510309007e+01 5.804161513792677418e+00
-3.702195288693944430e+00 -5.264836927574823910e+00 -1.080794181059595571e+00
-1.120107033066973345e+00 -7.716072854512853851e+00 7.048175325900316146e+00
4.415172286718108907e+00 -5.415348711865125564e-01 4.383287267490294070e+00
-2.205070258793383697e+00 -9.808853589857451094e-02 -5.866817711381284717e+00
1.789379157389616637e+01 -1.787774755888118738e+00 -1.450055935118741957e+01
1.451771742629403938e+01 2.905575091437580859e+00 -4.534616950759585485e+00
-3.605887818880160633e+00 2.163097947768245710e+00 1.656974692347051814e+01
1.889269815990429180e+01 1.650035545510259327e+00 -3.701470152204518804e+00
1.902933797748542988e+00 -1.573163492279299192e-01 -2.202572720193620270e+00
-7.907630421074067328e+00 -6.269317176500239785e-01 -2.728061032791597729e+00
1.119762904763073497e+00 1.706823236879604977e+01 -4.115272178296589978e+00
4.017507817183092467e-01 6.623702951040773890e+00 -2.333572626454349042e+00
-1.024101331366140144e+01 5.717485425815997502e+00 9.497738735976898994e+00
5.533789751819397473e+00 -7.830915554655411448e+00 6.168990919526603989e+01
-2.011158815728971483e+00 -7.997068247653777107e+00 8.051462699017749358e+00
-5.981309419531438465e+00 1.965736687439699759e+00 5.650502284973218714e+00
-4.262511552430963135e+00 1.812181906384240149e+00 2.403472208362946461e+01
-1.584033667072010543e+00 9.600490007701047990e-01 -8.337078039032650434e-01
-4.918156594596450937e+00 -5.696444025204726813e+00 3.377902672166557707e+00
6.220465523696843135e+00 -4.574345826040962848e+00 -3.716920675795736262e+00
1.590841143281780168e+00 -6.376923728375781586e+00 -4.304769783748357170e+00
1.203055889218050645e+01 -3.626292357892459517e+00 -6.992000102040117682e+00
4.280832978278901635e+00 -2.409175237412790160e+00 -7.995791569790279496e+00
-1.814144539758579455e+01 1.801520478483383414e+01 -6.655679614053836346e+00
-4.501608158811687410e+00 1.096672043826506204e+01 1.059965495701467653e+01
6.359671024828835728e-01 -1.085860040393710424e+00 -4.017518749638665732e+00
-1.580505488138536085e+00 -3.521787756609649378e+00 -5.978707080340069702e+00
3.653359549536401296e+00 -4.484235701553791031e+00 -1.072285228403191226e+01
1.723805746741974010e-01 -7.908617101644475511e+00 -1.317588556741504746e+01
-2.981788031015487395e+00 3.958345810948764587e+00 2.329419087399358546e+00
2.027324928731896136e+01 -1.867231424139099971e+01 3.488922552800850063e+00
-2.190222196553107459e+00 3.759645893896739199e-01 -5.665210133894635902e+00
-4.534780571309859454e+00 3.815873987917272725e+00 1.986812810645545824e+00
2.110970417343893857e+01 -1.162422334639643395e+00 -1.743285580728749551e+01
2.202026939960065377e+00 -4.902567973630112874e+00 2.249808006566214047e+00
-6.453092789311545285e-01 4.927083170072543261e+00 -3.336937767258246978e+00
4.046278780647114104e+00 4.829713609213643899e+00 3.018857437968498036e+00
-1.350604653859040738e+01 -1.328134812100456408e+01 -2.465309786135652814e+01
5.186461868805084530e-01 2.324447571310076288e+00 -2.338268990806700032e+00
3.676363590745109211e-01 4.458768431991182446e+00 6.734769361851244973e+00
3.139825154096338000e+00 4.988345397932086200e+00 -3.711887614773214050e+00
-2.834363886297952551e+00 -1.480949142440013189e+00 -3.060075129320867227e+00
8.155688165373581322e-01 -7.587737816295064164e+00 9.277777623642776916e+00
4.945930651905370290e+00 -3.651320935802557233e-01 2.841297469858583558e+00
-4.501421266986006309e+00 -2.318379069277978655e+00 -1.072337490114860792e+00
2.641681950346291075e+01 -1.988694986498111561e+01 -7.824623858556483569e+00
-7.079893490179499871e+00 -2.411272874454488124e-01 9.014942277613233301e+00
1.780557969483546499e+00 6.873046282999468737e+00 -5.149186863230822198e+00
-7.044512777273935100e+00 1.466901092353835923e+00 -3.133116941180008830e+00
-4.787709477495345478e-01 1.186243870790914423e+00 4.377856108071676466e+00
-1.579393104478638898e+00 6.264376295046281129e+00 5.691991585652812269e+00
4.383999519927119337e+00 -1.526270576440413151e+01 1.075740391142073982e+01
3.327817756041718145e+00 5.033906392044419142e+00 1.850122990281922952e+00
-4.370196768943128696e+00 2.714124354729954280e+00 2.326742880657605983e-01
9.890241296011531347e+00 -2.970539811329016011e+00 3.013508637270919888e+00
-1.348297013492939733e+00 3.301337680175185252e+00 4.223497576383593577e-01
1.566963643636166470e+00 1.131903191977928103e+00 -5.831958630097364704e-01
2.533290346190764453e+01 7.502471224255939042e+00 -2.029006499520925288e+01
5.592025774326446097e+00 -5.501510587906251359e+00 7.445094929942939199e-01
-1.560389337537923637e+01 -1.141506529397626579e+01 1.603990414078458571e+01
-4.634968741295163175e-02 2.345924377069903421e+00 -5.232977121247452956e+00
4.174296657319884196e-01 -6.728096654743545457e+00 1.045470688307444007e+01
4.462510179135590782e+00 2.041372010058252862e+00 9.027515407592206387e+00
-2.534126491906691570e+01 -1.413982890437190054e+00 -4.200233281700318955e+00
-1.661469105877823793e+01 -3.647527844505955574e+00 1.510902629545340226e+01
-1.588400338040807602e+00 1.251260610269698148e+01 1.839526736443942490e+00
-4.396950005851310550e+01 -1.560978876283561689e+01 8.951767955977325997e+00
-3.284545556556949020e+00 -4.587292314775454294e+00 1.731599456527532110e+00
-2.414375399450501003e-01 1.324770173336176882e+01 -2.599164428599264332e-01
3.971725565540258795e+00 3.510557321059815661e-01 -1.495582301625244970e+00
1.804761314596185606e+00 5.783604872564456656e+00 -2.974761452376462056e+00
-1.107356190155651454e+00 -3.743392957185593062e+00 2.776189157066246693e-01
-1.060364155180444357e+00 -3.097033824612753339e+00 -2.233146597480574425e+00
-1.438972742662735449e+00 -1.002154297597822818e+01 -6.858660803882036916e+00
9.916793280177289560e+00 7.506034015185791830e+00 -4.374031811353910726e+00
-1.728972334899103291e+00 -1.932754184714405454e+01 -1.129043804855504973e+01
3.590621341813736933e+00 1.771733034986135713e-01 -4.223567383021563870e+00
1.735032987556974993e+00 3.251634054985652611e+00 -1.708414393856110935e+00
7.877873495793039638e+00 -9.929440606282238235e+00 9.361435948149578579e+00
4.317741200421088443e+00 -5.481277904921963540e+00 -2.603484312645567123e+00
7.675832416465092400e+00 -5.495209014335933340e+00 -2.219531033262025221e-01
2.316419051642727656e+00 8.005406953857148622e+00 1.596527900682960244e+01
1.472026895668188651e+01 8.007727939381162230e+00 -2.128359321956457961e+01
4.186076546927839814e+00 3.356862408431651179e+00 5.787697321016872287e+00
-2.371870353940225051e+00 9.600785527008677267e-01 7.038761556336178282e-01
1.845768106550199350e-01 -3.687528834986897874e-01 1.633738367827883664e+01
1.522594281899031676e+00 -1.223689349967223983e+01 5.142147833510212429e+00
-6.774485649568631196e+00 -1.245672669028034996e+01 2.500249364203521729e+00
-4.732546798799923238e+00 -2.169281118198311020e+01 3.863659633793689352e+01
-4.366097972469768607e+00 4.031154191131921749e+00 5.356612384551231010e+00
-2.531523463232590920e+00 -7.192696270595049235e+00 -2.721753132624527893e+00
2.241831673825861238e+00 -5.249069502247568408e+00 -1.784427765348887585e+00
2.295778178457211993e+00 9.512040767361923388e-01 -4.754006661629467168e+00
1.448925930722288946e+01 3.624653949186905866e+00 1.373164858117145215e+01
3.945604322490172677e+00 1.545130399815324473e+01 -4.802158766200005147e+00
1.159364685051594890e+01 1.348909670239073932e+01 1.019323049935173309e+00
7.017665347360050099e+00 8.870329571327873808e+00 -2.387493948756097772e+00
-1.369069418512294867e+01 -5.097063324774785187e+00 -2.084567133712262432e+00
-3.262003665792096996e+00 -1.753103204973952278e-01 3.194957754142371709e+00
-3.597920728139721636e+00 4.463824168194569175e+00 -1.598024115148551694e+01
-2.403690074431290924e+01 1.321297159608279159e+01 -1.126930447264771828e+01
-7.707107968707011203e+00 -4.832838838588992658e+00 -1.140431714215862646e+00
7.372882912363978303e-01 -1.341941080360796068e+00 2.255870037046264986e+00
4.152820638656915975e+00 1.322006612116317426e+00 -5.895421363844735474e+00
-2.890042048496571425e+01 -3.548343043555568954e+01 -8.850238344943006652e-01
1.108785827400677526e+01 -8.867155822751239924e+00 1.354771314234655932e+01
-8.302682763411160849e+00 -3.677853239367337324e+00 -7.302553919156109075e+00
-1.490820665056653782e+00 3.820328706968072474e+00 6.797812023504363754e-01
3.630568148349053725e+00 -1.951353036092777549e+00 -9.339872361517980170e-01
-8.089050800937616970e+00 1.098695862489270070e+01 4.849232374170676430e+00
1.827533524452992220e-01 -4.893050207886196823e+00 -8.685134342797113938e-01
8.066708782148355183e+00 -1.344892495415200173e+01 -6.968348491112890564e+00
-4.456857994408113477e+00 6.896373388358805201e+00 4.614442361840978002e+00
-2.208225509534257558e+00 5.934178865331823260e+00 -1.442189866733263059e+01
-1.514590779530560649e+00 -5.117429124377652627e+00 -3.407104921847681211e+00
1.161530475222452674e+00 2.513690024045625648e+01 -6.962374837050177234e+00
4.509285068067368840e+00 2.804322521350627317e-01 -4.073726238826245322e-02
-4.077878736602608001e+01 2.089706292974348685e+02 2.414785376972978668e+02
-1.866584891718699124e+00 6.872680458303811690e+00 1.644297629712519582e+00
-3.859295774402202728e-01 5.612578862235287680e+00 -5.051507014615454594e+00
1.316078703517356630e+01 -8.163042470064533873e+00 6.038460218332915019e+00
2.906397681409821576e+00 3.305684715478550473e+00 2.011223070186302753e+00
1.068603191058557123e+01 -4.316455119171343391e+00 -7.538410476052243681e+00
1.191082450077591304e+01 5.631579287466484729e+00 7.072600287546912945e+00
-2.223698185819834805e+00 1.826035710421634317e-01 3.396114175619207920e+00
1.726224053835815564e+00 -2.610326297813980734e+00 5.792281149785853067e+00
1.504913772787259463e+00 -1.083215759312628812e+00 -1.102575351035264412e-01
1.038620574809862163e+01 4.434957835214427213e+00 -2.247971264889672582e+00
3.971684196452624604e+00 1.514277363733054926e+01 3.191111078923512423e+00
-5.325937904189648187e-01 6.433102119229565652e+00 -3.254877003985313877e+00
-8.765743860811385346e+00 -1.870472955401991655e-01 2.132528948730116447e+00
8.736178184822957604e+00 7.259389476152537490e+00 -3.642773942277032440e+00
1.960726946854517649e+00 3.410913375040649953e+00 8.355558521586504028e+00
3.577074083279426553e+00 -4.012118506467726498e+00 -8.846954646518023768e-01
7.714454454721549892e-01 3.165412677026837152e+00 -8.158124119791198225e+00
5.877716325718805201e+00 -1.972071988772925222e+00 1.032439345295770750e+01
-1.602096489546482871e+01 1.646744061946475668e+01 -3.093906914369241035e-01
-4.851611322902405488e-01 1.351622677572639208e+00 2.204258717932828660e+01
-4.509479125089947082e+00 3.078458968597938661e+00 3.165263023325786129e+00
-1.296206969742909720e+01 3.265729530142110537e+00 3.508131225054060831e+00
-8.322632278353969681e+00 -1.026566535941671798e+00 2.948077157569095164e+01
-7.016463123897644039e+00 -2.823411997404275553e+01 -1.262744803558586648e+00
-3.023267726030609115e+00 -2.679329085363463481e+00 8.774720194953454566e+00
-2.254377070060620269e+00 -4.905602318362920045e+00 -4.546147305470711886e-01
1.988473143045428992e+00 -5.211972732025800248e-01 1.164690253329994984e+00
-3.292310578893222317e+00 -8.851420860035339899e+00 8.617967648794364166e+00
-2.980806351960649536e+01 7.808995979718985403e+00 1.437627099998559466e+01
1.304340044415149613e+01 2.667705930447723528e-01 -3.631462334299544459e+00
4.181648450288264485e+00 -1.431696028371405929e-02 -9.428959026442671032e+00
2.356419927150107174e+00 5.030859854579126100e+00 -2.479625687228914188e+00
-2.702561835446481542e+00 -3.527433629265360526e+00 2.495340292091036360e+00
-9.590709161860827336e+00 1.698977476234166062e+01 5.775986105885628774e+00
-4.838960880266110820e+00 -4.105033002322602820e-01 7.245545686576516431e+00
3.215554949755305536e+00 -7.155684264714864184e+00 5.795764952592290520e+00
1.814366822488030051e+00 2.431177397437267018e+00 2.110000840482832540e+00
6.981597082345212257e+00 -1.428260311506140390e+01 4.801027504289018033e+00
-4.671990435781814277e+00 -7.552300488054634720e+00 2.267556232215850898e+01
-4.344942579269226002e+00 2.703897396061083569e+01 -2.105256790886102891e+01
-7.354414873996232416e+01 -2.622647359684588864e+01 -2.473109497700001569e+01
-1.760270741257716764e+00 1.586956672084393949e+00 8.307681943340821107e+00
2.864757530171281985e+00 -7.356030339790592398e-01 -2.409776501957929362e+00
-7.112607130037870817e+00 -6.620959630923882955e+00 -4.704944215060329782e+00
-8.650414236384589284e-01 1.739336166530811578e+00 -2.239432520300848939e+00
1.571061275607783303e+00 -1.950826042423367657e+00 -1.032459034466272962e+00
1.801868984315833533e+00 -3.588934776469794308e-01 -9.672602612283748513e+00
6.097775065177836851e+00 -1.288124875785001455e+00 1.633766319214987883e-01
6.722623426417327686e+00 -7.390725842588586225e+00 -3.601488706600549872e+00
-6.312374019749417364e+00 -7.238561638473128390e+00 -3.564380102140805917e+00
7.896354667454602350e+00 3.511408587661411396e+00 1.045515101678970282e+01
4.579810505786251262e+00 -2.527131120108684570e+00 -2.035367978550955748e+00
-7.003560520822188273e+00 7.585440840975365084e+00 -3.441285223087038769e+00
-5.496879554827218683e+00 -9.075182793908780354e+00 -4.391865999163989898e+00
-2.019598635956941557e+00 8.019893272790007188e+00 2.028627027633978841e+00
-4.062906813909870962e+00 -1.151323720784487570e+01 -5.221123296727658847e+00
3.453655910567306808e+00 -1.625220009061577597e+00 1.424240975837619549e+00
2.329824844998459810e+01 -7.702543823516316834e-01 6.853640521088457227e+00
-4.654739664594255366e+00 6.951050890167840279e+00 -8.706594812826193852e-01
1.062297569629781435e+01 7.411139893381596622e+00 -1.060955308230173344e+01
3.901218758569469092e+00 2.387405657460726083e+00 1.370221484033336656e+00
5.649366801682608852e+00 4.541079946013457658e+00 -4.210691361238827035e+00
-2.374897861140904620e+00 -2.710165136140585407e+00 7.333283144875263559e+00
8.779860134510441227e+00 1.725744561755299333e+00 4.677093095351916752e+00
-1.648024265563070800e+00 -2.293800860374838546e+00 -9.386225305322071222e-01
-4.412741619183263353e+00 -1.383547033674264881e+01 1.927271072260046958e-01
-8.199774322682651828e+00 -1.304104177887581528e+01 1.289843568252708461e-01
5.870008153539147955e+00 -7.909806953129460361e+00 1.722506589809700728e+01
-8.239177967440985739e+00 -5.512943861696918191e+00 -3.385011151146522845e+00
1.168722911286419697e+00 2.696576650453599733e+00 -5.816223182917102719e+00
9.148928367103775372e+01 -2.278614600755283703e+01 1.763425903658124838e+01
4.114202225033426252e+00 -1.753246262423544088e+00 2.436228207904513443e+00
-6.303719836145976751e-01 -7.195742754740799274e-01 -9.479894785707200455e+00
1.522313184991926693e+00 -2.506358098477787522e+01 -2.099669688679584478e+00
-2.246865871491553701e+00 1.382172815952736666e+00 1.922575666793805982e-01
7.328035243935934417e+00 1.150758590000009640e+01 -9.561114488208225515e-01
6.229873632053841703e+00 4.705965680933529072e+00 7.372316119245713173e-01
-5.970129100601754418e-02 8.824987058545071150e+00 1.663995378975221762e+00
-4.188016387964392351e+00 -4.562190702857592761e+00 -1.334975071616812947e+00
-1.282320034254931240e+00 1.827365818929452379e+00 1.649975243119106982e-01
3.404330752619319167e+00 -2.043509196964871766e+00 7.096883253807583003e+00
3.405322341922150553e+00 9.912440742796107429e+00 -1.056434647746062466e-01
-4.102856872463499727e+00 -6.843053414994441752e+00 -4.130394952618828164e+00
1.586760639124583649e+00 2.677941829174748989e+00 2.037374715429826288e+00
-1.104810835174331540e+00 9.577928007078416073e+00 1.326148838803857544e+01
-3.866989953513245148e-01 3.581879775852129910e+00 -4.379375757113219692e+00
-1.293621595730060081e+00 -2.383500438110436104e+00 5.473377066591771367e+00
9.852474335219742585e+00 -1.094281286130634712e+01 9.822341108731288628e+00
-2.467666642341350691e+00 -1.394838036686520732e+00 -2.658965613043540177e+00
3.358414695873059408e+00 -5.059291715032761871e+00 1.634254183174007835e+01
-1.062628428286137705e+01 -9.573273677608430177e+00 -1.668299162928495605e+01
-8.054488653467275938e+00 -1.438000548954206648e-01 2.341009311284691918e+01
-4.438979616701727582e-01 -1.414680524722712285e+01 -1.394765406127541851e+00
-5.614648368833986325e+00 -6.715529557285748297e+00 -5.583083668787982567e-01
-9.543522558284975865e-01 -2.381518449255784819e+00 -1.019773688157192382e+00
-8.439121038328671887e+00 1.108643559301623727e+00 -3.733095498602872375e+00
-4.223476880650276044e+00 -5.373993937566780010e-01 -1.920916376030511186e-01
-1.314494137805722396e+01 -8.384695321597151363e+00 7.295360344380026341e+00
-9.595840076552446529e-01 -2.013029946871140563e+00 -6.097609232306056004e-01
-4.461023724394132195e+00 1.181921742471373715e+00 6.434011095770418187e+00
2.060690063411638207e+01 -1.044827256442780694e+01 -1.804541181020164808e+00
5.770449165925602308e+00 7.073985845868948630e+00 -1.150937720273831566e+00
-7.556921949411333772e-01 2.745614779686688323e+00 -9.120355216662511255e-01
8.086541449459312858e+00 2.436706120831294786e+00 1.036356273944100259e+01
-5.029570962890105967e+00 -5.669790416488926788e+00 9.106770519504050476e-01
-5.503760634243708427e-01 -7.626346035735161344e+00 -3.182781726856022342e+00
1.125195256418875384e-02 -6.219735691895927232e+00 1.835540999943283458e+00
-3.898292155864911290e+00 5.891675358451291977e+00 1.156840665055205086e+01
1.672853626005916583e+00 9.587982407716070243e-01 -9.064128064927421846e+00
-3.564617323481438405e+01 -2.326893183914803842e+01 -1.150664654454353553e+01
2.953079887341018228e+00 3.132440042032937022e+00 -6.014620093770342013e-01
-9.380867781805022787e+00 -5.451209875440593322e+00 2.530899530550315468e+00
5.604287891107578190e+00 -2.351050142680755517e+00 1.825978821704571375e+00
1.085240343513392247e+01 -1.618950983503690111e+01 1.137014389868727449e+01
-5.597491172680171267e+00 -7.427517904012878036e-01 2.608698160224541818e-01
6.062565319741826997e+00 -3.979433808400163919e+00 8.263238567699080050e+00
1.741162358124860532e+01 4.505595283912932736e+00 -8.154086009590567841e+00
-5.706938401271583139e+00 -3.083324588681708889e+00 -2.118515720619374321e+00
3.719475681231451780e+00 -3.114152690413901414e+00 1.138292597728053046e+01
-1.380162379690873298e+00 -4.502051003428259257e+00 7.719760201041014014e+00
-7.029094214329512980e+00 -3.144173213641815678e+00 -6.632735694439838348e+00
8.176058903351359319e+00 -8.812715225203815450e+00 -2.142896903073387982e+00
-3.319251923322601161e-02 -2.127704639868262859e+01 -3.067112985047274698e+00
-4.833530258130984691e+00 -1.138744688462212773e+00 -1.681431966465820826e+00
-5.160211768967360335e+00 9.713981880548752113e-01 5.392292226603827565e-01
-2.112604692449579769e-01 4.305887850265108785e-01 2.895829348680112769e+00
-4.115129649870034712e+00 -4.814329198195501647e+00 1.397581064027312081e+00
-3.530466873476477918e+00 -3.071984831742242683e+00 5.291494841037660102e+00
-2.673218373430090722e+00 3.386479329438075503e+00 9.986286316179345590e+00
1.897364200360015740e+00 -1.346278643623394977e+01 -9.099595551663524517e+00
9.241699225243136251e-01 -2.311941606631130242e+00 -2.138478496304049070e+00
-3.111292328684841513e-01 -1.009069440544533958e+00 1.657970940594977183e+00
-6.926291278196471113e-02 2.103841983618881084e+00 -3.179183048238172216e+00
-2.179464799591698032e+00 -5.116152982499652779e+00 -9.219649881967769689e-01
5.222042827839837855e+02 -4.135651593646855417e+02 -5.296600634515909434e+01
-4.333164287314256180e-01 -6.255872986978791239e+00 -8.793758758053330737e+00
-8.294815154155343873e-01 1.267153706006502567e+00 -7.025907385421470419e-01
-1.105238652250996267e+01 -4.228548375472675147e+00 -6.322466308188062101e+00
4.239957295500206058e+00 -6.050720586409357615e+00 3.885667571972649004e+00
-1.434853840077274789e+01 -5.879054105934098828e+00 4.908219421890088974e+00
-7.816741187091144738e+00 -1.753179822117050790e+01 -6.266345607028713793e+00
4.187945095798338180e+00 -1.368407827701031998e+01 -1.611139462799362931e+00
8.766734398043185550e+00 1.962522120347905030e+01 3.708997692089513265e+01
6.412105912666265617e+00 -1.117665733817683282e+01 6.672714385863104392e-01
4.058597127741522037e+00 -7.722487602572460474e+00 4.839945039086699374e+00
8.810792098057731891e+00 2.504665666144330505e+00 9.965236760579985642e+00
-7.767382724656712867e+00 4.423595990883300466e+00 -8.888302236437364279e-01
7.202625673417086816e+00 1.612751503643202744e-01 1.107199347357315927e-01
-4.551879790973647921e+00 -1.081370767288837742e+00 -2.912937703753785801e+00
6.070162779448579293e+00 -1.978756950718468843e+01 2.716248194121463122e+00
1.360258042393466305e+01 -4.407896275592552149e-01 -2.797580548059256245e+01
-2.153219661655250139e+00 -9.717890462390810669e+00 -6.446193710544428912e-01
-2.019563962182616468e+00 -2.737154738200442416e+00 1.094486677347359826e+00
-2.631734227367980683e+00 1.025369213651447886e+01 1.558733255921201710e+00
4.897447745321471757e+00 -1.630785078248175424e+01 1.935523657505462403e+00
-1.150077562020626409e+01 -8.980538931919571644e-01 -1.662545646450910652e+01
4.293987260846419574e+00 -2.660458427240305124e+00 9.171425240876736495e+00
-3.074398213526708723e+00 1.838027884299535586e+01 -2.266769575218712696e+00
4.291485905439630932e-01 1.057045964550703410e+01 2.630339712304016864e+00
-6.904429546336610990e+00 7.942273556847051497e-01 8.616462794070537612e+00
8.845320899761057731e+00 -1.814693916414295449e+00 7.841550849555975589e+00
-1.616852863216010183e+00 -1.520347232483842737e+00 -5.531809947127244165e+00
3.940829790291933143e+00 9.097277012759471759e+00 -2.654278646577670209e+00
-4.660315909215290375e+00 -3.465326066569044627e+00 -3.876162608328573622e+00
-8.780409195555078483e+00 -3.761592657539517326e+00 3.847870806868537663e+00
2.643656204446381608e+00 -2.112044541314279655e+00 -1.534684652490679202e+00
9.395665269124446439e+00 -3.629758835381193816e+00 5.644790589803234671e-01
-8.109550039945574440e+00 4.027335742751861680e+00 -1.002456069917538217e+00
1.385241225720346137e+00 -2.195687079450241885e+00 -2.164114830096576014e+00
-4.666617612558364669e+01 -7.231562579509342115e+00 1.152764333032772548e+01
-1.476886820528848121e+00 6.539495431153723448e-01 2.083705993627606556e+00
-3.051379250059829129e+00 5.562089393623121936e-01 -9.887853579198609966e-01
-5.061763952523064880e+00 -9.093051576311227180e+00 -1.181514336261751374e+01
-4.944153211140316806e+00 -6.954321167439547757e+00 6.937485013258577027e+00
-5.283104569628043201e-01 -4.420926563768674988e+00 5.570197517520821151e+00
9.694548834711234520e+00 -6.457055737137671336e+00 3.322264281450502121e+00
-2.600161562513099600e+00 -1.826084592881727975e+00 4.916200041388015585e+00
2.549440811082614999e+01 -3.452387324645241051e+01 8.289819902942899432e+01
1.998579764349387489e+01 -3.339753989471683582e+01 1.788014764657537725e+01
-2.119462095156008363e+00 7.641931395742610711e+00 -1.402136027594471201e+00
9.362337908053879332e+00 1.977553053766644586e+00 -7.055234930781881797e-01
5.530069508297464909e-01 9.940191474445626840e-02 9.759876614156296482e-01
2.712522416905887468e+00 4.388775364068362883e+00 -1.664691503146523255e+00
-7.187316701381502071e+01 1.744788002019387463e+01 -1.219085233702690063e+00
7.128333614748564528e+00 4.071036252242034303e-02 -2.654510693786198416e-01
-8.742917348750495421e+00 -1.902351981905414746e+01 8.773884399125735811e+00
-7.938981098138413017e+00 8.660493031760124083e+00 1.244754353959673132e+01
3.166321888785994787e+01 -4.228151651383855381e+01 1.976566161393005316e+01
5.314241148960329397e+00 -8.949112473813508828e+00 9.946777374251380976e+00
1.019351479887697920e+00 3.138270067227667326e+00 1.221980885519570847e+01
2.344873285297079590e+01 -1.045605779084519327e+01 -2.597089661379818182e+01
6.220297618054713595e+00 7.424294561771604961e-01 -6.948787250700624973e+00
5.991224874690471935e+00 9.729440165623096659e-01 8.616430599291194925e-01
-1.835873631680035700e+00 -7.582943382013368705e+00 8.961988228042317317e+00
2.146335788698719327e+00 4.509364694924611783e+00 -4.339008391601369752e+00
-1.672618605233785249e+00 -3.288815526129455158e+00 7.355571103092018781e+00
-8.767038399965768614e-01 1.243327093677139894e+00 -5.767435087545122130e+00
-1.265823498602456709e+01 6.998369298065227007e+00 5.033294713571930146e+00
-3.670926510176005575e+00 6.001363327985043648e-03 1.361813265301042408e+00
2.343303236761905273e-01 -2.411742032981726069e+00 2.232053533383866029e+00
2.641142867927968485e+00 -2.149004247768020015e+00 9.488056169603668266e+00
9.142143175786465292e+00 -8.539865920858872528e+00 1.086310784182579603e+01
-9.541701104929993349e+00 -2.208736951053150044e+00 -4.634242820609579816e+00
6.916405190069908393e+00 -1.165639848107256427e+01 7.796144230544247655e+00
2.443486671321089876e+00 1.101462605118521898e+00 3.599958307977245919e+00
-1.068447895809359771e+01 -3.381613187916322261e+00 -1.789987123120350887e+01
-9.217401432451778120e+00 -7.922327294086456639e+00 8.268336605164897435e+00
-4.321883011970807154e+00 -1.071995855880958892e+01 -1.087507114961059962e+01
3.207687792086821332e+01 1.939312823466797786e-01 -1.401489143070408261e+01
2.721114949686097351e+00 -2.688605012285644413e+00 4.145690740955275899e+00
3.385136555500095845e+00 5.174722792846521813e+00 -9.118603554969135772e+00
-9.578212055085365551e-01 6.238023196198869691e+00 -5.569989252827577175e+00
-3.109113879456952390e+00 2.406399453873513838e+00 -3.070370427952725301e+00
-1.045609171021475658e+00 -7.920847013602966058e+00 -2.411740632787746463e+01
3.607689112703208245e+00 -5.669071430986918791e+00 4.193000252493439994e+00
5.713267466414508888e+00 3.493683642029109304e+00 5.168178256700249884e-01
-2.238246284498874861e+00 -7.968760837181141810e+00 7.042176485422239729e+00
-8.396504014260764981e-01 -3.689613990486916018e-02 -2.562824046599553096e+00
3.073670902068228461e+00 2.629790451507982851e+00 -6.422870343291466000e+00
1.756132948138526162e+00 -7.134302424651149943e-01 -2.209456619181330517e+00
-5.998227250905249441e+00 8.292791278006145461e+00 7.239115868966375267e+00
8.783249801049521466e+00 8.149386489998294181e+00 -1.266525591280469243e+01
-7.742457594270986121e+00 -8.834864704014984582e+00 -1.118522229505254728e+01
-2.141249647008340862e+00 -5.502031742080969678e+00 -1.690465220709506777e+00
4.711780056735243249e+00 2.573870460770565138e+00 -4.841264763495522594e+00
1.677960967017221749e+00 1.788337647220280546e+00 -5.667883143029592397e+00
4.353160611809065550e+00 6.495174349654422308e+00 6.024786065912477007e+00
2.725597694258931281e+00 3.368024239900683892e+00 -6.256536029740933813e+00
-1.367742934087217366e+00 -3.136817468503357631e+00 -1.833969175135286456e+00
9.320350181309461135e+00 -4.402058166951195339e+00 1.588882110294566274e+00
-1.789821834077175988e-01 2.401918661338799410e+01 -1.674648041260245801e+00
6.219226896339964838e+00 -6.959531981737707262e+00 -2.311957793886004087e+00
4.921190037732495526e+00 -6.601548993256408870e+00 -4.331799934170363464e+00
-4.227280661502867076e+00 1.483990869963983217e+00 2.227832003031959385e+00
3.271707428088969749e+00 -5.719973324143238003e+00 -2.020190439447840269e+00
-3.003617417241055687e+00 -2.981196645072158535e+00 -3.318441327754463099e+00
1.345814194965736021e+01 -7.072438905315685531e+01 -1.312386000045753498e+01
1.628298436833466756e+00 -5.343929657396655208e-02 -6.867483120720233036e-02
-1.238447653820344669e+02 -4.817030347828803016e+00 -1.124565771796678781e+01
1.967782538022718741e+00 3.989480924875873136e+00 1.418094069663646539e-01
-9.485821352073534385e+00 -7.918254639183922805e+00 7.914967638615481249e+00
4.865105237035073138e+00 7.680643687439864919e+00 -1.803557141025927679e+00
-1.577912561053733853e+01 -1.681088044369209200e+01 8.443931371508470174e-02
1.917449527562321165e+01 2.034624676034670188e+01 -1.452273840559129248e+01
-7.808668135582555792e+00 1.072718483377159693e+00 -6.818587198132358695e-01
2.592908986656608850e+00 -8.795983097620375446e+00 3.939148908906266455e-01
-3.920629462712021951e+00 -1.933887600587952615e+00 -1.759385538401464721e+00
4.045071151064393078e+00 8.104139248543079654e-01 -6.907239704585815820e-01
8.796752232139505523e+00 1.579077961703900890e+01 1.478324763649535889e+01
-8.407748356998206996e-01 3.584974722640766220e+00 -5.399630521134883843e+00
-7.295675834923192049e+00 -8.495066512621561594e-02 1.311805424687203514e+00
1.145569686453536207e+01 -1.113084598644659273e+01 -2.877338602295423722e-02
1.693998364707218318e+00 4.548712627359981830e+00 -4.941740636483546445e-01
3.230065837471512324e+00 -1.177563945058405714e+01 -1.602649952132368272e+00
-2.622356528638213113e+00 -1.542373245046776420e+00 3.675795756702953110e-01
6.492337153025610874e+00 -4.615967174846213883e-01 -2.013328586091570838e+00
7.910253945340045334e+00 6.225084433120973593e+00 -3.926032179634111774e+00
2.482126621590915505e+01 8.194619040334766069e+00 3.262185640354933014e+01
3.848604948645377721e+00 -3.277727524595968500e+00 -2.716544770197524716e+00
-3.787159453742729109e+00 4.691046234803433634e+00 -1.527876089326772879e-01
-4.587934315227123250e+00 4.702081034312614705e+00 4.018072256032034772e+00
-1.521499349037344295e+01 1.142941683050970347e+01 5.839793493966210036e+01
-3.623038276119510126e-01 3.465778995598091328e+00 -5.408189378413617021e+00
-4.898994979089851931e+00 -1.452720341263762549e+01 -1.620436751585144464e+01
2.292748065824933290e-01 2.374786098952520064e+01 7.436549686952371729e+00
-5.994613961277797110e-01 -3.938336905970817980e+00 6.867473903545725733e+00
-9.826762428465332988e+00 -1.881064934628931340e+01 1.892310706909655238e+01
5.364864540620452260e+00 -2.719121406485346615e+00 -1.942054240489076378e+00
4.304000620917538988e+00 1.417059658025253244e+00 6.144816533483306031e+00
4.782961546896296312e+01 8.643663970236639216e+01 3.773160494638183593e+01
-3.296138476163181785e+00 2.522587749561756576e-01 8.917039244255212438e+00
-3.596368500698882809e+00 2.156834394251677445e+00 2.204905629638000075e+00
7.312164789449277613e+00 -5.356252243771374211e+00 -1.140260103020227866e+01
-9.324866961668439203e+00 -4.295973669601884204e+00 -2.142207325190924649e+01
1.889903544663788537e+01 -2.950973874630415850e+01 -6.779069392878557032e+00
8.697251340434894118e+00 2.038510130724951797e+00 5.238992399475858264e+00
2.473058270744153408e-01 9.871027482749877846e-02 -2.672551863764264457e+00
-2.558422854451475104e+01 -4.250064825718810368e+01 -7.427681434500303936e+00
-4.619122433270193007e+00 -4.475786486922338270e+00 1.161983243653897979e+01
8.332769613443611334e+00 1.121470440251257017e+01 -1.091069622049185739e+01
-5.685317374387949485e+00 2.511964699879677809e+01 -3.207583382195483068e+01
1.425639691335984116e+00 1.409082056081355283e+01 2.027218457141999508e+01
-7.037927850282420295e+00 -1.273585278661046205e+00 3.060870563105229647e-01
2.202755038601459603e+00 6.956808801695811839e-01 3.221557714224375091e-01
5.507535923567673519e-01 4.831443767665054345e+00 -4.885395057525084184e+00
-2.885451255135974336e+01 -3.060382478296467212e+01 -1.077934473875484400e+01
-8.400379708122596156e+00 3.225412670798515902e-01 -9.441032689291080082e-01
4.049732823359918354e-01 -5.320280766274143147e+00 -1.807339293823835069e+00
-1.165552353462421920e+01 -1.085925162446562009e+00 -1.277097507066189053e+01
7.994044449665915764e+00 -2.770151016881908124e+00 4.563739755912991747e+00
-1.197161281344729211e+01 -1.449368048687872390e+00 -2.578556694863346266e+00
4.044053344355208246e+00 -9.499499871365502557e+00 1.008227880074130445e+00
4.987099035440355266e+00 9.570604656168526514e-01 -7.684206780322790031e+00
-4.820498909107701735e+00 -1.152926471656638441e+01 -6.420553417485515446e+00
-3.761401941005851235e+00 1.469591316373070056e-01 -1.606178127225013741e+00
-1.913321111848835354e+00 -6.921250880396396798e-01 -7.488021660325358653e+00
5.751931395062935160e+00 3.475536163266069067e+00 6.144309987946854790e+00
-5.721613187336724415e+00 -5.326055023998632620e+00 2.223943543544257828e+00
-6.643140267102122465e+00 -5.900127315213170576e-01 -1.527226136719291194e+00
-1.524965175003669238e+00 2.749583583913153828e-01 -5.068494105181152065e+00
6.349232688306294392e+00 3.958368556044387088e+00 -1.501577575060057690e+01
-1.457262601773762611e+01 2.981261712431860555e+00 4.228625296769513042e+00
6.370448824068977167e+00 4.823858257329731281e+00 -5.950484476525833344e+00
1.252275301559104825e+01 -6.734690620373803505e+00 1.323127016947119117e+01
3.434010227216124633e+01 2.728158148221050183e+01 -2.373330898054818242e-02
-6.319333533798929814e+00 -2.019078593509196828e+00 1.502102519445344342e+00
-2.393633225389904418e+00 -4.949744682363671267e+00 2.504887324986771802e+01
1.085242967315398072e-01 2.185043212292272052e+00 2.058343401600963851e+00
4.111105526221745521e+00 -2.117107011633367453e+00 5.043446706453216244e+00
-7.010108797718160645e+00 2.146954206312217117e+00 -9.440010887105666493e-01
8.136116403986079604e+00 6.191290201540272875e+00 -1.571675826996427494e+00
-7.663342999513269582e+00 -7.585252862512386507e+00 -1.547220145111380241e+01
4.776646425444202038e+00 9.757520438764291981e+00 -2.493858316225418204e+00
3.085155652938592397e+00 -4.363624582154539411e+00 3.109239185647164838e+00
1.196246335252467707e+00 -5.881688920933838993e+00 7.885490015830389332e+00
7.954139564268850604e-01 7.284466811955642385e+00 -6.257148004800034968e+00
7.069720519014660809e+00 -1.878598473428129967e-01 9.982290301046910841e+00
-1.471807973533002079e+00 -1.209914985577972946e+00 1.321750930513367894e+00
4.938355376295719967e-01 4.249995309951997702e-01 -5.753851940251186292e+00
5.665777239218177996e+00 -9.055562963798112763e-01 -6.194350126009799951e+00
4.386927259000652946e+00 7.401763130028492732e+00 1.020902310781582401e+01
2.141267156213218836e+00 -1.027971056190537663e-01 6.807476593678506660e+00
-1.532099481155283494e+00 -1.845254397964054327e+00 -5.017461179211956113e-01
-3.231100062537971329e+00 -2.600874095228055349e+00 -7.783733482605146303e-01
4.427082177280011521e+00 1.280536563336882372e+00 -4.348694612518617109e-01
-5.290531437043060059e+00 -4.947012928056878645e-01 1.156535202729512601e+00
-1.344487296769553453e+01 2.238450551445779535e+00 -2.950271879572128331e+00
2.975013038754675154e+00 1.513713518239077960e+00 -1.640550443591189023e+01
5.147900156201688837e+00 -1.110739871014914781e+00 -1.712935684126332703e+01
4.737508844061833813e+00 -2.476002713575978120e+00 -3.961272749218480715e+00
4.313482837474821707e+01 1.626550566450675817e+01 -2.586310071897592877e+00
4.715176562161384588e+00 -2.308875690871324160e+00 -8.324592383980165877e+00
-6.891491545463289903e+00 -2.007535987681740686e+00 1.597592849431394768e+01
9.311784445229005058e+00 -3.714827190588958938e+00 -2.380417822102673497e+01
1.391974232744545903e+00 -5.846074061169559855e+00 -1.123728235913823070e+01
-6.885803150956917307e+00 4.079795714518358096e+00 -4.936476636642447069e+00
2.538516602016635204e+01 -5.473672115311732256e+00 -3.084245719770169369e+00
7.392592087965414116e+00 2.437099170945323134e+00 1.297994065499303318e+01
-4.363323300826312590e+01 1.775399472255840649e+01 -2.808317462386830599e+01
2.585834373444289458e+00 2.599674285857551670e+00 4.038724907417450827e-01
-9.244227998616844744e+00 7.500669813784139883e-01 5.991739379153207361e-03
-4.870991606665451279e+00 -6.741387523775501656e-01 -1.482329068926707460e+00
-1.125246846536582801e+00 -1.149583749675659128e+00 5.448153730013354235e+00
-1.962825743649987853e+00 4.182524531109525157e+00 -7.736922402149143396e-01
-2.847592362998654814e+00 -1.342080551491676710e-01 4.623099271128710441e+00
1.107763496811237403e+01 4.865187648160722134e+00 -8.536211173942691133e+00
-2.109398073320837241e+01 3.461933351733111341e-01 -9.243856073192494804e+00
-9.858560006060278269e+00 -3.120945868099343823e+00 -3.888592876665900366e+00
-4.048852150359103064e+00 -3.941100918461044156e+00 -1.061057182967157342e+00
-4.589089311411828298e+00 -5.271523809468814825e+00 -1.097374416559295796e+01
1.797463104057978045e-02 1.795196369261364611e+00 -1.647432884412944221e+00
-4.219038226053012375e-01 6.504583638826918701e+00 1.434195948146441424e+01
-3.304061227726522887e+00 -7.488775976476649276e+00 4.614457398051567516e+00
1.095270496491648693e+01 5.629592271066746534e+00 3.863270161669472152e-02
-4.961062642915614163e+01 2.719587756266837175e+01 -1.284653245767760552e+02
6.154526007336231785e+00 -4.204736665645964488e-01 1.827818796046347671e+01
2.824718987292594630e+00 -6.191176490308346381e+00 -1.757658751016572429e+00
7.886824949012310348e+00 -3.946913181770461687e+00 -2.674189539537666693e+00
-5.854009458751517236e+00 -9.336380412071635604e+00 4.073071423355086318e-01
-1.407802986927967126e+00 1.988090341133082584e+00 -3.985430410625584674e+00
-1.861131050348352645e+01 -8.118945474276271668e+00 1.151781865168002739e+01
-3.544015055381458001e+00 -3.112253112576147451e+00 -2.251423209918916868e+00
-2.424448690133691908e+00 -3.952469084614448125e+00 -3.742646932447421526e-01
4.335263610648288690e+00 6.667740028764317373e-01 -6.587960165857391637e+00
-1.220781601906500091e+00 4.678965178470850361e+00 -5.555832762919369117e+00
2.057958958996083965e+01 1.358528886852012718e+01 -1.393204513772920272e+01
8.493930202635764815e+00 2.380853597327510673e+00 4.776969895281775180e+00
-3.544403267330050067e+00 -6.153275507290533852e+00 -4.328392508569012698e+00
-5.024100593563876949e+00 2.803998841613910997e+00 -2.623224087753289968e+00
8.965855900707904169e-01 -7.578113309501226524e-01 4.448313082643073457e+00
3.321135381885998328e+00 -1.301932702794661667e+00 -1.031708543656105093e+00
4.363858596423103364e+00 7.013320701690868297e+00 -4.937880888194752238e+00
-2.632975705132687860e+00 -2.866480259587163015e+00 -3.821070626939899295e+00
3.089309984343380777e-01 4.150784405910970420e+00 -4.263511439134019199e+00
2.313542607672847584e+00 -8.105083420633942826e-01 3.331977316531375966e+00
2.285952927484024428e+02 -1.743080542676668188e+02 9.528028706562102457e+01
1.522271736459138491e+00 2.468510872950856694e+00 -1.339398348350779588e-01
-1.760106123161485625e+00 -2.946013620094710017e+00 5.611386156356631405e-01
6.791839347815084693e+00 -1.055960879488086768e+01 3.212737521126626028e+00
7.640893916130607089e+00 -1.630121602529706060e+00 -8.051628090631293588e+00
-1.324004078401065243e+01 6.064794949368980115e-01 -3.097842199499733162e+00
-9.823940391167250041e+00 -5.620302892155828900e+00 9.598172388331091653e+00
1.138703324272959616e+00 -4.262031179613926746e+00 3.280111708352921429e+00
-1.626234155221295907e+01 2.617852202438874798e+01 5.476033691586758012e-01
1.988057946469865200e+01 4.934752285985652520e+00 5.960393104077191140e+00
4.454506561493811745e+00 1.453616969071390308e+01 1.011057396584699042e+01
-1.198261262416166240e+01 1.648696189415980839e+01 -3.448764119113275850e+00
-2.578615452333737323e+01 -3.018651203836085628e+01 -7.562555664673401346e+00
-3.854881085024899345e+00 4.060523084081687273e+00 -1.826396406285123009e+00
-2.465491040628976283e+00 1.621922897185654300e+00 -1.694253664781748325e+00
-2.282750690648545355e-01 -6.100380928384973700e+00 4.996766061794089886e+00
3.565494825251156019e+00 5.958762916716455749e+00 1.028047456378096136e+01
-3.208662550862201979e+00 7.030092013639829274e-01 9.577019130796871060e-01
-8.081048773106097372e+00 1.032025294164970042e+01 4.526225127175031560e+00
-1.502362541159327591e+01 1.076593442311057691e+00 -1.773868412479536616e+01
4.461013753746174260e+00 4.546963557958187074e+00 3.106002772943451173e+00
1.394996094510132956e+00 -2.740151934384282839e+00 7.004392704553693783e+00
-1.327086494440192865e+01 1.268625006502993813e+01 1.285851114283488705e+01
1.620436635690533755e+00 6.656384444764294805e+00 3.436266322970200093e+01
-1.785093328365000787e+01 -5.220544334023506927e+00 1.579787210202261960e+01
-1.317258301018392785e+01 4.256223356312850647e+00 7.232835393116011646e-01
8.000983869170516627e+00 -4.104427251390671216e+00 -2.041336038944302711e+00
6.265856685097280554e+00 -1.501097577063386979e+00 6.379657484550403268e+00
-1.517148408498456824e+01 7.959390447154613746e+00 5.889174962136226377e+00
6.578189392940257285e+00 2.189903087490466582e+00 -6.133402815440239131e+00
3.593337930849451300e+00 1.203500770065207881e+01 1.226618211161323657e+01
4.433808892482358210e+00 2.659949733822176143e-01 3.381994066162843926e-01
7.120242691728360940e-02 -7.213244204814645677e+00 3.460490986442007255e+00
1.904225803157918673e+00 -3.939696011339056447e+00 -6.096920625061038379e+00
-4.523121717620424143e+00 -8.374074111842132240e+00 -3.047428091451285681e+00
-1.529268066692846428e+00 -2.541984981410107647e+00 2.056976995012830933e+00
-3.988998646062781717e+01 -5.149538335189173921e+01 -2.403895421111236530e+01
7.336997143322687265e+00 -4.486612651144501029e+00 -4.685831978871602388e+01
1.206337176029876446e+01 8.159608458536057540e+00 9.326381380375281083e+00
1.775405752232523282e+00 -4.005453213321094275e+00 4.425581418128035072e-01
-1.212438742467557784e+00 -5.541728435607036651e+00 4.759460765918264613e+00
7.078436442315856780e+00 9.197392724546860521e+00 -4.905148114218073729e+00
-4.120480145687331230e+00 -1.501973293069489834e+01 -4.233668209789755998e+00
-1.086254425025761705e+01 -1.224142283080226257e+01 5.221801701480393021e+00
8.075911848969509421e+00 -6.384821193885868995e-01 4.648606689166693506e+00
1.804810040104676550e-01 -3.480053912196499066e+00 -9.766701903428364417e+00
-4.705875697566275662e+00 1.074320343867290894e+01 1.610637971081026132e+00
3.356561287152230566e+00 5.660731240889259830e+00 -2.624640892539885417e+00
5.524671281581086113e-01 4.826478594160492186e+00 -4.138143652801429262e+00
8.809138404930524358e-01 -1.137400643450106941e+00 8.018506814625633083e+00
2.667399951037633610e+00 1.192788955480120094e+00 1.401737104837373682e+00
-1.361236042165446580e+00 5.577634750239467643e+00 -1.002040153236990916e+00
-4.240329028480125828e+00 -4.510335892805036551e+00 3.164699549889343544e+00
2.012755905320304350e+01 -6.463241172909003573e+00 -6.461509237545700834e+00
-6.557277293712830080e+00 1.921980278814389820e+00 -1.525080844171881189e+01
-2.659305672670611909e+00 -4.828111526218841210e-01 1.124772425492516881e+00
5.164748647794045411e+00 -1.158318766416078205e+01 -2.149683132695097498e+01
-1.336769748709943251e+00 -1.302300660867783755e+01 -5.337255741468679204e+00
1.135159726111944067e+01 3.924596222373940790e+00 1.352161908751920905e+01
9.931921086627909290e+00 -8.570181921025580962e+00 -1.597143230747232856e+00
-1.135892977260176018e+00 -1.977263112846824100e+00 -6.018264560863078039e+00
1.499887666434860556e+01 2.613262023938581535e+00 -1.076216058838205036e+00
3.887413618887591849e+00 5.618426603252465235e+00 -4.864470745108411265e+00
-2.880994225375559825e+00 3.680187504733716808e-01 -6.171252064407777016e-02
-1.115058457630891675e-01 -1.854615495740004727e+00 -3.689709120186206892e+00
2.553965287985712607e+01 -2.043146416397343845e+00 6.842489688176994989e+00
-2.382518691951642342e+00 -1.206933588391614975e+01 -5.068898181560037131e+00
5.216466106282050541e-01 5.287382042403290683e+00 -6.535692936842957934e+00
-8.058640592074471698e+00 -6.686837447633950937e-01 -1.967964962997967304e-01
-3.864416048793209058e+01 4.911580689562444491e+01 1.232185616946659934e+01
-2.289451416040453324e+00 -4.445138073986100835e+00 -1.164065172618418664e+01
3.621180175015411340e+00 -3.879917356019951580e+00 -1.928788787020728757e+00
-3.340339562678156238e+00 2.709897259317087581e+00 -2.309458446135252530e+00
4.674831615215520486e+00 1.594931450159584041e-01 -9.592674725502735811e+00
-6.363736740199945174e+00 4.835488631403710436e+00 -4.897423793076262299e+00
1.451434754037795871e-01 -3.637306934454278995e+00 5.258393130989306163e-01
1.117843363374767751e+00 8.376586207445110288e-01 -6.479509457593768396e+00
-7.887807073233942035e+00 -3.462032116651176494e+00 1.270160293252342587e+00
1.727814792343333394e+01 1.276585803708850220e+00 1.116125834547616336e+01
-9.198627618289128449e+00 8.054522247793667322e-01 2.939510721432602836e+00
6.555505412487444561e-01 -3.154811509864369867e+00 -1.066928137694458656e-01
5.147995119595368152e+00 3.117041952457604292e+00 3.992410379294511369e+00
-5.667977093738909389e+01 1.066226117162873521e+00 3.051482676666312344e+01
-4.880481053120717228e+00 3.117746577374943762e+00 1.743570218321834897e-01
6.374761747896938724e-01 -5.686125614117582217e+00 5.025733897181023480e+00
5.837207640502874995e+00 -6.957825595087456350e+00 -1.461742308028046011e+01
-5.864529807308752396e+00 -3.201400116556426312e+00 4.729625373601510918e-01
-5.236023427933916174e+00 -2.905296388031781696e+00 9.341869331119291076e+00
-1.362208862393011977e+00 1.468484607372445261e+01 1.642686933283765427e+01
7.460395641948545986e+00 1.506393129323661650e+00 1.574905209878535717e-01
1.662442989894995904e+01 -6.628178469770444892e+00 5.000602414509060623e+00
3.885084664012310007e+00 -3.052445896277624637e+00 -5.444332094494279239e+00
4.322448635566364494e+00 5.265596714276464141e+00 -1.510519505806729557e+00
2.293867239274140601e+00 -5.830485713134813119e-01 3.391519414634255547e+00
4.887891141475644297e+00 -6.436302031092135501e+00 4.995373525105552659e+00
6.770198928273554184e-01 -1.371808828634308641e+00 -4.830777419986858945e+00
-3.796964739622652019e+00 -2.078463851537358309e+01 -6.313626463177922865e+00
8.507684194069861761e+00 1.402588353026662205e+01 3.203211597338305072e+00
-3.612431879362301590e+00 9.511078851282823710e-01 1.022250368815748489e+00
1.610555147774985940e+01 -1.031725135862790310e+01 6.063512124654124591e+00
1.035067581414693905e+01 -2.311940717511002674e+01 1.813266757045383670e+01
-8.923155167961541068e+00 -3.208036345271084855e+01 2.752942926664680101e+00
4.048951563754108207e+01 6.570631030022394903e+00 -3.528986948745125574e+01
-3.489724859848924332e+00 2.728858146040591848e+00 2.047700464587160596e+00
-6.981437610448146813e+00 -2.660848691463753024e-01 2.733983774895886398e+00
2.767256588200702083e+00 1.206540020915987332e+00 5.929736810821643722e+00
-1.024277133538763529e+01 2.682546364827247487e+01 1.018802331438316067e+01
1.571561743953768353e+00 -1.011513127404375240e-01 9.219506902274627436e+00
-2.263589423485057495e+01 -2.842167331981456613e+01 1.292458022389797101e+01
2.437114400987535401e+00 6.096629433441131063e+00 5.625636808223395846e+00
7.252000345787637414e+00 -3.209027536437188743e+00 9.663809656139425996e+00
-5.345570596522657425e+00 -7.136089061644950604e+00 3.755474320988094306e+00
-2.613852646516999112e+00 2.596314094483136437e+00 -2.889133466007478113e+00
1.461922076776704271e+00 5.313431290926580175e+00 -2.573893581806189879e+00
-1.895506232643734412e+00 -9.160655797376916709e+00 -7.704156031287530126e-01
1.284573514185230358e+00 -2.068376365693008090e+00 5.964538206769115725e+00
3.127749913215008837e-01 -6.544711322034146406e+00 1.204368667677364968e+01
8.496445873939713067e+00 -1.329955778002964273e+01 5.401263354489162616e+00
1.607325229078675477e+00 1.423967796074532000e-01 -4.365526845758383345e+00
-1.195409796287917104e+00 1.309196962210396720e+00 -5.699720251991398534e+00
-1.373429758764239494e+01 -2.716656303185188914e+00 -6.034434437108519234e+00
-1.443148570914082329e-01 6.228571438689606943e+00 2.557806068759985507e+00
-4.748464295966731363e+00 4.476577603795816707e+00 6.844856333860426467e+00
1.250321491494839732e+00 -3.345579900944225304e+00 1.102545758560056877e+00
-3.685277956003062183e+00 -5.373020051211331527e+00 -2.943479496008952534e+00
-1.581014427527263733e+00 3.975506145892197529e-01 -9.171982133634489998e+00
3.882050612176146132e+01 -2.009294388377865914e+01 2.580222424854577756e+00
-1.771700610415573252e+00 1.614669739352561084e+00 -5.853879089102189681e+00
1.138478467232616254e+01 -5.694566824647447234e+00 -5.072869087606469485e+00
-1.355125611678773190e+01 -2.637739405943472004e+00 -2.808244034750297935e+00
-3.970141651946558436e+00 -1.213692261546544771e+01 -2.753531821224121323e+00
7.511340029392925555e-01 -2.352231937864730504e+00 5.640576373872960403e+00
-2.226166254160537150e+00 2.576849826538155419e+00 5.684349454654027411e+00
9.307721785439529327e+00 -2.171689833685438842e+01 -1.430972671045961064e+01
-1.091244623788338330e+01 4.872252257706382927e+00 -5.095591151106278360e+00
-1.390746458672241737e+01 5.885545284350099493e+00 -3.386217241263520084e+00
1.142752955956982674e+00 2.840364705338496609e+00 5.669605179520555538e+00
3.165423481746654222e+00 -1.278239046250664535e+00 -1.655204606513938359e-01
4.487130787229080653e+00 1.269361303072525038e+00 -6.415169437536584418e+00
4.306135749673888569e+01 -9.023829450475119307e-01 3.416713489758344480e+01
3.602679370853397955e+00 7.291981714539272907e+00 1.160424112923690210e+01
-2.130087885539500014e+00 3.881305151348795501e+00 1.931471282421961311e+00
1.604729494185709271e+01 6.368309950822445664e+00 -3.178350216715639220e+00
1.013672580255510525e+01 -1.013319275391949859e+01 2.639897198676524948e+00
-1.665462958112455372e+00 2.419410988339483204e+00 9.015093699815091011e-01
-3.999796873612485815e+00 3.415779886730708204e-01 5.602214746217438091e+00
-9.630403744576428338e+00 -5.230802070256221903e+00 3.575072551509605123e+00
-3.902733511376918596e+00 -4.865390897585064600e-01 -5.695813669228710907e+00
-1.008156049350787420e+01 3.585847460260865205e+01 -4.519381122991084965e+00
-2.344102091272116439e+00 6.334038715808935294e+00 -1.356657767121257940e+01
-2.153802802488280488e+00 -7.341407927942658063e+00 2.727810119641774111e+00
2.105836922761821772e-01 -2.896868837671706221e+00 1.411040055548293815e+01
-1.935863468870384851e+00 1.996228138307975630e+00 1.653271665097880705e+00
4.795444850062194675e+00 6.062496453168418498e+01 2.958673112003321393e+01
-3.229777834816634385e+00 -8.371166525484628806e+00 3.503423840049015414e+00
8.640366680115867837e+00 1.091988971124334817e+01 3.813587203638532230e+01
-2.381061291486568532e+00 3.308303530450238394e+00 -3.953998509228823899e+00
1.917150397107254101e+00 5.526905537182625672e+00 2.278794621495586981e+00
-8.903003487748110345e+00 -4.888072264754244500e+00 3.704688465013173726e+00
1.987307292508882739e+01 -1.651388086885492612e+01 -2.209542326084679331e+01
-2.223430360221791413e-01 1.074457676583955212e+01 1.797932204026110536e+00
8.417443719508408861e+00 -6.491607135574056997e+00 8.985331592284731883e+00
8.258562542456400202e-01 -3.538029169217628667e+00 2.341402975563191546e+00
1.635944937229758978e+01 2.238354604916742430e-01 6.935746084739816908e+00
-1.254865976757616330e+01 1.278429243056113940e-01 -1.681303658856014493e+01
1.807378253475088459e-01 3.623391111561732103e+00 -1.565157597686993585e+00
-1.635625576105096846e+00 -2.683637787725384083e+00 3.648003727450391254e-02
-1.373808357177843753e+01 -8.262120590199540260e+00 -5.768687970703299861e+00
-8.857725979656535742e+00 -1.484590327865493187e+01 -2.289954294295892723e+01
-3.105696323568222894e+01 -4.999386110371538017e+00 -1.264760639319022495e+01
-2.047488122173779068e+00 8.276283635118659276e+00 -3.944667396921200275e+00
-1.997785534554439302e+00 1.328928250875087613e+01 9.574524371421601288e+00
7.539114042131958904e+00 -6.784863830930387252e+00 1.309979242000706146e+00
2.725147411167290201e+00 -8.184817565509648674e+00 1.286929018259197655e+01
6.414746380091886024e+00 3.456281229702701019e+00 2.958560176379577467e+00
3.572491223223800194e+00 6.190052187663953598e-01 -3.120111263624323339e+00
1.393686776050059350e+01 -2.251771328771121350e-01 -1.641984393760067462e+01
-7.300131354362278557e+00 5.816602000624770952e+00 4.832800283673809538e+00
-2.712460380592897291e+00 -1.895945167682469235e+00 3.469892510925873363e+00
1.859800606903387443e+00 2.103294109036363491e+00 1.275456982345415291e+01
8.961971017412670992e-01 -6.368177028660424455e-01 3.099532093474752781e+00
3.796197571950328697e+00 6.215943005971090507e+00 5.212914108880329911e-01
4.026915693785518613e+00 -3.522845225787751389e+00 -4.120921291896206817e+00
8.790424433407184601e-01 -3.758140674111450918e-01 1.488312157053731966e+01
-5.875194116807864297e+00 1.737343431426216611e+00 -5.218983243134468708e+00
5.061105869659518142e+00 4.234166668319405136e-01 -2.353963618151382053e-01
1.045122645000172490e+01 -2.421503325388953076e+00 3.675431278434785343e-01
2.162346612549657721e+01 -5.317009385226763030e-01 -9.495728932346874984e+00
2.135610187726040277e+00 1.632202425526072087e+00 -2.650866672302235383e+00
-2.340052912681787056e+00 3.795664522805646701e+00 1.398080830098723304e+00
5.092733717407958993e-01 2.088996763798453227e+00 -2.017348553414391787e+00
-4.379653216238262203e+00 -5.298958817356492546e+00 -2.010743440934749104e-01
-5.902889579637101564e-02 4.337862393952543805e+00 1.367795502144695163e+01
1.417757654355924046e+01 -2.597244510579983867e+01 9.161725505186328888e+00
-2.249860046137559877e+01 1.160746157379029064e+01 4.662007833129753642e+00
2.395672309870664662e+01 3.677895884426700235e+01 2.856422008441413585e+00
4.757284175506389268e+00 -1.170092774561623195e+00 4.204273469448403411e+00
2.835292664085402592e+00 -4.268962492597234260e+00 4.217153568158888532e+00
5.294031425951710723e+00 -7.250530228186685022e+00 1.517337629241854113e+00
-9.007440758664504443e+00 -8.419091122869851063e+00 4.272653936879152781e+01
2.371282555755957588e+00 -7.075847994385410011e+00 1.630990101153143135e+00
-1.168204092685153839e+01 -6.811319473895132148e+00 7.874702802315795003e-01
8.147149676672484020e+00 -5.456894947770157600e+00 -1.551783010775888449e+01
-2.601893067969156093e+01 3.688865145759541164e+00 -2.172150120553116892e+01
-1.053581147588174671e+00 4.414688147101799576e-01 1.890361401265757468e+00
-9.230371653108978336e+00 -1.086962130954730599e+00 -2.833008997905482884e-01
4.832426283842726988e+00 8.440003396843613004e+00 -5.832076250312193899e+00
3.015814475619237989e+00 -2.230745707745593975e+01 -1.431069253563139299e+01
5.275042775001782536e-01 3.734875861582971801e+00 1.085811056986846346e+01
-3.969110138507396801e-01 -1.910816516018482680e+00 -3.309703500435190460e+00
-5.161993074576984419e+00 -4.016947436875978994e+00 5.142308837907727526e-01
4.373097039068966296e+00 4.704280625619657208e+00 -1.709052876102147067e+00
-7.821703762660728643e+00 -1.177219398992489907e+01 -3.684624064521447195e+00
3.123090104981139703e+00 3.081681708259961905e+00 3.364382940321918980e+00
-8.295641641582569559e-01 2.917003576724774838e-01 5.564913982615220522e-01
3.430368138191063565e+00 -9.036492202325792533e+00 2.912319800706002493e-01
-1.276624063217900451e+00 6.965526412575523407e-01 8.362325079437679776e+00
-8.218685141633155666e+00 -2.067518187871900892e+00 3.689630009599340621e-01
6.498335226328296743e-01 6.964043279290349275e+00 -4.880589132532366925e+00
1.733078447902077990e+00 3.624413476864332129e-01 -2.986439956026667453e-01
5.291433103273133653e+00 4.363543343664129992e+00 7.528824979238843085e+00
-2.093870472715960496e+00 1.555701332002564288e-02 -9.997829731807924558e-01
-1.248020398637305517e+00 -3.813217171705175490e-01 3.660142280315939800e+00
-5.575841665544400527e+00 -5.588936776799779516e+00 -3.396545085829692834e+00
5.822011049595670507e+00 3.569719404831085630e+00 6.938480408926197995e+00
-4.350862307870224299e+01 -5.099368139881659090e+01 -2.555475646036176607e-01
-4.075530433876213721e+00 -9.139098706941959804e+00 7.259326061503963423e+00
-9.485986478810268352e+00 -5.031474426391025823e+00 -2.610112355778120019e+01
-5.869032404221580235e-01 -4.986420873534149756e+00 1.628895257218991421e+00
9.580380586810688381e-01 -2.203085217490620362e+00 3.829112915704011577e+00
-5.970203846381513024e+00 -1.348681326801655887e-02 2.846477838042942299e+00
-2.504862812434508257e+00 2.850401686550845248e+00 -4.356451013722416832e+00
9.358614775078658354e+00 7.262483662475190727e+00 -2.197251666842645612e+00
4.433505255401095191e+00 4.041743436558354219e+00 -1.911396399234712939e+00
3.101480423745009318e+01 -2.623552082167256927e+01 2.957545894265767217e+01
1.077284344560853979e+00 1.135494555783295834e+00 1.168746078575020331e-01
1.161552699731428184e+01 2.295381390653934428e+00 2.308715623212492218e+01
-1.947295122120863908e+01 2.609597650499934218e+01 -2.685781666516672317e+01
-2.997125822547392904e+00 -8.134813705395231409e+00 3.012235158905874233e+00
-4.638124719967228415e+00 1.746936429683090486e+00 3.922250800713884100e+00
8.927058746834134473e-01 -1.103586873676922231e+01 -4.822858865896503033e+00
-8.375284190757046332e+00 -1.399066016432168347e+01 -1.218217015397104586e+00
7.097090328385576186e+00 8.086694794977367096e+00 3.651447868469709590e+00
2.303615113872760356e-01 -1.148828456827193989e+01 -1.778936316100669046e+00
5.302039323297259799e+00 -5.900574567244327717e+00 -1.302204782455888443e+00
-3.788729843883452908e+00 5.916356122824100616e+00 2.240731210523390082e+00
4.984193248802463727e-01 2.922233678352250674e+00 -1.900749586932830359e+00
-5.696237427915008311e+00 -7.178382021199254837e+00 1.023102008404462859e+00
1.531825864286589223e+01 -2.371488897639185467e+00 -9.527041444450496499e+00
3.636180008328646629e+00 1.135837264780447553e+00 -1.771962474915670160e+00
2.053923991004000527e-01 3.068415240499359875e+00 -3.880525463243045259e+00
7.109759804106229986e+00 4.706292744754491331e+00 -1.182460348672614714e+01
3.518824244689752856e+00 -4.770043764904237094e+00 1.423513519661467441e+01
1.249710481452033761e+01 -1.390635795359404092e+01 -2.790841450455732176e+00
-3.186168800716537852e+00 -1.245261459533775206e+00 -2.332910245455669696e+01
-1.664702753380098210e+00 -2.649245996574991224e+01 -7.928669701027062366e+00
3.060746848396989517e+00 -2.608794833121463430e+00 -9.204445034731202568e+00
-1.568266251679142442e+01 -6.398364678438928088e-01 1.090439755086712559e+01
6.558418077610673969e+00 -1.329917290133197483e+01 -5.677402580394861786e+00
-3.511764118323858597e+00 -2.667148304932545955e+00 1.066355586998035498e+01
1.872424325772092857e+01 4.970198292102171678e+01 -3.443576677778334272e+01
2.512863266939670126e+01 -9.616612641507400472e-01 -2.878219673916112331e+00
1.028012737628156081e+01 -5.579209323316133506e+00 4.175449618046022771e+00
6.003929570606019617e+00 6.162202671147782862e-01 -2.150960467177889801e-01
9.575217929286083951e-02 6.058479232866036845e+00 2.039133403662433341e+00
1.169793556601181228e+00 -1.942656847442159673e+01 9.537230502621612871e+00
2.539641561324128993e+00 6.507965224115425329e+00 -2.384770589415230191e+01
3.803757572730592340e+00 -4.955017592988564701e+00 -8.681167684897607373e+00
-4.061264740602058509e+01 -5.159181574588772889e+01 2.860666505009536920e+01
3.644460339880629896e+00 -6.199098505531964953e+00 -2.152641393436621087e+00
2.535701094047794424e+00 1.575923216677383820e+01 -1.235571796625568552e+01
-2.552664985090689065e-01 -1.001075535388564752e+01 1.021772663766726597e+00
6.457871489176525426e-01 6.434328474438529177e+00 2.645821603470059458e+00
-4.068071118791158014e+00 -1.056326129578336465e-01 -4.684031826049070091e+00
-1.441441341623812100e+01 1.617220305131565894e+01 3.308003407761546555e+00
2.646267101101430441e+01 2.424506243608575140e+00 -3.422159457163057361e+00
8.484739797974125253e+00 7.998057038476052760e+00 -1.278227221945071257e+01
-3.772651408397547090e+00 -1.731513287834339776e+00 2.481318312011367322e+00
-1.856407124552535848e+01 1.226664522311857297e+01 1.219411866022737634e+01
8.611677199731738730e-01 -9.387846983247177590e+00 5.812642705091111139e+00
2.960049704069284693e-01 2.660459524977188961e-01 8.392025017268354148e+00
1.380800726284835456e+01 -2.090635006270435525e+01 1.390047967376133542e+01
-1.416801781436526575e+01 -2.208572057087836882e+01 5.199898444034682399e+01
-4.837850686813941259e+00 2.559754348268880264e+00 -4.759826159305447391e+00
6.243624189327622531e+00 -5.999176692486699380e+00 -7.012721243354312683e+00
2.698284976773144450e+01 1.388156354224230427e+01 -2.230695556127292534e+01
-1.062428249187116513e+01 -2.683896424868173369e+00 -5.749970004988362859e+00
4.298808964202554428e+00 -1.751921784327041598e+00 6.373719882299255346e+00
5.117187150449646005e+00 1.807772789903516042e+01 3.533452508290449856e+01
3.151793209019379205e+00 -2.266304860364907370e+01 1.162457860449789848e+01
-4.514085910962807091e+00 1.269503842150484063e+00 3.172671040063803183e+00
1.282129292582870050e+01 3.189242990667905620e+00 5.580547361821389885e+00
-7.532798765545527520e-01 -5.904378394860415824e+00 -2.380998959186614083e+00
3.670605344045568152e+00 1.404502897827923036e+01 5.651157132892779877e+00
-5.018040963007175392e+00 9.675620534570178677e+00 -2.519445996306354907e+00
7.436878342295194066e+00 3.189714338936046278e+00 3.676909661382612993e-01
-1.788294182790956421e+00 -1.047890267988151880e+00 3.360866768090079226e+00
-4.628829963329601505e+00 -1.101661282749478055e+01 1.348722297883805821e+00
1.336421935566404784e+01 -2.619325182590840906e-01 6.411181000585949308e-01
-1.621878034461868623e+01 5.612062494480603903e+00 1.322251640942311068e+00
-3.389877232048217781e+00 8.172926438823260753e+00 3.940635158644624880e+00
-2.949967935487506132e+00 -1.949663276264937961e-01 9.640862264825182493e+00
7.669334586037584778e+00 1.804684200322960308e+01 1.098488869649572486e+01
6.792746851874428948e+00 -2.747756832692218154e+00 -9.824501703645093231e-01
-9.181005756088261194e+00 7.469952969792309716e+00 -3.303484459122998373e+00
-2.044338096150629003e+00 5.228109355836486394e+00 4.208707755588243060e+00
6.654589474106994418e-01 3.890776745023143413e+00 -7.245501529981627220e-01
2.641359694522125712e-01 4.199904958554753875e+00 -3.145019001225901611e+00
-4.150453594590304829e-01 1.186338422135788306e+01 -2.823798479734349609e+00
1.394116127163811392e+01 -2.322842372370685027e+01 3.592669805656110160e+00
2.982741794262182555e+00 4.701036999212825918e-01 1.027669341922445057e+01
2.546919968751161001e+00 2.276073187085245753e+00 4.428510825801200701e-01
-1.271926724018566723e+01 -1.093651630584519641e+00 1.630572683262639044e+00
4.021612019974783792e+00 -5.159575496711268805e+00 -3.152693640851121359e-01
6.800871846380190711e+00 2.132297592990014756e+00 1.778815538002652241e+00
-1.232483217740486747e+00 -2.733359145463410300e+00 -4.668208850621772044e+00
3.041091667012477906e+00 1.063040807338528682e+00 4.498350996440891314e-01
4.871425707401419558e+00 2.051909823382792819e+00 3.640484358401372411e+00
9.115839302163045943e+00 -5.095432544718839551e+00 3.602530230731820104e+00
3.367606187104617455e+00 -5.309503629105077671e+00 -5.599776979241183561e+00
2.254207206427599086e+00 6.456783231577148952e-01 -4.552762974835004028e-01
-4.647770240003831432e+00 6.602209699544203225e+00 1.020900881100548752e+01
-6.399453939290471460e+00 4.846442809470953961e+00 -4.254961927999194593e+00
-2.130108183741031169e+01 6.784615495694559684e+00 1.910548395060756377e+01
-5.697824470302602362e-02 2.831855158174910514e+00 1.128333210862960012e+00
-9.683026871697791860e-01 -8.206804066001089026e+00 -9.082429852656419556e+00
1.138289301168646350e+00 1.123219001651172499e+00 -7.225040172852461140e+00
-5.943717208863029455e+00 -3.568537115644996760e+00 -8.654044738902927136e+00
-6.278403527034154274e-02 2.261860695311237013e+00 1.472076721889700934e+01
-4.307628522534018067e+00 1.695501825616756664e+00 6.083909163613703264e+00
8.058952138605695481e+00 -8.259343117361547471e+00 -2.740116102690067779e-01
1.610716939197464015e+01 -2.129941190066377388e+00 6.254521547360482714e+00
7.037047087296201653e+00 1.141081353610739146e+00 3.288905927997194389e+00
-2.222261936027713602e+00 7.793902025552626789e+00 8.375226228358682690e+00
1.089673165819037415e+01 -2.549937191286326232e+00 8.262987636966194316e+00
1.219738697106925507e+01 -1.880099736133505672e+00 1.006932148836111374e+01
-6.059200131952175106e+00 1.795344161528540372e+00 1.596702108172561374e+01
3.388991516962724937e+00 -5.903334867488760906e+00 1.019408095980898654e+00
3.338594085366217712e+01 2.001638179948038143e+01 -2.287996501607649691e+01
-5.731620445983577339e-01 -4.528857440636933518e+00 -4.796989576606280892e+00
8.187894218403997115e+00 2.622374638051190310e+00 -1.020905092928824764e+01
9.568416063222034973e-01 1.504105683194087106e+00 5.513849064741808803e+00
8.243892214592676737e+00 2.563032956316397382e+00 1.093182790481960964e+01
4.317760189794811687e+00 -6.703468283224512936e-01 -1.171676407600817171e+01
7.993680382256957984e+00 -7.828027014786274052e+00 3.320409203512627361e+00
-4.709118154974867743e+00 4.428926849790409292e+00 -4.304922209087611723e-02
3.084557289241679712e+00 -8.458439246100024178e+00 -5.355443711083186509e-01
-1.625432784062219804e+00 -4.772897424011746992e+00 -1.761492451724012920e+00
2.779594278682008479e+00 6.592326606463019267e+00 -2.025596502213696137e+00
-5.161421048646962717e+00 2.351298597034591431e+00 -8.284196566296907482e-01
-5.341305452174565538e+00 -4.241993358318272733e+00 4.284617055264143826e-01
-2.645107563480048274e+00 1.309539469772748888e+01 -8.875288414556663952e+00
-2.092361335226651686e+00 1.598129699552547356e+00 6.872153927988866151e+00
1.599210350321136787e+00 9.861144601396311105e-01 -4.877260988294963795e+00
1.819685499335737422e+00 3.400061494621569924e+00 -7.097995181276402832e+00
-8.918605902594613610e+00 -4.993315790194342796e+00 -3.792887023023358672e+00
1.443384043669865058e+01 -1.581227976308914096e+00 -1.442301623366097019e+01
-1.439529748688941568e+00 -8.301054571292704409e+00 5.262993544493756559e+00
1.630746639830366718e+01 2.713915259276520331e+00 -5.290937662823870014e+00
-1.083495786794558668e+01 -6.339537497816794875e+00 4.228254710310385356e+00
-1.492507860599105562e+00 5.072958143807705378e-01 1.507871591717685700e+00
2.178113347034457803e+00 -4.875665720981303686e+00 -2.022166599613917981e+00
3.540075196819054693e+00 1.467571996234394494e+00 -6.521854062460296753e+00
4.155585034960365221e+01 -6.033291232699331097e+00 5.145012201383694084e+00
2.727489819210103050e+01 -4.643393885334919702e+00 -1.527558484882308321e+01
-1.526523367123520636e+01 -1.357675492871425682e+01 1.442516936609757217e+00
1.059199176990133218e-01 -1.594026792981992102e+01 -4.537755731435149514e-02
5.767014262018091308e+00 -8.361785313096865124e+00 -3.693736253153344862e+00
-1.826534950089415688e+01 1.094647743019588759e+01 3.267632244753765747e+01
-3.010853308747399648e+00 5.865581435229088925e+00 -4.641930194746296534e-01
-2.178134434298086841e+00 -2.141758086788298154e+00 4.703397359553438406e+00
-7.408430531142563780e+00 -3.786455744821880298e+00 -9.633706976503429331e+00
-1.149148729812494629e+01 -2.319657996250706677e+00 1.467767587196142820e+01
2.929632000356011901e+00 -1.127190795449076521e+00 -4.150624111465616828e+00
3.403996065513665403e+00 -3.890048126025518194e+00 -1.095637001378931275e-01
-1.311420653889831556e+01 -3.448904242185374946e-01 -2.126987616466977826e+01
9.165477840325154446e+00 1.330912938588946304e+01 1.648323809807752127e+01
7.094569310174173360e+00 1.010701648232691241e+01 3.541592857690717966e-01
-8.171719640149207819e+00 -4.953104464122484174e+00 -1.647907765023747473e+01
6.769101080189801500e+00 -1.522246745338202478e+00 -8.716550507912938173e+00
-2.150487748881279693e+00 2.949269632112180517e+00 -3.666114283017009257e+00
1.263530963093427495e+01 8.230278746316992411e+00 -1.154115399341205261e+01
1.809890014460938090e+01 -1.973575560657207362e+01 -1.094421072580370335e+01
4.900398035707352662e+00 -1.219617718493391223e+01 -5.162089556911036325e+00
-9.660548541630390673e+00 -4.579074550173978686e+00 -4.344869593765935178e+00
-2.419467477315734971e+00 -4.819715547672861256e+00 1.136570624132994534e-01
-4.657642957725449229e+00 2.010590940361463297e-01 1.891427590069924003e+00
-6.457523162378331349e+00 5.310341154524013341e+00 1.303775369641734905e+00
-2.290611152295919606e+00 -1.442528232531617505e+01 3.167545342396957508e+00
-3.505825231695631317e+00 -5.345714698648746044e+00 -3.120131974844738476e+00
3.214552180211748045e+00 -3.966239344043723136e+00 -9.640383607893605600e+00
-4.650900178871816948e+00 1.135318893111131366e+01 3.078731322635914935e+01
9.819515057251390067e-01 3.813119694646353586e-01 4.022621715143145371e-01
1.161650353616515652e+01 -4.109461789151233724e+00 -1.494797971881389564e+01
5.334768368589040577e+00 2.040676015501538210e+00 -1.574850035794768033e+01
1.697409281269102266e+01 2.508596208672927474e+01 9.967920246286178232e-01
4.253767034225258925e+00 6.985263430719084177e-01 -2.410263244682185224e+00
1.644017026574974238e+01 -1.609055321063728528e+01 6.978455272797645659e-01
-2.207668287172879662e+00 6.745379378435681916e-01 -4.193033664926023363e+00
5.821805703408375443e+00 6.756661403146014822e-01 2.060934038805339430e+00
-1.834753614176397596e+00 1.199281354310062220e+00 -4.251595539095801790e+00
-9.198784032150664203e+00 1.677983704895720152e+01 -6.181368282994295527e+00
3.489286323091282060e+00 -1.016830728165287301e+00 3.043353527015738802e+00
-2.417941645985556498e+00 2.171525404984200325e+00 2.567508983348149254e+00
-4.635705771663348962e+00 -3.077936837503644441e+00 2.194838240980727218e+00
-4.248888456107176026e+00 7.980110921860045003e+00 2.547443469058178867e+00
1.146579681754727176e+01 1.224211869907905026e+01 -1.793190932712438013e+01
-6.516869455746771678e+00 2.647473388200517252e+00 -1.051328885186654638e+01
2.222507056324218411e+00 -1.057687530415579680e+01 1.299736905154450106e+01
3.568161580384419551e+00 -2.359745307031350592e+01 2.503827487989973477e+01
1.037566185383313666e+01 1.388842809287784252e+00 -4.362361136638229553e+00
3.287117249066213276e+00 1.128335974361309946e+00 1.510121963932153477e+00
-1.254712852101933329e+01 -5.383267645379048894e+00 2.315491006909954130e+00
1.198885951424727914e+01 -1.091552328242885750e+01 -3.468251451952374609e+00
3.504837880862127886e+00 -5.938137398496423636e+00 2.684570777693336296e+00
-3.290554361625758206e-01 -1.343192897516740425e+00 -8.419466221513086879e+00
2.592518246823774852e+00 -1.441131253791063216e+01 -1.278099063584092043e+01
-5.121482665639515375e+00 3.553615930548390978e+00 -3.823755816847184796e+00
-3.926504766736512053e+00 1.020999567228131066e-01 1.610828608776042392e+00
-3.457716766510532391e-01 -5.673505891868146911e+00 1.728064299488930189e+01
-1.443322434660707643e+01 -1.520061644381416421e+01 1.210575202987047572e+00
-2.120357496423479760e-01 -6.956726579630202245e+00 -1.241698953768641545e+01
1.310340465187570969e+00 2.370330336460289899e+00 -1.206784748858622747e+00
-1.996728919100492883e+00 -3.083149882389777385e-01 -4.866356188015376283e+00
1.851214764824860382e+01 -4.624920915617663830e+00 -8.490930822741570294e-01
-5.444132420320949350e+00 -1.231843621580537285e-01 -1.666888209717312108e+00
-5.669067658721267833e+00 -1.168426992053058910e+01 4.982680383858169471e+00
1.280890095955926533e+01 3.563608658155112963e+00 1.020766494205538066e+01
2.137485185139928814e-02 6.336833429798205408e+00 -1.051320342135732666e+01
-8.769193397028676729e-02 1.958147065190072533e+00 1.213543719198137749e+00
-1.346032970069550805e+00 3.285289016132549200e+00 8.932577680978834422e+00
1.725701223803960127e-01 -2.571700816865116312e+00 9.658285072481211486e+00
-3.973102480437308515e+00 2.846240615893478765e+00 -5.280744855602514498e+00
8.934357579308505493e+00 -3.889588402693885616e+00 1.045386433303560025e+01
-3.532509136813670736e+00 7.377486327390109899e+00 -3.160622435395462393e+00
1.409512302873430301e+01 -1.585506980787282139e+00 -3.261142944954067424e+00
1.558881046480173005e+00 -6.242269223024908165e+00 2.221817858912607946e+01
4.036261475544856481e+00 -3.333297379344721811e-01 4.920819306886571987e+00
-7.909925346654177680e+00 -1.647568061122352878e+00 -1.172644943618271984e+00
-9.044373745158177158e+00 -2.650539421204534118e+00 9.289263550266758429e+00
-1.891556523451735572e+01 -1.248689133563562237e+01 -1.588062641176663181e+00
-6.741068127503004881e-01 -3.406177881890796316e-02 -7.700045680922292135e+00
-2.727415900673069604e+00 -1.003312426256283807e+01 7.368666459773173472e+00
2.063831118112737339e+00 1.620720840641454075e+01 -3.091929841390883738e+01
3.090281523204435610e-01 -1.141818045121828362e+01 5.196035518023125910e+00
9.632969571415660681e+00 2.229308040546638114e+00 4.061763101050158475e+00
2.467398946153434380e+01 1.031463974419921747e+01 6.757404405868463471e+00
-1.634678905005459759e+00 -7.436513727658780049e+00 -6.631774997613668177e+00
8.466724518811467703e+00 -1.549474592543039098e+00 9.369163879253943339e-01
4.330068351711960695e+00 2.193912577931188324e+00 -5.974057726890178444e-01
-4.789024119275900326e-01 1.713285059711631808e+00 3.566159138110282179e+00
5.284756001637432199e+00 -1.916353877154188012e+01 7.558409424277183319e+00
5.147478396474744144e+00 4.331281658977240850e-02 1.345217363327725901e-01
-2.925584891267099863e+00 1.100789534252980095e+00 -5.736194970310260821e+00
-3.043773125328455453e+00 7.523962545253328749e+00 1.991040712366834997e+00
-2.882343216853678669e+00 -1.142827198285800566e-01 4.142512107669505284e+00
2.265679610223220397e+00 1.501679618253280601e+01 1.770678384190257137e+00
3.202690977914474768e+00 8.317656240500046039e+00 5.637836758221148159e+00
2.841724407957177956e+00 1.337745933480886862e+01 -1.078553085249994758e+01
2.100503560448796048e+00 -3.644703311885569263e+01 -3.896560592807922774e+01
-2.256512876705819792e+01 1.842722858208689019e+01 -2.252782464582236699e+01
-4.831871402392057924e+00 7.957551509333585571e+00 6.262572347526316641e+00
-2.199111957869553713e+00 -3.828224431950314699e+00 3.331028874901876158e+00
-1.817374810094351867e+00 -2.775367842263438245e+00 -3.171175237730009533e-01
-1.476572526018233056e+01 2.369694871022387517e+01 3.195027277857052539e+01
-1.264385277172974442e+00 -6.452775896489532093e-01 -6.254414158584625127e+00
-3.759596850268116075e+00 -1.666413122465608687e+00 -1.084276238487851884e+01
1.704952551849814091e+00 9.189250107809820989e+00 3.134067377698369405e+00
-2.980163014442074876e-01 -2.562197852338181203e+00 2.846504843819773534e+00
-5.687348487599125590e+00 -1.097333948397818171e+00 -4.998286044020985308e+00
9.735604519989543348e+00 -2.459186454596218319e+00 -1.062376465780232593e-01
-2.461221951556223075e+01 -9.787099176564924008e+00 2.592775794891682750e+00
-5.242188912108449728e-01 -1.405513212082365238e+00 -7.450790930439042947e-01
8.050390623043362837e+00 -1.694738641095300835e+01 5.548543104640164536e+00
-5.968257630292884919e+00 -4.669418401018575082e+00 -3.836788591028216788e-01
-6.165570629873442066e+00 -5.189728356735757053e+00 -2.895307234870954538e+00
5.033572075058891926e-01 7.523365476289161968e+00 2.221724030928507787e+00
-1.236698711982832766e+00 3.006290145099218547e-01 5.754757023842420161e+00
9.340128693723297459e+00 -5.859899819555159262e+00 -3.324765949766547823e+00
-2.091101687886315119e+00 9.802518905918062853e-01 -2.969620974315363870e+00
7.021573302232383407e-01 3.277254660633105998e-01 -2.166211875615994042e+00
3.630861538646012132e+00 -7.790875315611593521e+00 3.283569701908521044e+00
-5.842802184115151221e+01 -2.146485351495012495e+01 7.308504855820740609e+00
1.388020974283347542e+01 6.291460742917913684e-01 1.154480345024264665e+00
-2.338518494298464478e+00 6.020766844666198381e+00 -1.793009341956203428e+00
2.247689471261347105e+00 -1.156761917232042158e+01 -9.347539294470180948e+00
8.595313383120691819e-01 4.376109848305117511e-01 9.308464997618164816e+00
1.336826539171394934e+01 3.742222293427365898e+00 -1.042905781546386024e+01
4.181970526238990793e+00 6.545465171767169466e+00 -5.919940487326645240e+00
4.239739245037291226e+01 2.848311042643421054e+00 6.102189458086265006e+01
2.624948367423530549e+00 2.338679836012700797e+00 -2.379318690825324101e+00
-4.681586196028074021e+00 -5.594057488029916314e+00 -4.039139970449372896e+00
2.279983329634601930e+00 -5.085062763769109928e+00 -3.996802885990904830e+00
-5.449914052350309568e+00 6.235295459855294098e+00 -4.621958399753578917e+00
-4.223536260162582323e+00 7.311787690515195060e+00 -1.128599085448647399e+00
1.429513601366563691e+01 -3.034693986348187877e+00 -9.272016862508454249e-01
-1.434742479900452228e+00 -6.099934134681290310e+00 -2.781047810565773659e+00
1.786203762176377996e+00 -1.867247135797514446e+00 8.955724112326458597e-01
2.124481907326400520e+00 -4.527427536627544491e+00 2.084599761314033906e+00
3.987740610548040365e+01 5.832769418923670735e+00 -2.404871184361896841e+00
-8.390943664579554595e-02 3.553098348464307499e+00 -8.144200131592298497e-01
6.608866221243999917e+00 -3.422016702228183327e+00 5.095386136601836036e+00
-1.507968773995327805e+00 2.467484142500284694e+00 7.066846405158226652e-02
-1.654640269762728266e+00 3.085829422256757493e+00 -4.685909173786369231e-02
2.943707425503494512e+00 6.844010571278337451e+00 9.951164694114828180e+00
-1.658005178720319384e+00 9.666344214337927454e+00 -5.015557485006976179e+00
-4.765734125517242958e+00 3.737719486894410803e+00 2.319445967035425493e+00
2.054059569535648055e+00 7.983444537369389638e-01 -4.515790737197742821e+00
-1.076285460092068114e+01 3.518486815763306907e+00 2.212168308132828543e+01
2.039069641911361330e+01 1.337813173742425699e+00 -3.545985295628203637e+00
2.051825817643034178e+00 -2.123383612777494100e+00 -2.981414858914347210e+00
2.246492876770291858e+00 7.164892118994024006e-01 -1.928241990009474049e+00
-8.129424453640544002e+00 6.090704011862576595e-01 1.945359154551006142e+01
-1.105393635033966859e+01 -6.433136407578992078e+00 2.088957025199413398e+00
-4.780250714114581356e+00 -1.524079009055394618e+00 3.663814141501988142e-01
2.837050754029550315e-01 -3.565263951100865913e+00 5.477203834487429646e+00
1.154894114760224078e+00 8.892045259869712837e+00 -6.477261538626568615e-01
-2.127981293505186944e+00 -1.690150682587153064e+00 8.946878231688871752e-01
1.247784252789448978e+01 4.114493038888239695e+00 2.469122910193868758e+00
2.503198415360029294e+00 5.555755139805143905e+00 -1.457627206363495809e+01
5.122586420104930482e+00 2.144351592696871478e+00 1.320955257569301988e+00
2.580425341749554846e+01 2.150581060766960917e+01 -1.200712158348255926e-01
8.930620447717007027e-01 -4.118516396209858321e+00 1.109754280326020925e+01
5.564162770881793563e+00 5.258028745741608612e-01 5.295545888609799690e+00
-1.577617614665302037e+00 -6.434806219984535502e+00 3.709475880604643727e+00
1.037467854719356630e+01 -9.943018679444953989e+00 -4.700850562538196442e+00
-6.423490481420142117e-01 4.201463274633060685e+00 2.885199408298219748e+00
-3.906566971588306902e+00 7.542296119426667111e+00 -3.959854232749817626e-01
-1.276155683126739504e+01 -2.175901922035013669e+01 -1.912290501582005575e+01
-2.638384622668869639e+00 -1.487424618459693093e+01 4.810892490088103379e+00
-2.277253901140300485e+01 7.234562865086088479e+00 -8.916815246499618652e+00
4.102949069098245971e+00 1.923040949496119367e+01 3.603283883055892645e+00
2.180060905612567712e+00 -5.993397343483781725e+00 -5.856502993272092894e+00
-5.819365728074969546e+00 7.077989617951942591e+00 5.508676117065533617e+00
2.026269532431570930e+00 -3.297807128194563120e-01 4.194635613176337152e+00
-7.661392852310187074e+00 -3.346716219775519363e+00 -4.359798643491377135e+00
-6.723981244440769167e+00 1.166355870213446089e+01 8.506890716446093847e+00
8.954422593208159142e+00 -1.201306280243119362e+00 -1.446532002657970883e+00
-3.264252347307680324e+00 -6.729838517208155402e+00 -3.182193697552494260e+00
4.067164967157816058e+00 -2.266155094389358915e+00 3.766185944921462525e+00
4.890319292234855730e+00 2.620291597473885847e+00 2.838055394087649397e+00
-1.533343255408356676e+01 -1.943848320686398234e-01 -4.460407192660281517e+00
8.706125069133352667e+01 4.673819432269336716e+01 -3.424522419542598328e+01
-5.004207300909455647e+00 2.920375314888508544e+00 -9.682987090866703284e+00
7.880753086820407871e-01 -4.848881034454717742e+00 4.054356011084152556e+00
-5.880061293192725635e+00 -1.083350030326659841e+01 2.731028356607306762e+01
1.513907777218097328e+00 -8.226821791928458083e+00 6.910259389266181884e+00
3.416851813268447224e-01 1.838095550929929045e+00 2.760295541183125145e+00
-2.133287054576114006e+00 -2.428964674780500488e+00 -3.670814503755345098e-02
2.729184864645155972e+00 -4.356939011119273175e+00 4.171970107285745577e+00
1.373093462256111330e+01 8.016506970168371105e-01 -8.367345122891599374e+00
4.617803530826692260e+00 -6.832536559847178559e+00 1.982602446718062961e+00
-4.129023084744214422e+00 1.044939428744978471e+00 1.246920848981060148e+00
7.522208685533543715e+00 1.940828911999165030e+01 -1.722975877746216966e+01
1.162083886062217769e-01 -3.796463817690886700e+00 4.800418688273108692e-01
-4.952910545539586096e+00 5.558271922213529059e+00 -1.043871427477464309e+01
-3.626249368444650845e+00 -5.637317653028179443e+00 1.315560668311063708e+01
3.027799954897134160e+00 -2.291231941089522106e+00 5.665055512133909232e+00
-4.442194941559565735e-01 -2.193497029476918492e+00 -7.638892227449930239e+00
2.624335005940812149e+00 4.192464560300281917e+00 2.600760881462083063e+00
2.661025400675404828e+00 -2.488497336662222281e+00 -2.489848247189570873e+00
4.000057750106263299e+00 6.473214903032622480e+00 4.023538205658510947e+00
1.088784251371894385e+01 1.675213453850139533e+00 8.301154937869816841e-01
1.925947091405432587e+01 -9.441914090784917946e+00 -1.409847996787366853e+01
-2.051524522242165638e+00 -1.435095926184329906e+00 1.895079189734538261e+01
7.261230792437081139e-01 -9.807107336234002659e+00 -9.711222042681573186e+00
5.158154789429539200e+00 -3.123745441889653307e+00 2.525089126731694833e+00
2.775851151455510202e+00 -1.833161321530220322e-01 2.793005259674730817e-02
5.932338119695890200e-01 6.782480944597850225e+00 4.900423882932689601e+00
6.560820287539836038e+00 -4.643868653552065240e+00 -2.811358534728097602e+00
-4.698487047207433598e+00 -5.918473979034873933e-01 -5.801869791633299300e+00
6.708505582405674517e+00 5.399656524531189383e+00 -1.051236058832869880e+01
4.919806107698782682e+00 -3.816447355907893968e+00 9.467645130422486233e-02
1.150321498599836900e+00 8.398190551952422922e+00 8.189812052648225205e+00
2.285984942775151740e+00 2.073529937793802347e+00 -1.261997953601654743e+01
-1.569839122334864889e+01 -1.503898470968908274e+00 3.564156512458934722e-01
-6.207099574668595743e+00 7.639403897678787025e+00 7.007397634560166289e+00
2.836817639973136806e+01 -1.663535692902517482e+01 7.527594870200451815e+00
-2.585825202537894185e+01 -6.877737885009032937e+00 2.561225464112295569e+01
1.315887177252830043e+01 -7.380717146601951661e+00 -1.018456959575666509e+01
-3.138212864720189899e+01 3.323527337685816008e+01 5.262045558242971488e+00
4.390379762125786733e+00 -2.449890165238483686e+00 4.155515183246286881e+00
-1.083198208270124141e+01 -2.318502611274829928e+00 3.053697466070177224e+00
-6.665810868674932888e-01 3.539846920532523922e-01 -1.184555632424473792e+01
-3.114947476829807549e+00 3.117720256397347622e+00 1.213917556965508293e+00
-1.377370721137157261e+01 3.735238741354188208e-02 4.425347115008250398e+00
5.441626226145613643e+00 -3.363076913728363149e+00 1.653836864524391714e+00
9.186811499595819441e-01 2.528715214807844092e+01 -7.214642692711480620e+00
8.123611817433673110e+00 5.909069088882377585e+00 1.158318984875415403e+00
1.329310346758954076e+01 4.641717188597175081e+00 -6.164661393299149417e+00
9.147987394287076413e+00 -9.799797368820978960e+00 1.522452906114659665e+00
-1.010462603071293586e+01 3.250515858593160168e+00 -1.795846378441003566e+01
-7.022017132519448701e+00 -1.959471701483015638e+00 -7.270551498025429993e+00
3.469753432061353227e+00 2.864492240478853446e+01 -3.001418668872825180e+01
1.295326247234484862e+00 -3.005650699648220847e+00 -6.230569516704560940e+00
3.976776754495943145e-01 -1.400377166360895265e+00 -4.660454269136722338e+00
-1.137978694555734016e+01 2.009077939998390150e+01 -2.877270745019464115e+00
2.896201751593325380e+00 1.494724655026721472e+00 -4.236669063065852114e+00
2.579369909915647963e+00 -8.193799918104399893e+00 1.688091694562650513e+00
1.036553053840690097e+01 3.802850210393360353e+00 1.146667632949533555e+01
-3.547666867389267065e+00 3.569324725352682304e+00 8.402468987079189100e-01
8.679358458681953395e-03 -3.906438155932924872e+00 1.485268603392010167e+00
-2.753936083695672110e+00 6.513695368608141578e+00 -9.184963465900716217e-01
5.031297480869731942e+00 4.675248952103691735e+00 4.859688372820278879e+00
-3.743610115015310491e+00 3.756972904527072776e-01 4.034619721791172231e-01
-1.316489177527778587e+01 2.983008903248163257e+00 -4.212314083307642232e-01
-1.177051071458854459e+00 3.087836517493089517e+00 -9.991956838938849117e+00
-2.488991825838673844e+00 7.993467620482227476e-01 -8.463140106875984614e+00
1.557172981582804638e+01 4.049121520893873338e+00 4.619698919938475257e+00
2.433399385485631328e+01 1.730659247580192783e+01 2.426996725081914974e+01
-5.567635533993295383e+01 5.626369575126546785e+00 -8.685111260562681235e-01
1.205381129958563768e+01 -3.574013037121105185e+00 -1.879585996647335611e+00
-1.470558399285737572e+01 -5.933426399097355031e+00 4.307031922766832999e+00
-3.672165321555585837e+00 -4.403144421123512231e+00 5.677606837570212228e+00
-4.518232510901468046e+00 -7.775316465513524733e+00 8.539570661411376662e+00
2.015544130387690203e+00 9.072420478472007943e+00 1.234113120677481801e+00
-2.371239746830168027e+00 5.760528450895263219e+00 -7.357215367748763946e+00
-7.686336655197846035e+00 8.290771562152693619e+00 -3.247279344313358518e+00
8.379656569195252647e-02 -2.482516743597794395e+00 3.076767847726548322e+00
-2.073795418776035238e+00 -1.991390021837846414e+00 -1.359149647025781560e+00
-1.549682450960983449e+00 -3.970064836175878575e+00 -2.463490223971816384e+00
-7.831792814438629513e+00 -3.215553833065740275e+00 -2.379254805892188074e+00
-7.342722985895719923e+00 -2.508455153650102964e+00 1.546886637850687363e+00
-2.016040978207831014e+00 -5.252174960159052830e+00 -4.626894677074624873e+00
-6.425250513047074286e+00 4.004860072038379237e-01 -8.516513229958996289e-01
1.111352565559483452e+01 -1.889404013342932398e+00 5.576893099970781087e-01
-1.881140381462208300e+00 1.213637560842370844e+00 -9.209495437711973098e-01
-3.077657466592611524e+00 5.839447701400599655e+00 5.470627578605354868e-01
2.824997881812872702e+00 2.059402363051173523e+00 -1.073416825965967769e+00
-3.971116330274923722e+00 -8.206469449829525420e-01 4.719377029209531615e-01
-4.038861474022782616e+00 -3.726753108882733478e+00 -8.376574831990552639e+00
7.151794998302931106e+01 -1.064740137320110236e+01 2.480209768281592631e+01
2.422802955846603545e+00 5.243499027297097825e+00 -1.860018678981857798e+00
-6.873987419624393524e+00 5.639810765636590340e+00 -6.336945020782596139e+00
7.059771661256386999e+00 -3.189997228799871110e+01 -1.920404577755074627e+01
-1.130801498687434758e+01 -4.882758773675196728e+00 -1.390544117262295920e+01
-2.908570138023736540e+00 1.347327530656647099e+01 -9.981054090739798212e+00
-1.141806844670625942e+01 9.812950963335352883e-01 -3.159054540011341228e+00
8.555942364114139664e-01 1.493279431812575053e+00 -4.911915317869151920e+00
-1.172335578283040114e+01 -3.953404708043459337e+00 6.504800672136392237e+00
1.982943406775774742e+00 -1.534251120872311525e+01 -1.860020126243346228e+00
3.235607086429329815e+00 2.070380925907229663e+00 -4.737441062685025628e+00
3.763548584406138264e+00 1.117991027350940136e+01 5.217332354944718809e+00
-2.066711835248184137e+00 -1.458616462134615510e+01 1.607234533037612678e+01
-2.645476870798951996e+00 2.128730643781911347e+00 -1.071487763793791625e+00
-3.614627084432647242e-01 -1.506382566378401400e-01 -8.396439361143989144e-01
-3.041691023105896341e-01 -1.166219964607132908e+01 -1.395850168575054173e+00
-1.323990716789987809e+00 -8.887003955900507179e+00 5.834644217219398854e+00
6.785549861276652450e+01 -1.502550652735081087e+02 6.226571245412890931e+01
9.391640065036918061e-01 -1.499970899842062888e+00 -9.625272276947658412e-01
-5.868564780271406711e+00 -5.091360640303750351e-01 -3.274638743684481934e+00
-1.048558455979325466e+01 -5.355447898002716478e+00 4.874317474643452108e+00
7.433108257008982922e-02 7.342549434870233149e+00 -2.020749589893660492e+00
9.817814932801045558e-01 -5.768234830736583163e+00 1.684790941421883659e+01
7.983995226718073823e+00 -3.025089957021751985e+00 1.226068935178287767e+01
-6.326871578386611183e+00 8.039410276154400625e-01 1.811580010475603464e+00
4.118661018631198267e+00 -1.063702838639542136e+01 7.315126526549858177e+00
-9.283741514909072734e+00 -3.158141756158206093e+01 3.731989447713159080e+01
6.835435268712459767e+00 -6.104669665241423182e+00 7.904000851654920945e-01
-1.225547150212759201e-01 5.761366828514206340e+00 4.159709777126332497e+00
-3.163812033792226530e-01 -1.880537004975700643e+00 4.071809982688121998e+00
6.378772318914386119e+00 -6.978945389349641815e+00 -1.575193750133027493e+01
-5.663654960555962958e+00 6.091279484073805151e+00 -7.668124335382806578e+00
-6.266748051129304109e+00 2.936095403117760849e+00 2.078275770298383396e+00
1.900809790530536780e+00 -1.333769745783737903e+01 -5.568550792189109089e+00
9.953555202935893575e+00 -8.512081075695610366e+01 9.890218353578917876e-01
6.154736808497838219e+00 -6.985984567890508146e+00 -5.964888332989935371e+00
-5.701424957615839340e+00 -6.358247358924525194e+00 -8.972885688549451899e+00
5.740568697355052485e+00 7.500352193095450204e+00 -4.743826695700273710e+00
5.213817665887930275e+00 7.890777826537604511e+00 -7.655427509368125882e+00
-1.175502290884710455e+01 -1.087916885882563278e+01 5.141444502252480175e-01
-2.926519798529595207e+00 4.679087554625272816e+00 -3.187227782531402820e+00
2.073069099347379307e+01 -2.052687250517158901e+01 3.931940608859883213e+01
4.991780739827874847e+00 -4.598578532831109733e+00 -9.430702926536246977e+00
6.052123606058334992e+00 5.258759927058992423e-01 -3.727890941122975033e+00
-1.204212674041764188e+02 -3.522810292694910572e+01 4.015718926645821085e+01
5.106412225861386212e+00 6.690533729806831253e-01 -1.245610018132591756e+00
-1.832656390085531584e+01 8.852936252421798713e+00 -1.890192020176122867e+01
1.338681270711976401e+00 -3.863575963549434888e+00 1.377289397419883210e+00
1.855817844708649966e+00 2.877357144341414763e+00 -1.063025188888612327e+01
5.670636472202421885e+01 2.082493050036873967e+02 -1.566405678001729314e+02
1.375339202503032610e+01 1.202322696950413849e+01 5.554775922029628887e+00
8.893020646759527970e-02 2.555365388648334068e+00 -3.498602852468291613e-01
9.751667057181132137e+00 -3.216688275353658533e+00 -2.036896369300763787e+00
1.633915441580805206e-01 -2.268047870765287044e+01 -1.850862832655268164e+01
-1.182073034714796300e+01 4.516852180177907350e+00 8.535311438031067510e+00
4.425197411507895140e+00 8.528223674055887549e-02 2.753927705377071433e+00
7.050357095872501478e-01 -1.143518843909085758e+00 -2.046236103056642364e+01
-4.784082069705320350e+00 7.919695462121560947e-01 3.749687849250908478e+00
-3.356679247173078195e+00 -6.760455747287742456e-01 2.317385516654181910e+00
1.037088247861657742e+01 1.033020194854732843e+00 -1.040781698765612218e+00
-1.868365292654503573e+00 -4.916254528990469552e+00 -2.117844772808102682e+00
2.660507917225389374e+00 6.339824609498528218e+00 6.549832826954988363e+00
-7.030268236783343561e-02 4.307829251448067609e+00 -1.964731046770472167e+00
3.610557290040190548e+00 -8.166112818846654520e+00 -7.970005492707632477e-01
-6.456940318960017855e+00 -1.680507290379274465e+01 -2.458537039578611694e+00
-2.034557063357139928e+00 -2.731896954196765037e+00 -1.971763287238431361e-01
-3.383645144967112550e+00 -3.204976385178873954e+00 6.145527769899482351e+00
-1.389149943014027944e+00 -2.440652434067869248e+00 -2.378012590622797795e+00
9.950899594117942115e+00 -2.663757075436013477e-01 1.546427272726334756e+01
-3.758889094049494339e+00 -3.776729348127952690e+00 9.367733274544290722e+00
7.455792102897416951e-02 5.275573570762079001e+00 6.972888200375082501e-01
1.892255184518159083e+01 -2.172675498797578797e+01 -1.961145405441970624e+01
-2.080580646686638335e+00 -2.796193016181408586e-01 3.171560154074407389e+00
-6.129375406992086717e+00 4.391647481418443633e+00 3.007176808598588824e+00
-6.951252152176271792e+00 5.845908323721134892e+00 1.960054048883339783e+00
3.421418336549638450e+00 -3.734553372030001039e+00 5.581715837210135867e+00
9.243169353761610196e+00 -2.896111257622724811e+00 -8.817756486865462762e+00
3.192621950513729323e-01 5.105104756249899900e+00 1.399654672154381663e+00
-4.073556651984425514e+00 -4.658277697350055035e-01 -5.727305816774599379e+00
-4.095910592689831375e+00 -5.508502466546650211e+00 -5.051455690627075334e+00
4.256134371668639282e+00 -2.605559470213184792e+00 -9.396736109016563532e+00
3.319829610505258266e+00 6.308790941970269017e+00 -1.574218698230336555e+00
1.841676361722291766e+00 -6.337473325153413217e-01 1.560027302033770935e+00
-6.983196070310308201e+00 2.695828507760586579e+00 -8.108521687162577152e+00
1.040012645075419684e+01 6.486444658823747211e+00 -2.316786418582884366e+01
-5.526718329299974419e-01 1.345727247647835689e+01 -5.189963159912616142e+00
6.366380807474264492e-01 -3.223067356670431760e+00 5.486589647454554353e+00
-2.548301197961509335e+00 4.964962113018608569e+00 4.867292028167892193e-01
1.073228357091300822e+00 1.851049235112414948e+01 1.503022853299060380e+01
-1.834366068389093440e+00 1.531756825697955460e+00 1.066703248517261393e+00
-5.061516202565414346e+00 1.378284253130358827e+01 -1.128930120128199377e+01
2.527792030060245665e+00 -3.551468489609567403e+00 -2.545633600439194399e+00
-4.035469229743490871e+00 6.288303000817082378e+00 -2.745699699180291109e+00
2.449555867165082113e+00 -5.983374623267808667e-01 6.233583693776270085e-01
-2.292596414988538278e+00 -1.095937316723498256e+00 -6.777013257929740409e-01
2.622100715874326582e+01 -2.910717901762929927e+01 -3.268039121610287534e+00
6.818261520640589879e+00 -1.100461143421879129e+01 7.478008708985568465e-01
2.086567303990027433e+00 9.455333397493148606e-02 3.562860097278576887e+00
-8.761584030224879527e+00 -7.292583913189197631e+00 1.092886185061121784e+00
1.019016422249800335e+01 -2.559302621802100663e+00 5.519962140355469948e+00
-8.638814265666154846e-01 2.695637872857891804e+00 2.540245697268967540e+00
6.015392539384552428e+00 2.181676877500172917e+00 -1.190692793050190268e+00
-1.783897303217932517e+01 4.193551575141272636e+00 9.398252538979056325e+00
-2.539560946793189888e+00 -3.015799022627009496e+00 3.396728507351661985e+00
6.139399403229966801e+00 -1.619485863632685962e+01 3.478049756251790914e-01
6.642709844256672547e+00 1.673830965227401890e+01 -1.319395065859758809e+01
-7.212959120969236082e+00 -8.650111837783251545e+00 1.371084183498495790e+01
-1.062310689240226402e+01 -6.591990076386796460e+00 -2.169503418683649709e+00
-6.927589474515781554e+00 -4.513082908517873193e+00 -3.319361028163680949e+00
-7.475331631934363230e+00 7.007289842692965287e+00 4.958964229732787388e+00
-3.313044785665874681e+00 1.582960570844384574e+00 -4.728324790637612018e+00
-1.884783974552114216e+01 9.597200184593798866e+00 9.379858952527749594e+00
9.970644135236806926e-01 -7.313665224256639341e+00 2.793105917610890110e+00
9.073651217149027559e+00 -2.801185129096228077e-01 3.576232898578384667e+00
-2.417284456818362959e-01 5.846793740842256420e-02 -7.583475478930031821e-01
-1.458928793757332087e+00 1.077413515446940862e+00 -7.352153889692147892e+00
1.975611893329152124e+01 -2.003228065265052482e+00 1.986790210972767667e+01
6.151321414816947275e+00 4.242019859094741108e+00 7.766567133859519245e+00
-5.169014275045516804e+00 9.326144637283112715e+00 -2.676629379912562445e+00
3.850044483999484513e+00 1.582321305273049816e+01 8.973709855931465418e-01
-3.380396815379830833e-01 -6.915294746037414786e-01 -7.462208372245754617e+00
-6.264890694166479257e+00 -2.400551882027957618e+01 -7.778565840603080872e+00
1.696352391049312791e+00 -4.277845060062003490e+00 -6.684204285620101160e-01
3.061326634394617052e+00 -8.863350319557724788e+00 4.284532351741667355e+00
1.499571501099233295e+01 -9.992186406434855783e+00 -2.187114736484366162e+01
8.112972405811300636e-01 1.365159092724385026e+01 3.197600060426423418e+00
4.412366157270930955e+00 -7.599456830028574750e+00 1.096453884358644881e+00
2.734728943070046547e+00 1.691392632845280408e+00 -1.592226812325476526e-01
-5.476184781145497560e+00 -9.288019842910690826e+00 1.293646398509274498e+01
-5.333957320270910074e+00 9.459661816143594137e+00 8.368370969248145386e+00
2.512695787462497066e+01 3.079887365076855588e+01 7.952544175359721912e+00
1.028949992357190008e-01 -5.824325489121878974e+00 -1.354182053482583470e+00
-1.616148198885336384e+01 1.208115678334009147e+01 -1.899182764098589971e+01
1.076389758837467348e+00 2.055435945703177669e+00 5.248004059639293395e+00
5.665916011440599309e-01 7.264125875926167319e-01 2.758294625703882064e-01
-2.556442912179808680e+00 -5.646738101432547952e-01 3.871761854025040250e+00
3.112864303337580019e+00 -1.206891846305606197e+00 1.297854812798712398e+00
8.078584714815850276e+00 -7.164262201167384880e+00 1.107964605246576539e+01
-9.534065778887503839e+00 2.143031360741528779e+00 1.595614952149703214e+01
-7.270418830384335784e+00 -1.556988132278842052e+01 -1.284976388578587425e+01
-3.479716179074075821e+00 -2.733335832196384541e+00 -3.226808154556671249e-01
5.561147875514219407e+00 -7.322587757409120712e+00 -2.463383802102241837e+00
8.110797056091275437e+00 -2.637422523962456822e+01 1.511579217866938585e+01
-1.573029732754711141e+01 4.899860056135197084e+01 -6.467379341775055579e+00
5.321722011172724809e-01 2.805605042557264284e+00 2.310494317009176068e+00
-1.322068063541790961e+00 4.760202324858919809e+00 3.178248977292073008e+00
2.514063532077545737e+00 -6.795917599969836687e+00 -1.027142371788297837e+01
2.477804720949607076e-01 4.133559714874030178e+00 7.731326259572048887e-01
-5.341288897566948357e+00 5.683256129279454782e+00 -2.700177171524807296e+00
-1.210945516029383562e+01 -7.492740628340412101e+00 1.832488619143358122e+01
-2.906641893192033255e+00 -5.127403786080463322e-01 -8.134325623312991027e+00
-4.076567895101847583e+00 -1.548664143873178212e+01 1.430570252325845182e+01
-9.936127790544743155e-01 -6.140088606590075881e-02 3.010293523579074648e+00
1.159433464974432937e+01 1.909976259931106757e+00 5.355054728741264647e+00
2.520138161941573696e+00 -2.419709941774398487e+01 -9.730933804078699678e-01
6.876854230629793285e+00 -4.100520524830060687e+00 7.225599959987561327e+00
1.343674409809981007e+01 1.141674056239014412e+01 3.899537413032271971e+00
-2.451520424158765366e+00 -9.247446420561523439e+00 7.283609135285359137e+00
-5.338087234172213869e+00 -1.998530775493723821e+00 -1.426653790045019754e+01
-3.237467319223835904e+00 2.759446912534034624e+00 -7.006968454371689248e+00
-1.073342443537422142e+00 -4.334156386387667759e+00 8.656915042417189454e+00
-2.893593307834832373e+00 -9.445063148721223101e+00 -3.973292714420886718e+00
2.342781655275156538e+01 -2.894444551884018679e+01 -4.619162796347028888e+01
-3.807797573457964990e+00 -1.381743726899262370e+01 -7.330836565388994863e+00
-1.502433211042893468e+01 -2.586007883456730383e+00 7.079661464437611684e+00
6.319588789250198069e+00 -3.256153659672991640e+00 -4.974014437488769147e+00
2.429540804391935982e+00 -1.982673894921403113e+00 4.909776591401848300e+00
-1.242396683738304475e+01 -1.469510357590222416e+00 -8.180707927421867254e+00
-3.363666224877177147e+00 -1.295281213745649529e+00 6.552220745975436245e+00
2.743141175503124085e+00 -3.341950716970165658e+00 8.562078559091587660e-02
2.114982914165420003e-01 -1.818910077863332475e+01 -7.805584294320980776e-01
9.071028348913765527e+00 1.699546912697433854e+01 1.121166610120065421e+01
1.248544382329032310e+01 -9.003046391999712128e+00 4.900054810746057399e+01
-9.048500592543194943e-01 1.700520398843490488e+00 -3.192755873404031330e+00
-4.130042027623725964e+00 1.040182940257689204e+01 2.687711585927404556e+00
-9.661128019764552377e+00 -3.161672635741623338e+01 -4.108570291038419953e+01
8.872798881726998488e+00 -4.563844957709902062e+00 -1.541214085000524314e-01
-3.637204741634263438e+00 -2.755029187035610505e+00 -6.149275994714613169e+00
5.073317403603081921e+00 8.424715442467947568e+00 -6.224654296823566746e+00
-2.906650382410540079e+00 -3.809423410681915811e+00 -1.927401869835831283e+00
-4.784090305102444152e-01 3.953726051009864850e+00 -2.548534836345762944e+00
-1.413276568259990817e+00 5.549161929289266659e+00 -1.536678033122836906e+00
-1.860195801337959365e+00 2.308657463104526464e+00 2.641175916044968819e-01
2.248900768132267303e-01 -7.036848943157442804e+00 3.083038834971247311e-01
4.384629512853543964e+00 3.062636760362147381e+00 3.803557387216986552e+00
-3.757207746237510304e-01 1.083831196496192106e+01 -1.423934017910925753e+01
-1.116260754816898704e+01 1.768559858251695616e+01 1.314111322969013784e+00
6.260283049997299010e+00 1.723111757569742508e+01 9.598139808687077279e-01
-8.208206291535681487e+00 -6.914016312415751209e+00 -4.664244654603360907e+00
-3.459913355483354991e+01 -3.031224974844111131e+01 9.237496497421830099e+00
9.714997483123797295e+00 7.891943662607735277e+00 6.099001663905213810e+00
8.818051848001489113e-01 4.298885047420872296e-01 9.401117669452627723e+00
3.966264504193175444e+00 3.447800400936716692e+00 -1.073364129656818555e+01
-8.229727240925155840e+00 7.626532154465512470e+00 -7.231113784711941106e-01
-5.382996767216273737e-01 -8.772750665397285319e-01 1.879170222677652102e+00
-3.192915114020435485e+00 -2.068943446685532805e+01 -8.255741041674101055e+00
4.434518327462015463e+00 6.384274354150509367e+00 -1.110883804964597932e+00
-5.284817046813985897e+00 -2.060043821321619895e+00 -2.903419006782166356e+00
3.104411202919938439e+00 2.118680529674460633e+00 -5.629328934371436999e-01
3.079654985091491604e+00 3.397179440960174990e+00 -1.600093188447925918e+00
-3.532963623306358869e+01 1.974835376215062155e+01 -1.945698253432479063e+01
5.419059598899458763e+00 -2.073494338228197975e+01 -1.304331287908049752e+00
-9.155651064766125558e+00 -8.767870526615967108e+00 -1.870903216524337509e+01
4.193203741729462641e-01 5.664860164136102938e+00 3.657114904923695953e+00
2.445667374183474685e+00 -9.229272027830841552e+00 2.982319188618133055e+00
3.701559707032403779e+00 -8.261141235618651990e+00 4.535147274383652949e+00
-7.657207536193264552e+00 -4.746589159092509114e-01 -7.842177799443709851e+00
1.249183265795587516e+01 -2.839782664929949796e+00 -5.114681142076753506e-01
-3.544588723505933459e+00 -9.537522312772402699e+00 7.394439180507127674e+00
1.409498984902661123e+00 -6.229512770161324653e+00 1.630907215080830364e+00
-3.045098775548131353e+00 -4.468987797385967298e+00 -7.445680604469374630e-01
3.630117067199495118e+00 3.158499815489120177e+00 4.852399115135625607e+00
-3.297629999847570215e+00 -2.846381339385029019e+00 1.885076472061481212e+00
-7.380666494476512796e+00 6.743207408691453963e-01 -5.192201628208562347e+00
-5.221394637948814088e-01 2.214778016714626929e+00 3.184170410177883426e+01
4.276834125041469314e-01 1.807134135258509078e-01 4.636380869778888164e-02
-1.579885865341538187e-01 -1.669179421727196466e+00 -7.083246034915594791e+00
-4.322490013151180754e+00 -5.006004869523361656e-01 1.189932452444807387e+00
-3.761536022246211530e+00 -1.836401704155431602e+01 9.753734169471334425e+00
-4.204576649445055381e+00 -3.145198108117070124e+00 1.842912750878297423e+00
-1.344916950670091182e+01 -1.483152618748260743e+01 1.775511470884745435e+01
5.773278687998110392e+00 1.211892603256794310e+01 2.363572830335132124e+01
-8.882750160953957419e+00 -1.616894776785823051e+00 2.054983237721152101e+00
-1.600789182886437123e+00 -4.283938908856504746e+00 -1.536142391852856059e+00
-1.627046244918096018e+00 2.736432342802929796e+00 4.705137130568322945e+00
6.035018155504122461e+00 4.396224500460949591e-01 7.499341691325238646e-01
3.505442442381076162e+00 1.255066301959727681e+00 6.999565874682841304e+00
-7.098065400892115129e-01 -9.151198897628813889e-01 -3.746061280851255004e-01
-5.223412778970365267e+00 6.139238202697161029e+00 -2.474711046193196484e+00
8.807288170483537071e-01 7.096551962324676666e+00 2.518851903203746634e+00
1.801406333647987079e+00 -9.757580587045294962e+00 9.112145586000089281e+00
4.782154897614192102e+00 -8.484887333281830868e-01 1.113948969109701181e+01
1.007184580364753401e+01 7.475500405447622398e+00 -3.030347206671183180e+00
-1.893686900053374922e+00 4.491584111865422280e+00 1.062265809438580483e-01
-6.066434870244454380e+00 -6.941705740820881543e-01 7.735276686381584721e-01
3.012182501342269614e+00 1.289791812252996772e+00 -1.061126389389762448e+00
4.719926738848325698e+00 8.059892341127348203e+00 -2.809218878280512754e+00
-3.332762213000634688e+00 4.400549363573470707e+00 -1.545284942061782463e+00
3.940545706437396767e+00 -5.651038163923634450e+00 -2.297444595361887387e+00
-5.534335125623478291e+00 4.272643373477110762e-01 3.642530627641355601e+00
2.434853697981097742e+00 2.083599683970229677e+01 2.647196785708866962e+00
6.361829946605284114e+00 -1.257282387072463647e+00 -4.309494382510635546e+00
-1.369085379770391420e+01 5.489022957985048912e+00 -1.500848293128422384e+01
4.667736987170279406e+00 -5.205404929696182403e-01 6.442243110865717437e-01
-5.444037784994711915e-01 4.639822575376691738e+00 -2.483639655631874277e+00
-2.552591617943157587e+00 3.750153202568137001e+00 9.748959699282001568e-01
2.673232873649549646e+00 -4.646018264703914546e+00 -1.694407291407248772e+00
-8.389160953498457918e-01 1.923524827420296512e+00 4.185448857299982173e+00
4.100243655335714443e+00 -3.357818399352586192e-01 1.008419255993153030e+01
2.965659463465558421e+00 -6.188116888971120666e+00 1.270683743279587441e+00
-5.352946970684915762e+00 -4.065442800282116353e-01 -5.288123242653913536e+00
1.065353513091976900e+01 -6.386826002157413029e+00 -6.885773271799012774e-01
5.362246109970629959e+01 6.958761568940078135e+00 -8.444038987464888635e+01
4.463470673486299667e+00 -2.237547548246122453e+00 -3.737961764341850568e+00
6.088452344408664452e+00 1.356464092142195987e+00 -1.095340128651241862e+00
3.864145062226415073e-02 -1.875508625956890052e+00 -1.621663403830985573e+01
-5.555896821394046725e+00 -6.483760660298647505e-01 1.941471200783552842e+00
-6.106903642293498358e+00 -1.291881581947571611e+01 -9.030394299930399882e-01
5.358755463310663991e+00 -1.422848981567046422e+00 -9.497001869408512320e+00
-1.122992519038138859e+01 1.903013242391592286e+01 -1.373042037506448310e+01
-3.938817008124159802e+00 1.222447102839562039e+00 -3.434360006192527681e+00
1.812796627255755633e+00 -1.407487463264929684e+00 -6.779933494411594985e+00
4.751338314005101537e+00 -6.139702069330010836e+00 -1.190167085202220143e+01
1.175444721636693401e+01 9.229409054567179638e+00 -7.085884436240944773e+00
-1.302626500541476062e+01 4.271060451213628539e+00 5.544403268849341870e+00
4.690753499113251124e+00 1.386609877035867688e+00 6.400758569117213082e-01
-1.012490863864137758e+01 -1.763806446297963504e+01 9.191517946746422529e-01
-1.237397027674448680e+01 -1.728333181837081867e+01 9.875736608551266116e+00
1.567984582871460697e+00 -3.217051177839691967e+00 6.275656721322192766e+00
-1.014324785399062101e+01 3.047958026064446813e+01 3.703506818270390255e+01
2.849421893704218167e+00 3.174993847063561692e+00 5.264126342370199829e+00
-1.772164715725766060e+00 -3.181855090856658919e+01 4.571981787442859257e+01
5.937013728839034776e+00 5.304526446497342951e-01 1.132857573396798934e+00
-1.355991531597131683e+01 -1.923636861886095417e+01 -4.029456135992771415e+00
-7.523177421083852678e+00 7.183353910902857464e+00 -6.819933367201528318e-01
-6.213284972877336720e+00 4.865116800798412910e+00 2.712106480659108421e+00
6.192720010840038647e+00 5.243842062800530002e+00 -9.105738490827045339e+00
4.531916926598569262e+00 -1.691779947504981862e+01 1.446213505324271509e+00
-2.012669133748600814e+01 -1.755651809919578099e+01 1.316049453924520840e+01
2.096461129101498511e+00 2.295543999127549473e+00 -5.010765938063531877e+00
-1.580072358795132414e+00 1.286733720143587689e+01 -1.084588450434483953e+01
6.166885632208043866e+00 -5.306665188870642424e+00 -4.519674029555759809e+00
3.420110934562310234e+01 4.920338799338122016e+00 1.762676609817968085e+02
-1.525761222876141465e+00 1.973240353391499502e+00 -1.895572206872128795e+00
3.440787554774045987e+01 3.859292631027071963e+01 -2.937934219072448627e+01
1.073880566587859597e+01 -6.614566918315459176e+00 -1.982049146894873548e+00
4.070647461744676399e-01 -9.824254302442605891e+00 -5.049587689451144890e+00
-2.178914635380243769e+00 -3.714571026065243142e+00 1.293343237625393050e+00
3.696820040122422935e+00 -1.003169284669925432e+01 3.118461941007772076e+00
-5.888692274055012277e+00 8.718159240698865053e-01 2.010759968582890522e+00
3.246754980576787575e-01 -1.263033378034261744e+01 6.941687832368533817e-01
3.807230594130376566e+00 -2.322590207362633219e+00 4.263516694610525626e+00
9.326028204070746952e+00 8.395123654773205546e-01 4.832801769732807173e+00
6.278108204914549795e+00 6.712039648760412369e+00 -1.875935379772258216e+01
7.658599263438628846e+00 -8.781127592585622921e+00 6.198607486651001608e+01
1.505178539665857240e+00 1.150419177356778899e+00 -1.349195349133079169e+01
5.175504037557821846e+00 -9.117827970034140250e+00 1.694554816601826719e+00
5.192924161567360031e+00 -4.481298984492068982e+00 1.584300451833883461e+00
-2.338735750576308892e+00 -1.409369152195269415e+01 -3.851732101353284143e+00
1.152347845790776937e+01 -2.506274671510257068e+00 -1.652834697589542490e+00
3.932963559023204721e-03 -5.758929610437287572e+00 -5.140905222632942362e+00
-2.292517778500250625e+00 3.189618844731384328e+01 -1.911026029272935389e+01
5.106570545742391332e+00 5.894649880959800470e+00 9.783645192319921913e-01
-3.549174272893634452e+01 7.127060203953347717e+00 -6.157227423526492771e+00
-9.981727858113949026e+00 -7.157452942910075500e+00 1.796421533956130290e+01
8.660589338270475723e-01 2.803526354452655855e+00 -1.449556601601922567e+00
-8.781780133739179872e-01 7.773686175231777185e+00 4.880140999692544668e+00
2.882058240636938162e+00 -3.271629639390713162e+00 2.919316732866140907e+00
-2.012722077878451810e+00 1.837146215088698020e-01 -3.636976202765129784e+00
-7.616315757750005133e+00 -3.396784774506687477e+00 3.524414801562941957e+00
-2.519678167663492729e+00 -2.633111166227020572e+00 -1.204326097114663874e+00
-2.520500006518433977e+00 1.085620504785636875e+01 -1.041639960628753592e+01
1.510407742564122024e+00 -5.402926144389762264e+00 -8.976290507715117828e-01
-1.650081641203122063e+00 -2.944241949117523571e+00 3.201352202420259641e+00
3.557373539791808259e+00 4.343245017288833054e+00 -2.639198508906665630e+00
1.781895807254035446e+01 9.818735716103613953e+00 1.802935546821889545e+01
9.548376147079622456e+00 -9.086489338939324867e+00 7.834644620990293795e+00
-1.199983961737825666e+01 2.619866031584404897e+00 7.479217375210509111e+00
4.669731817890230285e-01 -3.063627155433910954e+00 1.590047546209551133e+00
-1.471543116754677882e+01 8.492635049925038038e-01 -2.994749243242867287e+00
1.735076683048335955e+00 -5.840005917537706814e+00 2.100144399573161902e+00
1.384461095222620841e+00 1.328728094994254594e+00 8.563930155442662340e+00
-2.056545939649852883e+01 -1.509860265757371778e+01 7.355959819539159561e+00
3.298547910446826936e+00 3.447464422845859300e+00 2.687799874565785174e+00
-1.263818433104314742e+00 -2.182435772533565521e-01 -9.958781504836750065e-01
4.746838957445508100e+00 -1.523224031453881544e+01 -4.035265335542803200e+00
-6.392848757056760478e-01 2.931509061730170451e+00 -2.299482704944524336e+00
-7.497999209613588789e+00 5.618867879316884917e+00 1.141367132019582975e+01
-6.811949259905242471e+00 -1.209912047099724886e+00 1.307997340307048395e+00
-4.216029617563747500e+00 -2.002837129566256369e+00 3.809395106256190378e+00
1.714460896719873562e+00 -7.271484025965398779e+00 2.472089914770910557e+00
-9.441548315193426077e+00 -2.147718339063174220e+00 -5.183707710309646277e-01
4.010954256097936543e+00 -1.362507568161483285e+01 8.622479057000875358e+00
-2.454708404506853181e-01 2.588002546848390928e+00 -4.694492161929265883e+00
5.930401275017739060e+00 -1.747077472737703729e+01 -3.511550767136671691e+00
5.049770477588661599e+00 -1.382902718066578451e+01 2.651305597163366912e+01
-3.964512888354157383e+00 1.228727250220258504e+01 -8.709376099323714593e-01
2.443045054189904697e+00 -3.688050859376868829e+00 1.178185519648449642e+00
3.060409499317454651e-01 -2.621568284416400996e+00 -6.965951432985811875e-02
-4.731546955818844324e+00 3.938291970236374784e+00 9.220710025638565455e+00
-1.086703768902537348e+01 6.830262764559326349e+00 -3.580325983485512342e+00
-6.347017100021872693e+00 9.664089407331644566e+00 -1.258280611819571959e+01
1.600349826185788871e+01 -3.992250909284643967e+01 -2.735603557261238272e+00
-8.398962393155233741e+00 -6.730067161742677051e+00 9.628535662890338465e-01
-2.489181912782702710e+01 6.656556830990716378e+00 -1.807293539293561846e+00
-9.590697229567144433e+00 2.989808162205480624e+00 8.513676978447485055e+00
-7.957042752719098999e+00 3.609390761121948898e+00 -2.298679747994906819e+00
1.306587891585116123e+00 -2.194101751612791062e+01 6.173504265543461322e+00
-9.003853336006307773e-01 -7.199390183270238941e-01 -1.585627051283700073e+00
-4.775204200277678446e+00 -5.024123694316642741e+00 -2.079308838444355878e-01
5.183336275915805480e+00 -2.374356792408162664e-01 1.915463898669431897e+00
2.646600706114976997e+00 1.927008725533986055e+00 6.417464025312033193e+00
-4.391089267119235195e+00 -1.975490799093871486e+00 5.312704835895004862e+00
6.730245309466025283e-01 3.805861948785175392e-02 -8.875008093192898073e+00
7.180270803666220836e+00 2.350257652547364629e+00 -4.211871746406619543e+00
-1.495793283432587772e+00 6.536653676237837163e-02 3.125045142256153152e+00
1.021588255825494729e+00 -8.782651648884073348e-01 9.661326223003764424e-01
-1.204120869512928493e+01 6.734341720476561477e+01 -4.138061853240621701e+01
-3.717882340469563474e+01 1.644671934835966809e+01 9.225715361030253803e+00
-1.307149506119636584e+01 1.757289208579244288e+01 8.248424765822306881e+00
-4.278373231096084695e+00 -1.818645935108242906e-01 -7.267299501490860791e+00
-1.508097880788501710e+00 -1.055780407157066136e+01 5.768366429758167158e+00
-8.328240176410597329e-01 -1.897372993886020254e+01 1.721885717346098410e+00
2.537010520199171726e+00 1.310262264447709235e+01 8.244903797829044478e+00
1.791694595511232180e+01 -1.063116503990393191e+01 1.185325595767347373e+01
-5.635463059235370054e+00 4.732022048819390037e+00 2.445645180574539168e+00
2.319301856337699252e+00 -1.465718185769270399e+01 -5.992287256843294330e+00
6.259843739936790996e+00 -1.349506627553664195e+01 2.038919114558784429e+01
-2.018954709561678218e+00 -6.154393263863842556e+00 9.772154163234086255e+00
-2.631778486576641818e+00 -5.631914066250492290e+00 -9.822918520859126090e+00
-6.456200450522345591e+00 -6.687106593298666191e-01 2.461846345701667715e+00
6.894451884946446008e+00 -1.571971175990631631e+00 -6.676528303821479327e+00
-2.852892423031517666e+01 -4.260868048485087201e+01 1.977916499231155001e+01
-1.841966691794817734e+01 5.970204750473278921e+00 5.041637379871130697e+00
-5.058071879866139042e+00 -6.714377120559079870e+00 -2.585595466430329559e+00
4.216629106112513625e+00 5.205577749605505744e+01 -2.103748347128822971e+01
1.587498770875968468e+00 -6.676598218507158178e-01 -1.859297183577189827e+01
-3.234361615412016278e+00 -1.085683297071098785e+00 -4.409904620287390387e+00
-5.012861493988240547e+00 -2.311395710174458884e+00 8.393162252936413381e+00
2.495405871152964306e+00 2.152653436071918058e+00 -1.528516358987769230e+01
-7.254910397868661320e+00 4.656413477947013990e-01 -5.897090517564247847e+00
-1.423594825201743186e+00 1.165290833459949438e+00 -1.807242832245240960e+00
-4.502084964156054525e+00 4.023265378230254541e+00 -3.872196700151636417e+00
4.174922779670621509e+01 1.810439226806351698e+01 2.253275322179501927e+01
-2.191621663833795530e+00 -5.742901350343548178e-02 5.912281687640295047e+00
1.983755212851361582e+00 -7.446285140287718374e-01 7.547236040714079275e-01
2.086766607100141169e-01 -2.213024120066991340e+00 -3.716589092171111552e+00
-1.190337289125032338e+00 -3.692084556412848606e+00 2.103126699035983371e+00
1.872818617846590428e+01 -3.086053875841589189e+00 -8.082518359348467740e+00
-1.237356907871442679e+01 3.740494264063392649e+01 1.914879534885464096e+01
5.639342306898264212e+00 1.329383086411938031e+01 2.551944610439724759e+00
-4.948039288046547135e+00 -1.227602137806964588e+00 -6.960419552692465928e+00
-1.100914820840530162e+01 -9.797052380771305025e+00 -5.496749665493574355e+00
-4.253158708434007451e+00 4.053665706059522478e+00 1.287465015776411814e+00
-6.652589805477373552e+00 -3.085035756610103874e+00 -8.586519190935844037e+00
-2.058312012858214857e+01 1.263998248716510986e+01 -1.764985153888066804e+01
-7.827623563735259804e-01 2.012647948579200374e+01 9.058105200957606851e-01
-7.204399305995821123e+00 7.423935304708935590e+00 3.020183188954465026e-01
2.789983377502690765e+00 -6.436620012042053141e+00 3.267024132818178384e+00
-2.793894194544094822e-01 -7.601390582438651400e+00 -7.406507386753080624e+00
-3.749509265800322844e+00 3.459624534052495815e+00 -5.316087972701508235e+00
-2.996873159867931236e+00 1.369366763313075630e+01 9.026690576332613958e+00
-8.360085210627492547e-01 -3.385324581221053286e+00 2.059127427328981408e-01
-1.677531854227328312e+00 -4.905119264588543082e+00 2.571614171025367046e+00
2.041680404662851167e+00 -8.329324073060636602e-01 9.888057488127492967e-01
-5.189116758944925856e+00 -4.522904075403351154e-01 -1.433465880906111156e+00
1.269546451480891314e+01 -1.487224194363215304e+02 -8.747047922844531698e+00
5.717748913757599638e+00 -1.934431391636190378e+00 -1.572885450942718677e+01
-9.006050358315411231e+00 2.382417660622918376e+00 -6.910488525634035373e-01
2.773246559423366620e+00 -3.823435940554605228e+00 -3.220692207769563886e+00
5.050409714500617042e+00 1.883058269157122266e+00 -2.104468186651942130e+00
-8.901635834747001041e+00 7.933563493549059764e+00 4.477920369409779333e+00
-1.622151662206208211e+00 1.220166010624550657e+00 2.688606946280835519e+00
6.014262296379848660e-01 -3.731287553655377121e+00 -3.840704813680072549e-01
7.964445855012338704e+00 -1.590619162209680137e+00 -2.306399735540785301e+01
-1.319801537084844156e+01 1.822261797789928650e+01 -4.126147277799189439e+00
-3.799950394867359194e+00 1.753367155250225684e+00 -4.729077902632158881e-01
-1.772633480695049357e+01 1.054535750508707714e+01 7.726157883361866041e+00
1.170341975282781055e+00 1.045799481267328979e+01 -3.992274268576230245e+00
-5.713124264354712878e+00 1.054515990038019702e+01 1.053670818731317960e+00
5.658927924375003471e-01 -3.457759718580830643e-01 -5.085772053328132536e-01
-1.643245141123595709e-01 -1.948970694050353947e+00 5.901951569218150118e-01
-1.902959664566254716e+01 -9.557180140237273136e+00 1.936902642027372723e+00
3.680666971692241773e+00 4.747376981762998938e+00 2.793158115669043817e-01
7.722603497325520649e+00 -6.359658090567747557e+00 -4.029710535918365366e+00
3.823648700726695182e+01 -1.783392810472553336e+01 2.063494278692958162e+01
-1.981632553819509424e+00 3.180883617701536714e+00 -1.152640955249805010e+01
-6.592746418133087261e+00 -2.368018500010914185e+00 -6.688736013137490666e+00
2.219513344602037463e+01 3.207718821148636579e+01 -2.635648230840761030e+01
4.043607612864214218e+00 -6.259479266250163043e+00 -7.853448973020890733e+00
1.165668184944400920e+01 -1.274202635399114136e+01 7.049107535908416544e-02
-1.001705093178311046e+01 9.326563594365335774e+00 -2.051745077210010759e+00
-8.695421767698219284e+00 2.660166510374608162e+00 1.040936461560886528e+01
-1.306240287361894659e+01 -1.365637148822454705e+01 2.001097364346253116e+01
-1.166034298986632578e+01 2.318803133002543593e+00 -2.100939009487336140e+00
-3.741725000601321227e+01 7.857421617167377192e+00 3.351069638755121360e+01
6.031775965110480087e+00 3.156617314921209005e-01 4.704839035158728144e+00
-1.615399474429554161e+01 -1.743895821568522564e+01 -1.767854463338774806e+01
-1.251158919787782153e+00 5.797501993204098092e+00 -3.816971079338642880e+00
-9.486599262542146249e+00 -6.137865465263431908e+00 1.029800006351278618e+01
-1.969708792125688168e+00 -5.406758126032021217e+00 -2.409799815508640641e+00
3.257034712674679700e+00 8.277487296870290612e-01 -1.226524125715783509e+00
-3.048136482726061747e+00 3.910954034717968142e+01 2.192057959776125031e+01
-8.081137143933842637e+00 -3.452297077983168982e+00 -1.190506572598784807e+01
-1.446997381067288480e+01 -4.160410840456992609e+00 -4.950373379517739814e+00
-7.676482460949454634e+00 -1.762696747680263698e+01 -2.285080068663290476e+01
2.180744737293230262e+00 4.611400048643321981e+00 1.067428220909771852e+00
-3.987398014947150848e+00 -3.528988336583265717e+00 -1.534089463472872339e+00
2.338246737890525284e-01 -8.874501529027979396e-01 -6.842057758851752602e+00
-1.536632231249951852e+00 -5.862568967955037458e-01 -1.003664816903744983e+00
-2.809171589239717326e-01 -6.130443155799452093e+00 -8.529584086725807701e-01
-8.760761359140143867e+00 3.775896041507170064e+00 1.086171367404407534e-01
-3.732986278328633389e+00 5.933149617630103734e+00 -1.788390291009853428e+01
-1.106534399728490037e+01 -4.976294782138718453e+00 -1.676770670401896979e+01
-1.068019434052094180e-01 -1.101678210688404924e+01 6.025181082815558309e-01
4.430471044908156131e+00 6.230424496615921015e+00 7.484541624895875600e+00
-1.376778353152486423e+00 3.500929035484517254e-02 -5.806552945009296529e+00
5.208752700053642659e-01 -1.690573239454099985e+00 -2.811882528077696897e+00
-7.847694667896595533e+00 -3.637488487290306161e+00 1.361035428567047401e+00
-9.522264566877421288e+00 4.556959109275656949e+00 -5.500626174742708763e+00
6.797276338627838976e-01 -9.209563488430648759e-01 7.560927332851141713e+00
4.181567201634549313e+00 -2.883781908681331441e+00 -9.395165844151456724e+00
-2.216527850338716377e+01 -5.382392076333567310e+00 4.466974357839132104e+00
-7.890222066028165671e+00 -4.850677348548209977e+00 -6.329119497502013747e-01
-1.432055897565740699e+00 1.727483397429337098e+00 7.803408611603002143e+00
-2.115350030476889298e+00 2.318898004694803117e+00 5.791295448014542657e+00
8.914107515628638012e+00 -6.908346354915229082e-01 -9.151427306317094335e+00
-2.286923212363577207e+00 -4.685476264973583577e-02 1.437561974266084119e+00
1.801205141103902951e+00 -2.283485882572308390e-01 -2.045751455275914357e-02
2.057151464680535558e+00 -1.085913135468932111e+01 -7.053669993383967274e+00
-6.307631083022455343e+00 9.792557277334186239e+00 3.489214316709346342e+00
3.508642211517346965e+01 -2.100932586869628338e+01 3.057038439885659642e+01
-1.529530247557553846e+00 3.256132952060982522e+00 -1.388285820588897712e+00
-9.019681543669484824e+00 3.624732027745848129e+00 -1.024666751285610911e+00
8.185369513932265306e+01 -5.235618497746374800e+01 3.343198497291803051e+01
-2.691435445206391996e+00 -3.628359532741958660e+00 -4.728025714055520190e+00
1.586805654853338154e+01 1.161774555969310896e+00 -1.575159352895180120e+01
-1.042497583435766728e+01 -4.387730753210489887e+00 3.046239732387395982e+00
-5.695175206569930815e+00 -5.182615910371113799e+00 -3.723710310077776420e+00
-1.573640606775744644e+01 2.595622203488904489e+00 -4.511816016366606341e+00
-4.259192077020598433e+00 3.433834319384262201e+00 3.175375472612164351e+00
2.513209913811485841e+00 5.629391032219241531e+00 -2.467638464905247186e+00
-7.587929976388172904e+00 1.727455067554711476e+01 -4.194752541734996787e-01
5.755568634675853446e+00 5.238072102011295250e+00 -1.018265208103940722e+01
1.218265879802239837e+01 1.813806289094920809e-01 -5.802600845686540332e+00
-8.625722856706552477e+00 -1.314267370710139282e+01 4.908337500512782725e+00
2.360908954697488404e+00 2.347791687823389761e+00 1.527271758511116495e+01
-1.116176631523392970e+01 -1.073224362432743773e+00 -9.192391443953935593e+00
-2.052187502631530325e-01 -2.737406569558749947e+00 -2.581798725942169526e+00
1.332681173183651424e+01 -1.566209376729667113e+01 1.390130007027394932e+01
-1.274659047818065893e+01 -5.759177255229355197e+00 5.324320459874819278e+00
-7.068110490465835838e+00 1.677561845949728081e+01 -9.324502011807016544e+00
2.978688641408286930e+00 -7.037433196776142763e-01 4.049501348630374586e+00
5.658636019048285171e+00 -5.631207429992117763e-01 2.689568019292483125e+00
-5.495901709089223708e+00 -1.064832060370117350e+00 7.501164561535029307e+00
-4.240505502394682935e+00 -1.776872688209465068e+01 3.369768110111925097e+01
-9.796554633539732437e-01 -5.682870102733864393e+00 3.323642919472821866e+00
9.793019113294771927e-01 -6.008576016128321484e+00 7.029168597282699160e+00
-3.021442532166005446e+00 5.304251453121479720e+00 -8.888310813374536323e+00
-1.476580664965327028e+00 -7.004304710318499438e+00 1.365703298959644485e+00
-4.259977528266648328e+00 4.257135503050727188e+00 3.145426476480150502e+00
-1.127346238103368670e+01 4.230253425392821676e+00 4.307172616958660605e+00
1.107217772917976539e+01 5.581379513886336241e+00 6.019400879671389148e+00
9.938574799999917886e+00 -9.981119428021100859e+00 5.171475911933268721e-01
-1.109078668414180457e+00 -1.344897191242505841e+00 -2.942693330157605480e+00
-1.293063566821149379e+01 -1.490016413522069705e+01 -8.769202907419868964e+00
1.322412178416642270e+00 2.136266035755704173e+00 2.316532076722601197e+00
-6.340702446948235149e+00 1.137097875163757932e+00 1.327199956864876906e+00
8.891668233599174798e+00 -2.091836816266809063e+00 -1.825690589836349886e+01
-2.126724393851609829e+00 6.351654433830888458e+00 4.379491760707177939e+00
-7.477009178077900664e+00 -2.258893308008856682e+00 1.271669322888583142e+00
6.984557471734927248e+00 -1.050644575478818155e+01 1.031071655647837204e+00
3.548198507808952407e+00 -5.430023158605236766e+00 -6.570832036972407586e+00
3.329202875304028364e+00 7.135617609516237358e+00 -4.853650739448418960e+00
8.835894870626653130e+00 -2.134548162848005415e+00 -3.201019433350822396e+00
-8.626267780692407072e+00 2.392173402169770924e+00 1.726880403013011156e+00
-9.993206744378941853e-01 -7.358225597336579549e-01 4.477823724429716101e+00
1.492561960065670768e+01 -1.634102703065808981e+01 -1.271686885783010723e+01
-5.137816191800958165e+00 2.472535277045007085e-01 -6.797311557284642980e+00
-1.105552816651829362e+00 5.237057664462247963e+00 -8.120051042506162275e+00
1.569818730231191894e+00 3.233703661893056136e+00 1.497061090562081809e+00
-4.182944481443536811e-01 -1.314511223765593151e+00 -2.683235945331828187e+00
3.519559150172618445e+01 6.100104655951077604e+01 3.262289863818060631e+00
1.141436537140511476e+01 -2.188875854280972888e+01 1.644591271578927039e+00
1.192023183546138121e+00 6.214570163406213155e+00 1.802421798943100395e+00
-9.258165097380414821e+00 6.534884369918898539e-01 -3.350202188899790379e+00
-1.651232762244458030e+00 -2.648717804831346445e+00 -7.190219883698187431e+00
-8.302355876985060945e+00 -1.471133642572480404e+01 -1.897601530383811763e+01
-1.137183788206533386e+01 -9.187937020311869318e-01 5.759751125798660887e+00
-4.978181740591017257e-01 -4.627205723108062330e+00 -1.462203719673096813e+00
6.712474116886848030e+00 6.353343847425146906e-01 -7.192492182326010175e-01
-4.676013890582674470e+00 4.320246587597092791e+00 -1.641525969210311242e+00
1.488167375298948603e+00 6.850742182402606240e+00 2.846891858406471076e+00
9.263333908954843876e-01 1.039023735465938536e+01 1.171039102621142725e+01
7.962871875096109875e+01 3.000890650960057826e+01 2.199575591876810421e+01
-5.122343854385538009e+01 -5.052985053502045787e+01 8.102945115724482150e+01
8.745638986297871398e+00 2.168988809127972317e+00 -9.798004407435747964e+00
-2.496733470689301626e+00 -5.014891358968759150e+00 2.431698895596515531e+00
2.099874871392665376e+00 7.038094420351980185e-01 1.195141299802278123e+00
8.364657380679451748e+00 7.981806883713020717e+00 -4.114212248719970155e+00
-2.704558977569730960e+00 -6.134177506878774722e+00 -1.396502240904913705e+00
2.244003541670470891e+00 3.470488079229161915e+00 5.455808006154710732e+00
-6.183066831162373767e+00 1.245729442648925822e+00 8.504177973044553696e+00
3.277978551212056058e+00 -5.775569550778971717e+00 2.850450293645240496e+00
5.237112433900897202e+00 3.679427661821157436e+00 1.558909137683206936e+00
1.112312580283994601e+00 -1.016382169124063140e+01 2.092373772185700975e+00
-2.689802439336766327e+00 1.244099884871541484e+01 -6.170567755384250397e+00
-9.069762246861190036e+00 4.595871076905565233e-02 -5.468383789874102785e-01
-4.587297114082903526e+00 6.421887887441622977e-01 5.794523907592367351e+00
9.995081927919207132e+00 -4.406054145568092384e-01 -1.772002761977651719e+00
-6.023490946055422235e+00 3.751473387025384909e+00 4.067732792188633262e+00
1.908317223903613913e+00 4.335660256584516342e-02 -2.102701275424438077e+00
3.404063254841467323e+00 -9.164491797865195188e-01 -1.161051211662856186e+00
7.333852229155571223e+00 5.011702324424240018e+00 -4.415822736471597842e+00
-1.816825018070511533e+01 -6.792048639080054073e+00 1.914858762470672460e+01
6.723780979935328972e+00 2.674970086978840556e+01 2.784113250179355292e-01
1.766617332671844565e-01 3.234112494100985558e+00 -2.265065376626807403e+00
1.396008248243322925e+01 -6.540733838029908043e+00 -4.451885234712726458e+01
8.213138535241057969e-01 -4.210390927306836062e+00 -3.356354906240197611e+00
-7.230077767324400995e+00 -1.657447947028174084e+01 5.217135588979395777e+00
8.990274585037747457e+00 1.484977397553776868e+01 3.199969573099319398e+00
1.738519754980756815e+01 4.268625367943786131e+01 -1.472057350983716795e+01
-9.213908377772760616e+00 4.210563117840051106e+00 1.115297398167939846e+01
9.316711036799233625e+00 -5.161533969773991481e-01 -1.388720105299964258e+00
2.809552846986692831e+00 1.642636288374777820e+01 -2.284936363049763131e+01
-2.506463690330501759e+00 2.685343713714031022e+00 -1.149758277571711496e+01
9.994355242535051254e-01 4.139425124497361885e+00 -5.553200719367896276e+00
5.844942162841425315e+00 -1.938616053677508999e+00 4.032338790024142305e+00
1.594945922017372064e+00 -1.832750220778256889e+01 1.493580883225321720e+01
-5.021301865591638602e+00 2.075975688625916415e+00 -4.415290652262573445e+00
-8.790643353320248821e+00 -1.610031495110735023e+01 1.468723069702417172e+00
5.898747605024976082e+00 5.855210663208096911e-01 -4.660422155472946137e+00
-5.410021734886258038e+00 9.848362870119931500e+00 -7.723725596198618426e+00
3.610012669510869188e+00 7.202340183624414749e+00 2.506734304178879658e+00
5.335151369724974835e+00 4.507817099159657559e+00 -8.276843434004218736e+00
-2.961613706603928531e+00 -8.656537053064253584e+00 -2.530510842729051912e+00
2.497808809920925910e+00 -6.916279844661539222e+00 7.037660272296018427e+00
6.074549818729998663e+00 8.629605179807761317e+00 -4.295010260659353207e+00
-1.550857809032343493e+00 -3.763129436154233898e-01 -8.592313993745018252e-02
-4.342156391703678509e+00 2.958911010862209423e+00 -6.382160229450246192e+00
4.706170618181958254e+00 -1.235167580449977320e+00 -2.812431244255111373e+00
-1.305176973410745678e+00 3.026780086938734460e+00 -2.354967183183853230e+00
3.323624410094517589e+00 -9.592957215033585783e+00 1.038871603521648446e+01
4.679250244016502219e-02 3.557922359542009527e+00 -1.531763786628843826e+00
-1.646589448612281004e+01 9.522041979230588815e-01 -8.462881627837868237e+00
-1.555476873340055688e+00 -1.459780659019371818e+00 -7.028008965677336128e+00
-1.016000408941246214e+01 -2.556117948838558362e+01 -4.880382230264568300e+00
1.201999987222211175e+01 8.541938547851602337e+00 -9.866543909543548097e+00
2.336501854643214138e+00 -5.184283023081735386e+00 1.020607115852889546e+00
4.992648860250417542e+00 1.163559731722983770e+01 7.784251328854081997e+00
-1.595176503959504055e+00 -4.546850286398536056e+00 -8.072189326073379689e+00
-8.283587301015347126e-01 2.127884991585003505e+01 -6.652414996157321347e+00
-3.872841589869792767e+00 -8.238607073644129031e+00 -2.119470949022234052e+01
8.002406664507931922e+00 -5.546605523104670254e+00 6.869946084623941296e+00
-5.735710866605700176e+00 -5.112199959419274187e+00 -4.577773895565163897e+00
-8.949439356535368040e-01 -4.290825008365376725e+00 1.952946495836171303e+00
-2.834581083813620062e+00 -3.792349000240527790e+00 5.237043007737567812e+00
1.690115858297733453e+01 8.781776049427719499e+00 -9.355933630098075326e+00
7.347292209796257190e+00 -6.588725942371475242e+00 3.984789512780101006e+01
2.237282433692862327e+01 -1.686297088323466298e+01 -8.602493704943539043e+00
6.694403751005951086e+00 1.137407584024258789e+00 -7.051395424342706164e+00
-5.573865629844169334e+00 3.362076021100655510e+00 -4.342422560890376593e-01
-7.993864348741702486e+00 -6.744548772586544949e+00 8.463596728414467307e+00
-7.412206871461031188e-01 6.075023326742191587e-01 1.082821770759083702e+00
5.950548744529092993e+00 2.308736463609704082e+00 1.247558068529463160e+00
2.859504275165539955e+00 1.052862263267972498e+00 -5.641674659604038744e-02
-1.689954043546149753e+00 1.068668292930013308e+01 2.062277082377965698e+00
2.590538942319193350e+00 7.133599782531709899e-01 1.285030362941002258e+00
-4.552789667104928384e+00 7.686440561771620494e+00 -8.580681308455688494e-02
-3.875943017445092842e+00 -1.516354251573405643e+00 2.741473948208289269e+00
-1.738750343940620224e+00 -5.025274969657411717e+00 6.697554723978169200e+00
-9.485321309408499602e+00 3.501629490562648606e+00 1.340369311400044339e+01
2.580782374932576451e-01 -3.060332980445463313e+00 6.665894482282801903e+00
-8.177886315756648372e+00 6.889798565344296577e+00 2.795493797457280660e+00
-1.158945044037462679e+01 8.725421790126890453e-01 5.949959106655465568e+00
-1.815887745044111046e-01 -1.694920414911693207e+00 1.982615284829972513e+00
4.221606169342098092e+00 1.115380508934337911e+01 2.452899390477623509e+00
9.188702636466453688e-01 -6.928033914724187614e-01 -2.553063733008338332e+00
4.916435112838072108e+00 2.365530425843832774e+00 5.327733822124405272e+00
3.180629914092184540e-01 2.100065448180694183e+00 4.157816909371095271e+00
2.784367936107291897e+01 4.313946468415250024e+01 -6.889153194986673157e+01
4.567392667172172516e+00 -6.433968656064484648e+00 3.891017729317583829e+00
1.463843505093176844e+00 -2.021188950989158073e+00 -7.432902694637025576e+00
3.206707938197577157e+00 2.102695345532040250e+01 1.049712206211393051e+00
1.605485881531186720e+01 -8.434525651988662442e-01 -1.816681746531554786e+00
-2.311127300014983899e+00 -1.573307518685989947e+01 -1.317646566953252885e+00
7.218490216137035453e+00 -5.680240869660201364e-01 -5.133271406825889116e+00
3.250915901015377862e+00 -1.349231233528101592e+00 -3.031333783063881349e+00
-3.027215176724340040e+00 -5.326747335215898937e-01 -9.421635765923643824e-01
3.760583191845161100e+00 2.294843823148617457e+00 -5.235828791395963577e+00
-5.263490749271367619e+00 -6.897792578812347308e-01 -8.465087384750283661e+00
-1.874030167932569313e+01 1.522436640044499789e+01 1.267938565836492693e+01
-1.030551176544197389e+01 2.031063272338362147e+00 -2.716216262040551527e-02
1.568042969264206121e+01 9.577969301506792377e-01 7.258252294411904337e+00
-4.055098684167150580e+00 5.966635255890320622e+00 -1.473946556352276227e+00
3.802336851378135929e+00 3.172187267926915855e+00 2.094879542497924074e+00
1.712271460633857600e+01 -1.434604856251832494e+01 1.266417099415593529e-02
-1.086841105279927167e+00 3.455352529845776122e+00 8.951812847862687050e+00
-4.049799289324650609e+00 4.208487553943423443e+00 1.452167039848609509e+00
-8.850728720497208490e-01 -3.286423666766439933e+00 -3.960667314689261254e+00
-4.040746805024590493e+00 3.982065550079312288e+00 5.001892348921008313e+00
-3.257983289487555556e+00 4.476948991791518395e+00 3.788745679465371552e+00
4.244962004855740711e-01 -2.248798545317038933e+00 3.580400559570311891e+00
-4.876277026501187883e+00 -9.573960527314655522e+00 -6.938174572963492714e+00
-2.008562723109333703e+00 -6.605237975712030529e-01 -8.558066483757569287e-01
2.995952170645161949e+00 4.923067897218654232e-01 2.093055961963543599e+00
-2.020077722463065228e+01 3.584308270035349153e+01 -1.793779174337386451e+01
2.782889520549393758e+00 3.053818012821955641e+00 3.546788687411854379e+00
7.732768045031236603e+00 8.384525585630413502e+00 7.307114837343353209e+00
8.619303480611262280e-01 -3.233773119891667491e+00 -3.600676096406998372e+00
3.425559495297360035e-01 9.559271371422033425e-01 1.989928973396801082e+00
-8.523280956342269121e+00 3.220319734366121178e+00 -4.226482817866282993e+00
-2.763510956504281424e+01 -2.796063512611751634e+01 2.537132219722238702e+01
-5.045985242419566141e-01 9.871464426228371281e+00 -3.704346300151882154e+00
-2.708502296696945422e+01 2.982615528480594413e+00 2.846034582536057567e+00
-2.821304031340504004e+00 6.748309757596537839e-01 3.247240692257676864e-01
5.521829286749981520e+02 -7.244097168762478987e+02 -3.306276452032070097e+02
2.056132027584625277e+01 6.991483252079568445e+00 2.673541769823588599e+00
-2.158757002271136205e+00 -7.741115857559615065e-01 -5.480968030343340125e+00
1.170064915890718815e+01 2.057011910612182248e+00 3.327195458108054726e+00
5.652246695734550741e+00 9.861888643080870764e+00 2.326005130128391585e+01
-3.776473811829467397e+00 3.235896225150791672e+00 -4.281343410990695375e+00
-9.653177012931260847e+00 -4.018311623846917868e+00 -2.207264098594937440e+00
-2.399753406408275680e+01 4.036724819721743351e+00 5.614192083270480360e+00
-4.052592193611189053e+00 5.711949696571423374e+00 8.789386150791832719e+00
-4.690001866949086384e+00 1.620676759112905785e+01 7.582935566700008678e+00
1.359371032965531523e+00 -1.041609515252681462e+01 1.118990744583530983e+00
-1.246008858422383447e+01 3.808175736263222255e+00 -1.556586935065524591e+00
1.619964106469476306e+00 -5.518316337549134865e+00 -6.717641141412042494e+00
9.305194103864826261e+00 2.164006645024612041e+00 4.187680577705309659e+00
-1.733938634641909893e+00 2.012120765690139923e-01 3.471684364520514432e+00
-4.223084224217505067e+00 1.366861060349015133e+01 -1.305981813759072807e+01
4.537193630898648244e+00 -7.507234970623108961e-01 3.715503511159548578e-01
-3.587860017448167484e-03 -2.113314051598568000e+00 -4.603788506191957564e-01
-1.332473694798215469e+01 3.733691617541025631e-01 8.455878195776476147e-01
-1.596918334782341731e+01 3.333805116364358945e+00 -1.307544764255526815e+01
5.812929586005969540e+00 2.414925698596384951e+00 9.119717164119863995e+00
5.806142638074058837e+00 1.125547919850854894e+00 4.095464754935614238e+00
3.347706996693366577e+00 -6.712900958991639300e+00 -8.294211645939085775e-01
-9.302762455750618997e+00 -1.862306167446799421e+01 2.587953498265457508e+00
1.373591946302862539e+02 1.939908490629229050e+02 6.172854812060013074e+01
-1.253425776077347509e+00 4.994171743033052890e-01 -5.475321798781984661e-01
1.302435493765203844e-01 2.369432950358481804e+01 9.538803313657711058e+00
2.250389415999772069e+01 1.567907195402339227e+01 7.899639015752684124e+00
2.011889588130811035e-01 2.712852334908284035e+00 5.557926801152088814e+00
3.273919992369845877e-01 -2.059849820870093051e+00 3.622351202081004917e+00
4.295388919742819667e+00 7.878996005309754080e-01 4.795481401418051348e+00
-7.462485798909759716e+00 -5.208096601903084988e+00 6.980983166006412333e+00
-1.197296819020276404e+00 5.149308350123461331e+00 3.710487474001534558e+00
-3.911002974143767297e+00 -1.575231656245904777e+00 2.864221260003766201e+00
2.297042699828879364e+01 1.743130788136101472e+01 -1.861892943997130345e+01
2.075934367512541456e+00 -3.709729655361846956e-01 2.794167565954592258e-01
1.660946353153276212e+00 -1.005801632072086171e+01 3.986016329096764843e-01
5.600161603267235222e+00 -3.146624900141897996e+00 -1.978763359158038249e+00
1.335476888895231529e+00 8.513017829143691984e+00 2.685777403521250495e+00
1.500994841637290023e+00 -9.730503155708711827e-01 -6.829108974288637945e-01
-1.097730862955809528e+01 -6.199964179546002541e+00 -6.273216316159059502e+00
-2.680736763955683166e+00 -6.267496208818531533e-01 -2.572168134878471069e+00
-6.573642730835616454e+00 3.375684518655852884e+01 -6.072706856704246370e+00
-7.125106929108508957e+00 1.748847208183067936e+00 3.348406273269066702e+00
-2.353107047473371516e+00 -4.072368077144544074e+00 -3.811451654612122653e+00
-2.574753652337102405e+00 -6.565714185977592265e+00 2.209654844409210561e+00
-4.734445224385767759e+00 3.129750857672645381e+00 1.500673964695091511e+00
-1.065250673927825176e+01 -1.159113114740597306e+00 -3.744616608777192823e+00
-7.504030739398706906e+00 -1.777834274622550126e+01 -4.933828817520115706e+00
1.928443116876580987e+01 4.663355402931334659e+00 -3.604892791245359440e+00
-4.831239586570082345e+00 2.320580588435242397e+00 4.779477463131012627e+00
1.426388502819727933e+01 -1.358477162776021530e+01 1.900546256168028947e+01
-2.632031396965120784e+00 2.103714536151259362e-01 -2.802677083020046034e+00
6.421908036240937534e+00 1.439528101817617234e+01 -9.976752846866894231e+00
-4.084579058317760136e+00 6.047558067815629101e+00 3.368787276453525159e+00
-7.608681756507901461e+00 -8.713748801498242713e+00 -4.443750030452499722e+00
1.065913563572304712e+00 1.451998874701164510e+00 -2.853384329975269917e+00
5.521145479863938110e-01 -7.273518473408541851e+00 -2.718751412662363087e+00
-2.089444499917092024e+00 -2.455091905412997377e+00 -8.614744312797283143e+00
-9.968435779218577153e+00 -6.235159578003877989e+00 5.351465778303961862e+00
-3.126176494570120212e+01 -8.961940192176113484e+00 -1.379230549794431404e+01
-8.246018566111608550e+00 -1.565627702478555427e+00 8.793311310938110026e-01
-1.693113019191509849e+01 -2.402279373550932018e+00 -1.920786940539781540e+01
-1.398497677832910213e+01 5.805252753281568978e+00 -1.408272862534474434e+01
1.528103788277305863e+00 3.892193663997170372e+00 2.814613425854058715e+00
-1.417492924632336759e+01 7.325624052620810289e+01 -7.436444056111267686e-01
-2.352099520212928674e+00 1.687349767485092356e-01 -4.753743580425531690e+00
2.413445087858778315e+00 -9.270209919244129182e+00 1.917164967112969620e+01
-8.640572309899434700e+00 -8.187374456265404277e+00 7.522512623666671949e+00
-1.280022167008378009e+00 5.053526425034935876e+00 1.219971863515951993e+00
4.712970889289059606e+00 -4.074802562656882543e+01 7.453164380552045110e+00
6.230208858687572536e-03 1.529186695905645710e+00 -2.591442133759469524e+00
-1.100016219754369917e+00 3.676150679842578484e+00 -3.118734214475555877e-01
-5.777641409064433464e-01 -7.990998617558818573e+00 2.437351566264539748e+00
-5.153236800382767768e+00 -2.876684628363952001e+00 -2.737426718948640758e+00
-7.408301683341663058e+00 -9.437238390130577415e+00 -3.111425752347694917e+00
-1.980712719236942476e+00 4.708953349598854032e+00 2.935399769808561210e+00
-8.554056396694901920e+00 -6.285439937647630870e+00 3.108231128882775529e+00
-6.937325806924676819e+00 -1.007757722469819761e+00 4.276544594523890908e+00
2.606027192566183537e+00 1.319306303898036958e+01 5.213021145756688846e+00
-1.702253146959259000e+00 -5.597517576257273753e-01 5.405619815448221566e+00
5.500666662619747349e+00 3.950364091221138629e+00 -6.097859481919546631e+00
1.578030332717951900e+00 -6.616369195624050903e+00 4.343724995726208071e+00
3.447910075556258391e+00 1.056354107893437444e+01 8.729516312398448719e-01
4.198623474425204449e+00 3.230288022407534765e-01 -4.892297559265361140e-01
-8.356065706083906086e-01 -5.797119969023936115e+00 6.796994299906241821e+00
4.167238585689002628e-01 3.648212216828376597e+00 6.122168159130509046e+00
-4.750269205461679078e+00 -5.325903208387420484e+00 1.607724626708270321e+01
-2.413256880632784207e-01 -7.521120575962792820e+00 -1.812379231247479350e+00
-4.216466398941007832e+00 -1.691943628556869861e+00 3.358808530282150068e-02
-2.629831447414302303e+00 2.592212270173609667e+00 1.121392016322450580e+01
1.677933335313755103e+00 7.458246208813127609e+00 1.664357314846703462e+00
-7.280539329098910883e+00 -5.534419360284936751e+00 -2.570592193216801657e+00
-3.126774041396406645e+01 5.951873227602316518e+01 1.933068854048451257e+01
1.102663817108070532e+01 -2.209843775054568304e+00 9.041170009296562782e+00
-1.785274704067765228e+01 -4.993380081558868255e+00 3.327744096395497397e+00
1.830474102423393257e+00 1.837026915040506969e+00 -9.898337244224367781e-01
-5.791147037808406672e+00 -4.654140974516544738e+00 -3.611484561887950751e+00
-1.134214722650324170e+01 2.946734309578203259e+00 1.129551220802929912e+01
1.694590565880071287e+00 1.861976557482130090e-01 -3.332770775511983974e+00
-4.027673092511760977e+00 2.810054077947867324e+00 6.285680898666407224e+00
2.191955856659643764e+00 4.411276172782293337e+00 -9.173158992875414697e+00
3.905219430765048294e+00 -2.603881589871493318e+00 -3.868600396125914997e+00
-1.253405813445220396e+00 -4.156073416675708287e+00 -4.639970639043343503e+00
-4.967920875636486322e+00 -7.168400594232052114e+00 -1.351281734108256316e+01
4.245314695662001370e+00 3.353805534098114105e+00 -5.606474245768972686e+00
2.511100796699158977e+00 -5.664966572209537254e+00 -1.530852024595463057e+01
3.866664197875609332e+00 4.833343600029627041e-01 4.652516671166005757e+00
-8.424886569492324284e+00 3.628855488772875670e+00 7.077775699671748910e+00
4.953034238948832879e+00 -2.372066333008723049e+00 1.499141459357675732e+00
-3.593456156577975236e+00 3.147345565602036377e+00 8.140316221223127258e+00
4.020632524033073807e+00 1.972718505949497159e+00 -7.396661083271302006e-01
-6.449321964017671327e+00 3.849910715412775408e-01 8.107744448926450076e+00
4.354135874990594068e+00 -8.185494579930875148e+01 6.070267721298693431e+01
-3.187731164146341833e-01 1.341112860703493936e+01 -3.219620382088644206e+00
-5.967895790884597318e+00 -5.957329342127400729e+00 -8.088098113130499200e+00
-2.654933594506362571e+00 2.185315966072088223e+00 -2.388751583403460277e+00
-7.368604788627829194e+00 5.543131731524682415e+00 -7.240409075480940260e+01
-1.357551054360756737e+00 2.356318244688323238e-01 2.856755159126304733e+00
-3.913737139964120981e+00 2.240948273186754491e+00 -2.305084464224956609e+00
-9.757826549626274826e+00 1.416621947719084318e+01 -2.178542365058548924e+00
6.245207886594080549e+00 3.163454150537075193e+01 1.404611137253399455e+01
1.985521527483278703e+00 -4.924982831779103898e-01 1.069781354380529059e+01
-2.020703268907809491e+00 2.463179537481874792e+00 4.983793824016160556e+00
4.069913687708747396e+00 7.889537645135102917e-01 2.019896982391079732e+01
-1.356900955072254611e+00 1.305458790191712959e+00 -7.067765889780145416e-01
-5.926804815468160292e+00 -1.501756139721953431e+00 -2.947969886096705849e+00
1.063091057617397084e+01 -2.732331363838570226e+00 3.810698446557228003e+00
5.125839533941673132e+00 -6.172351417122559525e+00 1.357542988401063688e+00
1.947074291739416552e+01 4.893145163028652433e+00 -1.518103361585154154e+01
-1.379916290442542381e+00 -7.683280522355515174e+00 4.875038942561664257e+00
-5.270868527657881053e+00 -1.075753991054373238e+01 -1.100724643058949148e+01
6.296010651674931680e+00 1.637234893260999247e+00 -3.459867009255687975e+01
1.419536909984902806e+01 1.512825430100629731e+01 -6.598900040469889150e-02
-1.200095245009049627e+00 1.391906300540824581e+01 -1.066819388727681250e+01
-3.679103441314943712e+00 -2.363146610798472658e+00 -2.431884245980690196e+00
1.820330278933534629e+01 -1.086492714475336108e+01 -5.725715959848711734e+00
-2.469012401320911820e+00 -3.024033407855997169e+00 9.589613410022855833e-01
-5.091645873276430478e+00 -1.034363460628486386e+01 -1.118146875258463169e+01
-1.074524599490246091e-01 -6.253159395155570621e+00 -1.086628103432935033e+00
7.294502588394020659e-01 -2.067496868742283667e+01 -1.616964991657586026e+01
3.537104246179458400e+00 3.692010278380575272e+00 -7.024912715036941258e+00
7.768402862141335241e+00 -1.032176024404176751e+01 1.140683596698987223e+01
-7.790831915116815054e+00 -2.649975999632244505e+00 -4.338824055825366011e-01
1.098655036240371707e+01 -5.583159053723298904e+00 -8.744140881256489140e-01
-6.274557400234812121e+00 1.238893560408195427e+01 -7.696467429690302176e+00
-6.629206830865478572e+00 1.058413947736126559e+01 -7.237004767263135463e-01
-2.126490801829089250e+01 3.339470054991486858e-01 -5.386241456520558302e+00
-1.320381609108537546e+01 -1.061381394065470118e+01 2.924263480506450819e+01
5.827795932752503072e-01 -4.707759674300057817e+00 -3.954490670306617384e-01
2.436487776969099794e+00 9.755481372510706350e+00 6.922862681955517239e+00
-2.178521567570234296e+00 -6.471140875347438204e+00 -3.924047237024331114e+00
-7.695169221744792232e+00 5.435044810845377050e+00 1.026295856401360229e+00
3.896155939269850599e+00 -6.907469501294790426e+00 1.324439870670216379e+01
-1.654989772893619460e+01 -3.820434057393667926e-01 -1.525887496252254172e+00
2.877179124438075775e+00 -6.734775155847045447e+00 -4.137453223289348614e+00
1.598566785943258128e-01 -1.096609851368137711e+00 -3.266468732230018435e-01
-1.255437548039181905e+01 -1.695793380284090768e+00 3.352844932462869298e+00
1.716146181721778685e+00 -5.224948027177644505e+00 5.980646185466667042e+00
-2.057251918645029320e+00 -1.908232217553347487e+00 -3.946112841512369851e+00
-1.901744090037907897e+00 9.336083640297070829e+00 -1.747980129729798904e+01
5.438359363966005056e+00 -8.213327706101530623e+00 2.429768506838415831e+00
3.323121624162571397e+00 4.509774192358202427e+00 -3.599284454622032892e-02
2.096207345896080199e+01 -6.743342308178089439e+00 1.153939930098915267e+00
-3.908643915187952178e+00 -1.474073498876319777e+00 -1.348011787361533820e+00
-1.536566769252784681e+01 4.463890503255351305e+00 4.538184715608420738e+00
-4.719605752626475415e+00 -2.270359051386748916e+01 1.609505963764934222e+01
-4.366930028322756563e+00 5.162674369241743166e-01 3.450928728633011922e+00
1.075324908912377886e+01 2.508706738788876844e+00 -1.108540198690960565e+01
1.108535535050492982e+01 2.311374079801578318e+01 -5.418635918358610581e+01
-4.694697111647589405e-01 -2.818887390198879572e+00 -8.326657895648573060e+00
3.132595178934452496e-01 6.570936275189672493e+00 1.879881548604311892e+00
-9.805528967430779952e-01 5.266700549595415559e+00 8.080200330143187948e-01
-5.050508937701138068e-01 -3.271445531772627646e+00 -6.964876863081395086e-01
9.697235554198773144e+00 -8.956723239629321043e+00 -3.494710993422304735e-01
4.114937213805498040e+00 -6.791506579092997598e+00 -2.312525832302867013e+00
8.096149806651739667e+00 5.175591876434850747e+00 -3.411845512081652210e+00
4.224681364412390394e+00 -7.322072261893222134e-01 4.129437507990762590e+00
1.383184346907659679e+00 2.585961610446043224e+00 7.236066165013773421e+00
4.649118861834519834e+00 -4.468288566275878004e+00 -8.738589694639767202e+00
3.594672882007044379e+00 4.744281880655766059e+00 5.933405014850073655e+00
-4.033089427828807416e+00 1.018471170087793709e+01 9.110182039034958379e+00
-2.237644921336854509e+01 -3.992363732247148800e+00 2.093522719336999316e+01
-3.662200893752014963e+01 2.448899873412613815e+01 9.369652282020956235e+00
7.144518455090613784e+00 -2.539267120264568245e+00 -3.507286708450779500e+00
1.142548795948769902e+00 4.857759697499234974e+00 9.373249093767015427e-01
-2.396997775524281593e+01 -3.856753061040358421e+00 -8.542962561294726864e-01
-3.040117026630215769e-01 3.090996947744125922e+00 -7.097250733630169894e-02
-2.906078542853909763e+00 8.786754490814175256e+00 1.717410079627952335e+00
8.553879324535625273e+00 -4.090768758276784212e+00 -1.518846650590694125e+01
-1.875237773357226345e+01 2.167096970895873298e+01 2.748341098327564325e+01
-2.706553294754050754e+01 -1.094537095168733032e+01 -2.803759236891995688e+00
1.326680683604437228e+01 8.834634657384764500e-01 -4.020579126898981004e-01
-9.713235063383516277e+00 6.439052519414497411e+00 2.365059934086583660e+00
2.479607046306458340e+00 -2.435095265365580630e+00 8.622860369416647686e+00
-1.226770931127386666e+00 -1.095914143173331290e+01 2.316233043375014233e+00
-3.107359661577287380e+00 1.455146949259475875e+01 -1.017098176268266130e+01
3.202280637373446481e+00 1.524928544957805165e+00 -1.407566847810155286e+00
-3.704160845291380788e+00 4.884469845370999153e+00 7.451876000726371796e-01
-2.726333339360759833e+00 -1.874673120584879671e+00 3.589502889173164402e+00
-7.584966572286797160e+00 9.527921622059808415e-01 8.664617402297754012e+00
1.406509994354960291e+01 1.922435140213201832e+00 -7.762433901989471696e-01
-5.562533689383444724e+00 -5.657152104597852116e+00 -8.217668450358619481e+00
1.736048641609717058e-01 -3.328997968979496402e+00 5.188740872893307099e+00
-1.036653713171529745e+01 -1.361772305034536723e+00 -6.697652051364288983e-02
-5.634003661543741437e+00 -2.750328480208400705e+00 -1.270406977912338586e+00
4.693374844201681384e+00 9.924493397689872154e+00 1.708921687352045282e+01
-1.065624949919274798e+02 2.661969991198458274e+01 8.600436094463116632e+00
-4.389590679975786891e+00 8.754755281332329275e+00 -1.258427805113976383e+01
4.362063109951657935e+01 -2.809571594209906564e+01 7.621545577026242135e+00
2.979786606668502369e+00 3.597048577209197351e+00 -5.091951478449503021e+00
-6.420308086130829039e+00 7.841896537613891383e+00 2.943848657029608074e+00
5.693888453361680035e+00 -1.059643620565690192e+01 -1.418805371642847213e+01
7.242799132461155587e+00 2.014537143035741273e+00 -1.025472400980821064e+01
-1.084826560816126673e+01 3.473489279807343788e+00 2.655648095205071169e+00
1.734622395511413062e+00 -4.499833058858382628e+01 9.701514850717009253e+00
8.335150504161800811e+00 3.068964788956491496e+00 9.381127298671589898e+00
5.757304826999572356e+00 -5.637086538674011216e+00 -4.095352133851923426e+00
6.857133672212864184e+00 -2.058455877947940604e-01 -3.457068608818547051e-01
-2.119846454882668763e+00 2.762105278105718709e-01 -4.681429376454362412e-01
-2.647363422837076818e+00 -6.252210717287495001e+00 1.700349365187005246e-01
9.816385546712005805e+00 6.966593650811348404e+00 3.813100764983710089e+00
-1.669970411281137990e+00 4.545301863477352988e+00 9.559328702078746076e+00
8.945824814100722389e-01 3.184003563648627910e+00 3.854976459601104466e+00
2.551715370831955543e+00 5.099694836970166456e+00 4.730914217513229936e+00
-5.643628632675272705e-01 -5.164717322176472614e+00 1.772281202485771345e+01
6.526484246310240600e+00 -7.761472921463723473e+00 -6.784084409018315220e+00
-3.049002933990440756e+00 1.844935606754522395e+00 -4.052320878985799624e+00
7.266890416286686971e+00 3.139991647228563565e+01 -2.063097441686703704e+01
5.148695656373774909e+00 -1.283536969517662030e+01 -6.919735237272253148e-01
4.870013746168942781e+00 7.348347636189273224e+00 2.530990837274856631e+00
-7.501423368367021283e+00 -6.343319121949808626e+00 -3.087563141248345300e+00
-3.210512210644597353e+00 -7.516194259876755046e-01 -2.332474635379353955e+00
4.963757584768643483e+00 -7.522293522322145876e+00 -3.010925517313842281e+00
-6.043417965919405610e+00 -9.367364275331869550e+00 -2.100615086736954407e+00
3.413137568791209997e+00 -9.258982929065870948e+00 -2.349844091131592094e+00
1.783609695671914963e+01 -4.342524262872378138e+00 -9.829902606144720778e+00
6.076420817408047625e+00 8.730796972085100860e-01 -1.731382702963337600e-02
6.179244535349431189e+00 -6.081102950826720033e+00 -8.421118828493266761e+00
4.654119733477878107e+00 -1.184993648305112002e+00 1.197443962650676097e+00
-1.792342109501056324e+00 2.752897820930932937e+00 7.555466521726513562e+00
-4.387959437371187654e+00 4.752952087305269302e+00 6.804689766552271202e+00
8.117504570995349056e+00 3.736567062005372364e+00 2.484885469248638845e+00
3.031034646726998849e-01 3.255657916704005395e+00 -3.050297481581501380e+00
-1.182327508709111408e+00 2.236387409821057215e+00 -9.365395489354887137e-02
1.138242225660025575e+01 3.631621641409445989e+00 4.245071796012458876e+00
6.613703970441830116e+00 -6.480085408827817695e+00 1.472586626216265904e+00
-5.578119108483345023e+00 -4.685409333372865248e-01 -4.233807610392559262e+00
3.819452745185213161e+00 -6.654777754733706807e+00 -8.375219102408618665e-01
1.872275065166053132e+00 5.028892894053149654e+00 -5.688245502191111136e+00
-6.253584361315743934e+01 -6.306147526347671572e+01 -9.986863963717459214e+00
2.778453180866624073e-01 2.508950490489685770e+00 -5.014191541665001139e+00
1.610204678610801077e+00 -9.462124580558008091e+00 4.407523650198396759e+00
1.102950039579162933e+00 1.497258165531944130e+01 -6.076868204506300941e+00
-3.362285881644973884e+00 -5.266662690179355621e+00 -6.368397473019300925e+00
-1.274199483147883960e+01 1.279009010704138249e-01 5.232034117030231357e+00
6.583598318122796833e+00 1.394447614333016183e+01 9.908542697775692076e+00
-6.602444102181133978e+00 1.068190264459431482e+01 -9.302032234107146635e+00
-6.566523211838932728e-01 2.159944787094397967e+01 -4.388056875927679457e+00
-2.918972050577474775e+01 -1.119744702476695153e+01 1.638119410919760455e+01
-4.488558440371069880e-01 2.342380763722020642e+00 -1.345030570909965251e+00
-9.420983140769128017e-01 1.026782449754894688e-01 -2.375758105194863301e+00
6.609703379178742955e-01 6.805156465927495013e+00 5.860945564517874296e+00
5.262670135168536767e+00 1.058005655248465127e+00 -7.652318558962224238e+00
-3.172601360843959828e+00 -1.310319201981401838e+00 -1.026669426413109498e+01
-3.299966011658699849e-01 1.830335016609253129e+00 -4.490416604678435952e+00
1.323735416806600895e+01 3.724547572141717833e+00 6.469243202084038913e+00
-1.149185779642184935e+00 6.791286077561917267e+00 -1.061838992757012434e+01
3.397798091032765200e+00 -7.771968410635524904e+00 1.934235003144614273e+00
-5.420866579840269983e-01 -1.160120177522991763e-01 -3.940545518239716660e+00
-5.840128322223480772e+00 -5.883078706624710746e-02 3.049503436869760975e+01
-1.170777438342070198e+01 2.057303017303169779e-01 -7.267335930250585996e+00
-9.000017741332371202e+00 2.143087614068774016e+00 6.360529989100449200e+00
3.893026311555062069e+00 -8.479674968875281493e+00 1.632657765452129262e+00
9.739613662971001729e-01 -7.465763255401684617e+00 -9.326248100143788022e+00
2.628313303007288493e+00 6.047972006564440228e+00 3.520560275947894446e+00
6.445961862694336908e+00 -5.271679019524377452e+00 -6.250817412028523812e+00
7.822835331729433683e+00 -1.663306179551912933e+01 1.487078056606357634e+01
-6.223103364773919566e+00 -1.191053439471906117e+01 -1.143973381005202228e+01
-2.473383604215339204e+00 2.057590496590628248e+01 -1.288478013886180307e+01
-5.766258624698593627e-01 1.139171530974008562e+01 2.075199538064095250e+01
2.483635200669036092e+00 -7.650626063951762035e+00 -5.755972514212078783e-01
1.749419781494803061e+01 2.286674715977578209e+00 4.964187078907329465e+00
-8.932971919659324556e+01 1.365875958948199020e+01 3.572094328105807648e+01
5.356523648434252216e+00 1.818340101928348274e+00 8.074581238554194851e-01
-4.544526068074157266e+00 -2.400618758181804591e+00 3.317802047822867029e-01
2.089867883510282631e+00 1.774366206022228498e+00 8.741879717610508971e-01
3.694528330208484146e+00 -2.162242036111173604e+00 -1.573522361575662720e-01
1.110956735670413664e+01 -5.819384410413912967e+00 -6.996530821171299763e+00
1.166545056564478600e+00 -2.488843778284470787e+00 -5.656161959673120521e+00
-7.308025579822698070e+00 3.861692399772908146e+01 -1.506522373472135889e+01
-7.304675951970683201e+00 4.180761284638003339e+00 -1.652372262431748506e+00
2.541449617560060936e-01 1.325211866268526073e+01 1.350541458300631525e+01
-8.768929285868063417e+00 6.289731968904970216e+00 -5.025915000436344648e+00
-5.586576992207047176e+00 -1.389342944114684009e-01 -6.693040146128272916e+00
1.402932609970216582e+01 -2.755198231731353076e+01 2.131633712686125293e+01
7.599656108831820411e-01 4.008002714104504705e+00 -1.129866510793803291e+00
-8.574621594026186955e+00 -1.992800447936555086e+00 1.045577370081418600e+01
-1.108114837478480119e+01 3.122755108126121559e+00 -1.234097639883123243e+01
-5.120658662033827468e+00 1.829575404965674323e+01 5.150038544461909673e+00
5.885894152413159830e+00 -9.026805402224837849e-01 -1.950818364624464563e+00
4.301403416802048518e+00 4.514140181616514091e+00 1.365375421932405686e+00
-6.695843578296582166e+00 5.879760698528525786e+00 -7.675013310642180286e+00
-6.686908533043255609e+00 -2.050747507535740644e-01 8.841819937385611894e+00
-4.191211763999352691e+00 1.062180376499317092e+01 -1.713838105529807088e+00
3.721221012676827478e+00 -2.736467388781555599e+01 -2.788107083596357327e+01
2.631863107499485266e-01 -8.506679009779398726e-01 4.869163707210890507e-02
-8.781545152594008030e+00 -1.267544967414146129e+01 1.291888064599687702e+01
-1.044827990706821552e+01 1.571394942581726406e+00 4.768050227416797071e+00
-1.649164850155415962e+01 2.057520611675168709e+01 4.146901971052553648e+00
1.053697944354790694e+00 -9.669334076976580761e+00 -2.353501444861965552e+00
3.678358282171421578e+00 8.585458155488565168e+00 6.893016097494631289e+00
-3.499456447154998706e+00 4.272874330213888072e+00 -6.054848868973148335e+00
3.950585691133852162e+00 -4.117069329018318236e+00 7.880170326086203048e+00
-5.917753625476971813e+00 -1.682638676229128327e+00 -2.327239300695508550e+00
-2.590617522606842638e+00 -3.494211184930405167e+00 3.488855985932383774e+00
1.332741870719580568e+01 6.760904702450153181e+00 -2.138521737112155918e+01
-2.919346668469706696e+00 1.683946532717648936e-01 -1.059041735803899931e+00
5.139893627096717488e+00 4.642669012291176678e+00 2.042767902870869534e+01
2.026797249635649578e+01 -6.612357603160286601e+01 -1.882683867792263399e+01
1.239696245729280166e+00 -1.896199042492820563e+00 -2.077318938584786334e+00
2.282643725073817687e-01 5.421437974616019950e+00 -1.766947215599574461e+00
6.053199805101537878e-01 -6.422086842407455975e+00 -6.050253678319332806e+00
2.323254917728921676e+00 2.326807309326871298e+00 5.065905090885338247e+00
-3.492699893215816420e+00 -3.297683032678292214e+00 1.395891504357676816e+01
1.783661409103718398e+01 4.196922923422505391e+01 -1.072746071695378944e+01
2.426290722831396351e+00 -3.062648336171830188e+00 -7.798105553871874651e-01
6.655380509422792912e+00 9.716407768338185535e-01 -2.871104629322761337e+00
-7.053857199721471183e+00 -4.955693575751379809e-01 -3.421697556198685763e+00
3.152740246471262164e+00 -2.397564499794287762e+00 3.815891531866608677e-01
-1.745527889288057466e+01 2.170010475659780447e+00 -3.544416917481951756e+00
-3.405813843757110604e+00 2.677981722066707260e+00 -1.531658549327824304e+01
4.983454939826494012e+00 -3.102960608180336699e+00 -7.279750757099102465e+00
1.917939116677193923e+01 -8.992955534640481474e+00 -5.302937368295636000e-01
4.073762988463364820e+00 1.053315766730671577e+01 4.637945425149263556e+00
-8.083157172909175570e-01 3.126109207822672431e+01 5.428578176369096120e+00
-7.637080771010853475e+00 -9.851484017589731579e+00 -1.340467032562839833e+01
1.293074905459076884e+00 -6.246607120185737605e-01 -3.418840714494005284e-01
1.259815344230594825e+00 -7.243102303328242009e+00 7.371356952554125819e+00
-8.065954806255188458e+00 2.399352467979204206e+00 -1.919168027607770810e+01
1.452972036389787114e+00 -1.275853219656682391e+01 1.222302830252575134e+01
-1.368036060663385989e+01 -1.033874144090110292e+01 1.068906077665778298e+01
-9.291534779179292158e+00 -1.765671978295273448e+01 -1.629802464445946342e+01
1.413394479602740184e+01 3.613125605837520737e+00 -2.091190451388711935e+01
2.954028242560936324e+00 -3.979147016344727117e+00 3.119748082741733430e-01
4.003915991113981221e+00 -5.621311446250667032e+00 1.031711161654873310e+00
1.172101018095544456e+00 8.454184792820437777e-02 7.947084371662067603e+00
-4.715384798650018583e-01 1.352913518859786057e+00 1.263610232484243312e+01
6.427425357394667138e-01 -2.684217651497802670e+00 -1.385725873139286080e+01
4.965211542029882352e+00 -5.526307412788273865e+00 -1.053418759598228860e+01
5.977519625458370456e+00 2.316775938957286840e+00 -6.025637937568479874e-01
4.040202927648278930e+00 1.100191755514712710e+01 1.615293649367061590e+01
-1.106800654222279334e+01 3.252298409257628364e+00 4.418279303891819443e-01
-2.041483947538289989e+00 4.022822892011292950e+00 4.093640673135508834e+00
-1.435713259788223395e+00 -1.662522523274396313e+00 2.492832523678486289e+00
-9.725197443434471722e+01 1.276410645022184021e+01 3.174350184175661482e+01
-9.338566435686441736e-01 -1.313628136007642944e+00 3.705156932246749690e+00
1.120445407511495617e+01 4.807554517393969107e+00 -7.163694899631686930e+00
3.780851144587334733e+00 3.425468656817786339e+00 -1.849406063803199940e+00
9.301411215535983601e+00 6.984888955300720070e+00 1.737153884998743436e+01
6.617315986149360896e+00 1.018430466246348232e+01 -5.458009706779307635e+00
-9.121252815578257511e+00 -1.127093127790168126e+01 -2.570215546873945156e-01
-1.448986036727408777e+00 -4.861243576835887481e+00 2.031614015838714149e+00
-8.880221647873355550e+00 7.188353066303963423e+00 1.824770534795516763e+00
-2.120592368500068492e+00 -1.086773951747887246e+01 3.162114895758572963e+00
-2.555881380704191130e+01 -3.561793354564633063e+01 1.906421744606154789e+01
-2.997912689423109178e+00 5.436879004506634416e+00 3.507348549138945781e+00
-3.290670871829723954e+00 -9.713664802517536501e+00 9.228149953692382779e-01
-1.439009825297337564e+00 1.728319842507786808e+00 -3.821677883568126433e+00
-9.021553403517380332e+00 7.116382857794160799e+00 -4.650119683379664304e-01
-6.523421281584388609e+00 8.774313492810930981e+00 -1.341341844658891169e+01
-3.762021341381979855e+00 -6.738251946232219680e+00 6.219625788292670876e+00
-3.801449137474784301e+00 4.322338555292661866e+00 -8.309669602584172088e-01
-8.816516935334044902e+00 -9.284052605968874161e+00 2.050914537214535116e+01
-4.119010092982200000e+00 -6.040936144055238266e+00 -5.349424306038361721e+00
-8.789596325601783278e+00 2.405498220294790990e+00 -2.747019310310668594e+00
-6.747487695552748299e+00 -7.012539528711762671e+00 8.331780991548804138e+00
-7.918101383245249814e+00 -2.006416575219732046e+00 -7.010545183536230240e+00
3.217506672484683250e+00 -8.723852568151809095e+00 -6.117296096864137667e+00
-3.910169246211864191e+01 -5.144906980370667782e+01 -2.918987950991246194e+00
-1.734781610410620845e+00 3.411556189324754129e+00 -1.445550378316079865e+01
-4.123345036243193928e-01 -7.273050075550389515e+00 -3.806698811125452497e+00
-9.737471773338912673e-01 -4.247965327390049950e+00 -2.651425755450564914e+00
-3.302088158658565753e+00 9.301636259786892680e+00 -9.143318083491836390e+00
-3.434463861095423898e+00 -6.849598727734173664e+00 -3.874953147000378628e+00
-8.788302592774094313e-01 -5.570631100768640431e-01 3.953333627968770969e+00
-1.260603054105183674e+01 2.545235663071399923e+00 4.908488633417401381e+00
1.717842473762112743e+00 4.223086473475294866e+00 2.094492874815419725e+01
-1.982384643548745995e+00 -2.525168797918421859e+00 2.369204448020731935e+00
-3.047659419434852524e+00 -3.138567500086028583e-01 -4.212827208663965983e+00
-3.229574847269984161e+01 9.351956425853567012e+00 1.102725313831388299e+01
-5.423442072415488369e+00 8.645708168018288120e+00 -9.355150381298132922e-01
1.572527357644783486e+01 5.325756157392924450e+01 9.137394696972013008e+00
7.702151397788458809e+00 3.791705668069706103e+00 6.171005091096173345e-01
-3.873784193525638742e+00 -4.610109730491939395e+00 6.077755881939199689e+00
1.911674397106029488e+00 -5.080483984322180291e+00 7.851856654022181914e+00
-5.759628244874681613e+00 4.856621988517886734e+00 3.799917088901911821e+00
-1.334655475997452267e+00 -1.557143414934689041e+01 -2.582420739152276923e+01
2.085160337118015850e+00 -4.815896500500616462e+00 -1.445424097671410379e+01
-9.601892872202235196e+00 1.516506593810893255e+00 -4.900724365294125140e-01
1.111183201857029790e+00 3.516954258448035553e+00 -2.561388393556188525e+00
-1.389744683806966741e+01 -3.695248915014847757e+00 1.385847601216810787e+01
-6.813558524059181387e+00 1.102380967932500733e+00 -3.935059176221899158e+00
-1.273842304405297199e+01 3.387946134735643877e+00 -3.318976744809512880e+00
-4.948604122234860903e+00 4.698041259448646478e+00 5.066790961849973129e+00
-1.832812005986821546e+01 -8.495956206753682238e+00 -1.201915660365649591e-01
1.637754966633012232e+00 2.403406324429274044e+00 -7.412852384534991401e-01
9.042454458476246515e+00 1.087966253674902406e+00 3.073321972503720301e-01
1.277822555451299635e+01 -4.485814505160333997e-03 3.791370038555452737e+00
-3.757946737155003714e+00 3.348764675435770499e+00 -6.887187172009342717e+00
3.916821425912791366e+00 5.347418810829173808e+00 6.480481529461799006e+00
-2.674289673547047830e+00 -4.265306672679479050e+00 -5.873016644192493807e+00
-1.859063438998480589e+00 6.231169431000404657e+00 -7.190479192178995227e+00
-9.256991552715275517e+00 2.283258296733086556e+00 1.978911105358763223e+01
4.886498191950920944e-01 7.391460267317149224e+00 -5.081782109035172468e+00
9.662191140085004681e-01 -5.569438872039533805e+00 -2.594179100298141805e+00
2.262792236119331779e+00 -4.100443438091347481e+00 4.095050355213825988e+00
-9.852766389739946007e+00 1.053011788186903663e+00 5.213393852012121243e+00
2.584344456483283814e+00 -2.927178540184886213e+00 -1.759180625723137048e+00
-1.521827997078117001e+01 -7.945602449790888144e+00 2.875056466145572975e-01
3.046960235102412096e+00 -4.353119622145875667e+00 -1.696779016613152180e+01
2.454694228868220307e+00 2.782436326175364183e+00 3.422118790153543699e+00
2.158524113637401154e+00 -4.131033250514563271e+00 -1.263092699654595386e+01
1.010492737467173940e+00 1.467702652721561765e-02 -2.099172512117869704e+00
3.909399762757927554e+00 -4.286451562181645691e+00 1.813582337996676674e+00
-1.033371055088191959e+01 -9.194410142402391628e+00 8.615502243293367002e-01
1.159644691503258151e+01 -1.183300062129791108e+01 8.029226012349047537e+00
1.593528791352822793e+01 -3.852946221643683167e+00 -4.933670844348688966e+00
-2.886372992564045781e+00 1.426961262839695932e+00 1.143098951229932503e+01
-1.805136693617666666e+01 2.739380435991286689e+01 -1.768966382179094410e+01
2.297527861241227320e+00 1.094727008544681968e-01 -4.583917901345748724e+00
-3.301832863932552709e+00 -4.250772353563126771e+00 -1.984274536030337188e+01
5.904372677762519395e+00 1.047463657449891450e+00 -4.598525030864213825e+00
2.143217677147945199e+00 1.065174646873563225e+00 5.274710139083739868e+00
-4.546709443786812521e+00 -9.761901984345504601e-01 -8.730727152026107163e+00
-2.037564404290090891e-01 1.390797017836401928e+01 -8.200114402500119359e-01
-8.141099247866039335e+00 -1.169948376401831425e+01 4.108084289599574390e+01
-1.105738865606959287e+01 -6.155670030667737436e+00 -4.365943341693719226e+00
1.315807075048325281e+00 5.683414275568453355e+00 2.801356125219981674e+00
2.237090342994448200e+00 -6.127412322183810822e+00 3.728784630543674261e+00
8.775230033996546553e+00 1.432145098448564724e+01 3.730864252324129993e+00
1.867257619715782413e+00 2.408146663329684856e+00 -9.889720779004294471e+00
-2.548844269390996953e+00 1.662983940740312638e+00 5.871992987948099207e-01
9.559551001419649197e+00 2.484963002083879213e-01 -8.791108440348921471e-01
-3.846358441195697475e-01 5.632048233170649176e+00 -1.299995746512843375e+01
8.490809848264037285e+00 -4.062606827992703007e-01 5.317864473858058716e+00
1.433140536635164386e+00 2.397509096810493290e+00 3.294091696288580784e-01
3.728834109005413122e+00 2.619580586401888400e+00 3.031184073476159480e+00
-1.131325761394202489e+00 -5.848778674443937398e+00 3.484199149266360429e+00
-3.014292529916653973e-02 -2.970984606276813711e+00 1.884517343689474655e+00
1.224313186341501414e+01 8.931439002874167699e+00 5.300843574639230837e+00
-1.403233222611201203e+00 -2.500575356913929070e+01 -1.716199675917348699e+01
-3.082099815114296604e+01 3.391759232275708857e+00 -4.978093042517237166e+00
-5.623773421838128783e+00 9.051030322606003153e+00 -5.400068221665107693e+00
-1.559363605772145167e+00 -4.366824266590507153e-01 1.855968798462888536e+00
5.259041790748181455e+00 -1.711804794791183193e+00 5.247900888872560010e+00
1.851524231207643423e+00 -3.823584479602728070e+00 1.632250155941827874e-02
-8.213925344027629194e+00 1.289497147521244003e+00 -9.884159966883952819e+00
1.475097769248073654e+01 -9.235640431623631130e+00 -3.573619915676249548e+01
3.844256351778944758e+00 1.147044727134570508e+01 6.054481876102258298e+00
3.421414139070480420e+00 5.231087680352170644e+00 7.967293603487158649e+00
7.496542266239504926e+00 1.694130223364075150e+01 1.848768051910731103e+01
-2.729393697275145136e+00 1.624255267803134672e-01 -1.020123154936795906e+01
-2.373688999917701548e+00 1.054800656270036363e+01 -3.922051141388936735e+00
2.409535364058213247e+01 -1.284349090339966004e+01 -3.197551379766620627e+01
4.555195191326454562e+00 1.743666401023579127e+01 -8.515271955678045401e+00
2.761761110517350915e+01 3.191496731844149792e+01 1.601078730779515169e+01
7.935203700039593633e-01 -1.187739855414606183e+01 -2.249334182234009827e+00
1.103877334821392830e+00 -1.822151355779107806e+00 -2.620157066742285323e+00
6.110161225256384832e+00 1.118408409399927095e+01 -5.351376140408738102e+00
2.921686215028109324e+00 -1.300247322213206935e+00 -3.257226597509164545e+00
4.363827835708607239e+01 1.788850759914500266e+00 3.173280977952960313e+01
-6.226187907212583639e-01 -4.857042220106423613e+00 -5.647915761991469941e-01
-3.131995657216346984e+00 2.050275023270350605e+00 -1.415859277998001886e+01
-6.975665647462531149e-01 -1.478224411560776996e+00 -6.311954937750641648e+00
6.517758678519644633e+00 -4.221353855650206377e+00 -1.158186599590623977e+01
5.798228422868840326e+00 -1.540998143224106087e+01 -3.050809911485939718e+00
-5.153776538656094530e+00 -2.719360150010309951e+00 -1.476589380788911221e+00
8.093001228294909311e+00 2.464048996077980114e+00 3.795804142904125378e+00
3.104401426886556070e+00 -3.568722659273371178e+00 -1.646655554039389457e+00
-1.248480799808157737e+00 3.759263152756466830e+00 -1.961353273732267866e+01
-9.547764745129546426e+00 -8.686077913014377261e-01 9.528946239986302302e-01
2.578351886097486334e-01 -3.133007075137165476e+00 -1.119868841130311043e+00
-4.649874913008016364e-01 4.880567421432952524e-01 -6.390691623831359358e+00
3.129226987243441727e+00 3.500927387817204472e+00 7.739879283706327939e+00
-6.646159377662255174e+00 -2.508802450024842479e+00 1.207465026242259709e+00
-2.042223799361149617e+00 1.733131651467192946e-01 1.500268432294294296e+00
-2.680436567966374195e+00 3.693808132196223504e+00 6.385799526822625971e+00
-6.729140408939736417e+00 3.173538296703499295e+00 4.991874260636534721e+00
-1.840842650577058492e+01 -7.555643338605111392e-01 -2.665697010116921950e-01
6.413060659271489605e+00 3.359127375601304699e+00 4.144593488597423381e+00
1.540255750118415001e+01 1.197451329263562769e+01 1.645443574454102276e+00
1.168712032966781145e+01 7.582058840465704108e+00 -4.340434179595257014e+00
2.658663398531888156e+00 -5.030600192687069594e+00 9.674100609903064196e+00
7.223577299001884278e+00 1.756341794378311727e+00 -1.121903381186015070e+00
-1.128570230341420988e+01 1.743216353079257885e+01 1.941173019249021436e+01
2.723377647579158989e+01 -2.252254407217149534e+00 -3.684630152662524694e+01
3.069173018974975076e+00 2.582073553798275078e+00 4.214410199018041148e+00
-1.979237278428929603e+00 -3.319505466617211908e+00 2.534938044719563965e+00
-6.166909510831670715e+00 1.889869059490796088e+00 9.277666493308365236e-01
-2.742858096243641963e+00 -5.821876558457607098e-01 -1.218010330349034609e+00
1.443577116535006866e+01 -7.103103558738761869e+00 7.204917932079506926e+00
8.141274570009169320e-01 -1.126074480879438688e+01 -9.522626882838572726e+00
-5.715175307644896563e+00 -1.228949709949684888e+01 -2.104865638018243601e+01
-1.019195692114841068e+00 -1.725726941045172269e-01 -2.818827249801089674e-01
-8.891554505298239208e-01 1.449803273599342290e+01 1.786569305835011789e+01
7.211110492796885652e+00 6.741038755667806193e+00 7.468788752774673689e+00
8.197835554286966309e-01 -2.880923367024782245e+00 -1.268331741473557317e+00
-3.283478172455180921e+00 -1.049489753355564403e+01 5.870769407574829124e+00
-4.946807231054216381e+00 2.335334601137009081e+00 4.414644633884091895e+00
-1.158534327736960279e+01 -2.112824265692926673e+01 -1.092521756943956568e+01
-2.241657188745177776e-01 2.897214536451538258e+00 -1.101417392116427418e+00
-1.189492275201203597e+00 2.844941138065271602e+00 2.757462821627598260e+00
1.719656309642697334e+00 2.580991561061107387e+00 -4.203886079650465124e-01
3.141210959090989618e+01 -4.845271595392731712e+01 2.883552808951287361e+01
4.895008675045116497e+00 1.637828366504348709e+00 -6.322452773189247033e+00
-7.479617001373941143e+00 3.204508608687426374e+01 -4.386080595284558825e+01
6.395691788875054407e+00 -2.102682300629264311e+00 -5.975614902922483651e-01
4.467120395766592811e-01 1.328067989829005535e+00 -2.318522985436564543e+00
7.636581932190961375e+00 -8.415831874803086921e-01 2.806486541737696960e+00
1.702594786839796814e+00 -5.881923385671199433e+00 -6.038768834018298781e-01
1.852046010781599250e+01 -2.599850531199280823e+01 -1.276749611170778564e+01
-2.730310048319987623e-02 -8.895719580398083082e+00 -2.239515028255016915e+00
9.777461278803006195e+00 2.398670738178800832e+00 -4.503951596764006027e+00
2.430845253974162734e+00 -5.367660932267375173e-01 -7.675424063427697119e-01
-4.317162912944709774e+00 1.007021600650358506e+00 2.122711024240949484e+00
3.257266726467949791e+00 6.362333214549115157e-01 6.968425566508649194e-01
1.860792206935328874e+00 -3.177723724052138321e-01 -1.722965537637348499e+00
-1.055303854643946382e+00 1.417777217926525335e+00 2.191421762512882676e+00
1.179177593416007142e+01 7.218694556200987433e-01 7.630594511476096464e+00
-4.023484874431033198e+00 3.338928492355324185e+00 -2.981513630015371508e+00
-1.000543702142044244e+00 -8.569762297099458692e+00 -3.002783233932363238e+00
-7.025116706754916507e+00 5.408954519265807281e-01 4.269283298706377239e-01
-4.973651246174241258e+00 -1.009728876111369411e+00 -6.504324847985112790e+00
-3.225167541816917893e+00 -2.821133981805697966e-01 2.833890980439704332e+00
-6.699863337367186311e+00 5.143214662152066019e+00 -9.392946221625884107e+00
-6.731502092474847210e+00 2.914319918229039352e+00 -2.788314251041833280e+00
2.476345969359319721e+00 4.921436178459493327e+00 -8.712277201558422668e-01
-1.730753836350688912e+00 -5.060441868747388661e+00 -8.953646949228328822e+00
-1.167607615369398211e+01 -1.967935892271039267e+00 -7.226573310689868634e+00
-2.345805734747292259e+00 8.579717888641813062e+00 2.473942982342766772e+00
7.054049532188479965e-01 5.210788599106226826e+00 -9.992530847976770048e+00
4.413763940051958379e+00 4.132375442962953116e+01 6.249213267866549160e+01
1.693320045619738679e+01 3.254995824955358330e+01 -1.539625731530263408e+01
-1.965812577899108504e+01 -2.993739619296660770e+00 7.241238686341743502e+00
-4.023124762630873263e+00 9.762538098407642195e+00 4.455886166279703353e+00
-4.503021562071011785e-01 -1.658777130183806392e+01 -6.207781706629531548e-01
-3.102289713100041979e+00 9.117902035883439282e+00 -1.023541786336705961e+01
7.991500240166027780e+00 3.286756331910276163e+00 -1.175324257828646912e+00
-2.987408871024844714e+01 -5.944847529287812904e+00 5.735399115065607845e+00
1.772018016685428909e+00 1.326065878855790192e+00 7.509453087689289319e+00
-2.118167618378878014e+00 -5.019110293502070802e-02 -1.307126715316654142e+01
-6.392450887115651348e+00 -7.173053841222854388e+00 2.689301271803007154e+00
3.914053799479641160e+00 -3.585760364548178813e+00 4.071898077653144377e+00
-8.904297239469363429e-04 5.744116646224823874e+00 1.210098936374360790e+01
-3.802337107841640140e-01 3.771511111624869184e+00 2.595320858671113839e+00
7.959936055158626012e+00 -2.576267555272142573e+00 -1.971817760547878384e+00
3.344825878840196776e+00 -2.851646203693948056e+00 -1.102013935473472550e+01
-1.541299342683847406e+01 -3.284870097605176120e+00 5.523001475127164994e+00
3.329731666628599651e+00 1.209933365337903854e+00 -2.010542676213399549e+00
-1.116487144215738958e+01 -9.206942572065607067e+00 5.858915467583356573e+00
4.160511737621113149e-01 1.513147662888605804e+00 -7.677058140778950657e-01
-2.806229003589070903e+00 3.931303739151098764e+00 -6.338634929583699673e-01
-2.903410314030809708e-02 4.744104140895869293e+00 -1.156023979198539609e+00
2.311532771095697214e+01 5.669349461390308420e+01 -3.532109855146867261e+01
-6.923758046108906328e+00 -1.580060352647106203e+00 -1.354438452316704788e+00
-2.363694995223865725e+00 2.546171196370118128e+00 -9.131054344927346023e+00
7.906253513506398711e+00 2.941897354169973777e+00 -6.405714629819365236e+00
-6.545591047917328709e+00 -1.327674582609427612e+00 -7.500207927302511290e-01
6.744768925592489417e+00 5.714491143887057589e+00 -4.560952195144788668e+00
1.666181989704850963e+01 -2.077574300007320218e+01 -1.082456725296438549e+01
4.823619630498547473e+00 1.357666756920537665e+01 1.484332672207113291e+01
-7.322730213541667865e+00 -3.262727750199725563e+01 2.235534425980013395e+01
-1.437964190892697403e+01 -2.921747167426016389e+01 1.913247159940067377e+01
-6.351626300835045313e+00 2.280667527582908582e-01 7.193416967679882923e+00
-6.449242305012631959e+00 1.221199472462842017e+01 -1.066899618792223414e+01
1.049770576711258840e+00 -1.836014290622480782e-01 5.117704605062923129e+00
1.554983683824037455e-01 8.249640746835285032e-01 4.980572479650197337e+00
1.011140727532336525e+00 2.739627473942959579e+00 6.798211995584817480e+00
1.081612484349692771e+01 -1.266810304328323866e+01 5.271302393336060321e-01
2.298175314355437315e+00 1.949221991912007956e+00 2.019641422150795229e+00
-1.523577883826176027e+01 2.550052847443098791e+00 2.004477231185059338e+01
9.244364401706016698e-01 5.027344973660596850e+00 3.510550060019127727e+00
-3.592414865366510668e+00 3.642004156777449264e+00 -2.822722458492598480e-02
8.206091933857548426e+00 -8.024688581806442400e+00 6.385969043382923260e+00
3.128972863303020269e+00 4.114853926655624328e+00 -1.170393536574465365e+01
-1.557820398454333777e+01 -6.658657104778204605e+00 1.262580382632462950e+01
-2.217502598893570820e+00 -8.934626041637460103e-01 -6.995627426392358572e+00
-2.110161827806151535e+01 9.311985644089057601e+00 2.034739429267914090e+01
3.029648207025993756e+01 -2.698119015962352485e+00 -5.337077245663169656e+00
1.217722936025170100e+01 -1.138658440970515251e+01 5.860475635559078356e+00
4.163860410339304430e+00 -1.300591784204355283e+00 -6.256716826236628393e+00
4.387818459821661299e-01 2.210103635297837599e+00 -3.996502058235904986e+00
-1.037714431877595933e+00 -1.223845915151770880e+00 -4.926746296540398085e+00
-1.106721049359241960e+01 -4.708996125382643783e+00 -2.528608952452300329e+00
-8.653351719515296736e+01 -1.892384327547187084e+01 -1.185180460717980111e+01
3.068683603271005822e+01 -2.300623723321548297e+00 5.293013203628188279e+00
-5.814811954905467317e+00 1.444743093567889103e+00 1.632919557410964506e+00
3.613680086452546902e+00 -2.041127496508449113e+01 1.185704912064887040e+01
4.152604496620736718e+00 -2.725986597385896104e+00 5.459846505436776187e-01
8.933305102751240012e-01 1.430304480559981961e+01 -9.862283012196831677e+00
1.166573735870459982e+00 6.516842875261065871e+00 -7.478995607606169216e+00
2.840838629029647233e+00 4.256839685440267473e+00 5.264415551417804373e+00
2.547333796100622649e+01 1.553657149087091582e+01 2.891742968630472976e+00
-1.256100729006378458e+01 -7.699475639913888614e+00 4.200239084093968067e+00
1.517573417370598499e+01 1.353787933459933868e+01 7.636201764365224243e+00
2.693709433906380735e+00 7.578654249762362127e+00 6.639066833260370615e+00
7.732498475670455562e+00 5.561885634658558786e+00 7.384600877578712641e+00
2.560804350631656234e+01 2.005410792779798612e+01 3.947731389028824367e+01
-3.755033763584580964e+00 1.718279416734283060e+01 6.661104550783589318e+00
5.704943898467494279e+00 5.956013895796675506e+00 2.061438154911182430e+00
5.007306169154711384e+00 -1.670140116032402311e+00 -1.142632350265750496e+00
-5.495026778707305937e-01 -9.094286704515253117e-01 1.192424695187120687e+00
3.673362383275776466e+00 5.700672653781109211e-01 -3.756614550511068629e+00
-7.280012725741904944e+00 -5.835343680210620221e+00 -1.501249547423770592e+00
1.134130222938120802e+01 1.425050553490796901e+01 -1.036270815500182740e+00
-1.215379388632434399e+01 4.163102508994841244e+00 -3.779877080884961327e+00
1.782926860477820119e+00 -1.609257009796877913e+00 6.525410782842961943e+00
1.645775971193136344e+00 7.743409319907375021e-01 7.205393219650056302e+00
5.325029526194825280e+00 -5.297393631821818438e+00 -8.606933751746852934e+00
4.006457174967410495e+00 3.471393849420623123e+00 -5.920293967449875572e-01
1.311253391507788635e+00 -5.283983805372345799e+00 3.276780972619620425e+00
-4.342958619236875428e+00 4.771785694606568207e+00 -2.671538974572256198e-01
6.393211561552146094e+00 -8.801723566389981768e-01 -1.926992455358312384e+01
-9.076866649853650770e+00 -2.126531301394572360e+00 6.790204207575073703e+00
-4.259589136858152436e+00 -3.430557836754452694e+00 2.263559701259715506e+00
-6.795628570281876613e+00 3.349375914853368386e+00 -1.606108241889750099e+00
1.931004042513268182e+00 4.254495836514690765e+00 1.451278946794557712e+00
-9.840749497341361174e-01 2.083070229231096082e+00 7.418754719445006529e+00
-4.643579106802866896e+00 2.763528596183733033e-01 -3.215909712506263229e+00
1.140135482773698605e+01 1.798130116048683780e+00 -3.861177748934002008e+00
7.650291608239259133e+00 -2.135896682662616897e+00 6.387466142354394361e-01
-1.385609607858022763e+01 -7.741377495724782953e+00 4.751997227372044795e-03
3.664139785107921599e-01 -4.073047208155591292e+00 1.615657942215276366e+00
-7.156983577034463195e+00 5.316241626054106106e+00 4.206730996807688250e+00
-4.064432573033474938e+00 2.270729095687266330e+00 4.098702344473592163e+00
3.143174149540524098e+00 -1.336189171504736650e-01 8.250540705559505028e+00
-3.036034896235213942e+00 6.359098112083201748e+00 -5.029794366707365683e+00
-2.759010237564446744e+00 5.166651475192756138e+00 -3.455667853668138445e+00
-3.225352399449573415e+00 1.015232572906565522e+01 1.188297876151690025e+00
-2.000900849856177111e+00 4.766851438076432856e+00 3.635441876115477644e+00
-9.653874134579233157e+00 1.195442361271095016e-01 -7.590912123329640160e+00
-5.483699769564998050e+00 -2.742413704441745814e+00 -1.503471721163472052e+00
-1.131838095938507927e+00 -4.900856627414142963e+00 -1.443009457666984297e+00
-1.831166908896365442e+01 -6.053482945422715034e+00 4.009371789571580535e+01
3.214794336663047591e+00 7.222847553294957201e+00 -5.375536184205503609e+00
6.127494127630622955e+01 3.044340159717549454e+01 1.456460736906326403e+01
4.355465344231141955e+00 -6.069219325481052252e+00 -1.449623152291313000e+00
-1.221245490204648654e+01 1.260603447152684575e+00 7.522055244571142829e+00
-4.913763209482397976e+00 -1.251326777370123100e-01 1.244228244138976436e+01
6.403498105039335808e-01 7.496509021756421198e-01 3.177470010265134093e+00
2.345233380940762391e+00 -9.508351871983386161e+00 -2.439344717782526484e+00
7.317119459744180432e+00 -1.915645023519394030e+00 -4.040023512278453133e+00
5.039125750786748077e-03 4.620378640432530659e+00 -7.439935964798512380e+00
-4.126902904926293303e+00 -2.666088278152341839e+00 -3.244969995377429417e-02
-2.782598061040802317e+00 2.703669053845173753e+00 -3.434501164979996801e+00
-7.875580435056852124e+00 -1.827227353810840116e+00 1.042248586060657445e+01
4.726166213229334723e+00 1.969972420214063824e+00 4.549121956644922804e+00
8.121773707357746730e+00 1.207887201530432497e+00 1.009739858864384665e+01
2.057468469741174366e-01 -2.864496853006626154e+00 4.930465092075176692e+00
-4.016566086589126172e+00 -6.956417156455877659e+00 -3.765332514695898247e+00
-5.589616560951016666e+00 -1.388885691135019362e+00 2.572458296848106674e+00
2.552820514519046124e+00 2.591483701664611949e+00 -2.924388459125274231e+00
3.169521560359795487e+00 -1.494480557397088322e-02 -5.388125746402842253e+00
-5.883121433236540909e+00 3.171152482948854101e-01 -1.016147711853141899e+00
-3.206478412923347010e-01 -1.617148816011371837e+00 -9.472421760062053053e+00
1.683747700115118207e+00 1.869737415672187764e+00 6.177346229439929504e-01
-5.157220108054376695e+00 5.831564187712446667e+00 8.256621015230390270e+00
-2.469354331864558105e+00 -3.240369568131061584e+00 1.125269971325654694e+01
-4.575936015940897938e+00 -2.298870463710518663e+01 3.811800052053412546e+00
6.496193094844092464e+00 -2.618871552199958597e+00 3.457270340558971089e+00
-1.870045155244317581e+00 2.582626785477702569e+01 -4.522349231552846405e+00
-4.216386627330209080e+00 -6.956065467395813329e+00 -2.947546703704839288e+00
5.436143514280004752e+00 3.946470017031942223e+00 -3.842559238998766169e+00
6.667296457634519058e+00 -9.574940772985955917e+00 3.700594092921767775e+00
2.783722603559976694e+00 7.273561000635846430e-01 2.701547206032677284e+00
1.386579332467675063e-01 -1.297519431747894691e-01 -4.051454657906055523e+00
-7.944276384723321982e+00 6.127880541764517908e+00 5.926545652210282178e+00
9.994236527918370916e-01 -1.214924924707763143e+00 -4.852531539000742633e+00
1.524691529053717076e+00 -2.596824461228874004e+00 5.590908235925484249e+00
1.294982710017062466e+01 6.668755854053706855e+00 1.442263656284136886e+01
-8.141925171779360593e-01 -2.539306358512057660e+00 -4.476588693212009140e+00
1.598133645799730829e+00 -3.164461259051783326e+00 -5.370619755177691523e+00
-2.010530870208458776e+00 -4.477234684163891032e+00 1.906314599505497043e+01
1.877936914343131258e+00 1.148035052269949929e+01 -1.360875291903555251e+01
-8.961357405945475918e+00 -6.432642097330814934e+00 -5.936856411199143757e+00
1.229630368337678359e+00 2.467665061216197109e-01 -5.144954091336736424e-01
1.928166100065325850e+00 1.822576952748507839e+00 5.287912433948329216e+00
3.386876147570083262e+00 7.580879655337898093e+00 -1.978832159679581926e+00
2.543227593672668263e+00 -9.132198209385925525e-01 2.704028850913154924e-01
7.641945732831030291e+00 -1.801002781874813863e+01 1.407990434198444163e+01
2.724902503773908080e+00 -1.223348827958321339e+00 3.256672864173394188e+00
-5.522024913263362755e+00 3.559696058656756534e+00 -1.960730648842293089e+00
3.055286367852890983e+00 -1.023960604810402586e+01 -2.216914270020198430e+01
-4.430938117991212621e+00 -1.013000721819897265e+01 -1.535495631433705599e+00
9.521784812581255419e-01 7.049897267941545032e+00 -3.207094000769295850e+00
1.832167102719613805e+00 -1.132005942375577412e+01 7.085145114105537156e-02
5.991308149769680291e+00 1.370973024650586503e+01 1.026940717261975067e+01
-8.295806891474543088e-01 -5.160531552619572082e+00 -1.145286036894013826e+01
1.616058184125814634e+01 -2.373313427967678191e+00 7.345743614861230952e+00
1.767416367036559421e+01 -2.453387598786129331e+01 8.986508137631111026e+01
-3.740359857284586198e+00 -1.364746140277000253e+00 1.099536860944212791e+01
6.520766522115786223e+00 -5.521004167242920424e+00 -1.831452777077967387e+00
3.964340568802224851e+00 -1.534641867001804494e+00 5.697363774262682590e+00
-3.231141224184928440e+00 -1.036115650795310117e+01 2.615675832322621464e+00
8.570171186352379067e+00 -1.483519944244686073e+01 1.887645411365674875e+01
-3.472281933144601318e+00 6.186058022858252903e-01 3.204131365256509323e+00
2.390957541497374095e+01 -2.670143831348013030e+00 1.330895899436690932e+01
-6.003026321029342194e-01 4.400162402912565440e+00 -9.607293632137658079e+00
1.780987923118168559e-01 1.665700847364877291e+01 2.319155196638569727e+00
2.331480950568355581e+00 2.773575544220905797e+00 -1.379655134493121871e+01
1.510004726325774627e+01 -3.549701844342128876e+00 1.898213542946529486e+01
2.096009147371703207e+01 -6.056239982215959827e+01 4.845072103207526482e+01
-2.423855069078910240e+00 -1.726745194389718019e-01 -5.641112239781848281e+00
-5.216213574801705555e+00 3.925310265464009518e+00 1.258121147091263436e+00
-3.662640968046546042e-01 1.304229267584129826e+00 4.815858615629291961e+00
1.035727490654658606e-01 -1.276381330595807162e+00 1.432248231638785008e+00
1.069587221245457132e+00 2.109542731894523904e+00 5.834752811604340117e-01
-1.120717921457741539e+01 -1.275272198236338816e+01 6.874538329552134286e+00
1.060376238622272815e+01 -1.379458235556602741e+00 6.271531525441927712e+00
9.739311412321443484e+00 2.266069299449139596e+00 1.231456198427046900e+01
7.401686513466485540e-01 -1.397285394991931495e+00 9.805744897663222659e+00
2.712510373597168289e+00 -2.219938426840582846e+00 -1.984903310662253922e-02
5.145722070823569361e+00 4.191648670859557058e+00 2.809318036526900997e+01
-5.530639956580020389e+00 2.886177299385208528e+01 1.744434279147591482e+01
7.942134318354876488e-01 5.795395879994993393e-01 -4.612321804254505830e-02
-7.571256672755449779e-01 5.687692881733564798e-01 -1.616098691949478194e+00
-1.580111818181879890e+01 -6.475559448676829755e-01 2.589654961789933818e+00
-1.860767922612424352e-01 9.650104875205869348e+00 -3.365303100093764765e+00
4.603659376791064406e-01 -4.336657843083340791e-01 -4.578403015781981611e-01
1.584165529039989728e+01 -5.779854363947221962e+00 -5.512489759681015400e+00
-7.026790163177532023e+00 1.254308307505888820e+01 -1.597236506767419506e+01
-1.604360023689154602e+01 -7.604631134326353958e-01 1.389548614750890643e+00
-3.878900829607868861e+00 -1.021096627043586835e+00 3.315103002053803039e+00
2.350662294509842809e+01 5.376006070958117000e+00 1.015484262625752798e+01
4.339660123589963803e+01 1.687688232978978187e+00 2.614907915269103711e+00
-7.877853995865922165e-01 -3.071036548447731995e-01 3.819007001142234459e-01
-7.232212511498484764e-01 3.217640612098408015e-01 1.145687988522531509e+00
-6.280726871859501514e+00 -3.268397233102717347e+00 7.589896866982161150e+00
-1.623666765137842249e-01 -5.911568436547196548e+00 1.623429012077018285e+01
-9.028179255449135354e+00 6.444120698185594742e-01 -9.786716791401953941e+00
-7.943489676932469656e+00 3.314907633788987784e+00 1.334881199806675856e+00
1.304663553758691030e+01 2.605298432065265857e+01 1.524634249990219903e+00
1.259398465305482517e+01 1.005619114577837969e+01 2.999645033076509648e+01
1.022261767932549681e+01 2.433447809036314968e+00 2.562166700285587684e+00
-3.482584545371031348e-01 -6.339504909917848430e+00 -3.369256474085088993e+00
-1.086715166358675599e+00 -4.611486066580151588e-01 6.932669541143435810e-01
6.470058366130686522e+00 6.150996530670047591e+00 -9.387292993866029889e+00
-1.338734385855187559e-01 -4.090556486384703483e+00 1.753897284099486420e+00
5.151306153255861275e-01 5.868969132067864969e-01 4.985763715704334686e-02
5.771115783055716264e+00 1.392520910472058482e+01 1.531936709604148517e+00
-6.405647661381285829e+00 3.743488685615905975e+00 7.492031451685828847e-01
-5.043067191205374833e+00 -1.801899528051743582e+00 -6.509468360972501255e-01
-6.657694351855962367e+00 -5.956293850846011395e+01 -1.475508023072826980e+01
-2.698431351460618632e+00 -2.290272844970226221e-02 4.689933640683434213e+00
-2.330848528375566442e+00 -9.862359433483481652e+00 -8.604783666892517502e+00
9.428567549072761622e-01 -2.310415824940987761e+01 1.408743107040079678e+01
2.470597621693537693e-01 2.144762211592233125e+00 -1.790807990167102792e+00
9.002286294738252037e-01 7.338411772945011791e+00 2.116550908511237061e+00
-3.905578535276446051e+00 -3.130163770891280617e+00 -5.838607508429891624e+00
1.383436988811598267e+00 -4.957552312023145724e+00 -5.020660166306052385e-01
-7.295155251609379832e-01 -1.775849739084938150e+00 -3.846240537412800364e+00
-4.273298444167952681e+00 3.724369703215972827e+00 -4.639662585705135456e+00
5.616893851456582354e+01 5.409756170481149695e+01 6.358808668424605770e+01
-6.978346693503580944e+00 -9.952777287795606664e-01 -1.131977275038466235e+00
1.432539206285233746e+01 4.755452307383288280e-01 1.036336746917897855e+01
1.188350412431427294e+01 -4.246865043003582585e+00 -3.147504076123383676e+00
-2.087213993215220331e-01 -8.618819598273680382e-01 1.310028383562819476e+00
3.841833886406236687e+00 2.227001869492384856e+01 1.079992198739990350e+01
-1.620584447669323325e+01 -1.119291912959461754e+01 -1.444178905194921114e+01
-7.184446568178843862e+00 2.455951616206349719e+00 -9.861486248709379510e+00
-2.777493361699744145e+00 9.943900825354786477e+00 -9.711616691699145321e+00
-6.058832197694236754e+00 -1.203182979412282139e+00 2.088032145515737170e+01
-3.859812383545929482e+00 5.075557004142358331e+00 -2.094888751976898611e+00
2.230405826580795781e-01 -4.604139858060780632e+00 3.534535907502933672e+00
-1.742681859566278746e+01 -3.046237191233532471e+01 6.477791623884894712e+00
-5.688646469883891221e-01 -3.402594584159106095e+00 9.996528475826412574e+00
-1.252571802504339527e+00 2.181875087780860589e+00 -2.456174492497274819e+00
5.171765146728009910e+00 1.124049977424349400e+01 -1.041755256192704415e+01
-1.997582783570854281e-01 -1.139319448284870528e+00 5.263660331072254728e+00
1.691518005233410005e+00 5.019465607407944674e+00 -3.705042770392143470e-01
3.390484226934254774e+00 2.416208096890008594e+00 6.374441791074831443e+00
7.054374787266673996e-01 1.891491699128118320e+00 1.238396437344786172e+01
1.383681693140290925e+01 1.087903199584867941e+01 -7.529895202506438956e+00
8.305301642674042029e+00 1.467500251065312078e+01 -5.297002413213761862e+00
-3.776118829434571111e+00 3.256960472962255881e+00 3.487159202619489751e+00
-4.709963347014271662e+00 -1.644480505877791598e+00 2.951304176681156299e+00
-5.117379845553691187e-01 -3.217803884744061094e+00 8.853561397159871449e-01
1.517034645705229501e+00 8.230352396262851755e+00 4.106707890490012280e-01
-9.625840748784988410e-01 5.864138872163145777e+00 9.591581423283853880e+00
-3.336084402050946807e+01 -2.131234761920783427e+01 -6.828653634697846542e+01
-6.838489774149998368e-01 3.500530451966759049e+00 -2.314169109471077679e+00
-7.001974197544774681e-01 6.468802934636665114e+00 1.444061835671773375e+00
9.018603625145360070e+00 3.865118417583363719e+00 5.432928455858592187e+00
9.155255801214034150e+00 -7.491645646480145082e+00 8.819638278479793314e+00
3.915293297399278671e+00 -1.470915348851484561e+00 -9.833305102483668847e+00
1.195114811337518956e+00 6.592358542460030613e+00 1.959481237366803130e+00
5.361618605311347707e+00 -1.585529713745270630e+00 -7.175112114992512780e+00
8.442864989122430330e+00 8.208479912543481305e+00 -1.678899818733493032e-01
-1.356466665990094533e+01 1.842718297885168965e+01 -6.148491536382999501e-02
-7.669590918597606333e+00 -3.504192562722370496e+01 -1.891513595732375919e+01
-7.422561383833961024e+00 2.146496157413718464e+00 2.885131284637798554e+00
-1.251678687783317478e+00 -8.776692766963304360e-01 -4.706369959334736897e-01
-3.656191192524175904e+01 2.346291852900055730e+01 2.050193937967015856e+01
2.918659249925604993e+00 9.373475511689893125e+00 6.642963216705546792e+00
8.831406877144692968e-01 -2.467715892013118584e+00 -1.765905360359790510e+00
-6.462769333389266180e+00 2.828298159391152478e+00 1.973320699488795738e+00
-2.428328791425764965e+00 5.754700639611690427e+00 -2.696717443254956770e+00
-2.180740692654681467e+01 -1.701991290143658375e+01 8.372209928881831686e+00
-2.799847512076631961e+00 -7.861691783201189665e+00 4.193579510002888533e+00
8.955352466661864241e+00 2.766754436392770966e+00 5.401903016638629929e+00
4.340517397186855142e+00 2.496679386243478849e-01 3.232806827574605357e+00
-5.698128024485144216e+00 2.602840121773758231e+00 -4.252540446681482678e+00
1.771299446126640831e+01 7.464403584354846188e-01 -1.517481428244185970e+01
1.863533154212472454e+01 2.348802565505473083e+01 7.088420126311643976e+00
-3.584011031959128513e+00 3.657770420725656724e+00 2.621309548469507700e+00
-8.862106391971909858e+00 -2.034083466189250400e-01 1.182913282415434786e+01
-1.161258341056079280e+00 -1.269018386313292557e-01 1.531205213489341244e+00
-8.305855688454835573e+00 -6.482853324976658449e+00 -1.450638387397010831e+01
8.095226575703573957e+00 2.627325727773419661e+00 3.613808275975163742e+00
3.440001825715209183e+00 -1.959144832593644026e+01 7.814965664084783548e+00
-1.105169463420013543e+01 -3.935630522483955396e+00 8.202876178342257685e-01
-6.372903769440038779e+00 2.040684630244264941e+00 6.271588565534256254e+00
-1.129794039076129231e+01 3.469655412268963790e+00 8.388605012414680928e+00
-4.647229075989462643e+01 2.208180620543275907e+01 2.059574165219368425e+01
2.543561931568423695e+00 1.555205351886929765e+00 -2.368743345017918944e+00
-6.806973133326315484e+00 2.356225628168173358e+01 -1.918507006766084899e+01
5.185606524226624714e+00 -4.865560382943664663e+00 2.585303152586281961e+00
5.326009471176758048e+00 -9.232834676199217938e+00 3.671996499248135315e+00
7.950804516504387465e+00 2.198146479461337677e+00 -9.409564976659128277e-01
5.056359077266609603e+00 -2.684479786744739638e+00 -2.849145901679349002e+00
-2.651971852756940251e+01 -1.346803240163359305e+01 -1.407650240360799287e+01
-7.001512565052993686e+00 2.142946965448017771e+00 6.845412134413225713e-01
-2.483340028383973497e+00 -2.328529680802608581e+00 -9.296348224658029791e-01
1.497342071664166552e+00 8.529001571442893503e-01 -1.525607241067939546e+00
-4.512489503395379353e-01 -1.299426218655196585e+00 -1.824414931909061011e+00
-3.492547517019396697e+00 2.206476701227479076e+00 6.140932128862601758e-01
-2.249206584463612490e-01 1.090856013262902158e+00 2.423130081686642179e-01
6.323577681766218817e+00 -1.011398643214795001e+01 -1.107273956616639232e+01
6.891577891642643117e+00 2.219719399954177774e+00 -4.822693595207325323e+00
1.254874085743537870e+00 1.540025635608028409e+01 4.031511144994910367e-01
-1.361411675460876047e+00 2.117089419591364763e+00 2.282234916642917444e+00
-4.121630223111591995e+00 -2.161144389598206761e+00 -1.201311839982631025e+00
1.041629622440465752e+01 9.346155197059816899e+00 -1.325239485839444065e+01
1.175938269843187278e+01 -8.350714245493982446e+01 4.304137850870488613e+00
2.517082029317849301e+00 -2.484705673083192234e+00 3.292024585775631951e-01
-1.457879662729801851e+01 -1.215807268692056020e+01 -1.502351489391717188e+01
6.585375176713723633e+00 -9.532877518190691291e+00 4.578628201230412031e+00
4.802370497385187953e+00 1.156282815354520821e+01 5.252227166321400631e+00
-4.428113912034042053e-03 9.092954666793733765e+00 -2.264860153644476881e+01
4.177215554488701299e-01 -1.313196539497864812e+01 -3.659184732795921047e+00
-8.360302039576401611e-01 2.212166195559983617e+00 2.774446403803987771e+00
-1.654961362905300604e+00 -4.299098699921031219e+00 9.576561757062403757e+00
-8.159682327705025662e-01 1.826260624523342591e+00 -3.223954972227101479e+00
9.581445153205120357e-01 9.543954594432534577e+00 -7.826509310080954407e+00
-7.859059971413032919e+00 -1.384309431816828750e+00 2.761732760206840886e+00
2.066336124696053211e+00 -7.482990204995879857e+00 8.046672279480433509e-01
-8.962019714068501841e+00 -3.223976478517879496e+00 1.145519621773472707e+01
5.481795084798668505e+00 -6.421153285660121668e-01 3.331058937374931639e-01
1.112092206240981085e+01 5.247046437962996634e+00 6.868536070648058711e+00
5.236568986939334813e+00 -1.372293574102811320e+01 -1.112907494406673026e+00
-1.486078306192332477e+01 -7.945768334696452939e+00 -3.479171732617570179e+00
-2.478718210506529118e+01 -5.040424799851162874e+01 3.839183026337413907e+01
7.880023814776506264e+00 -1.854891879967757840e+00 6.839650050269049153e+00
4.697017995285294845e+00 4.737453231784861246e-02 8.007020404161968585e+00
-4.803588984507644460e-02 5.741946764480540644e+00 -1.380801001370563462e-02
-6.812918478012469414e+00 -7.524290183419057421e+00 -1.078596413892206485e+01
4.034947556294780746e+00 6.332289768993122792e+00 -8.063830885102025725e-01
-1.667376953171338050e+00 3.230671841415519996e+00 -5.020874229008045475e+00
-3.275649108090556982e+00 6.669169524667041493e+00 -1.652955253981784267e+01
-3.417306199969294411e+00 1.033383176815201310e+00 2.888675603465125974e+00
-2.082272142783260449e+01 -1.015426798619886384e+01 1.393576153947703489e+01
-9.579266039421288070e-01 -2.204340770088886625e+00 -7.446123355154451673e+00
8.499345354326848678e+00 7.382868119970542153e+00 -3.708563535972836944e-01
-4.899358810845406254e+00 4.665670033004636785e+00 -8.377198153461473673e-01
4.553122645109395350e+00 -1.126549693198360735e+00 -4.411627808766913006e+01
-2.242588813605521203e+00 4.503824469901972272e+00 -3.034349393673652528e+00
2.459856660235276937e+00 5.541625802654517763e+00 -1.098427104078665284e+00
-1.840153074902860064e+00 -9.436640702096420696e+00 -1.102252793093104621e+01
-9.413289564610070048e-01 -1.811860151341823544e+00 -5.735922651425427787e+00
-3.056101038492888833e-01 3.055447639760779044e+00 -4.182686478882353676e+00
-1.692496095186958982e+01 -8.841926138317123929e+00 1.008558767776394482e+01
-9.288314900632142823e+00 -2.449083535002070100e+00 6.797661208693959178e-01
-6.801601188012845078e+00 -3.570887856312489284e+00 -5.862067441272332147e+00
5.214610523989755997e+00 -1.840943876302773452e+00 -4.179775419207349962e+00
5.258385788746087641e+00 7.854514487461278449e+00 -3.310680844896207731e+00
-6.142846784153647155e-01 -3.762121861339265649e+01 -5.632780810975103414e+00
4.763835283856843184e+00 -7.912209669583202931e+00 -9.157083143725399665e+00
-2.150543714477076929e+00 -1.012242492029711549e+01 -1.299135311138856830e+00
-2.046822160076422037e+00 2.421815749957351382e+00 -2.070002862682927436e+00
2.526487130616128507e+00 -1.544191251784309848e+01 -5.638963825746084346e+00
-7.071238413440400272e+00 -1.355425263071365016e+00 4.974830949229162691e+00
-1.876706112047955122e+00 1.534054827029559220e+01 1.045189153967598017e+01
1.098992662232628170e+01 -1.332702284488770372e+00 1.092681588849074181e+01
1.472342726548290459e+00 1.254336450982878048e+00 2.225978934933804165e+00
1.493820856117688756e+01 -9.554160839627808599e+00 -1.990102601169549068e+00
-2.035508377507283750e+00 1.573965708864211699e+01 -6.131079368326120438e+00
-6.139634245372743493e+00 3.076548159540803073e+00 -2.616391587703176924e+00
1.074182125879318050e+00 1.423954777746653244e+00 -5.261698616527829553e-02
1.153152098137449322e+01 -1.399882760363402490e+01 -4.096465927027292508e+00
-9.109426676913584542e-01 -1.485387896021581833e+00 2.602953386155590909e+00
4.731360151128960467e+00 2.785826829777630742e+00 -4.013975792377443064e+00
-4.484178521876855505e+00 -2.405942013264399826e+00 1.923852250774687134e+00
-4.862531517929576275e+00 -1.183948123629137505e+01 6.241438835371616811e+00
-1.410657944964079391e+01 3.959273158666147818e+00 -7.126701769133372721e+00
9.548399413247008027e+00 3.530014350384098609e+00 -8.536713989765551958e+00
3.405674990956915060e+00 -1.928942559318956196e+00 -7.875533098747292904e+00
1.970727880253353881e+00 1.182291894158042034e+00 1.970198093612129275e+00
-8.791210523507383412e-01 1.518043939704883982e+01 -1.509184049716279041e+01
-4.315926060236734862e+00 -1.218827225614299259e+01 -1.128304825504908493e+01
1.551807017790140186e+00 3.851206257621115459e+00 1.138743609732621315e-01
6.157389095779848276e+00 -7.606725758241908331e+00 1.149854907726344466e+00
1.807430362634202226e+01 1.938414038871424694e+01 -8.479628458053644735e+00
-1.441874792045458209e+00 2.287314817188621952e+00 -5.425261318064936944e+00
-2.768987889861590901e+01 -1.667598349480547881e+01 -1.806837499497252253e+01
-9.143351246653132591e+00 -3.458199138870086120e+00 -8.413899230543854912e+00
-9.394674699850728672e+00 1.702845470242077663e+00 -4.375561722863792191e+00
-1.469964767786722470e+00 6.271259124280446962e+00 -1.210434772550414761e+00
9.342197246766922314e-01 -2.464083637011343697e+00 -1.043595161234439628e+00
-2.845945179897656629e+01 -7.118245537118505162e+00 6.675925812105391799e+01
2.440037861481871406e+00 -7.616652819265415375e-02 3.138282738523358262e+00
3.529529512367522326e+00 1.174834828697482791e+01 -1.035975045477607104e+01
-4.030090717143670176e+00 3.479326608748952054e+00 4.346243956228860839e+00
4.946270068380497875e+00 2.666143912390405712e-01 -3.281942177951199469e+00
-4.192831644268449232e+00 -2.564123001842677052e+00 -3.923233665063020847e+00
4.816979605150645938e+01 2.469690037845594688e+01 -2.282738211627976810e+01
3.531440570665773748e+01 -1.029896072668267415e+01 1.052610479165974411e+01
5.936993906556510936e+00 -3.649953630459281229e+00 -8.746924354939632495e-01
-1.791774304791326600e+00 1.164790201328507191e+00 4.280417690236421713e+00
-6.345400020801231555e+00 1.740835162513251211e-01 2.853364967737390678e+00
1.096758125429765807e+00 7.812198913347279117e+00 8.650008556141090210e+00
-2.747153412106662085e+00 3.898927806233753124e+00 7.619948462826608093e+00
1.756179979945610370e+01 -2.307754843009657275e+00 -5.416472069625370089e+00
3.829463590815183061e+00 2.481165816767297638e+00 -1.576112843136270314e+00
-1.254267656086117100e+01 -7.547528869206973634e-02 -1.486570611905189665e+01
-1.745823339500956095e+01 -5.648731530320178607e+00 -2.034799123545084143e+01
7.457610541449286146e+00 8.149423788149389170e-01 -1.024936900832498132e+01
4.516079318016573474e+00 1.496406963770314569e+01 1.532987332071173325e+00
-2.819048232217233885e+00 2.503803730435687935e+00 -2.021949078551910084e+00
3.582361300514490754e+00 -1.943863813827719556e+00 -1.990918203942338538e+00
6.488434953051879006e+00 -1.146645061529612697e+01 -1.438566859627608530e+01
1.557700388191339824e+00 7.950960609137657231e-01 -6.149136668813950379e+00
-3.433748954519554530e+00 7.514292530897431988e+00 -5.322366904601476101e+00
6.295754420771095816e-01 -9.123741763373693914e+00 3.347986412877741014e+00
8.244886582958333321e+00 6.792351546573546450e+00 -2.547328528754123855e+00
-2.685604587927274078e+00 -5.502799248152812517e+00 1.191585253668248523e+00
5.018704041381578662e+00 -3.806060216164553811e+00 -4.246656179253726293e+00
-1.876520619112852062e+00 -3.193454027083791225e+00 -4.009874625456690822e+00
-4.078209146131718477e+00 -2.963831445356420069e+00 -5.643211605613993598e-01
-2.767344915304448705e+00 1.805447697856021660e+00 -2.798831481414825184e+00
-1.629789235010645854e+01 1.126588883379773254e+00 1.560080422242795972e+00
2.431225262198554837e+00 -1.671265748142819918e+00 2.593226803980999140e+00
-2.028837654355975317e+01 -1.671812678093414561e+01 -1.904928716002580558e+01
2.109638952580721760e+00 -1.233150368799107444e+00 -2.031212405239006813e+00
2.493373033684645190e-01 3.530890021220016717e+00 -3.541194018055471737e+00
3.449614251612839855e+00 -2.188288599950661550e-01 -1.770630427684363628e+00
9.760637442071530501e+00 -1.423467165311478588e+01 6.775988759187645094e+00
1.329456495516698755e+00 -8.223110987129132354e+00 7.245734661542901911e+00
4.731686873208984068e+00 6.588882082772777871e-01 1.544944929967588365e+00
6.675930658360183401e+00 3.206626400084696460e+00 -4.750531561783354562e+00
2.390135333350961844e+00 -3.544226613539744442e+00 1.123513842649058736e+00
-8.879369165888872928e-01 -1.301223827969933744e+00 -5.547185240098443382e-01
1.023900801746559786e-01 4.755449249096513675e+00 4.150721574786279788e+00
-1.359523958643038988e+00 3.258052995065396029e+00 4.702960131856422366e-01
4.867152338777240850e+00 7.092640699980803376e-01 -6.507724670380176102e-01
4.284587216023407308e+00 1.088841967951126932e+01 1.393383873923970739e+01
8.624721972977306805e+00 1.514667433772440042e+01 -2.717308575357550993e+01
6.861461922015783088e+00 -5.762710528301418833e+00 -9.790176292636330047e+00
-1.017944433085022098e+02 2.632093405835138924e+02 -1.085710374241226504e+02
-2.361234738868968286e+00 4.310346179008146983e+00 5.805344705401211947e+00
4.599050680472515040e+01 -2.836410560377347778e+01 2.451474037315930943e+01
5.971813474970402602e+00 1.198764385782803110e+01 6.588958703063722666e+00
4.706201060168959116e-01 -1.030553103056832009e+00 2.976328310253110399e+00
5.870261318074201817e+00 -4.501040998479566291e+00 3.162956146490358833e+00
1.176038130308491603e+01 -7.590695836325008550e+00 -6.365097869842276879e+00
-1.590993650279404115e+01 -4.192767595939896452e+00 3.346359638352261356e+00
-1.041616383713731331e+01 -7.126671961589654991e+00 7.295192307838394896e+00
-4.286063722332950077e-01 -2.735599854027900957e+00 -2.209809377738419567e+00
-1.821931648819709793e+01 -5.238349162245397039e+00 -9.173471720635070881e+00
-4.499794673874017548e+00 -2.275645721453863235e+00 -3.370442878957544686e+00
3.489935874806143801e+01 1.898746257333273846e+01 2.107063880021440738e+01
-1.294353915154905010e+01 4.724263384049634418e+00 1.353162429332686401e+01
-5.735893879468948242e+00 -2.655808562002633710e+00 -4.095964204368160999e+00
-1.778853616040364960e+00 -7.783722164688652079e+00 -2.079751099918961454e+00
2.999987567457810478e+00 1.212590946913615220e+01 -9.442087699840861603e+00
9.999608016994143256e+00 1.155094202159726180e+01 -1.157757607590812121e+01
-1.092979155348436571e+01 -6.924574344365684586e-02 -1.640748130658074544e+01
4.915499339920034849e+00 -1.091787879662079241e+01 -3.324311261332655310e+00
1.980710562893949422e+00 3.210285976743376679e-01 1.760953006884182326e+00
-4.255416493020826607e+01 3.087307185001305854e+01 4.160632402030682897e+01
7.269875051019807799e+00 1.401864498051191710e+01 2.317629454623648044e+01
2.480789982655450743e+01 -1.744911485810796847e+01 4.096148792246994930e+01
-1.066985546604008128e+01 4.713820441190239019e-01 -8.852100202860013312e+00
-1.505267113348211794e+01 2.344850739076664681e+01 -2.208436145873202605e+01
8.203606335924984450e-01 -4.637424797231529006e+00 4.167101081385691685e+00
-4.919974509492682557e+00 -4.862729278402632360e+01 -1.997727820381735020e+00
6.751878938985485412e+00 6.706992105374206758e+00 2.090685248818898057e+00
-1.588481666339776943e+00 7.050662035074189982e-01 -4.535014510915789110e+00
-8.854301213868494003e+00 1.965503136275460028e+00 5.240284524662049748e+00
1.074399860068913171e+01 1.162525852237330959e+00 2.276170727204657851e+00
-8.419987056886379051e+00 -7.162090891551835981e+00 7.561488167085578027e+00
1.158821559445826921e+01 6.395257410235437312e-02 7.232879843413437815e-01
-4.194320108093899435e+00 2.283956364618761281e+00 -1.409321253710129840e+00
-6.410443069120391613e+01 -1.305724905594749998e+02 -6.830991039443334856e-01
2.644037275277995480e+00 -3.831520243600618603e+00 -1.659266169403096125e+00
-1.052063107856080748e+01 -1.574172986973011223e+00 -1.091530283627878545e-01
1.798237847995060590e-01 9.737588843464805022e-01 3.708942642151131786e+00
7.206630826176037452e+00 -5.010108629605060315e+00 1.094578414429446367e+00
1.566705261362862345e+01 3.382675689054394752e+01 5.466604006803399862e+00
-2.350159198439827790e+00 -1.088148717548329314e+00 1.452764318225892248e+00
-7.887740334665131747e-02 1.114225842015762025e+00 5.786583665472326832e-01
-1.585081484887148395e+00 -6.509142925655415191e+00 -2.770609786113278794e+00
6.928107995057916746e+00 -5.326290520639117787e+00 -1.083566236419612583e+00
-6.051574922551738567e+00 1.654405260318680515e+00 5.028229251238716557e+00
2.909420327015458607e+00 2.701793826569505175e+00 -6.516653682570304085e+00
3.604282643246975448e-02 -2.010446878062220222e+00 -4.465163895843928671e-02
6.144810551202596116e+00 -6.956077055853330471e+00 2.827041523181244465e+00
3.112190709270509004e+00 -2.098608051247313533e+00 3.404017552252561529e+00
-1.392352844650537769e+00 -3.377717198808748211e+00 2.757632908682640327e+00
-5.623384677626786399e+00 1.375562164584469560e+00 -1.252811790035072148e+00
-7.986846301629126899e+00 1.019944653306366300e+00 -3.155324347954534314e+00
-3.532074983812751867e+00 -1.104682934642184505e-01 4.209273570480846161e+00
-5.317628760473351868e-01 3.661360983723566775e+00 -3.758882539810928680e+00
-4.240667261724134818e+01 -5.702250789676828191e+01 1.554696915040815064e+01
-4.199499454382936037e+00 4.661645541896830736e+01 -1.086257456607339265e+02
-5.912132069408393420e+00 -1.047736280519353524e+00 1.741701316543065925e+00
-9.063591120324701933e+00 1.304275992309098076e+00 5.030853007992646120e+00
2.959462854021759348e+00 -4.314345342751876089e+00 -1.478845578172496733e+00
2.967492815322104960e+00 9.654428164823340985e-01 4.031360685296700552e+00
4.443284121511849705e+00 -6.535765810589573732e+00 -2.060041086086623174e+00
-5.132249214024874995e+00 -2.250903638487916414e+00 4.308963556698008013e+00
-1.060009686437800802e+00 1.169602977485921436e+01 2.898740607257579427e+00
2.473020340331188560e+00 7.667574214145078670e-01 9.055302673730929452e-01
1.322272506400912917e+01 6.900013582679762614e+00 3.217190849384056861e+00
3.890224234109427304e+00 9.171632620036413996e+00 1.062043491425938457e+00
-1.810516571389978013e+00 3.975171672697935810e-01 2.503162466894892191e+00
4.325981797508673954e-01 -1.293015260853058956e+00 -1.369500090606255327e+00
1.860715733503496283e+00 4.010792840795614489e-01 -1.909880930797253296e+00
-4.578234727552516148e+00 8.782393127697405433e+00 2.128401378019623424e-01
-5.021432241336230895e+00 5.137490345944027759e+00 -1.476849749029392145e+00
-6.689040260093340073e+00 1.755034899045575969e+01 4.258529222098847100e+01
4.357156594811949724e+00 2.671344177437366074e+00 -2.243081166446767583e+00
-9.182807010494395072e+00 2.476264359815853577e+00 3.462606683688402409e+00
-4.898534493244087074e+00 -3.846816221162496330e+00 -2.778561113059873494e-02
1.201857670240635834e+01 -3.377893959754090680e+00 -4.933089068941352906e+00
5.912555149747507066e+00 5.410119450988107870e-01 3.425013500409769041e+00
-1.946884042661120695e+00 5.758504927759957148e+00 5.281667592764621944e+00
1.017014149707999415e+01 -1.106030427270658656e+01 -2.329023793626721073e+01
1.721844495806821840e+01 6.614773345729406451e+00 -1.105731739916248380e+01
-3.465694816676487022e+01 -2.462456346677886643e+01 7.903272372568273418e+00
6.247924014446834917e+01 -1.106062045589682441e+01 -2.301565092350224262e+01
1.985883888297734490e-01 2.465603154644496087e+00 5.857133611136593032e+00
8.800328939813592655e+00 -2.119818163053668769e+00 -1.062560280128826662e+01
5.042177381733222319e+01 -2.542900602548986555e+01 6.731285351143885265e+00
8.906905536386158229e-01 -4.899550763671552289e+00 5.270493042485033364e+00
4.347471324589011310e+00 -2.316046979752285129e+00 4.736269670280511157e+00
5.402408173458274732e+00 -2.424452596441993624e+00 1.622030651204926288e+00
-6.133983430294247086e+00 2.877977738349315473e-01 -1.435489794658705520e+01
-1.362123484176039234e+00 9.741569134407439989e+00 9.511286230490231253e-01
8.503297383551366995e-01 -5.889828228927840748e+00 -1.117938094111469738e+01
-3.308812725551718348e+00 1.956481201736889775e+00 1.784499973638653314e+00
4.857374018752868672e+00 5.333237231390043576e+00 -8.901016790205249052e+00
2.630063754612180560e+00 7.605739423044922454e+00 -9.420562731486450403e+00
1.556878698574468922e+00 -2.650225844023614030e+01 1.489105515905236388e+01
1.634264431021015866e+02 -1.195202447703954647e+02 1.487342326590697716e+01
-1.626966269606255677e+00 2.663040387343870830e+00 4.898426536307926710e-02
-1.172571655077148378e+01 2.207061125735976148e+01 -2.811409339163855936e+00
-5.560440650236203375e+00 -2.211016878671351105e+00 9.318596842930553237e+00
-1.533174200243968111e+00 1.034513732206561087e+01 2.527897105586855542e+00
3.243309729796601371e+00 -7.044416449909499889e+00 -1.430759572588940820e+00
-8.136401560600836191e+00 6.163098997775317223e+00 -3.831808779898548956e+00
2.908571082803046881e+00 5.021233528265944379e+00 4.330317351534456627e+00
1.169071494689062263e+01 1.880683566208867896e+00 -1.425429698089909714e+01
-7.784303259195906932e+00 -5.648726714049646880e+00 9.943553079168669484e+00
-2.704560577331965376e+01 -1.252819984396152897e+01 4.529434144303206899e+00
-8.026223213602150519e-01 -3.004854897131079561e+00 -6.095309372910534762e+00
4.677919377864837358e+00 3.167598049920885006e-01 -6.913719679266878693e+00
4.839741930537712733e+00 4.744385838212092033e+00 -1.270618398982060882e+01
2.547855276485261555e+00 4.443498154725294746e+00 3.560379730723604030e-01
-1.362570393801042279e+01 2.466706694739678518e+00 -7.187247553595950578e+00
-2.159311979589464414e+01 -1.920774277112188244e+01 -3.424677774930586782e+00
-5.566743455677826802e+00 -1.241219565352376319e+00 -2.461105550166915901e+00
-5.000052661001441301e+00 1.039922160289082420e+01 1.572265336273103831e+00
3.852666485634620663e+00 4.519698438957078679e+00 3.852681936476860525e+00
2.094772888376652542e+00 -8.810142644177805238e-01 -6.428347754819406568e+00
1.363445464455264267e+00 -1.791903139347014173e+00 -9.173744124553649959e-01
-4.047243634595220740e+00 1.847545913212642787e+01 -7.987688859842471345e+00
9.235059371459398037e+00 4.817573913954706910e+00 -6.274938443917592146e+00
-8.789613731524354989e+00 -3.123017878578535633e+00 -1.127717316609583165e+01
4.869196791753005904e+00 1.524437865035471962e+00 5.254355478687940284e+00
7.069693391866219656e+01 4.054242407521313396e+01 9.789219953705208255e+00
-7.833411662249170959e+00 3.670088999668922325e-01 -2.530559027124851035e+00
-3.941705682785112685e+00 5.682329113178334445e+00 8.848187488285054414e+00
9.158574851640334247e-01 5.814932204650935077e+00 2.496385905141449979e-01
8.396249194538508931e+00 -3.005626227996451849e+00 -3.932549571613862760e+00
4.529304526294454902e+00 1.057102692156552592e+01 -6.709599813942261903e+00
-2.122703278756290501e+00 1.782419038257386124e+00 -2.407329833606978386e+00
1.982778175879138294e+00 -4.215961434489825521e-01 2.193955479150879739e+00
-2.297083014198594952e+00 -3.956094819173845867e+00 -1.068441979398135677e+00
2.026241679787276428e+00 1.093903941028201743e+01 -1.267534033320159281e+01
6.560597255529664551e+00 -3.052059067451246221e+00 6.663791622232146494e+00
-1.026231845589190783e+00 8.616594946268401500e+00 -1.118326989096270552e+01
1.051510442026289738e+00 3.389474555333296113e+00 -2.886054756777358232e+00
-4.675958369278072979e+01 6.459598833435691745e+00 7.240765192646113846e+00
-1.483918024819970150e+00 3.265138788860270758e+00 -4.469558167112985259e-01
-6.964652708401410486e+00 1.108006068442971603e+01 -2.234851396509164090e+00
1.184526097138698120e+01 1.541904824132962659e+01 8.288401318938973361e+00
1.122736529365172764e+00 1.364461804732172601e+00 -7.937072508439691809e+00
-2.808125291091444264e+00 8.919919372159235138e+00 -3.678080954889437759e+00
1.765953906858571454e+00 -4.726034228199240239e+00 8.097225637637947004e-01
-6.718249148098367485e+00 2.717903603153402958e+00 -4.246525295457685978e+00
-2.276546528088995824e+00 -1.033723276273839087e+00 3.449852934219294731e+00
7.820453345809345258e+00 3.075640703747885674e+00 2.177819757999071903e+00
1.518069810579357304e+00 1.082800369042278987e+01 4.888958646477974845e+00
-2.705654188319771780e+00 -1.957867921679616652e+00 3.736413988875861403e+00
-5.175508596135449224e+00 -1.820555064655341226e+01 -8.164210631316677791e+00
3.580494386739753399e+00 6.938897369499041012e+00 -1.967964546308044405e+00
1.130051297656738285e+01 2.505888545736809192e+00 -4.655257609382156936e+00
6.532198695389609178e+00 -2.296602023512791746e+00 7.548208670218219396e-01
-2.369575389544777533e+00 2.686792996312718618e+00 4.638348660606640417e-01
-5.409478827725578975e-01 3.423234809136426637e+00 -6.451604000672984895e+00
-9.223010052325044228e+01 9.002637331117952613e+01 5.473138757838498236e+00
1.999155614420647353e+01 7.047910853264515829e+00 -1.256750819307890588e+01
-1.076591068270715645e+01 -1.924901741105632169e+00 -2.643825798629082069e+00
-1.251824570496411226e+01 1.305846906080442693e+01 8.262137831835747903e+00
1.776465352214939841e-01 -1.752294358026304266e+01 1.207109097627310135e+01
-6.356992846901398098e-01 5.407662448238395592e-02 1.537880722423710066e-02
-2.924662622949058655e+00 -5.894070016945780921e+00 1.088843727548864315e+01
9.952558203497282818e+00 -1.414244307716463034e+01 8.871127204582606396e+00
-7.461354522736989014e-02 1.221050125441216672e+01 1.797757596214575981e+00
1.369326940963159489e-01 -4.129452709576516334e+00 1.322632211272870251e+01
-8.143159144670397254e+00 1.212370418177614262e+00 -1.477691390123811566e+00
-1.635875839000639154e+00 -1.368041254747257296e-01 -2.867600568205073142e+00
6.783389186896066292e+00 4.733839181427051734e+00 -3.301162458263927846e+00
-3.871861524146405831e+00 1.548287630366202317e+00 6.451846042284851146e-01
-4.896790292605064820e+00 1.668913325565668293e+00 3.487189371815301975e+00
-1.558521979421430892e+01 -1.201073840807240067e+01 -1.270089140328495292e+00
-4.425378899307132463e-01 2.537356716346632179e+00 -1.226836165529231470e+00
-6.699429222568129560e-01 -2.950781704996906285e+00 3.169486264437408329e-01
5.666441890200027309e+00 -9.842802208892701188e+00 8.215214203807875037e+00
-1.337587125750386186e+00 8.001758147921101960e-01 6.401729266557540932e-01
-6.834059315889432717e+00 1.417570887861622220e+00 6.495746839231835601e+00
-3.467925036828926721e+00 -1.126867969481892651e+01 1.204079009247961807e+01
-7.622735156366636566e+00 3.356415082904082414e+00 -1.377481443779771730e+01
1.160268117064656046e+01 -6.003895455472913589e+00 2.096314019746549207e+01
1.039952867301612516e+00 4.690982238062670717e+01 -6.402274724803797312e+01
-1.411302622458604272e+00 1.792092475069609891e-01 2.081832933830423116e+00
-2.357052538334915237e+00 1.786971418874751416e+00 -3.059321955675789795e+00
1.395147204657876561e+00 -3.947798111101807006e+00 -1.403243540089365693e+00
-7.897106719008185394e+00 -2.033373054777488420e+00 6.834363760097856844e-01
-5.597802163929078922e+00 2.330473568467782997e+01 7.887976000240357166e+00
8.828808984851696096e+01 -4.195243578415460206e+01 -4.924780845741526036e+01
6.471569399576627690e-01 2.207867097595387129e+00 -3.330781607039028813e+00
5.114277070350963328e+01 2.026075535944403683e+01 -2.702602412519791830e+00
8.204531299394332677e+00 -1.265450590917613738e+01 9.164117218111892171e+00
4.983255605150778145e+00 4.087205690248820744e+00 -2.130775815813284346e+00
1.165772378531574383e+01 -1.749293747300159296e+01 -2.761253666742411905e+00
4.350594594968729467e+00 5.480921489886750209e+00 -1.828005832604926884e+00
5.695617019589743535e+00 7.004514264045559102e+00 -1.026147249027432373e+00
7.157492739782846947e+00 2.682864683472153455e+00 1.998127346313007813e+00
-1.430992306684060189e+01 -2.376190795234021991e+00 2.450241827426927976e+00
-3.193516633414738237e+00 -1.538066388123016281e+01 1.514945929294817262e+01
-9.084395505635914247e+00 -1.658898791356004310e+01 5.449939893826609705e+00
-1.075087984012333209e+01 3.571132161738304944e+00 -5.095685038700564995e+00
-1.492768879391192849e+00 -3.654658763198594951e+00 -1.796838260990240954e+01
1.086701872468447183e+00 1.435766390849290586e+00 -5.238284719978090198e-01
-9.840826721547710321e+00 3.904847237317143449e+00 8.802008433451113945e-01
1.229577992258338526e+01 8.273726376925360171e+00 9.127731511442755519e+00
4.447122942004228641e+00 -1.179826824139653141e+01 3.395821846175036463e+00
4.655862546685638037e+00 -6.658991382875109055e-01 8.203713730787222103e-01
2.858811003488006541e+00 1.171914663926727218e-01 -1.431935579571191886e+00
-2.725478777728737700e+00 3.873709992990383544e+00 -4.905086808687290301e+00
-4.583838637251153258e+00 -1.287422416909409151e+01 1.613966884347795006e+00
-1.389509901023495075e+01 4.884275947919539895e+00 -9.535114104287274017e+00
-1.953268041833506174e+01 -2.114958595357688598e+00 1.380731099397392825e+01
1.793970909023948224e+01 2.728867421446854991e+01 -3.165887230398245933e+00
-2.294426180249866931e+01 2.965013351903183381e+00 1.641566489278106644e+01
2.614980566008931362e+00 -3.276653815418953730e+00 -1.056963224190467177e+00
-1.204068381440897539e+01 8.773212864867174332e+00 -1.994016991847564313e+00
-1.350119926260549663e+00 2.103731691307356400e+01 7.030382744079203050e+00
-2.728920111711802488e+00 8.694889581883668228e+00 -4.933885788957935503e+00
1.478718228619354669e+01 2.219031570604148573e+00 3.951339896132221696e+00
4.349729198680098996e+00 5.710220187358723720e+00 5.590133152464958677e+00
-4.132318097617353914e+00 -5.379153076917129184e-01 -6.882349036888076865e-01
-5.798896261653066375e+00 -4.218602794532598566e+00 -6.572999486773907218e-01
-4.880684577775194377e+00 3.345796415326072193e+00 -1.627270285948498041e-01
6.921792975935461278e-01 6.319793105481140927e+00 -5.149459969047336827e+00
-6.993204318107347994e+00 3.449919238234909979e+00 -2.096129898316425155e+00
1.045674729814306314e+00 -2.443657195947776195e+00 -5.992889304120141425e-01
-3.469377519123272524e+00 -1.019958120183208372e+01 5.154705753630581810e+00
-3.039100163295912704e+00 7.944553037735196277e+00 7.438917777159054445e+00
4.275170326221282124e+00 -1.237411008482507263e-01 2.013154668135772596e+00
-2.942882956869507183e+00 6.225577314646637994e+00 5.612789969157228498e+00
8.155988614460550679e+00 2.241070145734028518e+00 -7.637842589950015748e-01
4.987305451225756414e+00 2.738668342179106374e-01 6.527034878445933330e+00
-5.435594189493524908e+00 -9.659716131842236209e+00 -9.056294412435278218e+00
7.769878001356254060e+00 -1.072568556164535281e+01 3.906684230257210233e-01
1.199541628427593043e+00 -2.790002101068213558e-01 1.923530190329025391e+00
-4.114626464252375548e+00 7.586154061634707624e+00 -1.128882102497905038e+01
2.263000261862132589e+01 2.151503611431013141e+01 -2.144216469639082234e+01
-3.985914997364465417e+00 1.233653397025634479e+00 2.709785131545607850e+00
2.185931687191588537e+02 -1.503460892881599698e+01 -2.564507535368251823e+01
5.220304687321350556e+00 -4.787406363000322074e+00 3.738328759301648319e+00
1.348092454866137224e+01 -4.256497326243763091e+00 1.006937525193952787e+01
4.389144778875642139e-01 8.267902652541383901e+00 -5.399749920911188994e+00
8.526414439980822380e+00 -1.429153444620269298e+01 7.844501725341288534e+00
7.489488263623510500e-01 2.695481134299211323e+00 1.654200614613209197e+01
1.716654248754635148e+01 9.775428272198070090e+00 -1.061359973425995840e+01
8.065134977846096787e-01 -3.364181876763042034e+00 -3.486777964433140475e+00
-1.432680055167627842e+01 -1.651877368130107548e+00 -7.208863077074891379e+00
-3.328624760245391556e+00 9.748983035959946974e+00 8.152137180894577284e+00
-1.297350624864480650e+01 -2.424111761766303719e+00 1.304332366141847388e-01
-3.200125478585408523e+00 3.109856235082784970e+00 -6.601245599398709585e-01
8.628115722768544771e+00 -1.052251740286520798e+00 -1.385444020604083093e+01
4.289138776932359676e+00 5.990779816754833398e+00 1.319041672232690843e+01
5.468642331660267253e+00 9.451946383222468384e+00 8.040027436111452985e+00
5.326217929159739128e+00 -2.536417240862370637e+00 -3.358611156460191149e-01
-8.989665048094426680e+00 -4.447343462961885763e+00 1.158407119636214455e+00
3.806003110250597121e+00 1.898319610581674644e-01 -1.094770835589349511e+00
6.290996187761996872e+00 2.072958235071023125e+01 4.954377997531020483e+00
-9.541016842282015631e+00 3.886285432182021271e+00 -1.485223784282874959e+01
1.134289316758658828e+01 -5.722128576997819849e+00 -4.475710699181669305e+00
1.469603327998224245e+02 6.523494125400172550e+01 -2.558335719594237503e+02
2.298033879158972947e+00 5.670883097036976572e+00 -2.956491473338148435e+00
1.118487630322550430e+01 -1.331659751944989978e+00 6.247360156539480514e+00
3.166234387867266076e+00 -6.860101916577118208e-01 2.041646520930425091e+00
-2.143702350218999797e+00 -2.369136096253718016e+00 -1.477663698833161909e+01
-7.785336058768976386e+00 6.031673919929971817e+00 -6.821803898372665209e+00
4.666159958353468973e+00 -3.201437638571832167e+00 1.232963621552245925e+01
-1.859965809913409274e+01 -1.002751001458457125e+01 5.664790161647035305e+00
-2.476039108520139198e+00 6.014719531712010792e+00 5.642364451510817780e+00
-5.876302537546649774e+00 9.841764813029293180e+00 -9.525855975061817915e+00
7.447581465321006178e+00 -3.665331301227401362e+00 9.198249232356294769e+00
7.533286889012958953e-01 -1.343246141299360019e+01 -9.751131730621048987e+00
-5.404578392008726695e+00 6.191606013728414126e+00 5.482536852953684203e+00
-1.389123424349206770e+00 4.375974238768258751e+00 6.648096643764404234e+00
-5.368960363604340813e+01 -1.556822649295589578e+01 -7.222702187456563117e+00
5.644847793657598700e+00 -2.513902170174766937e+01 -3.851988130245042896e+01
-2.749908657073202889e+01 -2.070882429974778560e+01 6.466734253489358153e+00
-1.482975937142475154e+01 -7.850080142919955506e+01 1.984755646264638429e+01
-4.601820594547826992e+00 1.357188907824827817e+00 5.897444415962795894e+00
-2.594706597714711904e+00 -1.361050830093688546e+01 -9.778206785338284135e+00
-2.611883595713139883e+00 6.282119093452025460e-01 1.827517973570949306e-01
1.220348904754986030e+00 -9.929542059533444931e-01 -6.585159508006168672e+00
1.220268123938243798e+00 -1.804109353143591721e-01 5.054991419075562931e-01
1.308619620197469247e-01 1.653257207774258664e+00 -5.527127927757582881e+00
-7.944481126428717843e+00 -1.497320422544337504e+01 -3.292950911185399843e+00
-5.784868851006638835e+00 -5.633914118977558338e+00 -3.941142424320305260e+00
-1.401392186712624621e+01 -1.317342719650004668e+01 8.535597784889258577e+00
9.976083531500147927e+00 -2.633629196236305425e+00 -2.085171100535010424e+00
8.765001946123682330e+00 5.016868916876118689e+00 -8.890190934449475335e-02
2.034672276458477924e+01 -1.700917175819762406e+01 1.358243200837093845e+01
-1.570583138434678006e+00 2.216872425747377917e-01 5.710670001830155051e+00
-6.529736441426764237e+00 3.668543238011266805e+00 -5.045211960830079612e+00
-2.482418055558875736e+00 -2.175189089005487297e-02 -7.619550937662155299e+00
7.590643987408848270e-01 1.891780196214967180e-01 -3.318427564959348430e+00
7.801866296740632478e+00 -4.554595112388336031e-01 -5.853233097497749782e+00
7.764902781032556156e+00 -1.350096490173302755e+01 4.368391446076939744e+00
-7.529153014351768647e+00 2.988455773098756296e+01 2.155771075985661156e+01
2.113432103620690450e-01 1.048503858551378798e+01 4.447920767585101132e+00
-5.164369570712033841e+00 8.686742375111773384e+00 7.837906317072749651e+00
-6.749082887623838012e+00 8.690847261698874116e-01 2.003916986522227361e+01
-9.992606903589056344e+00 1.047326460682200455e+01 4.859529053108089691e+00
-4.960799723906650804e+00 1.485181713187003716e+01 -3.010435586835362720e+00
-1.137920316041358126e-01 6.002843659290670875e-01 4.925248615483245551e+00
7.656979562708333908e+00 9.089237696461739402e-01 3.432157916733786340e+00
9.258813405511268968e+00 -1.028903374885810607e+01 -1.776231559618200784e+00
-5.974404656627148313e-02 -3.422982412098591332e-01 -7.305224357183659478e-01
-5.635282405741043554e+00 -2.394812865477056185e+00 1.232659913890451764e-01
-6.153525702993245083e+00 1.172242723914092677e+00 5.046002551386119528e+00
-5.758070374982328099e-01 4.402746874401745281e+00 9.416135084658683319e-01
6.333489344873693305e+00 -9.472852453434752462e-01 -1.113384150495854463e+01
3.231955370580336662e-01 4.888459101765627146e+00 -1.248889336616341161e+01
-8.487446755518005759e+00 6.491694010771752232e+00 -1.137030276877488078e+01
6.271000901261980509e+00 1.894775308294995853e+01 2.355297142898261420e+00
1.187239210692291991e+00 -2.684363840968662540e+00 4.056816235312130203e+00
-8.224632317485877309e+00 -1.595502435018193887e+00 -6.526610560557233320e+00
-6.504401698534089116e-01 1.647182018607880716e+00 -3.042745102861743156e+00
-1.668328888863322135e+01 5.412725945405894912e+00 -6.705641094399850566e+00
5.406627479326796326e+00 -3.354244046164690296e+00 -2.265488802770651289e-01
1.164248281528129869e+00 6.546127452563563764e+00 -9.403331515704699273e-01
4.443475818074253070e+00 5.075188430268260831e+00 2.406641235797468248e+00
-4.586144071666583777e+00 2.688690865667187513e+00 3.367969824470867124e+00
5.383159267777085866e+00 9.250720558214403866e+00 -1.299587991880843241e+01
-1.359299914323930603e+00 -3.537306298376546199e+00 2.458779841767169128e+00
4.188454168456167359e+00 -6.085891586459438507e+00 1.482042131712154287e+01
4.672189738513368162e+00 2.429113893593985996e+00 3.020925582457957059e+00
-2.683575507875215038e+00 2.427322294877043873e+01 2.606781977746097656e+00
-5.444905047066991521e+00 -1.145182868004272214e-01 -1.391637676699593706e+00
-5.509429468402673891e+00 -2.314352240860182874e+00 4.442025517578023219e+00
-2.866542731727102833e+00 -3.211528077430275463e+00 6.049196064632172742e+00
2.912027778809183065e+00 -2.053537619320813246e+00 -8.590098199581820693e-02
-1.567229294860512745e+01 2.012522732304277895e+01 -2.835970386264879650e+01
9.729805717753647443e+00 -1.628592136452280670e+01 -3.219521314778139498e+01
-2.663919438240639703e+00 1.779509206521233233e+00 1.509443106366633591e+00
1.453345511767706100e+00 3.505356069957237253e+00 -6.804386028214382875e+00
-5.936377594057423046e+00 2.716201610120555276e+00 -1.650118226455132842e+01
-4.275901971606086427e+00 6.683638872795613750e+00 5.466402467535298015e+00
-3.586265479798009803e+00 6.196295298770136739e+00 7.581229215458018533e-01
3.148182586646135483e+00 -7.959185303566835845e-01 1.848837644965266147e+00
-6.281806599090327126e+00 -6.512384401017945024e+00 -8.317373532342944298e-01
-3.606751653051968276e+01 -2.436664069816065137e+01 -2.738951999324140729e+01
-9.273092796957918438e+00 -9.311696517441145904e-01 -9.141853972668836370e-01
-1.115370145095446652e+01 4.179539990004850658e+00 -2.955871121940937485e+00
6.022795014788943035e+01 1.992721733338224510e+01 1.930420415637599030e+00
-1.883094533825771189e+00 3.211086484831013887e+00 -6.685717497823874034e+00
-1.958494272144331472e+00 8.552573487619111958e+00 5.267255739318203567e+00
6.834486117890757884e-01 5.297190252260101317e+00 -3.056709344883577484e-01
1.624458714424169159e+01 -7.168079834291704699e+00 -1.125106406349403265e+01
-3.830835115665932600e-01 2.754114300178350128e+00 7.994492762132203723e-01
7.607154857299904904e+01 6.533373867125659729e+01 -7.343089658646663054e+01
1.429547884864696350e+01 3.059232925505067868e+01 2.115036448537864899e+01
1.040297991270455080e+00 2.154691055627151741e-01 2.618428388357381120e+00
-6.405607020374470828e+00 2.717748490436025843e+00 -7.602869705006394252e-01
3.008437745850183731e+01 -8.415664724866584123e+00 2.695982668663008397e+00
8.081491169173331102e+00 3.107562053960138293e+00 -1.269899392881845834e+00
-3.074622365285467396e+00 -4.150732771692939416e+00 1.119778360895572078e+01
2.887489630798353968e+00 -6.616770916863404572e+00 6.032201094602299696e-01
-4.201041936049420555e-01 1.258365984766065715e+01 -1.185835628558834287e+00
2.653187393400620930e+00 7.684557484242546810e-01 4.619195188287328335e+00
2.394942543422469594e+00 -1.673851516597938849e+00 3.463698071631800435e+00
7.704493302365363228e+00 -9.714607588437973007e+00 2.137533776780069505e+00
-6.639867438021922474e+00 -6.777795662883060679e+00 -5.875687169378131181e+00
5.413433904553462739e+00 -2.792723280989478418e+00 4.865186736137144807e-01
1.041242427520871772e+01 -4.245120024792741198e+00 -6.957896804441948468e+00
-1.290712553141155006e+01 -2.674617478815464011e+01 -7.630584137642054898e+00
5.521107789872782945e+00 -1.040546053847411478e+01 3.833752705591122911e+00
-3.280883429164378917e+00 -1.093617222882348194e+00 3.017834982044576453e+00
-5.548390260612907632e-01 3.414428740736846546e+00 -2.823741401001611973e+00
-6.568922858285658251e+00 6.394921061166945364e+00 3.228130717966090302e+00
-4.087403398644151586e+00 -7.102784428807902728e+00 5.372538595359012348e+00
-5.195583537221979853e+00 6.918399286536073056e+00 -3.141425416790713410e+00
2.632808719389285734e+00 2.196165311473306403e+00 1.712297964396212180e+01
-2.414959216165044165e+00 -7.197021360754038977e-01 -5.926109358295016172e+00
9.552854296016920443e+01 6.669993101755169107e+01 -1.751939554812215647e+02
-5.774460101589317773e+00 1.384622485571494188e+01 3.979046174783742007e+00
3.419964834976950474e+00 5.689402895656939130e+00 4.977323440176795621e+00
6.056236952592050748e+00 -2.817055029851654457e-01 -1.012386862494044415e+01
-6.150860316093309521e+00 -1.335907808267771202e+01 -1.499178109308010765e+00
3.869362764312788272e+01 -4.858562120121121097e+01 3.866870065586850558e+01
1.925083556254425510e+00 6.312519672711058405e+00 -6.437046129136487771e+00
-6.048328564331457297e-02 -4.900007545570239209e+00 2.656513702593196413e+00
-6.674627369638848506e+00 4.007126861426521636e+00 5.609996576690929437e+00
-3.031623284486976155e-01 -5.471740536801642740e+00 -2.470862834462405733e+00
-8.822886384386491088e+00 4.299011022622682532e+00 2.743564520660875861e+00
-6.800104464260168236e+00 -9.511295995026654015e-01 -3.707838749395985789e-01
6.368405723294322529e-01 -3.392109187677584625e+00 -2.526755493934341665e-02
1.817132726960515088e+00 -8.245482999474122110e+00 5.472512731338257552e+00
3.690737556373661299e+00 1.060932423348717180e+00 7.605443151589325268e+00
-5.440190164959882502e+00 2.356376354931801198e-01 3.359499693918612806e+00
-6.063923667382999483e+00 -5.467128952429625599e+00 -5.674364690138143708e+00
-4.850678657346532141e-01 1.081069289660598542e+01 -2.124509705846168828e+00
-2.728246368025520674e+00 -8.578153650911517047e+00 -7.053813829990270845e-01
3.312049679180105066e+00 5.915472589853457919e+00 -1.153401509759022936e+01
8.213701602762535359e+00 -4.367091094488140257e+00 -3.673048823514048156e+00
3.654188523747097239e+00 7.898471670761332497e+00 -1.052543213663130056e-01
1.012753549081278059e+01 -3.944358852929272796e+00 -3.967893419069513428e+00
1.931185668596076255e+01 1.198039004249764794e+01 2.120886808532658918e+01
3.695945233534431384e+00 -4.238779979047039070e+00 -4.332999399658237216e+00
-1.873368789631433051e+00 -6.567916543301991483e-01 -3.209983023735702989e-01
6.249634161284236100e+00 -2.305499570781162522e+00 -4.062211022673507088e+00
2.826252384705439624e+01 1.276237174316893608e+01 -1.197549556902698953e+01
-7.258776343672216136e+00 1.295415880864482716e+01 1.415945159961164102e+01
2.059450123178703240e+00 -5.816745980788554427e+00 2.842423166108840160e+00
-9.826963400180252606e+00 -7.681805992961503904e+00 -1.542448434376890443e-01
2.693023942713366203e+00 2.326967636077805768e+00 2.903173252248407721e-01
-2.334202820893165331e+00 -1.430998653445773483e+00 1.570231347788730636e+00
4.507232227226309895e+00 -2.042649784405704327e+00 5.455070721839427428e+00
-8.086421447046479583e-03 4.599669406330884946e+00 -1.172360783959175023e+01
-6.510493897705663890e+00 5.771552489041832601e+00 -1.917022087169180544e+00
4.132960485097821879e-01 1.659155352243779191e+00 -2.019885963219536507e+00
-2.711200505003696914e+00 -1.212659825488518583e+00 -8.106297011578183387e+00
-2.907680790868409204e+01 -1.716801793039656943e+01 -1.124570813897922328e+01
-3.470282433688052226e+00 -6.041181319333412958e+00 6.371225319229576023e+00
1.175652735734647614e+01 -1.462201410686244607e+01 -1.015762154894077973e+01
7.478702011595991239e-01 7.521310551726158700e+00 2.468984751338972572e+01
-2.588006541284710416e+00 1.939283491514484936e+01 4.118028497572503888e+00
-1.991753279236200047e+00 -6.752945219910323482e-01 2.887003277824077063e+00
5.497977664848674451e+00 4.155415713734405436e+00 -1.007481073352763934e+00
-1.437245777404340252e+01 -1.733083601325031609e+01 -1.928093522562527307e+00
-1.066355644299718897e+01 2.137849829905249877e+01 7.330728247852616342e+00
9.720163074297039074e+00 -1.535773984666793801e+01 3.832391822611068477e+00
1.189925931421610983e+01 -2.615411700358048819e+00 5.206021278600863944e+00
1.158203790003400346e+00 -1.350230157562306310e+01 1.094312338830480691e+01
7.432676594257934255e+00 1.601260299380010022e+00 1.112896236411909934e+00
-8.326410812424551722e+00 -1.666388517324340901e-01 -6.474664103110725044e+00
-5.832488537904480630e+00 1.188763054049382983e+00 -2.320016097769670882e+00
-1.078295969902089269e+01 -4.648271469864587502e+00 1.060998051746319559e+00
-6.635770532961196899e+00 -2.871219107890302435e+00 -1.839120956328553769e+00
7.336534433716300763e-01 1.947437471286118216e+00 -5.663078101811664489e+00
3.699398332044745441e+00 1.012748983049737461e+01 -7.209798450775462442e+00
-7.671976676542858087e+00 -1.633263245109623440e+01 -9.158905354480172178e+00
1.373415387032788182e+01 -2.038592598336288830e+01 -1.578717306126993947e+01
-3.367905971478390104e+00 6.074637416306902793e+00 -1.480151946688250453e+00
3.137844125562862185e+00 1.159958103461130374e+00 1.178570476166702186e+01
1.093693304699508984e+00 -1.934255357537129738e+00 4.768866036486958393e-01
-2.417551563341908238e+00 4.210812144205739460e-01 -5.506243084030356449e+00
8.312034910625824224e+00 1.348646544395489588e+00 2.017677988673518996e+00
2.307036627295257158e+00 9.242593832243879426e-01 -7.848533979105265956e+00
-3.367606857091983485e+00 -2.181972348928704175e+00 -7.486839858245756929e+00
1.696749564540178667e+00 -1.041157824223974515e+01 1.060473754994497675e+01
-1.365517349619322474e+01 -8.741665791958467935e+00 -3.406357754824739459e+00
-9.541001731854535706e+00 -9.607140538808144115e+00 -9.937080649197872484e-01
-8.691833737657714831e-01 1.553567010007997595e+01 1.786558558082579573e+00
1.423056334221886488e+00 -2.780738448076077507e+00 -2.750895161455801929e+00
-1.245590302524451509e+01 -3.734654680013653749e+00 1.510123477840425776e+00
-3.852563908693277916e+00 -3.372014378610308061e+00 4.900078142941456605e+00
4.966814178158697857e+00 -1.058155862868397712e+01 5.686162356457351574e-01
9.789938517110994276e-01 -3.382352056076724622e+00 -3.617826691876688372e+00
1.492378364441931948e+00 9.132062302142502475e+00 -6.983365765964868466e+00
4.185499339355947868e+00 -1.853109851575828859e+00 4.967779667748735584e+00
-2.020019298356311721e-01 1.298808166091073746e+00 -9.617916795943700636e-01
5.617434798795710726e+00 9.785120872534114334e-01 -1.003200020508944634e+00
-3.346342760924186255e+00 1.484859556858437379e+01 1.099924595291128249e+01
1.185303490943837357e+00 5.777314724391948708e+00 -4.568885229844564577e+00
1.926566543755644290e+00 -1.468862270006127346e+01 1.431805968843171506e+01
-1.750329498072888157e+01 1.087442780004668030e+01 3.495621096912292103e+01
1.075483885317389188e+01 6.426504878503226381e-01 1.212039793617429062e+01
-7.735352937188965328e+00 2.969853419818002660e+00 6.451246362904089482e-01
-5.774047753397167249e+00 -1.232292731821146070e+00 -1.723377247129234791e+00
8.317390502201858382e+00 5.271629672926756882e+00 -1.141787995811478496e+01
9.095204154528898854e+00 -1.456703474271184628e+00 2.571770442920988664e+00
-3.410565292684977767e-01 1.506842924203052103e+00 4.076868076765139293e+00
8.114598215579137630e+00 1.495784919816414593e+00 -5.305601259023601912e+00
3.552780245982918306e+00 3.171813968108944781e+00 4.283006021148060505e+00
1.674845390449652882e+01 -4.661093124488177253e+00 -1.358661314673352649e+01
2.180081280169407876e+01 -2.519887521266605646e+01 -3.057136379686870686e+00
-5.714016336809562446e+00 -1.212834195846109075e+01 -7.731959913676206497e+00
-8.936905239914296750e-01 3.442274693470423141e+00 -8.813052934896598023e-01
-6.974537921421748443e+00 -2.962435679726973969e+00 1.545493989772845467e+00
3.758466169931925283e+00 4.736419598179256951e+00 1.983883066573419285e+01
6.666918172774552787e+00 -8.492535920728071730e+00 -1.427755931013579227e+00
3.307140572796896105e+00 1.006857365185125630e+01 -2.022462908884747446e+00
4.850059425426485049e+00 -8.582580237390828870e+00 -4.273729172341486304e+00
-1.266975569873429208e+01 6.656935715864669589e+00 3.545088372384345377e+00
-9.240058776608287006e-02 -1.650151273513360550e+01 8.250387363258409046e-01
-2.231977908125875487e+00 2.134969703653831541e+00 -5.754152942749867883e+00
6.438111940736092720e+00 -5.781540723072811083e+00 -2.955108202478073931e+00
7.525243216942913982e-01 1.270411999909559952e+01 4.732811056736413668e+00
-1.062061672140085733e+00 -2.378307606915924133e+00 -3.852055726254982382e+00
3.126954928542462486e+00 -5.810276966862458536e+00 -1.251390989479543947e+01
6.903989960008379834e-01 -5.190361358448933871e+00 1.401975396477890268e+00
-6.333350747940974301e+00 -4.462703787894655605e+00 -3.928145898132340830e-01
9.693345058283018290e+00 -7.330214187839287021e+00 1.203126290564751510e+00
4.317054417687245405e+00 3.306334184000995435e+00 5.976102890871327622e-01
-5.390478635360179460e+00 -3.286088273874819832e-01 1.481500659818849597e-01
-7.207432700842328011e+00 -7.408606648398313510e+00 3.841734719679864019e-01
-2.610745539800633352e+01 -2.973023093762488145e+01 -3.418253229700279228e+00
4.076791404596067814e+00 1.039106913786088882e+01 -1.129306571816905880e+01
-3.726124688012712571e+00 -3.453319028745744035e+00 4.242064802149798197e+00
-8.270159964541519415e-02 -8.585888606524868294e+00 -3.933256328834665361e+00
1.586985002548267909e+00 5.312039863912401128e-01 1.604498576787076747e+00
3.248412032947000316e+00 1.978901637526838675e+00 -9.542604491761491614e-01
-3.227689992061028579e-01 3.410714096404901863e+00 -3.841138464113384110e+00
2.374476161305107080e+00 2.479607232336686451e+00 2.010005655183449313e+00
-5.048968713024693855e+00 -2.965396711015339637e+00 9.920945836676688501e+00
-1.498443141609070661e+00 -8.409303325428183484e+00 1.425820506750418737e+01
-1.477703582297244722e+01 1.075348101375348797e+01 1.529460915016449185e+01
1.253263421985279358e+01 -1.507232547988163240e+01 1.267073033154290940e+01
6.559791330063204917e+00 3.740401881221339320e+00 -7.418942254477452813e+00
3.063319143796239263e+00 -7.684189974275562385e+00 -4.138181411832161594e+00
-2.366641343515643481e+00 1.155351055305191643e+01 6.830922119659123659e+00
5.034373064148774723e+00 -6.311988365696437064e+00 -8.289839191866157364e+00
1.272571901870305311e+01 -3.381478213714696895e-02 3.321753226419578819e+00
1.382153321412406299e+01 1.362486988001274879e+00 -1.336254448854500865e+01
-8.257857490411543822e+00 2.236881490053166666e-01 4.798369618496332478e+00
1.397013005635777017e+00 2.246591230042518372e-01 1.129371835498536703e+00
-1.431938227486922521e+01 2.768706389287964598e+01 1.646010914242726741e+01
-2.209031598775272087e+01 7.262755660672569613e-01 1.710715625570066578e+01
-3.835608556445389006e+00 3.328508123356924031e+00 -3.659997609801326490e+00
9.825508525803780535e-02 -1.585363548383917021e+00 -2.169288733195693819e+00
2.299831853996013464e+01 -1.150990096497193171e+01 8.270662209718709690e+00
-1.368005592665427983e+00 6.650224815273261036e+00 -5.857363146282767552e+00
1.246014933139675840e+01 -1.134604160466587963e+01 -4.129524445973326019e-01
-1.499416771769254586e+00 9.235024114275674378e+00 7.930343354975613601e-02
-1.153820295987295630e+01 5.875858257291042719e+00 -5.259033861951140310e+00
-2.476324163784397125e+00 5.093392591346256104e+00 -1.073823700396254743e+01
-5.449105417024859843e-01 -7.734795710727294882e+00 -6.698136990980838590e+00
3.609440908308241713e+00 -1.227025545684787389e+00 3.077234621824374905e+00
1.963278543681536092e+00 9.707624734153887935e-01 3.968956956696838123e+00
-7.370427041256979450e+00 -6.332710288847863467e+00 1.136353354142854677e+01
7.462353477777072364e+00 3.204987086634861537e+00 -4.209714183875103544e+00
2.554782056728227246e+01 1.133953250429437531e+01 2.509143387494297173e+01
3.240787471672255560e+00 1.959973785034976990e+00 3.302873194095492515e+00
3.087537028467792410e+01 1.157245577148601612e+01 -4.748616541279814918e+00
1.281691227283816303e+01 -2.876736394389360463e+00 -7.016238021040371864e-01
-4.141749602907925265e+00 -5.969778078482426587e+00 -8.207128564732386167e+00
3.086878409328725592e+00 6.640010493769388233e+00 6.732878809514561413e-02
4.340948581578498278e+00 6.155795118087209694e+00 4.026333625847685838e+00
2.028895059195844119e+00 -2.189119639049713850e+00 -5.913605866425758251e+00
-5.305631486621192217e+00 -1.432666690050444736e+01 -1.757580808505979419e+01
-1.156679616474400163e+01 6.606255038391125822e+00 1.120868623928177676e+01
8.204231457075197298e+00 6.371402041811559336e+00 -8.640533770353849619e+00
4.712775344963130664e+00 -4.632420448271916680e-01 8.631170663625184147e+00
-1.746744911218603979e+00 -5.514146242804661702e-01 -8.627716127613960229e-02
-6.293771297422244837e-01 5.313678131039952790e-01 1.248140384892906773e+01
1.329900296382005997e+01 1.527002537763464218e+01 2.052419631457604865e+01
1.947650975360475556e+01 4.982920467357690342e+01 -1.559546684194512034e+00
-3.921096666109497875e+01 3.967804732116233080e+00 -8.382528758964177484e+00
1.024016230034986741e+01 4.361705868715430312e-01 -2.049005225059567614e+00
-4.465170372711947167e+00 -4.385286864553687991e+00 4.985851623412064448e+00
-1.086287493509956681e+00 -1.306395440488134518e+01 -4.779087808751473765e-01
-5.005403886186085671e+00 1.958737404357756784e+00 -2.225343753053015128e-01
-9.163096903632969026e-01 9.857233916224240389e+00 -2.341894911469930118e+00
6.334240455575478990e+00 -5.122265807663767490e+00 5.001480410210544569e+00
3.811576765519023025e-01 8.206911143250866791e-01 -2.033498331305633400e+00
-2.635545974407995207e+00 -1.269661315283137637e-01 9.374506372457714676e+00
-5.578354037540533383e+00 -9.062791575766482310e+00 2.542718544825355309e+00
-3.127642434939420291e+00 3.042084114014495455e+01 4.507062672035918816e+00
6.722698316993821699e+00 -2.638142260411947326e+00 -9.403980832124096523e+00
2.372796686311949621e+00 -3.322480751778732699e+00 8.353787162134837629e+00
-1.877886999064857010e+00 2.613393798648341537e+00 -1.969329029576130985e+00
-6.816795191185927028e-01 -3.152940364900461923e+00 5.005277231847807151e+00
-3.674197296999866413e+00 5.714560450154699822e+00 7.818957766520544972e+00
5.706117414033659685e+00 1.100042961570294331e+01 -1.351960070871894182e+00
-4.348265915990753072e+00 -7.985167699500709482e+00 2.710198865749297026e-01
-3.408190318339265001e+00 9.675460495330313881e-02 -4.041419630972950650e+00
1.057733191597014510e+01 7.025422245123273512e+00 -4.431468765480504501e+00
1.981562798780912260e+01 -1.338707898024866338e+01 2.424574198622927668e+01
5.558780767050938820e+00 -2.160890851025047521e+00 6.595904987393741425e-01
5.992560465934501934e+01 3.754869462905924848e+01 2.680362957424691217e+01
-1.647181026739023224e+00 -7.785369428314716345e+00 -3.328207863745308526e+00
1.152756068603586215e+01 1.251278235356432766e+01 1.139821561270774453e+01
7.135224750547008554e+00 -2.060377652830862516e+01 -1.560211246346739600e+01
-5.560482771870171703e+00 3.608373876388279111e+00 -2.448674448958708894e+00
2.013203484782008346e+01 1.309771159374309102e+00 1.259870038258166502e+01
2.510568652586573801e+00 -4.967821090818619112e+00 2.469181835590392726e+00
-3.637167145943996704e+00 8.161547041467193120e-01 7.754834722626549492e+00
-7.432315791953573836e+00 -1.255313300369676277e+01 2.481687266886098975e-01
2.431759047283038822e+00 -5.423344306696945338e+00 8.760118031262056348e+00
5.583913624005189646e+00 8.090403857729217663e+00 4.256357571130719997e+00
-3.314028470598928244e+00 9.075063319038248366e+00 -1.512469211680031478e+01
4.727959519912862341e+00 -6.894500576113125945e+00 3.688127216818326559e+00
-5.075784598157865091e+00 -2.757559169731552906e+00 3.116248452014283021e+00
-3.745023018015161576e+00 -7.058789660635687468e+00 -6.868326524830300706e+00
2.070351609738649401e+00 -1.498283461899376778e+00 -1.429992342895824819e+01
-7.995767514439545032e+00 9.146712671373932180e-01 2.932769529658080243e-01
2.183466124243554074e-01 3.132048670339276253e+00 3.015263309156064331e+00
3.204684678773399042e+01 -2.670251290309952008e+00 7.998412277322055175e+00
2.500229576976418233e+00 3.124653952536496360e-01 5.401609922726316348e+00
-1.208157236488878405e+00 1.390732510873618599e+00 -8.818343360511363471e+00
-3.533777197896216027e+00 -6.515838354494019047e-01 -1.410413993895533735e-01
-1.095474931046212497e+01 -1.518544299458743296e+01 -2.557442106058645415e+00
2.644200479641345325e+01 -1.583447283784451720e+01 1.707184552751114381e+01
-7.132593433037821562e+00 1.510937858274640000e+01 9.306761547284862601e+00
4.987587864884582167e+00 -2.728002574569533323e+00 3.137361543461581803e+00
-1.068383166210670865e+00 9.571802197741844154e+00 -5.177572990744665482e+00
1.366312079013868264e+01 -9.482781706574467506e+00 3.320341383045342099e+01
6.223587335003299081e+00 -1.314913518778053891e+01 -1.700388398725575456e+01
1.271751161601744506e+01 8.151237733349016024e-01 1.878751825774734652e+00
5.748637732672227330e+00 -8.975621475582178377e+00 -7.455407698058005295e+00
-3.819174160916449789e-01 -4.231226311270730456e+00 -1.208450120796994476e+01
2.604685342714270746e+01 -1.722071379372779631e+01 9.552825056523606140e-01
5.590032009375652811e-01 1.777261851406586990e+00 -3.952903297616815248e+00
-1.951075691036594861e+01 -3.845928355569543378e+00 3.575770945096954923e-01
-1.007074210378259060e+01 -2.737381303176653180e+00 3.513236942559015574e+01
-1.610565838750219214e+01 -1.340921062621194926e+00 6.030610620595767912e+00
7.705591825567494890e-01 5.613951353106093833e+00 1.038988728900576497e+01
-3.488125239800991650e+00 5.892518546638362054e+00 2.695187276478264060e+00
5.512942502132671230e+00 -1.683575009240488640e+00 1.235151660623549752e+00
-7.809570151368460778e+00 4.394254270488588077e+01 1.460801178220483010e+01
2.176853670178295896e+00 2.817215318435824845e+00 2.479366051703990159e+00
-1.720186973507201955e+00 4.779825426972355018e+00 3.561884440624964121e+00
1.610839848468751967e+01 -2.322707100189585105e+01 3.043083044175125096e+01
-9.617280434651828358e+00 3.169767839522812825e+00 -1.537110786639737325e+00
-6.432368305301132239e+00 -3.951853709588209362e+00 -7.238595959199269902e-01
-7.705361077112555357e+00 9.406003769595060460e-01 7.868107611898564002e+00
-3.876461497829589575e+01 -1.468417172149571925e+01 -1.011859620757020828e+01
-4.811722941190372360e+00 3.127614885690842339e+00 1.132433480882025911e+01
1.097232903288585915e+00 6.878664891727889419e+00 8.467003683132245939e-01
9.455029634387262405e+00 -1.363568031557346405e+00 1.167806781337749911e+01
-2.584780915534597323e+00 -4.063369172093498349e+00 2.724342533516697529e+00
1.044550738650250610e+00 3.429377052602838649e+00 1.495861560786446498e+00
-8.707482074012141693e-01 1.654774497760301832e+00 -2.023977610340326194e+00
1.565040100098370246e+00 -1.829059441048140056e-01 -2.981208008791689235e+00
-9.964512550696111859e+00 -3.855035109935962101e+00 -4.428783243851803775e+00
5.591004324281906968e+00 -3.588373458817304407e+00 2.524794450999667261e-01
-3.658091429998129751e+00 3.076267032736796914e+00 6.059250339306957223e+00
3.991072267044478483e+00 4.229343938776636946e+00 -8.629114883647730494e-01
1.131986041750424610e+00 1.096793995815305323e+01 -3.527622452799338504e+00
6.004564973262382033e+00 -1.352531299241140239e+01 -9.214992923127455215e-01
1.947451236596097424e+00 1.460186462499158067e+00 -8.813955749684732055e+00
1.732962674777518419e+00 -1.152525445793258330e+00 3.310564509903413111e+00
-5.342973657203471394e-01 3.882664404736368535e+00 1.370921871813723103e-01
4.450616498484281536e+00 -3.975791340264775098e+00 -2.108217800408116738e-01
-2.953654399131683927e+00 2.152111259513927788e+00 2.120194884671463775e+00
-9.066786463071064617e+00 -6.627430830533592498e+00 7.072983578496019774e+00
-1.681452260562562140e+00 3.966932088730450889e+00 -4.498459858427423796e+00
-4.403064995233648027e+00 3.918124621350150161e+00 3.349332823045804819e+00
-8.443107845625986485e+00 1.001983700309792447e+01 -7.942284660378269301e+00
1.178958188670415197e+01 -1.615890332924272244e+01 3.940440100055699446e+00
-1.549813206103592833e+01 -1.553374021302194485e+00 4.212487996173096327e+00
-1.837436906772401812e+01 -2.603629201011348471e+01 1.789656449520784420e+01
1.301128760300251130e+01 -2.286092470013479172e+01 -9.606560705537615874e+00
-2.058434842946490040e+00 -3.224442969414347271e+00 5.769481163559028403e+00
-3.463369219274287758e+01 -1.873991320617628986e+01 2.212128149714200021e+01
4.634553858263621429e+00 -4.721215784591287878e+00 5.062838209305284387e+00
5.270855179684494018e+00 -2.014745034142085167e+00 -3.016051373951062153e+00
-4.436984047878199666e-01 3.885545685732328725e+00 1.720665451339489671e+00
-1.612902012931995699e-01 -2.124261993273024007e+00 -2.954039006524037170e+00
8.874294491190726220e+00 -1.004232056578407573e+01 1.199351777665575436e-01
1.629608922123442882e+00 4.024123554417392512e+01 -2.994679452705285172e+01
1.047668735688731623e+01 -8.019188378682157392e+00 2.447799553542253648e+00
4.725551099130935739e+00 -1.939750333254970727e+01 -1.603462368659688408e+01
-4.295583884420286047e+00 5.752031682847764671e+00 -1.569786292147716722e+01
5.155527033406698934e+00 2.113749554204272130e+00 3.435935138968311264e+00
8.607032112844455796e+00 -6.603382507709718574e+00 -4.843738500266418612e+00
-1.244806421415522024e+01 -1.060323938276681588e+01 1.007570593194798292e+01
1.479904643881386761e+01 -1.684553014267892834e+01 -6.634137394644045393e+00
-6.859322214263876560e+00 -1.383077980459603751e+01 1.765328337910235357e+00
3.406457175812543703e+00 2.155248409038767132e+00 1.364445012553227876e+01
-4.166146082088626912e+00 3.191553065910096021e-01 6.708259357422574176e+00
1.705704291939479367e+00 -8.799453845034911126e+00 -2.511628298449685159e-01
-5.113076902759441822e+00 -3.118622085821316503e-01 1.866034562580561051e-01
-1.616588845145633968e+01 3.036748073862041708e-01 -9.152746353725556006e+00
-4.328628088697910492e+00 -5.783800439546543437e+00 -4.850449583041900325e+00
2.373249262888399436e+00 -3.362883232655198729e+00 -1.864973743268608652e+00
-8.770715569394715416e+00 1.607519137432462941e-01 2.302110105693337960e-01
2.751147242981097030e+00 3.702042529812513916e+00 -6.770867141088090513e+00
3.251920337837981734e+00 -7.365128776994521509e+00 -1.485162808229966602e+00
-4.401934445995133949e+00 -2.025537054185565289e+00 -3.676490449274127048e+00
-8.665249448574779478e+01 -6.438297922516972527e+00 -1.481543890103706129e+00
1.708307680200185175e+01 7.696413164827810682e+00 9.271949403839601089e+00
-4.329154085884369785e+00 -4.696035833914983471e+00 -8.668213364184487180e-01
8.339189457512334869e+00 -5.249840403757533025e+00 -3.347332331797510108e-01
1.691411742890607250e-01 -2.954952902502088752e-01 -8.301977427231739259e-01
1.363073440958280358e+01 -1.584859884725045243e+00 9.830726393851115574e+00
1.477315329554364887e+01 6.549348649937954292e+01 -7.958723252242232604e+01
2.003537654431553072e+00 9.636112910489523509e-02 1.441918628558122029e+00
-1.559723329375747802e+01 3.720475865051282582e+00 -4.216879048318450174e+00
1.038216257177062829e+01 -2.838928258858327780e+00 -1.354113999797805867e+01
1.273145741190826907e+00 -4.801877040304538546e+00 6.761282292268933070e-01
-3.249377680993478901e+00 1.741279255127154757e+00 -1.519396761894203784e+01
-7.821547035200267395e+00 -1.152658929909412144e+01 1.149610272434147973e+01
2.505680008063846032e+01 9.952881261611167929e+00 6.285811576077706775e+01
1.121501972987161011e+01 2.340178203529389656e+00 -3.060624694071579555e+00
2.654123585734515789e+00 1.245605536209145825e+00 1.051589626532447497e+01
-1.933299682119395735e+00 -3.514812159949432413e+00 -7.823846373988834202e+00
7.035689000065299403e-01 -6.646542175434916322e-01 3.340568023570989808e+00
9.162062902337924086e+00 2.622587510683604517e+00 1.124362351925761061e+01
2.745713526337458177e+01 -7.791614675790502487e-01 -1.794028136596328693e+01
1.330003114175558165e+00 2.069090368777172984e+01 -1.823736870100547591e+01
1.234201871148164376e+00 -1.171622526823285781e+01 3.745475232046234559e+00
2.830523065792898763e+01 -4.332629112984439423e+00 -1.442585186494143379e+01
-1.567104221223539762e-01 -2.622329621237426966e+00 -7.087295537591212558e+00
-4.289335323431960667e+00 1.282807331346707080e+01 -1.045547442325201004e+01
-1.634438705659652769e+01 -8.902000628633420121e+00 1.382371999011950869e+01
-3.131845364416424804e+00 9.712810890713221568e+00 -9.014186064296694223e-01
6.900565992634660084e+00 1.351457823232736288e+01 -2.674938460300259280e+01
-9.314263038999179400e+00 -1.347135358765053326e+01 1.403047643262688826e+00
8.534987055418119084e+00 -3.135110919666353357e+00 8.700806511259505882e+00
-1.132231686851983987e+01 2.423594869402928342e+00 3.877336909412130606e+00
-2.297636056218523570e-01 6.968023954159663802e+00 -4.891806637575646377e+00
-1.054213037023388466e+01 -5.210736389618801034e+00 1.664311933598906990e+01
7.075845529161765235e+00 4.267148584178885429e+00 8.971760216219449191e+00
-9.147851334420026959e+00 -4.078592266994293425e+01 2.755621115414817801e+00
-5.598728171200653136e-01 8.608326387579546823e-01 -5.396936671100099892e-02
4.194537686719794323e+00 1.181379345555465221e+01 1.194407906362545457e+00
1.060719406349173788e+01 -1.496238730344444656e+00 1.342432038086005086e+01
2.883614356556265523e+00 1.759763844786460529e+00 -1.016195261078707279e+00
-2.749537472379686154e+00 4.489095254312241434e-01 -5.496424966384867439e+00
6.483030713490491870e+00 9.344015108511574130e-01 -1.217930529987788946e+00
-1.584690594713944911e+00 2.340405954366528096e+00 -2.619955225905893137e+00
2.794973654493284609e+00 -5.032035274124960544e+00 -2.626505259758842303e+00
1.148469015120769221e+01 -2.046617970978445111e+00 2.853292177357408477e+00
-1.319450016139328241e+01 2.523616458303983734e+00 6.467169309956089407e+00
-7.584003049475969149e-01 9.815668667123768343e-02 -2.555117967535919465e+00
1.468085803666663303e+00 9.044047768891395833e+00 8.854059118620680735e+00
7.063664529936861669e+00 4.908848126688447167e+00 -4.156445576600635405e+00
-1.260348814336075662e+01 -1.380645067301012041e+01 -3.645165828918422779e+00
-2.320233298292586621e+00 -2.915103676960194790e+00 -4.956271641973443387e+00
8.284668010016536854e+00 1.552651077121455891e+01 3.306683399744709373e+00
-3.282676987803409663e+00 8.367591346745580916e-01 -5.278956883311767267e-01
4.008099454746976598e+00 -1.057187527601346133e+01 3.258245209465141734e+00
8.464830521831753884e+00 6.715456298327958651e-01 1.781742752370113037e+00
4.224763535693409011e+00 4.300761889610154043e+00 -1.300861330705179775e+01
2.482159083809250266e-02 4.862556481716747925e+00 8.024327465296450523e-02
-7.656562608423343796e+00 1.889172158583502625e+00 5.549310673010309891e+00
1.013934782548215896e+00 -3.593483672250556982e+00 3.382785314864336979e+00
-1.016195778473444733e+01 -6.076373452037803879e+00 1.246113604584536283e+01
-1.667390604789631414e+00 1.595882756143913950e+00 -3.353543495536210006e+00
-1.091179117890657579e+00 -1.659728271253545984e+01 -8.145286485934354559e+00
-1.736887981014328375e+01 5.438795958144436504e+00 -1.623449535192097670e+01
2.854532047768077341e+00 -4.212660157176191689e+00 -9.903096809101912257e+00
-3.279031515245906636e+00 -1.435281937955708464e+00 8.100046165103773621e-01
-7.926136148999469722e-01 1.206055798820434610e+01 -2.333035623362573929e+01
1.408583604145243484e+01 -1.331060697442643770e+00 3.657985038529431021e-01
-2.219573818231066031e+00 5.397036075171057767e+00 -2.731232691049349626e+00
1.262822359997722299e-01 -2.861033651477543849e+00 -1.603277405520722620e+00
1.121410831722622703e+01 -2.010997606862392928e+01 1.625294361375000107e-01
-4.724981445866048624e+00 -7.794285885638686295e+00 -2.161741568187508733e+00
-8.168408095055738727e+00 -5.857752126341904120e-01 6.740406731771697579e+00
3.627888236014383150e+00 8.955275481605131205e+00 6.298589362753848064e+00
1.311922975550483450e+01 -1.532538413200161820e+01 1.025756694882705133e+01
-1.363476388877449708e+00 1.416314105616433006e+00 -2.132363452674529647e+00
1.914445367511959095e-01 9.055305352915329564e+00 -1.413988468885246697e+01
-4.340129307880639331e+00 -3.292737387269229821e+00 -8.930824281321761760e+00
6.846832447384759490e+00 -4.545647534633204145e+00 5.737976609843474129e+00
-4.470213403246310335e+00 1.876091860322829152e+00 -9.861585769738326901e-01
7.859359586222193883e+00 1.312589455071861755e+00 -3.760076355231590228e-01
-5.023784908708608832e+00 1.012327354952085479e+00 -2.485223628668840543e-02
1.030998537120149194e+01 -2.084922419865054888e+00 4.412917617779268831e+00
-7.512086991109745426e+00 2.994385527060464902e+00 -7.175566054362303881e+00
-4.038454164062243557e+00 -1.546632224252579402e+00 1.857810084208236234e-01
-1.177255480211054284e+01 9.025314955798016570e+00 -1.309169443142080524e+01
1.883231648025801785e+00 -2.917065186937825771e+01 1.413349552716648994e+01
-6.401005472739980107e-01 2.432224699630939568e+00 2.207697885522141024e-01
-1.113352155624100348e+01 -9.176681827138812864e+00 -9.397688667242162452e+00
1.711182679278992147e+00 8.010630350527931043e+00 -3.719550156793851148e+00
-5.276390056590932076e+00 6.073906333395749924e-01 2.259879157512866499e+00
-1.124944012057635501e+00 -9.598218294685000984e+00 -7.965460850346686605e+00
-4.913471248564749594e+00 -9.038025286588844409e+00 5.096375830704922727e+00
-7.990072311221886103e+00 6.844290947547362336e+00 -7.521785747434202918e+00
1.886831221286999849e+01 -7.253570336322495926e+00 1.033940818729495881e+01
-7.114736732157297183e+00 2.692866836984879164e+00 3.265049687657695099e-01
3.525837830786536120e+00 -2.807146595908207587e+00 -2.828408022261482913e+00
-2.319176048779954158e+01 -3.082041775826992946e+01 -7.065804469197586002e+01
1.573942226433962865e+00 1.080913783995099520e+00 5.733657614411589165e+00
4.183109562380766278e+01 -5.637269273977109663e+01 2.024883408809922116e+02
-3.146712442800852472e+01 -2.903465856979717330e+01 1.741407686385600329e+01
8.505995308783098618e-01 -4.900193349204375437e+00 2.074709292508251313e+00
2.932907776658345345e+00 -5.463317883364960714e+00 -3.669066980053177218e+00
-1.082431088874205294e+01 1.284806351970376248e+01 -2.666404354348891559e+01
6.344582450552239017e+00 1.879676874676212694e-01 -1.101487022636068680e+01
5.344623146529050572e+00 -1.546821936170407419e+01 -9.244769062499614165e+00
4.013636009678207550e+00 -9.340333420930315711e+00 4.898802766861569680e+00
-6.884992321267715987e+00 3.529138795113198945e+00 -1.967524432576722049e+00
7.127984248001219214e+00 2.577014646969345346e+00 -5.592545985799238784e-01
-4.291765724154186223e+00 -5.858863969827231566e-01 -5.954180019637637322e+00
-5.708396480699746256e+00 1.636254239394198251e+01 1.928087095540538698e+01
-1.739169327178975877e+01 1.062087917934501213e+01 -8.946645916079305039e+00
-9.227602709137048276e-01 -2.131335151890541457e+00 1.023842937330895531e+01
-5.215373609372116803e+00 -3.032579249964356016e+00 -1.271395718477028858e+01
-6.704107558904987663e+00 6.230403748290154198e-01 2.867831902440905800e+00
-3.378411137521504237e+00 5.811793957230592333e+00 7.905984584818838812e+00
6.042737016339622791e+00 -8.104467078018383619e-01 2.039454340951111444e+00
-1.899418052354047148e+01 -6.172362741884112936e+00 2.748261823371582202e-01
-1.312920710365638621e+00 -2.089763086123982205e+00 -6.959551690335212371e+00
1.201190404702482262e+01 2.383198533812093345e+01 4.054000119532045865e+00
5.708817186257689968e+00 -2.855677902389174516e+00 1.817500535977356391e+00
1.215419993736913717e+01 1.466086682291875753e+01 1.657123945513280683e+00
1.285353176007500231e+01 -3.050370102263840977e+00 -2.275536042676283444e+01
-1.192267770374528979e+01 9.928958488222189516e+00 2.540945304541673444e+00
-5.811132901044941956e-01 -4.830165254266788999e+00 -7.101489063269405655e+00
-1.561571541876054958e+00 -1.687094620469536288e+00 -1.000355100249710816e+01
-1.695707261743570626e+01 -1.175827801712296505e+01 -2.622060204527970839e+01
-1.460271730131559487e+01 -1.025826306505670615e+01 -4.069718473222655675e+00
-5.478681389148826852e+00 -1.298265268473281608e+01 6.202909958557556447e-01
-3.957334346454115970e+00 9.518224181450497312e+00 2.825225923711382148e+00
-5.386131337362644267e+00 6.852721212996812028e+00 3.447698503841519546e+00
-6.259682264063816115e-01 1.715290573744953750e+00 -5.031208059065868987e+00
-3.484499672046986074e+00 1.590433136154959737e+00 -5.872255656935794654e+00
7.895551261174988511e+00 -6.189611603426866893e+00 -1.959898157475409519e+00
-2.839236452153668822e+00 7.565747999977926241e+00 2.166240979500934749e+00
5.558947242016071266e-01 -2.992409282902372958e+00 -1.057215269471638713e-01
-2.520859974464606879e+01 7.893958893031833846e+00 -1.746691626441663203e+01
-7.500774989190276187e+00 -8.295446313374034375e+00 8.655574864182508321e+00
6.530563564846392666e+00 1.450656834237519455e+01 7.299875833902935263e+00
5.606700381209162920e+00 -2.469623819452647240e+01 -3.150870794731257973e+00
2.588761240861395763e+01 -2.742463817339511056e+00 3.742716237574096994e+01
-4.004693600026778100e+00 -6.452073922837834097e+00 2.654138662204281296e+00
3.038775596771827736e+00 -1.760930418001925624e+00 -2.822889922488665437e+00
3.861277512854602190e+00 -7.295487556008739105e+00 -6.279483387708419961e-01
-1.861964959597235625e+00 8.015887718567881848e+00 -9.735139946117444154e+00
-6.756813099522270605e+00 1.955289397654923267e+00 7.693077145523003146e+00
-8.602082652359952064e+00 2.059520968970163679e+01 -4.352898765521598534e+01
2.491451953709737932e+00 -5.487388615363216759e-01 3.365168495430642115e-01
6.522702553525580038e-01 1.515869528456835091e+01 1.343424143251015579e+01
1.503422231814759336e+01 2.169866731220428946e+01 -1.036928090116133916e+01
3.125889486893728364e+00 2.507474966130731175e+00 -2.010836102032760309e+01
7.773077881823818203e+00 -4.255664636248918775e+00 2.544490118907416498e+00
-1.450469508825549703e+01 -8.552869315048377885e+00 -7.171543583651919462e+00
2.293228991709918674e+00 -9.312351041421816689e+00 -7.640562698001812869e+00
2.798154121579680798e+00 8.448855055789568080e-01 5.424093029523405107e+00
-2.260974808402834491e+00 -7.347798293679967951e-01 -7.552187274467787148e+00
-1.303096584123542456e+01 4.548686010374341393e+00 -3.013463651924837450e+00
3.523505090734874301e+01 -7.336276898183810147e+01 -1.009127848528793692e+02
2.947766336191755543e-01 -2.339039561400655831e+00 8.118060199813255107e-01
-1.016366677969147645e+02 1.179035702663827720e+02 -1.675690733443009961e+01
-1.300873005109371761e+01 -3.291996755538465269e+00 -6.076485391612811426e+00
-8.726049890352532756e+00 -3.047975403267509709e+00 3.675023430172183581e+00
6.803646880629878879e+00 -1.074893828143219388e+01 1.526379244381133926e+00
2.950437103264953720e+01 6.072183003570393822e+01 1.013819763178527111e+01
-1.103508759290329522e+01 8.177454822909787424e+00 6.476018831915876461e+00
-8.372540607801097323e+00 1.136264618928929160e+00 -5.843210691168179705e-02
-1.581087868523887963e+01 1.443378160596775928e+00 1.327849734117560487e+01
4.162157443958105496e+00 -2.838902227707564396e+00 1.319029141640940850e+01
6.166479274893212903e+00 -2.209571853693973686e+00 -3.673916294649407721e+00
-4.188566698765384899e+00 -5.724119711084877160e+00 -6.837991665416159215e+00
3.056970463949223310e-02 1.804962241539617152e+00 -6.394490293980697793e+00
-4.417464369109747602e-01 4.202508267120698138e-01 2.230104156553780026e+00
-2.480195782797847137e+00 1.131190548952361485e+00 -4.488234472111110485e+00
2.688345362588458798e+00 2.558623826032479620e+00 -1.685918391919088544e+00
1.596627097545310647e+01 1.066398589869150726e+01 1.019714622137788140e+01
4.600633191826987378e+00 -3.584156628681202506e+01 2.940806653566067297e+01
-6.260921272623551914e-01 -1.015933210386628094e+00 4.326699331627130718e-01
3.195136375899717507e+01 5.948913846829704255e+00 -2.168866067803325848e+01
-1.147749603310322009e+01 1.035839406892321257e+01 1.440655949072223763e+01
-6.599967394001641230e-01 4.925586687935764374e+00 4.421831308215684153e+00
-1.223026011517148426e+01 -1.824205013680834853e+01 -8.065777267442878484e-01
-1.289399446981452790e+01 6.718383331963037719e+00 1.297969991314292582e+00
7.565732028239480655e+00 1.865818582904798717e+01 2.211473235599058729e+00
-2.908187725533495183e+01 -8.166228781422954497e-02 2.013760344777183420e+01
-2.009160216849761316e+00 -4.094519005857904403e+00 4.961609661029602769e+00
8.181433240965569453e+00 7.354408002026070257e+00 -1.950698367465468541e+00
-5.062558244186311285e+00 -4.949843349999316189e+00 -4.753031863959860104e+00
5.788739035884875150e+00 -1.277225102558561431e+01 5.483083917789332240e+00
2.090078197913745328e-01 2.091500618704179026e-01 -7.711141198890883786e+00
8.673292334020640482e+00 4.744149405081008553e+01 -2.291826923347637646e+01
1.475955953409067156e+01 -1.198640820667652740e+01 6.910374302988185669e+00
-7.491639972624899002e+00 1.086177035635113519e+01 3.119956557337193903e+00
5.849545878842550728e+00 -1.415020126186069938e+01 -4.102277869126617738e+00
8.611527233306824902e-01 -2.019167659083252353e+00 5.291337929427860409e+00
1.408686497519256520e+01 7.834042614640929214e-01 -7.885478727086993045e-01
3.806275688724706008e+00 -1.414468920492107529e+01 -3.068209208990402281e-01
-1.683493913019317167e+00 6.219414824160822697e+00 -3.876903213687715510e+00
-1.791031159923354465e+01 -4.625114175218952184e+00 9.105339327492172785e+00
-2.331601024861229732e+01 -4.250820892693141673e+01 -1.259592446608399285e+01
1.268661611121253863e+00 -1.862691937556270050e+00 -8.632945441483764526e+00
5.153429897820007710e+00 -1.242198947634281403e+00 2.057355052061185674e+01
-9.316333216235099357e+00 5.990823098505989819e+00 -1.179578216480382125e+01
1.544392024405851105e+00 1.107799255696713336e+00 -3.723549440652337505e+00
-6.415624995658961716e+00 -8.870842295824422408e+00 4.624406940139898836e+00
9.522828063402867471e+00 -1.582256083519948930e+01 6.057790906666601138e+00
-3.872244260697790263e+00 1.521674819929239391e+02 -5.162268926090033716e+01
5.592915025526207451e+00 1.458804795141034116e+00 -1.671098446367708590e+01
-2.462699130822922022e+00 -1.763461514810000519e-01 -2.234213097822117966e+00
2.444863898507110722e+00 1.057562645169305604e+01 -5.881078051229364334e+00
1.936314686691148879e+01 -1.045003559269727411e+01 -1.219416616393018460e+00
6.698710210157170497e-01 7.837242721438330229e+00 -1.530368018124139695e+01
-5.405342565258999699e+00 1.088100813344968776e+00 2.263545571096493791e+00
3.096216512534311072e+00 -1.019995093235592876e+01 2.161511902309267441e+01
-2.662774537731169744e+01 -2.670008725902599522e-01 -3.773729819430612920e-01
-1.412116055308884377e+01 -2.147726002462255479e-01 -4.090257843192294018e+00
-1.403622023738718250e+00 -5.216550580664486070e+00 -1.500684699783344911e+01
4.042255659293095604e+00 -8.293286058707744601e+00 4.219618817606654027e+00
-7.474256672205326524e+00 5.272587278704517821e+00 1.651707092575980340e+01
1.108365108799820975e+00 5.097590546952161183e+00 3.318118947107319361e+00
-2.787670697793794616e+00 -3.273765880453460397e+00 -7.645750458304644503e+00
-1.159250954633527453e+00 -3.361339743768116062e+00 4.978428345603150618e+00
-2.541751815828930816e+01 2.699648787395510041e+01 -1.764326038687075382e+01
1.268058823138453750e+00 -1.813639215500259194e+00 3.423578420452034532e+00
4.574772592005730054e+00 1.740069558477307510e+01 1.435688347641995399e+01
-8.002134071466665555e-01 -1.421153298975070256e-01 -1.950247378155553157e+00
2.282412906946951203e+00 -3.880511335160894859e+00 -8.826687241831484343e+00
-1.001769724988726828e+01 -2.611459477543151220e+00 -7.290060246791425058e+00
5.383531877912403729e+00 5.090195222197350766e+00 -9.618885774689973189e+00
3.417500679822937037e+00 -2.801333136355836029e+00 3.018532959686647921e+00
-5.434819977732989749e+00 -3.788374016330237626e-01 -1.183623868893867392e+00
-1.040099019290365856e+00 5.100018939785011973e+00 -6.843227445653456087e+00
6.145625043118107200e+00 7.751664743652614042e+00 -3.156901896038897348e+01
4.049461814009181815e+00 7.831955043956912554e+00 1.060803657326132488e+01
-8.003514450799748658e+00 -8.127817853814616952e-03 -1.729686934874369308e-01
-3.614786789739092399e+00 -1.163064793949876163e+00 9.318112253731506200e+00
-6.064917028012114741e+00 -1.162809478701554156e+01 -2.832140589552865517e+00
5.799246630120855062e-02 -9.190465307557925456e+00 -1.144298054193853970e-01
-4.031249430106497833e+00 -4.809981848146711592e+00 1.615041824671006765e+01
-2.143334934592775021e+00 -1.035284993678340149e+00 4.345386661406768880e+00
2.562457276147961927e-01 2.613259567358443114e+00 3.651723797356954404e-01
-4.031286842076539756e+00 -1.343097421317086537e+00 -3.830013521597447568e+00
1.629995014944569665e+00 1.038204590084436107e+00 -4.643328705434852210e+00
-5.627545789668805254e-01 1.340616559641061079e+00 2.334823594781274547e+00
-1.175893736091453867e+01 -1.498093295804076241e+00 3.777185349717177232e+00
6.786301756970025245e+00 -8.467076120905074887e+00 -1.299276457977686761e+01
-5.150885410407570753e+00 -5.385022147013259541e+00 1.738216924520410211e+00
4.479459914062364767e-01 -3.565403424818023748e+00 -3.265409996077001331e+00
-5.635248951998434563e+00 7.297695210152181922e+00 1.043310934893027841e+01
1.245076088657187618e+01 3.085029586616841346e+00 -2.129232269242609554e+00
1.877663577312212118e+00 3.531140038598075126e+00 2.892637947034593093e+00
-1.396981582235439490e+01 3.556668904040524382e+00 3.580811518365062618e+00
1.923283978914209991e+00 -2.443539562306209945e+00 6.075563381804461649e+00
9.906903883108147957e-01 5.218443287132568109e-02 -2.087800199860935901e+00
-8.609518300807780022e+00 -7.504287997055605786e+00 -2.140461374788345861e+00
1.382239291397977254e+01 1.388824166623519396e+01 2.024509746681966860e+01
-6.577099951646439457e+00 1.258736875192220950e+01 -7.282013183532383138e+00
4.770707724971083863e+00 4.892039888878938925e+00 3.424207717172063514e+00
9.265377812439976424e+01 3.841022415031004300e+01 -1.230551715283131342e+00
-5.470188736502160864e+00 -2.655354256749557162e+00 1.442938842913427333e+00
-8.673937283984560764e-01 -1.762420850337323985e+00 4.257526101575879740e-01
4.258623335512518082e+01 2.182083508368835822e+01 2.951815031593045546e+01
-6.885907215274483795e-01 -6.787589789172133514e+00 3.323859543979212905e+00
-2.148319170521657107e+00 -2.182702137660343933e+00 -5.761721104128157300e+00
-1.139921822725159650e+01 -1.325397540453757239e+00 8.520134975679782841e+00
-2.392982721289715009e+00 2.187739085114375115e+01 -1.627791350059220576e+01
4.545713761625535199e+00 -1.594059130232328814e+00 4.751142290771547927e+00
-2.950684773411905937e+00 -8.195553857320829749e-01 -8.409822035937376539e-01
1.580518282448124534e+00 -5.838966414619016554e+00 8.337838513198519985e-01
1.030528191897793766e+00 1.620636044426586819e+00 -2.966491340148113665e+00
-1.585531477569312031e+01 -5.420075690272134317e+00 -2.775888874545671570e+00
1.023849159598426289e-01 4.266080545153553949e+00 -6.092436446989205834e+00
5.119541386749622003e-01 -5.739440775127183869e+00 6.973977532713809824e-01
1.758062997707783570e-01 9.007240097017740865e+00 -1.015874159933909615e+00
1.369850739376027082e+00 -1.450906258477255850e+00 3.028531670493822325e+00
1.143845165318635226e+00 -5.234481866816532936e+00 -4.223832563011343133e+00
-5.712702867993190381e+00 -2.691513765283915838e+00 8.188587499253754398e-01
-6.017439772633763617e+00 -2.325480030886603711e+00 2.626969523083970248e+00
2.331120705237813784e+00 3.337661881682629783e-01 5.129315386565358459e-01
-1.327662997559354574e+00 2.180110941824340287e-01 9.432162776440167207e-01
-3.263477344347619713e+00 4.076911875785147465e+00 3.942107855729010346e+00
9.827208781308615082e-01 -4.077343199166826082e+00 1.092837712129679333e-02
-6.598687292222854772e+00 8.396172320431871228e+00 -4.779443612972611888e+00
-5.031645151812147887e+00 -5.667427178375290531e+00 7.768004408786598702e+00
1.443291310555907758e+00 -3.189921557871599145e+00 -1.739422036299612628e+01
-7.851376278124591046e+00 -8.004039373330673612e+00 3.631721033794180542e+00
4.827139810094519312e+00 3.178119885331426975e+00 -7.118376182003668617e+00
-1.089190155399273152e+01 -8.325509684792902210e-01 6.926256086810747448e+00
-3.699524333469782711e+00 2.936461791608052430e+00 2.858823791332839370e+00
7.171877554190060344e+00 -2.014259844316481640e+00 5.719304475104549645e-01
3.172062371148048676e+00 -1.325614345410445427e+00 2.639268725163406160e-01
-1.145653925931459227e+01 1.184364439107055134e+01 -2.606330913160791241e+00
7.123712665636611874e+00 2.371295472330413601e-01 1.206534316035507148e-01
6.599268355308885781e+00 8.143448825971045579e+00 -9.632346739980990336e+00
5.457981311789310297e+01 -6.906285970412592690e+01 -4.601689594878549627e+01
6.168055507420366013e+00 -1.863248572109417855e+00 4.449134496294055552e+00
9.474207150561870350e+00 -4.518936632086058225e+00 -5.056350443171255371e+00
3.158883844735926871e+00 -4.052880006312129524e+00 8.208725334058701861e-01
1.191585626868939052e+01 -1.562392877193905782e+01 2.940527500123031501e+01
-2.066072553242312093e+00 -1.281886185258118482e+00 -2.360002187652663785e+00
-5.301243331794077029e+00 7.155532025838025056e-01 5.243158161740636203e+00
1.412503550235076233e+00 -2.353087227106553492e+00 -6.700364098039885974e+00
3.834897478493279888e+00 -6.866456324138375145e+00 1.144297475103530193e+00
-1.305053715380566359e+01 6.176882653619009567e+00 1.212552781313442551e+01
-1.242432992028331462e+01 1.174574562445973314e+01 2.199994583380323387e+00
-1.658846116759887357e+00 2.411415951017519710e+00 9.739510607170708267e-01
-1.032721161620544725e+00 2.542704464176490209e+00 7.959355250441737972e+00
-4.683159251478867802e+00 -8.349427604031179895e-01 3.853250837359504466e+00
-5.672003558325262595e+00 7.868615167349050310e+00 -2.278957852312048971e+01
-2.471758231102513470e+00 2.157553056786126078e+00 -1.422283329158842813e+00
1.354265700994544730e+01 -9.118999473152889834e+00 6.160013182407999111e+00
3.118985769271308328e+01 1.280347912096622665e+01 1.105732294349665779e+01
6.320946603088613003e+00 -3.753117734600180944e-01 1.141729464307541342e+01
-2.893100715463816641e+00 1.466407006639008159e+01 -2.569990078984543125e-01
-7.441820197569909112e+01 1.113591878767623022e+01 -6.034263944838338745e+01
-2.013757769338053905e+01 -4.558129370659962376e+00 -9.976292821391228305e-01
-4.536097604415884277e+00 4.429698327793818891e+00 -1.776480219935586691e+00
-2.204338322836881403e+01 -5.211230985808533944e+00 3.154804778935817566e+00
-1.707333505219824854e+00 8.180011509711924589e+00 1.725399272842509601e+00
9.665018542533921675e+00 -1.764041756550156270e+00 1.179072419950247053e+01
-7.586989142589405155e+00 -3.911054260283126194e+00 1.045362145718893565e+01
1.824018839486187105e+01 -3.179425360438685288e+01 2.555671428815788460e+01
3.640196545519852833e+01 6.483558054779773094e+00 8.132326077166856848e+00
-6.920151649216077061e+00 -1.972512560137199333e+00 -3.260819349251325772e+00
1.348155178281241762e+00 -5.654337214987006810e+00 -8.479657917843320902e+00
-3.372226914195944891e-01 8.112565739294356204e-01 3.986229688627555223e+00
-1.684067961098041977e+01 1.492752467662890936e+01 -4.557013980323059599e+00
4.621010108575549502e+00 9.813658192705355887e+00 -2.017105632245584701e+00
-1.419032819858687899e+00 2.600954105640282954e+00 3.488578814902427161e-01
5.852023658260597117e+00 -9.792404155148147993e+00 8.541287769049446865e+00
-2.016969278373632157e+00 4.060294940865077251e+00 -5.112954241687656110e-01
8.676049616482803373e+00 -7.441730776950055137e-01 1.665300076101396742e+00
4.976812948467554953e+00 -2.709643118465404843e+00 6.901046331751230056e+00
9.007017482213301562e+00 -1.547250575995099275e+01 4.958617087687819946e-01
-1.206271431375968595e+00 8.624273045568763285e-01 -8.997540063342688299e+00
3.393545502120918655e+00 6.703525647436651802e+00 1.588896132396999228e+00
-2.851567434661791189e+00 8.187135294363309113e-01 -4.674724185843951219e+00
5.103460094240426237e-01 -9.752206192825867426e-01 -4.438261735311144207e+00
1.707930291888375418e+00 -1.685588424529392526e+01 3.727772897043325262e+00
4.436497080296488704e+00 3.173988670768697506e+00 -7.451741595350744873e+00
4.646361087564880421e+00 7.191382140758236785e-01 -3.836841046934332145e+00
-6.299449834784111024e-01 -5.939176875192774929e+00 6.956505022963486162e-01
5.866236736532363771e+00 -5.165289391839755773e+00 7.390184576681152251e+00
-3.634598678139192796e+00 7.216158315554049629e+00 -6.608740822254553393e+00
-8.225750264999641459e+00 -2.392745657126835823e+01 -5.943380750250934597e+00
2.313841756716167986e+00 1.177941934984754724e+01 -1.407659628908935900e+01
4.510232947672625947e+00 1.990519943963345861e+00 8.227804097486702162e+00
-6.147383096176668005e+00 -3.084873396891865127e+00 -2.730690453291882314e+00
-7.644399198003305251e+00 2.348092113495799715e+00 -5.457364582536816222e+00
-7.052066754779493962e+00 -7.265386602311676434e+00 -5.352452619920093912e-01
-6.989358131989804157e+00 2.596899638780117314e+01 6.845664594235967293e+00
-3.027127575430159645e+00 2.354379900560376715e+00 1.424306319667068221e+00
-4.794973182596282690e+00 -4.029480926014056941e+00 1.862992000705014251e+00
3.213611513441344769e+00 1.003643371749233282e+01 -5.602621311705170193e+00
-2.816305822994974228e+00 -2.629533583424211685e+01 1.749684614391036774e+01
2.007373261816437804e+01 6.469705210649679294e+00 -1.924471858499156340e+01
9.069527760836962216e+00 6.410773078231696287e-01 -1.093292591436484607e+01
-4.696771264456460315e+00 -3.562082816152572384e+00 9.576219212654216051e+00
-1.169370596663153350e+00 -4.442602339158955083e+00 4.176238442864115719e+00
5.875159769186766301e-01 -9.353241687191024667e+00 -4.976476759366881275e+00
-6.596402053775808128e+00 1.910127551711959137e+00 -3.039412904274189309e+00
2.133182683383288758e+00 -2.185355914256991383e+00 5.100436213389523132e+00
4.098071297091414600e+00 -2.136127078646607558e+00 -9.763375712904888815e+00
2.973465013442986860e-01 2.432903888198281184e+00 2.043348271755411338e-01
-1.084046498025426430e+01 -6.294742066612005971e+00 4.575466405713865647e+00
1.453112146535135452e+01 1.552581502547195669e+01 2.063820881252950379e+00
-3.269686115675867200e+01 3.861411595157544951e+01 1.018941429730642234e+01
4.305663827621295958e+00 2.040574139836403234e+00 4.883277733002811871e+00
4.343454799167708380e+00 4.468606040126467671e-01 -8.708848670462776553e+00
9.767093776451389431e+00 3.693993156839861403e+00 -4.219388975184538815e+00
4.784753903307832346e+00 -1.893612493418561193e+00 -1.617303944921418690e+01
1.270403328881733351e+01 -6.188178561579557702e+00 1.658058022551192678e+01
-2.772213078487454130e+00 -5.549166231613562594e+00 -3.069541302245634817e+00
-1.108022475599456991e+00 6.878132079027342805e+00 -3.313010660196336499e+00
-2.372694109112361005e+01 2.806701330132979955e+00 4.797647855202434641e+00
-4.336114041606990432e-01 -6.226261513037721906e-01 -1.619822352235109841e+00
-2.471677113874389153e+00 1.016433779986528307e+01 7.876529356762737022e-01
5.877211129435253589e-01 1.393374931319507581e+01 -1.751125255359627486e+00
-3.612808826982070176e-01 -7.560111402301901151e-01 -7.034779042557582684e+00
-2.112543938440763469e+01 -4.726469671909288905e+00 -2.553311104824659239e+01
-3.353787242579568062e+00 -3.422261552158949449e+00 4.825772073545965490e+00
1.232558078835608661e+01 2.002465531354754358e+00 1.254805240308560599e+01
7.022720334486493243e+00 -6.643933257728271258e+00 -4.182667603524603539e-01
-1.789033255026517821e+01 1.364646137499554079e+01 -2.575177061053901539e+01
-1.406799200966899199e-01 2.664874545541018769e+00 -1.056778346706820138e+00
-3.801806042723360424e+00 -7.112710896650258796e+00 -2.155685685037296739e+00
-4.997406274050740116e+00 1.033167280475174543e+01 -1.119138743066303654e+01
3.580209414239238441e+01 4.815087647444160268e+01 -5.416530530761006901e+01
-1.772609818024325490e+00 -4.658552062763930302e+00 -3.378569864964277025e-01
2.560925611025273607e+00 -3.283138945776158391e+00 -1.889551950691939375e+00
-1.304560153773669384e+01 -1.033900944138930456e+01 1.830438742773515370e+00
7.322091680367503841e+01 1.205613727968278255e+02 1.645432844919660687e+00
-9.892116429528576838e-01 -1.190649192986867710e+01 3.439721344097804501e+00
3.023716287914262946e+00 -3.533414432454519694e-01 2.085703831392829444e-01
2.287644389727225835e+00 -4.633721212837495607e+00 -3.065244693750837079e+00
5.443795690242093421e+00 -1.457171497745211930e+01 -1.787288906029044777e-01
-4.672412482880144324e+00 -3.877130419857814925e+00 -7.615614870972261308e+00
5.672077280796086640e+00 7.594766759943214485e-01 2.807054485270624955e+00
-4.044859161519630320e+00 1.109312592280248477e+00 2.802445605224394565e-01
-9.555315179823569594e+00 1.316166783808440321e+01 -2.427268447299254284e+00
-1.516434173333998459e+01 7.661156607604031610e-01 1.656451293867292662e+01
5.705516251410852391e+01 -3.699942434400563940e+01 3.088458149787270912e+01
1.014866203448121773e+01 9.203084272784723296e+00 -1.267701388657870787e+01
2.200909690502927507e+00 1.280060933668353051e+01 -2.093310612716982266e+00
-3.128829267000514669e+00 7.986516978898689167e+00 -1.810817590205894723e+00
5.752006670940065014e+00 5.178088987571396906e+00 7.673004057718838533e-01
-1.700288975216033904e+01 -1.580544814164469436e+01 -2.537395457576431568e+01
-2.148746530673078414e+00 1.666468943676258085e+00 -6.743446415183324660e+00
-4.823511327536424531e+00 -6.894168494694365990e+00 1.374488028843717569e+00
-2.348072454008847565e+00 -1.696867316056991726e+01 -1.327879210487763251e+00
6.925839443832578768e-01 3.057982541979961777e+00 -2.351451289035599856e+00
-9.071531096793350457e+00 1.393683542870983949e+00 -1.664345308926491740e-01
1.032619386177845477e+01 -7.059520974281605632e+00 3.911777037967405946e+00
-1.492297248705033930e+01 -1.263255584029255374e+01 4.205333379268802574e+00
7.693505793798065540e-01 1.439054892863486401e+01 -5.949690481036390644e+00
-1.914001540962282810e+00 -3.883529865296964800e+01 -2.430692392186997708e+01
-4.339601958633126699e+00 -5.407533945135329506e-02 -6.323588932029731602e+00
3.652844403393350348e+01 3.100816571291723989e+01 2.698492163871195260e+01
-4.041815693980031376e+00 1.418490501951333194e+00 -2.811563479228944118e+00
4.551859029082643837e-01 -6.764323929320409379e-01 -1.659030817993003115e+00
-1.004107392026493573e+00 5.550049018044897586e+00 5.834443418956357874e+00
3.832090369559944865e+00 -1.773246431768242104e+01 3.230806839793378238e+00
3.712150286834421564e+01 1.988474658215773161e+01 -8.800564799902170776e+00
-4.029440155753881148e-01 -1.892027469540409790e+00 3.399949417679445585e+00
1.944676559233901925e+00 1.787963650428137763e+00 2.404687676898899173e+00
-3.456473289231365875e+00 3.470875516266097027e-01 -3.799162424183161413e+00
-1.555742297164757204e+00 -2.060096457151569638e+00 6.912111442094401426e+00
2.129723026678816566e+01 -6.316404696979903832e+01 -3.111609993638746019e+01
6.325040841102916644e+00 -1.579100910172643779e+01 -1.312363194522508048e+00
7.681578836865869953e+00 1.775828863316154838e+01 2.104182481663829307e+01
2.435434528280926880e+00 2.100908156079067002e+00 7.576451875986310869e-01
3.408000907865528895e+00 -3.970418021659165575e-01 3.786091348889051744e+00
4.967386366151600008e+00 2.037339557627571018e+00 9.092541442724064726e-01
-4.817679596258855668e+00 -8.138194297570546354e+00 1.506969608576810060e+00
7.165145726838066054e+00 6.585719672521593182e+00 -8.348381427441744052e+00
-4.149028000189661114e+00 -5.719811275194565114e-01 2.244730885613138938e+00
-4.163336619418787632e-01 7.627774307196054870e+00 -7.874311479366781441e+00
3.108533654605679430e+02 3.313350605700627938e+01 1.006882941203873827e+02
-7.039865558186313876e+00 -4.152004165974262584e+00 3.193673250266722885e+00
6.184843722685223533e+00 6.761464297034964765e+00 9.859507546615846607e-01
-5.095658069169942017e+00 -9.666270886974986709e+00 1.837899963032973094e+00
-5.538076961530887798e-01 1.209156068574903653e+00 -1.964452702286530794e+00
-5.349965485812934851e+00 1.724884667892860213e+00 1.222757301116177686e+01
7.189392233431027845e-01 3.281925656265558544e-01 -2.921040737111330277e+00
1.603551463273824140e+01 9.904865870991415022e+00 1.428577711760280167e+01
1.134488649992295928e+00 5.723824090587237734e+00 1.976079903126706228e+00
-1.313434778358930632e-01 6.963786713377742466e+00 -1.540308763868011743e+00
3.763320005608565388e+00 -1.629611414344804832e+00 6.990129366210015016e-01
1.406988468195841113e-02 4.457386953950398301e+00 1.843607437409424676e+00
8.161560632739717214e-01 -1.292610232650770685e+00 1.495080194543530583e+00
2.390084551267359814e+01 8.928287914357564858e+00 -2.259587289601254767e+00
-4.692747539926882538e+00 -4.416025041204393098e+00 -8.988220547473265043e+00
-7.156697574308116039e+00 -6.619757952407121948e+00 -9.115127924740400900e+00
-6.413398081510942816e+00 1.547320483823534820e+00 2.909029512600271317e-01
-2.803094199459421176e+00 -1.458413624329107883e+01 3.216686706094780845e+01
-6.324565620478536099e-01 -7.346265587286173293e+00 -1.193137356614728528e+00
-9.082114172765560767e+00 1.180738381368327872e+01 -7.355973626094581164e+00
2.277767007015898670e+01 -6.704243815427205710e+00 3.298558113086160759e+00
-1.917902933245944652e+01 -1.788948194859272478e+00 6.709411093929423586e+00
-1.057172101379408957e+01 -8.192153798907456874e+00 2.368445465620787971e+01
-2.138250778882481828e+00 1.576022639621214472e+00 -4.885422908528092911e+00
1.714342479147229259e+00 2.224121157104179236e+00 -1.165953289343865151e+01
-3.179840332054793439e+00 1.965014651823216330e+00 -6.211148833450686801e+00
4.966587044586642463e+00 -2.396418733327368156e-01 9.863756605446505787e+00
-1.498369486118834137e+00 -4.632745716637771238e+00 -1.435787114819527810e+00
1.205008147680417752e+00 -6.999531894703520329e+00 3.792933841830359309e+00
-8.307829854404042980e-01 1.373779068209169374e+01 -6.828892883462840402e+00
-1.345482163715108204e+00 6.597385183951198773e-01 -2.906639448076477006e+00
1.090114723008173669e+01 3.202909714281419462e-01 -2.425846808488286754e+01
-5.538863825630728321e+00 2.692822588243070636e-01 -6.517131804888909308e-01
-6.478719991809451351e+00 6.040443740544834128e+00 4.112121236669792346e+00
-5.102610351155588475e+00 1.093371407977619558e+00 -1.342075408845928486e+01
3.862297024884337127e+00 7.051898704134117457e-01 -7.593305229660216149e+00
7.389277788444401196e+00 -9.445434675998017227e+00 2.195892603207135707e+01
-2.193970328689489602e+00 1.615727718181243500e+00 -2.411476933871310901e+00
1.993884279668358017e+00 1.678320823278691698e+00 4.429112142048563960e+00
-8.096536391593160076e+00 -1.736711504066828482e+01 -2.800352603452148159e+01
1.927989814219116127e+01 -1.249074650275351317e+01 -4.774741938336449110e+00
3.523866851998723071e+00 8.802783040910151513e-01 -6.381625569989414437e+00
-2.569573128952002961e+01 2.420894168158601545e+01 -1.137694577722656852e+01
-6.046146625224936955e+00 -1.883139879086938029e+00 9.086371022947404841e-01
-3.091199085641522237e-01 -3.450042731872999813e+00 -3.734074008998350180e+00
-2.110468806485443594e+01 1.934290758885310524e+01 7.613557548528969710e-01
1.142836060908723717e+01 -3.923896015328365294e+00 -6.428724717941527445e+00
1.438628999930679830e+00 5.411524486491267716e+00 -8.728694958936264570e+00
-1.143063414975451586e+01 1.303952760288671442e+01 -2.355424892442698148e+00
3.611394743450737077e-01 3.768607678344179757e+00 1.838218952921029770e+00
-4.977350908270490315e+00 -5.115519861407022972e+00 6.072472033636377553e+00
-1.165944816968158687e-01 -1.968084450947115593e+00 -1.544664857381700340e+00
-1.757299161130065901e-02 -2.930497948368250061e+00 -9.461510865047126018e+00
1.138437654982425329e+00 4.227456654407170333e+00 -4.312884333512636559e+00
-8.287043547461781401e+00 -2.265918248965504311e+00 3.761113028127385238e+00
2.514994916328570085e+00 9.225730802521253437e+00 -2.768354733915345811e+00
2.361125620900970112e+00 -6.399538127238664664e+00 1.137213735160710470e+01
1.358164616515109779e+00 7.194441192520550921e+00 1.028924808819417969e+01
1.579837866945337788e-01 3.835431260305178558e+00 -1.838239875604734896e+00
5.519393608070459756e+00 -3.856190517492802172e+00 5.088547680291746644e+00
-9.903497890040108276e-01 -4.530333855230410656e+00 5.227092769249491733e-01
1.919744636470712251e+01 9.827352026977088428e+00 -1.402287306682351975e+01
-1.021117493627021755e+00 5.910527838243394783e+00 -3.553089063895182420e+00
9.666126868519810955e-01 1.871876582866616090e+01 8.929976498441462240e+00
-3.165542070261161633e+00 1.828304964967472357e-01 -9.155499398008881684e+00
-1.816216422725771995e+00 -3.550869064800345143e+00 4.522001532358914666e+00
2.240175862778742033e+00 1.598339499543891407e+01 9.728017888456528262e-01
-1.202489453891904425e+01 -2.859053205564888511e+00 -1.719810997616231907e+00
-4.341777867838231941e+00 3.804134370995163827e+00 -2.088836578163380420e+00
-5.753502875523673232e+00 -5.217073075518845471e+00 -4.508901896277562216e+00
-9.819739320447111453e-02 -5.297203740525658233e+00 -1.617823841657865636e+00
2.470548989148527053e+00 5.563968393517072508e-01 -4.732202971065526675e+00
3.347531552389642617e-01 -1.857370546055366056e-01 3.648853783095573178e+00
-2.321730388717750060e+00 1.359847007301997257e+00 3.086305230311648717e+00
1.035144575608259121e+00 -9.969789042170188464e-01 1.212931634096580780e+00
-3.494762044392240696e+00 -2.031137218259002175e+00 -7.464336711278848568e+00
1.033933160502295223e+00 5.472171614640022774e+00 -1.480419277072132500e+00
2.868859625445671302e+00 -1.245578214019677965e+01 4.440572089032778003e+00
-2.036766944039003491e+01 1.050184622586394596e+02 -4.269203118041773592e+01
-7.361954211612040666e+00 -2.864011136025462756e-01 -5.143625081500344365e+00
3.612400672241900423e+01 3.504811483439932829e+01 5.133347341563474231e+01
1.187267593549570677e+00 2.763302449263364657e+00 -4.503130214128511222e-01
-1.915714315938872048e+01 -4.180384930499061369e+01 5.329225316154399650e+01
3.026092753052279871e+00 -8.181091539557959536e+00 -4.360359469500061813e+00
1.524111421838289893e+01 -1.342478233988823932e+00 -8.290256341054423883e-01
1.903884297772449719e+00 -1.657287568014865209e-01 -4.880838452645105185e+00
-1.004712246928404973e+01 -1.028707415996858465e+01 -2.701442626578020167e+01
-2.358895891113728549e+00 -8.375056632259797240e+00 -4.874563502422354921e-01
3.216732538940751951e+00 1.334518988586623678e+01 4.898356362348541104e+00
1.359989528914367751e+00 -2.546416675135048990e+00 1.281157575281834049e+00
3.716082553540063671e+00 -4.337824645406811008e+00 -5.180520500302908005e+00
1.820176675977987157e+00 -2.399630651585424435e+00 -6.381552552224079022e-01
4.584108153006374309e-01 1.374816037089690823e+01 -6.075495400107844723e+00
-6.965433685273150388e+01 -3.197117055168948809e+02 1.192143916984374385e+02
-3.507676590950810525e+00 2.889203119047431301e+01 -1.628727407834571395e+01
3.235986546102094685e+00 -6.821230379648293152e-01 3.688038365824037434e+00
2.894581015322489570e+00 -2.975832533742760244e+00 -7.463274582633276921e+00
-7.646682955349628052e+00 2.722372178628958972e-01 5.750670110614834130e+00
-1.331039491738437441e-01 2.777635083492089763e+00 -4.278699837049493304e+00
-3.108015585280636017e+01 -7.793622239063918711e-01 -1.735964225230804914e+01
-5.606566526003136097e+00 -9.543713815271755996e-01 -3.879282010882310061e+00
-1.597562714640844028e+01 -1.680437679813717944e+00 -1.211683373167048572e+01
-5.700625827787230371e+00 -1.922804586229941881e+00 -5.368788648242043493e+00
5.980257509134001737e+01 5.647495019739783295e+00 -3.554666138340813131e+00
2.199252166623216542e+00 -1.561546819397741759e+00 1.103529615247862417e+01
-1.338729034655868944e+01 -1.346338610657447177e+01 -1.223241176795675500e+01
2.950069407681438438e+00 2.359439173088123454e+00 -2.144085810094209954e+00
7.587420312999424432e+00 8.032025272721833531e+00 -1.467922484270173555e+01
1.082156757954604487e+01 -3.146002571076561782e+00 4.212895298674244948e+00
8.967644949568462920e+00 7.568226625729817414e+00 -2.387565842775028813e+00
8.960083419739679478e-01 1.387304370019430522e+00 2.040843363823529710e+00
-8.336855109426563715e+00 -2.972994754853538701e+00 6.630668059263265413e+00
-3.007603497260720182e+00 -6.874396380059572209e+00 -4.041669267527616682e+00
-1.046331001057019705e+00 -2.587015225619984982e+00 -7.269964705266693805e+00
3.629827387885043777e+00 -1.366458321933715192e+00 2.405038387896028862e+00
6.962510161986702251e+00 -3.174407763559705842e+01 1.890344852450779811e+01
3.974997866231352983e+00 1.027202161833646521e+01 -4.566753766373060408e+00
-4.296843593881570555e+00 -5.409869628018264542e+00 6.279500231940843058e+00
3.962967391501517334e+00 1.245899225773564822e+01 2.950989806400460580e+01
1.055440446628669626e+01 -2.209881331366823787e+01 3.024603394819934366e+01
-6.004323025406407943e+00 1.134865312350028255e+01 -1.442827747512923198e+00
7.192059047271690098e+00 -4.201191360843631095e+00 -1.022845769088721601e+00
-1.941264050585725798e+01 1.760064170541620499e+01 -3.116244215219848712e+01
-3.291666183249378985e+00 -2.025382443571027036e+00 -5.519694969536453222e+00
-7.837864662358708934e-01 1.493393916937171051e+00 -2.630617037905292666e+00
-1.887439103643834937e+00 4.009500043956725435e+00 1.573066697642138800e+00
-2.170609772625132106e+00 5.036703992798887697e+00 3.154089628645126453e+01
-1.942015785368589542e+00 1.399016415811364489e+00 2.700576242162585405e+00
-1.000467892898960542e+01 -8.534886276571556074e-01 -8.114876971958148166e-01
-2.126946231589101544e+01 6.190648138550119972e-01 -1.898363583116284303e+01
-1.496239535754741556e+00 5.570207223334126212e+00 6.939797907077711159e+00
-2.652682112626972177e+00 2.172164607396481095e+00 5.778983342856677252e-01
1.880728635654392278e+01 2.734953277278695083e+00 -9.453080167644774434e+00
1.637299521832364935e+00 1.195822399961236471e+01 -4.583848905981554367e+00
-3.180226948438020340e+00 2.109898381331191075e+01 -3.294472041303474708e+00
-1.758597253450986742e+01 -3.507326465799430082e+01 1.923999485375239260e+01
2.996692187061844947e+01 3.012857544614971417e+01 1.211735451013509568e+01
-2.114897207377007149e+00 3.865638716923570417e+00 3.717055675531476533e-01
-5.055314387179307367e+00 5.519317679366706031e+00 2.803814874869020812e+00
1.367091229740272951e+01 1.205918030844933497e+01 1.910452359013798684e+01
6.688113953701060765e+00 -1.549229816559631046e-01 -6.666293042525663459e+00
1.977312924595609189e+01 5.805669094463654645e-01 4.056499875872015082e+01
4.177419750136738053e+00 6.350969599598970561e+00 7.748750108914886248e+00
-2.374518594848210995e+01 -1.562494936761373765e+01 1.234393675820882841e+01
-2.731176636229498689e-01 -2.514444810073863668e-01 2.074280100050725495e-01
-1.266637085413520269e+00 1.893738978701746012e+00 5.169332248681477004e+00
-4.911668375870363867e-01 1.234084603152417081e+00 -5.258250774123366611e+00
-8.581287476980088424e-01 3.225580146748366683e+00 2.072036959686649915e+00
-3.741013589810871398e+00 7.370749459063898890e-01 8.123963107577663934e+00
9.067632219165571161e-01 2.020912907257009561e+00 -8.789534533117273618e-01
-2.880800389555003171e+00 -2.296453152365549144e+01 -3.083183316068221380e+00
9.782034452483562958e+00 1.504039286508273676e+01 -3.326657027406540124e+00
-6.668219703754334482e-01 -8.318157616460490900e+00 3.801656863234531336e+00
3.438998801982517062e+00 -1.131647802380372658e+00 -7.538630513545625078e+00
6.484411609068428284e+00 1.725431139591596663e+00 8.996501234748447429e-01
1.958365501563270383e+00 2.809677781351713755e+00 -2.487969779298816242e+00
-2.898455338339969600e+01 -2.676729104837913376e+00 -6.008323173342685841e+00
5.390221897834549303e+00 4.017490607713470885e-01 8.808545175440416486e+00
-1.296895324382176540e+01 -1.101781520702256145e+01 -2.326773006984471426e+00
-1.171264299303653944e+00 -3.383666636246842607e+00 -3.182624557145656841e+00
-2.770154067217493221e+01 6.955092760447710631e+00 -2.862183359158124674e+01
3.197164393190303322e+00 -2.482121442040090997e+00 -4.069415321554947784e-01
-3.283237545146308278e+00 1.712180549904855198e+01 1.320959497954007489e+01
-1.525571441198383837e+00 6.346243366366223881e+00 -6.662360654543524774e+00
-1.241752574267602505e+01 4.039953655482105610e+00 2.244113543992310156e+01
-2.987777143704076099e+00 3.727301264562623007e-01 -1.632557321173958575e+00
5.016668569854099147e+00 -1.277626663538561580e+01 -1.145559510284558691e+01
1.864739010709337785e+00 -3.514122447282030937e+00 1.768741016159741619e+01
-3.991101863086724544e-01 8.629361060010770634e-01 -4.226993560246201098e-01
-6.625376590817751321e+00 -4.401525965990075728e-01 -1.086926413522646628e+00
2.676695963992750560e+00 1.750485001957356790e+00 -4.676716247759644673e+00
1.301309067192619962e+00 -1.422256254455435132e+00 1.868238711475795344e-01
3.620744757991084750e+00 -3.140488553918085124e+00 3.675489453957644592e+00
-6.379388427038314546e+00 -1.113459342854342538e+01 -3.122989376685739060e+00
-2.820013351279315184e-01 -4.886014774534655380e+00 3.492951232569779574e+00
4.481935256818756486e+00 -5.873313252584790867e+00 5.262435689500971847e+00
2.409496863255072618e+00 5.193073875323871214e+00 -3.011319013307472980e-01
2.134364100588519619e+01 1.381987947301449715e+01 -4.792887930302865840e+01
2.305030281293704686e+00 -5.736989349581654851e-01 -5.713083902911284540e+00
5.998176907292487314e-01 1.598530013780007586e+00 -4.611599850312427806e-01
4.229761265552040683e+00 1.872687404096164965e+00 2.310282281697658480e+00
-2.279112818922153672e+00 -1.207243262866736799e+01 1.806765810311130949e+01
-1.957292170504960849e+00 7.503245267316259737e-01 -3.261965039332079819e+00
-2.861071882471575289e+00 -3.203058028865512608e+00 -7.646345079817175261e+00
-1.202344860816619176e+00 5.370727830623789778e+00 -4.065408907223819313e+00
-1.565849411556883730e+01 2.460502851053485074e+01 -4.948866510041789901e+00
2.760538627651405008e+01 -1.764707545180689507e+00 -8.575728070198952224e+00
2.916146087882170779e+00 -2.104470232674208408e+00 -6.339535347871323445e+00
8.643078636097856204e-01 1.934447635406978394e+00 2.268649575147466013e+00
6.283871840711408474e+00 1.303998517951457536e+01 -1.634450373532825296e+01
-1.936253060865033238e+00 -2.126066375366971961e+00 1.841371351540134427e+00
4.480749296896182621e+00 -1.664099671195377184e+01 -7.037504598394717981e+00
-9.248011334576540232e-01 -3.844845757424347976e+00 5.622515578473054054e-01
-7.467243795256212735e+00 -4.878337134490572602e+00 7.353444873802154724e+00
1.265421135550281306e+01 1.124772314244926408e+00 1.059286907856499660e+01
-1.311693320654605976e+01 4.199798253215880628e+00 2.166912879616931242e+00
-2.016761188416424933e+00 3.149068534516646256e+00 -2.598282161385441658e+00
5.120976799885563935e+01 -1.773761633715449904e+01 -3.819169435474733643e+00
-3.808102530858214152e+00 3.921617410186933217e+00 8.992915147118250019e+00
1.981369667017335523e+00 1.647688571296451299e+00 2.091263356294622344e+00
-1.147248259210938670e+01 1.678807439816348790e+01 9.369107717708436978e-01
1.219018297072735635e+01 5.735520031826341736e+00 -3.227613502202892004e+00
-2.708436115953914758e+00 -6.507966298312542364e+00 -1.925208334668628840e+00
-1.351848214118354008e+01 -1.038911768559848170e+01 3.168179340474523986e+00
6.197662385379475225e+00 -4.214416339877605999e+00 3.475943415774910950e+00
1.770767058082745038e+00 -1.741759916324499446e+00 1.179460769062230519e+00
-2.382894973346106227e+00 -1.208571307535924122e+00 -1.107683273478525443e+01
-2.040766482716856178e-01 2.946002193363835842e-01 9.343802537427389865e+00
1.753886427883308841e+01 -3.447247277376869334e+01 -1.673345167574354164e+01
-5.871256844220495097e+00 -3.898809166939434689e+00 -3.173832362143915287e+00
-1.112434069701216188e+01 -1.138602007198813659e+00 9.349218309839393726e+00
-3.188200422725696370e+00 -1.114804403424688672e+00 2.149604278521310263e+01
-4.604428719286693950e-01 -4.418351309066342658e+00 4.073611432741475191e-01
3.821378344097227653e-01 2.220081263767274660e+00 -2.211340432198719341e+00
-2.279498048065345728e+00 1.129618293682118857e+00 -2.057330992245509194e+00
1.445614854261812354e+00 -1.066131395410570626e+01 1.518237166111602754e+00
-1.003684470937781192e+01 -1.600387903559013481e+01 -1.804926049305710656e+00
1.734304368768983529e-01 2.742587285072706216e+00 4.796320315792687694e+00
-8.249092707933730617e-01 7.140973031067571419e+00 -3.152378398878938892e-01
-3.074681753595853273e+00 3.538928905433001759e+00 -2.599684320778887336e+00
1.410611317289285438e+01 1.851273317645125260e+01 4.262582096421324351e+00
1.139599887468700246e+01 2.269357446304730175e+01 3.454734212416671557e+00
7.805174457032706403e-01 -1.373479376602731783e+00 -2.208711039913503260e+00
1.828997665066879819e+01 -1.952176720372320418e+01 2.302289302561448281e+01
5.995683531966177204e-01 -4.153671836742295120e+00 -3.755251990292400865e+00
-5.469350418828965665e+00 9.430346662281378300e+00 -5.789993040571912886e+00
4.433529753134513918e+00 1.323098251329749564e+00 2.669099147789976367e+00
3.144226395064817492e-01 -9.692969087601056799e+00 6.306808203985809769e+00
9.066166415658255540e-01 1.896414129488556144e+00 -1.460477002461405771e+00
1.815752777283821828e+01 1.669897037952962648e+01 8.162837053650999763e+00
-6.787759581012632104e+00 4.423389992940228055e+00 1.542615833646919121e+01
-5.007995926202665871e+00 2.400114627479075580e+01 -1.471530126967819818e+01
-7.307591255876011438e+00 -2.127073997610803069e+00 -1.108738629124270147e+01
-5.343097474422298099e+00 -6.466474303807530077e-01 -8.570487431838131442e+00
-3.044769844905520273e+00 -4.722655632044463481e+00 1.168326071631832264e+01
-1.806322363067812908e+00 7.657805100876696081e+00 2.143203575370455027e+00
-1.785535389707369092e+01 7.064603583187186508e+00 1.727263570372472579e+00
-7.131317056738436300e+00 1.270414952943310816e+01 -9.349779774715337055e+00
-3.285568210814557411e+00 -1.078978135969540730e+01 -4.796011283237358924e+00
-1.362547308035222837e+00 -7.188505964497021061e+00 4.411603323183660663e+00
4.272949075944787012e+00 8.183037642474895179e+00 5.681483594722660513e+00
-1.400173167359521242e+00 -4.666946784954472349e+00 3.789721346516567446e-01
-9.396143732003392479e-02 5.221118478206051350e+00 5.988482823426084067e+00
-1.150123805483753614e+01 1.328385726317097237e+01 -4.586565501344941786e+00
-5.215738713559580297e+00 -4.170755944219703082e+00 2.240388031477168251e+00
-2.793115582881823822e-01 2.423665077802805157e-01 -1.577582713793577840e+00
-5.692903106776078026e+00 8.749815438646802335e+00 -3.237237842541332622e+00
-1.465835247978565681e+00 -2.589348565496718546e+00 -4.541381761129374084e+00
3.179848675075064524e+00 1.009408439849653227e+00 -2.427487970605550327e+00
-7.914769445891143107e+01 -6.874857142643131169e+01 -2.466263057727485375e+01
-1.717123514702261211e+00 1.373809463190815539e+00 -5.857563528214177140e+00
3.824924476596221368e+00 -2.594200879898251433e+00 3.548932270936003830e-01
4.181398508772649514e+00 3.337591027981233971e+00 -1.011846074595344203e-01
1.370050513031643824e+01 1.413973210486099363e+00 2.035559673476732456e+01
-7.655649514528287014e+00 -2.038817492958566646e+01 -2.771204876375949144e+00
-1.078264210214937568e+00 -2.081656792554674507e+00 -3.278842702511314045e+00
1.129476196769650720e+00 -4.806728694513021871e+00 -2.739860892405517223e+00
-1.758187957020926717e+01 -5.241375356342581782e+00 -1.823756147389688387e+00
-1.736363605584282155e+01 4.219733819079591441e+00 -1.273787828622180740e+01
-3.953033814186383665e+00 -1.557524023580752592e+00 -4.681421494884141943e+00
3.128468673696713331e+00 -1.406108414793772798e+00 2.705882860318702843e+00
-1.086928718914905723e+01 7.844810215873783132e-01 -3.634676266684727097e-01
-4.349004958221284056e+01 -6.845384834532181273e+00 2.326293357569548803e+01
4.008513482071174749e+00 -2.781384840149268012e+00 8.874092804538213031e+00
-3.872498245538954720e+00 -5.157809517585618640e-03 3.019396978559361067e+00
-8.209560588967006467e-01 1.984350895559280570e+00 -1.625469285401895114e-01
8.943543839611875157e+00 -1.319347094429153699e+01 1.174373645951260897e-01
1.380945541166130885e+00 -4.362420531600776363e-01 -2.933949690961691892e-01
-3.038738026645959156e+00 -5.415505416041427544e+00 -2.257739378401006913e+00
1.019437307030493578e+01 5.532592085586935937e+00 2.859263690763788612e-01
-1.275872572196136367e+00 2.925678808989126800e+00 -2.514511707470817647e+00
-2.107035729984191974e+01 -5.739171842349594321e+00 -1.134538794873880363e+01
-2.121281514105596955e+00 4.871104566340348718e+00 1.419075452179924035e+00
-2.376918221113794250e+00 6.176175109497076932e+00 -2.034882699117471105e+01
-5.219544020891052405e+00 7.050876372527611902e-02 1.426605496115293414e+00
-3.202013909540032444e+01 -6.119912117762463311e+01 -1.712254086407141429e+01
-2.479755322586046695e+00 4.043808629596931659e-01 6.417564957592564845e+00
2.407678256634652847e+00 1.521824614004756659e+00 5.404493309572093729e+00
-2.022735652056445677e+00 -1.312146498924357196e+00 2.008075640273853324e+00
5.953477918058965201e+00 1.364689545333079046e+01 1.679267715799557692e+01
7.817397861751221200e+00 2.139494479932663840e+00 -1.089582453619086566e+00
2.056767982731572886e+01 -1.041837739867203894e+01 1.594510621855548926e+01
-5.915548309680150885e-01 8.415404646608903860e+00 1.449518358697200915e+00
7.582867690156906981e+00 -1.203004808187918862e+01 -2.103555850857998344e+00
-5.027855224152259161e+00 -4.247112189772500379e+00 3.804161008424335577e+00
1.169002093460553282e-01 -4.173884797574594963e+00 9.133864130140962878e-01
1.961026240000286247e+00 -6.199082294406258242e+00 4.541689724699843111e+00
5.211867744667029179e+00 -3.102113399200567834e+00 1.142307584844975921e+01
9.272662907721881398e-01 -7.511199244454473067e+00 1.854922715971439651e+00
-1.378738012925196621e+01 5.047279547633153562e+00 -7.288844314060795249e+00
1.764577989711972439e+00 2.950660293112822075e+00 -2.837896900992540772e+00
1.786946587418102306e-01 -1.817586362961305158e+00 9.902754733616884408e+00
-7.291875351170905573e-01 -2.604007969650381504e+00 -1.106264980861574765e+00
-1.139600921655583576e+00 -1.520104566886395503e+00 2.607611429055606056e+00
-6.858304220372292548e+01 1.531504665059038395e+01 8.821021845810724571e+00
3.402237838014011917e+00 -1.330936132502320346e+00 2.551202094150172961e+00
-1.578840517321198966e+01 4.318277622520432679e+00 5.861189170304310636e+00
-1.016015889698989483e+01 4.706392533623971808e+00 -1.378408213437424035e+00
1.733706153649218251e+01 2.154245460301136461e+01 3.847765491740728461e+00
3.313910475752012275e+01 -5.090767436361396392e+00 3.324752315774735401e+00
-5.969783240015021697e+00 5.553113307123034303e+00 -3.807006785733845877e+00
1.581733742539393184e+01 -7.948428584330920366e+00 5.688907045720712929e+00
1.022224681094365373e+01 -1.531267266963425122e+01 -1.274615949929342840e+01
-4.965832365475026045e+00 8.945582498637355329e+00 -4.031255490975566858e+01
2.627162416574287285e+00 -3.432274588777539215e+00 3.642428518106495261e-01
2.848176687220730585e+01 1.118280115782672279e+00 -4.691676977370502755e+01
-5.151415797389844009e+00 -7.561329645363381147e+00 -1.079251576778341892e+01
-5.124572243457108378e+00 -9.152620422933258837e+00 -2.465561386837687330e+00
5.054904547724349939e+00 2.493208930856198791e+01 2.732915609619974973e+01
-2.563368135740943909e+00 -3.919358960747481024e+00 -6.819258000049166490e-01
-8.595427206880371651e-01 -9.537959529328180253e+00 2.154705722268152712e+01
1.031402966363676121e+01 -1.349303441916422841e+01 -6.902120315303463371e+00
-2.659517916372707180e+00 6.104435753485219607e+00 5.738020070286052876e-01
2.162132300670184648e+01 -2.967500750898030404e+01 -4.005912651066670804e+01
-1.017913979649257339e+00 -4.505886150409835977e+00 -5.420826690855350627e+00
-1.481329640559065197e+01 1.198357249120874934e+00 -1.727075206948039110e+01
-4.848793708788764256e+00 -2.077166882999568642e+00 5.359601351008920211e+00
-4.521811707054447460e+00 -1.581774743599773991e+00 -5.754209325906866290e+00
1.320595434498222964e+01 4.890691217043065642e+00 -2.402179676982139522e+00
-1.285591291367251010e+01 1.283030258730058648e+01 5.746065382816360062e-02
-5.606968207777055291e+00 -1.531554150296701444e-01 -2.780254389716837693e+01
8.646298425520411612e+00 1.191484146109746689e+01 -8.376293624666157456e+00
-2.525242069330924100e+00 6.274302246533978611e+00 1.344425883046455361e+01
1.539879159829553812e+00 4.936175731127410593e+00 -1.413993371964840584e+01
-1.437496337537541358e+00 3.213717716164727456e+00 2.191668731413695670e-02
8.270746494526540205e-02 4.224093590485549221e+00 7.522142899344038014e+00
-1.888278061610694447e+00 -4.297011105955542143e-01 3.974571540573615280e+00
6.354001674841640579e+00 8.523938035811717384e+00 2.927033328783064992e+00
-3.789529737261583708e+00 4.078145742923025452e+00 -4.374017163880317582e+00
-5.452665308487367746e+00 -5.744482479339311887e+00 -1.137347930420651920e+01
-5.755906395342372583e+00 -7.000572296498217995e+00 8.180991241381519785e+00
-2.406887728323646503e+00 -3.155932477991497009e+00 2.332882252007173030e+00
4.164598684580075094e+00 2.689385530829581938e+01 8.383075857148291732e+00
-1.933890940076740339e+00 -9.014084782400336948e+00 1.517403343140211414e+00
-2.773999548468082832e+00 3.548426648707185382e+00 5.179630578774649052e+00
-9.896238164598139875e+00 -5.216102206565813582e+00 -1.708939205980447573e+00
-7.876488521750098393e+00 -2.201686080060065365e+01 1.386751850099632399e+01
-1.909793630059329317e+01 -4.871678087511274846e+00 4.571502079441870592e+00
-1.260620911723867310e-01 1.331141876423201253e+00 -6.309978937089451290e-02
1.072931003119075744e+00 4.867931773726148492e+00 -2.705344160394572928e+00
-3.550587384028228399e+01 6.008358846948326004e+01 -1.193601286819206564e+01
2.646213701405863539e+00 3.780397280316604824e+00 -5.589500021565384280e+00
3.555098982478636316e+00 -8.830571046172401850e-01 4.378987905812068426e+00
1.774937135799028454e+00 -3.545922213440842796e+00 -6.492921175641866327e+00
4.867898798425925655e+00 6.492931203747530411e+00 8.263947129954865023e-01
-1.234754647197108390e+01 -2.637509952220260701e+01 1.752856137668296910e+01
2.616901491434907356e+00 4.539425044941587828e+00 -3.360723029152180352e+00
1.823522144348463314e+01 -1.973037620669448877e-01 -2.913441601136559100e+01
-5.979292809212343185e-01 -1.120396315771146512e+01 -7.350656198030527833e+00
-1.612092160252628048e+01 -9.859651533973159410e-01 1.212251614925164311e+00
6.676360071132426910e+00 -2.470954235901859253e+00 -1.100357804445772081e-01
6.181791027016911855e-01 -1.663633985382464653e+00 6.625544247647724205e+00
-1.542968769421406705e+00 4.758129737715925067e+00 2.375467952386256076e+00
-1.466216901459901578e+00 5.099443744520704147e-03 -3.998338927794640618e+00
3.798949005477439300e+00 6.694015532412649350e+00 1.005198708693998411e+00
2.599535734017977884e+00 -6.291660040589438729e+00 -2.617845299118938929e+00
3.678292530308726782e+01 4.555522743988627354e+01 1.174340785751056337e+01
1.668479297715110166e+00 1.166304558637086819e-01 4.258825617127893537e+00
-2.652639004771172870e-01 -4.668365784657489748e+00 9.591950629734247169e-01
-6.526394323949071818e+00 2.186173508540663502e+00 1.591550175420558544e+00
-4.559217158095785649e+00 -4.381822112285244764e+00 -3.970546307764602822e+00
-1.141661233706519951e+01 -3.708942962729502302e+00 1.814915037202868175e+00
5.809326807194358011e+00 9.146215819713791717e+00 1.967235231748298929e+01
5.982878599628573824e+00 5.408225946101190118e+00 4.248175833969628279e+00
2.033236389998307470e+00 -5.379481232366561727e+00 3.504166584304614140e+00
-2.900625315309558250e+00 -5.794865807364413257e-01 1.384365166602804287e+00
-3.293414959683273580e+00 -6.849321027878595203e+00 -8.576831924818039354e+00
1.343000847476399962e+01 1.669707011140156627e+00 1.202784747797061371e+01
9.851695176910922891e-01 -4.167865465940350789e-01 3.466553394676097910e-01
2.832907728201213615e+00 3.328748982015607982e+00 -2.747395776596972983e+00
-2.089140471474454586e+00 -9.124919999276755789e+00 1.094715716009286943e+01
-3.289031288619049143e+00 -7.196832959254880757e-01 -3.162050462839100184e+00
-4.845479921371946830e+00 2.454806493550040880e+00 2.293617825700714263e+00
-7.911290690512551294e+00 -1.680220183111366339e+00 6.436673446987982494e+00
7.353250395181762045e+00 -1.049369889482326013e+00 -7.699135224140611022e+00
4.768140622027865483e-01 -3.298488838192906059e+00 -3.633064661133501350e+00
4.801125831038557834e+00 -6.373399344023082058e+00 -1.128087140983643799e+01
-6.799674025015622902e+00 3.166657639603299934e+00 7.908758803861159592e+00
-2.567393576457996374e-01 -4.376175663423465534e-01 -2.983805302179908470e+00
-3.177914704982403027e-01 -2.021812156322561194e+01 -1.648750879814376447e+01
1.392130730073148825e+01 4.164658824452050823e+00 -2.376445952835359066e+01
6.898981243268742070e+00 1.779232027747023182e+01 -2.359444068757307278e+01
9.425783814090989310e+00 7.611713776012750898e+00 7.373891733302136986e-01
-2.692306112846823307e+00 2.016459560219582947e+00 5.250987005969329324e+00
-3.833974126473390864e+00 -8.685412479228744598e-01 -4.783838615717519893e+00
-5.482568290485808404e+00 1.019283722681359272e+01 -1.680912058318563718e+00
-1.118847149648000361e+00 -2.776714628260795514e+00 3.160437624804820267e+00
5.824330900540577005e+00 -1.018991363330815680e+01 -2.443497948002395947e+00
2.340141464054231069e+00 -1.603848429337966994e-02 2.111218884095719339e+00
2.076608258450233002e+00 5.849343700854913841e+00 -5.117755111254774114e+00
5.807027723219215787e+00 -4.263307474863714752e+00 -9.101408135118777665e+00
-4.022185592228922912e-01 -7.616280147415060320e+00 -9.164522295550661113e-01
1.603058806115598500e+01 4.152458610805569883e+00 -2.175665039595057415e+00
7.345722222129544399e+00 6.605532744125433453e+00 7.004462207191416212e+00
4.979300126431830620e+00 9.469930891039199938e-01 6.215518843605733146e+00
1.748169444406562789e+01 4.447013542684988607e+00 3.183917475727784563e+01
5.224353522469041167e+00 -9.750148475984252272e+00 2.732537055224558031e+00
-7.244053999044847814e+00 -2.096197864192941740e+00 2.245122564098811502e-01
3.699853296358277976e+00 2.748765371491242782e+00 -4.914684376602261651e+00
-2.837144235784765911e+01 -1.218546145266261505e+01 1.930469786408600541e+01
2.962539621038221327e+00 -1.967398728469704139e+01 7.569416139885110972e+00
1.058737861106724631e+00 -4.508557495539665394e-02 -1.610039350934841851e+00
4.980394620100568659e+00 -1.515254987960675237e+01 -3.034568282482346646e+01
2.002703970825710655e+02 1.404160691643649450e+01 -1.216301755126284547e+02
-5.783373658936098671e+00 2.956163119598662070e-01 9.187184003014923661e+00
1.513714891631451565e+00 -6.037309067631752235e+00 9.883266490648195957e-02
3.307051711826341833e+00 -7.348884599264875195e-02 6.947148734065007325e+00
1.368467345834470938e+00 3.798968071906915434e+00 -8.828825738392259481e+00
2.974823669756212396e+01 1.161004981669962000e+01 -2.828467261255358878e+01
-4.567449523564431679e+00 2.038884468558599394e+00 7.301223985073502787e-01
-1.012124854356371983e+01 -5.172437424897565528e+00 6.317552450242043705e+00
6.104625462772585998e+00 2.490180076239152385e-01 -1.732327897935058303e+01
-4.647791500409271137e+00 1.652539818342197764e+00 3.680247731758830021e+00
-6.909585009120874366e-01 -3.402604068898001266e+00 8.207818254460335083e-01
7.167922352770270678e+00 -3.205424639054673719e+01 2.154099250030648172e+00
-3.421425975602609970e+00 8.275640438021259371e+00 3.116440576274303265e+00
-2.074021805859350476e+00 9.575565772690611155e+00 2.069249948994233534e+00
-1.463236161906369848e+00 -6.079874254391794075e+00 4.378779151770948452e+00
1.071864763140094645e+01 -1.164733483340333287e+01 6.987103690304081738e+00
1.487700326902995762e+01 3.304724047073455573e+00 2.257967710287185525e+01
-1.203145842305945595e-01 2.636643719344874626e+00 -6.961177234370169664e+00
4.803362517661537434e-01 -1.479713587462469171e+01 -6.200751741669108696e+00
-2.678036509184831360e+01 4.165099441762816213e+01 -1.473434542419518856e+01
-5.935219894030431931e+00 3.957592051718958892e+00 2.713302339888161274e+00
-9.583477074531474571e+00 5.818522257296319111e+00 2.062111834595152349e+00
3.770126868686310750e+00 -1.608165295939629047e+01 -3.954645345044312421e+00
2.919657704000725995e-01 -8.502816375287798323e+00 -2.464825678695269584e+00
5.234750136704223422e+01 -6.934698886521626804e+00 4.304485491140957265e+01
2.243409968882297545e-01 1.345957319958681531e+01 2.068483394403134668e+01
7.539126200200360617e-02 5.215913063366558688e+00 1.936610505894974077e+00
3.253748312195589687e+00 -6.862678508298111879e+00 6.969209928966558776e-01
6.730005278374798117e+00 -7.086491021537164592e+00 -2.249136217058029352e+00
3.151490854364870309e+00 -5.038783079584274738e+00 5.661979266377683118e+00
-3.161995368419312502e+00 2.320961565715668140e+00 -4.096805854391336044e-01
-1.680001117213716144e+00 -5.339880806614306863e+00 1.980148398626766226e-01
-7.566440448165280941e+00 1.200040435911309444e+01 -3.182101806970119018e+00
1.724434869735062437e+00 -2.426488340876782779e+00 1.187113041778799882e+01
-4.689064005756879538e+00 -8.691639154592083472e-01 -4.160545040078368118e+00
3.275059554166646625e-01 1.728380168631356573e-01 -7.779601953235196099e+00
-2.007048903074646784e+00 -1.014691805809716074e+00 1.048251399044767496e+01
-4.438592772675844955e+00 -1.361518143137984693e-01 -1.053742049301569850e+01
-9.349966054243523672e+00 -6.570223237230146118e+00 -2.634625341534107790e+01
1.358553018935086421e+01 -3.314907819447821424e+00 -1.109436739429745167e+01
-7.878464258839475320e+00 4.000099546968566067e+00 -7.555679129572348884e+00
1.984687275123630190e+00 -6.400635222160833138e+00 -4.784631564420030791e+00
3.438555750550784662e+00 -4.706196425725506671e+00 3.876177372978706348e+00
5.341793438350657119e+00 5.342769921625022178e+00 2.884306140330909152e+00
9.631987304269880923e+00 -2.413585199592832353e+00 4.564320657008571480e+00
9.292547843854456202e-01 2.649594615237481410e+00 -1.601925615421905391e+01
-1.216511036183307226e+01 -7.526780040620356438e+00 1.111948835766681398e+01
-5.351364320863118529e+00 -6.162092617027099095e+00 2.939327863378787153e+00
5.899711443083447193e+00 1.210619959727548967e+01 1.071877301106158642e+00
-3.609821953400194872e+01 2.346827943915981862e+01 -3.085704468408613010e+01
5.570234297547967728e+00 -6.586019725160706662e-01 -4.049355048615617569e+00
2.543556762991089570e+00 6.563616242258432099e-01 -4.863763509304924959e+00
-4.281816436417448912e+00 -4.984216899831527270e-01 2.601216038695946864e+00
-6.593763144986642288e+00 9.880749989080172213e+00 1.523213318928969251e+01
-5.205792325210545357e+00 6.064553197535105689e+00 5.600495547915874006e+00
-1.202169785030032401e+01 8.250861289423056633e+00 -4.862510132163485821e+00
1.857879930445907490e+01 1.083526802700285963e+01 -1.243752631384516683e+01
1.643497031669486130e+00 2.262177788363180841e+00 -3.118344089919721895e+00
3.655432125425927214e+00 5.626883426724780257e+00 1.181178582961621615e+01
-1.912000103763309200e+00 2.194483770128438316e+00 3.780313245032839164e-01
-1.722154999386939167e+00 -7.184620901859527287e+00 1.493041917287613707e+00
-9.142162733774952699e+00 -5.431828135239307187e+00 -7.822637248469939131e-01
-3.186970151943043561e+00 -3.356486714757679568e+00 7.108279810057916981e-01
-4.596190836203895458e+00 9.367500698368919076e-01 -3.904228453256378462e+00
-3.741845933068530083e+00 6.254257519727508985e+00 -7.420403794506423623e+00
-1.383876439409320369e+01 3.287174979239516848e+00 1.049504554214873231e+01
-4.817228276489625149e-01 -1.414939471506984514e+00 -8.248514124696209038e+00
4.794001464878096641e+00 1.611124799554389586e+00 4.442508656278058021e-01
-1.305689354515356548e+01 -4.190983236796777867e+00 -5.423706677963202161e+00
-1.405194811430753887e+01 2.743545753552948341e+01 -8.752404268153810563e+00
-3.189535178317877140e+01 -1.769466025334132908e+01 2.545177161832091084e+00
-4.342139234103061796e+00 3.909465628591238584e+00 -1.482262950389310774e+01
-8.888851028125183129e-01 -4.972054676465659240e-01 -4.492400947147829449e+00
-1.557574010062200998e+01 -1.599655382598954745e+01 -9.788162546354509885e+00
-3.816673385714406841e+00 -1.318504997891812103e+01 -3.168781737715983482e+00
-2.300549779130165007e+00 1.453575971654337939e+00 -1.787123016153140398e+00
2.951039797139059395e+00 -8.588969822251737440e-01 1.050469981589829871e+01
-6.612962844823331299e-01 1.061891463483402465e+00 3.047603092328632801e+00
-8.369078859165673734e+00 -4.281801369937099366e+00 1.003789722488245828e-01
4.424515630080242623e+00 2.112430143534377969e+00 -9.190152715201199696e-01
3.648073956022762854e+00 1.132808053283675953e+00 -1.550506892796743863e-01
4.339879960897538247e+00 7.394172576769061145e+00 1.655998052814489307e+00
1.624847746806639748e+01 -5.699351586935260450e+00 -6.654077357428390682e-01
3.912508747036526735e+00 -7.530857845516178983e+00 -2.006229523269293935e+00
-1.176543810742386731e-01 2.467392197735525539e+00 1.417307626585444602e+01
-5.874413440694347122e-01 2.560438359140094988e+00 -2.974002385519129543e+00
-2.888697702369180664e+00 -6.072587083244808115e-01 -1.909008049404040364e+01
3.086679596478546284e+00 -2.279799113509852315e+00 3.020587915969570325e+00
-4.088604938364965413e+00 4.841500613980251888e-01 -2.415074423153818817e+00
1.140423125053197673e+01 -1.993560465170370888e+00 1.082987593884482358e+01
-2.839272339020796565e+00 -2.303156366994056725e+01 8.724583729700852164e-01
-4.112900371911586461e+01 5.865914781018481960e+00 -4.573523418396926843e+01
8.633784635070030689e+00 -1.399608525131367687e+00 -1.768699442532665955e+01
9.377547975185912321e+00 5.413100678826377354e+00 -4.359192411689775115e-01
-7.304113995661773995e-01 -2.576357983859988110e+01 4.579348617728273396e+00
5.657539391124911887e+00 -1.570019492836235653e+00 -5.578272601309992140e+00
-6.433625072475271267e+00 2.531215808641190890e+00 -8.693496367521701629e+00
1.260949445699320393e+01 -1.474990581967427161e+00 3.819361197691238274e+00
7.112307340708939662e+00 -6.554058471589780943e+00 8.193478431846411281e-02
-1.597322499868191947e+01 -6.566900495304314411e+00 1.186650453507099101e+01
5.819785773386996652e+00 -2.250042716258195519e+00 4.576420422606234162e+00
-1.075576632357718943e+01 -4.719881291982230387e+00 6.667766598928339228e+00
-4.886408968749582638e-01 8.013209472356260799e-01 -6.230534434986629400e+00
1.104820280311983316e+00 -2.139950671745322275e+00 5.842098363333419364e+00
5.950602353328211080e+00 -2.570296414561233256e+00 -1.166622560736479564e+01
1.568903530869115137e+01 7.413373521232471397e+00 1.117681968868954456e+01
-1.566324907057704152e+01 1.209021862937091463e+01 -6.923164563299541108e+00
-5.644712517448065903e+00 -1.626115038381451683e+01 -6.091286210263509027e+00
6.307746670445222748e+00 9.087441047847750752e+00 2.803677852334045983e+00
8.140752638183144541e+00 6.560654155055989811e+00 -5.383374229516833864e+00
7.101802526569903629e-01 6.289424384792958733e+00 7.016648912208394151e+00
2.542818206523847824e+00 3.648269800239556382e+00 5.321487775353498151e+00
6.375683527757088243e+00 1.719588026465547204e+00 8.731396399164140121e+00
-2.457611556328166635e+00 1.107326364503935512e+00 1.132254079985441031e+00
-6.817468062859302513e+00 1.203407835652805780e+01 2.316024516361865349e+00
-8.095628096296180187e-01 -1.128791034037223140e+00 -5.591743140012609414e-01
-4.449029162261543213e+00 3.690663134585548288e+00 -5.031273244064354833e-01
-1.390494156236731449e+00 8.325339867453136478e-01 7.818952985449947879e-02
1.118547140539713070e+01 -7.355672542261213920e+00 5.181036027531278343e-01
9.234464205601760511e+00 1.166538141821691532e+01 -4.381744725552429109e+00
7.806690859892301271e-01 -2.329697572322861010e+00 1.009612276456043123e+00
-5.341763083799438760e+00 -6.943390958710467409e+00 -4.291897889528500265e+00
3.428419600377488941e+00 -8.423594823928381103e+00 -5.369427934541695535e+00
-1.063397651012808964e+01 6.332166823404949962e-02 -1.608716335135015996e+01
1.683438305389104661e+00 -8.596182612253622679e+00 8.666419263795948069e+00
-4.044892451951860757e+00 -4.447513212065459243e+00 -1.678505867484521019e+01
-2.769408808076248452e+00 -3.829336742658009829e+00 8.185488635916973621e+00
-2.370401925502764851e+00 2.399131935812599259e-01 2.158205012214288399e+00
-1.822234547866295573e+00 -1.046600508803104068e+00 1.703474278939273834e+00
-6.651887922729548208e+00 -6.863717654218430830e-01 -4.680271388582853298e+00
-1.676802013952029213e+00 -7.387902030495827610e+00 -3.642853809788094033e+00
-8.237152219974696266e+01 -7.626309524991123112e+01 5.995056982864068118e+01
7.135909496024338099e-03 1.628469647169096035e+00 1.034766342556562968e+01
1.199147916735585362e+01 1.027384763490711777e+02 -8.419669657130512519e+01
6.589595257107305759e-02 -5.507194666027660723e+00 -1.511040608317028777e+01
-1.244216886324011950e+00 6.425466691833650046e-01 4.684845759473801330e+00
-1.834076925787242018e+01 1.403454991482503544e+01 -3.409146938492340961e+00
-1.126980153455815703e+01 2.041195652387149195e+01 -2.129808483648940509e+01
8.037763732561813868e+00 1.471163403892892774e+01 6.714207689182354777e+00
-1.522098697042346060e+01 -1.048179964077969828e+01 -3.251899592685069962e+01
2.694043988022996938e+00 1.326808168791305143e+01 -8.953450924148074197e-01
-8.835653590878326247e-01 3.464496092451627707e+00 -7.369750083208904456e+00
1.206077109101000744e+01 2.570404738676361234e+01 5.350427555780797206e+00
6.693116462815116563e+01 -3.439282285578270404e+01 -1.126970508394585124e+01
4.885253485335397272e+00 7.834107354236262699e-01 1.362562533703517609e+01
-5.587851188084202931e+02 -1.117060183889099108e+02 -1.082534856679775004e+02
2.037429019555526466e+00 -4.498154870724197174e+00 4.927918876654048819e-01
-6.614031766891174113e-01 1.854955202097955835e+00 4.182953960133369620e+00
-2.138830102938789945e+00 -5.436521034694078658e+00 -9.414142441026527308e+00
-2.301869709228402616e+00 -6.922429580822531570e+00 2.636856109827727224e+00
-4.562635973204560713e+00 1.359778879704929011e+01 -1.167349959173647456e+01
-6.566571419430816681e-01 1.190014016428974974e+00 5.455728770024005136e+00
-1.281859484506482438e+01 -1.054861868407838577e+00 6.760345405002612829e+00
-6.198428050162248582e+01 2.927002859089833109e+01 -5.890552670868061114e+01
-2.293009590567740119e+00 -3.079184538587285580e+00 -3.458214049356355790e+00
1.119753837431977317e+01 9.737553299502762494e-01 -5.492001582243678293e+00
2.451062758721192392e+00 -5.307416637758252342e+00 -9.634330329761727540e+00
4.509570777813114439e+00 3.689139505976805067e-01 -1.615283708597427870e+00
-8.114438211271966850e+00 -6.055443416634399334e+00 7.601449106558145985e+00
4.693713859385994169e+00 2.954107189598108807e+00 9.910640924408812280e-01
3.522081228915234341e+00 8.713749639960903792e+00 1.976907653723528169e+00
3.340591662162435682e+01 7.395999591957608743e+01 -5.078787032120761324e+01
1.072656555313377114e+00 -9.720396329748668407e+00 -7.113230538952718618e+00
-3.645125822308737717e+00 7.589123095207681580e+00 -6.116719769596470790e+00
-8.004608833721917449e+00 1.084319011296016155e+00 1.305540084771389786e+01
6.517204054727721463e+00 -6.465642745902114186e+00 -9.600649323662784340e+00
-2.095581879736896802e+00 1.965909028904502698e+00 -6.630871964025052634e+00
1.064079396553590584e+01 -1.298692992100934163e+01 8.790532743859178488e-01
-3.590002329364327505e+00 6.163499670311474610e+00 1.919941752660232481e+01
-1.176340798617170158e+01 -6.791976790486356386e+00 -1.222937099943494843e+01
2.288561092073665648e+00 6.563658375038860626e+00 -9.720668391166646938e-01
1.521661303377523389e+01 -3.511696277376068487e+00 -8.804306815013946519e+00
3.482891709221142662e+00 -9.940769500830047178e+00 9.783305621733219937e+00
1.039235656584022394e+01 -1.441747752923570491e+00 -2.378557516322644450e+00
-6.919573489121345844e+00 1.318763639954704736e+01 -1.894288317703086477e+01
7.192435837067230331e+00 -4.335051060922026522e+00 2.239126668526794539e+00
2.533624499388748230e+00 -9.914515102883457942e+00 -5.920464355409027490e+00
4.181878795030335105e+00 -3.299146805164154372e+00 -5.797368724928649186e+00
-1.402636080640857763e+00 -3.206543915347820928e+01 -2.795531305089886231e+01
3.390916109012447066e+01 -2.120699894171051980e+01 -2.730760280095609360e+01
7.077944429119797043e+00 -7.707083233152305368e+00 2.185546016448395079e+01
-3.702129324341639549e+00 -2.810947700342930400e+00 5.547412308718230101e+00
9.863797851938027605e-01 2.647981955900054807e+00 5.787223665140023954e+00
5.844284549143190510e+00 2.105989365713077710e+00 -5.527851604720011025e+00
-2.015321228094679729e+00 6.275419016923647675e+00 1.209028734645953174e+00
1.328097699793798547e+01 -4.296349745919252894e-01 1.172083378052091440e+01
-8.738793240571766319e+00 1.070619428678669038e+01 2.307310431167697828e+01
8.865916806168677056e+00 1.899448607213771822e+01 7.608695351613463664e+00
-5.881423969286051268e+00 6.424523157748353697e+00 4.708389930187915073e-01
-6.405120531739299850e+00 -1.731119116894436427e+00 4.133380419392418403e+00
-5.066740245343845928e+00 2.827400922626260638e+00 -8.727411019050188568e-01
-8.746561219526510556e+00 -8.385265763826755148e+00 1.020567912669603672e+01
4.307958589722223230e+00 7.843251533321609070e-01 7.186057243418644269e+00
-1.383108800025195606e+01 5.816221379939475078e+00 1.714071498408586525e+00
3.648916505517619258e-01 -2.746224889111846146e+00 -5.618542811520335967e+00
-7.958791213656015273e+00 -8.020791882657883676e+00 -5.540090412590726210e+00
8.733845738107683943e+00 2.597785946776066446e+00 -7.421821688865961164e+00
-1.142055349796450514e+00 1.729398382558422398e+01 -1.498753190825339532e+00
-3.639121008540319724e-01 -2.464166861678421139e+00 2.100556278105827346e+00
-1.605978006289834070e+01 -9.413344537149658464e+00 2.485456917042652591e+01
4.616714831116944140e+00 6.582761329258848093e+01 2.447909835287478941e+01
-1.107741280074230783e+00 2.521422587053161468e+00 2.600319445679051711e+00
1.001344404883706574e+01 -7.396242674271247708e+00 -3.909860629780536279e+00
2.881571731897191735e-01 8.369154330924834184e+00 -3.904259086502705589e+00
4.466542336431198024e+00 -7.142876983766890953e-02 -4.179512962796833264e+00
1.498262938183399506e-01 1.124635837720771692e+00 9.826813868834516352e-01
-4.595961515190718494e+00 -2.444424766410851824e+00 -3.723856806824566767e+00
-4.798917605030405653e+00 -1.805299155079462636e+01 -2.510968267295989875e+00
-3.203232732785749604e-01 2.330337326078866678e+00 -5.310847151084373552e-01
-4.527270184280411391e-01 -9.132302615536483259e+00 3.639816121624144696e+00
-7.904849050714012115e+00 6.160651187893489755e+00 5.765702278619634136e+00
1.680149864311605157e+01 1.705994519129737341e+01 3.073415153330839811e+00
7.469840775441275227e+00 1.906365816897069188e+00 1.251676576244447858e+01
-9.485179753075076547e+00 -2.371605331903665714e+01 4.290218154442762000e+00
-1.090671103313627821e+00 2.515322620525485942e+00 2.361844196750609193e+00
-3.833437622769602537e+00 7.161982536886456252e+00 4.940428942086113828e+00
-2.478874770470265432e+01 7.031408780031651418e+01 -3.381318704846225387e+01
4.159513743373194927e+01 -3.346269883502507270e+01 3.409337767601686497e+00
4.365217877000278079e+00 1.496263418940646694e+01 -1.195968855900811079e+01
-3.118549401548634137e+01 -1.332118709579719251e+01 2.176934866630707077e+01
3.327986398069356699e+00 -6.462579668100572938e+00 1.258787877767353969e+01
2.131984014890186963e+00 -4.577974846740310966e+01 1.834705258717683307e+01
1.475164156042097652e+01 2.008270700542088960e+01 1.460093722428504925e+01
4.158397934584469624e+01 -7.559377941222308550e+01 -1.305344446835765559e+01
-2.662367575050287094e+00 -1.044796601227013966e+01 8.323447121196705822e+00
4.547447809369154825e+00 2.942814740291022524e+00 -3.765418485540614313e+00
5.541754776839238339e-01 -7.777586358510462539e+00 2.091741344592473340e+01
6.342669436159941165e-01 6.160555896926550590e-01 2.120885395597501000e-01
3.083831097659027964e+00 -1.076984073028864231e+00 3.859658144719952944e+00
2.255451311012221627e+00 -4.664281252185831228e+00 6.843275464252486451e+00
-1.369273960034931470e+01 9.072796862609393997e+00 -1.160306954463155904e+01
3.385491158387450294e+00 2.751845735807901594e+00 -1.405303717689194087e+01
9.986024032820916219e+00 6.025584569920628297e+00 3.731554524737399348e+00
1.208110338498799008e+00 -4.666712205683943848e-01 3.217695461461581363e+00
-9.339268297961373477e+00 2.628828799112336512e+01 -3.186558098160649521e+01
-7.199023371482224043e+00 5.003443172254030458e+00 7.529351256689037264e+00
3.399344760539678134e+01 1.272188179867649716e+01 -9.730571991837623003e+00
-3.837527130374827955e+00 -5.711300894406363682e-01 -1.921946462314600312e+00
-8.828557081516212435e+00 -1.000216581402403104e+00 -4.130085280335629605e+00
-1.000388349114938258e+01 3.994579014460889255e+00 -2.589508842244857556e-01
-2.208270121959355947e+01 9.590773551975932065e+00 -5.662039704731340883e+00
-5.554238455368484928e+00 1.705042054422445941e-01 -3.444628533061192766e+00
6.031211399479484925e+00 -1.220002665528172825e+00 7.472506896350337158e-01
1.098117122422290670e+01 -1.362219712029516083e+00 5.288057326704084460e+00
9.352487559128459527e-01 1.939902895991301834e+00 -5.425437443006153604e-01
1.177368590451729480e+00 4.314602947675400202e+00 1.286861420627189556e+00
-7.888714756692295715e+00 -2.594283267910987334e+01 -4.899619927628502403e+00
6.713446882482942968e-01 8.771150847617307234e-01 -1.888543943876541453e+00
-5.750049628622827314e+00 3.087915901830641463e+00 -3.827529445462251267e+00
2.090216390451610806e+01 1.347259692187821400e+01 -1.662692455989717288e+01
3.220720172389644365e+00 -5.784939252768780626e+00 -4.153862545789145599e+00
1.187378342288694100e+01 6.520533325130958957e+00 1.425071550776576546e-01
4.759450208141038363e-01 -8.730479795125225095e+00 3.804646704547920422e+00
9.186972692303402965e+00 6.449458712722173637e+00 3.901981114123815431e+00
-5.680710195683608354e+00 1.542331036100350605e-01 -3.966979781967574059e+00
6.800864899905487704e+00 -1.456375142185856175e+00 1.429639892888909358e+01
3.949647680680257178e+00 2.929179435976806967e-01 -7.737209894773244834e+00
-1.516870163413448758e+01 1.052850241772812190e+01 -3.504949472455477721e+00
3.010013824749517841e-01 -1.492931851529128195e+01 -5.517144753311658434e+00
2.665294417759025869e+00 3.754941483649311351e+00 -1.478408669168651546e+00
1.547182538269685992e+00 -4.966977587457984100e+01 -4.056132776991812250e+01
-9.186575131623362367e+00 -2.148587530054203398e+01 -1.674251688784355707e+01
-2.565863133357582093e+00 2.058785630491005936e+00 1.307465754091704291e+01
-1.288764973446932860e+00 -5.277412507201479919e+00 5.489947814063545373e+00
-5.531556193263752474e-01 4.143218446399343335e+00 9.121536644830525731e+00
-3.592067805485764875e+00 -3.574834593813932759e+00 4.441345938526844783e+00
3.865802594421813065e+00 -5.126491890313316979e+00 9.799204448501587228e-01
-1.011117174453889156e+01 -8.323450972921355273e+00 5.674129474024305786e+00
1.909782005997230137e+00 1.500628820928300966e+00 -2.029364118034266973e+00
2.379990675303516934e+00 4.234358362617886229e+00 -3.819221157355639384e+00
3.152450939922196937e+00 6.958648607817554677e+00 9.639936004654376944e-01
2.725610815793294339e+00 5.208675086715351732e+00 -1.039665403588353776e+01
3.089513688392828694e+00 2.735534441354908086e+00 -1.130673455116331549e+00
1.108279142664063244e+00 3.980421103554971918e+00 -1.105632172256139745e+00
-1.806791394578852916e+01 -2.496640441796196264e+00 2.206698455653852164e+01
-3.310520192155033214e+01 -7.414192925859834027e+00 -1.601915373064290193e+01
-9.704532796083367718e-02 -8.098747491313915248e+00 1.068878844962712904e+01
-1.785062419298408187e+01 8.439217943896615282e+00 -1.647140743693724474e+01
7.917105005734872414e+00 -7.904334121791860568e-01 5.378414771373522640e+00
1.574473943494353101e+00 4.683036955807159174e+00 -1.142355816518590572e+01
4.092930259837453733e+00 2.050342056643919442e+00 -7.902932157085690967e+00
2.154089903100850911e+00 -5.947674629970012283e+00 8.051316979133256169e-01
-5.600874848545235096e+00 6.056387661951244006e+00 5.393543194144252872e+00
1.041822581739092790e+01 -1.046957844944088478e+01 -7.064831496678513290e+00
-4.000960442468865175e+00 2.086872728449356895e+00 1.117181400308813011e+01
7.528790457091632859e+00 2.707821921935621656e+00 1.991242759715686761e-01
-2.809734242564596585e+00 -1.822080250945369073e+01 -2.732970759581651166e+01
2.251821432290440228e+01 2.398083451649872089e+01 -2.610695152122996987e+01
3.888534382459049255e+00 4.456810673583447624e+00 9.473612877408259081e+00
-1.217506489828307226e+00 7.651708186365857145e+00 -8.849011853220982715e+00
-1.657425408201681094e+01 -9.945526329593646908e-01 2.870867304469812353e+01
-6.989832625619698980e+00 8.201372028286833427e+00 5.064844067827662499e+00
-3.893386614048345074e+00 -1.903451664657678233e+00 -6.417471615981519939e+00
-1.989973284568007927e-01 -1.379024058868719571e+01 -2.873171966443411662e+00
-1.025206516339049756e+01 -3.606486765513424952e+00 -8.413272951427812618e-01
2.844379944945068850e+00 7.874903378732919235e-01 -7.500303554265823625e-01
2.558916179701481663e+00 -3.870884760530406421e-01 3.064987559771313208e+00
5.086953927133788245e-01 -1.662916994912814639e+00 6.816853705234130700e+00
-1.050546975119546422e+00 4.625557201953770514e-01 -2.260490609736537593e+00
-2.614747342368691996e+00 -1.649845723767647243e+01 -1.241204180484007757e+01
-1.736661500273056902e+01 -1.397253139532610788e+01 -3.028863234443153196e+00
8.912939351160188428e-01 -5.074473788547159692e-02 4.172240681602978202e-02
6.137469263078754622e+00 -7.450398490939329044e+00 -3.146119811319385562e+00
-3.694405784233661727e+00 5.276347203627860694e+00 -6.030211283839412850e+00
4.339077167467162433e+00 1.976081525924022309e+00 2.152218946893068807e+00
1.296080860750094743e+01 3.345688531564405821e+00 -1.333536547132407257e+01
-8.801525785487031017e-01 5.378781997295932760e-01 -1.568942860357817715e+01
-7.734463223741196991e+00 5.227812937834322327e+00 -3.246727334458578529e+00
1.432525661181052179e+01 -4.476296318692500442e+00 -1.899705300612757330e-01
-5.305791304794907681e+00 -1.683683460108485619e+01 -3.855006530098732842e+00
1.277244894172474332e+01 1.149349876975661111e+01 1.012989824460789112e+00
-8.088114205918836674e+00 4.089125458321186457e+00 -2.012444358918662246e+00
-9.658380909665472913e+00 4.377976833825827363e+00 6.086321454775730722e+00
6.965710868156033087e+01 3.841754852251834773e+00 -9.720393400800812600e+00
2.543399857554704102e+00 -2.245461916097713506e-01 8.345737696846786680e-01
6.511779357314814831e+00 1.189506909371137455e+00 -5.459292962330206223e+00
1.195831551673049331e+00 7.562371376594064998e+00 7.753451596826435477e+00
-3.446970133857762963e-01 -3.687058751369039822e+00 8.548401103918211730e-01
1.448766516362938717e+01 -1.652999448730093945e+01 -7.875102451011502858e+00
-1.395936635695439243e+01 7.090287067300333312e+00 -1.137684976704376361e+01
-5.633361126338000346e+00 -1.112352558327995400e+00 -7.764914529021177181e+00
-1.525036320953817359e+00 2.239660788477075570e+01 -1.688743947507896470e+00
3.436785445580281539e+00 -3.578149733224909923e+00 -1.387518459596134068e+00
2.780197802403458596e+01 -2.020261055747264223e+00 -2.093449443176244884e+01
-1.402925793213012362e+00 -2.491676197800884562e+00 -1.548420513079065419e-01
6.046760055549799340e+00 -3.471245661257366333e+00 -1.842585236982616337e+00
1.026206450941319304e+01 -4.322545223879903920e-01 5.899289355078720654e+00
-2.067001544221800380e+00 -5.082173535978310674e+00 -6.670081778777792181e+00
-1.179763007684932585e+00 -4.079043643670148711e+00 -6.943899119479490789e-01
1.318921749379924258e+01 5.809500907982724449e+00 -2.339245843667693503e+00
-1.344512255006616996e+01 5.202162349640143901e+00 4.078344844654997026e+00
1.164746544699882147e+00 -1.193351665167652875e+01 -1.548428442171858876e-01
-1.989375150230661138e+00 4.849449294984744085e+00 4.111813712961275513e+00
1.274236881343290939e+01 5.637787255840475131e-01 1.385476615888419305e+00
1.008457951638562111e+00 2.990711523309439013e+00 3.496127596079844135e+00
-1.582695364971013818e+00 -8.928027144686963290e-02 5.174001293307378013e+00
6.233209866834576118e+00 1.131547133681629624e+01 -1.158616935269625170e+00
6.739677792004001411e+00 -5.730377776995290162e+00 4.943898758214676725e+00
5.795790838564083280e-01 -1.627207987800994626e+00 7.297295682485373192e+00
-2.382479437812746781e+01 2.100330592622423609e+01 -2.442853957776480556e+01
-1.053062708751229160e+01 -4.964965107562413493e+00 1.651041938882266691e-01
7.173435938776924203e-01 -1.436937920033457772e+00 -4.729146444039985298e+00
5.560537565369435553e-01 2.051668749887018084e+00 1.384990197188475936e+00
3.523536691286914380e+00 8.284762639948995755e+00 -1.475171986800953183e+00
1.248450889152313614e+01 2.223532955075799222e+01 -2.021602176683764895e+01
2.610155789228555623e+00 4.483875696517692688e+00 1.931703995082078684e+00
-8.893481603300514848e+00 3.745779424808482361e+00 3.795032132971588812e+00
3.502895676864257624e+00 8.212666511979241690e+00 2.823593743679497337e+00
4.210309082225240473e+00 -1.065675583124024151e+01 4.943910203166441697e-01
-1.566731558618288744e+01 2.714838150007327755e+00 -5.682148873492458563e-01
1.445922532375669967e+01 -9.272952287732769250e+00 5.012303119121561679e+00
4.212927421442254428e+01 4.881546801219793252e+01 -9.439119299527098406e+01
-7.280071191697971678e+00 -1.281421850316857736e+01 7.136790205411139176e+00
3.990070681125934104e+00 -1.515995777957303225e+01 2.942183048725011574e+00
-2.642415708332391588e+00 -4.982670605896077021e+00 9.713911396028171552e+00
2.668623089391113368e+00 -1.027957100304023719e+01 -1.765651165447031445e+01
2.771234539965433896e+01 -1.913053557414868067e+01 -4.471933158267690445e+00
3.838916024152833284e+00 -4.137703374242848398e+00 1.185700163845794464e+00
1.505150074648769376e+01 -6.130555981259623088e+00 5.171567798925368109e+00
1.091298786473759996e+00 1.168690249625917943e+01 8.284641928616602868e+00
-1.107487025480782927e+00 -5.023961582244580448e+00 -4.939789822273542019e-01
1.380827676429166040e+01 -4.571369989952495660e-01 -1.386510068697068654e+01
6.768762877575873027e+00 4.431152613254877082e+00 -4.559737332463780213e+00
-1.014030092807368000e+01 4.360710214187082379e+00 -6.656187822770875506e+00
4.886702672476775255e+00 -9.301423697532391621e-01 1.047089543897149755e-01
1.038988418973912609e+01 3.517122598465533212e+00 -8.086501110826446848e+00
-3.693143344165095954e+01 -4.454684466790548214e+01 -8.119162464862178297e+00
-2.925858333413868806e+00 -3.233959718375349901e-01 6.918873688164995928e-01
6.875004873036603570e+00 -4.111582700690197356e+01 4.779864626881099809e+00
2.365108458189862617e+01 -1.062414589883758431e+01 -2.278090936336214511e+00
-1.438240407082322925e+01 1.495288512629124433e+01 5.004130061161205845e+00
9.045266407945227627e+00 -4.353208137370205399e+00 8.270347525589437865e+00
-2.632037890796114610e+01 -2.670335284188917768e+01 -1.074875798441312291e+01
5.219853843055900278e+00 -6.748448863511613993e+00 -1.432158258275299412e+00
-2.138905722635482398e+00 2.663940791259096219e+00 8.415105601576275518e+00
1.307552919861120433e+00 3.163452455459628965e+01 -9.552854809547792314e+00
-4.242203391561048420e+00 -1.416715547029010125e+01 5.683910623672317364e+00
8.903272275195208252e+00 8.017704464495405858e+00 -7.675708086424764431e+00
-1.103656236137874735e+01 -1.267215711027594160e+01 -1.730001859492897864e+01
9.586587817063231043e+00 3.954074366184712641e+00 -6.251344314505654642e-01
-9.430051984334602011e-01 2.956333784478875071e+00 2.875651612321436623e+00
-2.351162778167453504e-01 -1.969975444462626735e+00 -2.083980614527091824e+00
9.239140053937143771e-01 -1.200674217611354733e+00 -7.374379985454765363e-01
1.751233800026334464e+01 9.020122203723291321e+00 -1.584730874682322721e+01
-3.009200441263019332e+00 -3.432947393749734566e+00 -3.017412144726821399e+00
1.164930945578148958e+01 8.229641560078366780e+00 4.856808322459650107e+00
-5.450788191275285355e-01 -2.706239787541631525e+00 -1.091124969067232442e+01
-7.429334712001967489e+00 8.194622301736231407e+00 3.551452857674574304e+00
2.845659269473472364e+00 2.080887790121361824e+00 -6.114345920849242333e-01
8.431280673994612229e+00 -7.803411930764115212e+00 5.673344878512535772e+00
4.544062238592974090e+00 4.713419780551865834e+00 -5.203163750080325833e+00
-1.013455086896803303e+00 3.830224805024854184e+00 1.015471993301880005e+01
-1.268860854690095508e+01 6.966857473173100779e+00 -2.399855884924587013e+00
-1.282228927613341440e+01 -1.783356283307241696e+01 1.035525776104204532e+01
9.268349054651348951e+00 3.298387519395524770e+00 -3.784605281202093607e+00
1.770956243850116518e+00 2.464847805058879349e+00 -2.634429290398800916e+00
1.429478395435648608e+01 -5.760814521415424494e+00 9.262435260825540695e+00
-2.856189533714676099e+00 2.055409258049684329e+00 -7.508718773209821506e+00
3.116452496086905111e+00 4.089149931727687814e+00 6.427622190746148156e+00
-1.885519671764657179e+00 5.681363673338041487e+00 2.974206606642720629e+00
-2.018123698828333445e+01 1.745632175116848472e+01 1.881997489378226263e+01
6.391361544291994434e+00 6.488603040341693884e+00 1.083401858121243316e-01
7.974026908683923054e+00 7.960001838674990893e+00 -2.312507836831695140e+00
7.519198008311622772e+00 -8.481865843581715581e+00 1.461700515920578525e+01
-2.025882393709099727e+00 9.076967718427273013e+00 5.126308452028346174e+00
5.286438827050475631e+00 -5.530073871027536114e+00 1.084310720485310631e+00
-1.845158328036786699e+00 -3.459093850312997986e+00 -2.019093217366303428e+00
8.341657687950799982e+00 -1.834078546783383779e+00 2.478462581641110329e+00
1.368659809010780037e+01 6.683219590112720043e-01 -3.991354774285288620e+00
-1.688397973090762338e+00 -1.611546565408790987e-01 -9.168286834711009803e+00
-1.214497341072950221e+01 1.747667352367548332e+00 1.676821342405592929e+01
8.446058249680477914e+00 6.601362869733068628e+00 -9.125704543535877455e-01
3.047506782076490062e+00 3.667600568093130065e+00 3.630832400104405888e+00
2.518220977315529652e+01 4.358256970258767460e+00 1.380702335554875049e+01
-5.175580880440663556e+00 1.905758255295417314e+00 8.688750173657989961e+00
-7.359635918958475909e-01 -1.200699223797038862e+01 -1.876321280311438500e+01
-9.955676365851191811e-02 -3.504717500889561466e-01 7.071923463954684408e+00
-5.372202085711621500e+00 -3.698980787404462234e+00 -5.987309751701265448e+00
3.057956835425433084e+01 1.226744720753838891e+01 -1.562247137454344781e+01
1.200070184912523175e+01 3.024020940031703475e+01 5.753751007069771717e-01
-5.723425884962745069e-01 -1.742972128311762736e+00 -8.311138450558882340e+00
2.571185183745951175e+00 4.600281262764604584e+00 -6.579409726510315970e+00
7.262576351300971567e+00 1.725075338611621545e+00 -1.799803710960318437e+00
6.079996219928009538e+00 -6.870237474850184434e+00 -5.413445250055263003e+00
-3.127311277547583312e+00 -2.396086342902625788e+00 -1.435091100114739504e+00
-6.314307276972113137e+00 -3.211950686373193697e+00 -6.201437682825185149e+00
-8.492872876345007427e+00 -5.487807239165576334e+00 3.743336225105144077e+00
-9.863545737456314022e-02 1.303467370418183835e+00 4.140291784575913958e+00
4.116852404300173518e+00 1.775205241956362201e+01 -7.977726225184141207e+00
-1.408626474054445232e+01 1.620235756938935623e+01 3.313974034187598505e+00
1.298951007125282509e+01 -1.240742662250280581e+01 6.916625976685069510e+00
8.226309766041881577e-01 -3.061152474524912570e+00 1.106199361270946646e+00
1.759158196414848829e+00 2.878036627110743595e+00 5.106445683016072934e+00
-2.292077380555062494e+00 -1.403666470042856318e+01 9.891115708592153055e+00
-9.214035992893910176e+00 -1.707861940950562651e+00 3.315146789585635023e+00
3.155935937508090317e-01 -2.650540636565030361e+00 1.066262161367146533e+01
-3.705596560164255315e+00 5.842464331345621487e-01 -1.707381900592217283e+00
8.186758401852702605e+01 -1.367728062128595390e+01 2.796768315343170386e+01
-1.333939427056538785e+00 1.481481458373083537e+00 -3.976246508927111289e+00
-1.043012887197575012e+01 1.941546884802399475e+01 -7.740188218181690338e+00
-2.478795515471702515e+00 1.695243931841023191e-02 5.912123523937266256e+00
1.570141449224585761e+00 7.518155611556901263e+00 7.630374596251265906e-01
1.006962512788924347e+00 8.561258184986895170e-01 -1.237399753177422790e+00
-6.016473764209012920e+00 -7.956894720712423208e+00 -6.901521089433340084e-01
8.820662280266463595e-01 -2.761158270110646851e-01 1.508648246069801635e+00
-9.475772602461912442e+00 9.353373518843193679e+00 -1.637117067467766063e+01
-9.804882550932122465e-01 6.648547156887641307e+00 -5.712075561031205950e+00
7.024714845026198695e+00 4.809554285709916499e+00 1.092939341397554465e+01
-8.172624759847340048e-01 -2.018061965054729345e+00 3.839375708122397146e+00
-2.473196683473824820e+00 -4.752785619249396909e+00 9.964363760293933225e+00
-5.180108892441908530e+00 4.296170965138590425e+00 -6.689719376354749336e+00
-1.419388751959512973e+01 3.895007286250663725e+00 -9.136152641287489828e+00
-9.788591942755532571e+00 -2.924046110767683171e+00 1.082788081374127964e+00
-1.071664263131322681e+00 3.320102706578587970e+00 3.719589815090828200e+00
2.651316142503968187e+00 -3.076910848313047619e+00 4.468343559565108869e+00
1.975536617194468825e+00 -1.057417683618480098e+01 9.756532313345372742e+00
-1.523664118019373959e+00 7.766852843336957690e+00 -2.222864859428657358e-01
3.598410997194569472e+00 1.378398110130231302e+01 7.860777898895389804e+00
-8.774862554872882026e-01 -8.158283483649396428e-02 -4.301965536372415744e-01
-7.560463788657144413e+00 -1.443856052475478791e+01 3.076675818764626147e+00
7.373667925574267201e+00 6.974667380006748019e+00 -1.236772336333321842e+00
-1.864585184665869200e+00 -2.097918312350611991e+00 -2.667832797521263899e+00
6.153590109953707810e+00 1.484567294528299186e+01 -1.684118462539657912e+00
7.763419643802500048e+00 1.455415255210420034e+00 1.814128008273608827e+01
1.693701053330905759e-01 6.774440866580231813e+00 3.536368575738432218e-01
-4.357239135984057654e+00 -7.576271357369364523e+00 5.045221629217540027e+00
-4.719989259093392953e+00 -2.474287979655460212e+00 -1.681461765055060731e+00
7.940134702068815997e+00 8.303889112389885696e+00 7.304337660587019165e-01
3.638336376414902418e+01 2.271101452927763553e+00 -1.139633868645955950e+01
4.837646532280303724e+00 6.993788390628083995e+00 -1.156208732635070469e+01
-1.790737922629285217e+00 1.018442190757789589e+01 -6.441987474282893089e+00
-1.011626726485461258e+00 -6.904639003085656368e-01 7.542638158396727910e+00
-3.624677155472049161e+00 -1.122728572999153229e+01 8.521944690505638409e-01
-5.251211681041379364e+00 1.232376310392143459e+00 7.898705843689272754e+00
-3.724086119976516063e+00 5.740583063527475716e+00 -6.575993080845535133e+00
1.594952275656680918e+01 -2.106308480949873052e-01 9.668604263897840667e+00
-6.142986386325870463e-01 -8.995228296125844514e-01 -7.395927575749021265e+00
-2.369351760000722340e+00 3.165274133286887004e+00 -2.722248788191183877e+00
2.475629481935296639e+00 4.884544933944299783e-01 3.705875811649684604e+00
-2.914223231334750608e+01 -2.322953506061660178e-01 2.979589031526836074e+00
3.104585082971543231e-01 2.966058768157562753e+00 2.542650400604704597e+00
-7.961946662739096681e+00 3.121608401615868722e+00 2.438967956221556932e+00
-9.503956681215409930e+00 4.796515204025345369e+00 9.915760420891684745e+00
-3.520490174295936026e-01 -5.193962293788877416e-01 -1.037210532962151710e+00
2.010590553769294075e+00 4.181515348771196905e+00 6.204773169959742596e+00
9.414982520948580458e-01 -5.431637631108439557e+00 8.116291289551962329e-01
5.501736202684506694e+00 1.936300284897057855e+00 1.495649592298517794e+00
6.251504496930989419e+00 6.142069656585810167e-01 -5.418201429083773668e+00
9.213797863846652447e+00 6.429734637933719021e+00 -1.124378690384488122e+00
-5.231001212320250948e-01 -8.286094232497916323e+00 -6.362009649796437571e+00
-6.503256890679944391e+00 -1.658667373825799984e+00 -1.708757739360896866e-01
-3.157569434955044052e+00 -3.997648336796866708e+00 -2.062740397142623028e+00
1.822263209416037366e+00 3.689205191780767557e+00 -1.173302740484059470e+00
2.740993054315784772e+00 7.332285288666876788e+00 8.119643273091012858e+00
9.120250510529899657e+00 3.164105540876377187e+00 -7.373176056747038132e+00
-8.549973188863003060e+00 1.864854198085166503e+00 -4.342072548810628874e+00
5.109280930865063297e-01 -1.390199538220562747e+00 -2.887545177915025185e+00
3.631961316435124765e+00 1.448540442538589978e+01 6.722021790473880820e+00
-5.027733521180432597e+00 -6.174665095462727571e+00 2.809317860852288407e-01
9.045421424387322107e-01 6.815458104223886870e+00 1.417125763808598338e+00
-6.369795849953665545e+00 -3.436127448672133156e+00 1.618902990676074438e+01
-1.774421295152165001e+01 8.341994207677913664e+00 -1.451682846391712722e+01
-4.999033134157910041e+01 -4.304469378125541823e+01 5.500006512603917486e+00
-2.500579877438527721e+00 -4.717110325475923460e+00 -3.797905608919770692e+00
-1.140182835505136616e+01 -2.237774033397408502e+01 -5.175242788537156358e+00
-5.617792755040120767e+00 1.966451988748222357e+00 -1.312396635144607471e+00
-2.650141292088167067e+00 5.109314537994382732e-01 1.476899963103303959e+00
-1.070555640372893258e+01 -5.578936973271269473e+00 -8.023252982908315900e+00
1.346237494868030904e+00 -1.026406356939455256e+00 7.480761876639661079e-01
1.593920291671049405e+01 6.398348391915210931e-02 1.473695313178569499e+00
1.184552878229362349e+01 7.168727031224190860e+00 -8.515548186466601610e-01
9.450795327496395171e-01 -4.087039134278845687e+00 5.885667258296080284e+00
3.415742723052169527e+00 1.919548981176774971e+00 3.192777135862199245e-01
-8.536561597573770754e-01 4.049897374817474471e+00 -1.182851027706382618e+00
-1.357958069053938743e+01 -8.991925288547134798e+00 2.705195455874839894e+00
1.120830260358478103e+00 -1.875821628412866593e+00 1.628955800397270615e+00
-1.346160860608564747e+01 -4.135660816890643687e+00 1.302966830204250570e+01
-3.847577278192215178e-01 -5.373577887533539155e+00 -5.570996832628813067e+00
3.228204965534574034e-01 -3.577307934056627392e+00 -1.129713256543362965e+00
2.792577739644519141e+01 -1.039647015560944254e+01 1.541679693816154550e+00
7.130462578916376692e+00 2.493863527316921846e+00 2.388275614025245464e+00
9.440421996729359222e+00 -5.394779867582894184e+00 1.045961283205071757e+00
-5.779009726679066539e+00 -1.283850068817253609e+00 -4.420763715131643123e-01
1.630432762555427795e+00 5.856811658458007663e+00 2.916391492754030423e+00
-1.008136741648278090e+01 7.535166532989452381e-01 1.142657532619496941e+01
2.024262592939290339e+00 -9.463069415915413174e+00 6.623598927821376492e+00
1.094161507293253166e+01 3.180833611254549442e+00 -9.599299171165149858e+00
-2.136345316904719738e+00 -6.379531911333315541e+00 -2.337090994001037036e-01
7.920251942188880623e-01 1.082353133847051119e+00 -7.181266359093008589e+00
-3.942761419298103309e+00 -6.971147508035936191e+00 -4.835247890969643692e+00
1.871692253891305668e+00 7.687175006969768631e+00 5.007676571873325599e+00
-1.743666370697048507e+01 -6.696339280237955549e+00 -7.449182941017846282e+00
8.424225537142108422e+00 -1.370437387052842126e+00 4.155018059104655492e+00
5.903730251103995741e-01 4.564753517017440920e+00 5.420073847257357302e-01
6.132673498176931304e+00 -1.477133088260107918e+00 -3.170770009485498336e-02
-7.185356332371130250e+00 4.880833031862388260e+00 -2.340919334781772054e+00
9.323126006456204706e+00 -5.473301708742901894e+00 3.152831136515016652e+01
-2.452207903082548324e+00 -2.756468344539339643e+00 4.785366475917940399e+00
7.892545297634402601e+00 -2.422714432552712349e+00 -2.251815347318818716e+00
-1.946717750897347443e+01 -4.042096026962835431e+00 -6.727601529470685904e+00
-3.399858790301126366e+00 -9.463940234095024051e-01 -4.843061645139322913e+00
-2.220885779573127383e+00 1.396617950957497745e-01 2.089543790579072996e-02
3.271601502780270287e+00 -6.413605246360298828e+00 -4.712590856190818300e+00
8.191203996929296238e+00 3.588724245743450503e+00 5.392361588278350659e+00
-1.111776974045761923e+00 -2.944152064854760109e+00 -1.379422115297662677e+00
-3.950975805952466668e+00 -1.419465062844496694e+00 -6.446745252538090831e+00
-8.608596111894931679e-01 1.262630582111187727e-01 1.883335160475256287e-01
1.409788493987086666e-01 -8.412477991598173332e+00 8.268412082577190958e+00
2.533688718720474409e+00 -4.279716943656328709e+00 -6.213423895826167609e+00
9.375147529011819136e-01 -2.026271014418840011e+01 -7.486075159173099181e+00
1.006883424897353052e+01 -8.830059114075783810e+00 1.210347435898235879e+01
-7.649916970999117716e-01 -2.890122101648108455e+00 1.471075905919184690e+00
2.307718921599996253e+00 5.379095210354142509e+00 1.744792696174561231e+00
-2.777328114234471901e+00 4.826923163377954573e+00 1.240728294302575252e+00
1.733376516210494955e+01 -1.809865618991183567e+01 3.303970419242520329e+00
3.890654975068262189e+00 2.571105292298204059e+00 -4.793479047815522698e+00
1.082264211015352195e+01 -3.398050726935033516e+00 -3.159731292162464289e+00
5.247474113436075172e+00 1.284961536747480038e+00 -1.101156350167610931e+01
-3.814845680589503019e+00 8.721286843762900975e-01 -3.100121706970504487e-01
-1.853585025384760598e+01 -1.040968682925006128e+01 -3.606299178852476306e+00
1.432373580949803582e+01 1.026870332357058757e+01 1.361336620684844689e+01
4.723316906711715113e+00 3.745744206902705375e+00 -8.286347987258228187e+00
4.695017848307789343e+00 6.577051116216694027e+00 1.855961891970423716e+00
-8.905215857807606383e+00 -4.080237423532536489e+00 1.127980360737211463e+01
2.846087535465159135e+00 -1.588010421894346269e+00 1.299594985960545790e+00
-1.658408555951332408e+00 1.818400557478307089e+00 -1.858014052458636156e+00
1.113858243499760148e+00 3.434389711292049174e+00 -3.652589408037209662e+00
8.629816635240464606e+00 1.500354858990208928e+00 -6.171298670690785748e+00
6.637040297567747826e-01 2.648365290983385378e+01 -4.679799816047900962e-01
-2.988688040723319617e+01 -6.657313126460163488e+00 9.858713749310359375e-01
2.633639028412077643e+00 6.177404365557036536e-01 -3.481950483452733724e+00
1.620993650341012682e+01 -2.398263191347601797e+00 7.446513334098098014e+00
2.530441244564650916e+00 -7.559311789119068870e+00 -1.265652040318035354e+00
3.885274446801421089e+00 5.999382374335503698e+00 -4.067242568091142374e+00
1.315476716732390416e+00 -5.029639454249688058e+00 4.667819526002104702e+00
-9.575107900291815355e+00 -5.034223462372414692e-01 -3.809716536709622403e+00
1.485808927017242265e-01 -5.791945723374609223e+00 4.640812556661595423e+00
3.605957496912833848e-01 1.213115883179504362e+00 -6.021322945538952753e-01
2.934365078267655580e+00 9.177913553369918986e+00 -6.129286997980241125e+00
1.718872347078832519e+01 -3.346766546485730487e+01 5.078345240827413676e+00
-4.690667557259504683e+00 4.117211891166268067e+00 1.170244501607980547e+00
2.977034500132188288e+00 -6.558878545158147055e+00 8.031208008997626990e+00
1.473844911623424814e+01 5.279624666653798037e+00 3.435551596615803049e+01
1.821455255404631757e+01 -4.838776077901120409e+00 -1.346248653472070345e+01
4.488053495489589539e-01 1.406860060674517632e+00 -2.113971968324160233e+00
6.966768121086422738e+00 -9.078995875240023494e+00 -7.910183401861841546e+00
1.250526770962867751e+01 6.713699812911052334e+00 -7.100329226732928767e+00
2.604657373503769691e+00 -1.598841894066279412e+00 1.546230394767948546e+00
1.141573323234043480e+00 -1.237700233310890630e+00 2.443045035790783803e+00
1.483816248902729784e+00 8.098750502746772995e+00 8.007132876625835394e+00
-1.039026697026780077e+01 1.445682406190145386e+01 2.616990878954724931e+00
-1.327423130293123421e+00 8.414936885100312569e-01 5.707214886661287956e+00
1.699807631609571246e+01 -3.685745023526370012e+00 -5.736379077180880692e+00
4.346474907752543970e+01 7.425234319603599253e+00 1.682762976068722338e+01
6.741971194501872766e+00 7.574024106579576587e-01 2.535386006316709295e+00
8.651466674999273465e+00 3.303210346263504960e+00 1.031192603620447557e+01
1.173766321208086794e+01 2.061334808909062399e+00 -7.133684425756198877e+00
1.189782692818009746e+00 -4.792245143820138331e+00 2.790805749058455021e+00
2.155777642821144369e+00 1.518231513974883029e+01 -1.043884134209754855e+01
1.322421723866802523e+01 -4.308299463671399820e+01 -4.764085348573890855e+01
-1.000183688955894823e+01 9.344761061642481437e+00 1.542707782243589065e+00
7.302354158450277688e-02 4.158862409916979530e+00 2.019415909701194334e+00
-1.609542278206261301e+01 3.591911452126300031e+00 6.964915415156365253e-01
1.037615209016363949e+01 9.408222394948804634e+00 -4.163968546677809357e+00
8.375090446889670304e+00 -7.920705173175230485e+00 -7.406731918608775445e+00
-1.032988744078667409e+01 -8.069287307686372479e-01 -4.580420134063597715e+00
-9.172123091950613372e+00 -8.069389486172878989e+00 1.103276712806944637e+01
1.571115829138004516e-01 4.537569046374462012e+00 -1.231783880599017333e+00
-4.021701941627751076e+00 5.679094546218733441e+00 2.131291076103195348e+00
2.489479311238200054e+01 -1.585059116005505508e+01 1.946879440898456437e+00
4.013169653730070507e+00 2.830250220970086161e+00 -2.022948909633535131e+00
-1.079376476810759655e+01 -1.816187236027711904e+01 -4.566151831825361107e+00
-2.976729833068366915e+00 -5.379109167940735681e+00 -1.374247252660158658e+01
-3.630880822643818284e+00 -1.007368508822423259e+01 2.412427661654704902e+00
3.091967759116623915e-01 -2.294339080122359764e+00 2.757129310561461821e+00
-1.076410022118363941e+01 -1.453644593920637895e+01 -2.314647531054400798e+00
-1.037455637973157074e+01 -1.795129986054321058e+00 -3.939028414373676235e+00
4.980176529829437371e+00 1.275368042352921627e+01 7.360723144673266383e+00
-6.302954677013544504e+00 1.835521749744608355e+00 6.755454066478920438e+00
1.649394915968533937e+00 3.392196684790621308e+00 7.920161353915137425e+00
-3.533979140194965396e+00 -1.231401904906371358e+00 -6.064968770283659438e+00
-3.818318690947805738e+00 -2.456603364225676600e+00 -3.875500137640273568e+00
-3.881894072008737151e+00 7.235260817314238757e+00 6.234451326126809079e+00
-5.671449258889781930e+01 -3.169697300113798022e+01 3.932715104479357393e+01
9.585862983125057468e+00 8.244756884857615375e+00 -4.728218392318605523e-01
2.299878598440046495e+00 2.979726251756441346e+00 4.116348263839332944e+00
-1.504835435963876122e+01 2.339186300010475783e+00 -3.863055514438131333e+00
4.188892774692469345e+00 -5.584540442661905857e+00 -4.881074849637776936e+00
-3.477238501537665449e+00 -2.013554148462362470e+00 -1.050210183224417548e+01
-4.643481581045600493e+00 -1.113214898846438494e+01 -4.647246537777427910e+00
-8.523409620408020082e-01 -3.617751203824995265e+00 -3.753863707654788939e+00
-9.014194406013632532e-01 1.920216330838696361e+00 3.896527638288425077e+00
-2.306954326049072801e+00 -2.707614476801246184e+01 -9.723464023098220110e+00
-1.037196213582638055e-01 4.619523671387234742e+00 -3.634761163925492422e+00
1.956237575179126331e+00 2.274225849319909010e+00 -6.855343388190132670e-01
-1.753006570340697401e+00 -1.647128464487066069e+01 -6.707862612557235593e+00
-1.535648657012858820e+01 7.050253186619118928e+00 1.577470861401971014e+01
-1.507437904573747600e+00 1.431981479736951224e+00 -6.788586921665092255e+00
8.037494099689629579e+00 2.676453248699035559e-01 5.069334278405538186e+00
-1.967272956997015543e+00 -8.182163002704518462e+00 2.717365084328219549e+00
-6.324941474011764875e+00 4.652608168563133750e-01 -2.983558061065323841e+00
-3.869156769575534116e-01 3.476650229667189507e+00 3.435193751073513990e+00
1.374333727129052884e-01 7.138816935260944296e-01 2.453187168247617400e+00
-6.899026269437883663e+00 2.315383379563177524e+00 4.770069140917369666e+00
-3.462127026764478366e+00 -7.497994355498783570e+00 -4.635650504694374341e+00
-6.236775044584772942e+00 -9.939025822474036431e+00 7.022941872164065735e+00
-1.837854907278168781e+01 1.512902293050017910e+01 -1.088266975272021986e+00
-1.637287679724822809e+01 8.571936978784252759e+00 6.070735829119476179e+00
-3.012325162079017016e+00 -1.469957822768705125e+00 7.189764202946164140e+00
-3.396064564598806790e+00 6.242797193927429156e+00 -1.700744720364991913e+00
-1.631771211956574152e+00 -2.725796259945930888e+00 -1.282152518339805924e+00
-3.233856195826987801e+00 -6.436196429265743646e+00 -2.013077032594189575e+00
-6.322851211081008671e-01 -5.226860801788494548e+00 -1.636296691272453696e+00
5.455237640827653500e+00 -4.227076305686614965e+00 7.525101787883722970e+00
8.685209006040021107e-01 -8.254152138011201512e-01 -2.792560677850417061e+00
-1.816645113097584030e+00 -2.088044022640334063e+00 -1.807658170980444012e+00
7.126297811766572288e+00 -4.321796370502677398e+00 -5.336154227688473028e+00
-6.184726760885841834e+00 1.240946497505294399e+00 -3.680280518353381325e+00
-2.161375773894558261e+00 9.501861090960904699e-01 -9.337294593740764759e-01
-8.866032413570176018e+00 -5.074446464084201303e-01 -1.939343659695432098e+00
-2.187228508964131457e+00 -3.041095172925165180e+00 1.092344153011614916e+00
3.425092904877372058e-01 -1.145874635476355863e+01 1.972620901183408293e+01
-1.184881132086396762e-06 -1.397237094370868112e-06 1.129688716396646154e-06
-1.846648839306781575e-07 -9.398097484326486354e-07 1.454333042881687392e-06
-5.403613023224380873e-07 -3.359747211832439145e-07 -1.037828506508507233e-06
-1.028094207784738760e-06 -6.235945005497351883e-07 9.036403333416360228e-07
7.403739433111567735e-07 -4.998279742613238577e-08 -4.341235612881854629e-07
-7.714514816417524097e-07 -3.226656101130977718e-07 1.297222847032225550e-07
2.928681903737570468e-07 -1.926141174360207654e-08 -2.204117629749433253e-07
-1.043165973273137996e-06 -8.031598293511312764e-08 4.079814909500378542e-07
6.994499018093348903e-07 1.494380543017702329e-07 7.778244825001116171e-07
1.393480707122358864e-06 5.179066740977398881e-07 -3.170118683769715410e-07
5.713750682665668946e-08 7.330961979203191531e-08 -6.358336480094227069e-07
-4.553947948342042921e-07 -7.981497759974965593e-07 1.616482783257605394e-06
-2.060250866050492541e-07 -1.634531564167404860e-07 9.332109345493681821e-07
-1.125140152125593808e-06 -6.553809746864054530e-07 7.585150919742351925e-07
1.224668297555184764e-06 -4.732845862927307480e-07 3.084135531381233511e-07
-3.691407435838124601e-07 -5.406449470026564553e-07 -8.872931184531544552e-07
-1.636182244352225593e-06 -6.993886257063980087e-07 5.693862894615241424e-07
2.289494320368349744e-07 -7.017096672310567290e-07 -1.283682444456451592e-06
7.014168634873849212e-07 5.527978652427742651e-07 1.319294892452774806e-06
7.052319834253444926e-07 4.528901215918615089e-07 -1.346039392958476086e-06
-6.580183942325018715e-07 -1.387739903322301625e-06 2.257181501067732922e-07
1.784923031537212708e-06 -1.262883931132570882e-06 -5.624736192599606904e-07
6.326699357106999131e-07 -2.302751944952438899e-07 1.207000217012441526e-06
1.811963808861347146e-06 -1.524582307979978436e-06 -4.410912851884587862e-08
3.279096768970229446e-07 9.298114030898764887e-08 -3.043395860028513953e-07
-8.719672707978150808e-07 1.506213255558902819e-06 -9.126580819553781441e-07
9.884412822790236317e-07 4.383957135404105356e-07 9.452370872296616879e-07
-8.844723363097230847e-07 -2.989574691622953794e-07 -1.020645104889767822e-06
-1.503711942382013937e-07 -1.592714880238361894e-07 1.829151088600199520e-06
-7.684508207182097566e-07 -1.291214831756912805e-06 -9.778433648366431883e-07
1.037551395213094856e-06 1.529130911758906691e-06 1.136055551192738778e-06
-4.491767939597067153e-07 -1.639690670542472069e-06 3.510518964786409071e-07
1.905547105707347255e-07 1.546491796061008848e-06 -7.368461000861633923e-08
-1.558515357846489047e-06 5.553853002641324507e-07 3.848336912777839067e-07
1.098127616054848277e-06 5.746356459985813233e-07 -1.043407244419590005e-07
-1.144199184884527701e-06 9.860169294430012636e-07 1.349666120076917893e-06
-2.707315566302165698e-07 -3.753973361419651681e-07 -1.040569656487976186e-06
-2.409379800463560123e-07 9.380302981715197895e-07 -1.233391792415609101e-07
3.609046845929552039e-07 3.345770371629114555e-07 -8.502162280958533465e-07
-2.413618463301360260e-07 -6.018898642749517466e-07 -9.974033207660842821e-07
-2.544505409408330107e-07 -4.764581253804487599e-07 -1.190253616366645142e-06
3.114106725258166757e-07 -5.543900523349550033e-07 4.227597043147037559e-07
-4.225287169181142184e-07 2.964273717997097001e-07 -2.936486497063507887e-07
1.044052608209797692e-06 6.605744205095783409e-07 -1.719331751905132820e-07
-1.691883648716329018e-06 -8.428446439298225329e-07 -3.812440018036637480e-07
3.293432554669152241e-07 3.554337386467110391e-07 3.019802986243683975e-07
-5.041047319698012444e-07 1.192890352673648198e-08 1.826978548971983799e-06
7.619473096796546272e-07 6.361949878871867221e-07 2.571430877048650445e-07
-6.041845837688349213e-07 1.664440392305348005e-07 7.109401358488023449e-07
4.037250726932315040e-07 8.374188098086063030e-07 7.585702071342691802e-07
-6.723313495461588065e-07 3.174144522935484639e-07 -3.973832486979978759e-07
6.156738088417144832e-07 2.286824965094703680e-07 -7.251915757383554369e-07
6.946631343008695847e-07 5.194679958077389945e-07 3.379762158498582198e-07
-4.293758282350359241e-07 6.513727148395828031e-07 -1.350001995827094985e-07
9.051223271567390183e-07 -1.104670561740177228e-06 4.969435639391180373e-07
-6.988409984111065378e-07 -1.038252907473364395e-06 -2.371476499815342066e-07
3.420816777850542745e-07 -7.701887167931110326e-07 1.070026279265827588e-06
-4.633246072779160414e-07 -1.957348299304420952e-06 -1.797735158604769416e-07
-1.354540966940499289e-06 2.433799571976496879e-07 -5.568027848891542516e-07
4.352515239339171422e-07 6.018134019675981504e-07 2.875888445697120692e-07
-1.886814671495957070e-08 -4.089284673108965552e-07 7.311483266243756677e-07
1.332896704608920854e-07 1.253480622556311710e-06 1.366380746951907369e-07
5.064181786412149651e-07 6.456730775149431739e-07 3.203773867427009028e-08
1.095905295592496956e-07 5.626961436781024309e-08 6.365191922996093891e-08
6.483652195906937216e-07 -4.533050521818247525e-07 -2.218296078571013357e-07
1.921544458421785361e-07 1.140321618110102612e-06 -8.354252665154113330e-07
1.039022908860621271e-06 4.568680540759618312e-07 5.433822434152379139e-07
-6.814343879793278073e-07 2.249855057155055965e-07 4.344151833660544381e-07
-3.409012873430780943e-07 7.967239493074668005e-07 6.628777490784082560e-07
-8.975410580596868667e-07 6.708621990904339981e-07 2.364498358412832877e-08
-2.591423360508166629e-07 -1.664556623553981997e-07 2.471773267450120723e-07
-2.528057555791948878e-07 4.594500103033252889e-07 1.011314164161725150e-06
5.929952934135861253e-07 -2.245982269727922298e-07 3.802890566172568269e-07
-3.018612301763602993e-07 -1.637128216860502766e-07 2.586752919726309946e-07
-1.654435017415558506e-07 9.233413725589367748e-07 -2.005791227867823338e-07
1.053705086215847122e-07 -3.170629119794415410e-07 1.013934630922220450e-06
-3.566780372640952524e-08 -2.145933648705891633e-07 7.017101024384444873e-09
-5.251758412010882647e-07 -9.748666149950740501e-08 9.725245534483152968e-07
1.769516273376636812e-06 -9.583860050999041825e-08 1.598337156137695063e-06
-9.877979140873976481e-07 1.183942523442964766e-06 9.222843180953571864e-07
1.032768012282067786e-06 -3.565757690312378707e-09 -1.697015224863545720e-07
-7.286260050101640189e-08 1.111955466887513422e-06 2.804734364116238064e-07
9.415197333190289845e-09 4.842561856622168711e-07 5.031983759512243931e-07
1.688332287631184298e-06 -1.132762314328623018e-06 -9.896962959229044759e-07
-1.053810825903587391e-06 1.659059330459451621e-06 -4.334876658831663133e-07
-9.002810483027719820e-07 -2.568178815053275038e-07 2.885657417870366555e-07
2.320553466132433373e-07 -4.569827441487508516e-07 2.803262132561781236e-07
-1.393013373784629235e-06 -8.224258563787995288e-07 4.644476476094210886e-07
9.251357749429152842e-07 -6.063442865400198716e-07 3.322566264340730206e-07
5.045405919934645786e-07 -2.269288705410737262e-07 1.906609279826547167e-07
1.202775988650608633e-06 -3.132830842304572573e-07 -3.936837876098288761e-07
-2.684859454741311906e-07 1.623969869868427415e-06 3.884286631977095191e-07
5.855104085971876665e-07 -2.767351982035729072e-07 7.912304091747582757e-07
-4.562303512216132062e-07 -8.469109710731322753e-07 -1.903149322635375846e-07
-1.358103939903854842e-06 -8.496198975830268900e-08 1.744534126726366860e-06
-8.201531334220691373e-07 -5.760562199222428891e-07 -3.402892586695897954e-08
-1.301611366961316590e-07 -1.157029678536416200e-06 1.240747812232475809e-07
-1.460388594273264209e-06 1.114838280901527927e-07 8.817071566759536583e-07
-1.527954323868585732e-07 -2.213571009238698009e-07 2.896307784026521959e-07
1.951491533487055924e-07 -3.322319421828518161e-07 -7.897451623780224009e-07
1.508265838840386050e-06 -1.200000174009867875e-06 -2.396149503558489397e-07
9.821387885586412866e-08 -6.740019286318549533e-07 2.934282080237818915e-07
-2.904004832819767832e-08 -3.205409095222318627e-07 9.698668956057686368e-07
4.513449413129457393e-07 6.611784056842542116e-07 -1.523447660179536027e-06
2.738993383424240985e-07 2.957739116735607652e-07 -2.187581705584567767e-07
-8.742648272159686605e-07 9.325174743867747888e-08 5.178743022508630011e-07
6.721503037509253407e-07 -5.948176880349665849e-07 -4.421823711986440800e-07
-4.821669980395848655e-07 1.066040464037178868e-07 -7.926643404729740648e-07
9.531366327038434391e-07 -1.721077819604245597e-06 2.816963299958432017e-07
2.959780827936352075e-07 -9.120169087643953446e-08 -5.352044817073889023e-07
4.256605387139306737e-07 5.850181153657504924e-07 1.719774576706450548e-07
2.451900710332025004e-08 -6.584542264720296508e-07 -9.338476371855184983e-07
1.681636271535900952e-07 -1.057606393565440070e-06 -1.525690192152975745e-07
-6.165172962084883746e-07 1.187501449930694419e-07 2.445305233111020439e-07
-1.287520151336447677e-07 -1.157351383968928676e-06 -1.893400832870514819e-07
7.090273817616894205e-07 4.573864893312766145e-07 3.601717912334161416e-07
-6.613770210168499242e-07 1.265643564364280436e-08 -1.128588813481863338e-06
-1.295496814571572549e-06 -1.930043098062229821e-06 -9.097938067471326488e-07
-3.880602471522923331e-07 1.902850112198014696e-08 5.470258527049548005e-07
5.297665539795681940e-07 -1.284436948609695929e-06 1.303275298822290107e-06
-3.617604785328859683e-07 8.331357020037819302e-07 -1.400331057321687194e-07
-6.546301718020810322e-07 -9.359526174078562940e-07 1.075276822773029681e-06
-4.995186196148179470e-07 4.926351408903383756e-08 4.637751602973680224e-07
3.074252742696479654e-07 7.765782149731242465e-07 -2.087922793345236857e-07
-4.194998317670233666e-07 4.264592649214739734e-08 -7.644220138163567574e-07
-6.187211182861216447e-07 -5.070854496578706163e-07 -4.786892215341223934e-07
1.082704072003170287e-07 -8.753555088697934460e-07 -7.022100992048696631e-07
-3.075523913138491217e-07 8.123745996800877509e-07 -2.220945150750533582e-07
2.465942317136087759e-07 -3.902708823373632536e-07 -3.756958874540490650e-07
5.439665368695183376e-07 4.726460536728121034e-07 6.195206632520387308e-07
-5.664122566022192286e-07 -1.299927087254934777e-07 -5.498285470585793601e-08
-9.277334770696149874e-08 2.831748187451194992e-07 2.316351847177215574e-08
-7.780042579547000353e-07 7.190116066118351714e-07 1.619001028281368200e-07
2.999893805058887891e-07 8.687904771701322015e-07 1.509878220721155030e-07
-1.125090007117918101e-06 -1.084611614190753250e-06 6.014030964358713818e-07
3.562591611855044133e-07 5.619021555865003871e-07 8.729393326266861064e-07
1.168869396643111132e-06 -4.957109766059438421e-07 9.039855956353153604e-07
7.270769376812264623e-08 -4.224901273922125752e-07 -6.213109023486239769e-07
1.207251136998711407e-06 -1.744615639206282245e-06 5.795277786698686098e-08
1.109361698923949992e-06 -1.303985382436141337e-06 6.310940416926242039e-07
-1.288723936906480736e-06 9.276018147171073415e-07 -1.169491139749416345e-06
2.260107687967732449e-07 1.403738306469895383e-06 1.729353527053907499e-06
4.764347590994078299e-07 -1.600241730326561182e-06 5.388770870143602126e-07
-9.799276769000402172e-07 -5.116380057598892549e-07 -4.320267436721263367e-07
-1.442446002766145276e-06 5.685408246881973344e-07 8.642344094434979903e-07
4.345289311264170210e-07 7.609715259887470027e-07 -5.628010634471910198e-07
7.428934101281139041e-08 1.129230042259326814e-06 -4.040802804358858670e-07
6.621396854444024473e-07 -3.056641764167290992e-07 6.506207580831870879e-07
-1.170770421295615147e-07 -5.739060400170180370e-09 7.679035254799774294e-07
1.410675059592981879e-06 5.230939267090620881e-07 8.830757217125429414e-07
3.106009849590255372e-07 -3.364796306143395373e-07 8.316101436866737906e-07
2.758215346890645288e-07 -6.606735645145011634e-07 -9.764579413498363520e-07
-1.611653303037411830e-06 -1.070581393630696199e-06 2.750633539317267289e-07
-4.763875519597828823e-07 5.550856464298062338e-07 -2.126676295268153044e-07
1.196617418402133691e-07 -7.319302457000890947e-07 -1.062506469341570965e-06
-7.457527981901433351e-07 -8.144777887464002395e-07 -1.013892181541085976e-06
-1.795119519663120547e-07 -7.577703232970383566e-07 -1.394160699439549093e-06
-1.458877970192414591e-07 -1.943317001306838361e-07 -4.856578226238820740e-07
-3.217924893267650890e-07 1.470216287013745674e-06 -4.815723136654451933e-07
7.374964464878084498e-07 3.163286893124394151e-07 1.077336521177998114e-06
-1.201117814597605312e-06 3.052883873297548379e-08 1.145070860063353848e-06
-5.797881949055423758e-07 -9.125795862027942362e-08 -1.107748827691867294e-06
4.874344262354148140e-08 2.826626761549234748e-07 -6.459282605854829925e-07
2.390640680247420551e-07 -1.310916510293518338e-07 9.148847608755174005e-07
1.391204855616179728e-07 1.405857611545882698e-07 5.873324666837533749e-07
-2.605634076471678167e-07 -6.071256215945295484e-08 6.959206200445375480e-07
-2.398893702786561086e-07 2.847114822155940146e-07 -3.880197608519586880e-07
6.039754608077006361e-07 -1.836382516169823123e-06 1.006998441166533044e-06
-3.765678792847850618e-08 8.239496714747850889e-07 6.179136604192062878e-07
-6.945548592820723271e-08 4.179552369461089570e-07 -1.024023261942806808e-06
1.891618179407456099e-07 1.790458562451759389e-06 8.245027521650438751e-07
1.124062089260510041e-06 -5.577959782920462667e-07 -4.269569224391108907e-07
8.210289409810423278e-08 -9.598235167545264380e-07 5.243058959439410069e-08
5.161017027747999386e-07 -1.334323689107470681e-07 -3.656729966584115546e-07
-2.972495502374068712e-07 -1.884572079605696814e-07 3.621673247519377763e-07
1.547457104492691951e-07 1.894503429361348118e-09 1.010133201268223913e-06
8.137604651381405867e-07 8.120981002087372037e-07 -1.429049049167672441e-06
-1.589049786816331943e-06 2.260774580314467207e-07 8.794676253602343117e-07
2.074931846338888285e-07 -2.103791703342814619e-07 5.903402364446965721e-07
-2.565826440946659848e-07 1.014370003371691935e-06 2.344584552294937339e-07
1.166244808463501157e-06 -7.650142033557399071e-07 8.119462235327485439e-07
-4.185638658126431996e-07 3.175193063684397155e-07 -1.035441834285062978e-08
-3.520786144797151658e-07 -1.108010590690919113e-08 -3.331005439489383654e-07
-1.611657759116303491e-06 -5.757183695765344405e-07 7.046014349583569094e-07
1.985183462711336209e-07 -1.909153671106654625e-06 -3.872527889284048933e-07
4.120003309135096705e-08 -3.407919043569280317e-07 1.753064184924103085e-06
1.340996095744777039e-07 2.495004178090147019e-07 -7.717030382876321301e-07
-4.978287822921465675e-08 -4.404289514224324703e-07 -1.369816073535152149e-07
-2.810890659495679076e-07 1.092795606985854541e-06 2.659290855616912799e-07
2.576395142266049312e-07 3.048258349729461809e-07 -1.906157870049782899e-07
6.933232768499303716e-07 -1.439531946522215444e-07 7.716098577709118130e-07
1.887403504385103931e-07 -4.541244877242489209e-07 2.971368574735193761e-07
4.477292927689395525e-07 -5.145311302171128203e-07 -1.167827271265011406e-06
5.637876491194547169e-07 1.935597685118941704e-07 -7.508285058723697513e-07
-1.032018212641196766e-06 4.306718929065842988e-07 1.309210090604536326e-08
-2.174730472499949085e-07 1.381864179864975520e-07 -6.464220154255312386e-07
-7.873207461686690799e-07 -2.762721594079995926e-07 -9.440831544117669357e-07
1.200495352475960688e-07 -7.812767390162146936e-07 6.988893623387446174e-07
1.281728855455694731e-06 -1.234168871542212921e-06 -9.468216964381173251e-07
6.253964140485433426e-07 5.422370264458488432e-07 9.041582277501134705e-07
-3.670693947219729161e-07 -6.244599786273056070e-07 1.517294131430806575e-07
-3.300366111739304842e-07 -2.750386658052375171e-07 7.434037738376354091e-07
-1.528346295852124202e-06 2.357428616935673796e-07 5.863721045435940196e-07
-4.439037731591363938e-07 -5.438998820290712183e-07 -1.090557142793632974e-06
2.139410283244672123e-07 3.363174905360775146e-08 4.650644393033923974e-07
4.319048353180069385e-07 -3.395007797623616904e-07 8.973887808115509875e-07
-1.594744857675358786e-06 4.431124537139546014e-07 -2.078034878561949497e-07
-8.486752752278242938e-08 -7.001188464153768522e-07 5.697935545209826988e-07
3.301682826299349215e-07 1.884244483745255480e-08 9.450309730090617388e-07
3.739442200751070274e-07 1.394128890909336351e-06 1.749040167642332739e-07
-9.390580770864905393e-07 -9.335290503646614120e-07 -4.138610983233618561e-07
-1.616539790972232385e-07 -4.300154315458533674e-07 1.407086181118571430e-07
-6.971844674448394208e-07 -2.482202400869966850e-09 -3.423600915268036338e-07
1.064447324305277411e-07 -7.105946695660009232e-07 -1.898861345481746236e-08
-3.175623030069061068e-07 -1.035116349609119350e-06 -5.956779861888981386e-07
6.856017160475195303e-07 4.860909050288029660e-07 2.051156948233509353e-08
-5.149117755814471196e-07 -6.593394369637361860e-07 -1.404639731310024528e-06
2.174751186261115723e-07 3.562984693528276492e-09 -3.696331773188674245e-08
-4.879179425583399685e-07 -6.219651357654847290e-07 9.972847302321910533e-07
1.051472863310836595e-07 3.175161523180699951e-07 -9.072373139500784328e-07
1.005223199774594380e-06 5.190128597080695506e-07 4.688066680485969375e-08
-5.074435359269920715e-07 -4.915999788873462307e-08 -2.572242947829625103e-07
-8.157884075022719755e-07 -2.550495121264626815e-07 -9.587904720978344126e-07
-3.545175134462000743e-07 8.978377015227433889e-07 1.932081026527190808e-07
2.624356742841954260e-07 -9.308307525453800625e-07 1.734355917603504979e-07
1.644943490976687134e-06 -8.312715116029666307e-07 -3.287079848686492041e-07
2.116207944943193820e-07 -6.500145405017494290e-07 -1.356342532931931226e-06
6.026983722661443041e-07 -5.003649842733788670e-07 -9.388299520435718326e-08
-4.145756896552025662e-07 -3.502476667304747618e-07 2.458536293256001299e-07
1.022073070623715740e-06 -1.180029190283776934e-06 -1.630142197091454293e-06
-2.695683876197353796e-09 2.897700051633525422e-09 -3.380660733465598292e-07
6.100951800776462158e-07 -4.552620414455799419e-07 -4.589448577262489559e-07
3.671588837753778624e-07 1.179054332468299321e-06 -4.917717724685883521e-07
4.777050302397253636e-08 2.015308135663421585e-06 7.486434932473452977e-07
5.477311930317682171e-07 -3.812799290685850427e-07 3.368054581036804834e-07
-1.652585714862286019e-06 5.889611394829165154e-07 1.015525767400757584e-06
-9.555146995135132843e-08 2.237874757668251144e-07 -4.980990711491432966e-07
-5.196541799217540545e-07 1.012917030231584492e-08 8.835970623537081813e-07
2.449257835451496233e-07 5.336443141471861472e-07 2.024852184195519409e-06
4.450972696137460197e-07 9.200458448910777557e-07 1.035817352127264076e-07
5.696466184614781968e-07 4.062465388434589609e-07 1.030529760760087431e-06
-1.396826461977962557e-07 1.075838698534572994e-06 3.546889029336362915e-07
-1.733858003369921785e-06 -1.755372259805454446e-08 -1.092885452046723933e-06
1.192502352681562599e-06 -4.667721737279108770e-07 2.959649123501739971e-07
-9.778368286112722927e-07 2.102186038430647572e-06 7.513262482074728194e-07
6.949264133946718265e-07 4.663607056302178888e-07 1.021988782194065522e-08
4.435336228289637873e-07 7.209308609529538685e-07 5.834709279451971809e-07
9.618689121633873024e-07 3.958365615533236857e-07 -1.210602571152989513e-07
1.302049244496712931e-06 -5.684743775854830994e-07 5.310670189530757407e-07
6.304693718869121070e-07 -4.946984046209145739e-07 9.976831139628632607e-07
1.546773027714306532e-06 2.336906736905445396e-07 1.274993699905027793e-06
4.105561241878736153e-07 -6.102868462534585568e-07 -5.358856824286824974e-07
-3.802248553778555564e-07 1.168288394959948936e-06 -4.132475171918915726e-07
-3.772399130605907653e-07 -9.828850569216499533e-08 6.572350601492509421e-09
-1.542230261435360913e-07 -1.582098766263292604e-06 -1.332201419902705660e-07
-5.119044812235602383e-07 -9.552565767251248016e-07 1.029249801639502121e-07
-8.802507584083179043e-07 3.219165085824339880e-07 -5.226551872203041183e-07
-2.710335594957452547e-07 2.037446767785881505e-07 -4.378838745076620748e-07
-5.836204479595956464e-08 -2.185987700223582787e-07 4.367714905852459978e-07
9.177612145634587478e-07 1.775794214571462406e-06 2.048960831439633283e-07
-5.170248082761894696e-07 5.007574704664577878e-07 -4.917226439993196945e-07
-8.731221425315591395e-07 -1.278676658226023925e-07 -1.086953369609693542e-06
4.577094393844216847e-07 6.238496320794645081e-07 1.100674232629245974e-06
-8.461327150039103497e-07 9.150314618498680867e-07 -7.397919226133718343e-07
-1.026639472802435475e-06 5.861685770351609070e-07 -1.408187661374227995e-06
1.015807111043420541e-06 4.434827922654981508e-08 1.354819477992204614e-06
7.247857053571173006e-07 -1.913254148399275524e-07 -1.212472182483608728e-06
-9.369200789227139313e-07 4.876218096802482614e-07 -7.371391357217771898e-07
-1.150955120333814107e-06 -8.407256108841522555e-07 9.341505611404112824e-07
-7.834397247894820191e-07 -5.318983817383423098e-07 -1.434068336613334944e-06
5.676472139324848396e-07 1.003234258272965637e-06 2.336396621958404077e-07
6.359022431379822033e-07 -1.108391486246197357e-07 -5.729235016035270341e-07
-7.547105928255776719e-08 -3.572269140815110448e-07 1.858954473755969262e-07
-8.054297169415883555e-08 -1.932896099181694643e-07 9.913679144942456497e-07
-4.062204251311169948e-07 -1.777185105516790444e-07 -6.056006841952216022e-08
-4.239218651677278653e-07 -9.253559759830123673e-07 7.199793860915119194e-07
-6.713080353249352451e-07 9.532480171539492399e-07 -3.676893374618180423e-07
1.081061990233252213e-06 -8.475092056757489868e-07 -1.316965533701509155e-06
1.256096868218343493e-06 5.379626479244936878e-07 -1.057446541891288918e-06
-9.439334349164984886e-08 -1.022512169712709770e-06 6.111669389626474349e-07
-3.433856040280591787e-07 -1.194737660897903627e-06 -6.308301962646683759e-08
7.271728568354433161e-07 3.906378351793753639e-07 -6.427474709692187626e-07
5.137547724581394090e-10 2.169742137726862181e-07 1.031076623244238957e-06
3.744835662426991534e-07 9.108529063990542548e-07 -1.424713348009405373e-07
8.941728258516247092e-08 -3.737970919514872582e-07 -1.903509079594227200e-07
4.555265369778588115e-07 3.105291007863285109e-07 2.167302890103873489e-07
-1.577867942198458052e-06 -2.156378848559151906e-07 -6.102434552562123026e-07
7.120707692021684275e-07 -6.819414662227292206e-08 2.163804583814418938e-06
4.583040228574549458e-07 -8.310096233890045498e-08 -1.878788364001290850e-08
1.353114678050623189e-07 5.283551495023740034e-07 -6.234034561656805712e-07
-2.639678934528913982e-07 1.791631119846202212e-07 -7.493976757959655530e-07
-3.284127885576350511e-07 -1.062915176956475125e-06 -2.206382236361685900e-08
-1.266648742897728153e-06 6.441826467840842693e-07 8.371107549078221379e-08
-1.904383012870950555e-08 5.768357289880139949e-07 -7.885358066209895249e-07
-9.979062467455759840e-07 3.133116885058980773e-07 -2.377813649823619127e-08
-1.176355166236456097e-06 -4.080360006645242289e-07 -5.624528395431364109e-07
-1.913797366919357675e-07 -3.134494640298330353e-07 1.590087487444983421e-07
2.079872028760779847e-07 -1.497775685723596384e-08 2.395765079078989271e-06
-6.236168637604880153e-07 1.072248556982134529e-06 7.658387621358220935e-07
-1.436789753752428202e-06 -2.203185836104872691e-07 5.725168714399240801e-09
6.965809965084179950e-07 -9.322380652439492578e-07 2.364286250168159287e-07
-1.949105852836523971e-06 -4.358548590739032265e-07 -7.452512581656852464e-07
2.946235407234394622e-07 5.689720200094800067e-07 6.445089219784904447e-07
-8.022630406960486906e-07 -3.421191197801678779e-07 -4.683002253040935103e-07
3.676165804192910372e-07 4.556499480498538748e-07 -1.103916314217453710e-06
-7.188285878496096693e-07 -1.522773420383268421e-06 -3.652135463107589428e-07
1.369914909451528259e-06 -1.378606647885219410e-06 -1.550475214475913191e-06
5.929789820924049084e-07 7.460577340443364943e-07 9.978643038937703277e-07
-4.990915332146795542e-07 4.740276892396110605e-07 3.822055105701199277e-07
-2.855971723891182290e-07 2.630118595334341501e-08 -1.215936581414434910e-06
-1.836029915023704078e-06 1.418024501165143112e-07 5.395357551916070907e-07
8.740606498338123558e-07 1.981443648850100621e-06 -4.521413502090960099e-07
1.111694636178723429e-06 8.417267041850832789e-07 -4.667397814701835509e-07
7.642003927934849733e-07 -4.716210900952300288e-07 1.143104964726788831e-07
5.260571029507315477e-07 1.762318114543018325e-06 -3.009202080186531850e-07
-9.539537746167125336e-07 -3.333650902703635497e-07 -6.174319342633661725e-07
-7.762578549975474080e-07 1.009573367059080434e-06 1.798471592258568971e-06
3.261775548480394285e-07 1.884010340779224171e-08 4.977258086734008656e-07
-1.455587338818676724e-06 3.182987297534818441e-07 9.775438709473946121e-08
-5.258403212921817408e-07 -7.868799512257971165e-07 -7.600500404162796021e-07
8.520557319488448188e-07 -6.824732427245777684e-07 1.192459891257152321e-06
-4.549133648614737097e-07 4.042389354925217332e-07 9.072881770399238107e-07
-6.772182819625374138e-07 -5.042117352411798009e-07 4.646038019336848299e-07
-4.991444538342345191e-08 7.997452105635989277e-07 -2.318550369281642830e-07
7.485092858372551934e-08 -1.627080482236620861e-07 5.718247327860375827e-07
4.373893467582562953e-08 5.948827382992915445e-07 5.306328450704909069e-07
-1.771667760589369451e-07 7.090212535537130853e-07 2.478449142054997346e-07
-1.974554574736109620e-07 -4.545866995253451197e-07 3.996816196519707749e-07
-1.155945706626508567e-06 2.219179285988848706e-07 1.017118522663177276e-06
-9.544746266323471481e-07 -1.229785880949568707e-06 -5.304241718968138648e-07
-1.449723451666167179e-06 7.586792317507921550e-09 4.163527895967348155e-07
-3.304813916530461453e-08 8.253753936810610370e-07 -1.836564980469808877e-07
2.465166273273196366e-07 9.509348032006689988e-07 1.448478413956526697e-06
1.325191843200391252e-06 -5.141376598015197510e-07 7.960446659757643872e-07
3.770425958521282574e-07 -2.204912986191229117e-07 -1.010547450906465934e-06
-4.599263063047414474e-07 -6.848507541348647019e-09 1.401734503561722361e-06
-8.055620850403567404e-07 1.798012035139836472e-07 -1.681540322993551500e-06
-9.179169438319873970e-07 -4.687177474192429914e-07 -1.734122512173700596e-06
-3.387758522177183127e-08 1.376941700153030233e-07 -1.235470592319451397e-06
1.337944420812035579e-06 5.696920526588063381e-07 -3.870489762662453313e-07
4.445993081876434489e-07 -1.839437644964305654e-07 1.909663557333194704e-07
-1.263045713102693994e-06 -1.622256270164475631e-07 -2.205061752932195681e-08
9.078031775431357366e-07 -1.463504468523340104e-06 -1.720406340442549300e-06
-1.895661210111583691e-07 3.686958517202137420e-07 2.801051740849516359e-07
4.321425699450412291e-07 2.471520829297744291e-07 3.117834826391091573e-07
-4.899518079784841560e-07 8.071554622448615405e-07 -4.643113680398371697e-07
-1.216610515755714804e-06 -8.996124033075771732e-07 7.278496661777596069e-07
-7.788282961404351040e-07 -2.830896596993635092e-07 -3.357928927690062044e-07
7.228174248436203402e-07 6.185581724807068555e-07 -9.232137706521582844e-07
1.372295740346159051e-06 -1.353960637142620989e-06 -2.343169098924144121e-07
4.158063441169735443e-07 -1.386478983984444007e-06 -6.497393881963017353e-07
-1.894603519797502899e-06 9.951858732010665810e-08 -3.997320235158620963e-07
-2.463310107370982555e-07 -3.054019855848229755e-08 1.461427711062449608e-07
4.354830199405129579e-07 9.569175845063742350e-07 6.761956585894526688e-07
-1.074834454897358914e-07 -9.616907941603728763e-07 -1.203817857988538057e-07
6.741676098591645666e-08 9.516324644747714398e-07 -2.355328246461626231e-07
-3.325328544741308781e-07 -5.371350292394502034e-07 -1.052799357399235852e-06
3.350462205241939481e-08 6.995489352431103031e-07 3.216400390560966588e-07
-1.576820855534544638e-07 -4.461539269833080636e-07 -5.025768711961062554e-07
2.951806644103048244e-08 -4.231750467413716062e-07 7.108214143332825856e-07
6.637639745389277554e-07 -4.024315554243575380e-07 5.845683319236089411e-07
-5.053119978743853958e-08 3.964836486101477019e-08 2.117962029031510151e-07
-1.141096425548413807e-07 -2.001098877758591956e-06 -9.609534427407602538e-07
8.071913231366033843e-07 -1.665692283860669971e-08 4.629612465996242364e-07
5.781656396424575543e-07 9.522471454494841613e-07 -1.368865039932799538e-06
-8.131028953787765256e-07 5.279606788675137227e-07 -1.046982833688363376e-07
-9.549920074052600333e-07 -7.611829297733280855e-07 1.164613651661647829e-06
-8.746102081978345319e-07 -1.081363901525050213e-07 -2.030706298437014971e-07
-8.574891490406435203e-08 -5.498553334314924398e-07 -3.747231416366585721e-07
2.229992321755256531e-07 -4.233723704537281070e-07 -3.773705086680068032e-07
1.214543899823222511e-06 -4.641402775943484323e-07 2.843198714033881148e-07
-1.376538568735735369e-06 -4.363689028518932983e-07 -1.366598683009980333e-07
-2.086732380814377990e-08 -6.489907843678831131e-07 -1.804599274451018270e-07
2.440680509314562528e-07 -2.111203265910168868e-07 8.420572513460358204e-07
-8.631193053577313776e-08 -1.084160676909442049e-07 -1.879859119040879961e-07
6.456764839105770902e-07 -5.929680946382869348e-07 6.307048490748964169e-07
-1.876553249608328884e-07 -2.193864172755527474e-06 4.408377009808769546e-07
9.129691081499112482e-08 8.630463577406657880e-07 -4.948579138474302308e-07
2.975743083605552910e-07 -5.789109114617410154e-07 -3.877555689812944881e-07
-1.384442261062049528e-06 -1.612337598680407398e-06 3.267702379896411281e-07
-1.240639106237072250e-06 -6.009069181185952426e-07 1.378333099158063865e-06
1.316675524524840644e-06 -3.415153484990227537e-07 3.123479768909060555e-07
1.873004173091057154e-07 5.592332765119454271e-07 9.890829125788803570e-07
-6.738064521826002033e-07 -5.376617919538547572e-07 -6.666765046939480561e-07
1.032951541770222491e-06 2.374881701068623351e-07 9.584085855112376602e-07
1.569720140946771482e-06 9.813979668124520530e-07 5.311256940725434114e-07
2.469620298653024792e-07 1.579701476814349702e-07 7.071481196627540824e-07
6.470019429565189043e-07 -4.070024344435978446e-07 1.055858471806788154e-08
3.233547528310461001e-08 -6.783734239527106653e-07 2.250572619183498663e-06
5.114991193928088572e-07 1.695268955430575680e-06 -8.858403270105284259e-07
-4.059279903624822412e-07 7.290687719427540677e-07 -7.624524810632405402e-07
7.923035529989049900e-07 2.892362954483534067e-07 -1.029122710009508186e-06
8.533144576237035824e-07 -8.683524636709120669e-10 -1.252389819646971903e-06
-1.135678093923377330e-06 2.711210964780692671e-08 6.152000335012244048e-08
1.125672247515641516e-07 -9.174548706523525725e-07 4.496150918123781879e-07
-1.498549698697450845e-07 -1.811491041517220864e-07 2.719920800989141421e-07
2.331025664376509457e-07 1.038736013160777056e-07 2.324947769681370062e-07
-1.861743462368081984e-07 4.310999300038541586e-07 8.570493207492793992e-07
6.321599644802802733e-07 4.267838587073145777e-07 -4.681993916988295890e-07
3.924877346278379481e-07 -1.455705167866282719e-06 -3.681241843736497916e-08
1.048876092445240663e-06 -1.022671433252383414e-06 3.722848432890549044e-07
-5.610989898033423000e-07 -2.936725140324064971e-07 4.880926992141484796e-07
-1.289449438029556442e-06 1.039163144255095055e-07 -4.863812480919570392e-07
5.673433586702789840e-07 -3.130381219171414036e-07 1.141847906432635734e-07
1.040705764111055118e-06 -8.209234044119876486e-07 1.115570929269079562e-07
-1.641109652771885525e-07 2.993587054393737404e-07 -3.097548074165647134e-07
1.037463618941845338e-06 2.067072184436956003e-07 5.946437451238016629e-07
-5.795189499381447242e-07 1.969676264863277656e-07 -4.261757234477639747e-07
-3.098316319160250541e-07 -6.378364948376012222e-07 -8.988610630363739056e-07
1.352879431196811099e-06 -1.122953880342621942e-06 -1.863097124983531973e-08
-1.396467161979913658e-06 -1.093203503417275029e-07 5.700105829245576381e-07
-1.156624276222498869e-06 1.108824417919066357e-06 -2.313879475007411028e-07
-1.622225452962063100e-06 9.958222058263929091e-07 -2.761209485967693980e-07
-2.783639349606747942e-07 -4.938847975679187132e-07 -4.965432232324430094e-07
-9.612531759100980486e-09 -2.789196874753900303e-07 -9.582692807308475019e-07
-6.239378195215660862e-07 1.746870029415310019e-07 -9.106967153353570369e-07
1.702601162034357978e-06 1.140310036024874098e-07 -1.130708885002388392e-06
-3.953511726205065317e-09 -1.233703717505428662e-07 -1.455506858678127562e-07
3.110583029858491689e-07 1.173078511038416959e-07 -1.510320290840915974e-06
-1.248887645873091852e-07 2.435810095456052305e-07 3.377263643647755193e-07
-1.513394357394916251e-07 6.089236117566344135e-07 -9.146346319479407454e-08
-9.353350054915908132e-07 -5.947008894823363940e-07 -5.434378002860363704e-08
-7.503444585460630357e-07 -6.096384912557378057e-07 4.624423838030747090e-07
5.514064835043967244e-07 9.604964373231280847e-07 1.954501072609713383e-07
-4.220757905324980152e-07 1.012335622980467819e-06 1.729239273857435096e-07
1.137456534141799452e-06 6.164830318985372442e-08 -1.542846373655000255e-07
2.075738924715101364e-07 1.526493474521949916e-07 2.235421286073855868e-07
-1.883395387789390382e-06 4.859155728691047506e-07 8.922923076645386753e-08
5.557439182907785727e-07 9.713469088955211693e-07 -5.932696038059704382e-07
3.817879743431284301e-07 -8.879168838760951192e-07 -8.671527899288341863e-07
-9.209746174453586874e-07 -1.160741458740860542e-06 -8.265469702060108734e-07
-6.853883546628357163e-07 4.359323087506972112e-07 6.582326312967891217e-07
-3.144217213418419322e-07 -2.850094074918612348e-07 -1.099934256802470977e-06
-1.109411762774969732e-06 7.178735113804646339e-07 1.837123961535235194e-06
5.878666783312801467e-07 6.787933862169460550e-08 8.476241614437816529e-07
-3.991230672167900871e-07 -7.871231243104517364e-07 -1.393407398792978712e-06
5.641896859496774524e-07 1.035010209624392023e-07 1.732691419956505019e-06
6.210049472837745802e-07 1.907602554872786887e-06 -5.298701910270339803e-07
-5.398013158179457385e-07 1.116580392515946458e-06 1.108979406141424576e-06
3.849922337327020899e-07 -2.921283456363762647e-07 -4.013323967750013355e-07
5.487041494295944104e-07 -5.999312700167759116e-07 -1.831568082048445903e-07
3.672454963409796542e-07 6.406856939033197377e-08 1.042921708061087566e-06
-1.641375064331842613e-07 4.903154173451603251e-07 1.169012809285032657e-06
2.046080510450510963e-08 6.495388380664663032e-07 2.292538368121254800e-06
-1.057490462885030379e-06 5.440776741066125615e-07 7.793045775436964496e-07
6.600631749042344802e-08 -5.340862532753580234e-07 -6.522424291025420660e-07
-1.587622539549799739e-06 7.331166346668701067e-07 -2.543078207187625513e-07
-3.613865976126643563e-07 -5.872752915407049572e-08 -1.030495141548887910e-06
8.015290119902860350e-08 1.130113138637075715e-06 -8.587763238578938621e-08
-1.576670269199441073e-07 -9.964614899208542694e-07 2.180145459094745759e-07
-5.749920978659412893e-07 -3.398246160309082428e-08 3.267381376169158450e-07
-5.289265302583083332e-07 1.203628402150294838e-07 1.242492067184344529e-06
-1.496821880542577247e-07 1.654492311727297382e-06 -3.603360388895052806e-07
4.767289668794457905e-07 6.018237354566140953e-07 -7.634986807301277399e-07
5.774993874496760037e-07 1.839250094673848199e-07 -6.321903834953186208e-07
-1.161991866233083969e-06 1.031843900261116348e-06 -1.161117031181567905e-06
-9.430879567647874575e-08 1.950020548108771494e-09 -1.710664057237324172e-07
-3.507893795912482709e-07 -9.104566963810433236e-07 -6.565213000904444404e-07
-9.016505676183013573e-07 2.159337591452873585e-07 -6.431121068355405192e-07
-4.622990029016976313e-07 5.139555112458942465e-07 -5.645824913544527692e-07
-8.961403815646112335e-07 5.720663654135393347e-07 6.773832079798994167e-07
3.001594478935327944e-07 4.097869030347339699e-07 -4.010636598497735267e-07
1.318684209318032041e-06 -4.392585905143218974e-07 6.814187023402148328e-07
2.765860316057792423e-07 -9.371334402421212571e-07 8.219124937480686053e-07
9.471773809734891567e-07 -2.422200727195185138e-08 -8.146193403216994732e-07
6.806199330028360097e-08 -1.855895036470860885e-07 8.782297160555269524e-07
7.047676828721012970e-07 3.399756414468505582e-07 5.608714038270977352e-07
3.841387092991019709e-07 -9.006434129541053622e-07 5.351671898813034382e-07
1.254307624368914847e-07 1.267085232673578931e-06 -4.433897953288795464e-07
1.797527616092877809e-08 -2.879908162000879976e-07 8.209591729668323918e-07
1.689332665591084452e-06 1.765117863931158032e-07 8.680006706765580231e-07
6.056105931337016775e-07 4.210690119251550047e-08 -8.459615298659668076e-07
5.218454895930594079e-07 5.419226610077201653e-07 2.745555413470104622e-07
-1.260699093175415069e-06 2.150104056745259568e-07 -1.156585490983452984e-08
-7.668116840590034048e-07 6.289658869158687263e-07 1.236717207484196437e-06
2.483668224143715942e-07 -2.669408802019656850e-07 -2.007431525332567472e-07
9.179517707046392966e-07 6.423901083886463424e-07 -6.749889477010229195e-07
1.795805530066739178e-06 7.467369906875182353e-07 9.421583458579285893e-07
-7.672810446374929848e-07 7.218011060414037182e-07 -8.232115178497447445e-08
6.852837834706456160e-08 -1.024657069873822217e-07 -3.910370434161542287e-07
2.833512153476606164e-07 9.048770226038290199e-07 8.500401041864894576e-07
9.603249153941195608e-07 -4.970747643519465439e-07 3.830756198828003589e-08
-2.312682601108716036e-07 2.194357058271118926e-07 9.388416248584709853e-07
-4.998378990801458436e-07 -1.401171812063723296e-07 -4.695696394380610379e-07
-8.915377753174146684e-07 7.283850706417353844e-08 6.018988232439691016e-08
-1.132894795521078845e-06 -1.142752262410018724e-06 3.141768525953256065e-07
3.821668068118370288e-07 1.778263190446448059e-06 -1.777642062165514199e-07
9.081914262154899458e-09 -5.731595047260514755e-07 3.744351369757323057e-08
1.808897565638740041e-07 -1.358932859238238923e-06 -1.455920483471545341e-06
7.332573482293257046e-07 -5.182844013444087806e-08 -8.859703418207966886e-07
-1.428901839600643389e-07 -1.749808737937515436e-07 3.023154316940669159e-07
-9.293716066314612282e-09 3.080732517570138516e-07 5.240491577418983676e-07
4.765524921146777949e-08 -3.166370151051455149e-07 -1.401102275472860709e-07
1.018125611482766097e-06 9.875375456158249304e-07 -1.258344869031785451e-06
7.299806032373219488e-07 1.648658914441516161e-06 -7.422045796430826098e-07
4.412922642310351814e-07 -2.260953406576566857e-07 -4.890535166947645318e-07
-4.691812679547630048e-07 -1.500832020011870633e-07 1.084502572129713953e-06
-4.180170353097953106e-08 3.177304136638491448e-07 8.956304100454386443e-08
5.344005299468462848e-07 -9.863605289984981966e-08 1.782688051218660451e-07
6.822587336551763112e-07 -2.262549392899523485e-07 -7.764341826927449707e-08
1.429982762467525193e-07 3.565158141229585729e-08 1.160103556809578739e-06
1.977153747600543322e-06 1.030523286612297143e-06 -7.611790431066777778e-07
6.151436971057658858e-07 1.015062280762376872e-06 -7.629805704350736790e-07
3.912161213599749103e-07 -2.926341459524299203e-08 -5.769768392532888748e-08
-7.129123479131938301e-07 -9.722072023863864236e-07 -8.309828052529450595e-07
-4.420552549268018698e-07 -9.792425571485871386e-07 -1.430280437750684396e-06
-3.406693880425576842e-07 9.332140435018684290e-07 9.362940996271091223e-08
4.563574717111706387e-07 -3.191513834511203607e-07 -4.781660992797462729e-07
1.199791726835529167e-06 -1.119813509954081226e-06 -1.105355336410409183e-07
-1.563035075112453233e-08 -2.642717181686506738e-07 1.618656167069879989e-07
-6.668089576980037488e-07 -5.167952582593029630e-07 7.525000229885293466e-07
6.699977759619295979e-07 1.009144802153656909e-07 -8.566995046137150376e-08
-1.481228303857389587e-06 -1.429077156525280642e-06 1.103145704960564858e-06
-5.421865915325694593e-07 -6.499390254007644461e-07 5.298939170250605915e-07
-1.557804747670301324e-06 8.174532881152953390e-07 2.629498149197209430e-07
-2.690854561385343199e-07 1.692326620595150318e-07 -8.098060191543866388e-08
-2.627213215105462372e-07 -1.128600218853924227e-06 1.158374436447363191e-07
-6.797525760580374892e-07 1.947673177789743510e-07 4.502897389741863503e-07
-1.113851756359124078e-07 -8.018739825752137864e-07 -1.444698065200590512e-06
7.236775900581185288e-08 4.645506978320615882e-07 8.136031294943213881e-07
-8.298941489607685483e-07 -5.559016327384992662e-07 -2.240985948761180570e-07
-1.211342997563881174e-07 6.015008249929475055e-07 -5.589523173544376543e-07
1.056227715932757339e-06 -2.106718779036227677e-07 -5.903154940370718471e-07
-2.899949527899314735e-08 2.224749508072592922e-06 8.190609455777857541e-07
-5.589193712238028594e-07 -1.058962932496208361e-06 -2.552957588831076379e-07
-7.140574131438752848e-07 -3.050167595928148647e-07 2.311350652320660565e-06
-6.948045851984761351e-07 8.547342072849834334e-07 -1.303045666097791555e-06
-6.752590468825179168e-07 -4.147914504015137236e-07 -8.006413690724141612e-07
3.670257129945777417e-09 -1.014085634033713117e-06 -1.246020430889590431e-06
1.244924912268645483e-06 2.694423039739698860e-07 -1.226179667174945068e-07
8.740504348020161712e-08 -6.199201233336971309e-07 1.306778027399129358e-08
1.520667278313349036e-06 7.485656620391655056e-07 -8.986123912175731335e-07
-3.830446925566833880e-07 1.207336917177062546e-06 -5.795216343235046882e-08
-9.546216038451498334e-07 -1.606035158312810867e-07 -1.263587250026505333e-06
5.746934217188470457e-07 -4.546393597700520031e-07 -2.294622833129254841e-07
1.445637274665681795e-07 3.551376113063774867e-07 8.827384411910302136e-07
4.455941577559412242e-07 -2.512172499861976767e-07 -1.209999259905094112e-06
1.051467118001817050e-06 7.282623667900503319e-07 4.849671690898346552e-07
4.626850478241820120e-07 3.324388864313331185e-07 1.574874742206022569e-06
-9.423669620207116280e-07 -3.477426707924279755e-07 5.468872940964185940e-09
1.233424995989460535e-06 -5.904726716883427478e-08 -5.192564343091573779e-07
2.884683879621506146e-07 1.676610819267707657e-06 -4.340663500912807335e-07
-1.487343544766553297e-06 1.184241505373841302e-06 -7.553590413803001885e-07
-1.257726757883098778e-06 -1.166358328827006328e-06 -7.412199496077152391e-08
5.045425988412642735e-07 -1.575238543753028937e-06 -3.060060718286573749e-07
1.115058394569521003e-06 -9.977764290174693613e-07 -5.454760114050113651e-07
-9.988166822739457291e-07 9.597205225713868348e-07 -1.367747970250436299e-06
-5.059403280039250065e-07 1.219167140510944600e-06 -1.242946153758082382e-07
2.979422246231832628e-07 5.217272966959316254e-07 -1.672601783313786788e-07
-3.431301724386879633e-07 -8.536281952269782195e-07 1.691021022155251517e-07
-8.700057230715060346e-07 4.264765275727795006e-07 -2.333574795378252178e-07
3.226650400748183381e-07 2.448215962195818670e-07 2.931007284738551565e-07
1.871179252339842632e-07 5.159648809295129820e-07 -8.062918542916694469e-07
9.916785260409533250e-08 1.212026400553699983e-06 -2.088983176325212148e-06
1.656594222242457360e-07 -1.562514824299687161e-08 -1.223371375037074778e-07
7.621421509247877506e-08 -1.249717815265034662e-07 5.589321516170342896e-07
5.361537702158389875e-07 -5.644537751088320714e-07 8.454451842613718585e-08
-7.522174667941235782e-07 -2.932154011769445681e-07 -1.198260540746460739e-06
4.660324587742016870e-07 -1.594203966825871214e-06 -4.589164611690313103e-07
-2.119294639985096260e-07 -8.612881903423437748e-07 2.347848162951939460e-06
8.089165013998172657e-07 1.935245694069827668e-07 1.234956506419031242e-06
-2.798410414819690666e-07 -9.509639607058176310e-07 -9.641966258890645792e-07
-1.192764555358140036e-06 -1.487069347089190030e-06 5.215791468913587786e-07
6.250807098583851613e-07 -5.361668667283475672e-07 -1.192740340346163348e-06
-6.083920218914347677e-07 6.135513932380998420e-09 -1.316885990441804597e-06
-5.150531356026069258e-08 -1.189431429240133602e-07 -1.112568064075886033e-06
-4.517873976041249994e-07 5.963361684795248607e-07 1.992967866541665631e-06
2.507016227815576139e-07 -3.027955607154026763e-07 6.715267010801335809e-07
1.023995581542309478e-06 4.504025691515490816e-07 -1.204917605141898043e-06
-6.136142705960778684e-07 -4.100257236171138701e-07 1.765283491460146625e-07
8.811726870642216688e-07 -8.700061409782585408e-07 3.387359864456489404e-07
1.242618531909092256e-06 -9.663834817333567612e-07 -2.543561427687944631e-07
2.764744539204800676e-07 -2.650364161032951570e-07 1.242805898703807927e-07
-6.749285753507382265e-07 1.202711767444927301e-06 -1.940070991488922322e-07
-3.906838769551496419e-07 2.993806258527976571e-07 -3.032703560242698327e-07
2.250543930877234115e-08 -1.165988707599019525e-06 1.077120702599497261e-06
-1.552396756496189190e-06 -1.837218908952816449e-07 1.097517687227166372e-06
2.053570918001881981e-06 -2.055475527511284870e-07 -7.087058842231594553e-07
-5.543330595489351536e-07 -9.700179568628387378e-07 1.050696847261594111e-06
1.971662869023156894e-08 7.951312950086615599e-08 1.250783083746272761e-06
-4.032516644070324867e-07 1.299212789681361248e-07 -1.918223662690503565e-06
1.023746134083296688e-06 -4.915076939561577183e-07 -6.018316738146580944e-07
1.171155433944240053e-06 2.396387318904899689e-07 -7.399293372530710109e-07
5.105403355512860090e-07 -4.345353661826399412e-07 -7.755839131933700189e-07
5.794429575073906145e-07 9.922163408581762859e-07 -6.567671305426395766e-07
6.775342185003397222e-07 -1.563500064284336425e-06 -1.173739996859588635e-06
-6.069837646670763987e-07 -7.551454148796378621e-07 4.648006839670199510e-07
1.560945712720458664e-06 -3.971103413209086559e-07 -1.216151791906980254e-06
-9.139033692146399650e-08 -4.982122246936659126e-07 7.114799521090917029e-07
1.605403573120726607e-06 -6.716090259033244013e-07 -2.751614577091295528e-07
-6.215824690844346207e-07 -3.503313505560104405e-07 1.194201646533439302e-06
-6.116646691732209461e-07 -1.560233521986648015e-07 -1.138640727426975783e-06
-4.612313336154840763e-07 -1.108331163927955202e-06 -8.942987648891938242e-07
5.741404651081888423e-09 -7.720689141945481772e-08 -1.880402307960799670e-07
-4.581635905037844597e-07 -9.239295079656855877e-07 -8.259572154953867176e-07
1.437056882245272628e-06 7.101586833303788630e-08 -4.782672083928114140e-07
-2.993672458969583648e-07 -9.432763453295536162e-07 2.419621475164795938e-07
-3.089863197014535574e-07 -7.279226974682553895e-07 5.433969922212939776e-07
-4.463800147695493398e-07 1.394919847088878612e-06 1.114430289588342676e-06
-7.071952787745632468e-07 1.294785613281647862e-06 4.964672252098251391e-07
-6.606957606828276218e-07 -3.376692396559225392e-08 1.950889571539244679e-06
1.052032676199466515e-06 3.111002037253076109e-07 -9.020253038737889110e-08
5.155779613892135222e-07 1.386755177117584623e-07 -7.767261985525876651e-08
8.351166458161551906e-07 2.936434979703241057e-07 4.551872412021032645e-07
-6.122984128341861907e-08 2.804314287517698209e-07 4.636896496276131276e-07
-1.363207876860539007e-07 -3.790748464297851215e-07 5.219503425698660934e-07
3.771000687887892052e-07 -1.658037058519894435e-06 -2.610122239418267832e-07
-7.943556997624177335e-07 4.093610844859488062e-07 8.234375255265379035e-07
-1.218388234493925815e-06 1.427028453680009261e-07 -1.998480330600433246e-07
-1.062092543940129614e-06 -9.534505639277812155e-07 -4.898356166063263831e-07
1.759279588532640048e-06 6.191158754812209205e-09 1.186773568391911349e-07
-8.127680754178378554e-07 3.223913486685149136e-08 -3.755067554333569716e-07
7.454128782079886358e-07 -2.447023033668466909e-07 -1.423562486474942797e-07
1.698239419394156249e-06 1.036918735045357993e-07 4.208546385736951002e-07
-1.569803985667943439e-06 -3.020100035984550353e-07 1.374503205078717695e-07
-3.311334607446244196e-07 2.563489801476691780e-07 3.144086270073125050e-07
-5.959441939895275972e-07 8.264954962377277536e-07 2.553218739294945204e-07
-6.580767861484011932e-07 7.209870668191413671e-07 2.048787300251105475e-07
4.599455056090179454e-07 1.092252096633017351e-06 4.508754738758010591e-08
2.984284994511716502e-08 3.150639855485202923e-07 1.223069828708874691e-06
5.108002547961674702e-07 -2.335858969856858131e-07 4.755115358212618744e-07
4.290892765165259260e-08 7.098081194926224843e-07 6.542317791738730973e-07
-1.245407445520159944e-06 4.390742430970153549e-07 -3.726465946892529152e-07
3.888127673544260913e-07 3.448736207333981235e-07 1.434058928348593227e-07
7.649222425678257711e-08 4.038623793793221245e-07 -1.854441369210134704e-06
3.541919288799639236e-07 -1.418475595289351473e-06 -8.256314284051043669e-07
-1.213739817242697425e-06 -1.619238682998843244e-07 -1.149053744698156939e-07
-4.573271297533503035e-08 3.721425776817936805e-07 1.580713697629716469e-06
3.847230297393321217e-07 -2.040211740572745549e-08 1.392915658585643960e-06
-6.198323982073927107e-08 -1.576054171463238478e-07 3.935006288328170062e-07
1.748083560892246577e-07 6.345114747883584807e-07 2.418055891723605700e-07
-1.277142782685489781e-06 -6.245428508127720738e-07 6.945014925666471392e-07
-1.293015073055691081e-07 -1.040078220829546993e-06 3.746293828091908455e-07
4.975200400292401699e-07 -1.150375607096234756e-06 3.839302016033804908e-07
6.859113543355541870e-07 1.078733471325621610e-06 -5.109050624332195482e-07
3.515671824266991065e-07 6.617623300009621229e-07 -6.359007148945969897e-07
-7.288923119793723984e-07 1.204855772929133488e-07 1.154832518124478215e-06
8.865608361829372336e-07 -1.106125882322369897e-06 -1.863395551341608471e-07
6.010399853472064673e-07 -4.370928783967521541e-07 1.484145187326937800e-06
-2.987508710290522058e-07 1.064162731646037827e-07 4.144704602505489636e-07
7.863092390427379443e-07 7.311382603137644581e-09 9.635463028916798435e-07
6.171000996659051444e-07 6.903672938140650828e-07 -1.028208209970801754e-07
-4.059504416775545887e-07 -5.623179076227029944e-07 2.266847081353158567e-08
-1.496322837132587459e-06 1.232413978634367048e-06 -8.202956110612816365e-07
5.579203366739310280e-07 4.437613617398238928e-07 -8.396379269849285483e-07
-1.459842451463320377e-06 -7.969644831167591181e-07 -5.334701134900122639e-08
-5.343765469517366640e-07 -1.989787608461376078e-07 -8.798261452810069949e-07
9.164209341155796008e-07 5.182080792065353780e-07 1.032819558651340482e-06
7.257888643292072409e-07 -1.380187038132695468e-06 8.234927035421463318e-07
3.294201292652688939e-07 -3.457385900877116826e-07 -3.974392842056181354e-07
-1.294014575884800033e-07 8.207442834056375683e-07 -2.315019121353709022e-07
2.586090495022309829e-07 9.729564568794246059e-07 1.094647977827416662e-06
-3.934506655521921831e-08 -1.225692871896525557e-06 1.042374654463876247e-06
2.136517438776592040e-07 9.198388786547446789e-08 8.094220212470805465e-07
1.291768525110467842e-06 2.079328094678928558e-07 -1.061284742157451177e-06
5.252430094364927205e-07 -1.438542662905926762e-07 -3.331937133053675041e-07
-3.577905957975146773e-07 1.562018214967985269e-06 2.041385429343025930e-06
8.117212113652065841e-07 5.001724610456405093e-07 1.307865223576252562e-06
6.007340892419750947e-07 3.527069638418612630e-07 -3.792699273467890866e-07
-6.300569210773170811e-07 -4.844362541189412987e-07 6.159898079353795295e-07
1.381627746464614824e-06 -5.554397348450631098e-07 -1.628717490958473568e-06
1.245540335842346280e-07 2.396595627243238295e-07 8.363220724729942746e-07
-1.098246102366591729e-07 -3.986735247992618052e-07 6.219564692412498013e-07
-1.000123240735086094e-06 2.255322329288511207e-07 3.029394765700697865e-07
-1.228383160165586120e-06 -1.746180558482374989e-06 -5.551697537552360344e-07
-9.753836974743018761e-07 2.503677402339202108e-07 -7.977390889787957206e-07
8.853399867796735133e-07 -1.294451479239672544e-06 1.892861312141811386e-07
-4.152309144821372681e-07 -3.139371488183791410e-07 -1.912021046998180392e-07
-9.058794805375730357e-07 9.937631058021419612e-08 1.274124481168785693e-06
1.046712466630980868e-06 3.234501456007948027e-07 1.383007407636097561e-07
-2.772977013836932725e-07 1.624827658076609736e-06 7.702670713415429980e-07
-8.880708489082724662e-08 -7.878651612797002279e-08 2.812474913263693763e-07
1.150595987530557716e-06 -1.164123880254728023e-06 1.005989752464314528e-06
-9.576830245284564387e-07 -1.137591163970719604e-06 -1.035534393962275389e-06
2.529589300575299414e-07 -1.823710023978901836e-06 -5.041901515150684885e-07
-1.869382657602467832e-07 2.644636109304980317e-07 4.684148706619344976e-08
1.220828728321390186e-06 -9.892794310935029370e-07 -2.398873833513176573e-07
1.152075547780224994e-06 6.266269201986319701e-07 5.759802770044587804e-07
4.203380714647184932e-07 1.242646239803218145e-06 -1.599279298355718321e-07
-4.208579364034564059e-07 1.290972360650359212e-06 9.529467708392963098e-07
-7.944083907905831916e-07 5.550672431656775910e-07 6.458118923456616171e-07
1.678068871108794472e-07 -1.052358096323802157e-08 -4.315930430781377200e-08
1.764704435016962590e-06 -6.826353532917876644e-07 8.740975454106201987e-07
4.944841351809259556e-07 8.349542865270896824e-07 -2.148233819977318575e-08
-1.033826728602086401e-06 -8.330980170062871239e-07 5.536105496573417436e-07
1.513648880270854103e-07 1.521894172221177055e-07 -1.109848449131001521e-06
-2.451272420014266943e-07 -4.507266485564827299e-07 -6.278206813818631007e-07
-4.549387686460844791e-08 4.813730785513931670e-07 6.868990965616051246e-07
-1.113124921037945873e-06 6.925400767421223487e-07 -1.594627800958679029e-07
9.272261202850092284e-08 -9.322149243315343887e-07 4.004415388026966736e-07
-9.971570211902304016e-08 -9.613858466968895024e-07 5.479311399498513777e-07
-2.403608394460012237e-08 2.583297013957138199e-07 7.649477290488104834e-07
9.179850954305204548e-07 -5.233733314791698937e-07 7.190385457067835624e-08
4.458090775556540170e-07 -7.307523462083237189e-07 1.383189450534617798e-08
-4.327350862189609025e-11 -2.563730148467998941e-07 -2.373662192056220751e-08
-6.252080070546396020e-08 1.326744176885756265e-07 -5.573655563933608767e-07
-3.627641337060352186e-07 -5.716132641411817603e-07 4.599105924217826207e-07
-2.006110250773362060e-07 -7.142709479681695083e-07 1.213707455456847815e-06
-1.176881687751110905e-07 -9.185307376401945757e-07 -7.857333736602166431e-07
-7.605651484958892341e-08 1.153884877482449178e-07 3.917288402692802992e-07
-1.249815829411943689e-06 4.774180196578908177e-07 -6.523476235331343374e-07
8.709590973562880402e-10 5.321366432165545586e-07 -1.392005880601056081e-07
1.301656738800812632e-06 -5.670796666763293112e-07 2.312655266871316049e-07
-6.372866474861191676e-07 -9.314251531297138479e-07 5.641596080907904422e-07
4.903764345555299028e-07 -1.377196717580604437e-08 2.599335841319419018e-07
4.694042539732570330e-07 4.352720751073181370e-07 -3.889714449942417863e-07
-3.892142559928047819e-07 -9.514125873687519107e-07 -1.465592399465113259e-06
-8.809243922907647850e-07 3.782527607464910317e-07 -4.091277816823396417e-08
-1.343791799558427387e-06 -3.874307464194088157e-07 -1.644252120423462208e-08
1.886462104486849539e-08 3.885163702952148596e-07 -4.183804215208312519e-07
-5.439846968542095061e-07 7.659126649097695372e-07 1.009052677680513386e-07
-5.597574239245944308e-07 -8.376631011674701105e-08 -9.835522729477208909e-07
-7.013427918793892536e-07 3.517963702500689823e-07 2.261510006669993745e-07
-8.770862455833417557e-07 -8.499365446719275031e-08 -3.924630061204215165e-07
-9.069273834612955907e-07 8.267829209715942775e-07 -6.552632225324865151e-07
4.988889526043771184e-07 -7.774573457686712084e-07 2.263831012757821672e-07
-3.239319807417216044e-07 7.631681201363722319e-07 -1.242703777832899587e-06
8.510229148721722389e-07 -1.137070875532476464e-06 -5.700841636302314435e-08
-1.298893312266319708e-06 6.475801948747504013e-07 -3.763650669943812868e-07
1.050926157350085451e-08 2.371161594652325666e-07 -6.757260206411312997e-07
-1.426492911642424074e-07 -1.687399997039162381e-06 -1.112817962310336249e-06
-7.594766410313533083e-07 4.919891103366307996e-07 -1.387744146382227974e-06
-1.178882596402803076e-07 5.784709458977888601e-07 -1.050277927148634274e-07
2.239491603214055538e-07 5.745400921480901826e-07 -1.675391974129244294e-06
-1.310978948439521160e-07 7.729104711007075770e-07 -3.096572328167993760e-07
1.054770822444972114e-06 2.757489060534842737e-07 1.407225842270404667e-06
-1.788501260132692845e-08 -1.371991024490141333e-06 1.161797151098772402e-08
-6.512629665717944968e-07 2.179422414645024469e-07 1.462810900047846711e-06
-6.811656447512275176e-07 -8.004626375515057915e-07 -4.577863225089035595e-07
-7.723905881084000591e-07 1.463101283122682043e-06 -4.703469946625994385e-07
2.049368841078516319e-06 -2.116838351357223277e-07 -1.263491920266832077e-06
5.465644056704868592e-07 -9.607015995675420881e-07 -2.522435817640741773e-07
4.781405654559818735e-07 -2.259551241006412657e-07 3.547603067924373128e-07
5.255724320860887709e-07 -5.502324261255919409e-07 -3.504962001386849707e-07
-7.831386220383947206e-07 6.037048018808196997e-08 1.073388146080237740e-07
-1.144256220326123146e-06 -4.573157868811057292e-07 4.219179607800017976e-07
1.157716574357556039e-06 2.295505686615903928e-07 -2.207658557348691982e-07
-7.869665494782869346e-07 8.102920580647849834e-07 1.099962674117805524e-06
1.300742199493784602e-06 -6.296840548176014637e-07 -5.335629411011038601e-07
-7.659178826873403552e-07 -7.960225529793116969e-07 5.945619097602706094e-07
8.002751606228998592e-07 5.389846081620591206e-07 -1.003737754745918355e-06
-1.019609916691693162e-06 3.225353392751242503e-07 3.219357335611047097e-07
-7.129573807144572280e-07 4.508417041741451230e-07 1.654798652563843630e-07
4.499943832285060756e-07 -2.180782861208250487e-07 -8.151285167485819214e-07
6.736091895718703546e-07 5.233837778589165532e-09 1.379145109460455373e-07
-1.437010181410083533e-06 5.641374970926239997e-07 5.195932813769202247e-08
-2.463584828414074206e-07 4.386472310262787087e-07 5.617836224468704442e-08
-7.551976790665464394e-07 2.616896695036191351e-07 -9.792105985428566299e-07
4.117057165435764551e-08 -2.711078721912721696e-07 -9.800065973585550181e-07
1.815553765646094207e-06 -9.814974086967384537e-08 5.489192911905031528e-07
-8.697186843503588989e-07 -2.770581416455369385e-07 -1.336452778049830364e-06
4.451450121071747584e-07 -5.458988408560316785e-07 1.219496750322352997e-06
1.321621858865075664e-07 1.922112119399988871e-07 -1.340815740396364161e-07
-5.511147976867899839e-07 2.340979313296869786e-07 -4.113040715075900335e-07
-5.388430689074772033e-07 1.144418009722418231e-07 5.573152932660367850e-07
4.462379014060401856e-07 -6.954800874184168349e-07 -3.863492033205906243e-07
-4.268145072540211433e-07 -2.622692445868366640e-08 -6.560895394716231963e-07
4.511667868906471209e-07 6.029337534704630845e-07 -5.000187441131487754e-07
3.452638742311482305e-07 5.580680259203481515e-07 1.078961052332193536e-06
-7.913036681229665420e-07 2.261530769639486250e-07 -7.654683561584201520e-08
2.679135034560373737e-07 3.614450153618885995e-07 5.843019580975839856e-07
-4.636997129314991958e-07 3.036336747100768911e-07 -3.681081034110586104e-07
3.984299802326443043e-07 -2.982665716337194377e-07 -1.052095454004086647e-07
3.991561233137307338e-07 4.423484135515478338e-07 1.669148624542949627e-07
1.066990838160678097e-07 1.051822961563554100e-07 5.518378981395425323e-07
4.983512719799808205e-07 -1.553526728962497095e-06 9.299465052911544335e-08
9.425183096451026274e-07 -2.675238858885350341e-07 1.663961978489955257e-07
2.690028383206202460e-07 -8.012647009303450092e-07 1.555316082054839926e-08
-3.062432727046255119e-07 -1.772731750019036551e-07 -3.226059236906888059e-07
7.653134616025861440e-07 -1.050198004555786286e-07 -9.006725860605865609e-07
3.991991135577090841e-07 -5.379061107628493085e-07 8.264901569011287275e-07
-1.049861336182187292e-06 8.363490436535155823e-08 1.224742869376682194e-06
1.941027921860180315e-07 4.103913890781679262e-07 -6.660144539201112172e-07
-3.035776112388596768e-07 9.967404959311932535e-07 1.519006500848276025e-06
-2.173688879971491880e-07 2.540580969484485876e-07 4.834392549215958549e-08
-1.966254093598424693e-07 -4.743679103204144263e-07 -1.289465487284202376e-06
-9.542137440226560088e-07 1.467524772865223304e-08 7.315845479357683510e-08
4.446556430862252509e-08 4.881692771598976728e-07 -1.187368818577723293e-06
5.832504017191986922e-07 1.910741402201458077e-07 1.055464861933205004e-06
-5.827077568303827353e-07 5.985902968827911085e-07 1.747114285518448497e-07
-4.117212645087396508e-07 -3.309501679334332518e-08 -2.282372152457358980e-07
-6.493877248128650370e-07 -1.869371752336374961e-07 1.268434428284113014e-06
2.063531489763863210e-06 4.103383106023466398e-07 8.963981350670936031e-07
1.318388786699214189e-06 1.858239455754062059e-07 -1.479737272554058960e-06
6.215676268268341670e-07 1.040511160636633209e-06 -5.287940059180773941e-07
4.797864047314843542e-08 -5.264099535442817213e-07 2.577138878033440080e-07
-4.670708994768897053e-07 9.141637494095472281e-08 4.032302733058228628e-07
-3.112148364754534223e-07 -1.034089146901873026e-06 -7.289857807082833486e-07
-1.750588992146828401e-07 -1.063254431876219666e-07 1.816412093979819198e-07
1.528013602734538104e-06 1.827284313659980084e-07 7.506300514147092552e-07
-1.298037584149904787e-06 -6.572913381439788336e-07 4.332553866165314146e-08
4.079207020480020665e-07 7.903125259066752783e-07 1.281380318682322883e-07
6.944172109446382853e-08 4.383099392074150778e-07 -4.267247536401613314e-07
1.776749376862802832e-06 1.224768531363611544e-06 3.130430144294537152e-08
1.247990417054484783e-06 -4.222534591469142325e-11 -4.942908123219894057e-07
9.461109291912330151e-08 4.499197263645917863e-07 2.303722933079163259e-07
4.056145548335687691e-07 3.712526359240755919e-07 -3.409109428393779160e-07
-1.669456411607646427e-06 -2.381965735798742673e-07 8.327128791700865562e-07
7.660093779625893954e-07 -3.637625713527066684e-07 3.634803844059399970e-07
5.992674824864095336e-07 -8.763869642695728144e-07 -1.171150899768010207e-07
-7.392818478908020145e-08 -4.934523868016301691e-07 1.336678511683375992e-07
5.872238262981884948e-08 6.221400473053419799e-07 -4.888790943661730478e-07
1.226682306763451148e-06 6.473789503928087965e-07 -4.286317949294337849e-07
9.210396176159020953e-07 -9.478715567764293727e-07 -1.117888110676532189e-06
-6.702827343206991762e-07 3.984172418112844519e-08 -1.232703741336805696e-06
-5.788332704736479656e-07 1.100723496199024686e-07 1.460957557356172225e-07
8.798264675753685234e-07 -3.583302104566665645e-07 -1.320055481569573377e-06
-1.650647829082695496e-06 9.151232784642731421e-07 9.032193974788386773e-07
1.263135472239430756e-06 -8.403188701710284726e-08 -1.190430164345385743e-06
-7.314907016647825285e-07 6.089698582856980132e-07 -1.126303777843628044e-06
1.443888042073264630e-06 5.020200361043490225e-07 -3.022461583470732683e-07
-3.931798851753583564e-07 1.776787975261505306e-06 1.241278059484164835e-07
-1.305725333375817869e-06 -8.857897865122151805e-07 -1.552342755581746388e-06
2.028187678651681473e-07 1.037317821296567368e-06 6.517019736836269801e-08
-6.131677655085159881e-07 -2.266676057950561188e-07 3.764114160673091241e-07
3.405995978085279278e-07 2.704396730857066681e-07 1.081069803759803964e-06
-1.030888195391886151e-06 -9.630072333855747049e-07 -5.357409043637462838e-07
-3.727079086129609394e-07 1.521147235603143430e-06 -8.393601003007173017e-07
-3.240072159749267562e-10 -2.140643550906396401e-07 1.855884993872280114e-07
-4.346192722202111653e-07 -3.168687502723213802e-07 -6.019966311476534851e-07
-1.984207103008502812e-07 5.711849048827186685e-07 -4.196095075890536131e-08
-4.804969811264308394e-07 7.604881255476243535e-07 -4.219374253741096322e-07
8.914359198599563008e-08 5.538962645500171422e-07 -4.001228389276213926e-07
5.132505899214954408e-07 2.731935394606098989e-07 5.684338479042538285e-07
2.103064938076469187e-06 -5.575298286925954962e-07 -7.701077978640754167e-07
-1.202029529139657055e-06 1.058243835396270991e-06 -1.702235869939073848e-07
1.059239085803435490e-06 -3.198218181745824818e-07 1.157034684248495488e-07
-2.341875487351973415e-07 3.293600848347953125e-08 -6.786458453479492311e-09
-4.931088984349107335e-07 1.481516461865880192e-07 -3.727742308880301498e-07
1.917826879314416005e-07 -5.980209255418989873e-07 -3.763679400930100605e-07
7.056150008264869545e-07 6.545390389920843362e-08 -9.001741149399459775e-09
2.423961847531635132e-07 1.517876360783521690e-06 -5.855758924954851117e-07
-4.971257721136157792e-08 9.737578796309913587e-07 8.553689109549425945e-07
-7.704013453330745027e-07 -3.015344131198351456e-07 5.672311360373576693e-07
3.507370928247480023e-07 -6.970145778716362887e-07 8.916049880130527033e-08
-3.024768280300043694e-07 -9.880163148236692361e-07 9.576448382815105179e-07
1.226733175004723483e-06 -8.549823378632041337e-07 -1.226881380449871125e-06
-8.988809345979938915e-07 1.969743406546240617e-06 3.066109746794419763e-07
-4.879524300196231582e-07 5.852767858122061104e-08 8.499557256927571449e-07
-6.946249445466265152e-07 -5.113596129016453069e-07 4.636463242096782469e-07
1.093700450014519148e-06 -4.552054038756923185e-07 9.514197282800740892e-07
-3.494829193484105163e-07 -3.651818881321598091e-07 -4.937823196964100147e-07
1.865067712963255737e-06 -3.587656206941614692e-07 9.292617186878301230e-07
-1.283464345574550090e-06 -7.239838643452658653e-07 4.560354958764441175e-07
5.637481219878117973e-07 -2.640942070309224651e-07 -4.792163147746472010e-07
1.216234090464471886e-07 2.749587658575363561e-07 5.294355276757361856e-07
8.425854675669449835e-07 9.102925503045311675e-09 -1.131911532386115205e-07
-5.527740968333012607e-08 -8.195172239028227794e-08 -8.957724589296971189e-07
-4.924002028607779959e-07 7.816135722867861482e-07 -3.077699272071620332e-07
-3.442185126238550090e-07 -6.758592181962197753e-07 2.373767664219417535e-07
6.009755514899095167e-08 -2.862697187150249448e-07 2.197331295759019668e-08
-1.159528032358413431e-06 -2.174705116514109282e-07 -1.304976292887569587e-06
2.241208148864831222e-07 1.690067169733505750e-07 3.439819390318771120e-07
4.086231704640668792e-07 1.829844586169232516e-07 6.430120196651746595e-07
-4.580477701511518773e-07 5.091192895343097700e-07 5.376780283527738447e-07
5.153310489828278261e-07 -7.881078505384538853e-07 6.556239200856601997e-07
-1.100820102622978524e-06 2.424200492789095682e-07 7.375276751383516590e-07
5.413960124468724046e-07 2.158245312286160321e-06 5.959100475934215474e-07
3.467233982671288484e-07 -2.401131328258259189e-07 5.606043942116662626e-07
-8.429448719467198748e-07 3.069524213658601848e-07 4.197040723114757535e-07
-1.830053081225515016e-07 4.688562179090285785e-07 -1.488854440717277830e-06
2.003005238024565198e-07 2.668507749186008645e-07 -1.730356662273110004e-07
-1.515337429716811643e-06 -5.265321688389732899e-07 -3.337362090725905468e-07
-5.925836224771111462e-07 -3.031438214631409830e-07 5.175391971592286544e-07
1.382474939406661087e-07 5.309778090964126256e-07 1.423022673656899410e-06
-2.691698739546105620e-07 -1.083160175605860855e-08 -3.626144033133142312e-07
-7.268172599207050167e-07 1.392457458990366228e-06 -7.146634207543086078e-08
-6.431521106068651091e-08 3.052564274814439759e-07 -7.044797434505226236e-07
6.220016367635606460e-07 2.928920291489131293e-07 2.895596503044360897e-07
-1.476062067084269909e-06 -3.467996714994912059e-08 4.975826818589489773e-07
4.797918296430715967e-07 -7.679367657267138733e-07 3.143279056830984092e-07
2.600570051489493695e-07 1.527259623724442068e-07 5.624977458225138582e-08
-8.544156604861620544e-07 -1.268320525665830752e-07 -4.167765639952066211e-07
6.499570656375243857e-09 -2.140269780626549884e-07 -8.926365859406271013e-07
3.868908222622802675e-07 6.946374266412976558e-07 8.230816520464942138e-07
1.747782307836570080e-07 -5.330161338635873518e-07 5.218186841377389267e-07
1.005508382703005651e-06 1.829776832142855720e-07 3.424802456211112299e-07
-8.951626826906331489e-07 -2.643796020812993087e-07 6.439002823374523734e-07
-2.400628172413774387e-07 1.466417401990623051e-07 6.288157226246422051e-07
9.854191254086867477e-08 1.140326934773278258e-07 7.755102212216450650e-07
5.921026709648765769e-07 -1.310400969057395378e-06 -1.484463385663391747e-06
2.339243340940795438e-07 -1.780980458978302696e-07 3.028325425531942819e-07
-5.543215827110485553e-07 -5.499649564593230585e-07 -3.800707432247649405e-07
1.655557077009478849e-06 4.841159902417241801e-07 -9.339472617143145169e-07
1.844292813583088633e-07 -8.871849314325951060e-07 -4.175780945289977833e-07
1.026117405475662723e-06 -7.851249204743491032e-08 -1.590138801080138914e-06
3.039250584976045020e-07 -7.813396660025171039e-07 -6.956527815154535243e-07
2.366935162422267064e-07 -3.795130707714577635e-07 -4.900705895512010915e-07
8.219497217642095018e-07 1.083496200389748937e-06 4.572427169442771891e-07
9.501259203033665656e-07 5.188610672243772622e-07 -9.741121710636535923e-07
-1.111564349344701125e-07 5.353914774366957664e-07 -7.144527334639667002e-07
7.579210130161275820e-07 -2.966911084676423251e-07 -8.042907777703037237e-09
5.631148242909398763e-07 -2.421512722176439408e-07 -4.245917772332499571e-07
-1.008864608225164792e-06 1.365670877378215806e-07 8.490351966101213542e-07
-2.962084973703204991e-08 1.646904056574614028e-07 1.770065318282204885e-06
1.064306776907637239e-06 -4.171389155079314297e-07 -2.078280484167727301e-07
1.455706281525437949e-06 6.494841014242647379e-07 1.372151351466910864e-07
6.680523758617125205e-08 1.139457244031946875e-06 2.037847324908150432e-07
1.275149380860845786e-06 -4.228348363643376182e-07 -3.371762281439073849e-07
-1.032731165350035970e-07 9.715667589040207444e-07 -1.290897603835562730e-06
-1.113549834860758423e-06 -1.612580747861098738e-06 1.013702515270310708e-06
-7.034961990613605976e-08 -7.408280050554938000e-07 9.530285138633390831e-07
-1.056971036570396824e-06 -1.900324056362688134e-07 8.894282970854902486e-07
3.980126253069967104e-07 -4.409917651276249725e-07 1.273066889767963263e-06
3.310234217979063374e-07 -8.937034297205583948e-07 -2.091895415282418389e-06
-1.170735072910215495e-06 -9.246671262156112685e-07 3.268692086081343326e-08
1.701220410000349495e-07 -1.282709620777401943e-06 -7.520182963609514896e-07
9.676598768009623993e-08 1.111418379767103668e-06 -6.509598652962048677e-07
-4.855345813279017288e-07 1.134793684501189907e-07 -1.518579117983476942e-06
-3.737645509764184683e-07 -8.780159479495101283e-08 9.891317373858067966e-07
5.773846315494198908e-07 -6.244496050142153897e-07 4.328007279479334189e-07
-6.496859246424815585e-07 -1.582674548080584495e-06 5.206018412133434036e-07
8.253283651750536962e-07 -6.314109109055705269e-07 9.256019900195122467e-07
-7.113262394322865136e-07 -9.448875191912680722e-07 -6.371201765141159978e-07
1.216522798485119303e-06 -4.142243779722790058e-07 1.527521891267367525e-06
2.998718789363984512e-07 -8.196447267688795370e-07 -5.058994404444825282e-07
8.701731660403008872e-07 1.139071722542039089e-07 -8.257623782843395381e-07
1.583863959337117006e-06 6.738317763085251631e-07 9.070406293468810153e-07
8.071931955554252981e-07 -1.004483752449357977e-06 -4.023380009534630069e-08
-5.034280724495342516e-07 4.356852338760899078e-07 -1.066783190666220747e-06
-1.049056651834601918e-06 1.136461471736776299e-06 2.474309434533549220e-07
1.917531216025180922e-07 -1.228378082352060638e-06 -2.948380340551684772e-09
3.875642864045152422e-07 4.455838141060479047e-07 1.643481796713850622e-06
-2.343046826605852631e-07 5.995612360037149412e-08 -1.039694383159157523e-06
5.961726729018472837e-07 -3.493220037080271847e-07 -4.884623573433009660e-08
-4.481310672329180025e-07 2.951843015706395765e-08 -7.806505935487244068e-08
3.829509668278153395e-07 -7.757208317246773810e-08 -8.567362408566142133e-07
-5.269723890429311208e-07 -5.497110767485837397e-07 9.540613831804250013e-08
-6.722558218554424430e-07 7.312874501246048398e-08 3.975989710050453911e-07
-1.586981820987225501e-06 1.643783066753508728e-07 -7.163393508217877312e-08
1.778324028232991929e-07 1.341639546262011308e-06 -6.738784691210066518e-07
1.468766270391118745e-07 2.874843766159008660e-07 -6.831791308904226080e-07
1.175353951834233603e-07 8.901694961038342298e-07 -2.663680723969003325e-07
-1.021676787952041599e-06 -8.346499842839134475e-07 -6.858535108621036661e-07
-6.590077793554426721e-07 2.006788216866394452e-06 -4.128253857689881383e-07
9.863031749432618823e-07 -6.145590417033924456e-07 1.919077465762107643e-07
-1.778812375572893557e-07 2.283478591576289858e-07 -1.545329922485447039e-06
-5.745476530269048660e-07 8.720032849684182488e-08 1.147664674929087367e-06
-6.409489053523412782e-07 -1.915037045485356022e-07 -1.085650137330111931e-06
4.236760199422031911e-07 -4.280357605469470528e-08 2.864517891271946019e-07
8.428868081317146960e-07 -1.440527191367067628e-07 -2.809477039879832698e-07
1.061914792065583885e-06 -3.436052437857474070e-07 -2.165818866852762824e-06
-7.320869050257343257e-07 2.728869757936651391e-09 -1.655938707393799817e-07
-1.022610249696764193e-06 -2.690043867971168872e-07 -9.168792354232309371e-07
-8.589425745980692189e-07 9.209156161543236284e-07 -1.627047966014063640e-07
-4.454065273310680328e-07 6.519958272457921976e-07 -7.262720216962495188e-07
3.416018460242156275e-07 -5.977029892931669457e-07 6.349792369715688334e-07
-9.735157848030087582e-08 3.809453471808129889e-07 -1.205616092131112154e-07
6.712049417891612790e-07 -1.094753444774225071e-07 -8.261660206133276707e-07
3.774901328191474875e-07 -3.307943655073526361e-07 -3.365277921503228784e-07
-4.853040381116940737e-07 7.865473305745220810e-07 -1.627454979923680999e-07
6.575970949158073695e-07 -9.972020490525989234e-07 -3.970392956496623565e-07
8.712983466107601564e-07 9.507813753565285083e-07 5.254254605593960789e-08
-2.262816692874814781e-07 1.673364407332822004e-06 -7.784166427511902691e-07
-4.252868793534769335e-07 6.918250655061867704e-08 -1.345466201713305689e-06
1.457985927434722445e-06 1.096697634150183508e-06 2.568207689057382856e-07
2.375012491524827192e-07 -3.937739527468321796e-07 8.922647552163278348e-07
7.671228119271094128e-07 1.117428793405951985e-07 -5.194012733498731174e-07
-3.150868690074914991e-07 6.580041235872643701e-07 -1.510762879813396340e-07
-1.438709439634011070e-06 -2.189865814514378191e-07 -4.890766912880906722e-07
1.468274674208930224e-07 4.810788048564203154e-07 3.556984895510418501e-07
-4.895845268574616441e-07 7.318087596521528059e-08 2.300079040724259490e-07
5.639535070766150105e-07 7.328686733861731942e-09 1.092174971962964704e-06
-1.138775342366045633e-06 1.275820232583967006e-06 1.269103931435171721e-07
1.170567110787592600e-06 7.399562395763596303e-07 2.329164386551971569e-07
5.796003000355211257e-07 -1.486088068693618520e-06 -1.770780926600141427e-07
1.414956837155221355e-06 -1.545305762931859476e-06 -1.216831028609777372e-06
3.356259047327410311e-08 -4.563071419118811474e-07 -9.267998883370424348e-07
1.689394541127592038e-07 -2.680717582993722698e-07 -7.623546483571888373e-07
-1.051954524137797589e-07 -6.223583942686986701e-07 -6.891231287522782406e-08
-6.305887034468664629e-07 -8.911913206153042134e-07 1.746868361858909840e-07
2.133801775767701737e-07 1.017645547068635666e-06 8.450150368601077195e-07
-3.927326299535820202e-07 -3.521430996711558671e-07 -1.453432195683979033e-06
-6.870670447821967522e-07 4.609308769718444697e-08 -2.132332300755661930e-07
-1.085860845570647584e-06 -9.525384050212019388e-08 -3.708539079701523097e-07
-2.789495224688945759e-07 1.012186585971470518e-06 -2.710898602142726368e-08
8.107105958348949908e-07 1.087407764272169642e-06 6.738350517971895033e-07
3.143722125016637390e-07 4.867994459157992541e-07 6.105929331102964105e-07
4.962603632063569374e-07 7.491974411864443331e-07 -1.385568769902687479e-07
-4.846875348735067329e-07 2.075839206081816411e-06 8.972194976016087888e-08
-1.390281782199540036e-06 -2.660709413573148915e-08 8.376685902157059694e-07
4.576374048078308001e-07 -7.474701856310305378e-07 -3.671671424585852064e-07
-4.070744788527247932e-07 8.151121332320964569e-07 1.313121633176085857e-06
-2.034267032457322125e-08 3.330669259807067039e-08 6.248042148908818011e-07
6.930474984823437111e-08 1.838023679695367564e-07 4.457617654811685927e-07
-3.542325916992813821e-07 1.437799272546967003e-07 -1.060941669638836632e-06
3.318616396685961641e-07 -1.137957454923446737e-06 3.624660949375444609e-07
-7.679125473322394356e-07 -1.152585689539158075e-07 -6.232345529312345848e-07
2.742777137379762978e-07 -8.100526518688188321e-08 -6.281535243992600391e-07
-5.756706061489429555e-07 1.268306036127423692e-06 -1.508523264218230355e-06
6.289007819766120484e-07 -3.352397220455428178e-07 -1.016749186056221025e-06
-2.051876974940587110e-07 1.054746929661206540e-06 1.712873379640756959e-06
-3.090855593542000163e-07 2.005197233102041639e-07 -2.666274497156383345e-08
-1.093204354948344692e-07 -8.414286716402507456e-07 1.416706619739767344e-06
9.186895928525347755e-07 1.422869994617186970e-07 6.778331107507690632e-07
9.186382281963691868e-07 -9.921756178248813055e-07 -1.048560671916619840e-06
-1.021798659529936645e-06 -7.261651888481082141e-07 9.655434328875153097e-07
8.404354578727069507e-07 -5.471651131125971908e-08 -1.038963451188355569e-06
-5.164513282556784788e-07 7.111877881366572523e-07 -1.042608830475567529e-06
2.589707793468927771e-07 -2.265173919579332554e-07 -1.252529462493314365e-08
-8.055791610855693248e-08 -5.423270883989914664e-07 -8.178920497334465652e-07
2.423026162734136650e-07 2.726090376900710764e-07 -1.472467318766526556e-07
-7.474862778879586407e-07 -4.349986222941834579e-08 3.722005176395594071e-08
-1.454301084922599199e-06 -2.983950671002031748e-07 2.178644623613052186e-08
-1.037257550368125778e-06 -1.868279473684060518e-07 -5.353471659907575762e-07
4.601805690994442436e-07 4.111823045402244317e-07 2.261609817487115663e-08
-1.504489070844704198e-07 3.616464229096459040e-08 3.943269361431138404e-08
1.217528544007367582e-07 1.036750578975788568e-06 -2.864813211753262207e-07
1.462979697584816059e-06 2.193080684183821860e-07 1.067310505535937464e-06
-3.224629706777083255e-07 3.710276075214705492e-07 -3.845187564713318990e-07
5.429935596761860444e-07 8.389173666524214347e-07 -1.915839400404694054e-07
1.892286178388951777e-07 1.187528982027701743e-06 4.429037729846732602e-07
1.117732151257356520e-06 -7.336705101066073831e-07 -5.940415289740390012e-07
8.886604138522675387e-07 -1.428304857645083816e-07 -3.660226871413466089e-07
4.634021509376342887e-07 1.473978679757194985e-06 5.816364795532765725e-07
1.651129923681321302e-06 -1.115810020041939252e-06 -5.861121796206270906e-07
-6.850660806949672403e-07 -3.751769493911713017e-07 -1.243624476325063398e-06
3.266208673954186612e-07 6.407478824732546818e-07 -1.014012704876167764e-08
-3.025557313784239896e-08 -1.974351506617875546e-06 4.629983534422163252e-07
7.257710081188285286e-07 -5.435067332658571014e-07 8.023568373855152474e-07
6.867554712311958419e-08 -7.590436366432484209e-07 -3.826616962606128982e-07
9.494455370933069046e-07 -8.322646558272203842e-07 -4.518361331777127033e-07
-8.270506838614372986e-07 -2.176450389572684553e-07 3.149347354534833865e-07
4.915603262386627102e-07 -9.703653870681234404e-07 -5.674912505588986920e-07
1.283864361401334481e-06 -5.087040094734911328e-07 -4.279793606555771961e-07
-1.459553977921668399e-06 1.145417279966556680e-06 -2.007444595005401026e-07
8.207250094531467896e-08 -8.563684052337369642e-07 -1.762683483774282916e-07
1.433035459256589856e-06 -1.222408782020641585e-06 -6.230842144349265681e-07
5.468795134857060870e-08 7.474395456781773712e-07 5.581202878604084508e-07
-5.043669754863800242e-07 7.502904733609087735e-07 4.672766219783412165e-09
2.840260730238114512e-07 -1.124042329433146395e-07 -4.424204700413809721e-07
-6.575641898548446773e-07 -3.054075064280952547e-07 -4.769468972243763934e-07
-6.056611578633906092e-08 1.185608009793727540e-07 9.983220435489962071e-07
1.469734366977377475e-07 9.007532548514698786e-07 5.952439228019863467e-08
2.832423450045065563e-07 3.318739705766424229e-07 -1.341765315411433842e-06
6.616993202006744112e-07 1.055916003840580940e-06 -5.723512757895061547e-07
6.906513144545284764e-07 3.589293574470742553e-07 -7.401328744474249782e-07
-4.884067929561183240e-07 1.357262389534286310e-06 1.070999891508574381e-06
8.426567067613035434e-08 -2.620508601184001614e-07 4.738275969508145637e-07
-7.675853299753501833e-07 -6.503347691843888707e-07 3.126092532805560344e-07
6.368879171911814724e-07 9.179837094832810269e-07 3.473141765060410529e-07
5.659311940376404793e-07 -3.726987778865281408e-07 7.883908548499621543e-08
-7.730711163239543135e-07 -6.702319388350416897e-07 1.372600727907760537e-06
7.242280926577961862e-07 4.899135107138306087e-07 1.481895565983228706e-06
3.286023371325681983e-07 -2.161076489931201759e-07 -7.033826032377018056e-07
-2.029496167788995600e-07 -7.288912645383422617e-07 1.354921585784376641e-06
2.196670491101894275e-07 6.877235395449807268e-07 -4.610064231170994642e-08
-2.966990783767474374e-07 -1.612095810948159560e-07 2.250398816047227818e-08
1.741869671951743363e-06 6.480893853332463933e-07 -1.598900563352913440e-08
-1.208779176327035110e-07 -3.198386474113910906e-07 -1.868301239166042719e-07
-1.047766384589724855e-06 5.623799710395547293e-07 -1.491381056849125672e-07
5.490754836774917491e-07 5.614246630975044985e-08 -5.524484685711880405e-07
-4.302980044244982848e-08 -8.561701497649763467e-08 5.247904470325880141e-07
3.648307700821782423e-07 1.058862188555480596e-06 -9.426922024217644653e-08
1.082828359107243575e-06 -1.146359656805246402e-07 9.850644596149783547e-07
9.206558854066136815e-08 3.760139249025441086e-08 4.862505577862776152e-07
9.654896897257368848e-08 -1.930286314410569236e-06 1.032958285856013699e-06
-2.821738152946359240e-07 -5.085086739467795430e-07 3.637444465806691775e-07
9.974680698244917933e-07 1.455521387724214707e-07 -4.031880361682989567e-07
7.330487551226163304e-07 -6.455999568167728638e-07 9.900732187524942212e-07
-1.106377545869766755e-06 -4.155505599197796853e-07 2.597503815308094875e-07
-1.162831762855712206e-06 -6.571950732838127386e-07 -1.993367135089463883e-07
-1.922006311603635597e-06 1.721528998099102539e-06 6.299219955581109115e-07
-1.549352613592211121e-07 3.591168238915630761e-07 1.797212012476541560e-07
2.239270969644858128e-07 -2.438406695114916811e-07 5.189943108389276175e-07
9.088364072205144864e-08 -8.079340582005952018e-07 -1.007472530971231456e-06
-3.576380304323079004e-08 1.066743213317650303e-08 -8.234078978656803584e-07
-8.189361143349014071e-07 -1.455431886586162591e-06 -4.050819987324919309e-07
-3.933973634636533205e-07 3.026904328642184497e-07 -1.062816868854748363e-06
1.183551257568835657e-06 -7.159408575738551627e-07 1.496621850514071976e-06
4.259053085037866163e-07 4.884682409090551885e-07 1.501113061912582881e-06
-4.551882812889438490e-07 6.397415441799846800e-07 7.928969940431045149e-07
1.942139759858420800e-06 -7.147038293274792762e-07 1.779893428611236742e-07
-6.069624714008642652e-07 -1.504308903299790523e-06 -4.916373400178831018e-07
1.091884551579355129e-06 4.515781197979706585e-07 1.220746423473789961e-06
9.583787063609653676e-08 -1.739927595431370482e-07 4.696536269052791658e-07
-1.329842686132394536e-07 -1.338254087872233883e-07 -1.659723910528305127e-06
-8.789236574068784330e-07 -1.817320733247492051e-07 -8.705878839305103330e-07
1.394796068846174426e-07 -5.201620017262847210e-07 6.274196694258531262e-07
6.527146540423118574e-07 -1.656419853494881171e-07 5.993572655816932259e-07
-2.615133720663094647e-07 4.257849075575128019e-07 -5.782793969961556851e-07
4.452647295891493792e-07 -1.297447854202793411e-07 -1.461779449129620834e-06
-6.552465734779993307e-08 2.130456987514304333e-07 -2.975463362317948649e-07
-7.977812848624652389e-07 -2.271081860944356612e-07 -8.104657449904517690e-07
-1.294897082862537552e-06 -8.523736640019433635e-08 -4.910667148419686505e-07
3.415599480964334496e-07 1.731275203381736777e-06 5.652000006574816962e-07
9.515836083670740761e-07 3.736879176640739572e-07 1.465238074587563685e-06
1.187854352728388086e-06 1.185878152296777152e-06 -2.977654763243003804e-07
-5.069981014121082837e-07 -2.192704771775772022e-08 -8.540036085970351526e-07
-6.937402966103912965e-07 -3.403547263920540615e-07 -1.739396054558549729e-06
-5.724225882058396645e-08 -2.103229744599887413e-07 1.293412389478010467e-06
1.296461469186329340e-06 6.491574585697182922e-07 2.004755595883939253e-06
-3.304163668033113462e-08 1.481249770231601379e-07 1.555911827199632666e-07
1.352977590507053856e-06 2.881578093072848662e-07 -4.984551747506534041e-07
7.020725830690604877e-07 -6.243144317449154389e-07 1.913424058552269922e-07
-1.099734870862919367e-06 2.512880098426306518e-07 -3.583977526083025125e-07
-6.941956648302052646e-07 2.264773002219474608e-07 2.812386889107128853e-07
-4.011638769227935378e-07 6.888852075098367549e-07 1.039024036055173475e-06
1.134350353014327456e-06 -3.248298850301013646e-07 9.110696134739140246e-07
-5.170029297037275932e-07 2.068334200745702536e-06 -1.178239117812849153e-06
7.643721294781468712e-07 5.532433998427806742e-07 -1.233945492465996248e-06
-4.590074309673097994e-07 1.452184009347500834e-07 1.168636380615350972e-06
-4.921673278523251934e-07 4.611394113394389703e-07 2.764678427057088091e-08
1.022398401607367906e-06 -2.759194490870205765e-07 3.247579542544754788e-07
4.597677577895704802e-08 -9.041146398640582107e-07 1.427700961217344099e-06
5.354444372968035580e-07 8.267199032946882146e-07 8.646390788103702206e-07
3.442735799113660105e-07 -9.486204595045746722e-07 8.779158935052846935e-09
-1.347245627942457154e-06 -5.750059208487269023e-08 1.731466760099668016e-06
1.619617075966436823e-07 -7.445434977618076171e-07 -5.037306052599493252e-07
3.565500017760092381e-07 -7.440312404732921770e-07 -3.571252501528371926e-07
-5.938796937207201842e-07 -2.770184338700767517e-07 -8.498706256963587728e-07
-5.572616505130339380e-07 1.060938792992655793e-08 2.709742693049540672e-07
1.028572683939902589e-06 6.170382290692924365e-07 -2.016333246266179282e-07
4.056958160178108293e-07 1.263291818025089654e-07 6.398135961171331998e-07
5.061474365997662746e-07 -6.780940937629430932e-07 1.175771170634180670e-07
-1.238773699514051477e-06 -1.352893600624147843e-07 -3.543660699846096238e-07
1.136096375157926006e-06 -8.869923835780959024e-07 -1.470456143477774212e-06
1.377709323878967147e-06 -9.525071666724708261e-07 -4.924900873732460040e-07
4.976207381089246870e-07 -8.986729044362215829e-07 -3.462170415534273451e-08
-2.054573199005948082e-08 -1.098724099251793144e-07 3.008342935810427740e-07
1.485875974147063259e-06 -3.344995880913627987e-07 -1.262584556304695410e-06
8.079640501000432374e-07 2.571961744293082648e-07 3.553128966944074503e-07
-1.171316282711004851e-06 5.319799494756657014e-07 -1.122068064785468587e-07
-5.794651742935477418e-07 -2.752417021674476155e-07 5.658313910906623784e-07
-2.481388412480918143e-10 6.046954599837651879e-07 2.964506547857852928e-07
9.636709301270684794e-07 6.074541973149880291e-07 7.896686964517152436e-07
-1.809993440816191242e-08 3.267071750382962800e-07 -1.608929019009595278e-06
7.594648952109976222e-07 -7.835747930152474572e-08 -8.610819889204488831e-07
-9.730408162886958063e-07 -3.041442700064447563e-07 1.016878753898467184e-06
1.085711566965064304e-06 7.092489688407805637e-07 7.817350296416983745e-07
-1.866880147736953977e-06 2.095647996953381572e-07 3.026083347553373686e-07
2.671456076410747744e-07 -1.026280866687233479e-06 5.027031363918574612e-09
2.223795316095503544e-06 -3.561095082189742619e-07 -7.320505448280469240e-07
1.687750655467723972e-06 -7.851146085088438798e-07 4.050299033229508326e-07
-3.407489950483025678e-07 -7.391725167061789803e-08 -1.274278972215578543e-06
-4.732180798486691681e-07 1.132492331888286400e-07 -4.414317102241901513e-08
-1.316153383801062331e-06 -4.846048206896903300e-07 4.755100978256053253e-07
-1.001392963407292455e-06 -1.268300677852193511e-07 4.493210269089379454e-07
1.236662456709279343e-08 1.230744520367660533e-07 5.374897916598871191e-07
1.062515493477085772e-06 -3.235773543812604086e-07 6.139748151840824752e-07
4.240619462723306399e-07 8.228034552007452422e-07 -1.304346725954326328e-06
-4.903681501332342349e-07 -5.778875483164302748e-07 -9.770740538790854533e-07
-1.091598343178492373e-06 7.008854606451028537e-07 -5.048637868969433627e-07
-8.230413738078302716e-08 4.325111341207502481e-07 3.168931857852053524e-07
1.873703143184833728e-07 -2.227791498554979269e-07 8.367763744517105293e-07
-4.833468092584697370e-07 -1.357686185281792305e-06 2.622396009039370732e-07
-5.221025526658692124e-07 9.078473022969351024e-07 2.505722807805180360e-08
6.659872738395271278e-07 9.640467653706932999e-07 1.614868616590361493e-07
5.292806379829631865e-08 2.205066642623771136e-07 -1.607849281437098674e-06
-7.382592408320514131e-07 5.519632223705328310e-07 2.721240474470826711e-07
-6.984085330372589583e-07 6.807633826174413337e-07 -5.625609497421084922e-08
8.315940473583033145e-07 -2.201842207396952237e-07 -1.025416460415916420e-06
-5.399160486288202044e-07 4.003290364479555273e-07 1.086234558985180709e-06
5.258892483008398229e-07 -2.118749032186902187e-06 1.016400006778091603e-06
-9.108557728854986263e-07 -1.904113711594339339e-07 -4.408744428559881730e-07
-1.372411225969005416e-07 5.295906357075223791e-07 1.259540076646684111e-06
-1.646094656946244110e-07 -1.531716358341521862e-07 -1.058357732382971217e-06
2.699286715681255174e-07 4.101080899438385831e-08 -1.107052968262571740e-08
-3.460417827709084544e-07 -1.199347047391714606e-06 -2.892780014059398071e-07
-1.449600293385407999e-07 2.297106094149515105e-07 -8.195832794532223100e-07
1.464128750083476355e-06 5.274598479266749691e-08 6.689063211237767599e-08
-2.029940683413260142e-07 -4.660640303444797101e-07 4.963854980791769747e-07
-8.145979983271940498e-07 4.062721907961681433e-07 5.354125592284294530e-07
6.990374677658142018e-07 1.075853522649455001e-06 2.010020296744824509e-07
7.542900084240378116e-07 3.284086282038514092e-07 9.242007342070530677e-08
-2.469035376072938636e-07 6.759440107251090570e-07 -2.478821939455481542e-07
6.945843046806404306e-07 1.374146871723917964e-06 6.390059709133021531e-07
9.073165996224229430e-07 -6.380441677160277506e-07 -1.272053399602587398e-06
5.883956765294840402e-07 1.116017404958366339e-06 7.470397299382536517e-07
4.152817427462542540e-07 -1.615165102350074532e-06 -9.321319892764174877e-07
2.329912113746510066e-08 -1.073675715189921923e-07 -6.652049840603708718e-07
3.899203198751631026e-07 -6.209550324687430576e-07 5.279496940584863688e-07
-1.199314594005769882e-06 3.664753055665063279e-07 2.864539684885207682e-07
3.225726397039169900e-07 7.068048192975122366e-07 -2.523280483490427926e-07
-8.282825941892764362e-07 8.438877049269450571e-07 -1.689945670695257750e-06
-6.872788584357711715e-07 1.654235746616666451e-07 1.284881703313576876e-06
3.804522015296860571e-07 -1.880219909262548316e-07 -1.309937108347863389e-06
-1.255334140962306761e-06 7.835284113061625291e-07 -6.651676387353426812e-07
-5.035193187469331869e-08 4.667757136649061081e-07 4.527092024463573513e-07
-2.928313326345212449e-07 -5.892177224529056845e-07 -8.371112423813089428e-07
-3.603399748182849345e-07 -2.851320423272510289e-07 -5.579131612653431055e-07
-2.301157744233950622e-06 -1.663874503650010396e-07 9.708816753721741111e-08
-6.335556698512563354e-07 -1.040846688186224226e-06 -1.462656326068839806e-06
-1.456686752440416978e-07 -1.393371212756863582e-06 -1.301831759960873626e-06
-1.712474185757848129e-07 2.633574442540587872e-07 2.492119208292295019e-07
5.534327740202985663e-07 -1.750628147395675455e-07 -8.198814953058441985e-07
-2.990285215298184533e-07 4.109528482862015986e-07 -1.304316458467204936e-07
1.417514951293886027e-07 9.997621805069174224e-07 8.381870829323593601e-07
4.685356689271256241e-07 -1.426175336647830808e-06 1.435565898304077396e-07
-1.338130829409873653e-07 -2.778804704536416852e-07 -5.398316251656890171e-07
7.381277336119998214e-07 -2.605369691991364853e-07 1.669334332539871984e-06
-6.338036988706937987e-07 -7.060686817432485432e-07 6.538911304585954005e-07
1.485607329224846403e-07 -3.271259807311301674e-07 -5.438790551638104912e-07
5.063793316007641734e-07 2.473280727695297496e-08 -4.835149070079880292e-07
5.811721995765363554e-07 1.009663366027409070e-06 2.181280589427907043e-06
1.081484558014469266e-06 2.996677035810692225e-07 -1.272725880581370247e-07
-1.560343862553652486e-06 -4.181951429491124669e-07 -4.713599290736875922e-07
-7.659975228094643504e-07 5.685660561074730774e-07 -4.435536846671324081e-07
-2.626981908495435416e-07 2.148048789063278783e-07 3.358547313874134436e-08
-3.955383020870907513e-07 7.141420113943004049e-07 -2.141854594527805679e-07
-7.035768735954372589e-07 1.521507360238833621e-06 1.514039839258911736e-06
2.906015137619329242e-09 -9.466271423227202502e-07 7.995396982691013493e-07
-9.771338076043536218e-07 6.676632025023170134e-07 3.829839688766087965e-07
4.713787441812969465e-07 -2.292434824731782650e-07 1.628696988509460723e-07
-7.757896023261789671e-07 3.419721685109520589e-08 3.723644910737579542e-07
1.278047137699978316e-07 -7.382391944856443943e-07 4.516148534161771719e-09
2.548143414890275510e-07 6.403069948137709120e-07 -2.072031236064653220e-07
7.361045745048585325e-07 1.340093840817693616e-06 -9.386278858613212670e-07
-1.172074178192574530e-06 -2.114162887277039560e-07 5.023260418470124704e-07
-5.685553547876888512e-07 -9.397597202707340530e-07 -8.337293871969650595e-07
-1.922298857316066570e-07 6.727839731655602450e-07 2.094473588106771818e-06
-5.162382934556591745e-07 3.380031493607612555e-07 2.219515955270420724e-07
4.947928625300336772e-07 3.893263038158260720e-07 1.406533029802622651e-06
-1.645427718632721453e-06 -5.350120545810735592e-07 -1.162418398391099796e-06
-5.937671814125784399e-08 1.042357874958579605e-06 -5.728009790981396708e-07
2.751885859131616235e-07 1.941609961690933031e-06 7.309970526820256329e-09
5.015255179465963848e-07 -2.820311883600592134e-07 4.084043641355664377e-07
-5.830267659345141573e-07 1.440980103171145581e-07 -1.081549649935338664e-07
-1.776503488309778590e-07 -4.757918221015159385e-07 -1.338305280287224057e-06
5.549747161424107563e-07 2.880529059390743446e-07 8.463547088907124084e-07
-1.528765603351528555e-06 6.025910453097274210e-07 -8.351716370243367281e-07
-1.770800895798256309e-07 1.077336470621576484e-06 -2.214064473974809020e-06
1.322072419063865456e-07 1.227528063098740691e-06 1.681476205367576609e-06
-7.029908607812347595e-07 2.240552976465811242e-06 8.362165914941412352e-08
2.385573825400970255e-07 -6.039707377091660542e-07 -7.652055188490838274e-08
-1.144159651097445689e-06 -7.111887805194765443e-07 -9.067404062997601645e-07
2.419581462126605142e-07 1.279211241019332025e-06 6.249746558766872685e-07
-3.943646841441275692e-07 -5.934962793828541961e-07 -1.236691696074818370e-07
-7.233541611401894403e-07 1.017317682739524841e-07 3.415897194915908588e-09
1.050988218759974568e-07 -5.906741947448759444e-08 -4.264527052828308944e-07
2.366565926654966360e-07 -1.567048198337674258e-06 6.506125422399059194e-07
1.524467565828090167e-07 1.099734240673256875e-06 5.592434403881363392e-07
1.042625048378250103e-07 -1.493872523961112260e-07 -1.357031077424169812e-06
-4.100240721074506979e-07 -1.146965225646273826e-07 -1.974574667769127430e-07
-2.063004437635576134e-06 1.250256999628378796e-07 2.198419256005739246e-07
5.587528036316702154e-07 -1.385613466678434484e-06 -3.045061420038774780e-08
2.251791508697471373e-07 -5.000002413937850262e-08 -1.949852272693673611e-08
-1.449886216266583351e-06 -5.489181945872623232e-07 5.735987525754182011e-07
8.633024001094434118e-07 -6.209393100482599787e-08 -6.354538490387732262e-07
6.915682687591691163e-07 -9.840245275197823538e-07 -1.012305106898431249e-06
-8.935188919803442041e-07 9.136566035674005336e-07 -8.355813652632420080e-07
-4.062567153752500296e-07 3.410401547687291102e-07 3.449984112016084514e-08
-1.054279433122481648e-06 1.532101873857004040e-06 -1.198664222839805722e-06
6.838107160338990361e-07 4.211199223474865679e-07 8.764782386983807147e-07
-1.232480755365692520e-06 -1.140056286386542089e-07 -2.332507032711003691e-07
1.708610703303272319e-07 1.015083053083610058e-06 -3.004444380872591778e-07
2.165025723698435682e-07 6.605294198571401243e-08 3.271172230403185749e-07
-3.751458973183237033e-08 -1.884825306393449653e-07 -2.995909468414524180e-07
7.126428136650008495e-07 1.469900421126822053e-06 -8.966340753304217968e-07
1.469261633384503251e-08 1.416692325267593304e-06 4.651402902884479525e-07
-1.272856888514636696e-07 2.286700233550683495e-07 1.343245503202762754e-07
-5.326660734779002903e-07 -1.985444086362532505e-07 -8.930279618606956535e-07
1.777044621438035747e-06 6.799549623341062672e-07 -2.599777990284436699e-07
-1.803390802607672555e-07 -5.435181973258296562e-07 1.207040532768179168e-06
-7.270283094678905440e-08 -1.769320232622369699e-07 3.271224811760226914e-07
4.864496622199059888e-08 5.577504729777083131e-07 4.109585896142621380e-07
-7.471849210033849105e-07 -4.611597149189873932e-07 -7.307777090085154181e-07
1.347611682514957540e-06 -5.364109692837594700e-07 4.088245088623074114e-07
4.965181930217926339e-07 -7.836877936837899383e-08 5.900946030531203678e-08
3.499532639713545519e-08 -5.690292621045191312e-07 8.978276354220624197e-07
2.778951501769003985e-07 -3.789488057812645395e-07 6.335999346283462270e-07
-1.013210695914305401e-06 3.972633232573064630e-07 -4.579349276395124202e-07
1.040985565742894599e-06 9.782081216210321251e-08 -2.802047394472287040e-07
-5.985040889751293944e-07 2.136850347404848464e-07 -5.490225557383284769e-07
4.770196608303042617e-07 1.655705094748488643e-06 -1.611937245317497732e-07
-1.781265854362875013e-07 2.375153262751452701e-07 -8.437665360208484705e-07
1.081400739495983943e-07 -3.462678532682426655e-07 6.861154991051454655e-07
5.093345197821003577e-07 4.063746748766715495e-07 3.006485369101803838e-07
-2.244293950462211661e-07 -1.465641708433142568e-07 3.246644479050008596e-08
1.383321021370875149e-06 -9.784397036206730799e-07 3.431088798010637445e-07
-4.244168568656407937e-07 7.378217631054276116e-08 1.756015461143323027e-08
4.743153894787419935e-07 1.649387429832701857e-07 -1.411334217944742509e-06
-4.486983323437825876e-07 -6.177151265923963706e-07 -1.267437491436039515e-06
-1.003843451714901068e-07 -2.294892167221069568e-07 1.832221584663511301e-07
1.304430878003218563e-07 -7.383239181746552635e-07 -3.562574675087227058e-07
6.500315839407094208e-07 1.385027414554711711e-06 -1.445560781324966211e-06
4.665606222611113493e-08 7.794424463804220071e-07 -6.260427945392339163e-07
-6.665596611561998591e-07 4.412488267527501204e-07 -2.181432038987753761e-07
8.778096953205238074e-08 4.011731637497518725e-07 3.425823506468501990e-07
1.088229074950093590e-06 -2.320065366450079183e-07 8.112833141318865241e-07
2.026574257293139420e-07 4.372181615899612466e-08 9.962504467269024140e-07
-3.632994780172075171e-07 1.458601222720934184e-06 -2.583708185651177304e-07
3.596677372331227773e-07 3.816688324530965589e-07 4.585182935609766406e-07
-1.210846653972935979e-06 -7.134340971081765255e-07 1.764938459780646947e-07
1.887497779280825830e-08 -6.984918564746582708e-07 -5.301794758216981933e-07
6.441001032651246446e-09 1.089979876924938800e-06 -1.032928284563615718e-06
6.840228922433807978e-07 1.144162346986915895e-07 5.741632789132929799e-07
3.185391914459901858e-07 1.010290338773312902e-06 8.183659465299354697e-07
-1.767252543411605826e-07 -5.247691879557981937e-07 -2.183144497668006790e-09
-1.110112307952326167e-06 -2.976465353688713067e-07 -1.604466987286079286e-06
-6.210262258066039727e-07 1.765834969083009443e-06 -1.240487360810251036e-07
-7.930398918841513482e-07 6.661440015192286716e-07 1.925432002238190813e-06
1.137327568350975036e-06 1.777850962672777568e-07 -3.316281936480332719e-07
4.385927300080433871e-07 -7.920647041855009340e-07 5.633909670937314268e-07
-4.049497184348260766e-07 -7.849409226670859815e-07 -1.610904067443376367e-06
2.354368528540146279e-07 -2.198198688406553351e-07 1.199905826152143319e-06
1.437904671824452883e-06 -1.203093165205264725e-06 6.759831827496378537e-09
-1.013872199553093875e-06 4.836439719737954117e-07 9.223251876077974236e-07
-1.161395327950609512e-06 -2.484134139211200918e-07 1.155317812191080682e-06
-6.834559465683268856e-07 4.036724293256733000e-07 1.526063647019908705e-06
-4.945457083501027381e-07 -8.893367148156368633e-08 -9.184924357465658993e-07
-7.575051671975861608e-07 1.137074456046112865e-06 -2.022952213185885748e-06
3.889034895459318445e-07 1.037268652477315351e-06 5.663789545050642372e-07
9.384525329218952699e-07 1.047053978416703602e-06 1.049999590485187355e-06
-1.198145904682110269e-07 -8.554634624521378463e-07 -1.812673181521374233e-06
-1.784198411522683711e-07 -5.457468533121299926e-07 8.508904270917296233e-07
6.705713950547103675e-07 3.611793393703646731e-07 1.928823830727739003e-07
7.425719731727636673e-07 7.341561107840077949e-07 -8.528091822407408143e-07
-2.018939509169460129e-07 3.319851353978374832e-07 7.460717112598576603e-07
-9.225513874956661192e-07 5.735862163564753788e-07 1.067418446462637894e-06
1.025887021206974648e-06 5.067044298754303919e-07 -1.272759016999909583e-06
2.166256158234673029e-07 2.600858022442176645e-07 1.110231919183806609e-06
5.428896263243528237e-07 6.540666790213238988e-07 3.858984356793508858e-07
2.931425931849737042e-07 1.226949915703806632e-06 -5.708089214347045918e-08
-9.077919607019996786e-09 2.583235492764622459e-07 -4.736238096173894263e-07
1.955916615944138508e-07 8.217192907803364025e-07 -1.379236418131995193e-07
-1.807732824277626406e-07 -2.401363826728599808e-07 8.692488433309110927e-08
-3.013363205598968930e-07 1.396942315467283295e-06 -7.886152582970290774e-07
-1.232076663209365763e-06 -2.270397881172813082e-06 -1.837165976274862066e-08
3.615924264285966692e-07 -2.175605418344739643e-07 -3.672709944034687771e-07
3.118625538830674605e-07 7.537880232405541314e-07 2.679810430973235229e-07
9.083984899208701653e-07 8.007277924877506167e-07 -6.026290827242764812e-07
2.517949863107285720e-07 -1.383343566306359340e-06 -1.565539516286505367e-06
-4.390914940507799060e-07 7.186420743350036889e-07 7.724673536489871823e-08
1.079783940629740829e-06 -2.556307239507390512e-07 2.525168828110422057e-07
-1.743181242953302523e-07 -8.622543813680152671e-07 -1.239317303274168385e-06
6.766400679509117784e-07 2.288227027711747292e-07 -4.759154731287885858e-07
-6.820097296955991530e-07 -1.236849018480327925e-06 -1.225625725779392073e-06
4.365443302796393519e-07 -1.790349044409315080e-07 2.525824244230095850e-07
-1.481363446198640586e-07 8.681049051623033742e-07 8.777957433572358295e-07
-5.807025529709686357e-07 -8.885449844581110609e-07 -4.748206941645557267e-07
-6.515633753100601753e-07 -5.359806970542029085e-07 -8.760826156828813538e-07
-1.124218958275882624e-07 -3.572494105443679879e-07 6.412910207838045199e-07
3.394800336974175808e-08 -3.095241766503045583e-07 -6.750892862176906399e-08
3.368853106280221248e-07 -4.257803421036010910e-07 1.561587777867781210e-07
1.203609623507521573e-07 9.841994299183918518e-07 8.936042092565406863e-07
4.175735864989660636e-09 5.166987517295104975e-07 -3.420625337204220726e-07
5.095037865918456624e-07 -1.771203040172236786e-07 2.263552219448937063e-07
5.283867220476600054e-07 1.278018470061620337e-06 -1.565950912474229332e-06
7.884206486197634029e-07 -5.040224503728997728e-07 5.358899831225483107e-07
1.045545938283676678e-07 -5.970790014404978161e-07 -6.838559945168521564e-07
-4.783719057967962469e-08 3.576022104219491937e-07 6.408335248326306608e-08
-5.901345736900573301e-07 1.357570175855716781e-06 5.866639938170166069e-07
1.069781790313139818e-07 4.836866745084605017e-07 6.688610575712134412e-07
-3.373723488788375026e-07 1.069756897647045224e-06 -4.864371781125578547e-07
7.940026495738783909e-07 4.656098546480887288e-07 -2.700214241626020653e-07
9.473313304948844592e-07 8.293505117792340999e-07 1.320855529152969721e-07
1.231572064430209178e-06 4.156939873690695091e-07 2.321787901843805801e-07
-9.823258812064344986e-07 5.779927744142385448e-09 2.597234683424065369e-07
-8.487375805381215912e-07 4.449571117437800918e-07 5.350814162996560095e-07
1.697098210551765350e-07 -1.390472420994291134e-07 3.341442566275007808e-07
-1.163672970280774234e-06 -9.523207482961704240e-08 9.160810525919708781e-07
5.628498440688747941e-07 1.296843235399494877e-06 3.712789303389290203e-07
4.740638217352578856e-07 9.004844412135680188e-07 4.175565868271574169e-07
-4.276058745741649531e-07 2.816360472105816881e-07 -4.018177364986871277e-07
-4.134375680463340197e-07 1.117890119720282058e-06 1.245104484283956690e-06
-3.537853348078358178e-07 5.789265040671570938e-07 -1.212942280389781606e-07
-2.368424024662685293e-07 -2.901217403346433072e-07 -7.378236834164183290e-07
-9.720250063795881197e-07 8.870972860121495736e-07 -1.155929705851922118e-06
-9.346027375446022621e-07 5.288401687288061432e-07 3.277028229522329793e-07
-1.014161534191703438e-06 -2.461053178915313774e-06 2.193836886022201570e-07
4.909481384616626099e-08 -4.740184733340102094e-07 8.160822417998764945e-08
9.477629470428821092e-07 -8.055887729799223002e-08 -9.076558375111179999e-07
3.447860524373242533e-07 -3.900169732236872920e-07 -1.222894719793140032e-06
-1.201805378670220486e-07 -9.998959179348383535e-07 -6.865700442589664406e-07
6.982901510559022751e-07 -3.069973744927694501e-07 1.383656476308155978e-08
-9.165843398912966749e-08 1.084896954717940833e-06 -8.531000825070903712e-07
2.935000231678329330e-08 4.285017862918590448e-07 -1.033548005035300551e-07
1.969323557487342676e-07 4.545683127862734654e-07 -2.285557506560771431e-07
1.720366954061974814e-07 -1.541498990574512294e-06 1.435026589015177369e-06
-2.831493873318456356e-07 -1.637703901482622138e-07 -2.519962749547456968e-07
-3.204398387270174022e-07 5.464161191815443819e-08 -1.325576930566260183e-06
-7.397267266630461174e-07 3.408519486844089051e-08 1.028573417855947346e-06
-3.658042518251239323e-08 -5.074732699380768432e-07 -4.014069840439857432e-07
-7.336745704389330147e-08 5.183208023901722236e-07 -9.936867489800401041e-07
2.772256870315286043e-07 -5.475760055083302507e-07 3.606841553769301996e-07
6.555509978187924790e-07 -5.211407935941354166e-07 -9.832176344532388391e-07
6.432903756219848385e-07 -4.239858138892091849e-07 -8.215235339914515535e-07
-1.503306450358549913e-07 1.254231390989061461e-06 -5.161986573046363280e-08
1.523565878421305354e-07 3.785727348431297127e-07 4.973896409814420412e-07
7.803310589177829357e-07 -2.339143534332502282e-07 -3.844959823933492545e-07
-9.888703014068124744e-07 -5.447169490055190749e-07 -2.840181460528053271e-07
1.983234207130332714e-07 8.910935624883808517e-08 -4.975374100380410655e-07
-7.192790005977828003e-07 -8.994241355777685925e-07 3.366624309211330029e-07
9.230880888331576892e-07 -1.210807848565082152e-06 9.955911951368553287e-08
-5.435734842114299339e-07 7.520326014341153473e-07 -2.113346620718207418e-07
7.395724929760299619e-08 1.606261047979642279e-07 3.804097675796203096e-07
1.287520395751559980e-06 -2.395998702827985788e-07 6.895540550309606650e-07
-9.260763652822234777e-07 2.601826417858870045e-07 2.249629380957598814e-09
-2.641928619326484840e-07 -3.807733923645004691e-07 -5.148894660251862554e-07
8.385204601348209585e-07 1.019863622412560670e-06 -1.028002534649795635e-06
1.282134531608094831e-07 -9.314816217262792198e-07 5.332950053649092352e-07
-9.756725720605690631e-07 -1.181901071290063504e-06 1.695462146438159363e-07
4.883074725051305842e-07 -2.207537533489145398e-08 -3.159513884653193753e-07
-8.288871271191990425e-07 6.640916372730573447e-07 5.853817454297461844e-07
-1.033103153930258893e-07 4.099024711960222718e-07 -3.022955962064895457e-07
-1.799407193299122088e-07 7.867458062830737064e-07 -1.277101688305939145e-07
-5.770471914769030778e-07 -1.430302484090025839e-06 7.305333930225441430e-07
-7.598840382941754251e-07 -8.823152115615228313e-07 1.147578979924975766e-06
5.069108786443021092e-07 6.646556827466536441e-07 5.941425621719425676e-08
8.652416590568201548e-07 -8.597239772498131760e-08 3.479706098667040804e-08
8.318387591123188064e-07 -7.400242406133332286e-07 1.677116561236688790e-06
-5.977167217437478656e-07 -1.123538474577848912e-08 -6.515128560066385934e-07
1.024086395038811850e-06 7.891728671421538760e-07 5.654561961662289990e-07
-9.253098081892053066e-07 -8.991487668445089727e-07 1.667169156949631958e-06
1.282234258312661462e-07 7.199514861511556519e-07 -4.004122603810573748e-07
-1.151814626772060302e-07 1.035478000601572013e-06 2.006887006248146492e-07
-6.810872958004266542e-07 -2.014234978179145149e-07 -1.063024924970634556e-06
4.728932754796213053e-07 1.222870430396185965e-06 2.237756672349047395e-06
-1.235763877063115473e-07 4.663702225919957980e-07 1.932698978569431597e-07
1.130014310558677954e-06 -1.757771806402702898e-07 4.620673166370616976e-07
-4.960108536587589932e-07 1.246425742656169992e-06 -7.913385746284525014e-07
1.045524359593497713e-06 1.128067679815741023e-06 -3.250670351866958319e-07
-7.307012377553005353e-07 3.671491873019350760e-07 -4.566722472395340062e-07
-4.560116715649406332e-07 -3.975572695227609028e-07 1.264056331344369857e-07
-5.548777127159366139e-07 1.094010137880664167e-08 7.668815270635162768e-07
-1.995324440970072545e-07 4.574934225065318183e-07 9.192049044771110544e-08
1.029047604273208476e-06 -1.489867779731504671e-06 3.746604889610239062e-07
-3.923312256763059029e-07 1.028100141471046387e-06 1.366343392677120905e-06
-6.673521530807495881e-07 1.655919592153259941e-07 -4.654185120772595130e-07
9.136406533287553049e-07 -1.396164041996693899e-06 5.910069534811550087e-07
1.941275370270690200e-07 5.153139697630579135e-07 1.074979359007956034e-06
-1.667997506324105788e-07 -4.398528599079155639e-07 -6.563798338253019811e-07
-6.429592083493004730e-07 1.686675076160735293e-07 9.066272844345770569e-09
6.002715982503323167e-07 -3.995289912695140493e-07 1.606773126375976556e-08
7.403229212649739908e-07 5.851280315427928509e-07 2.896889971208191483e-07
-8.265767600799056275e-07 8.237872894037370958e-07 -2.225422075806628881e-07
-2.910532211806331509e-07 -5.153472259105433299e-07 -3.975444680771911247e-07
1.467308949009568429e-07 8.170586099381012400e-07 4.330951313831238547e-07
-1.134543074134473125e-06 4.646450831037162455e-07 -4.607897400328389333e-07
1.921724463702217070e-06 4.858008557518200916e-07 1.238450803228008170e-06
-1.148101195573332816e-07 6.911914389770479642e-07 -9.585437777038929508e-07
-4.345440252141647249e-07 3.407172797826321050e-07 1.069041964907724578e-06
-5.860363746542084388e-07 7.139723929511248013e-07 7.563890888841859159e-07
-1.410943437127573572e-06 -6.767454845149856009e-07 1.561001686021075229e-07
1.972382040683948637e-06 8.550247950331868757e-07 5.124494525421724324e-07
-1.527954110430434827e-06 -5.154272145419200419e-07 5.768178262277324325e-07
1.773148420704528976e-07 -1.719184423467009945e-07 -1.102849317503407684e-06
-6.217892178606883655e-07 -3.798868675848692219e-07 2.477938520683601855e-07
2.076507763227840258e-06 2.487925660767920438e-07 -1.341057921430176583e-07
3.638755846092627737e-07 -8.088912809767937594e-07 3.210234322898012659e-07
-3.085329801573178751e-07 7.650081542253199950e-07 -9.907908781262776325e-07
2.633170870958706029e-07 -1.203047130645917767e-07 1.453620878607720329e-07
-9.312265661770761471e-07 7.061416667105728198e-07 -1.113995138063620633e-06
-6.914715717329867024e-07 5.876303202880668770e-07 -5.145696779198867019e-07
-4.687991351444608881e-07 3.913809761584414781e-07 2.373242270826344343e-07
2.188539452439406923e-07 -6.429281693612181823e-07 -7.560368885591992135e-07
6.734609516676015165e-07 1.748252234592881775e-06 -5.589570397940786472e-07
-9.102328954679340724e-08 -1.311387629294379280e-06 -1.870853084655423524e-06
-7.163423057002614780e-07 -1.785298164676577879e-07 4.099258945200512834e-07
-1.152513934010164096e-06 -5.068692381269977414e-07 -1.233136645962963113e-06
-9.756693586131201945e-07 -8.869707004715058190e-07 1.242564020503629804e-06
9.789003453738379035e-08 -2.334972232128611048e-07 4.185851026840227918e-07
-7.030754833872673737e-07 -3.160309243564750550e-07 -2.313953896790256794e-07
9.770442234786156877e-07 -2.261557785205935886e-07 6.095801775608514740e-07
9.981466725944582299e-07 9.700681775126149247e-07 -1.528840760089756562e-07
1.224089823504110273e-07 -1.024819907168508544e-06 4.671054128144749447e-07
-5.247899584665222779e-07 -1.828647373777128965e-06 8.859343324372009102e-07
8.101175312675882641e-08 7.697525054734420796e-07 4.450251455582316371e-07
-5.504200526149784822e-07 6.091892170949829753e-07 -1.595105728317366102e-06
-4.693046385121174332e-07 6.764616073333631206e-07 -1.473982266440058850e-06
2.690200936347559849e-07 6.438091720590542966e-07 -3.587987210142969924e-07
-1.248880855140952134e-06 -4.366342769530096459e-07 8.122417110490315994e-07
9.586310118329467528e-07 -7.278966947724108515e-07 5.799572700652963503e-07
6.604055185049933830e-07 8.443533899117503129e-07 -3.029883892144004713e-07
-4.143593973393652813e-07 -1.567509233245845128e-06 -1.314269219374884819e-06
4.781030110308093841e-07 7.286084389323280095e-07 1.127030219670401380e-06
8.959554850702919462e-07 -6.766979980368232304e-07 -1.324815332756045656e-06
-1.618026089045817591e-07 3.938120967476724194e-07 -1.273769520559990802e-06
1.450258871703047668e-07 9.212995433668154605e-07 -6.056301145884235652e-07
-1.304699357556995816e-06 -5.506761891391227242e-07 1.352054618002281334e-06
8.911583993706889442e-07 -7.626845663937838608e-07 1.054609203540879968e-07
2.896305170996891632e-07 -1.057035824215183995e-06 -2.981752681355746121e-08
-1.596767896114557039e-07 9.007788462615550319e-07 -1.764521438805663913e-06
-1.527437321801853422e-06 -1.481624417424539356e-06 7.803748632923184328e-07
-8.594205879476734985e-07 -4.825797463762189107e-08 -1.331134403210310359e-07
4.237145913593132867e-07 -6.056718710528856740e-07 5.344093312918023085e-08
-2.207982404602815972e-06 4.408694803479806921e-07 -4.658516301117960564e-07
-1.042597750627713958e-06 -1.142647769478690755e-06 -2.475981727467870280e-07
-1.147143579219118529e-07 -4.195364711233501458e-07 7.107124129232068094e-08
1.636620506415479596e-06 -1.065024514404619757e-06 3.376823427383122606e-07
-3.484248409915135806e-08 1.390363179633986593e-06 1.156737375982308954e-07
-6.612427682171362006e-07 -4.448198592143196646e-07 -1.719648929598653032e-07
5.377457049986932847e-07 2.465685181938274901e-07 -3.032932307681480032e-07
-8.759115314661702815e-08 7.247101728061872956e-07 -1.495722219929437876e-07
-1.076237061438097127e-06 6.744165727332886307e-07 -1.086849478977826938e-06
-2.057859105057402829e-08 -5.604688327726647253e-08 1.323076806537730628e-06
-5.731045870031594128e-07 -1.127987946514173925e-06 -1.092469692955997260e-06
2.065209135153094628e-07 -3.507196931478490232e-07 5.952215130563839539e-07
3.448493223731021279e-07 1.228188635439783860e-06 -6.870288710791223923e-08
6.245895097680998284e-08 -4.596450478018335181e-07 -1.618698850753668072e-07
-5.915602058428840082e-07 -4.449917280667461280e-07 -1.284045725999511018e-06
-1.228456765731342852e-07 -1.132831271496042841e-06 -8.429154295558169539e-07
5.780257160495706107e-07 -5.076236676950074768e-07 1.312512856054825401e-07
-2.945839254547594744e-07 -2.368911214676957689e-07 6.274893525302648012e-07
-1.343035471863613640e-07 -4.264190927406404916e-07 4.046975712832728521e-07
-1.036550111390427270e-06 2.962916848081171656e-07 2.133864244178516813e-07
-3.382551485795616358e-07 1.710419889623874924e-07 -2.970213606277767803e-07
-3.286397757552367453e-07 -5.764507189446989835e-07 -6.510258177648054706e-07
-1.622882351333760405e-06 1.042910510413024286e-06 -1.247153392823631720e-07
-1.033274607120053179e-06 1.193112152022047307e-06 5.023571232782022004e-07
-2.143453481466950914e-08 1.135744950256935997e-06 1.997674810584322395e-07
-6.082715720594244085e-07 -6.613788999811371491e-07 4.424209661171622696e-08
1.080703241164762824e-06 -4.910970863464311429e-07 4.559304637625061719e-07
-9.836479718814883900e-07 -3.618349890451674465e-07 -2.127127328472383933e-07
-5.105310245659780203e-08 1.534725528290800343e-06 1.054289287060458890e-06
3.194856138113711846e-08 -2.689930819423717544e-08 -4.108358044178853629e-07
1.976230919384021716e-06 -1.108138071704636716e-06 -3.051595891564465673e-07
-4.829061504214428820e-08 1.828862405979484411e-07 2.991539703240921204e-08
-5.655720573422356142e-08 -7.135830996031399015e-07 -3.391873093098306109e-07
-4.012823233279879522e-07 2.966047717101933365e-07 -7.155542399300982884e-07
-9.225893883504695251e-07 -1.396970396680152741e-06 -5.987270467163755144e-07
-1.188658433649186205e-06 6.866547510514302524e-07 -1.160099997315660256e-07
-6.321703329356304913e-07 -1.197259887083717801e-06 -3.996709699762315173e-07
1.094945918505082368e-06 -1.447366391640103229e-07 -7.391645008665028742e-07
6.222628292435965178e-07 1.210445766854381683e-06 -1.371106666046799553e-08
9.537539887971533620e-08 8.318783635782567929e-07 3.932490793251324835e-07
6.916012432911469638e-07 -2.557018294048376608e-07 -8.109938136713492605e-07
-1.815188645165950005e-07 2.472807848728887999e-07 -6.622504245683784243e-08
5.502720243360712274e-07 -2.389332816700059462e-07 2.829552248467607057e-07
-1.422566649279749128e-07 -6.342674812253621109e-07 3.788492727540084411e-07
1.780193971829085973e-06 1.446705093410159191e-06 8.350732472722010243e-07
1.094675360743648694e-07 -7.160651602153866593e-07 -5.484940770304369933e-07
-3.498449999666697766e-07 -4.081085587056871067e-07 1.219287724111699780e-06
-7.057926569740469359e-07 3.222352130043284492e-07 -1.015056397751991130e-06
1.747902996761343405e-08 2.462679445461215817e-07 5.030781316959274299e-07
-3.368996143840754782e-07 -8.545861287217760588e-07 5.448115958423514838e-07
5.542517493413097241e-07 4.061069541915861902e-07 4.325775214425836289e-08
-5.160734870021845886e-07 -7.031398092966580204e-07 4.518935995836817063e-07
6.735413534086948455e-07 2.731470336447537681e-07 7.292757573792649217e-07
6.514489280064014275e-08 -6.374194691119126721e-07 1.408669985712077331e-06
7.122543052160835984e-07 3.476033506938418423e-07 5.722918062723372239e-07
-2.167667317052731443e-08 4.976505360000568023e-07 8.659816840379696252e-07
7.691893395501670157e-07 4.185977614549685346e-07 -2.467735403738556291e-08
-3.364481184101205160e-07 -1.237375494775634468e-07 -1.228888746282314432e-06
5.402074329234570441e-08 -2.119001074185149584e-07 6.682170662937011390e-07
2.973511058338903681e-07 8.060601230219031891e-07 1.485451998209798148e-06
-9.642184301076699149e-07 5.556544216023157840e-07 8.632366781769354542e-07
1.314783937913725952e-06 8.251925994722003250e-07 7.920339947288687425e-07
-1.110895109538842677e-07 -7.436408671308536488e-07 1.627834600895808912e-07
-1.335818917149455041e-06 5.317273000808603695e-07 -3.053102637586491091e-07
-1.855687902231492333e-07 6.651299129236470501e-07 1.394234457694324004e-06
1.088611921379667893e-06 1.527251612354837975e-06 1.957539092411621993e-07
6.175901022033494358e-07 1.132737191560507845e-06 1.305065685871499008e-06
1.308206277689484641e-06 -1.749482415518150163e-06 -1.078156679099587077e-07
1.500457277967583523e-06 -8.906593939104327060e-07 -4.238520237471237765e-07
-6.476860050859356336e-07 3.115146476950965022e-07 -8.986470054686353032e-08
-4.024136626581922564e-07 8.257683317899718277e-07 3.265903295365133593e-07
1.330436398116113292e-06 -1.333026138262123808e-06 1.542203641542609311e-06
-5.976985193180603816e-07 3.037150706124207351e-07 2.559786141542624822e-07
-1.110291226308545434e-06 -1.536355386435366642e-06 1.396215511403450594e-06
7.032869128108230975e-07 1.880198295451159947e-07 -3.323020484947523105e-07
5.601741080193383894e-08 -1.385758075686331310e-06 1.457304200252454301e-07
-4.845772902897827613e-07 -1.369497449300221020e-07 -1.117552781287320803e-07
1.529790121883346737e-06 -8.168574815288703171e-07 1.087038138024400657e-07
-9.644476034077805310e-07 -7.990206326974403447e-08 4.720698094125268166e-07
-6.859197411672781054e-07 -5.496085193623552260e-08 5.784687773191262026e-07
-5.965538329081432597e-07 -4.136425439179034562e-08 7.096885380254783156e-07
-1.101994746997333273e-07 6.302470278635535944e-08 1.442850717429808274e-06
9.731156489419716263e-09 -6.633558827661124187e-07 1.583174907791944803e-07
-9.312702304184859326e-07 -6.643393448353054926e-07 1.718464057577092468e-10
2.085299392652468989e-09 3.644714390954913307e-07 -3.836757515865166856e-07
6.565607303775750464e-07 2.033205628580102269e-07 8.987339742534190935e-07
1.499086445440861624e-07 6.326572586308844408e-08 1.523403072975481704e-06
3.985292729412945476e-07 -3.456789907430950676e-07 -7.488606826479616055e-07
8.609137214447077517e-07 9.317635737772230503e-07 -2.727659610136372168e-08
8.433095289518867131e-07 -2.219600615517388851e-07 7.891093589727701745e-07
-1.067674953085412101e-06 6.247424397341613877e-07 8.995366559556123100e-07
-8.618920465257101592e-07 1.037204826111790250e-07 1.411529469966299865e-07
-3.057061274386471112e-07 -6.335585235758573136e-07 -5.239176327529175103e-07
-2.518617121175838612e-09 -5.764914347313206860e-07 7.362928476208707449e-07
2.796145509320735612e-07 -6.868001208686835801e-07 7.519175602388986702e-07
4.953451727332741012e-07 1.578565364867479791e-07 8.682856139617220779e-07
5.310418480637173679e-07 -1.202332919228308832e-06 -1.234854955137273545e-06
3.391050689516325429e-07 -3.895528722723160432e-07 1.086166230317603448e-06
3.120397488924006334e-07 8.262932411189278464e-07 8.341122632067507891e-07
-1.090406298699896785e-07 1.245431056200482291e-06 1.333981430434266947e-07
7.105650397369146866e-07 -1.436037023152788902e-06 -1.219483236534332839e-06
1.273608689975146723e-07 -3.328020781412991076e-07 -1.144413049756523464e-06
-9.216018554541710720e-07 -5.341290496245114863e-07 -1.006313703855205388e-06
-2.501655219547017679e-07 2.176838674845015484e-07 -1.060463526391673845e-06
1.944462546322395411e-07 -3.464927211904098813e-07 1.257246798268233990e-07
-8.099723658847651902e-07 3.246232143914815981e-07 1.121810194642939168e-07
-1.129846332113625769e-06 -8.518696278385880165e-07 6.233907990076305085e-07
1.102512264459026051e-06 5.956592105375704339e-07 4.245919908194320987e-07
-9.518513820021817986e-08 -1.037146774986498236e-06 -4.537145224703680330e-07
-1.432477184251406290e-07 2.316479965946746175e-07 -2.086247429117033776e-07
1.274571338253704202e-06 -3.285875987154446599e-07 -8.762912767903376342e-07
2.221476911666799664e-07 -3.194565454840240509e-07 -8.276308257562104037e-07
1.010797512556829295e-06 4.509259150066333599e-07 1.105116473941562197e-06
-2.770279906768402592e-07 -8.139363245703931521e-07 -4.363138450746341827e-07
-3.790342061684707213e-08 5.188115658065109283e-07 -4.474451823282308183e-07
-6.288291723474928984e-07 -9.080364322521755233e-07 1.063852853587221698e-07
-3.286291273094930357e-07 -2.684420597652835127e-07 3.610799284398885136e-07
5.739237804217160991e-07 -5.611510084369484798e-07 6.541984632349347040e-07
-1.683847222960033139e-06 -7.227472943311438392e-07 -7.985389669235566138e-07
1.545595807547209019e-07 -6.006237835810506249e-07 -3.877016767318275220e-07
-3.804591551617928341e-07 -8.060363681608994044e-07 -4.593530368955041914e-07
-1.268537582405570141e-06 -7.776339625066454862e-07 -1.980732972634742254e-07
-1.997486907490344228e-07 2.436335637528285627e-08 -3.579581063429848383e-07
-3.147795125665584151e-07 4.545241103002139432e-07 3.252232124751784967e-07
6.044701952200886784e-07 -5.102816871636224851e-07 -3.625384062617615073e-07
1.197612306599417413e-06 -1.647374321106736228e-07 -4.462225199108906688e-07
-7.073022782593342433e-08 -8.820703819221063399e-07 1.351383007083913619e-06
-3.192477919487523768e-07 1.204829295378352419e-06 -1.199488922241847557e-06
-5.721956707339779424e-07 1.580096074468094620e-06 2.432185179974779602e-07
-7.206300424864599767e-07 -1.453221890390552611e-06 3.406883853286145119e-07
1.827406179032691540e-07 1.232114881868126970e-08 4.702173889394965849e-07
8.312022686561084916e-07 3.826303735660647688e-07 -1.959496116679350000e-06
1.858595999430278521e-07 4.993053611792620254e-07 -9.685358633611829922e-07
1.603542421681115940e-07 -6.022666413731399803e-07 -9.026279092924916620e-07
9.698977723964622288e-07 2.707455863935772884e-07 -4.632540439632451503e-07
-3.782080697341357172e-07 -1.384605984826555554e-07 -5.705611869008113297e-08
7.632551461167646709e-08 6.773734425549554749e-08 -1.865936202422440456e-07
-8.196644565370541330e-07 1.090785126823911956e-06 -1.223250775150090748e-07
-1.326130709960114448e-07 2.985996421025367913e-07 -4.633274427901303779e-07
4.084147325322367542e-07 4.156677172317029967e-07 2.033310353176033455e-07
-1.946340083675210335e-06 -1.241423121284480410e-07 -3.111535757917779987e-07
-5.064368560386450752e-08 -7.519343527655922595e-07 7.240877579027964452e-07
1.338797436296381256e-08 3.796189969236786473e-07 -1.369375837285846287e-07
-1.326859954879033484e-07 -9.987932757121115380e-07 -3.731946860282979680e-07
1.040420055510222614e-06 -8.485440188908060388e-07 -5.907359827688505265e-07
-9.750708228189669600e-07 4.480633523302097459e-07 -1.014294680224345935e-06
8.278478717821569446e-07 -2.422046351459001712e-07 7.819601786521502861e-08
4.723409022913912413e-07 1.701921010125291572e-06 -4.416990500083185380e-07
9.958879336665374513e-07 -6.742488031835118500e-07 6.148023289731216369e-07
-1.624050055268079603e-06 7.297656583120730121e-07 5.511017668778540992e-07
-6.078929801862761865e-07 3.963646659571418488e-07 2.767183569603849851e-07
-3.830158650285781306e-07 9.418774118999651406e-08 -1.329696608647686634e-06
1.477777031066361079e-06 -3.179423832397000691e-07 3.609363156580181023e-07
-7.618507164793161580e-08 -3.014792231817112890e-07 2.177100795747594778e-07
-1.021271493794912365e-06 -4.904137599613539526e-07 -1.465754539110005393e-06
1.671312768242503558e-06 6.789710575135100388e-07 -1.417571744885493518e-06
1.815263226075652555e-07 -5.669389180564205062e-07 1.502492603525756707e-06
-7.652019703291837334e-07 -5.300217433903492049e-07 -6.452716077154961551e-07
-4.018263400540822631e-07 8.114283979225148747e-08 -4.699153717708323333e-07
1.419222614178854373e-06 1.383296992662540118e-06 -1.666713934694365387e-08
1.523254646186562504e-06 1.447574373958117737e-07 -7.521645756224097681e-07
-6.727372333074779582e-08 6.353395694428565073e-07 -1.352577840289653139e-06
1.058685286210520416e-06 -2.238060797789014099e-07 -3.936522373171835536e-07
-1.088608568283957656e-07 1.004201590437908307e-06 8.162140763438120928e-07
1.763290830043095980e-07 -6.763695411870719812e-08 7.854245388731736532e-07
5.841630295043097456e-07 6.627846531587363572e-07 9.421403438619474683e-07
5.723420936324809019e-07 3.365704671471970701e-08 1.186267730234933712e-06
1.225737207371741739e-06 1.297009628271199640e-06 -3.187389862611322986e-07
-4.474929959613494178e-07 5.953016662983149574e-08 9.558837642585445277e-08
6.016111040455853343e-07 5.835380405782899668e-07 4.775934440582101453e-07
-1.477005079814353363e-07 2.425404711030532192e-07 -7.951910293155999127e-07
-4.359363119061014085e-07 6.272662426787784859e-07 -7.340326103228169689e-07
2.789953942520355181e-07 -1.361488537027424000e-07 1.047792162269309171e-07
6.428380145085024126e-07 9.564186994489670702e-09 5.581430464815274096e-07
3.344028347834717406e-07 -2.651850915717557406e-09 -5.107906532220883557e-07
-6.826680045156435060e-07 6.065045113577130680e-08 2.481492549208903051e-07
2.235907747663057783e-08 8.698005368506551301e-07 -3.894283145740588310e-07
-6.301367697720073040e-07 3.366436740946646822e-07 -1.060546418868729783e-06
5.441774061517180071e-07 -4.253522896314591700e-07 -4.621421316646036319e-07
5.428156475145319885e-07 -3.800092689572252279e-07 -3.104652221774208767e-07
7.975625393008645692e-07 -1.406172243082063445e-07 1.164716932342390680e-06
2.321792159267551752e-07 -9.838877161002375920e-07 -1.189029421868072893e-06
4.855957900832221868e-07 -3.436657328108088245e-07 -3.007938373850355329e-07
8.596161952170769474e-07 -4.418433225962288984e-07 -8.128807978250959483e-07
-6.463204584705817008e-07 -1.218748401564166772e-07 3.184504455945014782e-07
8.945568320591598322e-07 1.271147208021569410e-06 6.378492243332281628e-07
-6.402686027254464098e-07 5.687684751648308683e-07 -6.094953824810894374e-07
2.488119031373781399e-07 2.891862341412123514e-08 2.797756448504835567e-07
1.094442902839423352e-07 -9.943131117814846377e-07 -1.471089392752400141e-06
8.906062820129026592e-08 4.715369015265858057e-07 3.946740015709086979e-08
-4.035623733463831262e-08 1.186975695508936788e-07 -3.585415069299510043e-07
-7.267791832363096469e-07 -7.527768328372412902e-07 -5.988374139453878390e-08
6.721220929336110214e-07 -4.354628263432641159e-07 -1.376221058975869621e-06
3.216793312736900179e-07 -4.809441800227178336e-07 1.733358285199263208e-06
1.386856556117778416e-06 -5.993270126276612286e-08 3.708285106082171271e-09
2.809843803531104849e-07 5.011162046382205563e-07 -5.388211124223465761e-07
4.341174521277130278e-07 -9.721054808886226381e-07 -2.634256140794577208e-07
-2.401880409663178741e-06 -5.859324912999622026e-07 5.311730421611470997e-07
3.505612124004606467e-07 1.744250225552247205e-06 8.842152628263313870e-07
1.501980149837352543e-07 -6.118034190018187125e-07 5.137932412039968882e-08
1.483395525128456598e-07 3.416918543816546626e-07 5.193685229164076025e-07
2.566719410834843430e-07 -1.807371619695946953e-06 -1.764784082993865462e-07
-1.068367197641212756e-06 2.908203040515395168e-07 -4.147460404986218393e-07
-2.269922187028487179e-07 -9.212455431796459730e-08 -6.928321828028163631e-08
-1.639718872489563026e-06 -2.718528198804879406e-07 7.335235656210470795e-07
-8.221147954597644256e-07 7.920831642944090902e-07 9.006410737276392309e-07
1.459422480253912921e-06 -4.135999424156632598e-07 3.787784178568981110e-07
-1.168969736560667903e-06 4.148406552426338265e-07 1.029585657354274487e-07
8.909406333058683908e-07 -5.562049945006817852e-07 -1.057926497973237623e-06
2.435736574069533608e-07 2.199236631542374201e-07 -2.253422763937188892e-07
1.917152072025662117e-07 6.869665139086703901e-07 -6.319001475605528959e-07
-1.479329215109687971e-08 6.831503628364410276e-07 1.551677363897898968e-07
-1.185181371108384615e-06 5.076284402599643169e-07 -6.018757236017489711e-07
-1.712661892129673722e-06 -4.473519099753100871e-07 -2.590460090572513889e-07
-8.147714537670069811e-07 1.458290568857632466e-06 9.416046911346000840e-07
2.211541057991597105e-07 -7.073655142748859546e-07 1.255989785167717420e-06
3.735404491655408197e-08 -6.785188353697042318e-07 1.000938041516885924e-07
3.007648094138956903e-07 -5.664135682264450206e-07 2.311193589661808845e-07
4.307223110540278910e-07 1.105701313801265679e-08 -2.218320352727684239e-07
-4.017114388882249969e-07 2.038938906312584348e-07 -7.125104468484943393e-07
-2.242316279303420945e-07 -8.313533431301774694e-07 -7.844991998257435382e-08
5.040371491076570539e-08 4.264499005345601024e-08 1.206042474292023231e-07
-4.533188838381552579e-07 -1.176286055199440250e-06 -7.152432046996704100e-08
-2.385678085144929879e-07 3.838649507363734996e-07 6.044604428352045188e-07
2.335201866900928852e-07 2.241051360232970036e-07 -1.562710181651434051e-06
1.384854084048194224e-07 -8.968647582923472807e-07 1.008095402192620776e-06
-9.052322054977139839e-07 3.172115098721421149e-07 3.365747412087650289e-07
3.330579921038654707e-07 9.164816062861742245e-07 -1.252695515387572019e-06
-8.638999268064890233e-07 1.056976417584449668e-06 1.633209967450394560e-07
4.834707931698304686e-07 7.140902116077830203e-07 2.962409203692436977e-07
1.082921129603956651e-06 -7.009304557095808610e-07 8.361598421111880565e-07
-8.772046330150433228e-07 1.010440015584789736e-06 7.724367653367251017e-07
4.848250353529967157e-07 -4.035293514311456887e-07 -2.479134283066867498e-07
1.033748438828915442e-06 -7.798537867828996434e-07 6.861473445366485104e-07
-6.142312424501423394e-07 -3.591302631357272507e-07 1.136945701676986156e-06
-6.137615021362248749e-07 1.667505038420604143e-06 1.121140064510539805e-06
-4.070214917032392014e-08 5.337360250744983414e-07 -4.175201615606348529e-07
1.548517570050622472e-07 5.806988041689772574e-07 1.775519882012947959e-07
8.603209026968665590e-07 -4.239553791612837671e-07 -1.384237192904600209e-07
3.300217309318547492e-08 4.301740079373906337e-07 7.329818649806355085e-08
-3.009519879519662075e-07 7.632196133674596745e-07 -2.001188815140647469e-06
4.226034047684152654e-07 -1.349848014645354696e-06 -1.983621227769593199e-07
-2.570312943760931651e-07 2.304665388316782383e-07 7.029865834754147280e-07
8.232818127355388535e-07 -4.869135805214894661e-07 -3.841870892794260343e-07
-9.229535911068853862e-07 3.906863501048896327e-07 1.124801802451164885e-06
7.452230477016340646e-07 -3.243440628760705294e-07 -4.223607550543541743e-07
-1.271638155645126605e-06 -2.500250376589242069e-07 -3.006918335135381888e-07
2.168387879567935365e-07 -1.076655381929046311e-06 -1.628881090006657092e-07
5.691221935027857784e-08 -2.405986206587245998e-07 -1.189958682703203662e-06
-9.868908347226112446e-07 -5.415964664313862808e-07 2.596156588878890689e-08
7.469343058064307716e-07 -1.116470444025421325e-07 -1.549884989482994543e-06
6.709328432229635591e-08 -1.155013611966770677e-06 1.742584470452130986e-06
-6.356747322790364095e-07 -7.792431900922804935e-08 -5.412188324426320187e-07
-1.636919268802274205e-06 -9.899655543180090261e-07 1.042815623591493292e-06
-1.282488490415516638e-06 -1.395031591639016921e-07 -6.160487629912977690e-07
-8.437363489752943792e-07 2.735275709456991180e-07 3.609190018119862256e-07
-7.995005108546251975e-07 2.540877366814972062e-07 2.181869908914272778e-07
4.965589157026871799e-07 -2.738149532314652081e-07 9.039383493213067281e-07
5.597612842586410638e-07 -5.019239648478048228e-07 1.587942425277929853e-06
-6.158073694024099396e-07 1.296301991999472517e-06 1.077495363185566993e-06
-8.988254748519287470e-07 4.865738775238430037e-07 -9.704527376133452790e-07
-1.640324755572662833e-07 4.225859851186807193e-07 2.355277283548256841e-07
-5.410166067548166622e-07 -9.331822436826157848e-07 -1.572961551755619126e-07
-1.841714963271140166e-06 -6.684522433050379689e-07 3.145319870276814134e-07
7.332708258218928795e-07 7.554140406021553020e-07 -7.988916544281223146e-07
-7.864097050083925621e-07 -6.452842793466624505e-07 -3.153645603245015620e-07
-8.169516175164164093e-07 1.328654126325111641e-07 -2.336509863876031049e-07
1.661079704129386540e-06 9.330882183892754253e-07 -5.612417459115715030e-07
1.538582720533414046e-07 5.711722717606463114e-07 -7.846731016497871613e-07
2.157615633773944705e-07 -3.734554644626751446e-07 -3.247331180113586371e-08
4.767997277558133721e-07 -5.888854661480576452e-07 1.015387180519898582e-06
2.593845498568848087e-07 -4.595052929404721011e-07 1.189528571705852238e-06
6.824879089531214949e-07 1.923535335899832531e-07 8.424198394722753368e-07
1.094457779549807086e-06 -4.377714365259439887e-07 1.080499377103665011e-06
-5.791501731897911654e-07 -1.474156489773216602e-06 -1.992457460627779408e-07
5.785281913505252444e-07 1.033689356412228364e-06 1.646361596684704482e-07
6.423731071418378329e-07 -7.731682436984860925e-07 -6.796967503427699291e-08
6.713985075695153347e-07 5.352273195948186944e-07 1.290487391038710328e-06
9.452836856906135747e-07 -4.017978732844845104e-07 -3.767826409799302569e-07
9.199709919451622370e-07 2.749594927903319053e-08 1.751892287464108076e-07
-1.619221845577351460e-06 -2.874623248105228833e-07 2.645549252557061126e-07
2.715014634574368368e-07 3.418136101404857422e-07 1.100388700728683139e-07
2.339020979275851785e-07 2.631856645666503878e-07 -3.628661483961573317e-07
3.478195817524581874e-07 -2.163621043391414791e-07 6.450263670908219459e-07
1.006370695894476862e-06 -6.146786477391562716e-07 -2.043843601564768908e-07
1.474632439796764583e-06 -5.102480516044555527e-07 1.432935771534636533e-06
-2.784491680547447532e-07 1.853305607513716658e-07 -7.363506659477004072e-07
1.373813324397311741e-06 -1.765659413102371910e-07 -7.615050328986433783e-07
4.054754595579136497e-07 -5.954257535879863217e-07 4.614790693786548937e-07
-1.669202986530572621e-06 -2.283922997972745235e-07 -2.971383257241411039e-07
2.730571389472232655e-07 -7.177074859857036441e-07 -2.819518575270649476e-07
1.380283553806427505e-07 2.162740649661666167e-06 1.538671815471753431e-06
-1.012442405151379420e-06 6.990315704770978299e-07 -7.321755618726153111e-09
9.779085472897534242e-07 9.456531133732578437e-07 1.238379981708674760e-06
-9.867074631247367000e-07 5.290014570262692611e-08 -1.413270887885351067e-06
2.512943780773261356e-07 5.062578595640798417e-07 6.715353787169390154e-07
1.016297800671779264e-06 -1.019737439325019590e-06 -2.463020094119490844e-07
6.835986596037843675e-07 -6.139517911867661065e-07 1.345573597944178914e-07
7.235985411995109303e-07 -1.648590372402293210e-06 7.955797133309649410e-07
1.491614898993763280e-06 -8.909142080499692195e-07 -1.952953135765087027e-07
-7.877565121935082313e-08 -1.417268753967586502e-06 -5.801073898369757837e-07
-2.851473220007452391e-08 4.997589423974528430e-07 -9.977463578523988125e-07
-1.554970875931140200e-07 1.180298087328836080e-07 5.336066299821220754e-07
-3.366831197681435340e-07 1.657341217691690755e-08 -4.586214566329140834e-07
-3.545906196961411973e-07 9.917349994376758759e-07 -4.788014229098371011e-07
1.414350676100228958e-06 -1.696936747654919898e-07 2.279262776535169658e-07
2.069175195032548079e-07 -8.022736845410213771e-08 -1.856711655421121887e-07
6.390835210664662419e-07 9.669441509125804538e-07 1.265281156336489367e-07
3.717744504656062907e-08 -6.873734038490694623e-09 -1.177396885622494199e-07
1.110179821584298089e-06 2.767964356218631370e-07 -4.508312517590890164e-07
3.686678778008462457e-09 4.941687623790111851e-07 7.152511330558811288e-07
-2.136251869732078173e-07 8.855704538305332850e-07 -3.461807475149187436e-07
2.758738800593578329e-07 -2.034086365042915686e-07 6.832736582860953682e-07
-2.393167711265452810e-07 -4.555541516170659862e-07 4.033106065631958107e-07
-7.968666084818341017e-07 2.888686400088131745e-07 -6.114323558939630817e-08
-3.875281385692033334e-07 -9.865211256340109109e-08 -4.405220702738284619e-07
1.338467078006200475e-06 -4.556669480454549609e-07 -5.411274704862853305e-07
7.322476910887680445e-07 -5.750910460466563011e-07 -5.710723307278767190e-07
-2.158164897757687091e-07 -1.381210970074536560e-07 -8.567268009743067497e-07
7.997277459769637789e-07 -1.158179492752339027e-06 6.871708904722388981e-07
-1.502326163031842865e-06 -6.836532460319662092e-07 -6.179541538480232098e-07
-1.490134069412783673e-06 6.565403773140854474e-07 9.669995244936939843e-07
1.622068123154619921e-06 -1.877626084420528030e-07 1.052079807755003634e-06
-3.304689510561125185e-07 -8.995765780082875691e-07 5.761139127482579386e-07
4.057280246759228815e-08 -1.210192769990616121e-08 -4.503662382164378695e-07
-1.598415921606645065e-07 1.126787719138822113e-06 3.133145669407261574e-07
-4.838597318453005232e-07 5.652144257945423432e-07 1.480750393201357748e-06
-7.909285617307776457e-07 3.350784004759520214e-07 1.455116947835795267e-07
-5.974197551312175499e-07 -1.242331639343291281e-06 8.885141514491783192e-07
-6.841067295733269515e-07 3.948822454920203597e-07 5.071053203940955350e-07
1.097679965077115307e-06 -2.409513706982404831e-07 -2.423612054235875562e-07
3.883867442388110332e-07 9.373012015063226506e-07 -1.187291115787517137e-06
-6.204322513619452422e-07 1.254250218508214522e-06 6.982238271638365806e-07
-2.188217322632398203e-07 1.193408125791617053e-07 4.962774948926112702e-07
6.924573190919685449e-08 2.339550425155452266e-07 -8.397825346460394935e-07
1.465753350208596245e-06 2.462360337722193671e-07 -1.249723189418406136e-06
2.363954720644964355e-07 1.104671285158070437e-06 -1.230966251583323450e-07
4.219843549325033517e-09 -9.671806377965451152e-07 -8.698760373357850645e-07
7.637293532398854010e-07 1.008077735721990291e-06 8.021093361542983811e-07
7.268802643991918440e-08 -1.683357527095013257e-07 2.869646543387432702e-08
6.092062107270543863e-08 -1.303175008864242695e-07 1.078351754920758087e-06
-3.847247258291253545e-07 -3.827057505761110528e-07 9.629079792418268067e-07
8.803429753912560582e-07 8.242832569694955138e-07 1.536529908538567998e-07
-1.120406793715028446e-06 -1.099691354377153924e-06 1.868541960605951215e-06
6.291869659186710631e-07 3.031426939372366901e-07 2.619992350667785104e-07
5.486198864273577500e-08 -4.798934621049052981e-07 1.758382941666341683e-07
-3.883204486545283083e-07 -1.089958906239840558e-07 8.606593940319125527e-07
1.348285946803079689e-06 3.386058082336647056e-07 1.502283314903307944e-06
1.110951553366175255e-06 1.438774951294224066e-07 -1.556029851529876687e-06
3.994546473326823172e-07 4.205791006073830164e-07 -7.607961637748237468e-07
-6.759791396187387171e-07 -7.468479865959212361e-07 2.725122243073831385e-07
-7.741625917907527634e-07 3.957473828595988524e-07 -6.235300331075215545e-07
1.303857682647027014e-06 -6.217219559473761056e-07 -7.162474398531515416e-08
-1.281155658504095133e-06 3.008921916356451781e-07 1.054422062640208099e-07
3.944644548999236004e-07 -1.190689260644895832e-06 -5.801101053024803176e-07
7.332647977199173629e-07 1.179171888593027840e-06 1.502099276474375672e-07
-8.918564533014336061e-07 7.251005953711695089e-07 -3.784320674666335095e-08
-8.618558008065078478e-07 6.468281085950063355e-07 -1.257258182679170650e-06
2.983749738643728016e-07 -1.576296539026187180e-06 -3.378335367323616836e-08
1.355012539636361249e-06 -2.344282399575814737e-07 1.326485618786701386e-06
1.693247297543165476e-08 -2.722754739801247360e-07 -5.874239044828697421e-07
-8.996035201550848430e-07 9.914387917244189436e-07 -5.753532222492073253e-07
1.537178011460551549e-07 1.424698494697414247e-06 -4.773712736482288663e-07
3.742124931512214317e-07 -5.801953090602384397e-07 -1.158027163949143966e-06
2.496508353632861051e-07 3.619224737822350576e-07 -1.657875999004988083e-06
2.843131263844976296e-07 -2.461591372484027034e-07 -1.130217748330987655e-06
-3.067808230106832220e-07 -1.117727522742584469e-07 5.599344368194462585e-07
1.332019824950549356e-07 -3.353523761336220265e-07 6.294818567666295147e-07
-4.484323528980043804e-07 7.365356082512834999e-07 -1.028365815886365719e-06
-3.059749673268788003e-07 -4.532471493222692423e-07 2.648479830800567712e-07
2.272139748022110579e-07 -4.276120239173638218e-07 -4.106875843577601985e-07
-5.076160824713041836e-07 -1.011283506885942517e-06 1.195421762132487526e-07
-2.741007591126674387e-08 -5.657119222937164948e-07 -3.643489714170278602e-07
8.726340379868681665e-07 -1.109596687231561744e-06 7.859316393034148915e-07
-2.065938912954297183e-07 -1.408425859068446012e-06 1.447538085040713107e-07
1.551031231682165400e-07 4.790101588669769633e-07 3.473734128922014643e-07
3.729615446879084527e-07 1.299489150398339305e-06 2.094032785077685265e-07
3.229288583086362343e-07 1.716698067894326068e-06 -2.905917419487758706e-07
4.261200440282428917e-07 -4.126705921924979571e-07 3.550678832979376048e-07
-6.363036169650390774e-07 3.175124664565978095e-07 -3.472928838420182582e-07
-6.464875403543738994e-07 1.902894476688365887e-07 1.517321383523205712e-07
5.999825744275475793e-07 4.521519477957022783e-08 1.526664964166720483e-07
-1.759055191228553949e-07 -6.105693561821282175e-07 -1.200977919372217902e-06
1.417920255778679141e-07 7.147275519864930096e-07 1.317576677509011572e-07
8.137537938988746846e-07 -5.795421301222220475e-07 -6.996504693647665353e-07
1.443807326781529293e-06 -3.614389013087338441e-07 3.589529002535489691e-08
3.332249521547579808e-07 1.702030772161803406e-06 1.092963254090217545e-06
3.077609761497137528e-07 1.619540644679917121e-06 7.235637879258136567e-07
9.712378825103031519e-07 -1.040944769798590224e-06 1.266398605256253281e-06
-1.250777291453864024e-06 1.117267498534689470e-06 9.503560897581768571e-07
1.962646975377428141e-07 1.598882863684758366e-07 2.022043862677321849e-07
-1.918110205871628207e-06 -5.418633623765083975e-07 -7.822189037108347777e-07
-1.636616686713306875e-06 -4.930402256207927718e-07 -6.253372855420338643e-07
-1.561442989722037646e-07 -7.714202260179155220e-07 -1.858800136810528658e-08
-6.703666729695530715e-07 3.634272026014661652e-07 2.423623183929855404e-08
-6.809704740823317758e-07 -2.047716696857736427e-07 7.455729131545800228e-07
1.607336086295567999e-06 -7.480707017670475627e-09 -8.210122876276204464e-07
1.501323984683319795e-06 -4.290558842656255784e-08 -2.029953250040429014e-07
-1.400643954418137150e-07 -2.699496389601003734e-07 -4.423394283725558666e-07
-6.301309844640166801e-07 6.840266142130612024e-07 2.941643062203695289e-07
1.799409739294987426e-07 6.518576996404888661e-07 -1.124441373782155127e-06
1.640621850154114862e-07 -5.040423847588772236e-07 -3.052811852894926227e-07
-3.711423171385335231e-07 -2.760612484839614056e-07 -4.929956955111854771e-07
1.405149918057937503e-07 -1.113104081902833772e-07 1.769787527803449909e-08
1.401193077476331685e-07 4.259890231219963235e-07 -7.701798554181648486e-07
-1.266820966979787912e-06 2.732111783049441241e-07 7.667849539422666169e-07
5.383094088459787393e-07 -6.261951977981066069e-07 1.086846102559445637e-06
7.279611031052991052e-07 6.800157136890045353e-07 5.013419591732612515e-07
-1.933956290863452128e-07 1.782259402450863806e-07 -2.623783163886466982e-07
-6.663042456028937235e-07 -1.334970147330030453e-06 1.909722224670827487e-06
1.473476179095674316e-08 2.791732171076948932e-07 -6.267366636669043807e-07
-2.754994780166547433e-07 -8.293547046418459546e-08 1.723065172757661170e-06
8.104288801816420319e-07 3.991932579359216691e-07 6.484729053421958964e-07
6.033317137075776117e-07 -5.433151306643906078e-08 -6.275452698472659030e-07
-1.091286689426369314e-07 -2.424266539107333812e-08 1.151460841936143826e-06
1.502693090047210602e-07 -1.029135746272017951e-06 2.522876129758395644e-07
4.882182392857060442e-07 1.147590446458106862e-06 -3.527242291426742158e-07
6.979304640049359711e-07 -4.048613215335444267e-07 -1.062878612441414220e-06
4.979451240643382167e-07 6.456772901655530777e-08 -1.225771182832534863e-07
6.378838564687138903e-07 9.750845466263555000e-07 -5.018772575278725149e-07
2.889986478612107660e-07 2.255505383824375172e-07 2.378837113731753452e-07
-8.112075823171394449e-07 5.301992551386488846e-07 5.337358221459287405e-07
-6.093348605092989594e-07 -5.450329529896702966e-07 3.526314710325968363e-07
5.023287224659596487e-07 4.604746970368141016e-07 -5.783890384336522658e-07
-4.874642751800395743e-08 -1.363095139595190113e-06 6.851737157546819674e-07
5.543909794537873476e-07 -1.801617185735062935e-07 4.196470112857539622e-07
5.127460920801628744e-07 4.835557536945755099e-07 1.922787696386464044e-08
7.519131562650244608e-08 4.988166848730877446e-09 1.066132282975801011e-07
-2.872433699598278400e-07 2.060112771335894974e-06 -2.130076266885789079e-07
-8.040955180018500270e-07 -2.494431081421210248e-08 -1.936888416845933233e-07
-8.993178282246554695e-07 -6.441930180298971818e-07 -1.701586472647284995e-08
-2.374530173704444970e-07 -1.552211578059254409e-06 -1.362886225670657197e-06
-1.498019097365747155e-06 -6.382446906387324006e-07 -2.550847701444627631e-07
3.476418955545228773e-07 -5.291575750325268058e-07 -1.662599955878730688e-07
5.453416808760647809e-07 2.901916588071381841e-07 -4.219372850943059780e-07
-1.428030151380666481e-06 2.285413265357614412e-07 -1.455385334442641445e-06
-5.655833700875178347e-07 -2.031311472459642312e-07 -1.555543469676291012e-06
1.009013647409801159e-06 -5.497546151599988275e-07 5.639152093623980251e-08
1.761975758315495814e-06 2.509055898609171953e-07 6.438824251828666589e-07
-2.546027258576903706e-07 6.198024647656216685e-07 -1.045900598934478154e-06
1.491442842149157637e-06 2.828690619332170404e-07 -8.476843493890628040e-07
-8.251941340734949912e-07 8.277119216568013630e-08 6.853701995606140858e-07
2.143250728281299931e-06 5.661736560837214984e-07 -4.835944182876196623e-07
2.096990259258212937e-07 1.664764410078676121e-07 -9.830698092988683985e-07
-6.187374193958894368e-07 -1.060766553422259455e-06 2.532597976239771810e-07
-4.266208735792976199e-07 2.791255910310279082e-07 3.865510098822819432e-07
2.773587346548285754e-07 5.756676417154188354e-07 3.038639002966495678e-08
-9.514224319704641330e-07 -2.026399385146461717e-06 -7.601529556139921206e-07
-3.106587740179631899e-07 7.397505084280681440e-07 1.525853800712222560e-06
8.681018952456930135e-07 -6.458454446469530910e-07 7.596270324568818560e-07
-3.113464866953053154e-07 3.404747821006814196e-07 -1.127440385992167870e-06
4.381397575562672853e-07 5.094937316675269454e-07 -1.764309387818340024e-07
-5.272230325814651615e-07 -7.820505959176635367e-08 -5.154548527530349464e-07
1.110586368482394052e-07 5.123056579877248368e-07 5.711704167018100737e-07
4.856804954079588484e-07 -2.738220469908014474e-07 -6.024301378536915751e-07
8.551252987873934086e-08 4.111431069898732533e-07 -1.616026654378702698e-06
-4.435492499530758078e-07 -3.893671488859396878e-07 -4.010167628366429041e-07
-2.786410547153195067e-07 -3.633072535351558164e-07 1.078307932621711689e-06
-1.724698739170054951e-06 -8.368642707768820710e-07 -2.666979538357945788e-07
8.029562538636355324e-07 6.002428933668397447e-08 6.394599539265746067e-07
6.728797449158006391e-07 5.180624875844721526e-07 -4.876844918492842242e-07
-4.234432187042089106e-07 6.003503090671272106e-07 -1.365982663321991771e-06
5.298242928658344521e-07 -3.686471795667338562e-07 1.047187143362048942e-06
-1.314819952590130874e-07 -1.353847501459386258e-07 6.652869128717681807e-07
-1.535788967292301939e-07 -4.201844680468085256e-07 3.580289169745203748e-07
1.760002125436476253e-07 -1.650004721859202115e-07 7.032677576522742778e-07
2.601230806021172666e-07 3.002485743531006864e-07 -5.873385250960080745e-07
1.079811355670090330e-06 -7.829059928561726249e-07 -5.061704427873688472e-07
-3.483327327155021312e-07 1.498130085487613150e-08 -1.651720726704317805e-07
-5.931823389273009451e-07 -7.273060863920681078e-07 -1.313501768455905383e-06
-5.712008072836225191e-07 -8.410849799146051268e-07 -1.133352865183032846e-06
3.483464161383003515e-07 -9.294511600282609636e-07 -6.760794280466580614e-07
1.676849792972283891e-06 4.586917380308262203e-08 5.397242726779308166e-07
6.777145187379126863e-07 -1.549627764835782472e-07 -1.846529417006521050e-07
1.778254194035751248e-07 -8.454243006349819714e-08 -2.952656885718779983e-07
1.883424035545902026e-06 2.351198412225859212e-07 -6.493807013421127533e-07
-1.611645375859967048e-06 -9.078759953594995015e-07 -7.166081870722364491e-07
6.753693215317162676e-07 -4.280378245845225158e-07 2.175037328972295801e-06
-1.788494403905521452e-07 5.432168492532055387e-07 1.554839153440465143e-06
4.030260472497175786e-07 1.146050047885489812e-06 9.554571092425683742e-07
-5.001293087253548613e-07 9.651562867560800006e-08 -1.593949370400884223e-06
-9.484508727526925478e-09 -8.271111931408102667e-07 4.278008323784161048e-07
8.133422372527260616e-07 2.196751924218626104e-07 -6.249017278845518037e-07
8.463775288876320491e-07 1.888814520020717124e-06 9.727006558163798458e-07
-1.395481808075647335e-08 8.006043183430945092e-07 -1.280110766506363197e-06
-1.219051904543849070e-06 -4.093704141215402136e-07 6.330699986503361570e-07
-1.023264633153288972e-06 -8.208799334922462070e-07 -3.891899352541784231e-07
-1.694139715421737255e-06 -4.156600764471945009e-07 -1.211795927883127913e-07
-2.689669428173185851e-07 1.903289712757171492e-07 -7.019164383577389894e-07
6.942408786630029793e-07 -9.843896146541678514e-07 -5.568288193165564829e-07
-5.400980326470563633e-08 -1.090211406542919358e-07 1.746321421096338407e-07
-1.214192488983235813e-07 5.997905642795160358e-07 -3.273279764051120063e-07
1.558173712276993380e-07 1.088946702761345051e-06 -1.324684012701616894e-06
1.199843876996425267e-06 -8.522811400288388896e-07 -3.721293544277300095e-07
1.930546522000941817e-07 -3.334931671656176035e-07 -2.493016317748866805e-07
-2.107852216519955102e-07 1.176522645824894221e-06 -3.379885775707564729e-07
-3.472259533643017801e-07 -3.788603368755677339e-07 -5.977105799392889760e-07
1.051626380278987240e-06 8.506146888826826353e-07 -1.244192611055511490e-07
-2.756196842182789554e-07 1.680068716166417182e-07 -8.629562037234123897e-07
1.254381869596343161e-06 1.655743777461089867e-07 -1.016775439079809881e-06
-2.704639374818159404e-07 2.605017677683820611e-07 7.993889642010416957e-07
-1.107094017795711177e-06 -7.146036316017586185e-07 -7.492839541717393113e-07
-1.163902295207196064e-06 9.368573562005731440e-07 -9.201670571815427503e-08
-4.805358237856592979e-07 -2.491708888991066723e-07 1.495979499019860820e-06
-9.341831236752495479e-07 -3.270969352317188956e-07 1.079912833084623984e-06
-1.111235919712119666e-06 1.907203096547805574e-06 7.276105184590022455e-07
-6.523166876776269203e-08 -5.256675325958428540e-07 5.416244769365114823e-07
2.629275986017854641e-08 -4.050910851853406571e-07 1.509942415484702407e-08
5.786417427897504034e-07 -3.565283455774230041e-07 7.746593413879704924e-07
4.662918861000834948e-07 -4.138944456860660749e-07 4.479148593400432716e-07
4.023968134159409649e-07 1.711029992075967169e-06 1.535994145361958598e-06
-1.316800897740670395e-06 4.082586401574582046e-07 7.623689859063342938e-07
1.646273070477972860e-07 1.158246094056255592e-06 -1.052048396987347613e-06
3.193307181638061121e-07 -6.612855141218251425e-07 1.627574972499766318e-06
-6.685091775737233418e-07 9.699832363047944234e-07 -5.424471931291705247e-08
-5.223038488795588478e-07 -7.097087772949953482e-07 -1.895417736365586680e-07
3.848392333154957588e-07 -3.319504904216645769e-08 3.446641921297243963e-07
6.793095335130640154e-07 9.902611663452519220e-07 8.752501171867101027e-07
8.624497126537290283e-07 1.297617829636813830e-06 3.901282575735922793e-07
-1.250565834745474209e-06 -2.078833734628790759e-06 2.660057981715017667e-07
-1.719004458415225449e-07 -6.692535354374424357e-07 4.250909493301510013e-07
2.079710138495506548e-06 1.116265655447879355e-07 1.107967554112885413e-06
-1.184796256788009434e-07 -1.298452110957336821e-06 1.070994108428898954e-06
2.317055353428506452e-07 1.203057073792808013e-07 -2.198722712658566715e-07
5.179505366600525298e-07 -2.088843442335979061e-07 -6.879392798071570545e-07
5.163200166593480342e-07 9.876013657506031738e-07 -6.308375670931371404e-08
8.588706894724717737e-08 -7.776693312856415425e-07 7.194265554910068158e-07
-5.214836301127018835e-07 -3.085291842899682053e-07 -2.594049749277066919e-07
4.226211058243045056e-07 1.204241357660408760e-06 1.019493329091941811e-06
-6.309617045629599811e-07 -1.067862048274615651e-06 -6.797302052397348500e-08
9.010772240390655909e-07 -5.823486015348137747e-07 -9.676442828836245287e-07
3.770837735044591942e-08 -4.931638997437460795e-08 -5.952226966880146789e-07
9.679861268191413734e-07 -4.017574152240601848e-07 -6.236249598121336390e-08
3.734665767607921708e-07 -1.275737435434765310e-07 -1.012855005539853714e-06
2.482691087967081581e-07 8.801075627564083442e-08 1.021808388526239168e-06
-9.609689764385340496e-07 2.271319175300737100e-07 -2.874057858099921043e-07
5.355145548162287525e-07 3.604589812572411491e-07 -6.692323554863962134e-07
8.192469055658283087e-07 9.095572248690454162e-07 -5.629174751297419555e-07
-9.436645446288008510e-08 1.018053391375225914e-06 1.906499508282849389e-07
1.212941198579639163e-07 -7.325401009017829988e-07 5.164758339039280990e-07
1.734416944487939226e-07 8.229044746373122683e-07 1.641432647579474954e-06
-8.057261148029071245e-07 2.411502984816336287e-09 -9.680490525575197776e-07
2.305423424407352371e-06 7.776266912370911093e-07 5.174093871703280277e-07
2.462286341678513542e-07 5.174033211224946133e-07 6.712501257215521718e-07
-4.255366894402459476e-07 8.244260673064181969e-07 -1.935412133734416104e-07
-1.496251570829161239e-06 -2.856297141902826881e-07 7.250494556532469288e-07
-7.800755229729538079e-07 -9.921721743214844412e-07 -5.745463955177378961e-07
-8.477776726378498603e-07 -1.387340449949892309e-06 -2.515093740126694019e-07
-4.911092264552229879e-07 -2.886860019933388029e-07 -2.929172501003838155e-07
-9.235877470454021904e-07 1.901879379506858168e-07 -6.216501535237474014e-07
8.031143547164551566e-07 -3.147164937162367522e-07 -7.950127467653634913e-07
3.513155130622982949e-07 -7.342849219070061010e-07 4.984175069261033055e-07
8.893126130244324963e-09 -1.547136257537125506e-06 1.032247722558127734e-06
2.084527089371739752e-07 4.363055102893398228e-07 1.428093351893093597e-06
8.198740455508662406e-07 1.099243736458902798e-06 1.496076102671885892e-06
-1.019648528085307450e-06 8.205981041716603659e-08 -4.569674580171699918e-08
-3.143691914122877868e-07 4.687684168199138171e-07 5.749670875450977174e-07
-5.858588141356594921e-07 -8.098381159696205538e-08 8.351305960721732215e-07
5.401946128936413285e-07 -1.337155692442682586e-06 1.104727065472053805e-06
1.761864014380656320e-06 2.020428850053202567e-06 -2.124659435415341530e-07
-8.065376161900659370e-07 1.140842639559694365e-07 5.521175761349076703e-07
7.073348743096859063e-07 -7.877969476847151134e-07 -9.967054267814623406e-07
2.159340199182692346e-07 5.737802653472212004e-08 4.595233746868843600e-07
2.481687330191973015e-07 -2.548461424952038002e-07 -6.450195421939668600e-07
1.493039309641022586e-06 1.120227025616091030e-07 8.631261210059178334e-07
2.964877383883940707e-07 4.387843140675862356e-07 -2.142138718556165378e-07
-3.128986477825027661e-07 4.084751269852186603e-07 -3.899942708810332647e-07
-2.959313529681388174e-07 -5.476875973782951525e-07 1.197517517020490241e-06
-1.202253726464816078e-06 4.667774692539642263e-07 6.637105863696439740e-07
2.129716438840881884e-07 -2.241553761613486577e-07 5.753253508757388648e-07
-4.439741736396978846e-07 -1.315710806078151686e-06 -3.598477959234719845e-07
5.022670858629333944e-08 1.246434647307930034e-07 2.663057275540476040e-07
-2.238210861297742459e-08 2.096665789810165115e-07 -2.122200350508728237e-07
-1.044615209427753257e-06 -2.407496480515623651e-07 -1.138708421045430559e-06
-1.540879177965062221e-06 9.201983426722447493e-07 1.314700895061883225e-07
-1.903439880552311742e-06 2.308787601556355959e-07 -5.564262963261981955e-08
-4.622357976821852236e-08 -2.043724879041393391e-06 8.317806273489608972e-07
2.949820162488276469e-07 6.809256314383599091e-07 8.696101799072158064e-08
1.125035988765959320e-06 -4.318019076431570115e-07 5.676965360776975006e-07
4.562747156085762845e-07 -9.495537577593479104e-08 -6.110613124528094290e-07
2.920443973436780351e-08 -1.206716504052773719e-06 -6.950730277808636980e-08
1.277337470646624326e-06 -5.380128966342596025e-07 1.424689195508637222e-07
5.036454003605297036e-07 -2.142696255364496181e-07 -1.501993244880085900e-06
-1.413232689238992487e-07 -9.754364953799715116e-07 8.880454164591977455e-07
-1.109253592855137243e-07 -3.920965101459450107e-07 -3.777338613024436602e-08
-8.737976735535887906e-07 6.288021531741522972e-07 2.402611062760882159e-07
4.622442651300681575e-07 1.855508759273137918e-07 6.705046150589247874e-07
-6.178406615373953363e-07 -3.377579451342276551e-07 4.695270301889873136e-07
-2.484509177479617726e-07 4.715842603388879688e-08 -1.187547266243915629e-06
-1.714567883065980508e-07 3.879492648747378134e-07 -1.739093726059386757e-07
5.458551504740754216e-07 -4.281953072310865814e-07 -2.502311502382502782e-07
-2.611416694924041416e-08 -4.838133392041214190e-07 9.104377347416413533e-08
-4.920999095279439298e-08 -9.340043904516179188e-08 -7.046305910112273195e-07
-4.398227277853825767e-07 1.715603416395601431e-07 4.469862359204672712e-07
1.110285645330959598e-06 -4.544682117499180668e-07 -4.715285282088448620e-07
-9.220191567117635351e-07 -8.605225881918548121e-07 -6.342543141155164313e-07
8.402222217770391727e-07 -7.196182284986782718e-07 -9.285021596650277811e-07
7.917275132301406923e-07 -2.932632643686678098e-07 1.313666197975440500e-06
-4.073653544090089786e-07 -3.244725166062628934e-07 9.394655387450503870e-07
9.777461828331720977e-07 -8.977144423235587271e-07 4.429736879122877131e-07
-1.341359931147452557e-06 2.159354614916099939e-06 1.599192936269552007e-06
8.910455377319743591e-07 -1.593937759535659574e-06 -6.633554269455876229e-07
1.477431650232251212e-06 -1.902592365194207868e-06 -2.687221045863402365e-07
-6.411885968228455264e-07 -1.068072641961374937e-06 1.066420618855277815e-07
3.743679723572680534e-08 8.014073957229442097e-07 7.209662859892296093e-07
6.909646489685856830e-07 -8.234972097771330050e-07 4.265724945969492043e-07
1.272223281421115489e-06 7.678197515091959202e-07 6.577968154824782927e-07
1.723274784418045158e-07 -2.326533220456241746e-07 -7.171723260741275351e-08
1.103436650154170330e-07 1.710320785030816826e-06 -2.311141150404347930e-07
-3.419089180345471535e-07 9.043058570396250834e-07 3.638819703318429970e-07
-1.632439683168957437e-07 3.393152226194167210e-08 -4.238150120995486629e-07
1.232722615381055188e-06 -6.686196143370426587e-08 1.625242608912002331e-07
3.262961440614604909e-08 3.952903709027892683e-07 -8.493976733349221198e-07
1.286452776965240941e-06 1.444675489794055733e-06 8.542674886742195705e-08
8.254724233870274531e-07 -2.123597836992616347e-08 4.282213918153909817e-08
9.810975503632081749e-07 -4.667012496983686011e-07 -5.801495411667856506e-07
2.441394560951340287e-07 9.393418026245891958e-08 1.345137608916482229e-07
-1.148322183105648705e-06 2.402962203953348409e-07 -1.159565980357383876e-06
2.595180847038261938e-08 -5.481080271219799365e-07 6.881685988631437758e-07
-8.745585147254940163e-07 1.402177028805495344e-07 -6.004807817997562948e-07
1.310067611308748585e-07 7.064908495414084032e-07 3.505381897744722497e-07
-2.570280893221823444e-07 -8.459912927784124742e-07 4.006243114261537813e-07
1.061577890641352360e-07 8.664538228423275473e-07 1.790690849581901694e-06
-1.700201017434751281e-07 2.197945988237550935e-07 4.062603016490442298e-08
1.093893234622958681e-06 -1.146274230624906867e-06 3.601231421900874683e-07
3.723358922648428884e-07 4.201043270355160213e-07 6.092748347815312158e-08
2.227920695139753171e-07 1.611533136859824070e-06 -1.603736654443604467e-06
1.404608809487440935e-06 9.285160786932557761e-07 4.413499922234162049e-07
4.785777892403164303e-08 1.393345043083873081e-06 5.859455511976948798e-07
-6.586157724438319961e-07 -9.388538927726269818e-07 -1.434332356717146668e-08
-2.381493443617262417e-07 -9.031418329276208275e-07 -5.913309597947902047e-08
1.273852099164744182e-07 -5.016886188119641990e-07 -2.780665653373518698e-07
6.309920820345499937e-07 5.502182277261438626e-07 4.936012994788250516e-07
-8.607446154384016240e-07 1.527455553153513825e-07 -1.642564256147803430e-07
3.466624841064563379e-07 3.272611960967834976e-07 3.771990584144533669e-07
5.712145557656354339e-08 -4.650348246543634498e-07 -4.315495987540476231e-07
7.284922999288638561e-07 -7.823753317872873716e-07 2.597008978822530545e-07
-3.829164364483258362e-07 2.911756909317924902e-07 5.782933309215456894e-08
-1.184638041948620454e-06 1.392299795020072131e-06 2.906231736126470855e-07
-8.787431421819635963e-08 5.843643716567855356e-07 -9.012493325809172304e-08
-6.191908456986592140e-07 3.903526894858170819e-07 7.542100003779309357e-07
-1.244616704507568551e-06 -6.902388286141648518e-08 1.113932535063763588e-06
1.351511943329324204e-07 5.833251599981099405e-07 1.050946728557810014e-06
-5.008408575226985677e-08 1.596619273345127038e-07 5.610109206200989714e-07
-1.265155682817574135e-06 8.216233568480378648e-07 -1.050051248926569219e-06
4.355476250004478353e-07 -1.190481730784288220e-06 -4.132486276374999391e-07
4.562632439270511394e-07 2.109849740752767199e-06 -8.308708030347763431e-07
1.725732331863945569e-06 -5.259147048671205383e-07 1.110748709118605992e-06
-5.304992103026978500e-07 9.013826899150738886e-07 5.912855447321194069e-07
7.777847720885581611e-07 -4.356560197719097603e-09 -1.046778225669523535e-07
4.914485100177169298e-07 6.117504498817683353e-07 -1.350833429897435938e-06
-3.502914879201468621e-08 -1.276129310561145952e-06 4.617244601350668813e-07
1.750562756660937603e-07 9.204168634394540157e-07 3.392060578361611422e-07
-2.533087930373800393e-07 -1.984886795229770725e-08 1.288599716021230629e-07
1.041525520903068132e-06 -6.995498818974961055e-08 -1.286910092155596660e-06
9.024637552772551770e-08 -6.014738631046839905e-07 1.574902635301038980e-06
8.641961004280552569e-07 -2.252734726240471298e-07 -7.185191086817923286e-07
1.382549972372110792e-07 -1.248635297265900082e-07 -3.485367007774713225e-08
-9.576089589252151888e-07 -1.142104442768833551e-07 5.925005032468433637e-07
-4.004030528851047676e-07 -8.085821724560346996e-07 4.369298708950713493e-08
9.678412086775893573e-07 -5.272228937350892230e-07 3.064172781752662437e-07
-3.835166436369556285e-07 5.819217773306927795e-07 5.141362234697485713e-07
-5.313673376992916616e-07 7.587627110565734233e-08 6.603591166833558884e-07
4.761512065633190161e-07 5.075704182038669262e-07 -9.871350177901683566e-07
-1.214134043153123316e-06 -5.643585029739968049e-07 -1.353392300174205722e-06
-5.062515148041241737e-07 -5.832268139516474937e-07 -1.614034848584615488e-06
-9.372812805245441814e-07 6.847728935028627307e-07 -5.815926346935469056e-07
8.603544013413244476e-07 1.667965122357650199e-06 3.497147660340568158e-07
-7.148861439744830856e-07 -1.246635081191802083e-06 -5.888042232311548127e-07
-5.631112337910656064e-07 -1.561257476488324124e-06 -1.747122944555991079e-07
-4.251118636701591349e-07 -8.644374797307142972e-07 -6.540640806506093406e-07
9.270728998372252952e-07 -1.044637558077154641e-07 -9.691294478026636168e-07
-2.646083272978945463e-06 -1.790162087472717425e-07 -5.431195805476776540e-07
-6.133132501178164739e-07 7.354402388382123064e-07 5.858568310456538834e-07
4.604803926498157753e-07 -9.380952249082668670e-07 3.141144051213818227e-07
-8.268194162505304162e-07 1.297806641383459376e-06 5.434995471655992963e-07
1.692109791890967261e-08 4.042095385721198373e-07 -9.828073487281907430e-07
7.483858930704993705e-07 5.886520403400084040e-07 -1.573973558822361730e-07
7.687284205262568202e-07 -1.793038157656116650e-06 -3.824907732356076446e-08
-2.856007127520177726e-07 1.438465382685461273e-06 -4.251078460699983209e-07
-1.958621658368163536e-07 4.336734885113297474e-07 7.214945401256845373e-07
7.175385256367894184e-07 -6.213289266887518055e-07 -7.743593712478499417e-07
-6.052511894831318388e-07 -7.148203001878764282e-07 2.369370820246767753e-07
-1.908900533569896236e-07 1.264882635414569858e-06 -2.753084451507206379e-07
-6.086807060240655709e-07 1.279515975619592341e-06 3.975001926781990456e-09
-5.192306758045963168e-07 1.009248218670574606e-06 4.291957882922846260e-07
3.464302868967967063e-07 -2.867561196787041131e-07 -5.093903926791354825e-07
-1.108152827516252729e-06 -4.839134331353484096e-07 -5.439604774377038437e-07
4.473824502101231654e-07 -5.712708594393391669e-08 1.541720903442785531e-06
1.491395194693993745e-06 1.462571974284737498e-06 -1.412755378199302109e-07
-1.908445852764754609e-07 -9.940328242360351687e-08 9.089911455716938364e-07
9.200989119369259671e-07 -1.371790104733670330e-06 7.329892407674219322e-08
6.829816415205908588e-07 -6.819301219735207822e-07 -3.747962683700016294e-07
-4.097822740157004945e-07 -4.039964777928183882e-07 1.622402950205255806e-07
-9.231684419808252787e-07 1.159545976305521599e-06 9.853844161366649326e-08
-6.958177164401295091e-07 -6.399505945855129480e-07 -3.140622442307552619e-07
-1.060942059030972475e-06 2.508779628707589218e-07 -2.348880737725708024e-08
-1.018706048935484156e-06 5.916332574299726849e-07 8.709079067686043489e-07
-3.104215527494568310e-07 1.891065837808839853e-07 3.264695837832124100e-07
1.981733997340204422e-06 7.645147195518416212e-07 1.251376481073795965e-06
8.375966357572678949e-07 1.160747194108515561e-06 5.184069799352031423e-07
8.897711580130418966e-09 6.438950444531334145e-07 -2.004122240084473274e-07
1.097359898840244059e-06 5.586244235341805994e-07 4.376152192776424630e-07
7.104742093946164012e-07 2.029931964996752370e-07 2.557479853490311425e-07
1.034679780493297530e-06 6.870614012794600576e-08 4.438045894984001292e-07
-1.247834171169513647e-07 1.383505442250233665e-06 -4.950555140072032939e-07
-5.495015123159020719e-07 -3.310810615428709414e-07 -5.692521111620603123e-08
-1.150584323616749645e-08 -1.045093462585219254e-06 3.597083095968529683e-07
6.943280173117869557e-07 -8.283195627696306474e-07 -1.136423630871541707e-07
-1.219837812062784094e-06 2.322722045305103163e-07 1.947821572022125472e-06
-7.437910103476161569e-07 8.191647756049039681e-07 -3.719685858010333842e-08
-3.202756698624426660e-07 -1.325088584331012073e-07 -2.291846506256388353e-07
5.560616837648970968e-07 7.429243685086721905e-07 1.246016323527987862e-07
-1.792919330319763244e-07 1.121259860431645440e-07 1.265966989738317575e-06
8.024118158616033064e-07 -1.433248275997499445e-06 6.413793697096098229e-07
-6.098475606365140400e-08 1.112789097950963579e-06 3.600456800412158794e-07
-6.431222096564826390e-07 2.691096553807843214e-07 1.966478615783467647e-07
2.279442601646880961e-07 -1.903562026183747887e-06 1.405284777936814746e-07
-1.821172467924203787e-06 -8.248479759659145416e-07 -8.944902039890152633e-07
3.360572747899433675e-07 -7.142061969276006096e-07 -2.216335368331738692e-07
-9.677323091216776151e-07 -6.995811603148863982e-07 4.518602950161859880e-07
-2.159431751124407812e-07 -8.698404820522869339e-07 6.632222691321471496e-07
4.426831091719864459e-08 -3.519413065803037938e-07 1.992512003521513797e-07
5.646257105517045835e-07 1.730032614122290693e-07 -1.334173265681053639e-06
7.516639191190988913e-07 8.676362430789854344e-07 -9.322600921866337846e-07
-1.143637925142111779e-06 -8.634007134214877316e-07 -2.821501376985546983e-08
2.480401810940021922e-07 8.614786998218393561e-08 1.358211887023469801e-06
2.289118455422342810e-07 -4.952611012193492131e-07 -3.207608559022072965e-07
4.356559174489391983e-07 -2.633548914354642371e-07 2.002259962768982678e-07
-5.708996687913073612e-07 -4.507388709718059316e-07 1.063417119351266900e-06
-2.181079752761084137e-08 1.213784932944759272e-06 1.073148253868098829e-06
4.599326878553005936e-07 8.820417246502957108e-07 -4.396858720668817441e-09
4.746997139116955088e-08 1.316618304632646932e-06 -6.169755279309809368e-07
5.853680251784037626e-07 6.999783498896400727e-07 -1.395779958281177380e-07
-7.559346608609259649e-07 -7.849956044561591545e-07 -1.376533673911735400e-06
-9.980138554816750089e-07 1.092139676999447235e-06 -3.706025164400421571e-07
-1.103881110583231112e-06 1.997147989070421681e-08 7.841699264726690110e-08
-9.282985529149561050e-07 7.405284785996571989e-07 5.379727870791612019e-07
-1.522327798380484718e-07 3.834254304562235709e-07 1.117872742778757047e-07
2.826640249330572992e-07 -8.666722224435606923e-07 -2.168698522373262984e-07
1.090457379504910047e-06 -1.241565348358203013e-06 -3.297079483707343302e-07
1.136161885632669594e-06 -9.081977000620499951e-07 -4.291214971245947328e-07
1.871617016897491390e-07 8.725125623333147159e-07 -2.893359791452715445e-07
-9.729414439774658525e-08 -5.227196690054435385e-07 4.395565742554553031e-07
2.150340091370006950e-07 6.195162337809979129e-07 -4.905974476572057327e-07
8.366265839301255433e-07 4.722570859515681243e-07 1.845370722692459690e-07
-1.035202169001007531e-06 5.048746082728166931e-08 2.033156546149647475e-07
-4.728345717001900887e-07 -1.171073594711822829e-07 -1.645719520339984309e-07
-3.020663110972510452e-07 1.090481685763480061e-06 -1.163665604387171063e-06
-8.049698861803090130e-07 -9.232023936947923342e-07 3.155442543686491250e-07
-1.614213008171468221e-07 6.070495737326089728e-07 6.166439992616327501e-08
-1.032645516641667704e-06 -9.951453748202246341e-07 -3.174470977571512949e-07
4.920747515738462010e-07 8.683684861195151578e-08 -7.316950727756453659e-07
8.947573727920137591e-07 -1.837961711157077431e-07 -1.560205238489182548e-06
-7.106754279403601390e-07 -2.938814859757074382e-07 9.176049300583804763e-07
1.930436692772204718e-07 -4.496041841651577526e-07 -4.149326831136779249e-07
2.631340506009208292e-07 1.165544137859216793e-07 3.553637102717092024e-07
4.993983864848154077e-07 -2.026214984263369553e-06 -4.651063356975543499e-07
1.288027906816343568e-07 1.924913584120504215e-08 9.737968898103760503e-08
-1.868064865371026403e-07 5.795479165224075195e-09 1.654190422668962018e-06
-4.624021653583946516e-07 -5.122595735486026418e-07 5.914820125368784326e-07
-1.717332055749496656e-06 -1.331842424086379201e-06 7.777844203858840834e-07
-1.450782965177127434e-07 -9.862939464360212673e-07 1.216887599705293589e-06
2.360203774986654315e-07 2.208657289544104470e-07 3.177409052014264985e-08
6.358963071244244487e-07 4.455930781165499900e-07 -1.549352398617005749e-06
-1.432232546073528527e-06 1.666955290783228609e-06 6.809653180410704030e-07
7.529655907099440949e-07 -2.113420546908698484e-07 5.129923151931945269e-07
-1.345138237501585327e-06 8.553006807846865784e-07 -1.045481239900216038e-06
2.061352742438404573e-07 -6.657873709287313630e-07 -4.059398918274414150e-07
1.586917146223853598e-06 -4.066763193843075044e-07 6.896535344451135304e-07
4.897454924263966044e-07 -1.238959636447039877e-06 4.972023497926720962e-07
-4.156562374591014520e-07 -2.501573364112928179e-07 -1.056281254266861253e-06
-1.058012950755545808e-06 -6.205001585921793367e-07 2.834663986703920014e-07
-6.296039296068009946e-07 7.455108887654197364e-07 1.252905176003209181e-07
-4.891921630001139918e-07 -5.851685903066496558e-07 1.387654791876026333e-06
-1.855063314642126248e-07 -8.719765343585263657e-07 7.639664466077756301e-07
1.441324247475903389e-07 -3.064593836776006204e-07 -1.206186242105497745e-07
-5.586010999832140362e-07 -4.134344997212331807e-07 -2.069315968767432750e-06
-2.341778013642838703e-07 -2.317968939529529697e-09 2.684235818628989703e-07
-1.722659052294338811e-06 5.111991837707519915e-07 2.919341638275957194e-07
-6.023864338644521408e-07 -9.633164444962934295e-07 7.406278300615450947e-07
-4.786894295779461973e-07 2.948497676913045354e-07 -1.149473249858785968e-06
-4.995028627210866110e-07 -6.377952750872710416e-07 2.616658395746651954e-07
-4.124858479421689146e-07 9.496108367868353013e-08 3.835859122373052298e-07
-1.091944142219826132e-06 -9.270389378989543499e-07 1.301962285943917711e-06
8.118810515502221095e-07 5.144562755268135207e-07 -8.222478943303388570e-07
7.881037774169188934e-07 -3.973355385141671541e-07 4.574490062814499942e-07
1.156034489020228934e-06 3.693341219450841635e-07 -1.230325317964111468e-06
-8.847685910139281582e-07 1.571692108890504250e-06 3.943281527783567644e-07
1.334074813567417495e-06 5.043300088824331999e-07 -7.114269915967761652e-07
-9.882282669440677302e-07 7.997025318545535116e-09 -8.587175589675703795e-07
-8.409386962328946133e-07 -1.035163795461220360e-06 1.207322184295727017e-06
-1.969608518531873312e-07 -1.200045034933240825e-06 5.527953573438999616e-08
2.424439133944879654e-07 3.264452480446124665e-07 -6.926592575864959504e-07
9.229880692699320542e-07 1.297543581145420182e-06 1.578861226595492264e-07
2.561612277964300769e-07 2.639182224503599594e-07 -2.088556464828044262e-07
1.606463348980580948e-07 7.850027851832631411e-07 -3.804094025216779615e-07
-7.509999217881239427e-07 8.706769131552099835e-07 2.151813086063689381e-06
-4.398531439110962500e-07 1.423978539606689834e-08 6.241247499385801372e-07
3.833627439140676216e-07 -3.833206256987253774e-07 6.936201788875892160e-09
-9.660889162754324852e-08 -4.626390489996827962e-07 5.012761523998909946e-07
-2.351125173614857534e-07 5.912029171899702664e-07 -6.266395277306593915e-07
7.658992797981543297e-08 2.181287689515060301e-07 -1.029042923008403808e-07
3.476179356418044465e-07 -1.486231370690644336e-07 -1.296465517481460415e-07
5.545995807352594472e-07 1.312889245315931020e-06 6.565615611668752270e-08
-7.206298766639625666e-08 9.981351462799219799e-07 -3.808071199813916540e-07
9.538516194169208709e-07 2.119036105548248223e-07 -1.080493465720744972e-06
6.231298042916152580e-07 -1.540411484279096348e-06 -1.534175525851428211e-07
-7.662953073470111301e-08 3.635656060519117522e-07 3.024469927118461240e-07
5.282407237473716854e-07 4.772329520204623643e-07 7.464972122019329910e-07
-1.837375307589620563e-06 4.393080716100392414e-07 -3.505122920761254808e-07
4.813830824092910810e-08 1.415559776176227520e-07 7.926483722082753079e-07
1.354297233329548245e-06 1.468280158045100488e-06 -2.938428185927819207e-07
1.090835430037467640e-06 4.303988963022601154e-07 1.030438479762834533e-06
1.155853769175311419e-07 -5.137552692873177116e-07 -7.467703551221139077e-07
1.380163709932458178e-07 -1.101651844990188702e-06 -1.164131465945707312e-06
4.527470798279476733e-07 -7.458717441360429357e-07 9.250282144344992867e-08
-7.146418075587383378e-07 -6.991765178417542209e-08 -5.189075216940208787e-07
4.890377544975578957e-07 -7.255840218951205073e-08 6.373584973390242340e-07
6.642194623411195522e-07 1.786636925457407193e-07 9.054245621202255228e-07
2.426022594690843090e-07 8.458855009620845269e-07 8.271618751620161231e-08
-5.591010200181967737e-07 2.430080771932870581e-07 -1.616136905104693498e-06
1.180866441438545928e-06 -2.128967760648676213e-07 -3.669394303355591686e-07
-3.329134734008078709e-07 1.544173526073880618e-07 -5.419784221503197937e-07
6.318936188146645072e-07 3.852373340404974834e-07 6.873582297517592802e-07
-1.820034944274398719e-06 4.090421926886996982e-08 -5.129245526756866639e-07
-1.153132016200709232e-06 4.800427338936969090e-07 3.776141986121060160e-07
6.262416083014148589e-07 -1.861064113963416129e-06 5.244179928787869968e-07
8.673757838691197328e-07 -5.052055688229103213e-07 3.975942906561839302e-07
-5.967695802860068434e-07 2.249659100122130987e-07 3.015295613136316006e-07
-4.936272429957581235e-07 -7.819953519847518867e-07 6.680605151661900910e-08
-4.087319996500193106e-07 7.881771737087683940e-07 6.351105458610253946e-07
-2.541405866638948746e-07 7.181459410471088507e-07 3.301391480821010473e-07
1.654831808865060769e-06 -2.456504851464399182e-07 -1.901414688519134572e-07
6.669666405098236620e-07 -5.161862608926074003e-07 -4.883029404341874567e-08
7.915659426854674844e-08 -6.605638474492678757e-08 1.262213048856596548e-07
-1.019500506844207960e-06 5.956917795833118898e-07 -2.980661689203698449e-07
3.251973287567781677e-07 -1.189942964486359150e-06 -4.375628481944094832e-07
-6.110060002746452570e-07 5.858975839530561598e-07 -8.088345435584550023e-07
-3.465396757108220195e-07 2.523363011673159240e-07 -1.922414618389825463e-07
3.080521844642779658e-07 -5.228179912432892208e-08 7.670388874779248450e-07
1.466248714181063388e-06 -1.071820763568426539e-06 4.883072066862050405e-07
1.488176760220782925e-06 2.590925780115116613e-07 -8.784881420366512317e-08
-1.559458874450052488e-07 2.485490388167970374e-07 7.762793501059752945e-07
-8.723115503458580230e-07 9.965855235212494822e-07 3.272289016011136960e-07
-2.845726501467107560e-07 4.029657125195437758e-07 1.163039970362989896e-06
4.204352085135632816e-07 1.297283132085280190e-06 1.167312842785381893e-06
5.191249674687440865e-07 -7.763371297769280438e-07 -5.989151307453676407e-07
8.578707528192196606e-08 -9.436034718819679513e-09 -6.005907222302196691e-07
-6.853725182151290879e-07 8.500770488109419434e-08 -9.355518486686573276e-08
-9.133110599356591630e-07 -1.139905933710356676e-06 -2.206432294981808755e-07
2.005022350328654440e-07 1.096469156794997734e-06 7.112769416597692835e-08
-7.167575380428815558e-07 -1.116182931609629727e-07 7.722489253142298621e-07
-3.128329704202640820e-07 -8.122435915634259637e-07 2.877890766577179020e-07
6.091962360051535935e-07 5.782515411463508933e-07 3.818397470418754878e-08
-7.995761192691778797e-07 -3.991295340401384081e-07 3.375080153296901132e-07
1.927192579091644014e-07 2.686622934677071665e-07 -1.798500272634936478e-06
1.429947803573056919e-08 2.953090213016610542e-07 1.134026296323483743e-07
1.600150615078789998e-06 -4.028344811965235191e-07 1.028970837718067632e-09
4.924986279739953959e-07 -2.227261200305578689e-07 5.999017329490966070e-07
5.067448448477547440e-08 -1.872223724836066387e-07 -5.616283401980920425e-07
-4.202212186456526223e-07 -1.662750622598069400e-08 5.953795766173846058e-07
9.224135715969895319e-08 -2.983230978124867599e-07 -6.741041014235408074e-07
8.120972915303663375e-07 -8.452639962005709728e-07 -4.940263434679521459e-07
1.194203756107336444e-06 2.159132655027895105e-07 6.358931989936734273e-07
-6.055079706729294229e-07 4.973217455194687756e-07 -1.837787773580344639e-06
-9.098804588908610913e-07 -5.416522138950281802e-07 6.634167875477829690e-07
2.907780060848635760e-07 5.148484819287357634e-07 1.431828579159124256e-07
-5.262132684267757450e-07 -3.593449399792362182e-07 4.373565577888072650e-07
4.468189967168799666e-07 -7.865220040165351368e-08 -2.144882811170891246e-08
6.963604543285581798e-07 5.717885626952747773e-08 -9.419438761171769571e-08
-2.215838277539435121e-07 -5.568180587569059703e-07 8.942782938880470633e-08
5.902174101992295892e-07 -3.787375189141917659e-07 4.599786461249912840e-07
4.425846167086398328e-07 2.549180564482402517e-07 -2.384792921886223961e-06
-4.237318204438045879e-07 7.645800883975614084e-07 7.560534935257397338e-08
-4.373207177297200567e-07 1.939136948937247123e-07 -1.071547349618346918e-06
3.835952246378951723e-07 -5.686995811024360543e-07 -5.438771415820671469e-07
-2.964931209957226116e-07 -1.281541554617880795e-08 -9.901877006716845500e-07
-9.639933778283724005e-07 -1.777138906008450681e-07 -1.222884773784546591e-06
-4.315437196076503217e-07 -9.357634378727435041e-07 3.930938952452560893e-07
4.766342662321014440e-07 -1.601166638102620070e-06 8.799162241016046936e-07
-1.080719093441453241e-06 6.094858420923118128e-07 -1.140308592306427721e-07
8.811848723966562097e-07 -9.363821753001418629e-07 -2.030874670881611929e-06
4.871972498123742069e-07 -4.943758200421620590e-07 7.144948318422758933e-07
-5.004696722117467047e-07 1.064322999183609125e-07 -7.089214071019348497e-07
-5.187327622229110672e-07 1.699094775490351145e-06 8.908105913645936793e-07
1.498557699862270869e-07 -2.691947507416636525e-07 -7.495335027409987823e-07
-4.201446121267173497e-07 -7.513412474216819330e-07 4.213621847222621921e-08
1.447209393656447538e-06 1.138175416101440811e-06 -7.406236897533177632e-07
1.825222184236193142e-06 1.624656881172363428e-06 -3.307592257440950709e-07
8.280113259363900028e-07 2.197342058287861138e-07 1.779743709048867589e-06
-9.308651135944570702e-07 8.378066769808099645e-07 -1.481531568228177576e-07
8.971833437141913882e-07 6.444441861564060199e-07 -2.535666414301799807e-07
4.436172911729691749e-07 -1.499708784712795917e-06 -8.792634028199749090e-07
1.019124025186520102e-08 8.143733977805118964e-07 -1.960774390101169685e-08
-1.971318975053380745e-07 5.818446758702853174e-07 1.035126990257856012e-06
-1.532609045943667165e-06 4.967734784365288959e-07 6.737878451642656999e-07
1.828729567402627326e-06 7.707421502952763161e-07 7.247238758985266426e-08
-1.448849990147092165e-08 1.069703783460029696e-06 -3.122311241755164879e-07
1.838722229460807763e-07 -3.315317025031462905e-07 1.106316480099991855e-07
1.493457815384167924e-06 -6.207043546069919206e-07 2.516426083304819014e-07
-8.754659587722082725e-07 1.499363497777182514e-07 -1.048936479874227477e-06
1.177831046505088435e-06 1.218764307822882869e-06 -9.316610579561259357e-08
-1.854068657596224563e-07 -4.675232057720983506e-07 -6.025967026599571019e-07
-1.473143069163763746e-07 1.078165845782597021e-06 9.000351720391029195e-07
1.760100232772079729e-07 -1.061301035591802177e-06 -1.005777000897774635e-06
8.628147606519325564e-07 -1.910919163432891602e-08 9.684894985072301602e-07
2.190925637390988920e-07 -1.663404955063950041e-06 -1.074541231990730185e-06
-8.265998892828060877e-08 3.672244772544027622e-07 -3.530960689304630813e-07
-4.800535324306090658e-07 2.012347739787315213e-07 5.286658325819204790e-07
5.226819066027499137e-07 -1.829395473541846499e-07 -7.407485572050052855e-07
-3.284564736562403459e-07 -1.255802639261970402e-06 1.272109491476115612e-06
-1.638219490622202045e-06 7.488193297613009896e-07 2.219643403463990512e-07
2.427754725477734806e-08 -1.461317335061259414e-07 -6.232502116951841300e-07
2.217304223749949103e-06 -7.707212103563512647e-07 7.726875336934519147e-07
-1.089983274995925287e-07 1.426398589022677062e-06 5.144673821828099921e-07
1.275534420232616668e-06 1.293203329509810568e-06 2.106428724544001696e-06
3.741440595617965021e-07 5.618932675634670722e-07 1.491991689276904276e-07
1.895237616480773522e-07 -8.655773124209159659e-07 6.874326799786766232e-07
-4.966541787592252292e-07 -7.389675209754122080e-08 1.155238806111511302e-07
9.415337482531471564e-07 4.330554903927501058e-07 -1.908141093163447322e-07
7.148937256030989238e-07 -5.861202091279014859e-08 2.035008532320555679e-07
-9.998591042940591741e-07 -3.229985251114471591e-07 1.328745173026424354e-07
2.527509275175666291e-07 -1.494599069535698113e-06 -9.643172921015641925e-07
2.755309234058233245e-07 4.269156472499403109e-07 -5.535629685066350837e-07
4.031133851065148810e-07 -5.291595851881159442e-07 -4.491500520441538673e-07
-1.500484107529286029e-06 -6.165369338231179040e-08 6.647837418968500973e-07
1.021954609800737203e-06 1.217520872822578788e-06 5.011203829154294674e-07
-6.291453839881354274e-07 1.150619774664328566e-06 9.316406693447011576e-07
-1.860393909627759665e-06 5.661806599856602783e-07 2.625381162036842811e-07
-6.457663903182490972e-07 -6.654706923081346099e-07 1.842328818196878258e-06
1.324475842624426988e-07 3.710717906131120751e-07 -1.125917210270659906e-06
5.239024855712271488e-07 1.037991727919239128e-06 -1.449072028333773534e-06
-1.014754250665758171e-07 2.327117845300541438e-07 -5.999051598103116786e-07
-8.028773472762725656e-07 -8.780325464986768891e-07 2.210685582247964997e-07
3.851562991394205220e-07 1.099463210138767129e-07 9.384118702690125329e-07
3.234136262792917303e-07 1.836491534843672247e-06 -2.061277364911577188e-07
6.373851920882967472e-08 1.012496616714549424e-06 5.354355022445577061e-07
2.395337802183340997e-07 -1.105099398969411794e-06 -1.118662661000156017e-06
9.404664782469549826e-07 4.523053123802774462e-07 -1.193912894713652884e-06
-5.366642040942136146e-07 -2.494421917695228639e-07 -4.359858273462496302e-07
-6.040379098615088855e-07 1.565141945077243700e-07 1.265979167897692671e-06
-8.571127935156010752e-07 -5.301093886691118539e-07 4.271119450788381530e-07
-5.141763795887984986e-07 -3.753003479422026778e-07 -2.930690822698666243e-07
4.876590208147516804e-07 -4.442433416164531180e-07 1.495334320620025455e-06
1.131577860346625779e-07 -2.449251261047438940e-07 -5.882831309462023432e-07
-8.069575025975479279e-07 -1.641370142831594156e-07 -8.941152265848476317e-09
-4.768725489979833103e-07 3.062190221354423659e-07 1.927467670058643008e-07
3.002930681470464644e-08 7.347625523958868305e-08 -3.217383928985889953e-07
-2.189473314217299932e-07 7.980150227689255937e-07 1.173770857075301169e-06
5.913081599420189153e-07 -1.875687480303435683e-07 1.282610942989288158e-07
-1.666197511490059754e-07 -7.856534974986693962e-07 -8.627705019401876787e-07
9.987619519896972651e-08 1.445393251259430616e-07 -6.222892106813161280e-07
6.105582151942119156e-07 6.212099502559289595e-07 4.135229221682955450e-08
5.174747950890794547e-07 -1.606344046248043946e-07 8.661260497328310108e-09
-1.072850454272884774e-06 -9.283109696740589464e-08 -3.762470113235723109e-07
2.162091437656828606e-07 4.365621705850565852e-07 -1.336994070361782757e-06
6.624732953766918739e-07 2.179154081296307251e-09 9.827711517897891881e-07
-1.494079056514669725e-07 -1.112014896771722972e-06 5.016690180979333699e-07
-1.752266816895101959e-07 4.237991382675151530e-07 6.923222264900808453e-07
4.519865649827547860e-08 2.764555211821787149e-07 -4.234241127306758224e-07
-8.393866691446539982e-08 1.709076698840167892e-07 -6.679426695193855466e-07
-5.176673838735877334e-07 9.352372450041275526e-07 -1.177071054121618635e-06
8.246503915526137757e-07 -6.161584870971069248e-07 4.267197175810616815e-08
-6.005904182562319540e-08 -9.899563031846267537e-07 -2.356679075392071047e-06
4.489444056193291960e-07 -4.913373283561978416e-07 1.123087991068068889e-06
4.880818331034491850e-07 2.346502900787063477e-07 4.220894105014459733e-08
2.431370942360721443e-07 -2.110134037377719350e-07 3.330872204010032386e-07
-1.457311274409028644e-07 5.421604467280909484e-07 -1.246023041029044816e-06
-9.329883133754976069e-07 -1.651394814071292234e-07 -9.634143255466309535e-07
7.732815543182476149e-07 -1.090162832585388723e-06 -3.365388783881795570e-07
-1.494744689061869052e-06 2.089839688470836404e-07 2.253722250854532997e-07
-1.180667782033106704e-06 2.022153018575547374e-06 9.326236080480835801e-07
-4.828769890176295381e-07 -8.430103437865171843e-08 1.993337820222472476e-07
-3.388161830670262830e-07 -4.783400636839370683e-07 6.624515308424231266e-07
2.731132088172425126e-07 -7.644128936071936752e-07 -2.430634679235417647e-07
-1.546740996930456539e-07 8.936004629561896493e-07 -2.732777784233346352e-07
8.174620209471577319e-07 -1.960975960941610300e-07 -7.567726816160942885e-07
1.384338476968322292e-07 5.222893224024991270e-07 -2.201281643264277674e-07
3.514724808513576391e-07 -3.142115312448045928e-07 -4.112603598795723763e-07
-3.335500139474630628e-07 4.539993624921981706e-07 9.728159915383952255e-07
1.012042988968252985e-06 1.808435928246315075e-06 2.303259923525197781e-07
4.169054119345520660e-07 -2.172377449920443796e-07 -7.162402896351794749e-07
-1.450664633377742038e-06 -1.269465496753015326e-06 -1.127933877429857783e-06
-1.772354046779026708e-07 9.786001605472184220e-07 -5.236480091755256989e-07
3.594933741888416101e-07 3.389418371421263411e-07 9.550257435336356924e-07
-3.100517051427877763e-07 3.236682995199555782e-07 1.130578116825789412e-06
1.077608983077703986e-06 -8.768663686036869956e-08 7.054914960337795946e-07
2.378582185507082726e-07 6.797379138899446129e-07 -1.327910661595637856e-06
2.351916127948622835e-07 -1.044897828686779292e-06 -4.850992340110348244e-07
-3.102544475897176259e-07 -7.025084058092186898e-07 1.007975216172005300e-06
-6.639891699677230803e-07 -5.518857964421373255e-07 -6.671803633873155189e-07
-1.170551782479979679e-07 1.045592348818437725e-06 1.581898586368700739e-07
-1.266473754994939455e-06 -6.404298506168557770e-07 6.314299158999887254e-08
1.958097947600368914e-07 1.871657255336647224e-07 1.695294824392900108e-07
2.861391414187236973e-07 -5.535505785565944115e-07 9.830401083611635872e-07
7.848192986123912721e-07 3.833386233134299023e-07 -8.232858212234505111e-07
-7.528154024258630566e-07 -3.670092042534144965e-07 8.528099304141286905e-09
4.713687265038525748e-07 -6.004452288231698727e-09 5.955928238770375655e-08
-6.163660763504701649e-07 2.311656317128142025e-07 -7.622252664869417149e-07
-4.460933822491119454e-07 7.109123032773845438e-07 -1.576223716574226394e-07
-1.513332947337585202e-07 2.233494751370822501e-07 1.618491456595875526e-07
1.424527507765824108e-06 -2.400419119544032881e-07 -1.724351690369916753e-07
8.217598390956106367e-08 7.500743493852869575e-07 7.680232818776159798e-07
8.855402991633896908e-07 -4.535083624322537010e-07 7.608092174966000247e-07
1.298280468724202588e-06 2.561866343608924017e-07 -4.220148493938411695e-07
3.702078663553831740e-07 -7.165848591787885369e-08 -1.197504500770417640e-07
6.499931207126095076e-07 1.222816253970287465e-07 8.306544483275001855e-07
-6.956637522222349510e-07 -1.269424587941965658e-06 2.589572936766669985e-07
4.891835346095882231e-07 3.262435225180077166e-07 -3.700053807408346948e-07
3.471353482612122385e-07 8.054820230568394742e-07 -1.445474414876488740e-07
1.208787195811683565e-07 5.771188393723163952e-07 -1.453472964672041231e-08
5.127097301746170761e-08 6.689399936385366154e-07 -2.681147986986948970e-07
1.041052183724058109e-06 5.902999561248651876e-07 -1.110174316138561230e-06
1.385169884249913165e-06 -6.298828807738231926e-07 7.422652256616320781e-07
-6.370064515023440081e-07 7.619775264015962900e-07 2.444383845955046588e-06
4.445681523357101098e-07 -7.643731293594797005e-07 -8.397732141756996410e-07
1.523357177765874413e-07 1.908722488243979668e-07 2.458206160722674396e-09
-1.194196403109891634e-07 -5.782638436915802945e-08 1.010871705031000866e-06
-6.212517789386363563e-07 -3.636640586091191984e-07 -3.773024984783578129e-07
-7.250205769992059514e-07 -9.799378756429179053e-07 -1.298468711035562826e-07
-3.794818179816191050e-07 1.636703861394572314e-07 1.259811081655466130e-06
-3.714790916979536926e-07 -8.912002127417157965e-07 -3.500194162903775116e-07
-8.961133106261828555e-07 -1.897863828745786826e-06 1.205934590381179305e-06
-7.530394407696938153e-07 -2.333539654106782517e-07 1.400951400044097281e-06
-7.926305609497815817e-07 1.624694297298884306e-06 -1.034457370429032937e-06
7.215870858111922622e-08 1.845654192526081972e-07 -4.693785749275455865e-08
-1.523988703072503622e-06 -1.006879709215677277e-06 -1.932028380995954120e-07
-1.682171984677002073e-06 -6.004461262503217767e-07 2.960472838607398642e-08
-5.899565117295482793e-07 2.675956761590677305e-07 -8.631475270811335263e-08
1.828033261030403045e-07 -3.531455852374951555e-07 -4.629768567834949521e-07
1.065592894247574036e-06 1.028675553461497999e-06 1.416971368113396802e-06
-1.540669925131096120e-06 9.865863762529752090e-07 1.881542614310081085e-06
6.449457290736539947e-07 -2.935620542993171203e-07 8.295345624490117110e-07
3.518272903707924422e-07 -5.561221397909777988e-07 5.752536653862427885e-08
4.039886223915445638e-07 -6.820468501079700238e-07 1.041901125947385689e-06
2.214500418533181477e-07 8.417508707698099158e-07 6.506119288648353891e-07
-9.831852955518484077e-07 7.839781967265356585e-07 3.609924818149452269e-07
6.821763638804761638e-07 -3.789879534075304409e-07 -8.893090999604948646e-08
1.515075013533223546e-06 -4.046207543397066546e-07 -1.036695623464773612e-06
9.116923466052532884e-07 -2.877207485472699444e-07 2.105921193185043810e-06
-1.056625236530025185e-06 7.861409807854075733e-07 -8.079621031533772275e-07
8.995747484624662440e-07 -1.085671897145486014e-06 -3.187616195139016126e-08
5.141141285072197217e-07 -2.185227114317000546e-06 -1.049942176906032811e-06
2.883019617670685112e-07 4.851505743358516383e-08 1.054955785425860294e-06
-7.054471991235154671e-07 -4.620650193454399327e-07 7.716890235375093865e-09
8.822777076615503376e-07 -3.288240967916144380e-08 -5.155465076321203754e-07
4.523709670693290453e-07 4.556291972403208857e-07 6.558788119759057765e-07
3.351614292145545444e-07 9.972114010786227832e-07 5.705102784324248190e-07
5.567663708061368098e-07 -3.626688544538942809e-08 4.698245287032952893e-07
7.086671717156227872e-07 -3.351656178926498921e-07 1.695619284065296905e-06
-6.624069346220218831e-07 5.701221909558359993e-07 -8.446778549106994853e-09
-1.514580223911648871e-06 -1.037948746743432749e-08 6.161620720225723479e-07
9.104526795190188894e-07 -5.259221739917316732e-07 -3.682812403090537991e-07
-3.394345590640679675e-07 7.976033718935527324e-08 -9.472487555150001070e-07
-5.892145119433913346e-07 8.757372390453659419e-07 -9.225669538812492072e-07
-2.043787121411756041e-08 -9.151681259948625731e-07 -1.655114930221547177e-06
-2.214557000904778276e-07 -4.557127978923720043e-08 1.778536616692969985e-06
-1.425117544648117242e-06 1.978021289341232296e-06 7.718158360263902856e-07
-9.346953205371315331e-07 -1.041636153011139645e-07 6.910286262805827408e-07
-1.934866217496638342e-06 4.055555388957189720e-07 -1.723686512811958052e-06
-1.206021371462266212e-06 7.549941211242159321e-07 -5.539731393697090049e-07
1.891591061917486921e-07 -3.102436286523591888e-07 -6.711470260201168036e-08
1.282423468933839847e-06 -7.220474821632049402e-07 5.607036207528975575e-08
-2.232223125234690138e-07 -1.649871543069178533e-06 5.088865183698245584e-07
1.088322124988341147e-06 6.515184498160701198e-07 7.250128368347788380e-07
1.806628428331094366e-07 -8.399486342438080795e-07 9.089156311759147099e-07
9.512772568959034439e-07 8.279939413123147527e-08 -1.234421755184744476e-06
-3.541706085206567891e-07 2.029508754064798867e-07 -7.911694385620038552e-07
-5.361763958828430384e-07 -3.164920144564364593e-07 8.409476003291991950e-07
-5.439778785600693118e-07 -7.931215901630639486e-07 -9.326532668025114057e-08
-1.449286446034505106e-07 -2.527422298667727435e-07 4.298031405157615965e-07
-1.036041105591474256e-06 -3.551638226368010168e-07 -2.823307032905223185e-07
2.166045868657935849e-06 3.703000442580516592e-08 -5.739074940895513909e-07
5.243879472518033241e-07 1.982401929847774339e-07 -3.132576315090932941e-07
-4.677888485429761097e-07 7.113933329355931366e-07 -8.094734408238920531e-07
-9.712173880074171353e-07 -8.932871387880568172e-07 -9.568026189727805590e-07
-1.040972030707048936e-06 1.114172135073890594e-06 3.419102286092562428e-07
6.306402478215759382e-07 4.855371742316356760e-07 8.554796603910260025e-07
-6.589585150957237548e-07 -1.074152912376359921e-06 -4.531149776640712504e-07
8.997602727603051764e-07 -1.220294340347223578e-06 4.239537192066820069e-08
-5.595807136260448349e-07 -3.001028195914035414e-07 1.585930022474400695e-06
1.066640617055170368e-06 8.607584213025326692e-07 -7.990418953470461593e-07
-3.326064197163039387e-07 7.731649157442818797e-07 -3.333299768856364142e-09
3.232803924025947859e-08 1.344733847989039798e-06 -1.309914864938447149e-06
-1.230579988585151279e-06 -9.159033274856262109e-07 -2.950057169259963929e-07
9.858860653717151038e-08 -2.999833595772745782e-07 1.337105037231622254e-06
1.252211591554325322e-06 7.017081643944056042e-07 2.415035773599980460e-07
-6.549245690930973595e-08 1.394216838196503403e-06 1.076554966097443203e-06
-3.572003625719798941e-07 -5.799374721156695803e-07 -5.678794429845158850e-07
1.867143534265743125e-07 -6.116755549405502030e-07 7.836452112991217954e-08
2.137835586525035609e-07 3.224701625168470177e-07 6.670601962883560237e-07
-1.267455701243851962e-06 8.207577731502253897e-07 -4.530511293207145362e-07
3.465116878706126792e-07 -3.109947879766408547e-07 -9.967740669094373092e-08
-1.458658525790257503e-07 1.054808554232817543e-06 -3.751525628682199382e-07
-4.775913712558327763e-07 9.435352179634899233e-07 4.352401211278928038e-07
7.884837994577975318e-07 2.056586376995613502e-08 2.501219483652848027e-07
-5.321858862882957320e-08 4.373344306568404755e-07 1.225853772801690433e-06
-4.006772882093815890e-07 -3.662990862210076886e-08 -3.874122998037807197e-07
2.015029533818149665e-07 -8.010298787182334359e-07 2.265863875771956489e-08
-6.935088408059408329e-07 5.587988222490286156e-09 2.163274966782338142e-07
1.705717786573898246e-06 4.077369240900733073e-07 5.346579569010344688e-07
-5.217974946148889988e-07 -1.228437458019452109e-07 5.380629809289436262e-07
2.918480992706392514e-07 -2.973187780281705480e-07 -2.134450699580279878e-07
-9.160253225847208744e-07 -6.715820049460948261e-07 1.260929892364888222e-07
-1.911683395106679521e-07 9.879335236692333739e-07 2.494859112315135163e-07
1.631105480240561712e-07 4.282943697516568508e-08 6.649591628316641408e-07
3.372052217748267918e-07 9.501162217339789206e-07 1.144448192220923888e-06
6.888102466145544622e-07 2.953202704658718269e-07 -1.030045384714089829e-06
-5.563380531660351292e-07 1.014814495280439737e-07 -8.921005163239893282e-07
1.053914573160281938e-06 -2.227406314981629534e-07 1.430412807932281440e-07
1.020154867331747507e-06 -1.683882917846903253e-07 1.384913744614476194e-06
-9.544520044918598468e-07 6.146065800246986908e-07 6.177849649328136922e-07
-2.520618775018433321e-07 5.496055707993294083e-07 -5.232532980669169026e-07
-5.247064796458009252e-07 -2.271204665174588674e-07 -8.384184453714815291e-07
-6.574417190059394528e-08 1.466210259000638383e-07 -2.769510346429152062e-07
7.064391418921848051e-07 7.962981212446322903e-07 -2.005383331404526089e-06
-1.763965974278943784e-08 6.997877887702325935e-07 5.524000890242388025e-07
3.620666826461026437e-07 -1.397621985211867496e-06 7.925471975760380266e-07
5.543661286004603760e-07 1.505684027245968008e-06 -1.403962309734301324e-06
1.107453730822289062e-06 -7.276877802947849029e-07 -5.399812683996571858e-07
-5.901067902364374257e-07 -5.968035230228898132e-07 2.695745322126612003e-07
8.215090970125743188e-08 2.017541484170774636e-07 7.661557517185268972e-07
-7.394179136770326004e-08 2.680437986515397247e-07 9.904944824342331113e-07
-6.555489250147950536e-07 -2.724013000046199640e-07 -3.330677932520505273e-07
3.654481151296834158e-07 1.451648373550282610e-06 3.012505139871724133e-07
-7.478625616458364704e-07 3.494873912939887250e-07 -5.674846698629912260e-08
-1.405195866576457744e-07 8.031578154510892638e-07 5.665311706126682353e-07
-5.735485565856446681e-07 -2.102894122132421825e-07 -1.305022115204631372e-06
2.409148157995867152e-07 -5.210515320039005031e-07 -1.014427979430493629e-06
-1.218256032235499522e-06 -7.754817865057803398e-07 1.915164238984087562e-07
-1.443759815474171872e-06 9.449955854487170045e-07 8.278270101046075913e-07
-8.415321047369252298e-07 6.359853439180712849e-07 -4.117993783121695343e-07
-7.395777277656495676e-07 7.174603302851357477e-07 6.522003863594067741e-07
5.356045412284398757e-07 -5.277111394352018301e-07 2.188883053917090520e-07
-6.892403976351786852e-07 3.905363533418395818e-07 -1.092104360744590565e-07
3.866100121650665873e-07 -9.429622386339873658e-07 -5.347259918837643064e-07
2.731966318977057860e-07 -6.094766102676767184e-07 1.966488585150065311e-08
-9.255417717844828531e-08 -3.475518545105519816e-07 -2.762798222286801808e-07
-2.979504427410311743e-07 7.063675043802230216e-07 -2.462583276546874796e-06
-3.648503087220200894e-07 -8.621933245424502829e-07 -2.039457474343585755e-07
-1.074273257314956396e-06 -2.574715520571185091e-07 5.213621718374688783e-07
-8.312501510929739897e-08 2.223605316762693129e-07 -2.932092500975352042e-07
8.757678603079169432e-07 6.048809333687185211e-07 8.004527436447053587e-07
5.183639788157260487e-07 -7.036649866847857685e-07 -1.392918740243249271e-07
-2.899915435974080002e-07 4.595663882646685256e-07 7.717965238373109703e-07
7.982832791347245690e-07 -3.757741136394313394e-07 8.394336373506237873e-07
-8.498230390387318867e-07 -5.210899530067954850e-07 1.019293287217960029e-06
-3.894608132186033540e-07 -1.285570995050985824e-06 -1.277748336692075961e-06
1.981259808453245093e-06 9.875968798791890016e-08 9.711931058381143160e-07
4.381880830647290031e-07 -1.196180252722533526e-06 -1.265656706963891817e-06
6.239437771030646432e-08 -1.632493539711142606e-06 -9.532190170504441896e-07
-1.676803184697921786e-07 -6.615825777807913210e-07 -2.797155723169195451e-07
1.955164753735431620e-07 -1.007047570498285800e-06 4.152912972863566418e-07
1.638638334011313190e-06 -2.534725403420746875e-07 1.799190600685130076e-06
8.574216018677127752e-07 3.926219592567893574e-07 -1.246414057527099393e-06
3.951896708142656905e-07 -2.968195314785470128e-07 -1.919415296582947213e-08
-9.152327946626196282e-08 1.495350209598880057e-06 -5.470846540201830420e-07
1.109396145777333557e-07 -1.296081531892841539e-06 -7.282699583976088615e-07
5.072737896895788354e-07 2.082157983819003668e-07 1.772489529400041164e-07
-7.925266595435167634e-07 -2.595894546501622559e-07 1.132940718826903490e-07
1.938326689900227490e-07 -2.858098876622856945e-07 -1.092705046281570928e-06
5.075420685228508213e-07 1.346563594541954943e-07 4.768523520659355795e-07
-2.516383647475688759e-07 7.717998620471176815e-07 1.248777323965949405e-06
4.563489471312021464e-07 -8.540052116732496864e-07 -2.633906584324924117e-07
4.398557764043403354e-07 1.039995552033881483e-06 1.252340866825259404e-06
2.960410732262598351e-07 5.929902986879772332e-08 -1.820909985299269780e-07
1.508031598027846060e-06 3.689136878537600499e-07 -1.059688221489977154e-06
-8.854481816431196089e-07 1.485093479959946820e-06 4.058216136923942101e-07
-3.968193234886589801e-07 4.033995062259726082e-08 -3.680626498120376245e-07
4.358369346727827181e-07 -1.428120198880268915e-07 5.389930829340919935e-08
3.840831298216428207e-07 -1.792552053715811268e-07 -2.480406843241736794e-07
-4.500520558372677955e-07 -2.578770736495445690e-08 -7.155901337003341168e-07
9.059951254451379268e-07 7.713425501742778851e-07 -5.278946258597911091e-07
4.389107416706897324e-07 -5.802136343952016900e-09 -2.572432048224034210e-07
3.665254351426916446e-07 -1.204157300264835178e-06 9.325792657170772722e-07
-5.236011738723727553e-07 5.467616623408125480e-07 -6.143485933970926160e-07
3.800035019365424747e-07 5.028948692841247140e-07 5.473147625916746536e-07
2.070088126211177498e-07 -1.116155588597120211e-07 7.102348628589197932e-08
-1.355044468757767848e-06 8.269160838338572450e-08 -3.986703967874340709e-08
1.752459056133755053e-06 -8.522821763913406413e-08 -9.613970661375227512e-07
-3.465148902209192167e-07 2.428590730994560323e-07 6.792329800285833237e-07
1.768365484366565606e-07 1.080126827111712054e-06 -7.517141188620340149e-07
1.173049117768733525e-07 -3.453792263727999370e-07 1.806314072939275875e-06
-6.610754610856465056e-07 6.983320856979734391e-09 9.762970956289742389e-08
-5.532076028915217631e-07 -8.417556377738141922e-07 7.999569092780341265e-08
-4.785345327325965325e-07 4.889084894189166347e-07 -2.627770863297401776e-07
-1.070077261067754299e-06 -8.839697888155921619e-07 2.547773227064725238e-07
7.251698220172030975e-07 1.199751747436186251e-07 4.320512128311758652e-07
4.460431820280065531e-07 -9.375387222405508844e-07 -1.013332073944486508e-06
-1.190964443229288631e-06 2.233469590628336236e-07 4.548565448458519135e-07
3.136573653844941832e-07 1.646305310917323986e-06 -5.221195119990399901e-07
5.222806869420014235e-07 3.949102409845801966e-07 -5.000666974249276171e-07
-4.225547200556088290e-07 -3.277415231206917801e-07 -2.800249224057678539e-07
-1.109226595813230665e-07 -1.505565377651677411e-06 6.573387459922052712e-07
1.419068843861269082e-06 8.997878084654108044e-07 -5.975464571106131453e-07
3.041290120991729736e-07 8.342759376715243940e-07 -8.521334467527134474e-07
1.419900225693663522e-07 -4.531915442880570980e-07 1.572481173372643069e-07
-5.490699066452297653e-08 6.248398278142287209e-07 5.561753562294542737e-07
-3.838753743265217992e-07 -4.154302625240547374e-07 8.498201180993858170e-08
3.405308974979466523e-07 -6.629250675176714055e-07 6.036270925417073736e-07
8.485745273481152333e-07 9.753200607373105562e-07 -2.182525728301562639e-07
2.919873543168124440e-07 1.772082232787213357e-08 -9.295941322943329988e-07
1.562835018411173897e-07 -2.866850306562641394e-07 4.226712466228772640e-08
-1.558245955488180357e-06 -5.541604960051306702e-07 -1.028851867572149475e-07
-7.380569633550076291e-07 -1.817824600511698816e-06 -3.138608550440394240e-07
5.938555408649163734e-07 -6.737345284113752085e-08 1.931414422819323067e-07
-1.702770632413057373e-07 5.590555924698469812e-07 1.060493767675904123e-06
3.968717042928331270e-07 4.081477003187260374e-07 -1.601846209914051120e-06
1.233506501597472687e-07 2.415220564926945032e-07 1.364852468929975262e-06
1.909813731327890485e-08 9.180226025481378634e-07 -8.454917847668533863e-07
-4.204847733840087592e-07 -4.281437768094288735e-07 6.878997984621352144e-08
4.612667284755899844e-07 -7.346829450446962353e-07 -2.887163001599601395e-07
1.605971363225142358e-06 6.273952464878432590e-07 -4.492363659090873360e-07
1.138603945533071088e-06 8.634561393082110439e-07 7.316856003044706346e-07
1.161259996336114898e-06 -1.223599996804342285e-06 3.587832562803573106e-07
-9.888703767052795226e-07 4.216077734149033094e-07 3.423746268305480584e-07
4.106402702978071524e-07 4.158217524592689169e-07 3.154438888749033682e-08
-5.621342942066409706e-07 4.259181406820764779e-07 -3.120411088109418026e-07
-1.108383069311534845e-06 -2.969747498562651962e-07 2.112991620914161338e-07
8.006543130865087334e-07 -4.221103296612696634e-07 1.089181287747861562e-06
7.064182696652897624e-07 -9.615679718696438553e-07 6.913676395426963268e-07
1.083224248949228384e-07 -2.981908839688360590e-08 -8.724291390098265726e-07
9.631879833736983366e-08 -8.575099410240420820e-07 3.187515653279937009e-08
-1.133687836006602801e-06 -9.270174430566338281e-07 -1.692534466638734380e-08
-1.190618445414252025e-06 -1.661070747952529571e-06 -1.479745365270261572e-08
-1.963080756459335289e-07 5.316968843995212503e-07 6.004453074162239728e-07
-2.832501176000002346e-07 -2.423963911213672062e-07 -2.224112865574607556e-08
-1.569668894574636744e-07 4.052682004252775186e-07 2.306655096720524800e-06
-9.708095483336886269e-08 2.390433999344370032e-07 6.219501602053654463e-07
-2.019736718826583625e-07 1.214263648835440686e-06 -5.640246626403450641e-07
-8.741713604220260219e-07 2.945301096094174177e-08 -1.799800186714640476e-07
1.221820501199586038e-07 -4.463103456444497829e-07 1.013216878205508742e-06
2.070490626549035375e-07 -1.368025951331843029e-06 -1.669737399780213016e-07
-4.456411102830601620e-07 1.682838026522699994e-07 5.249073192979311558e-08
-2.943153544116809210e-07 -1.153331053526992480e-06 -2.809183931146939231e-07
-1.385896796986378298e-07 -1.175459104053657100e-06 -7.697479892198541825e-08
-2.156180901437511537e-07 5.205675046834318229e-07 1.691442247284023126e-06
8.368879102813720239e-07 -1.124239917761797534e-06 -2.571555078093344902e-07
5.214834023594243765e-08 -1.730037456678295284e-07 1.871222004643330378e-06
-7.103727322625737401e-07 -1.591455229680034303e-06 -2.359086200099994850e-07
-7.065916331200362921e-07 4.422325077488413396e-07 -2.088630315877274843e-07
1.821648866389777933e-08 -2.042756601051478971e-07 2.401000910212259030e-07
3.919803029799227060e-07 3.291970498254392704e-07 -1.030045068129291604e-07
-4.690215028534322243e-07 -6.530956307234479500e-07 -1.713649489725904743e-06
1.823717706671519533e-06 -3.165715064920873298e-07 1.782924919804923587e-07
-2.332023500665624679e-07 -4.543188908085033422e-08 -6.671868240000603519e-07
8.435810829850993654e-08 -2.029525479995134912e-07 2.402388308607640695e-07
1.017180403093829585e-06 -4.135996811576600477e-07 5.710479114863960313e-07
-3.334760285265127519e-07 -1.167589013766592036e-06 4.186810576357990871e-07
1.141528449384295212e-06 -4.103870794257382967e-07 -2.979603655258297982e-07
-1.306917723839632372e-06 8.324087467516215724e-08 -7.529022496318674452e-07
-1.124473892382961747e-06 -2.293294089759306883e-07 -5.477598110277641307e-07
-4.622348851273761422e-07 1.271141139485268605e-06 3.940728883517538191e-08
6.107231098780108021e-08 -2.185070602740977624e-07 -2.148875941185505141e-07
5.069686206440768283e-07 -4.701416481381069973e-08 1.391875400990334070e-06
-1.566178379185324624e-06 2.296789418251748642e-07 8.827344619568601390e-08
8.267662896424783775e-07 4.886201082965748869e-07 7.170592469948833501e-07
4.027465111842582264e-07 -9.875511022799911340e-07 9.063161028949030938e-07
8.132135494745179392e-07 4.935790612984811609e-07 -5.430410017340201196e-07
3.360843182293173051e-07 -6.592732109539848304e-07 3.780831446484646324e-07
3.600677175646739826e-07 -1.315451864088572570e-06 6.736779009847002463e-07
9.533407477714200585e-07 3.574093291315738861e-07 1.843358225137881562e-08
1.022856288225331116e-06 4.035267851232169284e-07 8.318679855295050114e-07
-9.644880830566721261e-07 -1.117417016175328182e-06 -6.851384757227123661e-07
-5.326856878893380929e-09 3.099740622279137823e-07 2.314091707217310580e-07
-1.376146885620274366e-06 1.140550904071401307e-07 4.882885354006608444e-07
-1.014699307395604966e-06 7.443137270095413425e-07 -5.245913739066374566e-07
9.869209731199262945e-07 -4.322151050549198360e-07 -1.381662335087718625e-06
-5.389381275367007903e-07 -6.436126580119297818e-08 4.843262079108784280e-07
6.762110554082856105e-07 -4.568282563876778959e-07 -7.423938561944397259e-07
9.216370353888812739e-07 -1.464303631927991343e-06 -8.438111922908616044e-07
5.245431204137825290e-07 4.821104675562171753e-07 4.711821305772312205e-08
3.727652291759096054e-08 -3.302532842092873198e-07 1.675119440864654052e-06
1.509527017273732008e-07 -5.767758685342737079e-07 3.121284061535999665e-07
-9.851476499551050857e-07 2.858943445298356879e-07 1.012281383730163732e-06
-1.375387601799511450e-07 1.351896311596829355e-06 -7.565920099332595339e-07
-9.510443173587279966e-07 1.574560937586136208e-06 -1.317437939750206664e-06
4.278263494404206350e-07 -2.244125536114706550e-07 1.527350206358024820e-07
9.732581821907496929e-07 -4.705553927211765169e-07 -1.435415355382654502e-06
-6.168427446353978589e-07 -5.505540810346771554e-07 7.788513046742006735e-07
-1.022281544493772042e-06 -2.744060574645749901e-07 -4.755304770411136627e-07
-1.267586249373063733e-06 -3.243401785442805699e-07 3.965568461469118751e-07
1.469307808844522721e-07 4.064776423674085814e-07 -1.884048400260929829e-07
-2.677214884742633448e-07 -9.114016641553522709e-07 -1.654064320405964141e-08
3.708828015092528103e-08 3.591644884156889587e-07 2.154990411222570359e-06
-8.486483172256819251e-07 1.099753675083798903e-06 -7.446409607246043579e-07
3.252762072996038288e-07 2.396692114391444254e-06 -6.418970943424201536e-07
-6.857944225592851103e-07 7.408030750043611612e-07 2.670571122528680443e-07
-1.109303331253115282e-07 -2.292227127712511343e-07 -1.857995260237368118e-07
1.052138729183011254e-06 -1.076334868772488152e-06 6.584762445793601975e-07
-5.050879280674419078e-07 -1.322337632022888267e-06 6.418530139761629789e-07
-6.815336617287125902e-07 1.695398495428233647e-06 1.098548267899682411e-06
-8.850404685192479715e-07 -1.325090248950496502e-07 5.297792319415674750e-07
-8.609999551268458004e-09 9.556603936004066177e-07 -9.913458747243265744e-07
-5.293462660810758822e-08 -5.228085779528832473e-07 2.631631622723297390e-07
-3.453070788267269748e-07 -2.710826162363621380e-08 7.969815167014316104e-07
4.610834877217688379e-07 -1.460522850655945405e-06 -1.674459418780546135e-06
-4.664425330452423226e-07 -7.142283594112033543e-08 9.501524604746856791e-07
2.315054067428049586e-07 2.610035398511230321e-08 1.061952025705133425e-06
1.348504231061723589e-06 -4.477674988289246222e-07 -8.299868163109712326e-07
5.125319257770139670e-07 1.099646243285619464e-06 6.432317027675927479e-08
-9.990980803728502612e-07 3.687879414311680971e-07 -2.081938938879356127e-07
-1.686400184631574029e-08 3.104281328194883436e-07 -8.049269784597695283e-08
-7.113624997149442979e-07 7.371070632552660322e-08 -4.657810801863677684e-07
-8.666260970417574556e-07 -4.245462459920820760e-09 -3.524205011292189982e-07
5.486832007377887536e-07 4.579802008376827223e-07 2.761158463081706300e-07
-1.990624622933119398e-07 1.587907160293405176e-07 7.285272020996870835e-07
-1.045221933180450558e-07 9.849112082982922717e-07 -8.835567366353003039e-07
-1.315892643398532884e-07 -5.484154965837928985e-07 7.982859773953174777e-07
-4.552002128626058344e-07 6.697963014039674340e-07 3.701601300816049762e-07
4.351744350813075853e-07 4.873042637529328626e-07 1.999417638940471853e-07
4.127895580577831754e-07 -4.447279547525938316e-07 -2.845488623684740408e-07
6.652371668909933581e-07 1.928489922768280152e-09 1.943860028554316135e-06
5.148488143832448946e-07 7.607040472982065703e-07 1.343177748524810627e-07
-1.990560252442197063e-07 2.987064186196753107e-07 -7.194533014411958085e-07
-1.379467255894576058e-07 2.878772471258554642e-07 4.455382670312759154e-07
2.767133950498399756e-07 3.250088960308654988e-07 7.250653387570077410e-07
3.205059903578813876e-07 -2.230706433638832910e-07 9.033694151919339775e-07
-1.066953917208440121e-06 -2.931007527272100111e-08 -7.086817346675688017e-07
-7.181500109485029333e-07 1.605853645220913906e-07 -7.494667946170210619e-07
-1.499527456612704370e-07 1.246170197283377646e-06 1.365410195497269235e-06
2.826315559539295240e-07 2.908080601022359752e-07 1.685594223439774491e-07
1.128081403423390088e-06 -1.711527697119947063e-08 2.627211603764523438e-07
3.656881936899165914e-07 -1.085778529059178708e-07 1.130488225285451956e-07
-9.543481317141157322e-08 1.315080787259350891e-06 4.077517092334361795e-07
-3.411711125516360708e-07 -5.705169700988039809e-07 4.025387634406856886e-07
-8.030485480450346322e-07 -5.329690821812511996e-08 1.756933341616002322e-07
2.532230862959223534e-07 -7.533370970730186066e-08 2.906163961722010507e-07
-3.487234779094846617e-07 5.047972147293338803e-07 1.519131719192869521e-07
1.016387658699758097e-06 -6.936860366786024377e-07 2.137756616986351927e-07
-9.340702414161608657e-07 -1.247938885074974772e-06 4.166573071832899874e-07
1.379839611583902286e-06 5.910843307416280152e-07 5.984790556246545149e-07
8.084040546112463457e-07 2.752751432937838396e-08 3.024027536848518553e-07
-1.106582630794479011e-06 -1.670067358439971541e-07 2.432530904867401213e-07
9.812692423900985370e-07 -6.664197882196271528e-07 -2.473786278007463336e-07
8.689807237445062979e-07 8.301126449352993082e-07 1.043221070360428306e-07
1.176344913951638384e-06 -6.829132235481905751e-07 -7.682202566958111577e-08
-1.951146644831532933e-07 4.291019158378190379e-07 -2.229439570462362105e-07
-1.006890327361542044e-06 5.866272855524745970e-07 -1.476388107765759199e-06
9.227788686860466908e-07 -2.543458803607826011e-07 -3.348091415882977065e-07
1.039656023116832531e-06 7.131403919171832440e-07 -1.054654065203900272e-06
4.589374072550262376e-07 4.919164782542037552e-07 -1.468464623039624092e-06
-7.427144238572674496e-07 -4.644347853444250339e-09 3.449890672835977195e-07
-2.774788486070223737e-07 -3.338974437354543370e-07 3.341859326878880200e-07
9.330011886219889704e-07 -1.229941482996575545e-06 -5.302282542608966528e-07
7.719434586278985486e-08 -1.043772937872036349e-06 -4.781451327943523155e-07
8.543453450820505188e-08 1.716785077848744104e-07 1.098043172446100724e-06
-6.922699588336434715e-07 1.066137294327079676e-06 7.109057912274706809e-07
1.860526038471959160e-06 -5.960108674212093905e-07 -5.180347941756087368e-07
-3.724500135926725770e-07 -1.084464330113871028e-06 -2.618074271994136020e-07
-8.303919520346705937e-07 1.296806896682303085e-06 -9.600703099946533227e-07
3.644744273412606796e-07 -1.846267705004182504e-06 -1.589081270118674015e-07
6.276558113312324937e-07 3.354891261058054277e-07 -9.855188356992497944e-07
-2.117077471355475204e-07 -2.359501002470194613e-07 4.909027369700888950e-08
-1.913668332575872707e-07 4.159658803833923860e-07 4.968909186067687622e-08
-9.717830354802887859e-07 -6.907657506606550726e-07 -3.770268461030881207e-07
-8.912650247957518933e-07 3.693422760458976397e-07 -7.735167929103644795e-08
-2.530908984969545427e-06 2.330943018503133893e-07 -1.022644367923333956e-06
-9.376094050936973571e-07 -2.352626738832903104e-07 -5.772654689980296510e-07
-9.537381135321155734e-07 3.311805731451646047e-07 -1.202851322709546668e-07
-4.263407935274320996e-08 6.193838197552334367e-07 -2.211852460249027554e-06
9.184187527016995771e-07 6.061899669593839661e-07 3.286000897873884568e-07
1.326018831486106444e-07 7.905428988544875395e-07 2.728760402893222885e-07
-7.849623645357687292e-07 -6.983842246382895727e-08 1.010824490168482718e-06
1.511928990786177020e-06 1.405482200152349830e-06 -1.452963177431928615e-06
2.728882385257381745e-07 1.179088205811030850e-07 1.625175800197660653e-06
9.019862050784663167e-07 1.336997915468023795e-07 4.354820576382598429e-07
7.210025053419817624e-07 -2.642908410821103412e-07 4.467446958777607349e-07
-2.273436882058890998e-07 6.329275219956311112e-07 2.367075077207662647e-08
1.064447416505549897e-06 1.166317993153906604e-07 -6.201097224183644580e-08
-6.892194665552425331e-08 2.006961973417521839e-07 2.583611240522027395e-07
-1.448338007093785302e-08 7.945753231050252430e-07 -9.918497578377028226e-07
2.491875073150797717e-07 -3.114926307829155739e-07 -8.847476688209863557e-07
-5.934287913331624591e-07 3.784739463743812512e-07 -5.302880988222673466e-07
-1.532716099352134268e-06 4.974270960410224058e-10 -5.851327891134243339e-07
-5.621812818686225037e-07 8.170966286271803857e-07 5.723898388855515590e-07
8.303891051425746989e-07 -7.869314342479362119e-07 4.101986046566726408e-07
3.745158334785873461e-07 -1.001181940691595379e-06 1.639799461941000463e-06
3.201251174738503118e-07 -9.149112844678202975e-07 -6.569289381199032899e-07
-1.173873296743112176e-06 -9.514753976817662570e-07 -1.838688214003604008e-06
-8.965989157332143540e-08 3.335537943341991959e-07 -1.103534824206552596e-06
-6.656294818658860299e-07 -7.179373464944284735e-07 1.277974982016596096e-06
-7.633967736123980251e-09 1.101562577163441707e-07 -6.081473153105401230e-07
3.786919197593679864e-07 9.877421386930739648e-07 -1.122684384493209669e-06
7.660012151132847443e-07 -1.055209792768224814e-06 4.285581813431333513e-07
7.579848803861619855e-07 9.357176429711614302e-07 2.967046313685925483e-07
-3.422866673063931611e-07 1.126467488502761853e-06 7.758284314662621557e-07
-9.319067669903843859e-07 2.467801189815736569e-08 -2.104350003053627010e-07
-2.030183761618109663e-07 6.381250332760101780e-07 -1.147743803757232219e-06
6.027681243820440079e-07 9.029301281918300799e-07 -6.147802759342789769e-07
-3.282943812858878543e-07 -1.522589398858902331e-06 1.757668548458197353e-06
5.226981722599708773e-08 3.969187815626795484e-07 -7.994907540434041947e-08
1.513245674591243137e-07 1.362895671337718413e-09 7.395966187736002655e-07
1.012928409243535502e-07 -7.029651455140432969e-07 1.801487484470263691e-07
-1.966274917092287455e-07 5.981809476581191570e-07 1.112541670592525703e-06
-7.631288647118995741e-07 6.057125456928266381e-07 -5.572582250078280883e-07
-1.106608114340959264e-06 4.264596469380102231e-07 -1.900524790147633593e-06
-1.078684777637857088e-07 1.708171905750945957e-07 2.169518267014928877e-07
-7.720028335496937679e-08 3.189560006192765220e-07 -2.021501677902057992e-06
-2.038270552959626328e-07 -9.107155716292670955e-07 -1.250631219071182952e-06
-5.289817232700711804e-07 -3.764448541969556280e-08 -1.279444896809588744e-07
-1.389466382364118942e-06 -3.114034774894765265e-07 2.642026371597179621e-08
-4.030754929990197078e-07 -1.042219756380849769e-06 -9.175989067516938434e-07
-1.416648062724535447e-06 -7.107928709966178101e-07 -6.130160499276018549e-07
7.220294556842904383e-07 1.644505161126081353e-06 2.630417110093801663e-07
4.684867265131049947e-08 -1.099127298378164042e-07 4.564479428076854876e-08
1.037051618102430243e-06 -1.650582985747592049e-06 -7.382829941903485516e-07
-3.595568364992399309e-07 -4.286880508274206170e-07 -8.769846891774850317e-07
-3.202179138883195478e-07 -1.628583031177171048e-06 -1.446186661099274451e-07
-1.561630538682636592e-06 -1.473675674892702663e-06 -6.068228386566391064e-07
-8.679162530087933325e-07 -7.469093233006584096e-07 5.410505005596940712e-07
-8.720522711365408205e-07 1.455390812423851467e-06 1.152247248212893083e-06
-9.846270361716981225e-08 -2.366589674319424542e-07 2.062351629925066831e-06
-4.334116390624743221e-07 -2.417284421895644592e-08 -2.345825331616304335e-07
-4.542579879571582909e-07 -6.644002889431715369e-07 5.994716088329376476e-07
1.272670725565192167e-06 6.262915038520697537e-07 -1.445571698890310308e-07
-8.448362993826854703e-07 -2.566973624167228742e-07 -7.534143396437533892e-07
-1.513997519462109655e-08 -1.359189504270039911e-06 1.091711081293956144e-06
7.716681246116193548e-07 7.816117461479718943e-07 9.550465698237387078e-07
-7.765306113702388146e-07 2.408177960422880213e-07 7.851764714027059367e-07
-2.044518537057886529e-06 6.475669048420133905e-07 -1.148122556805089935e-06
-1.099598842647070764e-06 -3.748877173922835307e-07 -1.119884445204828525e-06
-3.984381240377856473e-07 -6.184080787779589518e-07 4.501242062083101450e-07
1.120228449149533349e-06 1.046636224752100639e-06 -6.340014660714829204e-07
-8.113742858005963494e-07 -1.577343208578007916e-08 -1.528799281709529871e-07
-4.552968880128391612e-07 5.254147745795969031e-07 1.428082410923749695e-07
-3.288893006513402032e-07 -3.706580005746538953e-07 1.631187583027288229e-07
1.128715707115691363e-06 -1.418726842765666358e-06 1.428047524897066334e-07
-3.948280180203618839e-07 5.219406784483887473e-07 3.132395347929568499e-07
4.015133105029881650e-07 -1.305915959066897513e-08 -1.048069997937750258e-06
-1.602139847691223036e-06 4.376829946540686317e-08 -5.037574677071298147e-07
-1.019602713047905370e-06 1.125148931079588460e-06 -1.307026245858542175e-07
1.501339628790062884e-06 -1.995107571846061036e-07 -1.847645255627650088e-07
6.009584434765560548e-07 4.175754350592270533e-07 1.734225317987839620e-07
1.276347933727429867e-06 -7.721820708060718778e-07 6.766748873429752636e-07
7.323924997297685098e-07 7.671556798738506367e-07 5.610533865323541577e-08
-8.607373137726016316e-07 1.195650387970970137e-06 -7.670278261974401592e-07
1.143648572165902052e-07 1.258146751800288316e-06 4.099720470756321262e-07
-2.850603597007648278e-07 -1.994968911944322089e-07 1.189664304476156735e-06
-1.355047851760243609e-07 -8.011937489987104290e-07 8.005446076305016036e-07
-6.925613136862927760e-07 1.505370212337209707e-07 -1.021313107095073439e-07
1.005564582654819583e-06 8.411619493252865115e-07 1.705677888417911312e-06
4.421132430777796915e-07 2.980106180115711829e-07 3.225275001209247536e-07
-1.450864161487140999e-06 -5.243202333125474523e-07 1.719415486358652660e-06
-3.883214601420640231e-07 -3.779397865398469457e-07 3.268276316596795345e-07
-9.781958277707906788e-07 -2.631784618771892597e-07 -4.747765461373831435e-08
-1.655510131237055807e-06 9.340672947357296714e-07 2.552019906308931955e-07
-6.816530008154225736e-07 6.081499019406232201e-07 -1.731816218673191450e-07
-4.940862360182625635e-07 -1.108631480293500215e-06 3.712114255361067211e-07
5.282174443559544195e-07 6.647331264098040238e-07 4.414962981379464563e-07
-4.830251277342620080e-07 9.647407934902975170e-07 -1.136024263264056390e-07
3.829330324480931235e-07 -4.094395883511630450e-08 -3.540499253394694870e-07
6.140065851565314011e-07 1.923613857173218998e-07 1.237274003998857386e-07
-5.562784333118207625e-07 1.187991181548632804e-07 4.334927092125860320e-07
4.739428333982401905e-07 9.206230994890938831e-08 7.037129470707808153e-07
3.865864540648352608e-07 2.575443904768486377e-07 6.546624748274112056e-07
-4.614836431790093560e-07 5.809142179409997411e-07 -2.647853690620660879e-07
-1.425698417929729875e-06 1.097704554338824711e-06 1.714619766886945334e-07
2.566886824107772976e-07 1.449471845257805374e-06 -5.005986752932900090e-07
2.820794501921447840e-08 1.043047834074324167e-07 1.000685814434426051e-06
1.778016443465950015e-07 -9.286196915684448206e-07 7.757726781626215819e-07
8.932765181321059426e-07 -7.355439403603224484e-07 -3.139848524212012493e-07
1.460226087096782607e-07 1.093115225420144700e-07 -1.570987236040524961e-06
-1.151624574474919125e-07 -1.725187320111629861e-07 7.936626237153354838e-07
3.691647393008828220e-07 1.207030703692934293e-06 -5.287134021056823487e-08
7.326313787423527897e-07 -2.475069409733106189e-07 -9.084671307856779566e-08
-2.353118612793805382e-07 6.610020620715267626e-08 -2.233558631111554300e-07
9.054245509963702078e-07 1.680830003078643152e-06 -2.270674017481420390e-07
7.389835910085712524e-07 1.408765490007285045e-07 2.060357504077515419e-08
6.195617040048064365e-09 3.313004466958362810e-07 2.700435823526536692e-07
2.261073171334278719e-07 5.865459003768057545e-07 -9.252506102395400102e-07
-1.077413167875344452e-06 6.353463187141139621e-07 1.406616065837983404e-07
1.724857190449054648e-06 4.334923559840482743e-08 -1.013126226101905622e-06
8.320632488294294094e-07 5.396266452737841050e-07 2.893545568850517994e-07
-5.101442601346375103e-07 -3.329142950427925252e-07 1.186784941593050244e-06
2.086950343553306866e-07 -5.941628858807381926e-07 2.279943947195957251e-07
3.058995974553349223e-07 3.813952487666849714e-07 7.740730470607012240e-07
-1.174369262913267770e-06 -9.249275525069009629e-07 4.297059001502524790e-07
4.182027197257413124e-07 1.757550702030395583e-06 -1.686492925257599374e-06
-9.576499504307063867e-08 4.439750093531073724e-07 -9.127419940436766579e-07
1.042336531705305533e-07 -1.030148177571131977e-07 -1.083212547846226093e-06
-1.580640014763684530e-07 5.078050660078192667e-07 -8.803485430812252456e-07
-5.855313669647343243e-07 -1.427518357395722764e-07 3.540214285020108397e-07
2.809781483268900493e-08 1.650782984284165830e-06 -3.198767690363944204e-07
-1.579008885509645147e-07 9.510110504790556176e-07 -4.199434766945007330e-07
-3.191255803377512445e-07 1.777672233330179487e-06 9.262169652949765175e-07
-2.913912299465715430e-08 5.587019509045068058e-07 3.384359067170105612e-07
-1.223430996233779403e-06 5.889293258263502622e-07 -8.062635382187905070e-07
-9.296165942526483437e-07 5.053095704235162007e-07 7.060394040102146845e-07
-9.168169141273469590e-07 8.671631789682497988e-07 -6.530882980233378227e-08
-1.904443214215126990e-08 -8.214654848166219097e-08 -5.547937521586088898e-07
-1.789413066664462763e-06 1.554277090271301051e-07 -6.042885286116746526e-07
-4.294323442474930554e-07 1.754717225464987972e-07 1.880797303804413814e-07
1.152751827972443222e-06 -1.927885861343265681e-08 7.521964995418072499e-07
2.029996929086092505e-07 -2.940182664548028447e-07 1.045542045016913485e-06
9.672588718227609281e-08 -6.425767844901609809e-07 -1.413226115317739474e-06
-6.175513192157502381e-07 -7.981080043779792976e-07 -2.458293983555027041e-08
6.561425773888125034e-07 7.846397170579130681e-07 8.380301636302396319e-07
8.257343708158983915e-07 2.175499767109564420e-06 -8.840402105219539719e-07
1.560270062579407959e-06 -1.020512342328954665e-06 -6.045647631537008794e-09
2.824927673736248721e-07 1.056859739739234196e-06 -1.274141676764257967e-07
-5.972547241611995432e-07 -7.221221235824191750e-08 -3.968542462016056274e-08
5.251474160234991400e-07 -5.449122827041093126e-07 -5.120548409796952642e-07
-5.371079132314980449e-07 7.661217895339957338e-07 1.791638745069023095e-08
-3.375787537551807595e-07 -9.758620248758540254e-07 -2.179980507393728022e-06
7.146714396552616822e-07 -2.326342943246523017e-08 2.903903123005635683e-07
-3.505325882008934715e-07 3.652959738193154075e-07 -2.470689587772495359e-07
-9.497490257869921298e-07 1.138119564794506512e-07 -1.530961224915140946e-06
-5.271554925139620123e-08 -1.031373876902359586e-07 1.597222318023926930e-07
3.823100987075014464e-07 -8.324822532026099310e-07 8.084970306908403826e-07
-1.544740162045364761e-06 -2.960358605833340808e-07 -7.511956014616891059e-07
-2.583710093649745963e-07 4.448388006321443873e-07 1.272087408712079977e-06
-1.001492067224329037e-06 4.392818521140230175e-07 -2.434750866540079780e-07
1.410280446749757225e-06 -2.984867609483170385e-07 -6.442673991222247626e-07
1.221762744797328052e-06 -2.386169936239708436e-07 6.191299966049212827e-08
1.039187366736062794e-06 4.206537945869775236e-07 3.547614606769652855e-07
-1.584658722931445736e-06 9.118946829448880019e-07 -5.610718993612220053e-07
6.484912396771766892e-07 -4.310539972384777642e-07 7.277733834919379333e-09
7.323891766401492371e-08 6.626559898150532592e-07 -1.452295541205596574e-06
3.516448252256323424e-07 -8.490175945930193294e-07 4.257470424606270260e-07
1.784843879638003932e-06 -1.250756677508620866e-06 8.340272195659440394e-07
-1.012079740172532145e-06 3.769707096238570217e-07 -3.592763634658134349e-08
-1.303553023986032804e-06 -4.979631092414598130e-07 5.654986245547401011e-07
3.743615926590161735e-07 1.511806403882882675e-07 1.690956037170468047e-07
1.222879327887639438e-07 8.545072043088286513e-07 4.814620242561211189e-07
-1.871837013022186257e-06 -3.494073088102125099e-07 -5.415341827921221659e-07
-9.653769305154646663e-08 5.918560534714149523e-07 -2.641902116029212908e-07
-1.219123192075484994e-06 -6.421602653992944376e-07 -3.842404442199485433e-07
3.413763122471511570e-07 6.519540476609540240e-07 -1.166192398942573293e-06
-4.674735842925379896e-07 -7.814756455940072770e-07 -1.579910953612778501e-06
3.283596104821142906e-08 -1.933734090634699210e-07 3.667456568237932121e-07
1.054480954111990007e-06 -1.374285423699604189e-07 -1.418253279978461829e-06
1.745150543271193418e-07 5.712802324552807505e-08 4.546762316962116159e-07
-5.959209665331316579e-07 -2.666381587906998440e-09 -1.067056555755943842e-06
1.709147169692555343e-07 4.019339998499425856e-08 8.436917940654423503e-07
2.827766412380491729e-07 -6.222640827319074045e-07 -4.703868886104457455e-07
-6.013583069513034729e-07 -7.797274156169008200e-07 8.053801748802827478e-08
-1.615908806932109603e-06 -5.554588399725967897e-08 1.351381275709232374e-06
-4.562040169945471018e-07 -1.680130707150153445e-07 1.873897464054030356e-07
1.379435104540279804e-07 -3.709524442770108174e-08 -1.076210130786242738e-06
-6.855029981313607415e-07 -5.945064820179585722e-07 -1.215518023490119200e-06
-3.738270753636126066e-08 -2.709698473039439539e-08 -2.251096791565229890e-07
8.189793733909900584e-08 -5.897078455628910954e-08 1.338389754593130656e-07
-9.669237989571048176e-07 -9.999230663464568052e-08 1.184434243389912623e-06
-5.199632728635843973e-08 -3.383864617756037455e-07 -5.208018892780233463e-07
-4.141997330017165263e-08 -8.297356527598819862e-08 -1.980067427177134606e-07
1.656567275623762241e-07 -5.628160383498956331e-07 1.455132410770314144e-07
4.092304734762840993e-08 -6.686613297000004256e-08 -2.547296328788262698e-07
-1.689062489985599955e-06 3.974216978154611535e-07 7.013937037898792884e-07
1.186674304408727325e-07 -1.189379554345469743e-06 4.705651318239723470e-07
1.551493739683415976e-06 3.788739670945386123e-07 5.820509439169882670e-07
-6.432607038852165705e-07 4.194136785373137315e-07 -6.099680370835364819e-07
-2.848125142561478798e-07 -2.303867802324617665e-07 1.021585774547636183e-06
1.892891188742624357e-07 8.195127013829821966e-09 6.271939597757476417e-08
1.153208889554684801e-06 -1.228759218923215377e-06 -3.068760805452849774e-08
1.718885583746736385e-07 4.565818236627255378e-07 -1.528978241597128471e-07
4.625162609259676571e-07 -3.837600106469421921e-07 5.966920050957412180e-08
1.335504785936829935e-06 -7.022188794392380478e-07 -3.750082825686185868e-08
-3.833435138739813815e-07 8.500587528767751351e-07 2.887796644960541199e-07
-5.303173993510133929e-08 -9.258067752057491774e-07 1.480213135266180350e-07
-5.129673037252621978e-07 8.566892359561952791e-07 -1.327465167180308280e-06
1.154219636956802506e-08 2.896616511093484276e-07 6.362910213910769778e-08
-4.303165714172164081e-07 -4.509989366034628431e-09 -4.560956936281109902e-07
-3.782846864228394574e-07 1.433601807483725868e-07 -3.728063316923456128e-07
1.682091997355109233e-07 1.511925737638720183e-06 9.726855113653151508e-08
1.795358875728123920e-06 -7.887603333828744237e-07 4.204714618607333461e-07
-2.678251336808235470e-07 -1.318079501994883393e-06 -2.908495255154554526e-07
-3.682376850762417934e-07 -2.493483141871349936e-08 1.806978626400317079e-06
-3.935342342612401650e-07 -9.152995489714837909e-07 9.057493040983690966e-07
-9.873532011116427822e-07 1.067042966867937208e-06 1.279911406555725078e-07
-7.387719318907137554e-07 2.253436737670551842e-07 -1.870866421189358461e-06
-1.702940480882983482e-06 -1.174234164814097729e-06 7.498687377267232478e-07
4.115920575487148177e-07 -2.937336863865538625e-07 -8.637458898499502396e-07
1.218500258092358509e-06 7.369425643552452112e-07 2.157609630078057729e-07
-2.815499195634593402e-08 -2.069652961641080434e-07 8.606770712901031903e-07
-3.215055339641863592e-07 -1.302111840617578666e-06 -1.584945243645333720e-07
5.029278787945980041e-07 2.374216134501781516e-07 7.871006017423226385e-07
8.206716661219160571e-07 2.884266178114066947e-07 -1.369085646519829170e-07
-4.744816042129933096e-07 -4.346464627464828521e-07 6.156786185543280409e-07
1.066970432797728016e-07 -7.275114537253437050e-07 1.621939078190122071e-07
4.796394270042489802e-08 -7.204919124806564583e-08 1.197520177385817577e-06
3.151145458100627023e-07 6.214773864169806856e-07 -4.017304634339968355e-07
4.866966251892960580e-07 -2.008112005357657777e-07 -1.054904369467411967e-06
1.988492946150467071e-07 -4.704269037420684125e-07 -1.339237649551959771e-07
4.490096499233129948e-07 -4.767767450187498781e-07 4.910252281688809768e-07
5.234226488239150175e-07 9.787895991927884240e-07 1.277026200942007973e-06
1.257477946890323181e-06 -8.522625257083878256e-07 8.741796946028060964e-07
-1.089077558329308507e-07 -1.893139093196454696e-07 -1.259499705261509839e-06
-1.019874935474726386e-06 -8.008046847163334027e-07 5.505579870519727024e-07
4.943580808563042103e-07 1.860505842337152127e-07 1.104781308989811736e-06
-5.457586601805677252e-07 5.625453566816567590e-07 -5.989653393666394313e-07
-3.291722748676773826e-07 3.280496401503804233e-07 -4.596890803401085637e-07
-6.174524536424078043e-07 1.468666250776568313e-07 9.451512792807273092e-07
-8.042975115129769631e-07 6.299476891529272002e-08 1.028508709973355330e-06
1.287426544410086652e-06 2.932114418490203537e-07 1.184249815455074801e-06
-5.385812015621010279e-07 4.452308517543673182e-07 8.191201250079999835e-07
3.428123454883208670e-07 6.733325141581536464e-08 6.564023391998838830e-07
2.410351690998012782e-07 2.611112051059306853e-08 -7.854107392682997744e-08
2.916445475851976592e-07 5.050066470481644179e-07 -1.580562583618065025e-07
1.349164021252811350e-06 1.580002275960737598e-06 1.360582588645738203e-06
-8.308273675608325979e-07 1.544409039887865922e-06 -3.319138386084916988e-07
2.738000257563999931e-08 3.883046000389847577e-07 1.503341530347374967e-08
1.092057080758282154e-06 -1.941754049879544881e-06 -3.984058940142026383e-07
-1.097402262781615679e-08 -1.591117520373220478e-07 3.733705762339921626e-08
3.384713406662342706e-07 -4.738032917841909850e-07 1.933395305260927021e-06
-5.970898908304522043e-07 4.508188122526216354e-07 -9.107080733605807392e-07
-6.441848481644202111e-07 -4.081196670272577460e-08 -3.736013461303837510e-07
2.713859900484112772e-07 -1.197329222509346612e-06 7.500791182369749178e-07
-8.953151128290007835e-07 5.790879522461078729e-07 -6.444874845334328171e-07
2.517952788518802406e-07 8.805641725316705486e-07 -4.069476073114848546e-07
9.750025691669104733e-07 9.384194735014330250e-07 -7.546041393175628426e-07
6.457423005021120678e-07 -5.599357260351039345e-07 -4.297235199954401797e-07
4.553166982115742881e-07 6.669107499271942906e-07 1.034657984008017876e-06
-2.311488942430004515e-07 9.860803292264119880e-07 -1.017567812891533864e-06
1.098712871155010584e-06 9.030400519674451308e-07 -3.038271384735217874e-07
1.118827999225437727e-07 8.084190229979884407e-07 1.218869547366929226e-06
-8.569174282441978123e-07 -6.696893348056069773e-07 3.091527744349300206e-07
-4.132369978548283226e-07 7.252716769471653974e-07 -4.916053351562090333e-07
-1.022209894911819565e-06 -2.468918096886143936e-07 5.487678732036261614e-07
5.383332572460585577e-07 -4.347394793563112946e-07 -1.394287661283720845e-06
-8.184618035786982701e-08 3.365087145567315495e-07 7.753859741025365847e-07
9.174413496417977491e-08 -4.192352748663930992e-07 1.182160829923890581e-06
-6.025969997910973025e-07 -5.796249806164440140e-07 1.395128619820722191e-07
5.016548458454359672e-07 -8.914710908989323613e-07 -9.346996256702828352e-08
-9.762184722562542326e-08 7.227323108778188120e-08 1.041752257517552142e-07
2.915059759408772480e-08 -1.138760624292959369e-06 -7.082995069328417963e-07
-1.262992198832158719e-06 -7.713958915274913124e-07 6.371701623984834333e-08
1.426335356760996569e-06 -1.297281329628314624e-06 -3.228708212952640311e-07
-3.020265877360630211e-07 -1.293247375747397643e-08 2.129581658274505611e-07
5.622514159636439663e-08 2.021094853603898204e-07 -6.047206341986697793e-07
-1.475255356751429535e-06 -1.382146341725205668e-07 8.855732289049200439e-07
-3.964850510673260625e-07 -1.169405885581168406e-07 6.797408072040041132e-07
-1.607139910014317790e-06 -4.770160725165978484e-08 -3.220568877760947290e-07
1.298338050339802657e-07 -5.215508850157799483e-07 4.674686493293666564e-07
5.685339700071482411e-07 1.002259905078675440e-06 6.748201755651902546e-07
-1.166515447568230988e-06 -5.619117715460725052e-07 3.826291362335043469e-07
-4.470331879705952219e-07 -4.862107701021476187e-07 9.228824056102849142e-07
5.329620586842106924e-07 8.756719210146544499e-07 7.074262538474714348e-07
3.601960835258082369e-07 -4.525713223365905643e-08 -1.244124560929656800e-07
-5.817973132613116517e-07 -5.810895600405985698e-07 2.624755656755021688e-07
3.544332717270284809e-07 2.409356349521327723e-07 1.006814744456987567e-06
-2.080671847012156550e-07 -1.119702241783547858e-07 -1.553345939269057589e-07
1.443103195100357570e-06 6.376489896370135443e-07 -1.374720749090326146e-07
-1.993475519198178186e-09 -5.598918351471572098e-07 -1.143757975633912766e-06
-1.399078880367628094e-06 1.782724236509934936e-07 7.290368482935130858e-07
2.257236822761082576e-07 -2.273850135810284128e-08 -4.830921384989160047e-07
-1.754885164714961605e-07 2.972288456710420674e-07 -5.516707412396871405e-07
-8.936043413061846015e-07 -3.588924520954897633e-08 -1.409363101002752739e-06
-3.341950409619433645e-07 1.658517813779238348e-07 4.204842050762336643e-08
2.358214460781082509e-07 9.119427459554192338e-07 4.278476041609971936e-07
6.471334640823446695e-08 5.627977369852395843e-07 -3.718180558477277680e-07
1.152326576838396060e-07 5.416475771932637305e-07 -1.765111059910923833e-06
-2.897655245748884041e-07 -9.813922764544596190e-07 2.658545713676062900e-07
-4.859211384033414177e-07 -1.165961564177732634e-07 -9.360998507233416886e-07
6.826551216283858803e-07 8.808287992759289940e-07 -2.084226758671723982e-07
-2.899190649151439162e-08 -1.854632785608100645e-06 -1.122901000470598063e-06
-6.349472188543519715e-07 8.176738651422929392e-07 -5.056586543137933384e-07
5.764994301398886072e-07 1.485096818330826110e-07 -6.726380466100358541e-07
-8.947759856485326983e-07 9.261351580646452023e-07 -1.996018037314669062e-06
7.709993947531363083e-07 -3.910537145232265158e-07 -6.578421963308615959e-07
1.661611756479749116e-07 -2.835894850840790826e-07 1.090537002437647683e-06
-2.276508925602272837e-07 5.844227950675246880e-07 3.579227530710078297e-07
-1.473227676996009867e-08 -1.495113744555180732e-06 4.581475813399996830e-07
6.654851900173669092e-07 3.727988346123330434e-07 -1.618535444082167043e-07
9.686695849695540702e-07 -2.888198289995322557e-07 7.739057240245510643e-07
1.063200256862923199e-06 -5.593142940748948212e-07 4.205993497169222165e-08
-5.021282333856673950e-07 6.420231952868940003e-07 -2.256654830758153329e-07
-4.990245094022802748e-07 -6.493821490725421471e-08 -3.065249547949911822e-07
-1.957998712828398933e-07 -1.048067007851563974e-06 -1.758107599038304349e-07
-1.184060389505305139e-06 -3.938604098145652305e-07 -1.665939784897405902e-06
2.047616979226290266e-07 1.323261229208180121e-06 2.277663661555134297e-07
-6.496294765315683170e-07 1.548057747444408104e-06 -5.093039337149815836e-07
-1.354903327318881264e-06 3.406771597871465217e-07 6.750624922805339221e-07
6.907945723839780959e-09 4.997869753957299176e-07 9.406290988261734207e-07
-6.629571343125649860e-07 -1.149474256272624902e-07 -1.071002930558874492e-06
-9.028516110825638834e-07 5.537286382276878612e-07 -2.824404309283098925e-07
-6.126900029712887860e-07 -7.892468866625858418e-07 -5.325358555723431551e-07
-1.134060889981910001e-06 -8.458640457067659994e-08 9.363481475220788074e-07
1.360801761490934041e-06 -1.134095158697778022e-07 -7.293062222137828215e-07
1.151750691656618980e-06 4.667606656577684203e-07 -1.825509570772650823e-07
5.793983863817923538e-07 5.721599343079966727e-07 1.152358616470185401e-08
1.146775156247270576e-06 -8.355281673271943082e-07 -1.398053382930148361e-06
-7.198275645654321972e-07 -5.747169202307518371e-07 -1.626923558827000143e-06
6.353045658458178988e-07 -3.088682633586501458e-07 -1.175704316996051836e-07
2.225479636941026443e-07 1.714600227348271033e-07 -1.019079222367023321e-06
6.935515761621853285e-07 -8.118238673673849482e-07 1.270601654439195080e-06
8.675744819072803442e-08 1.259501370512646007e-06 1.599848282760284423e-06
1.163860861263368583e-06 1.785842690577392475e-07 -1.307674229218498764e-07
1.505280045649406761e-06 -6.735799373615466533e-07 3.301397457698949720e-07
-4.414659466986697862e-07 4.545264676284260021e-07 8.369709732913408390e-07
-1.577702756248330146e-06 4.151232106307288683e-07 2.557297834967749582e-07
6.330142699697410248e-07 8.610077973364924222e-07 1.566604233987523012e-07
5.268079549155007181e-08 -1.538501150421481379e-06 -1.005193776422942400e-06
-6.420151565273812207e-07 6.470925730271939621e-07 9.700096266130333277e-07
2.186069002100415405e-07 -2.971125265151607231e-07 1.459745355960116786e-07
-5.820548013840756409e-08 -1.086416706889521098e-07 7.734976082966920201e-07
3.998175627433241786e-07 -1.277910677075828302e-07 1.789461878282656768e-06
-9.354982020471159117e-07 9.029935713805413287e-08 6.038425333078281473e-07
-9.021962480572767523e-07 -7.547092362467676910e-07 2.073404828370460621e-07
5.355635072944084053e-07 1.475699349068880170e-07 -1.502479530279749658e-06
-1.267868134752924666e-07 -3.828453809415959041e-07 -1.788771901015583457e-06
2.923476809053645021e-07 1.470785819659279761e-07 -1.349326799854925873e-06
-9.261666065924539237e-07 8.830690167038022265e-07 -1.637478369550974427e-07
1.772678055373192712e-07 -1.917135475454834376e-07 -4.621536804660407048e-07
-1.406504349815810467e-06 -4.748998243759215807e-07 -1.502187031232791822e-06
-6.358486483988694942e-07 2.276003437842474241e-07 -1.289217190976245253e-07
1.613566121362897608e-08 3.656869622434938931e-07 3.255593423906040095e-07
-1.124846552078140249e-07 5.978452055077953983e-07 -2.997618573576373134e-07
8.157273211702871686e-07 -3.641293568625129098e-07 -5.316091387961669547e-07
-7.722761791220175184e-07 -2.106470261961811241e-07 -8.023046709623979122e-07
8.702010908327619047e-07 -8.963046147141714957e-07 -1.315993304238277768e-07
1.479166300641595642e-07 9.178001582701181355e-07 -9.455783033302642466e-07
9.444615546021856070e-08 -2.981147865424421867e-07 -2.981349724950435027e-07
-1.668870185898147598e-07 -9.957340596037901286e-09 3.927127351055428420e-07
9.800815348350928314e-07 -4.338335101898143013e-07 5.342026050779798969e-07
4.085250233670774154e-07 1.271680915777522406e-06 5.314089520733313235e-07
-5.741506210112216303e-08 -1.094726475957277549e-07 7.346579116498825691e-07
7.537828472516498307e-08 1.169930552892143896e-06 -9.873527233244239831e-07
-4.722521100652178720e-07 8.629648258827217531e-07 -1.067241296108404133e-06
7.272374649991930506e-07 3.734309131569174651e-07 6.464117157306043545e-07
5.760258048437698351e-07 9.107180276079678056e-08 -3.527149181495436528e-07
2.557712674091278821e-07 1.464839270445971190e-06 -1.577976641591052858e-06
1.559688723561292668e-06 8.673360396834201832e-07 -5.390094544868921522e-07
3.454046057575729650e-07 1.295268959217113245e-06 -5.392981475357618056e-07
4.294184756644394479e-07 -6.904000606992602087e-08 -3.200856547522328747e-07
1.949317906149570840e-07 -2.444924155371641677e-07 -1.419715213959936043e-06
-3.780977569711939386e-07 -1.897514858800189003e-07 -2.840670767379721709e-07
2.614766139609307464e-07 -5.577532179602571098e-07 9.830052137660662442e-07
1.181091556536361832e-07 -1.025925248382996425e-06 -2.351906311981894734e-07
7.039865331953396837e-07 -3.349757923649771609e-07 1.811089908045527317e-06
-1.393913363562597102e-07 -9.339524106935860228e-08 2.155102568363544760e-06
-5.077779166791233517e-07 -1.291187187070660994e-06 5.387575568026187118e-08
-3.617462741455415455e-07 -7.278385581446010656e-07 3.298529535429532516e-08
-1.096569291506888339e-06 4.831710632503537656e-07 2.486774708928623612e-07
2.656153185195817908e-07 -8.477239665707107460e-07 -7.558369413715165831e-07
2.381298218147707474e-07 -3.037199135976257085e-07 -1.625840257898807027e-07
7.816620974330648076e-09 -1.253533628164849030e-07 -1.125776735728788975e-07
-4.003417681202904886e-07 -6.242428922235683564e-07 9.712282747428830015e-08
8.249623915542423386e-07 -1.948955359442403352e-07 -5.396533986194478298e-07
-1.720333756100217993e-08 9.455561878890706532e-07 -5.142530805149191024e-07
-6.029485513990283480e-07 1.024729408646213573e-06 1.074406931407982824e-06
-7.753071782183132189e-08 2.256407255316743327e-07 7.786390727021611814e-08
1.011115026957227513e-06 -1.564117396229356547e-07 2.549674964873729991e-07
8.740375750386783315e-07 -1.100513612012722963e-07 -1.823552803680549677e-06
-6.278713898046497805e-07 5.034680955531044870e-07 -5.148129470677360454e-07
3.132156329211731907e-07 1.264578805850834873e-06 1.426538718708347418e-07
2.566150882299196293e-07 5.208541154260124218e-07 -1.449821717184912139e-06
2.109225376174643639e-08 2.262173289844978157e-06 -3.111317774612824382e-07
-9.578327840868105890e-07 8.728086528635259216e-07 3.229492631217398004e-07
2.387080079130988914e-07 1.066995363763723154e-06 1.025109034197424416e-07
-3.941863597434905136e-07 -2.053836942514934355e-07 -4.080023312782655557e-07
6.996637194064387515e-07 2.545064264897874574e-07 2.234356921327266193e-08
-9.914074060176647880e-07 -7.579102701033806510e-07 8.125033676970574930e-07
-7.249526126978848335e-07 1.420813856136081177e-07 -1.491435632702800922e-06
-2.135701027129298904e-06 5.208694548602939854e-08 6.851748528509538216e-07
3.493040336808061224e-07 -6.804620002235214023e-07 -7.785998641645248012e-07
-2.846729691658644474e-07 -1.057945811057703609e-06 1.002030422699335391e-07
8.380266006163929650e-07 -3.853816783778635942e-07 4.857313904859612204e-08
-1.601540684519908968e-08 5.113526792517520223e-07 8.023176811310404495e-07
1.529411645180563145e-07 -1.129064636801914211e-06 6.656419323669995408e-08
-1.714634178149991493e-07 -4.976644899986994398e-07 7.758675188448025720e-07
-1.024378942386620346e-07 1.349469142664806551e-06 -2.439247742009970897e-07
8.992437891954465305e-07 3.752244193483393581e-08 -1.019437401109456956e-06
7.208221739556629240e-07 -2.566212185041497242e-07 -4.706777877977302094e-10
9.043943299328132385e-08 -1.642456570841060045e-07 4.343572297617988142e-07
-6.820707512975178778e-07 -8.568288288190003526e-08 -4.622212950033621434e-08
-6.239757157747075305e-07 -4.806465728003401089e-07 6.055508263038048817e-07
-1.168775094580505248e-07 2.408265820635482322e-07 -2.889002480711033329e-07
-2.820176233852335888e-07 1.178387798693945730e-06 7.695674147981849455e-07
4.959472095216288601e-07 -1.002258221765462703e-06 -8.355154867814031838e-07
3.967301444644793832e-07 -1.568085189403125928e-07 9.021941684966645838e-07
1.310573457358278323e-07 -2.435363811896337595e-07 -6.154773283577369519e-07
1.426635923071500171e-06 1.516809925022460700e-06 -1.378515812613224100e-06
-1.535694549922110129e-06 1.214454188184281147e-06 4.067797998837615588e-08
-4.245353615177184839e-08 6.645912286794973527e-07 -2.747919894461104981e-07
5.624810458488058637e-07 1.010421897498526949e-07 4.479064913812733739e-07
-2.658493825839983498e-07 6.505263051788792559e-07 4.509229032116417957e-08
-1.314348882444806840e-07 -1.101036076422130434e-07 8.907478849762998424e-08
5.021367570894678124e-07 1.091403818000739379e-06 -9.137662572822247445e-07
2.016656449825476372e-07 -4.765221319812626115e-08 1.072856368928930915e-06
8.180512214990597739e-07 -1.595554322794609997e-06 -1.056214010764378566e-06
7.249144902147529013e-07 -4.869755900237991120e-07 -4.432198007135796607e-07
-5.006387982659801466e-07 7.321797292299407573e-07 5.157784402751709705e-07
-1.373324446488694712e-08 4.045434305566027630e-07 -6.530994221074584240e-08
1.308509039266488970e-06 -4.876719594213528713e-07 1.494787781405452759e-06
6.206681639469913767e-07 2.774238331617937613e-07 3.269919729022204245e-07
-1.456972927246408799e-06 1.289000250983474836e-06 -9.296883890349994955e-07
-2.550097263096932620e-07 -5.801337104378447031e-08 1.803552962933750722e-06
-4.344002096198573766e-07 4.396449253950609407e-07 -5.424674419703709445e-07
-3.277398275546725405e-07 -1.556230514774201419e-06 1.191347107176182666e-06
-8.085721432425048297e-07 -5.016389497478562250e-07 -5.791304837422722599e-07
5.317583813816243897e-07 9.332207104774407841e-07 -1.167126349271867493e-06
-1.145032149224307338e-06 -3.354253384515290272e-07 7.246173132715159149e-07
-1.112200559525333575e-06 1.018059506183170564e-06 3.817112208710928915e-07
-2.047365120076009284e-08 9.073981376172106781e-07 6.612595743770807740e-07
1.363235955976580721e-06 5.133004460241276810e-08 3.446561951831261726e-07
-4.159558674890856810e-07 -1.492474021275203755e-06 1.590813511889528190e-09
-1.240838137885471306e-06 1.295613217995842358e-06 -1.392561113541812127e-06
3.277914705153642641e-07 -2.082578108733054841e-07 1.465657365635806045e-06
-9.494740833291934050e-07 -3.716296239782646175e-07 -9.142767209247548824e-08
7.470428340594772320e-07 4.953848351847370344e-07 -3.896113473315509520e-07
-1.282518873617078709e-06 5.074092580476623822e-08 -5.965434092779003380e-07
-1.050572228170930824e-06 4.965296530822815466e-07 5.483361228994458239e-07
-3.256811703826659781e-08 1.044065986659698219e-06 -7.447149168936623706e-07
-5.409622498781889899e-07 -5.825362622634854471e-07 -3.213665354259468782e-07
-7.207954833837669861e-07 1.543115588625718696e-07 -4.046851684125550742e-07
-1.169915494434247848e-06 -9.554053476580829908e-07 -1.219515197115025749e-07
8.789223626432585022e-07 -5.783863085105800595e-07 -9.938982175332378560e-07
6.434405678414361128e-07 -4.658244134976985525e-07 1.011321115833288991e-06
-3.841446255740071689e-07 -9.811015167051115288e-07 -7.961028826378974029e-07
1.474020635025262745e-06 2.049015724965621597e-07 8.494755087244496688e-07
4.148620781163704862e-07 9.474968138710305692e-07 8.651489378811313668e-08
1.130111186532811160e-06 -4.486065362464252564e-07 -3.683575846668762078e-07
-7.267236558455917295e-07 -2.188475648293924730e-06 1.280805692934810530e-06
-6.102288620037886528e-07 -1.362104002164628648e-06 -7.520657058446545527e-07
-8.482280962687610605e-07 -1.795141649567523423e-07 7.798674986722747882e-07
4.494005855464058585e-07 1.636731735771149184e-07 1.324000237450859819e-06
-3.175493331460119072e-07 4.373222395095307604e-08 7.845280211863893543e-07
2.427189687421415297e-07 6.600450080643455274e-08 -2.645685539293671815e-07
-3.722807959580474355e-07 -4.555818792160696814e-07 1.915404565835032557e-07
4.119108472253365348e-07 -2.206644569180291673e-08 1.192234440028424932e-06
-1.653352441843489152e-07 -1.174810804585548425e-07 -3.210910395600126920e-07
-3.661614487011295132e-07 5.720446903239617253e-08 1.364840692557541286e-06
-6.714799252518344037e-07 9.280483025482975922e-07 7.616658635067820277e-07
1.047084189954757782e-06 1.387367650146645557e-06 7.779783880827337954e-07
9.203315427353667590e-07 1.051712348315059761e-06 4.982631624798129815e-07
8.494550083974333989e-07 4.728212450774578125e-07 1.517910811744802524e-07
-5.523112584096004215e-07 -4.696896771559196664e-07 -5.986825683376108779e-07
3.492649309022967469e-07 -1.396011191112353730e-07 8.637732201123439308e-07
-6.900352767561746014e-07 4.741050193271067985e-07 1.743149597683492176e-07
1.246125818454507370e-07 -3.646424837530777454e-07 7.143385223576753997e-07
-1.469466596491576447e-06 -1.344714443043735275e-06 8.317353835016293648e-07
6.129483109176659693e-07 -6.554670362413564008e-07 1.804839559855106702e-07
7.291630823345780759e-07 9.481331042752163478e-07 -2.222154446800400618e-07
-2.051147272479183476e-07 8.814226476825831226e-07 -1.187690345404107452e-06
6.379531065571526590e-08 -1.078974382378514665e-06 -1.066197155264734173e-07
-2.750266314940687097e-07 -7.022394149450355712e-07 -3.417765141965311663e-07
1.387586293330459951e-06 -8.087281782303091297e-07 4.099670471662438141e-07
1.593963363257604832e-06 9.284773076114533233e-07 1.145730995682885995e-06
1.455346574087361528e-06 -1.179566145281629388e-07 -1.410398370172655907e-06
7.523480728620794068e-07 -1.590697101533532913e-07 1.244979165840322180e-06
-6.398449097783895665e-07 3.667689206663822547e-07 -9.656365679992853169e-07
-2.501157740386570900e-07 5.368106087805890583e-08 -3.020675231216991185e-07
9.704845983811589983e-07 -1.671450942941386254e-07 -5.437549436382143574e-07
-4.184908822578801937e-07 5.298480251772461231e-07 -4.552706011461974989e-07
-1.323880592369453269e-07 -1.308434217638675146e-07 1.166305881178983998e-06
-2.185157918501867212e-07 8.258089781047910578e-07 2.273251781228031704e-07
-7.672880745808282650e-07 1.122449533195601767e-06 5.226958584973259702e-07
-7.048888720721120361e-07 -1.960652530806391714e-07 1.446753400229896819e-06
5.007290152282753113e-07 -9.485788529123772172e-09 2.251622597986850491e-07
1.527466591807764527e-06 4.272911726985192457e-07 -4.246573841439777923e-07
2.138170782955666424e-06 -5.461997938086513408e-08 1.203979233514785103e-06
4.324309953469059148e-07 -8.911470169106844135e-07 1.335335202860456888e-06
1.706910124229973259e-06 -2.170045866654292524e-07 5.995913798183289169e-07
-3.253391221429557274e-07 -1.220632281853488299e-06 1.105642187412477608e-06
-1.472202431924471761e-06 -5.675777069339594462e-08 -1.007125358186247023e-06
3.119349814904255426e-07 2.635887526442574079e-07 -2.738777944168527128e-07
6.419937688242176948e-07 -1.229095011273631475e-06 1.169912565073114996e-06
-1.716841076637226114e-07 9.066219255441544492e-07 -4.093080185756790743e-07
-2.808139922909568363e-07 -1.196258411004565824e-06 1.406559876694868657e-07
-3.070543900224485202e-07 4.612411842744039199e-07 -4.002073892878733055e-08
-6.416163123900057721e-08 7.945624925266135944e-07 -3.588864671877448544e-07
-1.326216247009963508e-06 1.343719576637226395e-07 7.988069351275287940e-07
-3.003748507971918344e-07 -1.608157040683642811e-07 8.412768858876992137e-07
1.104516520659371285e-06 -4.910839043877613082e-07 4.029828141087775755e-08
8.532486281424224954e-07 -6.064067996548086903e-07 7.796670037859022357e-07
4.666834185189934500e-07 -7.900312447745485267e-07 -4.463689160552108562e-07
-5.489508014555625848e-07 6.239262822566688917e-07 -2.014330977269018997e-07
2.262069775165210028e-06 -5.214297678145823537e-08 1.000930143365458711e-06
-1.424734621519996022e-07 3.071496391468932030e-07 3.659860803938683002e-08
-2.682070613667620604e-07 -1.066041241427883177e-06 3.132144561454035827e-07
1.271653770442858523e-06 -6.102886355198884603e-07 -2.824602711232799609e-07
2.561556482459326029e-07 2.244878310249646212e-06 -9.211422010045287065e-07
-3.690502859261401210e-07 1.157761471129993354e-06 4.066197525971162181e-07
1.930469805540927980e-07 -5.986014967748761167e-07 8.735433123994115265e-08
-8.563379885169237839e-07 7.985948815643787181e-07 -2.898986961602640349e-09
1.171345006432715364e-06 -6.724501761734451559e-07 -1.016901745968941142e-06
-3.919683687032942135e-08 6.807112854113503952e-07 -2.703495691701226040e-07
-1.829778254954770598e-06 2.496213660082919362e-07 -3.810313411062822121e-07
-2.820538292847870161e-07 -5.813910407756955751e-07 -1.320194893924320978e-06
2.933617509282476538e-07 3.045715733349436896e-07 8.532742115339045526e-07
2.659381493124535334e-07 -2.451647864024543144e-06 1.033644369226906206e-06
2.475814714212073425e-07 1.200102810610449904e-07 -1.430339883174202524e-06
4.982684008223367426e-07 -5.169315443260226106e-07 1.051248766592186446e-08
7.870718411926445950e-07 -7.374490529864188674e-07 -2.600382797362017518e-07
6.567205460912423782e-07 -1.699756305518314719e-06 1.966426082020316815e-07
-4.228581491474850574e-08 -3.904380689607955870e-07 -5.506796954840443996e-07
-4.030036055332187248e-07 -2.566346730476351210e-07 -5.411694659079774834e-07
5.580644497835160122e-08 5.590199432650917629e-07 1.050719207033253518e-06
-2.130067744384749401e-07 2.004573470404654318e-07 1.186831115551497555e-06
-6.406394959740518829e-08 3.575056439515734101e-08 -8.583058740056051636e-07
1.291144896293002069e-06 -2.834425394413559943e-07 7.056295759173842147e-07
-1.598590982559684999e-07 -5.719173318702170413e-07 -4.340788037676747270e-07
1.598612699484353175e-06 -6.291662545230230774e-07 -1.385542116022595190e-07
-3.100829653483529835e-07 1.048871327308065556e-06 2.888845297757305024e-07
1.187575735943710996e-06 1.122858282424222845e-06 6.011462111247590324e-07
1.740618199378262213e-06 -1.736339236666971349e-06 3.237025909612921781e-07
2.054920250486022569e-07 -1.357568795652933146e-06 -6.344827235044199575e-08
-1.679058347040089210e-07 -1.762852680100988423e-07 -3.876187142793019342e-07
6.084761914868776151e-07 3.057995827667995689e-07 -2.616972226015872063e-07
3.758388283718825027e-07 4.499020785530537972e-07 -2.576690737187436427e-07
-1.331370409617055076e-07 1.130819316993727848e-06 2.736237178016866229e-09
5.392527037113100252e-07 8.040627656576124378e-07 1.204472172355825970e-06
-6.979413744296752198e-07 6.484064373606108966e-07 -6.063466706555585196e-07
6.369000435699586658e-07 -5.483616527400567412e-07 -2.085490884262523621e-06
-1.078281324004193160e-06 9.566632497701392680e-08 4.356295604870148635e-08
1.196952096732093767e-07 -1.675696124390957452e-07 -1.191816390785324183e-06
6.134969254400291661e-07 -1.741556402940708131e-07 2.274385992690486216e-06
5.501967611550123695e-07 -2.446889046807161514e-06 -2.917521085269239752e-07
4.696914119687468194e-07 -1.409760074113684000e-08 -5.202936223793373184e-07
-5.057428243515715080e-07 -5.850950272826542372e-07 1.619602104968716674e-07
-5.499094290852761260e-07 4.991347199710385332e-07 9.231080649931362082e-07
4.796398678147215184e-07 -9.111134880906560941e-07 -3.514870423001972872e-08
1.228776702779328939e-06 -9.233675913617538872e-07 -4.736094986212626109e-07
-1.364202961306750435e-07 1.034182372671320398e-06 -3.973674544572050847e-07
1.633934026504158153e-06 7.451155388224368093e-07 2.846873779468052273e-07
7.978289542641377306e-08 3.183497247220509528e-07 -4.082223152271554085e-07
-6.886140628469609903e-08 1.085819537888436638e-06 -1.220710894970440503e-06
-1.837769048969815414e-06 -2.217867329536755401e-07 -2.660692185053664536e-07
3.186015310931430805e-07 6.622235634294050640e-07 1.429656527281238874e-06
6.041446295467342690e-08 6.928611415886624160e-07 -1.568554263139184777e-07
-6.404812352157381883e-07 5.524287130104249317e-07 -1.388707508976780037e-06
-2.308127302097479003e-07 -2.595854604533833706e-08 -3.700513940246245540e-07
-4.934838122759249596e-07 -3.568586108155388007e-07 1.092211437300594400e-06
6.232636362906307071e-07 5.486038204743855558e-08 -7.459983178304912070e-07
-5.992518535982221749e-07 -3.264969260107556623e-07 -1.656639786995692425e-07
4.244388233954094054e-07 -6.398443403004378329e-07 7.539848066781112270e-07
-7.803619547554665964e-07 1.492888377967411587e-07 -6.239261884152434946e-07
4.134483757110497167e-07 3.295366707839380606e-07 -1.450208538959175826e-06
9.018557095378666121e-07 -1.003575753626135903e-06 -3.158053974769387874e-07
-5.670915797911813829e-07 7.628037130050615483e-08 -2.058653146659553803e-07
-9.222907192893698768e-08 -3.553790622783089094e-07 3.582974666209783743e-07
3.476756886736288676e-07 6.141158987303689210e-07 9.495215671837261727e-07
8.068918772200971972e-07 -2.052954784098274681e-07 -5.462079977161348633e-07
-1.525722279567047359e-06 2.050001917016438453e-07 -4.425379733349098889e-07
1.895269075878085846e-06 3.486898151304212212e-09 1.461610926498142982e-06
6.892059058672384785e-08 -2.104669306093715073e-06 -2.368528495274881978e-07
-2.103731498570872135e-07 3.544953320655624798e-07 3.629639320349173699e-08
7.398286336133343261e-07 1.128102126318194206e-06 -1.832248578539682849e-06
-1.493631350913319617e-07 1.938339796992838743e-06 -9.175175090356145489e-07
1.544022930615884928e-07 -5.008721769414832783e-07 1.740018043788993066e-07
-5.983499620896357021e-07 -8.593930674917458539e-07 -1.251426129935937277e-07
-2.404595496379480282e-07 -9.172530829109823939e-08 -2.799910258215357934e-07
-1.999184076395269302e-06 -2.675454556556253262e-07 -2.262095978510432306e-07
3.656511764181469460e-07 3.857679771718477514e-09 1.305721901755314296e-06
1.870316673762137730e-07 -1.837266179862558105e-07 -3.006905498146166862e-07
1.646230671869957461e-06 4.702383220180117406e-07 -5.625948896287738489e-07
4.004301567162699362e-07 -1.113205175956996056e-06 4.799188507213335055e-07
-1.037879444288204888e-06 3.190203556503519742e-07 2.555955787433594355e-07
-2.924851124562380090e-08 7.271267678941212014e-07 -6.309440621392767291e-08
-6.697162414839739139e-08 -3.803555066361277812e-07 -5.765069715309352756e-07
-3.221279842358350748e-07 -7.904611069073059463e-07 -1.514278949128385502e-07
-9.131929388223019180e-07 -1.120784244217298836e-06 8.958082398592462528e-08
9.442362106855126378e-08 3.140092917720626564e-08 2.185968429429691077e-07
1.060601419649466767e-06 -2.139140167647818633e-08 5.552973687324948071e-07
-1.185014144417109562e-07 -1.054786801377461307e-06 2.115441991842523362e-07
2.995977740857552910e-07 -7.735448189902276099e-07 4.424004115619769786e-07
1.554198136416977692e-07 -2.878191449073177752e-07 6.030889770768620235e-07
2.356402932940357766e-07 1.129403413263486255e-06 6.668872092647897240e-08
-1.720106305747516904e-06 -9.048507638438608298e-07 8.001573041293620486e-07
-4.829302822291937494e-08 6.739788117179532049e-07 -9.609374601131328158e-07
-9.129197472911509860e-07 6.476754333866040385e-07 6.547754100619036197e-07
-1.705286600565924835e-07 2.952540091283210422e-08 1.433589741451585426e-07
1.170719584848914595e-07 1.513199738135287335e-06 -1.069895662860127711e-06
-1.966333045778379643e-07 -1.267093589879149944e-06 9.821307335743318340e-07
3.325104980375492990e-07 1.138333898346849597e-07 -6.656567219325307158e-08
2.014493597639728416e-07 8.062341866997569246e-07 4.560148618158181117e-07
6.246810884053150412e-07 8.276637627390001177e-07 -6.262396262479616902e-07
5.074327819201324346e-07 -1.089149997968321366e-06 -7.895918778375920217e-07
-1.584750059198126779e-07 8.578267909758446903e-07 3.019491607701508876e-07
2.081242193090445683e-07 -1.998256173551858948e-07 -8.188941697211005668e-07
5.946909988208830224e-08 -7.997720080415209717e-07 3.059380791962513581e-07
-5.250676996658409469e-07 6.733042125515087700e-07 -2.274038109220739667e-07
-1.624047113093050801e-07 -1.087829283852832172e-06 5.368278078577348471e-07
6.412606441203446078e-07 -8.032253001149535650e-07 -1.777180685744991132e-06
1.398989369841225421e-06 -7.608492637832826672e-07 8.772825490858911128e-07
-3.083363177918502338e-07 -3.591826708604502287e-07 4.223895522840524743e-07
-1.124486095542152387e-06 -3.347048224245624216e-07 2.942957440312808223e-07
-4.170523034546663040e-07 2.268394484005134779e-06 6.383453268399338393e-07
-7.184647274108649089e-07 -7.300449193806530008e-07 -4.829634502291407817e-07
9.974422827445987477e-07 -4.705592445001203435e-07 -2.687465548957244282e-06
-1.045751932685549634e-06 -2.089036264800381838e-07 -9.490169782768655368e-07
4.495609409902751972e-07 6.040416151146054997e-07 -3.207053631745343734e-08
-6.339527060746516122e-07 1.056691372151940156e-06 -5.963335881678024273e-08
1.276880791058799433e-06 -1.317960017955134508e-06 8.887641662195141967e-08
1.008610056704956215e-07 8.618652510776491837e-08 -6.319575484563573189e-07
-1.378996663049345776e-07 6.986514888860104095e-07 -6.049552178422607630e-07
2.668682455019801993e-07 1.543187907349571101e-06 -1.107053300093789798e-06
-8.861272826467275968e-07 7.071476444285014703e-09 8.293035867392814951e-09
9.068714822161662587e-09 -4.308957762188886171e-07 -2.193693165616945915e-08
-3.030889407204813702e-07 -5.792752223185190258e-07 1.111733806602871788e-06
3.007014789232217086e-07 -1.141611815304635806e-06 -4.813219004626156020e-07
-9.277061459247677869e-07 -6.343111268663452208e-07 1.473900388517763356e-07
-9.986025154011327804e-08 -6.065198193349231133e-07 -8.923431721740037819e-07
3.489465662992526591e-07 -8.677441501043881611e-07 -3.914230520121210949e-07
2.706473987008452672e-07 2.232721609378025468e-07 2.388067992173320190e-07
-1.871794737835068857e-07 -8.997354743194203349e-07 5.460900445600196869e-07
-1.961691134427395431e-07 -3.810402594016305874e-07 -5.873470419245506910e-07
-9.992398035421039049e-09 5.898569162247163044e-07 1.195750702756834687e-06
-2.809816893245883767e-07 7.852944860612505738e-07 -1.274558291131172416e-06
4.321910674454045066e-07 -1.239057572013813796e-06 -2.612412792598683411e-08
1.838295125839803562e-06 6.209793733054886739e-07 5.720549689157982708e-07
-1.116424007907801173e-06 1.263981266618568262e-07 4.276216981277497529e-07
-4.827297225806385239e-07 -5.127913070753809603e-07 -4.287905873135811017e-07
6.702166099040473270e-07 8.835294172503953011e-07 5.158480964256081871e-08
2.728292881500494513e-07 1.102830956085518679e-06 -5.641614164440034796e-08
5.558052967188085518e-07 -3.076304365033483255e-07 1.375971133644810435e-06
-1.632420607475326548e-08 -8.495563803551855212e-07 -3.456577506965228459e-07
-1.109580162924083484e-08 -9.527630142551577607e-07 3.566005297526553353e-07
5.325838666334985915e-08 4.682337887558698958e-07 7.585603818525516747e-07
-2.637222102664954164e-07 -1.197998401166727196e-08 6.737468280767502271e-07
-5.111994351252180851e-07 -1.624055077603933890e-06 -5.827533712813743920e-07
4.142274896386785333e-07 -5.835551139674841289e-07 -1.237265877723685985e-07
-8.684031854795570536e-07 -8.397619749337888253e-07 -1.765458450376263070e-07
3.555953558535681435e-07 5.898436032055957943e-07 -1.030739082156206463e-06
3.161945745612195826e-08 1.038457153644275486e-06 7.205591718747069417e-07
7.871548127439642209e-07 -2.509577107037646529e-07 1.112940455453001526e-07
-1.612482160874062931e-06 3.697297201563517532e-07 -7.312932782003072630e-07
-8.404543169530732380e-07 -1.616153299660249032e-06 8.629596892653257945e-07
-8.948577495269897482e-07 -1.022199442648243866e-06 1.046437174577461123e-06
-7.619178559490219979e-07 -1.285732307973285131e-06 -5.376169875500452445e-07
6.910541009831792866e-07 1.134284488254028931e-06 1.410400950492124377e-06
5.981601820904786061e-07 7.935848204371444703e-08 5.260238576564289976e-07
-1.618090329421525769e-07 7.727421821369271875e-08 6.154383664504042036e-09
-8.540040313110839492e-08 7.637437909856518136e-07 -2.470018261556051947e-08
-3.641002960417778881e-07 7.196179103358500689e-07 -9.670896388302012875e-08
-8.413846727404589321e-07 7.263614868602045125e-08 7.862383230332974040e-08
-1.356857263843221259e-06 -3.512540990159250317e-07 5.383472393571044747e-07
2.224636603779245648e-07 7.310184059251473067e-07 -1.420511233980606634e-06
-7.952067965551730374e-08 -2.004609946886483366e-07 2.970890905445671199e-07
-3.109267312416260933e-07 -1.400435536781572883e-06 -2.635319980110420005e-07
1.494287497635475505e-07 7.668759055189890151e-08 -2.526643905643734574e-08
7.812970224696646667e-07 -1.894118107384503921e-07 -1.645288638954077232e-07
9.941670984619141936e-07 1.257369013434390215e-06 -1.091900537177826963e-06
-9.392747123138989877e-07 1.416966629516750730e-07 2.823005658661461578e-07
6.800873807323208856e-07 -1.034874090800031289e-07 7.705947601959802651e-07
-1.180715657725718926e-07 -7.172329352649221837e-07 3.473177185785539396e-07
3.559965523265062113e-07 -1.421133590967495346e-06 -4.371909015598973530e-07
1.167565282903893108e-06 -1.100445730363364594e-06 1.115172308940456109e-07
-4.280745511536311161e-07 4.062128133626258914e-07 -7.066583263553934967e-07
-1.043361388083834185e-06 -1.404351046426013879e-06 -7.578864733696806837e-07
-7.671318780382516348e-07 2.966457856497215017e-07 8.632231499099345249e-07
-1.299185351872047841e-06 2.284587203155369099e-07 2.680526991477651275e-07
2.581245325261091174e-07 -4.116832605517172508e-07 5.405570788930912168e-07
1.003849885465415420e-07 1.104396276695901180e-07 2.997454477537146610e-07
-1.781158423630221093e-07 -6.750114905976580426e-07 4.212890522385718437e-07
-5.244971868677651121e-07 -1.157961670209516826e-06 3.686940571030445235e-07
1.066643627848528016e-06 -9.430463675806832986e-07 3.441758758715572717e-07
1.737703086354764160e-08 -8.477188243979407826e-07 -9.942463966349295728e-08
-7.868533163569467711e-07 2.358475528318764290e-07 -5.264363853024431427e-08
1.148686099093372447e-06 -4.231864213326099929e-07 -2.537389105996721398e-08
2.587705932066523296e-08 8.174247899847373480e-07 8.785375688608635623e-07
-1.206154409023505684e-06 -2.033195202877223247e-07 3.635781856891766688e-07
6.651077103248691200e-08 -1.258886332305988006e-06 -7.356759667820819961e-07
4.154413948567792730e-07 6.736291484817590519e-07 4.459041357781573172e-07
3.036854865587588613e-07 6.548493699686936707e-07 -6.580980806788573285e-07
5.731217403106533022e-07 -8.887606510623848811e-07 -1.178881185878113646e-06
-8.586064465611493838e-07 -4.297123159947418692e-07 -8.372915050247264620e-08
1.203852752101792555e-07 -1.356450238466723164e-06 -4.570700083091198353e-07
5.728627639411582922e-07 1.048913360836681992e-06 8.341256114597833863e-07
-7.228904445946042705e-07 -4.293967828644185039e-07 -6.946937096624401588e-07
-1.088280630219322516e-06 3.444846533695257093e-07 5.828343959698928460e-07
5.797568246591846686e-07 -2.884965977670969787e-07 1.528479658547733818e-06
-3.048153932086378895e-07 -2.920613606477452517e-07 -6.339235826253926665e-07
-8.264527272908354175e-07 4.599355032407556358e-08 -2.331699135301814449e-07
4.713377383797573066e-08 1.453553757672556878e-06 3.077905446075558682e-08
-3.431962378879274441e-07 2.307065675784326257e-07 -8.616592424523412209e-07
2.414016484104952217e-07 -2.854742084739537843e-07 5.545472846306918523e-09
-1.997961015580938296e-06 -1.651451892014175641e-07 -1.090638542137546963e-06
2.979568628313662274e-07 3.031397357259268150e-07 6.171046527006485289e-07
7.699769192289610100e-07 -6.789750049518531071e-07 4.013621391904809998e-07
-5.377103105528602856e-07 5.270801001148500684e-08 -2.692873648697428714e-07
7.649521439331817258e-07 -6.580517286342709909e-07 -1.149310928204148695e-06
-8.948119003949139580e-08 -8.813583472425918620e-07 1.278657622351956741e-06
-2.983607235445506080e-07 6.188337027167680402e-07 1.364241891313043495e-06
-1.072784641586097462e-06 4.214915557039615919e-07 -2.947286137063407655e-07
1.560086660681183998e-07 -1.859903085268074221e-07 -1.877616264687721033e-06
-9.016313399740943953e-07 -3.720172419032515457e-07 9.291926048876636294e-07
-6.466812354947740709e-07 4.108063269624434337e-07 -7.814089276339081610e-07
-1.264074651717002960e-06 -8.653767792696594499e-07 2.175570552518137183e-07
1.886402924047918212e-06 4.560033475688396120e-07 1.507436396287888347e-06
-2.870821225160190048e-07 -2.163021944215551581e-07 -1.505536175496059037e-07
-2.448720974521029460e-06 -4.259176108410734922e-07 -4.470785679122583424e-07
-9.706529815505568973e-07 -1.382270339370696890e-07 2.363789528460377496e-07
4.728201714433607677e-08 1.145735173139323924e-07 -7.827603976865326579e-07
-7.677527748659663373e-07 5.723763518998213034e-07 -1.204644712315798512e-06
2.103036994425884214e-07 -1.433187183076108540e-06 2.051961968631586574e-07
-2.116134880685249394e-07 3.102723297389438831e-07 -5.780381938138153487e-07
-8.320505748176036415e-07 -9.999471891837061182e-07 5.055264035333865227e-07
2.072250722372804839e-06 -7.468752303948986547e-07 8.617529297440222079e-08
7.218954970345228357e-07 -1.178583681069562602e-07 3.171660623791359533e-07
5.095390542810213433e-07 -4.418672688027482266e-07 2.005071816066143496e-07
-7.186638800713839635e-07 -1.632395668106902428e-07 -1.565919021244523355e-06
-7.702079382290151010e-07 6.674926305409893701e-07 7.768941380444832514e-07
8.979898963644540336e-07 6.958312752645302131e-07 -5.353154805550016299e-07
9.622811322979584919e-07 -4.876917167939924051e-07 -3.344277354643915839e-07
-5.442622380060282771e-07 7.912914673308347784e-07 5.389754171617460477e-07
1.678767957995330990e-07 1.806020447705772047e-07 -6.079892409253654716e-07
1.134179624376829362e-06 -1.142160859570347462e-07 -1.845062785358847384e-07
-3.884630283759106260e-07 -4.518075344703358709e-07 1.891065080348072730e-07
-6.208384160651883610e-07 4.370646305678988355e-07 3.496819189920549019e-07
7.800757519681291978e-07 9.559352071168266219e-08 -9.738001635605659351e-07
-5.728554214779992428e-07 -1.935856339713907829e-06 3.782390766316668670e-08
-7.324416164421000043e-07 6.753335535176017937e-07 -6.036130342618575730e-07
3.312004255266613772e-07 1.127347015106971544e-06 -5.855309341492842922e-07
-2.205922087207842082e-06 -2.604130976958752046e-07 9.008751422736688915e-07
2.054246997833713752e-07 -3.825640697556409998e-07 -7.248729426639166365e-07
-6.069237333751110552e-07 6.624164358652486127e-07 -1.093046969915941487e-07
1.936784311005670810e-07 8.637824875464500627e-07 2.513341995341588816e-07
2.123354911242783511e-07 4.248150630844868773e-07 5.142940799252433189e-07
2.823453277983478490e-07 -5.088553875976143157e-07 -2.689734152874090844e-07
-4.884241011734412480e-07 9.620574686355870013e-07 -5.483478432684927359e-07
7.821734087405395147e-07 3.951358475934977745e-07 5.040540211415458147e-07
1.539691566451380213e-06 5.050742006361338643e-07 -2.528914985075114547e-07
6.609818439226329625e-07 3.431892804701613869e-07 -1.391352466397734564e-06
9.217325428292853756e-07 -2.424536831805639290e-08 6.900152882452545129e-07
5.850250314130975110e-07 -3.730106643414337263e-09 3.002369122350986156e-07
7.606304421274107664e-07 2.109126675645751075e-07 2.134869793938089090e-06
-3.422532117887712008e-07 -2.662356848058760872e-07 -4.405046512378564774e-07
5.705131343087620160e-07 -1.755400621134165345e-06 -7.390616408808318069e-08
1.856523688271161175e-07 -2.524439207432864806e-07 -1.449938585917574884e-07
-5.750283810450144392e-07 2.774501297048688938e-08 -7.041451989651117886e-07
-1.159104012366248568e-06 -1.195069337601059076e-06 -3.288944660474579092e-07
1.667160971324144986e-06 6.858103531596760154e-07 -1.735169625184723071e-07
5.659378789627872283e-07 -4.235486520987119868e-07 3.090470474763044797e-07
-5.722890967567598296e-07 6.911157635126494793e-07 -1.341878056795151158e-06
-6.929636268328593898e-07 2.061669599184143254e-07 8.917283662997078452e-07
4.523846285669497353e-07 -8.831829127714900266e-10 -5.413862489459188568e-07
1.117782008408584208e-06 -3.633459900601305447e-07 -2.127465516486244311e-07
8.860363012403793085e-07 -8.834550434699085368e-07 -8.830883894180186816e-07
1.321161724237041548e-06 8.721674240726283437e-08 -9.537239751928356393e-07
6.883266447229423284e-08 -2.416536436020505080e-07 -1.285518959685879868e-07
-5.991942438426200048e-07 7.876237230533093289e-08 -7.349940577413060750e-07
-4.801857625597980326e-07 -3.618331256455889363e-07 1.838283362077920560e-07
-8.409601698509734623e-07 -6.495376357852738977e-07 7.904468023339530432e-08
-1.283678579709340963e-06 8.806169090266395212e-07 -1.796422879678107422e-06
-1.197327582607778385e-06 2.683346601194956936e-08 1.516007195833443862e-07
-8.413052713794591721e-07 -4.609907625669611446e-07 -7.343286770355637936e-07
8.314006461290363979e-08 -9.149726857310752408e-07 -5.279861782842759147e-07
-1.467652254489217392e-06 -6.509912253504610777e-08 -1.958641568862254756e-06
6.677916761862235463e-07 -3.959539401380666819e-07 7.758081769535664624e-08
4.898636977445662973e-07 3.358644558070505621e-07 1.286510350839766407e-06
3.002604940141098834e-07 1.189686560950995623e-06 -1.102352523144453278e-06
2.237278786173611125e-07 5.800725771190757955e-07 4.715640231620388361e-07
5.786124990137408632e-07 6.310084362358227355e-07 1.139127726606108845e-06
-3.958937280659652357e-07 -1.242794048491808075e-06 1.253161991224583588e-06
-1.791884026136443265e-06 -4.288094308403382999e-07 -7.348267835094222109e-08
6.218838398890466651e-08 -4.927577412477708859e-07 -1.095616874702486724e-06
1.033571715438204380e-06 -2.487562984162765421e-07 3.598165508171227124e-07
-1.423880183927810500e-06 -3.075329282020051638e-07 1.107863101460142279e-06
6.887654287423225535e-07 -1.373375824217016855e-06 -1.068705894647875623e-06
-4.750719200528070597e-07 -1.027162094701081143e-06 -7.430395472337895766e-07
-9.242700311929557040e-07 -5.912621112043341483e-07 7.787137959819647315e-08
-1.178912263700499175e-06 -8.635752234122370557e-07 2.144776331274369692e-07
3.162872530262015578e-07 -1.542215914560728561e-06 2.332328245575059470e-07
-4.793077817639813330e-07 -1.313506742527028877e-06 9.895448936274810743e-08
-1.395077473361891135e-07 -9.149902724681054495e-07 -1.942715152190721708e-06
-1.181983697697365101e-06 -5.634050421225729219e-07 -9.711581412020871342e-08
5.120604361484577580e-07 -7.944109377896337748e-09 1.384961415163367860e-06
5.338706868099145630e-08 -2.218366538025744527e-07 2.605742883641443877e-07
3.419970974447501301e-07 -4.841207941083892393e-08 2.171464062231404221e-07
2.224061311265166380e-07 8.210733245102228892e-08 -6.704839116904269101e-08
-2.542465190624869067e-07 1.356877587878818063e-06 -4.236827390242291945e-07
7.751058221815007065e-08 1.576931094822279598e-07 1.393599888894284577e-06
4.582112390839308729e-07 7.287646086056078665e-07 -7.308253188231154863e-07
2.322286473125475320e-07 -5.286519040559321634e-07 -1.502652653384735190e-06
-8.506041241858259900e-07 -8.284101398885122755e-07 -2.470421726960294305e-07
-1.868250093454671388e-07 -5.731368304143182758e-07 2.709361066718101786e-07
-1.898143594044052267e-07 1.085796382156364241e-06 -7.363748804384869234e-07
1.700067266133115765e-07 -2.212933627033754030e-07 9.930917063598189097e-08
-5.396937304674156652e-07 -3.864452633087500125e-07 7.038086273678147362e-08
-5.500988085342379203e-07 -8.047444441183138454e-07 -1.370394461816790549e-07
-1.326287939957526372e-06 2.161587048132454731e-07 5.467523864523748549e-07
-1.002055356485615585e-06 -7.806587474276348120e-07 1.978887820412147002e-07
-6.376792543439782505e-07 2.964429516365524437e-07 -1.638498604369421647e-06
5.140031842357197196e-07 -1.089548618685307969e-06 4.748584796836765487e-07
1.137863484663428218e-06 -2.664939287147402785e-07 -1.634353630463094094e-07
-3.886285952365021788e-07 1.200611932340026841e-06 -8.415291524720068730e-07
-2.045233019138609130e-08 -1.504194182734029251e-08 6.629693935173407599e-08
-8.630874690607704965e-07 1.562428486591502439e-06 2.221492857489770130e-07
-5.150170636336757791e-08 -1.638172330079170997e-07 6.764896595036713323e-08
1.404510459527396587e-06 4.558481156726415559e-07 -7.996703504771020665e-07
1.096819249152993208e-07 1.123790296694024805e-06 1.013581245445395934e-06
-4.363099527688368825e-07 -6.725379034291140931e-08 -1.004763490060579809e-06
-6.030883369003333770e-07 2.457691959189735214e-07 -2.719107431606213221e-07
-9.102108947759877506e-07 8.460626442144772683e-07 -8.181336364160597138e-07
-2.279763872187211425e-07 9.764550346388168255e-07 -4.426772780170917120e-07
2.311833802390929578e-07 -8.843718155071594851e-07 -8.267979958463493898e-07
-8.473016835891423190e-07 -1.396414661043096416e-07 -1.726888904507462225e-06
-8.314990048378687798e-07 -6.229411816983087724e-07 -1.221879784654128649e-06
1.510842320142766338e-06 -1.481993988673673426e-06 6.947721113387848577e-07
3.822662567750985870e-07 -9.721961941140048590e-07 2.665733591325962245e-07
-1.038629797663944693e-07 8.542356920744083451e-07 1.808758991709635042e-07
-5.790211906985089574e-08 7.962478568717959070e-07 -3.932662179089639883e-07
7.740357770028693193e-07 8.810943660193001941e-07 -7.588657637472664962e-07
3.459427978733586462e-07 -2.219488113519273669e-07 -2.345812743001894684e-09
-4.791229155249337444e-07 -3.340678504648295089e-07 -1.492175984664991381e-07
-9.632869321297588631e-07 -3.740583970246730218e-07 8.830416366462819069e-07
1.955971249922384564e-07 -1.472378528545792999e-07 4.699668694787600056e-07
1.009561247446084336e-07 -1.287029956209892280e-07 -8.441992602850219988e-07
-1.089441702452134514e-06 -8.007945580435553637e-07 9.195154391153703770e-07
8.401038642020102106e-07 1.301742376971582735e-07 8.678729191137167168e-07
5.416569221285779595e-07 1.356511484167506269e-06 1.052823722510087240e-06
2.810329866511981901e-07 -1.024343396127291433e-06 -2.138669784278535121e-07
2.476800309771862247e-08 -5.283912509299405488e-07 -3.696912399293765851e-07
1.586377440718669524e-07 2.562232077757508240e-07 4.525887651757713786e-07
-3.439625475818451349e-07 8.673706755338847383e-07 -1.488683250344765118e-07
3.128126300040300416e-07 -1.002064025963066750e-07 5.995993224274331784e-08
2.357199315927153385e-07 -2.344112863369095309e-08 -4.055105194409719296e-07
8.612879977752660345e-08 1.011167495803591896e-06 6.231965640422541841e-07
-5.943554856537600033e-07 -2.007262534183547986e-07 -1.865065162857423643e-07
-5.121739818716495261e-07 2.296073799079229671e-07 4.349766559526025781e-08
-1.224081381799621727e-06 9.887794360003914444e-07 -5.255705767660053376e-07
4.203939971915342015e-08 -4.616696295540298595e-07 -6.019980935330405154e-08
-1.168225120951924378e-06 8.645825152348099683e-07 -1.515000414533289528e-07
3.891954178992506913e-08 3.395159888588001047e-07 -1.001494020321983456e-06
-6.703264572904286518e-07 -4.228436792888428387e-07 -1.679604612651033103e-06
2.045284264861423330e-09 6.537216764508493250e-07 -1.492378160431946221e-06
1.751459296196166506e-07 -2.248585556172473239e-08 4.933144374879287398e-07
-5.326214724958447826e-07 5.138401717078509143e-07 4.267799258783606262e-07
4.156777565963578742e-07 -1.528187645099739514e-07 -3.534784866513893798e-07
-3.444399834096120808e-07 5.109349640259545096e-07 8.259459667288336143e-07
1.232187797545058634e-06 3.622016262564948606e-08 -5.326001066783809106e-07
1.154131642735603751e-06 3.631325788382617402e-08 9.593811207336389443e-07
-4.134729342356200663e-07 -4.771233234460996002e-07 -1.048180188946084239e-07
-6.475089077832603246e-07 3.714619109226587477e-08 -1.335291864277702584e-06
-3.524092721864907907e-07 -2.592390980929496445e-08 4.137804169550224122e-07
-4.435051955812536680e-07 -5.425922056166111814e-07 4.441719757926296130e-07
-3.294878533264810822e-07 5.375010861996312240e-07 2.425675248599418873e-07
2.918885508155128755e-07 4.651384524762023375e-07 -3.933099840900312520e-07
-1.858391799671464690e-07 8.382448682208710379e-07 1.096108210191490755e-06
5.114908860222328884e-07 3.099700238389644155e-09 -1.066555680770765904e-07
8.321705295453167207e-07 -1.298969072614280588e-07 -1.034262107140366083e-07
-3.449481985886921366e-07 -8.652721427544342793e-08 -8.787199105456866966e-08
7.051827357730558297e-07 -5.119607636323112877e-08 -9.654319015001603528e-07
-6.569023834013559489e-07 -4.255369017944573531e-08 8.299755727466036414e-07
2.223121725711409501e-07 7.401686418004481303e-07 -1.024369777487180785e-06
-1.139053948255998635e-07 4.049491703869192934e-07 -1.568016533494363373e-07
5.793740307399470584e-07 1.277020363281392792e-07 -1.217864743531278521e-07
-3.073860369308880132e-07 -5.721382580039854692e-07 -2.222103411667063921e-06
-1.041899190568400141e-06 5.327116839803382786e-07 3.653973924090017092e-07
-2.569001090703465123e-07 8.428231982433548747e-07 -2.281561658772884460e-07
-1.567217220769080599e-08 9.767386872123703752e-07 -6.250959539636106901e-08
1.387587937982275767e-06 -9.366103946670643537e-07 -7.269482781917719467e-07
-9.932979430840440219e-07 2.924644280915213094e-07 -4.916427501424001585e-07
1.571592622697471957e-06 3.668380760128785835e-07 1.094241297347593764e-06
-1.476605144163412031e-07 -6.302443273537166015e-07 -8.003690416665378775e-07
7.766465168432579041e-07 3.464608603646115158e-07 4.222720212778535488e-07
9.208651016351982425e-07 -2.716565770867857875e-07 1.729457112808413521e-06
7.072019496684075248e-07 -9.277779679862539798e-07 1.004930699044110704e-06
-7.672446026856752334e-07 -2.525582734443526203e-06 5.065348813527507298e-07
-7.606076456826198949e-07 -5.030998050713159713e-07 3.026244478553881637e-07
1.551656245851717195e-07 -7.131089367682869570e-07 -6.160902276021558638e-07
-7.265404073125200985e-07 -8.117055360335187483e-07 3.046504317542086646e-08
7.362614977364253011e-07 -7.753870731666862706e-07 -3.512355955438441437e-07
-9.378197278658738503e-07 -5.256156161035647032e-07 -1.183680200762659446e-07
-1.443557802052550306e-07 1.279991122627826759e-06 -1.014431211732003131e-06
-6.923754854061350830e-07 1.235983882366720884e-06 6.044309387429721781e-07
-1.194198293694433015e-07 -1.087735687953076757e-06 -9.988866801095101834e-07
-1.683398540292075645e-06 -1.464007576629839340e-06 6.856109161828990273e-07
5.919045781093363725e-07 1.425909419998906323e-06 3.118321191795120276e-07
4.178418666532323191e-07 -8.346037460820860211e-07 6.761374200485216501e-08
1.029705378859898626e-06 1.381048000534723475e-06 -2.817767282709394381e-07
1.020032525178282128e-06 -4.061119529006769881e-07 -1.284577701277690703e-06
-1.092793134696132777e-06 4.788245203095725233e-07 1.028297289813006763e-06
2.165887034097604892e-07 3.378504553049360769e-07 1.456160388512232761e-07
5.906996026071781521e-07 2.468666082396891652e-07 -1.042638553411105287e-06
-3.220240438292949881e-07 -1.303229028829832803e-06 2.514860455559776617e-06
3.075304974738032058e-10 -4.929761345096204594e-07 2.984965045322773603e-07
7.316559786490556156e-07 -7.567837437519692779e-07 3.201714269223289606e-07
1.678630850325373774e-08 -6.880223790335765879e-07 1.848481062279801644e-07
-7.958220234589246956e-07 -5.410373785687115237e-07 -1.651580905795809024e-07
3.426661474631446287e-07 1.875450109144477298e-07 -1.940025696993478266e-06
-2.197903427886307745e-06 8.530446727516424006e-07 6.580232484111730216e-07
1.155243954487146578e-07 -1.513665985434691824e-07 2.483914022887798092e-07
3.497057025165223845e-07 1.594364588325060075e-07 -3.622627048791249388e-08
-9.286830154107176006e-07 3.379735099494978596e-07 -7.327059598902905031e-07
4.902353090777874342e-07 3.555533283595927297e-07 -7.390469734949444012e-07
-3.342449266948361441e-07 -3.132810929629727532e-07 -3.538413708240704571e-07
-2.333331630527646449e-07 1.621624550239699233e-07 -9.443435584428085360e-07
-5.094423990456620719e-07 1.803123162945833515e-06 -2.396315418493656501e-08
1.870382613990033707e-07 8.219319276489458264e-07 -2.412893783905316663e-07
-2.845179747719529183e-07 9.094158957830512399e-07 -1.318560289584006148e-06
1.442090287431274554e-07 2.312116067281227757e-07 1.002614521283909553e-06
4.692168301143063063e-07 -1.404249606468668615e-07 -9.303954120238274601e-07
-1.771806200358547208e-07 1.435488651300325248e-07 6.735037129335117366e-07
1.145504218840819889e-06 1.394927607139033112e-06 1.099322826353982699e-06
-2.752847573443537455e-08 -1.090493212281158529e-06 -1.286266456364427400e-06
-9.818283039660958518e-07 -1.763974328811042109e-06 1.220695401749847946e-06
3.897303751573727066e-07 1.295437626564915524e-06 6.756559060318861071e-07
3.217077421689188060e-07 -2.314721116924046495e-07 -6.634673202739240136e-07
1.191884340422252485e-07 1.800554330891570889e-07 -5.985089774808708996e-07
1.152831191664079296e-06 1.187364416153979728e-06 -1.664998362126454271e-07
1.689976239835060201e-07 3.550840124651902521e-07 -2.579322729288700583e-07
-1.864625322933742981e-07 -1.230009485629206803e-07 5.167742180073114187e-07
-1.009543040363150860e-06 7.238660069241146396e-07 2.957938516375826341e-07
-1.570158751830962080e-07 6.459673784048358747e-07 7.838693894412151719e-07
-1.226291253432280244e-06 -2.577058137988002458e-07 -7.457354790778721502e-07
-7.159923763148995171e-07 -1.403044793821004013e-07 -5.173661017745636383e-07
-2.782889136196038731e-07 -3.846796955322176209e-07 -1.051419034243362959e-06
-2.150015692877500638e-06 9.276293806374791962e-07 2.881539218323397102e-07
8.122333798507426237e-07 -9.235140146053049293e-07 -8.054163763469065303e-07
2.273356512373507975e-08 -1.100897037499718591e-06 -1.707888725180465514e-06
-4.141528371663400197e-07 7.438667333942523429e-07 3.982042565629292945e-07
1.140311031841726292e-06 -5.914419730515904121e-07 5.704506933312330301e-07
-7.136490688000002205e-07 -1.455375907778801560e-07 4.920353680596639253e-07
2.957825948747730698e-07 -4.442471544051291853e-08 2.527107312687774202e-07
5.705012565685430030e-07 3.558797240359754869e-07 -1.441909265043564340e-06
-1.710735971684068071e-07 4.425056500157045265e-07 2.065137775088578739e-06
2.756467971731209726e-07 -1.171411192516008727e-06 -1.803452073814545073e-06
-1.329673627089647157e-07 9.768592609465531141e-07 9.083519476633197856e-07
5.976492419671829903e-07 1.189856400426426090e-06 -3.684499169806782360e-07
-8.218176470200634286e-07 1.021406730625282695e-07 1.381347254601138763e-06
1.168044702193535374e-08 -2.615916685915824920e-07 5.188731115703231611e-07
-5.121631371704705843e-09 5.085541963642004092e-07 -3.872041724674011640e-07
6.786891431983339947e-07 -9.693821906545137590e-07 6.615834439698745567e-07
8.454747989814937372e-08 -7.737589850972441325e-07 1.254190379259189681e-06
5.694861671851108104e-07 1.099549404483827421e-06 9.197853529592653754e-08
7.101127772368052781e-07 -1.297471498512274163e-07 6.791739761842947119e-07
5.898572626589155422e-07 7.085154755710256644e-07 5.269796920275374835e-07
1.844415170382977527e-06 8.700034137589094669e-07 3.937118128362878628e-07
8.080875428400024240e-07 -7.011526357617068497e-07 -1.382751762850779218e-06
7.839146480012427122e-07 -4.987243379230875768e-07 -6.063054458839721349e-07
-7.768264008363861326e-07 7.331586359951237476e-07 -5.939047937821343021e-07
-7.444477973585529392e-07 8.970257364335300146e-09 5.394708722943563231e-07
5.174652059864072003e-08 1.183166984381102825e-06 -9.974546357238676399e-07
6.816286723810123569e-07 -5.398811033045663317e-07 -2.755978121259308336e-07
-5.327881869757141189e-07 7.329995613665029058e-07 -7.989881642699162007e-07
3.694672343553852833e-07 -2.974029276948087184e-07 -4.850164534844308305e-07
4.354382995826860451e-07 1.429361031046368083e-06 -7.435132477269852354e-07
4.741821764996946270e-08 -8.518850813462318481e-07 6.433843679914130950e-07
-8.667658895825132813e-08 2.555107094629554599e-07 -3.493865345812771086e-07
5.459587291578143562e-07 7.910583282726587019e-07 -2.695553748985014095e-07
-9.256548249228671812e-07 9.485834096399255228e-07 -5.787659507065177118e-07
-1.476661651296464227e-07 1.082309842536871019e-07 -1.004514925668959263e-07
2.169891054434860649e-07 -4.016503638426317573e-07 3.400262387572647859e-08
1.184299501849267235e-06 1.863347994769296560e-08 1.608456999764430623e-06
-2.567978238662901495e-07 -9.484172603972507547e-07 -3.996730952850587562e-07
2.665839153055455458e-07 -1.153645740526123890e-06 2.341436923213505920e-07
1.632795077611857312e-06 7.650526962809879575e-07 -7.632078503151610007e-07
3.770901002074684807e-08 4.681111496028729604e-07 8.006200055318445199e-07
3.331315431026958674e-07 -1.566045704581169030e-08 8.220584837010928696e-07
2.204235840422257724e-07 -2.065800992525969537e-07 -5.320001349721264875e-07
-1.956289637920047727e-07 4.301003382101228033e-07 6.382896231271033973e-08
-1.142368414458952145e-06 3.488474133383494180e-07 -6.461944972269648064e-07
-1.624917628709005639e-06 9.510651964343002052e-07 6.179821964851436038e-08
5.613640698658036561e-07 -1.368614227313593943e-07 -2.286116408540530508e-07
2.253460528133614438e-07 1.896886821539340338e-07 1.201874896407863596e-06
1.336238625000874821e-06 -8.615097778321458417e-08 1.463980971537292254e-06
-4.795420656677712795e-07 4.347902317546445045e-07 1.083668374306416438e-06
-2.507988999714664007e-07 -9.989700331352865324e-07 -5.889817489751970379e-07
-1.433810417185423906e-06 -5.294079658375928216e-07 7.825040502920267843e-07
2.259570537572758536e-07 3.957670449497933171e-07 1.648050189618275488e-07
-5.190326506264576142e-07 -9.246053886313655123e-07 7.560066265386261810e-08
-4.897975012825505963e-07 3.428432751711147967e-09 -6.527306702327284341e-07
9.485686119594963377e-07 1.385822731957151159e-07 2.660454773321804684e-07
7.985671887724332206e-07 2.104792238664953588e-07 9.519431532304633601e-07
-1.300679116438040859e-07 -6.985496416486686701e-07 -1.037892136837984840e-07
6.380072183935664211e-08 3.832233960532777341e-07 -3.712946967130147321e-07
-1.078333490325677871e-06 7.616757083702703912e-08 -1.575836470073975160e-07
-1.012871795559089328e-06 -6.836702471005470223e-07 -2.500793362028394035e-07
-1.299733871727872953e-06 -1.118652781479789641e-06 -4.859745739253556175e-07
5.700018401059166521e-07 -1.158651314580727924e-06 -6.852089365175335682e-07
-1.273912563644703388e-06 -6.627931224381612137e-07 -3.553211117054524901e-07
-2.073541729186412254e-07 -8.432527120967542190e-08 1.253319233380184094e-07
-5.557723907693860132e-07 -3.061166877682358448e-07 7.984050561148365707e-08
3.589824332096902989e-07 4.040356130141116662e-08 -5.266896338251310232e-08
9.654877713476743207e-07 8.991623555957070807e-07 6.484588799685490692e-07
1.290914356171609493e-06 1.140923909939760629e-07 -2.603837897840960564e-07
-1.135939229509015452e-06 -1.389983823025652189e-07 2.589800878276497678e-07
-1.448586310649620257e-07 1.026117684526862959e-06 -3.097072654612873307e-07
-4.844317368304867955e-07 -1.043056758371281503e-06 5.582475826983447071e-07
-1.400282636749924189e-07 -1.230046288703006920e-06 5.847396429236154248e-07
-1.145562168896292438e-06 1.812141604765364699e-07 1.334234074826818941e-07
3.638099902233219869e-08 9.928582958618990840e-07 -6.591997927298712043e-07
4.785058826693740125e-08 -5.936068913293626516e-07 2.565244855252035602e-07
-3.845169406395080972e-07 -7.512475853614446633e-07 9.011911856317554430e-07
7.095466180311123256e-07 -3.491473408541214604e-07 -1.167616428751147900e-06
-8.027536279771018309e-07 -5.198497242714988396e-08 1.853621011973543471e-07
-4.376904135670141911e-07 1.524285327997565090e-06 -4.613339907793706158e-07
9.581499117948109126e-07 5.126072822351485449e-07 4.115326984834879146e-07
-6.875212627726568140e-07 -5.000991838430456314e-07 6.283818977509606359e-07
2.985806947107213052e-07 -1.049847521871288796e-06 -8.296302741502559019e-07
8.832291978937651319e-07 5.093512735643133643e-07 -3.502179546700564888e-07
-5.861828318698962437e-07 1.001571681192107805e-08 -2.700115251853288437e-07
-7.969424985368740957e-07 -3.231900293316723439e-07 -6.932918872530220810e-07
-4.899077004879560326e-07 5.463662249454999472e-07 -1.583751479111080293e-08
1.963256755698609428e-07 2.420657580177515482e-07 1.013855514535464299e-06
7.448131139392873025e-07 5.083871963407860322e-07 -7.452131006227089331e-08
-8.483796562650262332e-07 -4.206284155184076122e-07 -4.832287875059605333e-07
-1.087422629694991579e-06 -1.398887684312916752e-07 -3.267665429096190570e-07
-2.602217146893559184e-07 8.113195333271731347e-07 3.317900309819534221e-07
-1.925478208517057464e-06 9.897901822597773777e-07 -6.818552026384730059e-07
1.076929446915868454e-06 -3.636206862416238475e-07 1.236020690409206475e-06
-1.730598089233287063e-07 -2.525990898574948128e-07 1.251482661227829468e-07
1.213595557652150351e-06 1.584774950726898508e-06 -1.262983693768015414e-06
6.880501449335599203e-07 -4.558814888991407476e-07 -6.013241763777747837e-07
9.409900583067650614e-07 1.487166227728324900e-07 5.744963060979642404e-07
6.643316291823623820e-07 -1.781848011200281915e-07 6.986935452527636974e-07
-2.340413988119600515e-07 3.631340805114164443e-07 -3.302945094903616400e-07
9.188089909516174773e-07 -1.315722003320895512e-06 5.745039153308630103e-07
2.596481583936164893e-07 8.500474268108648506e-07 -7.164779744790967409e-07
-2.762162557188828330e-07 1.314114428469953230e-06 1.857498099315180790e-08
2.710425324764645530e-07 5.422709206988174810e-07 -4.020676475187321759e-07
1.180087886945438226e-07 -4.740922580545048403e-07 7.884804965778303417e-07
6.924662509693314902e-07 -1.471479744881680422e-06 -1.442992621210308339e-06
8.043132656813193344e-07 5.366072119998260242e-07 1.421196714746397848e-07
5.548007245120344051e-08 -2.224123927347849212e-07 -2.883331341680434767e-08
4.332588966075394854e-07 4.482329899575140229e-07 7.163673550368259111e-07
-2.352892139294754467e-07 4.122327228598804852e-07 1.678686274765651440e-07
1.130736801369969819e-06 -8.899656009880468747e-09 8.826678495317524425e-07
-4.889038657159408352e-10 -8.900848224729914385e-08 -2.179520886504447992e-07
1.904599048253486556e-06 -3.497034289675089403e-07 -2.747777344943492483e-07
5.907521861065192714e-07 1.656371049708469205e-06 6.444510970711386834e-07
-1.094419823694254113e-06 5.308554063447670677e-07 2.908495625464877506e-07
1.109766013971685446e-07 -8.563485427369913703e-07 -4.582111302717923796e-07
5.349945399450245503e-07 1.408677519273973268e-06 9.830368867804581958e-07
1.292982320870300916e-06 1.078587777071465184e-06 1.421956733852654245e-06
-6.280786761831190054e-07 -5.674656030955434336e-07 -1.017959536810034974e-06
-1.417529704259290073e-06 -2.802935174620712726e-07 -6.491925522040116420e-07
-9.194603282430756136e-07 -9.140098921988414562e-07 -5.040765911759506269e-07
1.081038007719691940e-07 -6.623108993813742930e-07 8.317402873082751438e-08
3.767733080157159954e-07 6.870114053521048432e-07 3.469460404623956050e-07
6.956912481682577798e-07 8.315906686897399729e-08 5.353230997534336067e-07
-4.335943442748883321e-07 8.983515851496297199e-07 1.197184926434866615e-06
1.078386104736534865e-06 -8.943425993379033642e-07 -9.272895419441397323e-07
1.067552555884957264e-06 3.816350426730722679e-07 -1.136647466283505842e-07
3.945264491545748930e-07 -8.844580199197278896e-07 -9.775713587188646209e-08
9.446097752856834778e-07 -2.128318756507132419e-07 -2.997602997636175709e-07
-7.613010240591389172e-07 7.978441853703990805e-08 -9.964185483540695643e-07
-3.845330912536811189e-08 1.360259856737119821e-07 -1.671791652141589843e-06
-5.301910101121769367e-07 -1.032470152558341039e-06 2.376427147333930870e-09
6.149080747232666039e-07 3.872620827257263117e-07 -1.038693868730006552e-06
-1.996760860866266568e-07 -1.810042125099443527e-07 -7.207673831426812154e-07
2.428469597529489885e-07 4.502093891907938668e-07 4.224276349743537501e-07
1.912395293416028580e-08 6.089661934176649189e-08 4.225936323507268236e-07
-2.435175671165858943e-07 -9.180250743169461171e-07 4.377951126163327439e-07
-3.805611264109159281e-07 -4.889913325071190500e-07 -1.592164773179926170e-08
1.699866655143455912e-07 -1.653932966563773165e-06 -3.929418011691203371e-07
8.786364259742569123e-07 -4.343998813822660391e-07 -6.170121731082485726e-07
-1.401047953770590766e-06 3.808628615650232661e-07 3.794757250467292835e-07
4.107408411236819153e-07 -8.885427244516700711e-07 -5.692097999626915491e-07
-2.754147127086658230e-07 6.135781892057850275e-08 1.635924938184893283e-07
-1.127307951573329847e-06 2.126584789240409503e-09 -5.218437115831920124e-08
3.612681558370607581e-07 -1.205032111735336426e-06 -1.103667345146275535e-06
-2.441332059494710826e-07 1.972794753110741414e-06 8.862287446455846486e-07
-2.820629690231371245e-07 -2.388299934950724964e-07 1.015716260847675400e-06
2.016517293594486164e-08 -3.930100719658851325e-08 -2.175357031118590431e-07
4.694908892973941672e-07 1.230760971335056183e-07 9.541887251870007115e-07
7.798048134449571244e-07 4.260763312353659908e-07 -1.940484990404905325e-07
3.085138755548519254e-07 4.066122701348131171e-07 -9.856501261723196106e-07
7.950700408392068637e-07 5.822428973573531467e-08 -1.915449007559176861e-07
9.761502634390685978e-07 1.285987268115765097e-08 -1.155228653672435567e-07
1.371874436251441690e-06 -2.460304832059470004e-07 -8.710903874076461213e-07
-7.403815141388131384e-07 -9.400206656030760231e-07 -8.518458931017700282e-07
-1.465190516598847131e-07 4.402337164578189244e-07 -1.818642433457354298e-06
5.813819011121230706e-07 -6.305202693973651589e-07 1.213860742882471413e-07
-2.661406899275158647e-08 1.700030160071719558e-07 -2.595588334899614220e-07
-2.175440940355561428e-07 -1.327327548254883821e-07 9.399313860170713385e-07
3.997967510460304040e-08 -7.292513399917617962e-07 2.985573579150275535e-08
-1.582759076826810674e-07 4.511009711493087587e-07 -1.084325662930302489e-06
1.224808690093297800e-06 1.872014498833209902e-06 -1.581927057454824131e-06
-7.702632730837545427e-07 -1.591843607292634584e-07 -6.723334155892817603e-07
-9.621163112745181378e-07 -2.160094634851509824e-07 -6.122586970951165220e-08
-2.624991341035804397e-07 -2.728879695409533515e-07 2.567379969383517194e-07
6.942902447174474316e-07 -4.480225098303653572e-07 -1.178392373647812477e-06
3.666308647275101453e-07 2.798575858264696281e-07 6.999024305278323804e-07
-1.314081223593444605e-08 1.408539682940422879e-06 -8.796764294318538879e-07
3.698740531242127239e-07 -4.126704008963104891e-07 -1.553674167328777787e-06
-7.266037995397230129e-07 -1.956336762538446523e-06 1.308250644747507779e-06
-5.464613010654032177e-07 -5.067196245772757041e-07 1.026828589550865873e-06
4.899292096565834485e-07 1.943867005340212944e-07 2.165196569689982590e-07
6.207989636092455970e-07 3.219855240996054126e-07 1.204587292524627259e-07
-1.236031305342282897e-06 -1.053933726300653635e-06 8.713924252642910928e-07
-2.952429496312391203e-07 7.815718551742304775e-07 4.603751757991558038e-07
2.303342621456156050e-07 -1.686037210649881707e-06 1.415061737764757270e-06
-5.234013036684252540e-07 -2.301526581031968957e-07 1.243359436761238545e-08
-1.318707787374031327e-07 -8.493342093338248605e-07 3.919367366320287407e-07
-7.677236533512491163e-07 -4.148522296576871210e-07 -5.307728829744867952e-07
-2.345527643692130460e-07 -4.310912225020580834e-08 -6.057760058957709873e-07
5.866456905431711649e-07 1.301313302367701354e-06 1.566131645627193375e-07
1.057312914328104424e-06 1.110175244153695410e-07 -3.141300600036665943e-08
-9.241005750340984141e-07 5.868349202618496224e-07 -1.131426191560932231e-06
1.057309654512072602e-06 3.540990679172974319e-07 -9.730839679961772574e-07
-1.035972544668289668e-07 7.098766806835439169e-07 -5.396577830743338721e-07
-9.864541167991876533e-07 9.026486659900780458e-07 -7.661831893505516492e-07
2.548769097478293756e-07 -1.719909508616998931e-06 -1.607121772275546306e-07
-1.592721997113001476e-06 -9.670849283979978962e-07 -1.445372893797105851e-07
-5.195730568690870857e-08 -3.771056828946407781e-07 3.555606383409690635e-07
-1.783622910086724422e-07 9.211812526257651074e-07 -6.979384850018700088e-07
-4.407192799152262730e-09 1.396264841431713233e-07 6.025922685372278605e-07
-2.500659873746191308e-07 6.054938341223858206e-07 9.944679204379559064e-08
-1.141490461863856733e-06 4.323737996020980344e-07 -2.268179985943466137e-07
4.367831786165491527e-07 2.946239011439140111e-07 6.313866678759278061e-07
3.374646123499829561e-07 -8.641084205352909008e-07 -9.885455382560080402e-07
2.821529368903060919e-07 -5.439248277691237596e-07 -8.509586941973742064e-08
1.675041442755893247e-07 1.174696996519930885e-07 -5.891826087530863227e-07
-3.882381939478911694e-07 7.493515550572371919e-07 9.935346002897668352e-07
3.330074189137053917e-07 7.175469717492481157e-07 1.163495799713871603e-06
-2.856685680582295809e-07 7.196829008884469632e-08 7.436765999371151102e-07
-7.623705507308193387e-08 -7.636451521956106939e-07 -3.647886539828950834e-07
8.970836100559992566e-07 -8.230126368928171847e-07 1.715447058444920302e-06
6.055340608442866087e-07 1.444652723196363241e-07 5.279656512363969253e-07
-1.863780625596316034e-06 -4.426220071871192694e-07 -6.366347747078222455e-07
-1.140603945330268257e-06 -1.694544807005541341e-07 1.532316686753927610e-06
-1.537493070199494898e-07 -6.115711206352165325e-08 -8.816247793655829676e-07
-7.992989203393466148e-08 8.629549262138366539e-07 3.859233061314489577e-07
-4.749076161257808357e-07 -2.069757954889207157e-07 1.428729367565619316e-07
-2.502134724511117253e-08 8.081165224898781657e-07 -2.029353925958032003e-06
-1.773806684843995449e-06 3.000975804777165271e-07 2.211545276894525281e-07
-6.960237721694065162e-07 -2.976858944121617808e-07 1.158003619157182917e-06
1.022610435224140389e-06 -1.034745743361520690e-06 -1.187374771981055496e-06
4.470253017232414123e-07 -5.862597144667975989e-08 6.602787388164398197e-07
-7.255622798979481525e-07 -5.197213807878463357e-07 -1.468537275348526696e-07
-3.960147016421005421e-07 -1.126546895113541695e-06 9.856540456763765580e-07
1.509724798839993133e-06 1.096466731829460049e-08 -1.048713260039930025e-06
-1.413521600059407610e-06 2.206147236065605730e-08 -8.445418992747515184e-07
-9.654281283418515609e-07 9.206737257897763897e-07 -1.238839555568574805e-06
-3.394240695532651869e-07 -1.079620062213373041e-06 3.486850254125095848e-07
8.616973610937845493e-07 -4.476854886138607630e-07 2.652038347517048454e-07
-6.619226877815606821e-07 1.274233260925298066e-07 -4.704742729957489988e-07
2.448869451955497321e-07 -2.108006216058931635e-09 7.086391840815454791e-07
-9.123964303636892505e-08 -8.677485240246504759e-07 -6.485275144625901889e-07
-1.040959002494138274e-06 2.405692693964759905e-07 -7.362632672756895729e-09
1.635113961475329006e-06 -1.178392101075371589e-06 5.136920961842588580e-07
-3.844797460605788873e-07 4.642087261957345802e-07 -8.304849556995384487e-07
2.975618993483618662e-07 8.272281292268654588e-07 1.436480990155648446e-07
1.084889638643209668e-07 -7.138489033986216400e-07 -7.922287279788586257e-07
-8.369077728000312071e-07 -7.538605786437616969e-07 -9.388555963697377065e-07
-4.854966630082784945e-07 -1.189027654302600310e-07 -2.959916539330842483e-07
-3.314727263924784650e-07 -6.627989747770364901e-07 -7.645425271703158236e-07
-7.732473665246072549e-07 -1.887932158493372483e-07 -7.560038589186376837e-07
1.510084977876729269e-06 3.784312570152766510e-07 -2.896761575402111106e-07
-5.944185221808946164e-07 -9.953123208474092765e-07 -5.971340254079374632e-07
-3.986345040033730405e-07 1.046866200258438100e-06 9.504204586092095250e-07
4.031242234069302901e-07 9.382361071010811258e-10 2.277034158732428871e-08
-1.011341511924289847e-06 -7.016273771081585679e-07 4.180193467355201501e-07
-4.573457093956839250e-08 4.615251970940877035e-07 -3.937572051890302245e-08
-4.301720605537393204e-07 -7.178107645812715016e-07 1.683555826412931019e-06
2.776476259301887809e-07 -3.130212136556996387e-08 -7.108958767543063599e-07
-1.461901102779082596e-06 4.157236176838188679e-07 3.564502856418981445e-08
-2.353125108821763775e-07 5.849364303409038835e-07 1.445148195325657444e-06
-1.422811848645718150e-06 -8.301262858803229895e-07 -1.400762790634356646e-06
-6.559302056300382737e-07 4.572488782430228594e-07 -1.476849319522355012e-07
-2.242066126983601487e-07 7.417663145374165975e-07 -1.954773042875258253e-07
4.332930217900919358e-07 -1.476625153146214882e-06 5.150316135294030844e-08
-1.102913864310121799e-06 4.389355258986058763e-07 -5.380189149142391626e-07
1.085172737489299062e-06 -1.703431548064756944e-07 1.515812136056999955e-06
-4.535902067581464546e-07 9.869425226616857389e-07 -5.632853716308602397e-07
-5.075566470862228585e-07 -1.459683983664624403e-06 8.332607203851339725e-07
5.396561999101340355e-08 -3.505512546172695909e-08 7.347021159193204102e-08
7.533355819861537203e-07 -4.863474142871624335e-07 1.333919083308762069e-07
-8.328127031581982414e-07 3.579047286847441282e-07 -6.556927409491496018e-07
-3.437853319253469010e-07 -1.719097007911278521e-07 -2.522491605607096812e-07
-1.150509675043127618e-06 -6.647678951128901990e-07 -4.069393263991905939e-07
-1.087262319108728912e-06 1.511675878670940962e-06 -9.145859930084994553e-07
6.726186560472721863e-08 2.285325708789372912e-08 -6.680772434357360245e-07
-1.542056746724793633e-06 -7.871423827024010701e-07 -9.589727140116176543e-07
2.449565482957498808e-07 -2.191547008733958449e-07 -6.320833336708051483e-07
2.807155555836792975e-07 -2.731530642051406113e-07 1.222484583009405269e-06
-2.000179593053373995e-07 -1.324738213085325300e-07 -4.538082950361277230e-07
6.739592668647618420e-07 2.449356262697244968e-07 1.433923966088353641e-06
-8.506927136668470139e-07 -8.723211961869428343e-07 -4.225688698548744390e-07
-1.681144233331392145e-07 7.222326981745874358e-07 -5.071437788417582285e-07
7.458820914185663808e-07 -4.023074970292587217e-07 -1.210042170154859419e-07
2.142244107269988807e-07 -1.273246071688694257e-07 -1.198781099202140821e-06
-1.602757790046599693e-07 -1.959202049807442934e-07 6.865785803233291337e-07
3.089639598256050220e-07 6.413618744774888726e-07 5.727190024917159025e-07
3.846956222903742344e-08 -6.389689892930118795e-07 -5.516044810204944833e-07
1.811509211461026901e-06 8.480654502724973899e-07 5.260034451118164237e-07
-1.281001881708583126e-06 -9.008025338431582973e-07 -4.117880511364822939e-07
-1.442384705615239043e-07 4.532457232690008908e-07 -1.059007715976000147e-07
1.840351427572947816e-08 4.107183575940072489e-07 1.971017918472780275e-07
1.154511743718187010e-06 -5.367036327613544278e-07 5.691144600505731850e-07
8.872681155930966202e-07 -6.266816182896439522e-09 -1.468685395959190303e-07
1.363417692171993647e-07 -7.268426447556398637e-07 -1.767548412609786621e-07
5.968520644351915758e-07 -2.902920845938327004e-07 -6.805988050697154696e-07
-6.586693803562296938e-07 9.609552756659831053e-07 -3.308946179319292990e-07
-3.392307734744774689e-07 -2.815582225539694971e-07 1.516983769641158131e-06
2.638130288840290206e-07 3.733455195135888875e-07 6.002794573730258072e-07
-7.305433441898634239e-07 -9.580542384973360306e-07 -7.779400439895928145e-07
8.988093659207758067e-07 3.536880878177751934e-07 -2.045413563791487548e-07
1.092021259234095549e-08 1.541846615145794284e-06 9.057313862790535186e-07
6.413625062286049597e-08 5.993561739830340156e-07 1.816838344149607866e-07
-5.683969759914412315e-07 -1.327193424126809773e-06 -2.229434647997606561e-08
1.354259693841737565e-07 1.370608344939045121e-06 -1.153639899610133664e-07
1.365084061045574303e-08 3.678282747334460056e-07 7.190007271705386585e-07
-4.260516281071808587e-07 1.384271299454457946e-06 6.225816677361845701e-07
2.126489324185086349e-07 -7.872065785393614580e-07 1.339616595309260210e-06
6.386548442172611057e-07 6.045999662014433706e-07 5.923480132147666055e-07
6.237716493992981400e-07 -8.672781749608847250e-07 1.659355183797675755e-07
-8.816748266201760465e-07 -4.784988324955614448e-07 -9.237531122378462255e-07
4.771749511292133580e-08 5.701329929674275482e-07 1.635563703017869115e-07
-4.063015694868868258e-07 5.175424818602994561e-07 2.328050725729696624e-07
-7.394938967094151445e-07 1.521144598499867948e-07 4.651538551647348462e-07
9.392961803255473328e-07 -1.988948643697698160e-07 8.022888066595575331e-07
-3.429864791493490763e-07 -4.690577854328168670e-09 -5.771381127838958778e-07
-3.287864582182000652e-07 5.289057120361361053e-08 -7.532817402742061559e-07
-1.893076300949252334e-07 -2.369608122065513199e-07 2.523870014894339068e-08
3.166989245837811802e-07 -3.720351364414410932e-07 5.882037692667100815e-07
5.435006437297321912e-07 6.903939330691634990e-08 1.559530895858535132e-07
1.905121196295023905e-06 -1.276186454568034637e-06 2.551904284671480886e-08
7.938485984192681016e-07 1.035478063884538527e-06 1.523972323371743295e-06
4.952150715283058549e-07 3.819148165453827664e-07 -5.785258289561595236e-07
3.261045636932510688e-07 -1.254260089122925195e-06 8.513623225011107537e-07
-9.820561697689602466e-07 -5.161173474908797896e-07 2.520654438515928894e-07
-2.171184475776924901e-07 -3.178596549674756633e-07 2.637568983486675052e-07
-9.272026184507978813e-07 -1.043769116374355374e-06 6.769601587089124054e-07
-4.391219937320935482e-07 2.659388097205760950e-07 1.690442109489960824e-07
3.157330650136097911e-07 4.789358215384648868e-07 -1.053831925432289673e-06
2.478154837281148991e-07 8.584177225971817611e-07 -2.338189022416849161e-07
5.211087843799088569e-07 -5.619596269264167203e-07 5.922046017579008083e-09
-2.663681005407331401e-07 -1.285757165514444382e-06 1.120281424838681044e-06
-6.008921294663454999e-07 -3.480073801388863274e-07 -2.994574648439965410e-08
-1.315125355849895372e-06 -3.831108106524144428e-07 -8.470510271105395180e-07
-7.878446198764793785e-07 1.093673383310381024e-07 1.856844125128912039e-07
1.031297370629401773e-06 -5.825441865878255309e-07 -5.026923655208191846e-07
-5.055398553110675718e-07 -3.373387682940676108e-07 -6.522648165753402923e-07
-1.093615016931309385e-06 -5.457610743750205183e-07 -6.017561808447574691e-07
3.383685535484055231e-07 -1.891868956217008502e-07 6.888057480192524961e-08
-2.425741323094418230e-07 -3.496626518144976213e-07 -6.242954354013519069e-07
2.926918756508608392e-07 -3.039957016910539924e-07 -6.818261142628471848e-07
8.156247127078611330e-07 5.431857070732938405e-07 -4.198521955352978358e-07
-6.607814502329046631e-07 -3.822045272386086303e-08 2.651744765062925258e-07
-1.203283592399300826e-06 1.210746266747792469e-06 5.363939166229175768e-07
-1.967704760364355596e-06 1.518228974444014400e-07 1.092610320931958255e-06
-5.672168798590117672e-07 -1.132651165033812455e-06 5.731555979906223376e-07
4.005076038505930710e-08 -3.255060300635459001e-07 -5.407757480672882810e-07
-2.884373885266621723e-07 -1.125601283086396662e-07 -1.230954568396442172e-07
9.735169665666146471e-07 3.731843357227262161e-07 6.137537450744168003e-07
-9.655782620250557009e-07 1.031053390354510261e-06 5.838278394046975226e-07
1.522669732474036215e-06 -7.536831710911698864e-07 3.406043661032301566e-07
-8.793623969143391549e-08 8.240398753646038322e-07 1.599024946456458514e-07
-7.646788893496764116e-07 4.320029668525278250e-07 8.711016347468807341e-07
-2.737591032867300357e-07 4.974347930773397302e-08 4.686153421748408493e-07
3.745224606325003843e-07 6.616555827178517123e-07 1.438918241314206814e-07
9.310181026130004756e-07 3.071361354993991823e-07 3.456201057604630608e-07
-9.826929021478919647e-07 1.160610779660395254e-07 3.805304724527887131e-07
-3.556684157403687109e-07 -4.682150321831660816e-07 1.373306388144111254e-07
-8.623786115209814985e-07 6.569434868381370610e-08 1.566205455829326700e-06
1.409686933422012312e-06 -3.041397330841590297e-07 -2.856006467610920089e-07
3.973260223160840498e-07 4.951416337649233400e-07 5.800626601259287407e-07
1.570048722329588702e-07 -1.249264845933891203e-06 4.531263400946823782e-09
-3.119153475434750917e-07 6.429232279066579213e-07 1.566487959179667085e-08
-5.034398792916949046e-07 -1.121396575050891791e-06 -5.536016406811231223e-07
9.070988702037498514e-07 2.876053481448740588e-07 1.320153564149867641e-06
-5.262270175646620734e-08 -1.702123781919766662e-07 -8.260855300044430505e-07
1.737484352472280877e-06 4.183473927259427712e-08 2.782215651795252700e-07
5.828661843610535033e-08 9.577620613250222979e-07 5.363186187966271187e-07
1.277588231420233409e-06 -2.479745717113650839e-07 3.988372316045205760e-08
-1.617438197100218960e-06 -9.864152657900127975e-07 1.910844010637665108e-07
-4.952396967441905895e-07 -5.999308790493910850e-07 7.062238489935037003e-07
3.166181272571634056e-07 -2.929015550010560499e-07 6.923725257882414751e-08
-2.236614975522710235e-07 -2.033689980395709839e-06 2.297269657051382080e-07
-6.225079997770220489e-07 -4.804010555013565805e-07 1.261227406059458310e-07
-4.209649500128010916e-07 -2.375863330430042442e-07 3.331971309642816408e-07
-1.339782837083152131e-06 5.312394067216262521e-08 -2.194762449048863409e-06
3.587132990663896649e-07 1.128293681266673407e-06 -3.403295335902840567e-07
9.556956948540255337e-08 1.330584859229555078e-06 1.275881538865457271e-07
-7.661733234393577581e-07 1.492542496772378320e-06 5.565105205136125412e-07
5.278251243144746696e-07 1.587142600660997160e-07 -7.342679588966806461e-07
-1.789081307309526386e-06 1.337838409237590009e-06 4.658240911100162278e-07
-1.171477716495076760e-06 -6.506083925045467332e-07 7.618666665217953324e-07
-1.423727886406121764e-06 -8.772673457084437166e-07 -5.472302907376149289e-07
6.702128482238583923e-07 6.639549195924961213e-07 1.657948303341977725e-06
-3.674992020261351410e-07 3.000700163291616270e-07 2.317692830806490872e-07
-9.222722303114477698e-08 -1.316590306491771881e-06 2.252242300859470496e-07
-9.825922653019754216e-07 -9.137923152284523154e-07 4.046397961308203775e-08
2.248540910090661862e-07 1.150602616616705425e-06 -4.977780799246013866e-07
5.255714088452418293e-07 1.109363933396455308e-06 -4.369630185838293230e-07
-3.654671872543091118e-07 -2.972053275789679721e-07 -1.087455191892607526e-07
-2.597030475325035326e-06 -2.909393495754862587e-07 -8.283275428670653662e-08
1.094037262172005170e-06 -1.172147839592410310e-07 9.950464978891971933e-07
8.878608070246313475e-08 1.221988101615422527e-07 9.202636135035071285e-07
-1.670874689902883912e-06 7.363476918488494503e-07 7.652749971455501622e-07
2.859147249227913434e-07 -6.132179409752086989e-07 -1.337393401579340879e-06
4.728328614464237202e-07 -8.637411328903277731e-08 1.536458380160328707e-07
-4.175294469484794456e-07 -4.085677546809114333e-08 3.315429798003580664e-07
-7.345188204110686328e-08 2.515672806912960421e-07 5.441971561320789816e-07
-2.232712065493597028e-07 1.276665881658520679e-06 5.462944758212900648e-07
-4.854965587451720020e-07 1.776706031207716442e-07 -1.605941112471851988e-07
4.601566966420573712e-07 -7.419223743262951946e-07 7.036088187770140662e-07
1.124937772521803032e-07 9.479183058017064933e-08 1.797457658027018317e-07
-1.395353530650004194e-06 2.510344112231938749e-07 -3.511433183569000043e-07
1.057960537096359707e-06 -5.874484712563592282e-07 -2.678537953698220576e-07
8.731411589764089322e-07 -5.679317682354629949e-08 -1.219631533848654035e-06
-5.236036993712184638e-07 -4.411581024790808935e-07 -9.931893593126611880e-08
-7.335633666590734178e-07 -1.035963223333578104e-07 -8.437949342973248881e-07
3.252086640570909829e-07 -2.320021554641713502e-07 9.288407743525133542e-08
-7.676628167449645945e-09 4.020263873191618859e-07 4.406489387340077600e-07
-3.336798117003801610e-07 -1.165008713885168929e-06 -1.038928264760274806e-07
-5.605595552550425852e-07 -6.935992807325073686e-07 2.127662469551715855e-07
8.820392432512674889e-07 4.488261521841735969e-07 -1.735414831516176374e-07
-1.081823702222339972e-07 -2.409931592380730231e-07 -1.322349243784341537e-06
-1.352978861081705361e-07 2.100111776567781974e-07 -1.225828629271874880e-06
2.002270350634943356e-07 7.012676177102386254e-07 -8.448317425736708460e-07
5.196855867747222269e-08 -5.162023922079712831e-07 1.175653118671288649e-06
-1.281124374976493897e-06 2.705596492690575865e-07 6.895048814446301968e-07
-1.483712750021785435e-06 -1.153915605793477427e-07 -4.783779318985413765e-07
5.395026630739524403e-07 2.222842703029109269e-07 2.549910000365446642e-07
5.965664522464865826e-07 7.313792383510441928e-07 7.379393854421326645e-07
-1.087214530830206347e-06 -6.141703323846929697e-07 6.563909782912599989e-08
-1.671434847298636856e-07 7.247972405257871246e-08 3.989249516425064011e-07
4.875850207527628137e-07 7.444401509974202349e-08 4.963028399723921746e-07
3.243167131077308080e-07 -3.584217573958338721e-07 -2.188537267948956283e-07
2.074115279125842647e-06 -7.258707180869419876e-07 4.688732496830038746e-07
-6.656836848257350571e-08 -1.575339709755577397e-07 3.594112174889974618e-08
1.015041877001154077e-06 -4.873296534153740969e-09 -7.520037185101721904e-09
-3.984852549664636988e-07 -5.920897918991917931e-07 9.636722119899431544e-07
-1.652859255611814111e-07 -6.285422975182999995e-07 -1.018486711970248121e-06
1.181214384690317130e-06 -7.865190136733543183e-08 -1.500396650457564696e-07
-5.373925029574879957e-07 -8.642404157804599808e-08 3.660608760748389458e-07
1.049526765829305679e-06 -7.404423503374285245e-07 -1.244632508366380277e-07
-1.803140650235699160e-07 -9.978616354050882840e-07 1.346283183879108193e-06
-4.337880750560372914e-07 3.336785071965995678e-07 -5.238818769543962584e-07
-4.552217385028609887e-07 3.510539518312032207e-07 3.863294912295788958e-08
-3.651456068596074223e-07 -2.294114303389211625e-07 -2.248727111625356321e-06
7.420727679414875555e-07 -1.996895393688777187e-07 -9.797914621255640287e-07
-6.958463460683258669e-07 -2.120878968017259552e-08 -1.723088121632252781e-06
4.805929304733305657e-07 4.333244283167312818e-07 1.530998654105547530e-07
1.362210955744509869e-06 -6.408604685617409608e-07 2.805280622448747855e-07
4.775891076258948465e-07 -2.020320690543431606e-06 1.622201295283459834e-07
5.513759190068279565e-07 -8.050631480677789095e-07 7.905001540892226595e-07
-4.698442359531116880e-07 3.057350830169386880e-07 3.493978747642608968e-07
4.473303795177852794e-07 -3.384981138206436930e-07 1.294399210318667284e-06
-3.295886458673882972e-07 -1.542679311585234210e-06 7.984915246970819846e-07
1.072558580321519096e-06 4.848631100195418118e-07 -5.088827613049584876e-07
9.943341225650423989e-07 7.816984614887940149e-07 1.444845553528956709e-06
-9.852324326361107546e-07 -2.267303453910058140e-07 -4.413479232102038795e-07
-7.010691877726625869e-07 -1.222015220245461524e-06 8.918869109069395002e-07
-6.906040475385448908e-07 -8.520035795202511487e-07 -1.762699849337657836e-07
-5.989382875659386795e-07 -7.370245556277180359e-07 -1.838977747926346624e-07
1.235882375759756551e-08 2.485241051952313199e-07 -1.087289769602375898e-07
1.097414996217116219e-07 -6.400682112832452853e-07 -3.821569029527666016e-07
4.402757698493274275e-07 -1.340702055820293253e-06 2.416391478250798265e-07
1.162289440176243939e-06 1.274762059284415207e-06 -5.788734514913484797e-07
-6.456230814401020004e-07 -2.029529865242823252e-07 3.865210237254199814e-07
3.175774861704849698e-07 -1.738845485043475147e-06 8.051598500024702425e-07
-2.879138433928275760e-07 -1.329047952714396258e-06 -2.965243737026548499e-07
1.754040103782300458e-08 -1.367406555832471800e-06 -3.247971902235012577e-07
2.567948522334505753e-07 8.210116538605396075e-07 1.434666029150017651e-07
-6.448770973812490987e-07 1.544542131777196179e-06 -2.800504514357433590e-07
4.549289378875044659e-07 -8.831286473637633909e-07 -1.113985626488272142e-06
7.194451029614039620e-07 -1.151217288136186292e-06 -6.101456371337161644e-07
6.112709120877590917e-07 5.498095823608657912e-08 -9.412928413117513919e-07
-4.740079219329428633e-07 -2.230788395227926594e-07 -1.930882375090879993e-06
1.592864895069326900e-07 2.768457032362637710e-07 -4.566505240972996783e-07
-2.655561314351822327e-07 2.631878322866582766e-07 1.239046796407613475e-06
1.040170062260665750e-06 -1.153674680403293472e-06 -1.221049590221281309e-07
-9.726361964860999509e-07 2.090989008601674568e-07 8.430299264495457385e-07
-1.809044578213907465e-06 -8.917886395266135717e-07 3.040731044238598719e-07
-1.003588140608295842e-07 -4.927751048129888638e-07 -4.250408769349870495e-07
-4.986025303314409718e-07 1.290824631342358519e-07 5.198594335814593247e-07
-9.810145557825224686e-07 3.777954070833044428e-07 -6.020716364059967049e-07
2.450279985679630219e-07 -3.606058707630018772e-07 -1.479948963820934020e-06
-7.821124909805396200e-07 -1.717206740031256458e-07 3.604558524690739564e-07
-3.996966266130589972e-07 8.732238900822083949e-08 3.604166981698948844e-07
-7.302758670963284394e-07 -1.134611704482385271e-06 -1.627934387167786770e-07
-3.371376297181528496e-07 -1.177975559204501230e-06 8.372446136315399862e-07
-1.908796297402633889e-07 4.870465976411472966e-07 -1.625867693454663657e-07
-5.509493016627362588e-07 1.193347389747371190e-07 -1.400648312374076514e-08
-9.549003509227432468e-07 -9.859470010324802042e-07 4.141749884710030439e-07
-2.402136906784815401e-07 7.979709841284660069e-07 8.311411149599593608e-08
1.220622828625621945e-06 -8.101471603515589400e-08 9.788650047215341755e-07
3.743042324769988311e-07 7.030357877001269323e-07 -8.267783055975006291e-08
3.382894418082477098e-07 -8.627923688864526686e-07 8.767099552192029772e-09
5.704469410432810513e-07 -4.173680391189530898e-07 -1.095528980311369122e-06
5.529069338144088224e-07 5.325443373156276493e-07 -6.405602567787245993e-07
-4.920946897741301155e-07 -1.129111021270231014e-06 -1.962161211739138408e-07
9.447225037938459805e-07 -7.746831972853085453e-07 1.387218914117694416e-06
6.918479669761829440e-07 2.192435906836192972e-07 1.017325094417285629e-07
5.392867764976778725e-07 -2.897451242084145259e-07 -2.052335848023116634e-06
1.880192216236074324e-07 6.099865178115802670e-07 -9.766937530460838877e-07
-1.189593003132994272e-06 4.425504216287098817e-07 -1.201267251097037937e-06
2.421581249227228238e-09 -7.111626350181983305e-09 -5.948671668270437329e-07
9.518759134301728508e-08 -1.104821780568377968e-06 1.790345577624089518e-07
-8.322955860425917918e-08 -4.205475690282419841e-08 6.371028056920445706e-07
-1.084450788758675075e-06 -1.052145807761702946e-06 3.643032593324910471e-07
6.747229398717094157e-07 -4.246568989005762451e-07 -1.472762468360152658e-07
-1.260080161923641088e-06 6.272298099593164099e-07 6.818472231964651290e-07
-3.795094468070106309e-07 1.000076903539038170e-07 -1.494121435658764051e-07
9.064925434103979180e-08 7.952506683893701322e-08 -1.673833263753683383e-06
2.019679137812785747e-07 -1.292161818219266577e-07 -2.748517183002232987e-07
1.001765335415095505e-06 -9.309841756547836195e-07 8.272618118151447664e-07
7.296734157699910607e-07 1.032852775769687400e-06 8.953706463329751803e-07
-5.627250987704734669e-07 7.002860591719025081e-07 9.098476898805297708e-09
-3.403784911898172909e-07 2.271789124649253707e-07 6.189179730279581141e-07
1.102950288163714474e-06 -9.438041763139561254e-07 5.008761568542104411e-07
-9.889232529703148950e-08 6.009313390920719603e-07 -2.676690118462814964e-07
8.366328078854384925e-08 2.835963630086158739e-07 -5.331508394197920754e-07
-4.125695040690914669e-07 5.420627054647211226e-07 1.051429051144101729e-06
3.088547544711549329e-07 -5.987342314938940695e-07 7.470618968154346639e-07
3.800430877423723206e-07 3.694185050510399936e-07 -1.132765109538090111e-06
-4.865191699830405988e-07 -2.648797959877220205e-07 -2.147229466684598193e-07
8.272372747174916450e-07 -7.103563784761184436e-07 -4.840833085574889881e-07
5.049574855562983897e-07 3.356124883682252842e-07 1.606125379768061752e-06
9.277590945190125428e-07 -7.565388020259667400e-08 -1.001458277868578096e-06
1.587532093541620340e-07 -1.141532360212991321e-07 3.673796285565223238e-07
1.717661329993441844e-06 3.356241976384262171e-07 -7.107859316120567274e-07
-2.607282210325586608e-07 1.055501280423136453e-06 -1.334063875331944374e-06
1.385564141744675541e-06 -2.616300825233401275e-07 -3.072476055159595279e-07
-2.855582926095746411e-07 2.047103321518568059e-07 3.877145679164758505e-07
3.552934255782106669e-07 5.457730978516033855e-07 1.303376406561858660e-07
1.166161595925149790e-06 -4.529300518912529306e-07 -4.839804549848984410e-07
-3.479101810724132351e-07 -1.779025920572389965e-07 1.429098039146502116e-07
-1.095146783124477937e-06 1.031023753778005518e-06 -2.447952072523864889e-07
-6.475200843478466307e-07 -1.182597060390638298e-06 -1.453455315040004352e-07
-1.214277766492997091e-06 1.926347323450604023e-07 6.458161934156608810e-07
1.591922595087062831e-07 8.512389523193852618e-07 -2.004246524055334460e-08
9.922101638776649652e-07 -5.662195267733214651e-07 -8.089289507577916545e-07
-4.672661470637876431e-07 6.498772472932572713e-07 -1.986216364640141550e-06
-1.312598774612830813e-06 3.653615788848152132e-07 8.543806168956357136e-07
-8.719556325463685090e-07 -1.013056160863456374e-06 8.630220780979788177e-07
1.806984213278711342e-08 -6.436784044060016171e-08 2.022718638710740772e-07
6.304258542746440900e-07 -9.580450420214069516e-07 5.948791059915446293e-07
-1.167048990729005881e-08 2.691612600019531264e-07 1.634009024470832434e-06
1.360515258575781141e-07 4.518939265278243519e-07 3.872318470383601473e-07
1.339426454582192292e-06 9.347538333291549486e-07 1.186267848365153809e-06
-1.433124791017122691e-06 -1.940152378303925284e-07 5.859704640292484590e-07
-4.987435682284236666e-07 1.076140192880122562e-06 -5.428270030315350682e-07
3.511165730958660702e-07 -1.205673462172635354e-07 -1.557522060983003859e-06
1.170515513659445541e-06 6.856755119778013658e-08 -1.131133508676583724e-06
-2.432483772664574433e-06 -3.652853020555167780e-07 1.107496866948168097e-06
-1.005665719693210295e-06 8.542370609761074085e-07 -6.402734508036580542e-07
1.530616561053833069e-07 -3.457561168874954330e-07 -1.202675150068184249e-06
-1.029687610376472069e-07 -4.437364200732773616e-07 2.531956916791936437e-08
4.580891959145712642e-07 3.043258686814866235e-07 -1.863691675866076811e-06
-1.095191744933659882e-06 2.238443402034325565e-07 5.162163007278348425e-07
1.018325515754837352e-07 -1.935081326898338295e-06 -1.179394207468678089e-06
-2.355345418275649806e-07 -4.879219345756933197e-07 1.938839222903837782e-07
-1.377529506116971262e-06 3.116454315052141885e-07 6.769032518688775766e-07
1.049743318560250561e-06 -6.144161084796948574e-07 2.080229482553216501e-07
-7.935554979946907389e-08 1.503291526470997316e-07 7.321463654284445088e-07
8.542142271267929489e-07 -2.394384320956557568e-07 -1.058659009706005333e-06
-1.350883876537900030e-06 -5.835594970862492829e-07 1.615858476543473010e-07
-7.301342961487027817e-07 -2.074926674994072908e-07 -1.037571545768935489e-06
4.522180258962292474e-07 5.300646518119122150e-07 -4.696064043927039689e-07
-4.344856354159989667e-07 -7.209421420320020531e-08 3.057418726068073604e-07
-1.038215057581588655e-06 -3.609748660421554583e-07 -1.383255545138510956e-07
5.452503820996282383e-08 -3.811263178949540011e-07 9.657630305539807960e-07
-1.974863325831904483e-08 1.719496427777235177e-06 9.302060022158549834e-07
-5.459491776348293770e-08 -4.776297031343626699e-07 5.877089289634196042e-08
-1.626315375483470285e-06 8.506684471407057891e-07 -1.048554267996415912e-06
2.447589057790001354e-07 1.823776725437083263e-07 6.562170797023612827e-07
-6.398588250950106662e-07 -1.354210575424564064e-06 -4.836783293220499476e-07
6.146075127007216079e-07 1.036155915973748639e-06 9.269767880430206461e-08
-7.490084402278759641e-07 -6.067977892080728831e-07 -1.963320461007920458e-07
-2.277766733036878016e-08 -1.521474713146622278e-06 -1.224054329018736461e-06
6.586475034350426662e-07 -1.115831041732795755e-06 2.518898698434165026e-07
-1.582536595584660698e-07 4.418300852199428221e-07 5.825911324900923710e-07
-1.502731754030213579e-07 6.735041307756117002e-07 -8.741437169614318649e-08
-1.122215585522331680e-06 5.522243073575220828e-07 -1.758015162055793096e-06
2.026237559113416769e-09 -3.620532695194293387e-07 -5.684790346450790196e-07
-5.971656652426514517e-08 1.441853661109421042e-06 -1.162254987267543145e-06
1.962847892257639212e-06 -6.049593702561620628e-07 1.272762571540452104e-06
-4.042123657784533422e-07 1.448696630910467509e-06 9.181341017700320178e-07
-2.654431623560103916e-07 2.364493252044954219e-07 3.955897201054878958e-07
9.423331213322530548e-07 -1.536195810394807721e-08 1.740722511300229547e-07
-4.493796661565268949e-07 -1.417136068422204552e-06 4.065096919783832026e-08
8.777221108178550560e-09 3.476813844520029774e-07 2.402282804171531738e-07
3.726759624272880359e-07 -6.301257385299217746e-08 1.819395220968568806e-07
-1.624716936547486319e-07 1.130691794709512402e-06 4.783700072989154790e-07
-5.400054973336492955e-07 -2.361404083881103045e-07 6.611882639335364042e-07
1.355162532446676041e-06 -1.213535493702052679e-06 1.142459123672364082e-06
1.278367746844296033e-07 3.614755412149674888e-07 -8.749969915715072946e-07
6.529122783716467099e-07 -8.053035321905071784e-09 -6.527915101382325038e-08
1.319129282804895093e-06 -8.780110282364383239e-07 2.021242004938673577e-06
9.279811531437864656e-07 -4.375885229024947868e-08 -4.789695784996422475e-07
5.721713022253994699e-07 -1.057989227143052153e-07 1.266082707858525164e-06
8.037714150981397796e-07 -4.600360890337075531e-07 5.874356570933949578e-07
-2.078059140885238175e-07 -5.950377370059439576e-07 2.105426008628133904e-06
4.279402313367927373e-07 5.390177111189348873e-07 -1.346371954034189319e-07
2.589492086292244186e-07 -6.012537787227228226e-07 1.371339381954355543e-06
-2.929708174336593834e-07 -1.475754264288319453e-06 5.820689525957044351e-07
-9.016957674171310942e-07 6.832825437967364233e-07 2.716552677115259088e-07
1.188959436040440522e-06 1.002065027018497915e-06 5.079132360194170912e-08
3.840501652085493228e-07 -2.709526942209975194e-07 4.863004057681426878e-08
-3.248416683678186093e-07 -4.262275870926851054e-07 -8.462823188544390554e-07
3.564385261374722106e-07 7.414425950840081361e-07 1.749110409564581789e-07
-9.540996047657069249e-08 4.303722699432580941e-07 -4.394369078494450585e-08
-1.205455185915698202e-06 6.113635223003908190e-07 -6.053094933095573747e-07
7.383090394708048206e-08 4.970143877616420276e-07 8.124437067639332823e-07
1.165820654841438648e-07 -2.437627569791129640e-07 -8.967226401683745789e-07
-1.069278436171399229e-06 -9.143141561655105298e-07 6.109435883231634864e-07
-5.899273590788250889e-07 4.555550759635898815e-07 5.425522491362078775e-07
8.638121528507944369e-07 7.096851286396031609e-07 3.173014352936142633e-07
1.006613114490001736e-06 -1.015536936656755045e-06 3.532090153602827093e-07
4.148699249530899930e-07 1.159493461531285928e-06 -5.179896526649165256e-07
1.186415018829367267e-06 -3.504258595135191857e-07 -1.383669232929556795e-06
-2.872912461040867905e-07 4.278477566941181644e-07 -3.734398048935200919e-07
-2.688086989947153368e-06 -4.937276900669312724e-07 4.850881781291031666e-08
-8.933352660530522251e-07 -6.259001375653972256e-07 1.431156766252095885e-06
-1.931827653850476365e-07 1.206746783533977464e-07 1.084894961183048074e-06
8.076409756647625620e-07 -1.937049992481246767e-06 -4.766077757309057423e-07
1.917538935154881832e-06 1.743010246759356548e-07 7.397266236754809286e-07
-1.008036180544202872e-06 6.931186591000636099e-07 1.052628357698124322e-08
4.185948104040248388e-07 1.428933629883328369e-07 -6.665177729288236992e-07
3.552965065803141205e-07 2.129583979658070878e-07 9.199492301966761154e-08
-3.558205857239804182e-07 -2.212574149492328591e-08 -1.162477914788718826e-07
7.695569199843716212e-07 1.039129643393318892e-06 -1.298903365017652267e-07
-9.280855264150725520e-08 6.496350379742380610e-07 9.431732018587963414e-07
-4.415143623901983086e-07 3.375492658629723428e-07 -6.611310463525538275e-07
2.107723777800940292e-06 7.851369246319395318e-07 -5.565969597673714850e-07
1.174148208738829206e-08 -4.851417424557949219e-07 1.272859818045600077e-06
-6.973334041947534394e-07 1.203766545456990474e-06 1.024640565110881543e-07
-1.089167414363759617e-06 -1.329172546705304702e-06 5.135410222132077017e-07
1.068165404247670812e-06 4.013164347456217997e-07 5.484877797512198096e-07
8.433836047672754940e-09 1.908016425706491504e-06 -9.418654296682180367e-08
4.272723439823023780e-07 -4.143163401652799821e-07 -4.285437258645221237e-07
6.791952232918383493e-07 -1.584367599569445815e-07 2.613775024465419721e-07
-4.164113182343613352e-07 -5.500637362757873531e-07 7.080301692832371226e-08
3.778690779857825772e-07 6.062829640870541869e-07 4.436510569393191966e-07
-4.759211765607420119e-08 1.744354502790678891e-06 3.425708627544840428e-07
9.704392973339590356e-07 -5.199705468515405244e-07 -1.129649793364489974e-06
1.004608001924186421e-06 6.378364287082041005e-07 4.318559946004191763e-07
-4.767598660745102384e-07 -2.696961792669323178e-07 1.135843934218189032e-06
2.016700294334393898e-07 4.842222161580111070e-07 -6.122762600424143407e-07
-6.076031139414628049e-07 -8.143865795736826105e-07 -3.582321998775139921e-07
-6.460218167416752640e-07 -4.405080380225571178e-07 -5.443179001027611358e-07
-3.578192092532836564e-07 2.739653552895360272e-07 -4.073190538991638312e-07
9.837155172784982794e-08 -6.674606184223567145e-07 -6.839925055366878642e-07
-8.616782756312317295e-07 -7.094157398877676458e-08 1.707022231282754939e-07
-1.044142437791400859e-06 7.919282713882472388e-08 1.572270059597874062e-06
3.809517698602199711e-07 4.827898065807689162e-07 1.631670910028075666e-06
3.783276901597692191e-08 7.120477094490297159e-07 1.285010079893601772e-06
-1.900081998281003286e-07 -2.648147052483138176e-07 -8.092196717825772476e-07
-6.584118758709647015e-07 -1.234838841262079183e-06 5.471741968967225697e-07
3.669616674845818420e-07 1.223572960111135363e-06 -6.365854676673522508e-07
5.598688428337291084e-07 8.209804116658485157e-07 7.879543152726382209e-08
1.059731206956740133e-07 1.397993508000364178e-06 -4.920214330128627691e-07
6.221213997796820298e-08 -6.944164945881089326e-07 7.426330626980620500e-07
1.111989223736916633e-06 2.697930678104275093e-07 9.678612735739386175e-07
-5.141631489519943358e-07 5.208643225159302312e-07 9.975418472282633627e-07
3.538496475026247969e-07 7.674579982394608812e-08 8.424318788108305375e-07
1.599812109735731604e-07 3.637730375711041689e-07 -6.246582717369284690e-08
-2.949490784622353237e-07 -1.583913561789747209e-06 -9.968363016533182063e-07
4.804174717896322188e-07 4.674910920435655018e-07 -1.086459421860356954e-06
4.357148958543062576e-07 -1.691332593372204622e-08 -5.869443645122128289e-07
-2.941829432799605750e-07 -1.182191065427239579e-06 2.487447229517107800e-07
7.314807434688688656e-09 -2.419657753954511639e-07 4.187695205361948211e-07
2.653512695921905661e-07 -4.429733623293541718e-07 7.271707000672132462e-07
2.863240888781473179e-07 -9.200146540781186579e-07 1.557677891004259181e-07
-5.026342160107300964e-07 1.222546597297178905e-07 -8.532340266860963868e-07
6.314393250769021559e-07 -1.278014222432167231e-06 6.115607466700110133e-07
-6.158102132931169012e-07 -2.567098522838467423e-07 -8.688481057136087238e-08
-1.716329901001012339e-06 8.913422123474516079e-07 -1.386436129650652017e-06
7.468603007682861555e-08 -1.800595052058523426e-07 1.672060733839671507e-07
-1.066746047595251504e-06 2.477223567092318245e-07 -1.137533979181660857e-06
4.156546314887828605e-07 -1.497294336080356575e-06 -3.393909808854501051e-07
-8.454388059560324143e-08 -4.325402889308542886e-07 -8.591285086784301178e-07
-1.293201883277391658e-07 2.866769540672481545e-07 -2.904044143630996556e-07
-2.731353783600255160e-07 -3.486752145511187570e-08 -5.774828840223254191e-08
2.159632420211345216e-07 8.061461710708976464e-08 1.311126687033546066e-06
6.171074035184022171e-07 3.402546159386007077e-07 9.897254647439175575e-07
2.947564983249846670e-08 4.453785102337176487e-07 8.875863673092945826e-07
-3.796956130521760779e-07 2.746843017034908859e-07 1.000853683879480065e-06
1.013661089798366370e-06 3.325741222832884122e-07 2.017794193352448220e-07
1.289753955453039666e-06 -2.215405972736001443e-07 -3.063207466674871076e-08
-6.770265215698324165e-07 1.749667212542736011e-07 -8.119865673781898294e-07
8.211038862788551859e-07 1.762533698811056138e-07 2.529076803819494512e-07
7.218799593228568381e-07 3.741246756981156967e-07 7.141611445619151502e-07
4.228498420290070805e-07 -5.486978799047883838e-07 -5.859662466866681564e-07
5.774857661825270357e-07 -1.333044542329168428e-06 1.430604978859854238e-06
-5.289237612369622698e-08 -2.146435468912061063e-07 -1.016338540280921817e-06
3.586902933166040761e-07 3.941408029269261587e-07 -2.964736459160642740e-07
7.742798615984505561e-08 2.267212197448786920e-07 1.925179242433760107e-07
7.525407228023533648e-10 2.032746819607269038e-07 -1.228416302347843678e-07
-1.204007203078999280e-07 4.714876406493472736e-07 8.962702969771205119e-07
-3.388161302315224302e-07 5.931448483990658747e-08 2.180788222139395912e-08
7.878573479650493861e-07 -1.221333067772493042e-06 1.424814343141380800e-07
4.618633168454502590e-07 2.192456678146174328e-07 1.737814953796958731e-06
1.342858692700576678e-06 3.984919500235835245e-08 -3.927017884118120434e-08
-1.373770707636394987e-07 7.663180580925682524e-07 -9.493460893538912801e-07
1.307055224499490292e-07 -1.429940418361138518e-07 -2.619143626282614777e-07
5.721125561106633854e-07 -1.653084343572710853e-07 -3.332543671539323649e-07
-1.354660141911519382e-07 -1.568964846140250330e-06 1.794525091558269883e-06
2.372001613270567138e-07 -6.042620871770400364e-07 1.008762094405850662e-06
6.808030842479077752e-07 -1.713629678067479167e-06 -3.607115806339455232e-07
2.877768976099776416e-08 -1.414001179087091158e-06 -1.467928074663563537e-07
1.710378531404370523e-07 -3.555223763886572425e-07 -7.040961596107189092e-08
1.720987605925348715e-07 8.801835577968785612e-07 -3.279920440894049270e-07
3.390911272975176885e-07 -5.744474939005555534e-07 9.466553836205509635e-07
-7.236837694651504122e-07 6.280515460224625318e-07 1.305298777766945061e-06
-4.295209613310018834e-07 -5.556383057027527003e-07 4.005019979168267789e-07
-8.800354976079417065e-08 6.739681986445575237e-07 1.397520385302824129e-06
1.274169826446354637e-06 6.611327193616614770e-07 -9.172058591930042978e-08
-3.623488712566660637e-07 6.392622134288792531e-07 1.603625756776526008e-07
6.357481006924260367e-07 -1.319633671431511929e-06 -2.621102423997215647e-08
-2.358148860995339228e-06 2.050882092651849528e-07 -1.570072286026096301e-07
-8.152395884515884962e-07 -4.877504898450501329e-07 2.945848962452008516e-07
-6.121176659575465582e-07 -1.519076133820207648e-07 1.264186801367541131e-06
-8.872946799473422473e-08 7.465053985906561261e-08 7.482933999946502302e-08
-1.829621659282121823e-06 1.047049758350697228e-06 4.238851085925591647e-07
-3.374538974216323504e-07 4.469305622140685916e-07 2.869334005112836463e-08
4.993717339352018681e-07 -1.198315240082060172e-06 -6.117275030801433265e-07
1.183604228234849488e-06 -1.726004731491716158e-06 3.211751649306606177e-07
1.592323877827266364e-07 -6.886515019368092359e-07 -8.299226930975609746e-07
-2.845692891984117783e-07 1.055566590156689356e-07 -7.242297860291034551e-07
-3.047366391192936835e-07 1.084371225961463351e-06 -1.720455819202025844e-07
-4.219294597699461892e-07 2.787525252100160279e-07 3.054530421408024943e-07
-6.934379831128041784e-07 -4.334772815411213582e-07 8.499748714990396464e-07
4.163813116413254022e-07 -1.581884722892980359e-06 -4.576101751888901793e-07
-2.986283785790171780e-07 -6.894932611656179559e-07 1.038449400084355937e-06
-8.549809070069692595e-08 -7.861761351367953958e-08 -4.436211436484497670e-08
5.675584177234132627e-07 1.837121290028431610e-07 -3.694150496268495072e-07
-1.199581514798561154e-07 3.146064097378973110e-08 -6.556932984076364483e-08
-1.115605054440578338e-06 1.119777905177993872e-06 8.592057128406052364e-09
6.260624798759799560e-07 1.243411092218604413e-07 3.146034529591376519e-07
-6.888410513867615107e-07 3.827241119109485302e-07 4.170918053341784471e-07
1.209264246291911602e-06 -6.084493094752778169e-07 2.056296117622840061e-07
4.429430861178203694e-07 -5.214773442600466144e-07 1.766130173979205641e-08
-3.878472680336372779e-07 1.261264570013889924e-07 -4.920459475843036861e-07
3.708510599550642098e-07 -7.631714442865169621e-07 -7.633879473065541137e-07
5.323673097698037399e-07 -4.596432136692118401e-07 2.072628574279366673e-07
4.897367234479173365e-07 3.532362257959365016e-07 -2.278752713837921614e-07
-6.997759187667682632e-07 -1.445824695662703222e-06 3.401638620773343498e-07
-1.514073559656191128e-07 4.380721894689867946e-07 4.647201970764206044e-07
7.737214397292304120e-07 6.544277527487468596e-07 -8.920759285005301159e-07
1.261339709194295482e-07 8.725528936603578181e-07 -1.049669103746452341e-07
-1.399347405149908106e-06 -4.001190897029361155e-07 2.877828984028320125e-07
-4.018981022798200500e-07 9.545083061452263247e-07 1.035638047936487657e-07
-6.095350921364403330e-08 -7.674460827929980768e-08 7.303837454793822526e-07
-5.772995898508445484e-07 5.617487930216819523e-07 6.049696495213403558e-07
2.356119182427480483e-07 5.327215960771371606e-07 -8.355333391071295578e-07
-3.683192478144170703e-07 5.455547768135411307e-07 -6.015813836597186040e-07
1.150881254152412609e-06 -2.129200873587458507e-07 3.403831022127367823e-07
1.144389859908085001e-07 7.125079618782171344e-07 8.457151010235963745e-07
-1.571701167140850061e-07 1.095239089525027559e-07 7.945754938517799527e-07
1.094767193002517154e-06 -6.120004263950087172e-07 -8.902662317441890955e-08
-1.428452883757540778e-06 1.645091056921365000e-07 -3.300758079546995551e-07
-2.251256763976306071e-07 7.031326337729380975e-07 -1.683351221791699704e-06
1.413435761541245488e-06 1.521420116952859098e-07 -1.996226515539355309e-07
6.498002672162462650e-07 3.314871676173247647e-07 1.387277215613889962e-06
1.252239837910571892e-06 6.347758824927742429e-07 1.272602113931881973e-06
-1.074665593041173294e-06 -3.312863178570594660e-07 -2.813316101755292172e-07
4.996579098881332629e-07 1.915353770947020607e-07 4.145813123348222693e-07
1.497540610629585181e-06 -1.268390186418988034e-08 -1.171600017327456258e-06
8.288307133593799957e-08 -3.747625056617573377e-07 1.119566533777371140e-06
2.985561646479833308e-07 2.746486334742066362e-07 -2.825473414893435746e-08
4.421641165521927810e-07 3.261230369766288952e-07 -1.858487236412521291e-07
3.690519998349125786e-07 8.108474580624757225e-08 -1.689726435996150360e-07
9.822232522963825004e-07 4.817014552947881809e-07 -1.102700582832590229e-06
-5.018823053717487730e-07 7.288023210598538527e-07 1.356613302448700176e-07
-1.296526487470369723e-07 -8.396345708745434286e-07 -1.947845330813673682e-07
-6.745112247059313559e-07 2.108736590530908168e-06 6.973537863058573008e-07
3.697992020092180541e-07 -1.169603896758163589e-07 -1.236397470379957025e-06
-1.520414935581179165e-07 -1.104821715570408229e-07 -1.153621245441240763e-07
-5.293734672234138981e-07 5.062037173545192379e-07 -8.498666064494260430e-07
4.441847895321581426e-07 1.792298950877082901e-07 1.668182102051494469e-07
-8.587826433575049427e-07 6.013115624623171776e-08 4.055244721590827041e-07
-1.995483383249897763e-07 8.767993130228914483e-07 -1.240875743904790689e-06
8.849920442396116864e-07 -2.174178079453461918e-07 6.114621750182329128e-07
-6.452357627507557994e-07 1.490303856696581641e-06 -1.781806916079594232e-07
-1.075942837935227804e-08 1.399697776592790290e-07 5.753809313644203582e-07
-8.036336044522004513e-07 7.298613454467729881e-07 -1.688517352650160532e-06
1.569976235430164075e-07 -4.473512688603151248e-09 4.790040524646353397e-07
3.624946224375511575e-08 -5.454477610530201678e-07 -1.143616297094706866e-07
-9.268504338693062612e-07 6.766739804836069183e-08 8.189919011220686351e-07
-1.904205557516023118e-06 1.726264360874685861e-07 3.510063304667437339e-07
-8.866577456882675789e-07 4.589654569831472976e-07 -6.798186957584765919e-07
1.946849117807380548e-07 -1.081229126721710817e-08 3.833307499790440868e-07
-1.325146404100174361e-06 6.602672889194277859e-09 3.376766032628187619e-07
-4.010312288954936537e-07 -1.717935544418046413e-06 -6.180960782533842116e-07
3.313264717581543621e-07 1.157728190535631796e-06 -9.444694095631477503e-07
-1.873631423696687461e-06 7.185800906083475085e-07 1.494516239444224927e-06
2.733718427860879509e-07 -5.011045583560293858e-08 -1.008829177450649527e-06
7.561245713292571997e-07 1.780594207963927464e-07 -1.635366030918456152e-07
-5.391905757994021347e-07 7.651847764043744957e-08 2.477065665959086654e-07
-3.469490636723144643e-07 -1.555476615610820822e-06 -5.781549666504931797e-07
-2.356382067576407312e-07 -4.753094572055005970e-07 -5.241126620371855612e-07
1.132611444213064758e-06 -1.006551419077659881e-06 -8.024081791693815574e-07
8.204110535278291970e-07 8.286331255814912775e-07 7.253464309324079791e-07
1.700029809777507218e-07 -4.558781320146647112e-07 -6.664438723593698157e-07
-2.506107107707318224e-07 -3.783208399114554029e-07 3.804058591678822774e-08
1.573696745265769307e-06 1.486192901099393795e-07 -1.441081008867284222e-06
1.472588949432756682e-06 -6.612380494156821341e-07 -3.469763814660123303e-07
1.052455647007588357e-07 -1.996066588655491392e-07 2.891681247368916770e-07
-4.303968006236962217e-07 3.811808975867892218e-07 1.105607311190757959e-07
7.367664171787075656e-07 4.297273946176154966e-07 2.189931769469400706e-07
-1.854447880515696182e-07 -5.375907313163824657e-07 1.456614116996626397e-07
1.279460188294081995e-06 -6.807027755159349764e-07 2.917889672056985689e-07
1.938411634122467573e-07 2.945925926733881476e-07 -4.576030117854202322e-07
4.193669836608982945e-07 7.509543432589556165e-07 -6.393353816341089610e-07
4.048573560399312817e-07 -5.525114752868438092e-07 1.996812576651564767e-07
1.998068950076043111e-08 -5.502498927605419622e-07 -4.685682733077706407e-07
2.349647033359183326e-07 -9.720697012459947485e-07 1.181270620279482506e-06
7.869491706940163354e-07 -4.312269444528887268e-07 1.870565795464745425e-07
-1.579273154682324518e-06 -6.357696379234083610e-08 -6.784303985515604147e-07
-1.813023853190134775e-07 -9.204688627946667607e-07 4.432713940537420691e-07
-5.301142012747293852e-07 1.373090777052127554e-07 1.224694140436102350e-06
-2.790933311390082043e-08 -5.811892462094590679e-07 1.008958720385646999e-07
-1.087344036761988957e-06 -1.546932733608324673e-07 5.843711782645951290e-08
-1.531710636468404746e-07 3.434266598003206179e-07 -5.268006285841619174e-07
-7.731844086403357798e-07 -6.018178577094392016e-07 1.535876297848941816e-06
3.941604662543055224e-07 4.489236536068030104e-07 -7.569166042644500855e-08
1.464753366635289075e-06 -2.979529153021139187e-07 -1.083750645752818436e-06
5.071074355313988835e-07 3.187708382422714580e-08 4.409636455183270285e-07
4.640964723811723904e-07 1.859427633224309900e-06 1.159746678080321605e-06
-2.069146382501070785e-07 3.751347398881344104e-07 -4.123453121690677210e-07
-9.735472774356349224e-07 8.311651604240004633e-07 1.852598778375530701e-07
2.856508140235029887e-08 -9.889405804072949452e-07 -5.932884463620680599e-07
-1.902149719208383561e-07 -1.371101446588782600e-06 -7.978037700567401177e-07
-1.291846449268826380e-08 4.389693451805700194e-08 -1.111765752671356783e-06
-8.256984836622320550e-07 -5.413640163148270402e-08 -1.212206864530399465e-06
-7.844607699707292531e-07 1.105393090361633689e-06 -1.746680445248994064e-06
9.971233526850105339e-07 -1.146799998915451152e-06 1.427329680879198984e-06
-1.958991221823598593e-07 -9.819437639190166744e-07 -7.400322964400673458e-07
1.093088421983806738e-06 1.498382268630010794e-06 6.663557057955291387e-07
-1.189698583157585041e-07 1.299350504178193312e-06 -1.866190443530096223e-07
1.042680805349888266e-06 8.114029888730213070e-07 -4.350256936185716892e-07
6.944171062222377328e-08 -1.806012133722366180e-07 -4.844450260498481367e-07
4.501856263693926550e-07 1.201749604086230512e-06 1.766817907675754063e-07
-2.100939832932787983e-08 5.376466705438693113e-07 1.776666555996821920e-07
-2.615195101191531813e-07 -2.000340188449912691e-07 -8.939269771396002982e-07
-6.706050035464450149e-07 -8.707721582723798564e-07 -4.686497520461847938e-07
-4.588702106966737991e-07 3.079299988665464667e-08 8.573359047618352673e-08
-5.689253891270272569e-07 3.923246528565383997e-07 3.320078135996461496e-07
1.730319649875694632e-07 1.049131133274024693e-06 2.181002012874259287e-07
-3.054514882306759997e-08 2.500859315892612814e-07 5.925284397144829596e-07
5.332504797148303917e-08 1.716846791415240304e-07 6.659092990766900554e-07
1.118472028477577564e-07 -5.329543426238586044e-07 -2.311849701813218935e-07
2.065702511695093320e-07 8.861114445138110150e-07 -2.754552450762668094e-07
4.104996209703044854e-07 1.434102217214805497e-06 4.579969748403501550e-07
-2.009562629033035037e-07 3.546464805810916595e-07 -1.253876108704057934e-06
-3.506881419415847522e-07 4.787094833901746698e-07 -7.710804023541690085e-07
9.239669470118524765e-08 9.989875286487357118e-07 -6.668032333978870468e-07
3.830463939992211805e-07 1.728405909095707669e-07 -1.472734496490919422e-06
-1.131504103592216050e-06 -1.131447388231546870e-06 2.309591893034815762e-07
-3.131256246571814244e-07 3.317840444194406858e-07 2.689829851777964962e-07
-4.181352964160427513e-08 -1.532456391145603094e-06 -5.161272439607311935e-07
1.082287702746435464e-07 2.675027201137854298e-07 -4.450843573826777743e-07
-2.148517913015405859e-07 1.399117443644531179e-07 3.052085354738338811e-07
-7.851225303773125182e-07 1.818419427407434639e-07 -2.979503123956924584e-07
8.415757094419533050e-07 5.184024386130854510e-07 -2.278947484198488765e-07
-9.547255342591326034e-07 2.015957531687753958e-07 7.366493408452551410e-07
-3.003511230599472846e-08 1.066400839188288932e-07 -4.490287107816201104e-07
-5.483859867100185918e-07 3.522474781983202223e-07 -3.158376588726766869e-07
2.160396748425830030e-08 -9.586611105808968753e-07 7.754415497681166558e-07
-1.446152848217869021e-06 7.888299600517383777e-07 -5.700486708953442046e-07
-5.918950475397546253e-08 -4.862767259461386235e-07 -3.886364291569816033e-07
-1.103206227212222744e-07 -6.726565955294896385e-07 -1.112214540540289424e-06
-1.039501703104478345e-08 -5.817936859265388979e-07 -9.748824298224055456e-07
5.867085878371560669e-07 1.832491372579540598e-07 -4.722334186446001710e-07
3.952614764916801937e-08 6.634867796603586214e-07 2.868111067678356319e-07
-8.184160133244625700e-07 7.104274789720627920e-07 -4.127969716269423029e-07
5.592883974593809431e-07 4.067134791505136660e-07 4.378122030303299983e-07
1.083297397921201323e-06 6.085503100132625699e-07 -5.283443065594979595e-07
1.578714061527836886e-07 3.205752041281670922e-07 -6.719314676276754319e-07
-1.219443426045020496e-07 -5.255585096967989952e-07 -1.576796750953667990e-06
1.755536921815291986e-07 4.955287663064863927e-07 6.381803312623622059e-07
-2.675390027305124001e-07 2.996149401628832121e-07 2.344160907300884899e-07
7.447603194299994510e-07 8.934148289192063959e-07 1.367026038432867936e-06
-3.574638286795281473e-07 2.494321651686895722e-07 -6.756408108783871759e-08
-7.465316297645780303e-07 8.729203037837851010e-07 1.177328249709491336e-06
-8.290898391251739793e-09 7.674809528536009994e-08 -4.768226141910568147e-07
-1.513634934977256097e-06 6.827402858576850873e-08 -1.551350479337580212e-08
-1.485849780399493114e-06 1.137350679479586274e-06 8.011455224682818530e-07
-8.437110796889307791e-07 1.070084675934505539e-07 -7.414389780247456960e-07
-2.544325431435068590e-07 -1.607176119930714640e-06 7.625271843450597708e-07
-6.368271041529399105e-09 2.029647396060492655e-07 -9.452809386669151689e-07
-8.125436516450756272e-07 -8.716669981146717294e-07 6.634944724589434052e-08
6.726497035271603905e-07 5.330857831089265512e-07 -1.851185740320857881e-06
-7.324250226990049360e-07 -3.083472382027942109e-07 -1.861205994810031479e-07
-2.883089748434384068e-07 4.113953806202776886e-07 5.712124326672585805e-08
4.809861406818802712e-08 6.604031427572742686e-07 -1.059332727693929879e-07
6.759374689168997484e-07 5.054193787631515415e-07 -9.563633137308148084e-07
1.533600890967666553e-07 1.376032883273164522e-06 9.534889385141149679e-07
1.638871784053214656e-07 5.563188261643982665e-07 -1.542805948136334189e-07
4.427712650300296703e-07 7.103869591289383502e-07 -1.843885507621308708e-07
1.017498290337979212e-07 -8.789098555537875239e-08 7.345928562317008328e-07
-6.232644886173181001e-07 1.273237708100424367e-06 7.569161424028799041e-07
8.424528201987679696e-07 -5.623186601911007229e-07 7.853971356914652897e-09
-1.415135565482821019e-06 5.361487756928688711e-07 -6.671937915104022231e-07
-7.569385623222851824e-08 4.138978623905389338e-07 3.052123544546940166e-08
-2.274382577507794974e-06 1.414949704207284460e-07 5.325982069392593191e-07
6.903330971871369208e-08 7.193100978566383354e-07 -5.781999253397034852e-07
-6.028330212418339472e-07 -4.566353405947449531e-07 -2.536745371266593923e-07
-1.488978602610615617e-06 -2.784596968642292272e-07 -3.928052860222431193e-07
6.375872886248983346e-07 -1.719125741118045659e-07 -6.779320846610987587e-07
5.840162772041235108e-07 -8.822138226613463355e-07 -4.952419676080335564e-08
-3.404926046567498774e-07 1.054316511725958987e-07 -6.705974666123772947e-07
2.439887927196492655e-07 -6.114550831133369275e-07 6.668724480502823388e-07
-1.347682325014945021e-06 5.591910217696815985e-07 7.085686843495245347e-07
2.620817167710069287e-07 -3.356991457948699490e-07 -4.404613879840186792e-08
-8.746216966627094631e-07 1.002072949017471672e-06 -4.322714014778279008e-07
-1.314005995742090888e-07 -2.099315563033377948e-06 4.183140528854645522e-07
-2.032329997896957787e-07 3.451430101491948933e-07 4.236943749367901588e-08
-2.485038564952391936e-07 -4.413579032100099007e-07 2.596689193867437472e-07
-1.255304265369799957e-06 -1.706645789386569555e-08 3.335444245334035550e-07
5.287665303622099776e-07 -4.001195668355746291e-07 -6.595819789147148595e-08
-1.807137974828257539e-06 -7.383823314687449197e-07 -2.428472728531581449e-07
-1.545380542660702208e-06 -8.830874954851045773e-07 2.619567168063431751e-07
-2.776515989721510703e-07 1.288443851413104488e-06 6.806707542069836198e-07
-1.105224118048202794e-06 -5.361528716761751574e-07 -1.688390025570291962e-07
7.019303873597183892e-07 6.212597506165326098e-07 -1.414114703340600857e-07
1.483639558951649987e-06 1.829867932605549706e-07 6.202285730436521614e-07
1.229551563590782823e-06 1.148053018528065223e-06 -1.678511773637847347e-07
2.973185429393073102e-07 -1.368121888885777575e-07 1.400095738621480086e-06
-8.092026841784491047e-07 1.523295540233457483e-07 -6.393508097408710662e-07
9.191833530099343096e-07 -3.343305129212520994e-07 5.233768649014797735e-07
8.030641539021328337e-07 9.660481444606322816e-07 5.944584595600804846e-07
5.506238195990395803e-08 1.955276289504228133e-06 -1.327212085377790224e-07
-9.988591464535121449e-07 6.665239895406453342e-07 5.075409452182406766e-07
-9.113795464890884637e-07 -7.427743485433164160e-08 4.410646333208396473e-07
-8.409788990510574324e-07 -3.625446672213419427e-07 -3.934437992987488626e-07
1.382101789103849309e-06 -3.360504782808298909e-07 -6.629766675823519904e-07
4.382196625713066307e-07 -1.210983063346875876e-06 1.079421631813342636e-06
-2.021599651343010176e-06 3.635866679548969500e-07 3.976815234233660895e-07
-9.584596169616374093e-07 -3.627467919190711888e-07 2.290409317811541199e-07
-5.532519825528911055e-08 2.982802030155186925e-07 -1.182471239812969379e-06
-3.025731139501032567e-07 8.967779384632824322e-09 1.774145409479704454e-08
1.396149642020142327e-07 -4.078166790377134324e-07 -2.695509926292403156e-07
7.809406140041867324e-07 1.526700548128808944e-06 8.565241847660831266e-08
-1.145638978242720711e-06 3.962322605726955333e-07 -3.743870793677844566e-07
-9.119449739760629442e-07 -7.384346494629380273e-07 2.739659528512188691e-07
1.472087169306401883e-07 -3.674561043735121334e-07 -1.974135507748126953e-09
4.732784638737884382e-07 7.743485399565080808e-07 -1.179754303328348045e-08
-2.451300192662230788e-07 3.393296344679035983e-07 1.309869501756121701e-06
-8.681856939360346042e-07 -4.522981082979568219e-07 -2.632274346970460882e-07
-1.339358638040139389e-07 -4.570532374661186005e-07 -1.085984704141005844e-06
8.218280186290386467e-07 -1.936328841087934414e-07 6.932171594289775868e-07
2.312981741811882422e-07 8.098106925368834615e-07 2.120456790363397965e-08
2.400151043958839053e-07 4.263499049318911153e-07 -2.040518572134593607e-07
1.453058967995771537e-06 -3.227888014558878880e-07 -4.094274580794215392e-07
6.470683583692635991e-07 3.786355639659571733e-07 6.530204676373312604e-07
-9.405118002400673092e-07 -8.886384338203725077e-07 5.984549157692949141e-07
-3.715896174620890780e-07 -4.395346019719595800e-08 -2.382653478030573900e-07
9.084954934905549210e-07 9.148136722104433801e-07 -2.456083893748464300e-08
-1.681709326529586101e-07 -1.790264876681423392e-07 9.808955153633386325e-08
-8.701942444367485328e-07 2.102114665689670904e-07 -4.039372148970730676e-07
4.712225373408402859e-07 -4.813233700831960197e-07 -7.650753098845411504e-07
-1.922753440535032034e-07 4.433161356969403343e-07 7.911173686309124254e-07
9.091135502204670913e-08 4.337100257234408035e-07 -5.011215563421759093e-07
-1.897579108961545736e-08 9.972317974409577262e-07 1.912320847491524024e-07
-1.208353835552287695e-07 8.512239437938693788e-07 5.460347963982685986e-07
-6.473694385467977041e-07 2.668013814656082542e-07 7.946180686918110732e-07
8.228658650416173141e-07 -8.997248467554857144e-09 1.034960164150016480e-06
3.297888374883310181e-07 5.984899512805735644e-07 5.690670162170627555e-07
1.044727455550699203e-06 2.533793624914726282e-07 -6.602324462740220493e-07
5.421523079170599916e-07 1.454772581967109438e-07 3.765275373985848626e-07
-1.721322834387360628e-06 7.248022720736474119e-07 -3.890356622936466112e-07
-3.787431461741622483e-07 1.019268701347567682e-06 5.500189590136597630e-07
-7.306819472763221031e-08 -5.605532363380888195e-07 -1.355001187012378660e-06
-2.934844671050749758e-07 1.079375497292235411e-06 1.361174398275922489e-07
-1.538212217574357004e-07 1.407251124241708904e-06 3.721039216370093141e-07
-6.666301341097610083e-07 -4.300544118251591182e-08 1.039935811862160510e-06
-2.612381071897444237e-07 -6.491945881252684687e-07 -8.714010358063446377e-07
-1.211446544640680073e-06 -6.423830002977257703e-07 3.245193085021500639e-07
-1.147618333246573769e-06 7.836176186349623275e-07 -2.750739317112200615e-07
-1.979987537704082846e-07 -1.240994732230727338e-06 -3.923375768601997828e-07
1.639319080125164459e-06 9.370974717910700146e-08 5.664077534596399433e-07
-1.419147029442301251e-07 2.711001852650219135e-07 1.119817258519744906e-06
3.112636118741330969e-07 4.192569608797890288e-07 -4.293600547301008549e-07
-5.890528140037036922e-07 3.406179153367772781e-07 8.023114322415042296e-07
1.229584869476097853e-06 -2.371840390070729872e-07 -1.130526745113333800e-06
9.165408767940310003e-07 -1.921744155315633208e-06 7.112158908571875012e-07
-4.945226995945622378e-07 -6.965461308797864052e-07 -7.677503589990980501e-08
-1.857767333928841300e-07 -7.678751869559707795e-07 -4.261132303342817240e-07
-1.534671787723160825e-07 2.111463433815849848e-07 9.478692087216334938e-07
-5.237729032357088676e-07 2.052449157864611367e-06 1.215889791384279155e-06
2.497881415563666117e-08 -7.287538489083208564e-07 1.114422927832265377e-07
1.042957486270545449e-06 -7.372051360672981504e-07 -1.548405005922151712e-07
-3.128210879149640801e-07 -4.512685460179845311e-07 -2.209777159029827891e-07
-4.716034148287157116e-07 -2.913169064688118157e-07 -1.043723876965746795e-06
-5.733721213271615752e-07 4.395053347876815714e-07 3.044260041364714507e-07
-8.379202207730388015e-08 -6.198558703959360156e-07 1.238953103139675250e-06
4.610873281782948802e-08 7.966372517241195189e-07 2.973176043724387544e-07
-1.641749009767864694e-06 -6.926277727959348312e-07 3.379896045323756828e-07
3.109289865283528084e-07 1.783316319697700296e-07 -4.181546710599522233e-07
-7.191722625542533622e-07 8.682143454938217457e-07 3.727913566942099796e-07
-6.665537770196206572e-08 -1.992082810863490331e-07 1.317866506634620549e-06
-7.874965171200848624e-07 -4.331078166524627663e-07 -1.209753695352252309e-06
5.870719145799200717e-08 6.212763309085106945e-07 -3.998903260998943351e-07
-7.157888398269045357e-07 4.334216861788685305e-07 -8.158098371226939815e-07
-4.158521678091909900e-07 -2.242569285268793396e-08 1.014445023588237416e-06
3.011946595620715542e-07 3.579859472559143885e-07 8.602949567801580692e-07
1.122113548505275310e-06 -2.954207690310025354e-07 -9.829656325891639349e-07
1.642418938093381860e-07 8.957684708995171622e-07 1.089115668710414960e-06
5.584586784746565722e-07 -3.163740275672521579e-07 1.395458926077213140e-07
-6.349019842826095233e-07 -2.043012074946473696e-07 8.310958042433164576e-07
9.543963611090899600e-07 1.528215234815106401e-06 4.622192164195862215e-07
-1.351872813279427363e-06 7.252316208079212968e-07 4.077636463037055532e-07
1.444216220465499924e-06 -3.801282210031130134e-07 -1.386487772184270205e-06
-1.977174730720503345e-07 -4.641530216871125418e-08 3.121848332594991733e-07
-1.658297501242095576e-06 -1.103624180604508728e-06 3.366633635096900803e-07
3.381497410190146264e-07 9.774381706358834378e-07 7.621464185102378327e-07
-8.946441240276685830e-09 -8.150903146022263990e-07 -8.233593547965345054e-07
1.435724634574587628e-06 2.273985676280824225e-07 1.490532586444866790e-06
-8.687257911088860879e-07 -3.099282249097398415e-07 1.091174433382310157e-06
5.759443912597109435e-07 -8.821864032268139449e-07 -9.274265606667947146e-07
1.522041972378586877e-07 -6.359771066193429655e-07 5.057227078668852596e-07
6.844736192608827459e-07 4.173282572715695847e-07 -1.418365222590469520e-06
-3.671526994602728320e-07 6.493618792347014735e-07 3.147565700216735541e-07
4.258932357796991942e-08 -1.757254043293561440e-06 9.546657899351991600e-07
3.264317560092995840e-07 -7.566481572494570799e-08 5.716459306396434084e-07
1.220558546369278610e-06 -5.089672284074670395e-07 -7.555654657339451507e-07
-1.919209222182772903e-07 2.363731246952417528e-07 1.380164275639544645e-06
-1.382928168645687268e-07 -2.397934984437127452e-07 -5.196172819752638626e-07
1.228292087868913234e-06 7.091675960947103585e-07 3.988670601623240177e-07
-2.013945727800492314e-07 2.632473961376317451e-07 3.842697902420567824e-07
-2.043625350955714113e-07 3.720248006997084143e-07 7.536648383367124451e-07
6.899397939990948293e-07 2.027513939057805151e-07 8.034520715897889417e-07
5.047384825898696726e-07 2.327188287715585189e-07 4.595434183719079822e-07
-1.149006967705891502e-07 7.167585612207219780e-08 4.441780783338919841e-07
6.618186889410491426e-07 1.006064827394511720e-06 6.554658498832184158e-07
1.949040211937559870e-07 -6.980121295180670377e-07 3.480851269532623041e-08
-1.132766797679960807e-07 -1.302013377481749901e-06 -5.961372398156598856e-07
1.125175985418936211e-06 -3.195526285734951746e-07 9.876735182811145177e-07
1.119418224868146372e-06 1.591898228922914802e-07 -3.624989856827956353e-07
6.754757792014653558e-07 1.955892577118100378e-08 -3.313742318130547805e-07
-6.492051892093390507e-07 -5.074460393017742668e-07 -2.247097734910447217e-07
7.835852080555293875e-07 5.216581782115996651e-07 -4.446191775630783859e-07
-3.816013176548927764e-07 -3.770124854481633064e-07 3.415906166204503514e-07
1.126507152976591334e-06 -2.460306200720260298e-07 6.018402822738003414e-07
8.666200529485749299e-07 -3.079839917840100504e-07 -2.870693656005744855e-07
1.539170648278060818e-08 3.734077770073512825e-07 -1.135337609521122525e-06
1.100319011496227801e-06 3.868184079331900258e-07 4.487568894644961333e-07
9.839057749719061410e-07 1.454622525707971299e-07 1.776874705276863118e-07
3.012138069585037247e-07 -1.503146572022983196e-06 -1.709045708252707054e-06
2.626710194814424094e-07 -5.616491125562048315e-07 -7.675796734826345294e-07
-1.772644816979210185e-07 -7.964126699364507376e-07 4.830015686415455542e-07
2.404085454294677630e-07 1.977610323962527364e-06 1.672446249757125716e-06
6.658547451374410521e-07 4.356609822844914606e-07 2.810943485303915248e-07
-1.172944756938470326e-06 -2.031709622353631205e-07 8.167808521412929894e-07
-5.136541299755362029e-07 -1.760825713285524574e-06 -2.967168098712187998e-07
4.855148435704666346e-07 -3.912375603224406585e-07 8.853721801877378777e-07
-1.134440758736841911e-07 -1.388186508492184035e-06 -2.124310928351609808e-07
1.350825090633370167e-06 5.439661936892818229e-07 8.540945868383309075e-07
-3.260973140938986704e-07 -1.308653293621418558e-08 -2.176519712311007335e-07
6.583077509203950671e-08 1.126495140656139337e-06 -4.751585996324574006e-07
1.755448588457478550e-07 8.243173759382395683e-07 -2.830247499816122130e-07
1.716652226792455793e-06 -6.016127448816102613e-07 -9.808347534395952354e-07
-1.943865373984541387e-07 3.918251524334793001e-07 8.988187910004306693e-07
7.824295287103651151e-07 -2.440890102759975524e-07 -3.317588613501057676e-07
1.863822849133788730e-07 1.569918749690018801e-06 1.570402366364425483e-06
-3.235157310696173205e-07 5.902227244418071263e-07 6.806573386148345747e-07
-7.405770154691236950e-07 1.803141122269267782e-06 -4.770443674190218533e-07
1.835174845596962921e-06 1.201178605973084826e-06 -7.222148091057924902e-07
-4.128894542297610930e-07 3.982002355973170574e-07 -7.890321287777937828e-07
-2.547151705614967075e-07 -6.896781539555120225e-07 1.007962777195256231e-06
5.816338715980278270e-07 9.278372030309380841e-07 3.205484905244700658e-07
-9.048606339898194459e-07 1.721656627030314428e-07 -5.433554688865340518e-08
-8.022266433811796522e-07 6.670363449620996686e-07 3.179005101393100314e-07
1.257772294808233679e-06 -3.942751893329415192e-07 -1.003649146226029673e-06
9.986541453792969731e-07 -8.455102304350522609e-07 9.816242780742422576e-07
-7.668340177219285947e-08 1.196066115866357876e-06 -1.633533421947858150e-06
5.773456937706447750e-07 1.982309144148748937e-08 1.399258685633407895e-06
3.793681485378235105e-07 -5.332783833362297074e-07 -1.708321177950417840e-06
1.066670872169423631e-06 3.644228293120179487e-07 9.873230468384211774e-07
1.057542117431101689e-06 -7.626910166685953341e-07 8.353478228472890817e-07
1.417244503127887238e-07 -5.927394913397342005e-08 -7.101141834288160186e-07
9.645212549538629194e-08 4.773433899002229732e-08 7.271066446893078483e-07
6.991145542610505455e-07 -7.041606662229075537e-08 9.341180361662775161e-07
9.632901188951532031e-07 -3.324216187866518870e-07 -3.617432236068378560e-07
-4.351512961697199040e-07 -8.104610493705797329e-07 -3.990206022156576015e-07
5.103031136502144392e-07 1.184056758789910602e-06 5.758231702732641994e-07
1.857963659660188312e-06 2.140310502453142563e-06 7.012840341889441050e-08
-1.027264689236714889e-07 -7.784358778707426174e-07 3.372312432232038410e-07
-1.186394406212363461e-06 8.154284556446070520e-07 3.833845171136963422e-07
-1.302105758088053226e-06 4.443790816543949053e-07 1.009440336666389387e-08
-9.601759207670387675e-07 6.779034586612951912e-07 2.190259776322744284e-07
1.014048294548873760e-06 -4.527048668192185490e-07 -5.551369578434792530e-09
-3.919936353120819925e-07 5.626491566698270187e-07 -3.186922925595453655e-07
-9.904110918585686621e-07 1.527795768448837263e-07 -1.250769357806183956e-07
-8.642216444301060460e-07 -9.130163298588527926e-08 -1.181196185595461059e-07
-8.302788061824739824e-07 -1.243075626902988685e-06 2.565070489855575598e-07
4.298511504021083416e-07 -1.537897410994630187e-06 1.165106868809857944e-06
-4.206788962309262064e-09 8.416280062623671512e-07 1.688788171431633366e-09
6.767619338278198086e-07 -3.012722486377923561e-07 -3.211597405395305084e-07
-4.326405195790857921e-07 -3.251387024327870523e-07 -1.459877103975604760e-06
-8.302599628794080741e-07 -2.916738125642527727e-07 1.882447021813676014e-07
-1.567677246191251498e-07 7.741790397790167535e-07 2.079321245406091024e-07
-1.071445835826642702e-06 7.847143316310890751e-07 1.394949872066605635e-06
8.330380532061814562e-07 6.346511988106641450e-07 1.202173013614121911e-06
-8.944450137448784518e-08 4.287232025235797167e-07 -1.299909952350427466e-07
-4.391105508562450684e-07 1.129237072329604169e-06 2.460960658747316060e-08
1.163640253233018103e-06 -8.486439420496211888e-08 -1.091473024566420279e-06
5.920125435680597661e-07 2.782093306657738846e-07 -1.471776316863420591e-06
5.266763637695976094e-07 -1.281856298120943318e-07 -1.917940479646664204e-06
1.210019117358735928e-07 2.140790491048667683e-07 -1.873278110016792404e-07
-9.256367893308501372e-07 -7.857153709758451755e-07 -4.702162080323551168e-07
1.165841010168070633e-06 1.213503780845274356e-07 1.608193755226171792e-06
6.380655695994373974e-07 -1.944491275988025376e-07 -1.020512581483389093e-08
-9.286231002226135285e-07 -1.393689499139430746e-06 5.615638947700749725e-07
7.281483076263002557e-07 -3.001854101669826617e-07 -7.355948234278630861e-07
-5.645221887412160572e-07 -7.059205968900138894e-07 2.043308619621983828e-07
-3.559705981445437133e-07 8.048774922047700027e-07 7.503171135887622992e-07
1.200367335796416127e-06 -3.535582819139741286e-07 -6.088368801881493663e-07
9.434917559133260870e-07 3.219612888373216279e-07 -3.580784025811995061e-07
6.173851260813605318e-07 9.730988099218230639e-07 -6.008838578162039456e-07
-5.087173709782755216e-07 8.386177616107244718e-07 1.553263987334443267e-06
1.153289518982319697e-06 1.153368908771547164e-07 -8.628240039446406385e-08
-7.766529907506616179e-07 5.714216892772182697e-07 -1.218610941290187191e-06
1.323556512100595460e-06 3.703005152740511996e-07 1.458407003097083927e-06
2.432000263219422966e-08 1.493175837963420218e-06 -7.911293701093113573e-07
6.466186672437887193e-07 4.642837169946889539e-07 -2.600041336128677337e-08
-1.104041358764099986e-06 -2.433850117795450335e-07 -3.126910567658501285e-07
6.619173160693979308e-07 -1.653608226157375088e-07 -5.295798313958985181e-07
-1.037181422750427725e-06 -7.756147953931176504e-07 -4.452563679535504718e-07
6.661167993246025804e-08 -8.072728833430670620e-07 2.414203339608509787e-07
-1.434671571409959396e-06 4.128205778222952859e-07 7.984189461045720011e-07
-1.945545718803227347e-07 4.947575809620801128e-07 1.485254152276691057e-06
-3.583956482589317472e-07 1.070654411808199115e-06 -1.666948775974112332e-06
-3.030236987128115147e-07 1.438279461543228106e-07 -8.501444173081228422e-07
1.017750966109500636e-06 1.104787120946942459e-06 -3.101427551097067391e-07
1.084114542132839909e-07 -5.950328142558235829e-07 5.159262398567586892e-08
-2.025167160769842189e-07 -5.783879600053447692e-07 5.652968646969937322e-07
-3.436111658939497136e-07 -4.259666217062944727e-07 4.609834529149690836e-07
-6.892585746805138745e-07 -1.044895246723413206e-06 1.135070630838949203e-06
1.036126034688772769e-07 -2.977120758446694011e-07 -2.585096022739958245e-07
1.028649493745964185e-06 -2.541629518298273309e-07 -2.125808146632677495e-07
-8.411828494587573098e-07 8.857320194992575734e-07 -2.470072964383457685e-07
2.694762747515296963e-08 1.105231251089288485e-06 -1.612783546268841976e-07
-1.184870141408184837e-06 9.482947721992430892e-07 3.656117217575673675e-07
8.625019100040897339e-07 5.822373989192132193e-07 -8.245652460384293466e-08
3.517313472262008397e-07 -2.375833800253413392e-07 -9.173151466153058879e-07
-8.643886270924149495e-09 3.256426157094192161e-07 3.452351592158566604e-07
-6.900667994975599843e-07 2.300458276240923156e-07 1.895857413131513905e-07
7.328063910277985557e-07 3.726149737642510274e-07 -6.285359270936257122e-07
4.268907662233015545e-07 9.366983364017256666e-07 1.444588187372726030e-07
4.145954495261377729e-07 9.756935405547207131e-07 1.960129678573182126e-07
-1.180974549206090637e-06 -4.285965100202414990e-07 1.710675154268592096e-06
2.107186217620919943e-09 1.240667951297539259e-07 -1.421608620217096244e-06
-1.200452290443842857e-06 2.302626409550569844e-07 3.952561039539461925e-07
6.921614178185522358e-07 -1.539285795318180099e-08 -8.939333004881324263e-08
1.207194135509563656e-06 1.679214708913522484e-07 -4.734799744914032927e-07
8.805676539936036998e-07 4.663141688647007606e-07 8.623495309306900290e-07
-4.117853128129410338e-07 -3.016087048028736482e-07 2.829220674774650893e-07
1.077033996934492375e-06 2.995578735398332389e-07 5.056210235175445447e-07
3.328235551925649633e-07 -7.230681716451552818e-08 -1.088913729409494772e-07
-7.806362524282493667e-07 7.151305315241986668e-07 4.446138781998244369e-07
7.282571644174832898e-07 2.753923238570337154e-08 -3.832389589671142816e-07
-1.542474167046589825e-06 1.507212136504693915e-07 1.468213366678119302e-06
1.615439693648488811e-07 -1.194663225184877942e-06 1.392895253770412965e-06
-2.463710909971730694e-07 -5.812740729423650404e-07 -1.248487057405989823e-06
-3.128736371742580961e-08 2.614195302085023580e-07 2.304825671230247900e-07
3.854761672941905838e-07 -5.723868165699650256e-07 -7.290933388093051579e-07
2.622308394111258762e-07 6.613406755913687359e-07 -1.391794172417308772e-06
-9.743184901426393760e-07 -4.521306791589654136e-08 -1.631393485318204961e-07
-2.554603836570971897e-07 -3.850209194081547249e-07 1.420850493274380662e-07
4.060300696980939187e-08 6.602100645511638369e-07 1.284340533196907500e-09
1.741605628858794911e-06 9.043376672637312430e-07 5.347495901961865310e-07
6.689165060502703615e-07 1.745312355347175745e-07 -6.382287319471182749e-07
3.125338023920809975e-07 4.565900576390382193e-07 6.620064898991558666e-07
-1.429517894384633362e-06 1.133580920308381263e-06 -6.883094959503793000e-07
-1.990100735618811651e-07 -1.379317678037807991e-06 6.533264662518585793e-09
8.988270780868265390e-07 -8.458009159729209432e-07 -4.992845727115718083e-07
-9.063854210208391990e-07 -7.678711171491530077e-07 -8.228189462094781766e-08
5.250338014148500107e-08 -3.467942572812994640e-07 4.526773410661941859e-07
-2.504178190210976498e-07 4.693559215219333134e-08 1.946919441047872664e-06
5.734376056276036882e-07 1.176567776440332340e-07 2.208617358436208017e-08
-1.266400099185445899e-06 1.796249712103304954e-06 4.078023880041459275e-07
-1.367730460857821348e-07 -3.486788100381979771e-08 -1.799849884421947110e-08
5.059952437709553136e-07 -3.356018439580036628e-07 -2.494737187858765965e-07
1.859115065350165676e-07 2.036162611480536281e-06 -5.951925271378698913e-07
4.014094283322693022e-07 -3.508932920222471529e-08 -4.023005297333394825e-07
-2.674132091382828709e-07 9.804646638714304677e-07 -6.651560970401027600e-07
2.484909319883056146e-07 -1.098130316450570053e-06 1.190389812447341777e-06
-3.556744401304553232e-07 -3.323050335975800211e-07 -9.355787808487494186e-08
-1.978192932305600556e-08 1.385730126565141906e-07 5.758335903634666434e-07
-4.995849548833600745e-07 1.464933864915581117e-07 -5.281194525585269783e-07
7.910854934300619549e-07 9.009783073876697860e-08 -1.915869285800694755e-06
7.955149547680688089e-07 -9.985812332412009547e-07 1.159594709577303833e-06
4.557779033926972714e-07 -1.377527534732195902e-06 4.460761824775438898e-07
-1.024631722241247037e-06 -8.633411654472982912e-07 -3.008966408650531915e-07
1.503634479963449123e-07 1.022667407217543051e-06 1.445565383487543986e-06
-1.727534870525179005e-07 5.153369096252950923e-07 1.655180075369625997e-07
-4.408985969704806141e-07 6.030268148605211570e-07 -1.921919875658029315e-07
9.329269733333555417e-07 -1.149292913637505632e-07 -1.220208819123608467e-06
7.797933727111293955e-07 1.529567296308054808e-07 7.039955806271873570e-07
2.548784958399320153e-07 2.245651170804106221e-06 -3.669945160046353378e-07
6.875616556154343586e-07 2.507563180289964137e-07 -1.260899907004416961e-07
-4.607580638271150924e-07 9.090027977681394334e-07 -1.459587052271659569e-06
8.708893353792580044e-07 -4.195462158020273894e-07 4.781157838851285699e-07
3.145974710633586030e-07 1.957736080928767101e-07 -4.767407412922387090e-07
-1.814798157853387980e-07 -5.472504819700407440e-07 7.331399871868439454e-07
8.464326243145585285e-07 5.612747235035056356e-07 -4.112167148839630580e-08
2.474682605341269258e-07 -4.560136203832517244e-07 -7.843368293551071605e-07
5.828113394961618463e-08 5.362273105969386486e-07 1.078327028564348526e-06
2.247993806082489617e-07 5.782070093440086046e-07 -1.688191776158446421e-06
2.268002586831386651e-07 1.666015021485878192e-06 6.694480566745475434e-07
-7.764671617720659676e-07 1.001053545338440884e-06 -9.234188339444756653e-07
-2.193047883553180023e-07 -1.329050899840722537e-07 -3.976008440408874495e-07
1.585412624087397597e-07 1.665582726107590712e-07 -4.637195845364921389e-07
1.683742234373590147e-07 -4.933204259783363744e-07 1.835174356270337937e-06
1.613623624158724270e-06 4.933293708899066072e-07 -7.704240470312551475e-07
6.692386170270972607e-08 -8.049905485381005892e-07 2.646518012065698945e-07
8.074157238421683936e-07 9.390053386033575743e-07 -1.566519052242831458e-06
-1.250843590843222459e-06 -5.953050964029475492e-07 7.006156295910619821e-07
2.325498894142114682e-07 -1.149522378195884875e-06 -8.816834173191766772e-07
6.194129108460630749e-07 3.764076018275032790e-07 6.479853564929829786e-08
-4.361782506288246970e-07 -3.666066925765631937e-07 2.561159043894865654e-07
-3.188563434601590726e-07 2.299798498426096156e-07 8.169781765846188595e-07
1.110459062020752457e-06 8.287268234211876622e-07 7.541143438616250475e-07
-3.548478494854570387e-08 3.506889481141134643e-07 1.194784677798765815e-06
1.638572599899144312e-07 -1.917792627423381765e-07 8.990022010103554345e-07
7.827786522299223084e-08 -2.053800696661346508e-07 6.703410310790689774e-07
-1.620070078843930735e-06 -2.359669489923932586e-07 4.483727326646023741e-07
1.474038061859698515e-06 6.363255544374966465e-07 -1.049040763885180867e-07
1.160623260521258192e-06 9.574946842678141664e-07 1.957836536046567854e-06
2.932395656056690636e-07 1.705379322041969123e-07 -1.163157711821588662e-06
-1.798425496441264313e-06 4.480667469681959974e-07 -6.289581988328803137e-07
-4.020473023810239910e-07 1.552385900259288058e-06 1.145267538913240272e-06
1.250504035778595074e-06 -6.633073732261067911e-07 -2.137275235673831436e-08
-7.787977515495063314e-07 1.569115136055012867e-08 1.707503679610730728e-06
1.649488943842755285e-06 -5.990752002509858614e-07 -7.020927095769800391e-07
1.793515074058142281e-08 -2.811014733845523680e-07 3.168660238844987273e-07
4.495434375284168069e-07 -6.860481593449176107e-07 2.846827178507159405e-07
-5.509484131625610351e-07 6.698685789189146834e-08 5.986744517600175167e-07
5.516049249319736335e-07 9.325408815558444381e-07 -1.647438734371981507e-06
-1.239105896143556757e-06 2.040737731108238604e-07 2.196245184469348516e-07
-1.161831588493047355e-06 -1.535724989020177895e-06 1.005649183059385860e-06
-8.244294764360198277e-07 5.643408497022043875e-07 1.163807623230531501e-07
-1.271644665681000677e-06 -1.001687915568569991e-06 3.265922114247455068e-08
1.463770062759314477e-07 6.813521108713920009e-07 -4.853699116567759595e-07
1.385745448438256153e-06 -2.953737501409966030e-07 1.980080751740075613e-06
-5.558883277019557409e-07 8.722510903888490318e-07 3.017343341560525206e-07
-1.695566359964075122e-07 -3.625388623641662816e-08 -3.240866302378178838e-07
2.754512841954910689e-07 -2.250554738631625720e-06 -9.164303691512455377e-07
-5.102766309662350916e-07 3.048218875226997587e-07 3.041788559900313691e-07
1.121520314795682396e-06 -7.923631453778930119e-07 3.764862925193083834e-07
-1.123224985603795789e-07 -1.420858548732660265e-07 5.381343405913114065e-07
