5000
3
0
1.0
1.0
1.0
1.0
1.0
1.0
1.0
1.0
1.0
1.0
1.0
1.0
1.0
1.0
1.0
1.0
1.0
1.0
1.0
1.0
1.0
1.0
1.0
1.0
1.0
1.0
1.0
1.0
1.0
1.0
1.0
1.0
1.0
1.0
1.0
1.0
1.0
1.0
1.0
1.0
1.0
1.0
1.0
1.0
1.0
1.0
1.0
1.0
1.0
1.0
1.0
1.0
1.0
1.0
1.0
1.0
1.0
1.0
1.0
1.0
1.0
1.0
1.0
1.0
1.0
1.0
1.0
1.0
1.0
1.0
1.0
1.0
1.0
1.0
1.0
1.0
1.0
1.0
1.0
1.0
1.0
1.0
1.0
1.0
1.0
1.0
1.0
1.0
1.0
1.0
1.0
1.0
1.0
1.0
1.0
1.0
1.0
1.0
1.0
1.0
1.0
1.0
1.0
1.0
1.0
1.0
1.0
1.0
1.0
1.0
1.0
1.0
1.0
1.0
1.0
1.0
1.0
1.0
1.0
1.0
1.0
1.0
1.0
1.0
1.0
1.0
1.0
1.0
1.0
1.0
1.0
1.0
1.0
1.0
1.0
1.0
1.0
1.0
1.0
1.0
1.0
1.0
1.0
1.0
1.0
1.0
1.0
1.0
1.0
1.0
1.0
1.0
1.0
1.0
1.0
1.0
1.0
1.0
1.0
1.0
1.0
1.0
1.0
1.0
1.0
1.0
1.0
1.0
1.0
1.0
1.0
1.0
1.0
1.0
1.0
1.0
1.0
1.0
1.0
1.0
1.0
1.0
1.0
1.0
1.0
1.0
1.0
1.0
1.0
1.0
1.0
1.0
1.0
1.0
1.0
1.0
1.0
1.0
1.0
1.0
1.0
1.0
1.0
1.0
1.0
1.0
1.0
1.0
1.0
1.0
1.0
1.0
1.0
1.0
1.0
1.0
1.0
1.0
1.0
1.0
1.0
1.0
1.0
1.0
1.0
1.0
1.0
1.0
1.0
1.0
1.0
1.0
1.0
1.0
1.0
1.0
1.0
1.0
1.0
1.0
1.0
1.0
1.0
1.0
1.0
1.0
1.0
1.0
1.0
1.0
1.0
1.0
1.0
1.0
1.0
1.0
1.0
1.0
1.0
1.0
1.0
1.0
1.0
1.0
1.0
1.0
1.0
1.0
1.0
1.0
1.0
1.0
1.0
1.0
1.0
1.0
1.0
1.0
1.0
1.0
1.0
1.0
1.0
1.0
1.0
1.0
1.0
1.0
1.0
1.0
1.0
1.0
1.0
1.0
1.0
1.0
1.0
1.0
1.0
1.0
1.0
1.0
1.0
1.0
1.0
1.0
1.0
1.0
1.0
1.0
1.0
1.0
1.0
1.0
1.0
1.0
1.0
1.0
1.0
1.0
1.0
1.0
1.0
1.0
1.0
1.0
1.0
1.0
1.0
1.0
1.0
1.0
1.0
1.0
1.0
1.0
1.0
1.0
1.0
1.0
1.0
1.0
1.0
1.0
1.0
1.0
1.0
1.0
1.0
1.0
1.0
1.0
1.0
1.0
1.0
1.0
1.0
1.0
1.0
1.0
1.0
1.0
1.0
1.0
1.0
1.0
1.0
1.0
1.0
1.0
1.0
1.0
1.0
1.0
1.0
1.0
1.0
1.0
1.0
1.0
1.0
1.0
1.0
1.0
1.0
1.0
1.0
1.0
1.0
1.0
1.0
1.0
1.0
1.0
1.0
1.0
1.0
1.0
1.0
1.0
1.0
1.0
1.0
1.0
1.0
1.0
1.0
1.0
1.0
1.0
1.0
1.0
1.0
1.0
1.0
1.0
1.0
1.0
1.0
1.0
1.0
1.0
1.0
1.0
1.0
1.0
1.0
1.0
1.0
1.0
1.0
1.0
1.0
1.0
1.0
1.0
1.0
1.0
1.0
1.0
1.0
1.0
1.0
1.0
1.0
1.0
1.0
1.0
1.0
1.0
1.0
1.0
1.0
1.0
1.0
1.0
1.0
1.0
1.0
1.0
1.0
1.0
1.0
1.0
1.0
1.0
1.0
1.0
1.0
1.0
1.0
1.0
1.0
1.0
1.0
1.0
1.0
1.0
1.0
1.0
1.0
1.0
1.0
1.0
1.0
1.0
1.0
1.0
1.0
1.0
1.0
1.0
1.0
1.0
1.0
1.0
1.0
1.0
1.0
1.0
1.0
1.0
1.0
1.0
1.0
1.0
1.0
1.0
1.0
1.0
1.0
1.0
1.0
1.0
1.0
1.0
1.0
1.0
1.0
1.0
1.0
1.0
1.0
1.0
1.0
1.0
1.0
1.0
1.0
1.0
1.0
1.0
1.0
1.0
1.0
1.0
1.0
1.0
1.0
1.0
1.0
1.0
1.0
1.0
1.0
1.0
1.0
1.0
1.0
1.0
1.0
1.0
1.0
1.0
1.0
1.0
1.0
1.0
1.0
1.0
1.0
1.0
1.0
1.0
1.0
1.0
1.0
1.0
1.0
1.0
1.0
1.0
1.0
1.0
1.0
1.0
1.0
1.0
1.0
1.0
1.0
1.0
1.0
1.0
1.0
1.0
1.0
1.0
1.0
1.0
1.0
1.0
1.0
1.0
1.0
1.0
1.0
1.0
1.0
1.0
1.0
1.0
1.0
1.0
1.0
1.0
1.0
1.0
1.0
1.0
1.0
1.0
1.0
1.0
1.0
1.0
1.0
1.0
1.0
1.0
1.0
1.0
1.0
1.0
1.0
1.0
1.0
1.0
1.0
1.0
1.0
1.0
1.0
1.0
1.0
1.0
1.0
1.0
1.0
1.0
1.0
1.0
1.0
1.0
1.0
1.0
1.0
1.0
1.0
1.0
1.0
1.0
1.0
1.0
1.0
1.0
1.0
1.0
1.0
1.0
1.0
1.0
1.0
1.0
1.0
1.0
1.0
1.0
1.0
1.0
1.0
1.0
1.0
1.0
1.0
1.0
1.0
1.0
1.0
1.0
1.0
1.0
1.0
1.0
1.0
1.0
1.0
1.0
1.0
1.0
1.0
1.0
1.0
1.0
1.0
1.0
1.0
1.0
1.0
1.0
1.0
1.0
1.0
1.0
1.0
1.0
1.0
1.0
1.0
1.0
1.0
1.0
1.0
1.0
1.0
1.0
1.0
1.0
1.0
1.0
1.0
1.0
1.0
1.0
1.0
1.0
1.0
1.0
1.0
1.0
1.0
1.0
1.0
1.0
1.0
1.0
1.0
1.0
1.0
1.0
1.0
1.0
1.0
1.0
1.0
1.0
1.0
1.0
1.0
1.0
1.0
1.0
1.0
1.0
1.0
1.0
1.0
1.0
1.0
1.0
1.0
1.0
1.0
1.0
1.0
1.0
1.0
1.0
1.0
1.0
1.0
1.0
1.0
1.0
1.0
1.0
1.0
1.0
1.0
1.0
1.0
1.0
1.0
1.0
1.0
1.0
1.0
1.0
1.0
1.0
1.0
1.0
1.0
1.0
1.0
1.0
1.0
1.0
1.0
1.0
1.0
1.0
1.0
1.0
1.0
1.0
1.0
1.0
1.0
1.0
1.0
1.0
1.0
1.0
1.0
1.0
1.0
1.0
1.0
1.0
1.0
1.0
1.0
1.0
1.0
1.0
1.0
1.0
1.0
1.0
1.0
1.0
1.0
1.0
1.0
1.0
1.0
1.0
1.0
1.0
1.0
1.0
1.0
1.0
1.0
1.0
1.0
1.0
1.0
1.0
1.0
1.0
1.0
1.0
1.0
1.0
1.0
1.0
1.0
1.0
1.0
1.0
1.0
1.0
1.0
1.0
1.0
1.0
1.0
1.0
1.0
1.0
1.0
1.0
1.0
1.0
1.0
1.0
1.0
1.0
1.0
1.0
1.0
1.0
1.0
1.0
1.0
1.0
1.0
1.0
1.0
1.0
1.0
1.0
1.0
1.0
1.0
1.0
1.0
1.0
1.0
1.0
1.0
1.0
1.0
1.0
1.0
1.0
1.0
1.0
1.0
1.0
1.0
1.0
1.0
1.0
1.0
1.0
1.0
1.0
1.0
1.0
1.0
1.0
1.0
1.0
1.0
1.0
1.0
1.0
1.0
1.0
1.0
1.0
1.0
1.0
1.0
1.0
1.0
1.0
1.0
1.0
1.0
1.0
1.0
1.0
1.0
1.0
1.0
1.0
1.0
1.0
1.0
1.0
1.0
1.0
1.0
1.0
1.0
1.0
1.0
1.0
1.0
1.0
1.0
1.0
1.0
1.0
1.0
1.0
1.0
1.0
1.0
1.0
1.0
1.0
1.0
1.0
1.0
1.0
1.0
1.0
1.0
1.0
1.0
1.0
1.0
1.0
1.0
1.0
1.0
1.0
1.0
1.0
1.0
1.0
1.0
1.0
1.0
1.0
1.0
1.0
1.0
1.0
1.0
1.0
1.0
1.0
1.0
1.0
1.0
1.0
1.0
1.0
1.0
1.0
1.0
1.0
1.0
1.0
1.0
1.0
1.0
1.0
1.0
1.0
1.0
1.0
1.0
1.0
1.0
1.0
1.0
1.0
1.0
1.0
1.0
1.0
1.0
1.0
1.0
1.0
1.0
1.0
1.0
1.0
1.0
1.0
1.0
1.0
1.0
1.0
1.0
1.0
1.0
1.0
1.0
1.0
1.0
1.0
1.0
1.0
1.0
1.0
1.0
1.0
1.0
1.0
1.0
1.0
1.0
1.0
1.0
1.0
1.0
1.0
1.0
1.0
1.0
1.0
1.0
1.0
1.0
1.0
1.0
1.0
1.0
1.0
1.0
1.0
1.0
1.0
1.0
1.0
1.0
1.0
1.0
1.0
1.0
1.0
1.0
1.0
1.0
1.0
1.0
1.0
1.0
1.0
1.0
1.0
1.0
1.0
1.0
1.0
1.0
1.0
1.0
1.0
1.0
1.0
1.0
1.0
1.0
1.0
1.0
1.0
1.0
1.0
1.0
1.0
1.0
1.0
1.0
1.0
1.0
1.0
1.0
1.0
1.0
1.0
1.0
1.0
1.0
1.0
1.0
1.0
1.0
1.0
1.0
1.0
1.0
1.0
1.0
1.0
1.0
1.0
1.0
1.0
1.0
1.0
1.0
1.0
1.0
1.0
1.0
1.0
1.0
1.0
1.0
1.0
1.0
1.0
1.0
1.0
1.0
1.0
1.0
1.0
1.0
1.0
1.0
1.0
1.0
1.0
1.0
1.0
1.0
1.0
1.0
1.0
1.0
1.0
1.0
1.0
1.0
1.0
1.0
1.0
1.0
1.0
1.0
1.0
1.0
1.0
1.0
1.0
1.0
1.0
1.0
1.0
1.0
1.0
1.0
1.0
1.0
1.0
1.0
1.0
1.0
1.0
1.0
1.0
1.0
1.0
1.0
1.0
1.0
1.0
1.0
1.0
1.0
1.0
1.0
1.0
1.0
1.0
1.0
1.0
1.0
1.0
1.0
1.0
1.0
1.0
1.0
1.0
1.0
1.0
1.0
1.0
1.0
1.0
1.0
1.0
1.0
1.0
1.0
1.0
1.0
1.0
1.0
1.0
1.0
1.0
1.0
1.0
1.0
1.0
1.0
1.0
1.0
1.0
1.0
1.0
1.0
1.0
1.0
1.0
1.0
1.0
1.0
1.0
1.0
1.0
1.0
1.0
1.0
1.0
1.0
1.0
1.0
1.0
1.0
1.0
1.0
1.0
1.0
1.0
1.0
1.0
1.0
1.0
1.0
1.0
1.0
1.0
1.0
1.0
1.0
1.0
1.0
1.0
1.0
1.0
1.0
1.0
1.0
1.0
1.0
1.0
1.0
1.0
1.0
1.0
1.0
1.0
1.0
1.0
1.0
1.0
1.0
1.0
1.0
1.0
1.0
1.0
1.0
1.0
1.0
1.0
1.0
1.0
1.0
1.0
1.0
1.0
1.0
1.0
1.0
1.0
1.0
1.0
1.0
1.0
1.0
1.0
1.0
1.0
1.0
1.0
1.0
1.0
1.0
1.0
1.0
1.0
1.0
1.0
1.0
1.0
1.0
1.0
1.0
1.0
1.0
1.0
1.0
1.0
1.0
1.0
1.0
1.0
1.0
1.0
1.0
1.0
1.0
1.0
1.0
1.0
1.0
1.0
1.0
1.0
1.0
1.0
1.0
1.0
1.0
1.0
1.0
1.0
1.0
1.0
1.0
1.0
1.0
1.0
1.0
1.0
1.0
1.0
1.0
1.0
1.0
1.0
1.0
1.0
1.0
1.0
1.0
1.0
1.0
1.0
1.0
1.0
1.0
1.0
1.0
1.0
1.0
1.0
1.0
1.0
1.0
1.0
1.0
1.0
1.0
1.0
1.0
1.0
1.0
1.0
1.0
1.0
1.0
1.0
1.0
1.0
1.0
1.0
1.0
1.0
1.0
1.0
1.0
1.0
1.0
1.0
1.0
1.0
1.0
1.0
1.0
1.0
1.0
1.0
1.0
1.0
1.0
1.0
1.0
1.0
1.0
1.0
1.0
1.0
1.0
1.0
1.0
1.0
1.0
1.0
1.0
1.0
1.0
1.0
1.0
1.0
1.0
1.0
1.0
1.0
1.0
1.0
1.0
1.0
1.0
1.0
1.0
1.0
1.0
1.0
1.0
1.0
1.0
1.0
1.0
1.0
1.0
1.0
1.0
1.0
1.0
1.0
1.0
1.0
1.0
1.0
1.0
1.0
1.0
1.0
1.0
1.0
1.0
1.0
1.0
1.0
1.0
1.0
1.0
1.0
1.0
1.0
1.0
1.0
1.0
1.0
1.0
1.0
1.0
1.0
1.0
1.0
1.0
1.0
1.0
1.0
1.0
1.0
1.0
1.0
1.0
1.0
1.0
1.0
1.0
1.0
1.0
1.0
1.0
1.0
1.0
1.0
1.0
1.0
1.0
1.0
1.0
1.0
1.0
1.0
1.0
1.0
1.0
1.0
1.0
1.0
1.0
1.0
1.0
1.0
1.0
1.0
1.0
1.0
1.0
1.0
1.0
1.0
1.0
1.0
1.0
1.0
1.0
1.0
1.0
1.0
1.0
1.0
1.0
1.0
1.0
1.0
1.0
1.0
1.0
1.0
1.0
1.0
1.0
1.0
1.0
1.0
1.0
1.0
1.0
1.0
1.0
1.0
1.0
1.0
1.0
1.0
1.0
1.0
1.0
1.0
1.0
1.0
1.0
1.0
1.0
1.0
1.0
1.0
1.0
1.0
1.0
1.0
1.0
1.0
1.0
1.0
1.0
1.0
1.0
1.0
1.0
1.0
1.0
1.0
1.0
1.0
1.0
1.0
1.0
1.0
1.0
1.0
1.0
1.0
1.0
1.0
1.0
1.0
1.0
1.0
1.0
1.0
1.0
1.0
1.0
1.0
1.0
1.0
1.0
1.0
1.0
1.0
1.0
1.0
1.0
1.0
1.0
1.0
1.0
1.0
1.0
1.0
1.0
1.0
1.0
1.0
1.0
1.0
1.0
1.0
1.0
1.0
1.0
1.0
1.0
1.0
1.0
1.0
1.0
1.0
1.0
1.0
1.0
1.0
1.0
1.0
1.0
1.0
1.0
1.0
1.0
1.0
1.0
1.0
1.0
1.0
1.0
1.0
1.0
1.0
1.0
1.0
1.0
1.0
1.0
1.0
1.0
1.0
1.0
1.0
1.0
1.0
1.0
1.0
1.0
1.0
1.0
1.0
1.0
1.0
1.0
1.0
1.0
1.0
1.0
1.0
1.0
1.0
1.0
1.0
1.0
1.0
1.0
1.0
1.0
1.0
1.0
1.0
1.0
1.0
1.0
1.0
1.0
1.0
1.0
1.0
1.0
1.0
1.0
1.0
1.0
1.0
1.0
1.0
1.0
1.0
1.0
1.0
1.0
1.0
1.0
1.0
1.0
1.0
1.0
1.0
1.0
1.0
1.0
1.0
1.0
1.0
1.0
1.0
1.0
1.0
1.0
1.0
1.0
1.0
1.0
1.0
1.0
1.0
1.0
1.0
1.0
1.0
1.0
1.0
1.0
1.0
1.0
1.0
1.0
1.0
1.0
1.0
1.0
1.0
1.0
1.0
1.0
1.0
1.0
1.0
1.0
1.0
1.0
1.0
1.0
1.0
1.0
1.0
1.0
1.0
1.0
1.0
1.0
1.0
1.0
1.0
1.0
1.0
1.0
1.0
1.0
1.0
1.0
1.0
1.0
1.0
1.0
1.0
1.0
1.0
1.0
1.0
1.0
1.0
1.0
1.0
1.0
1.0
1.0
1.0
1.0
1.0
1.0
1.0
1.0
1.0
1.0
1.0
1.0
1.0
1.0
1.0
1.0
1.0
1.0
1.0
1.0
1.0
1.0
1.0
1.0
1.0
1.0
1.0
1.0
1.0
1.0
1.0
1.0
1.0
1.0
1.0
1.0
1.0
1.0
1.0
1.0
1.0
1.0
1.0
1.0
1.0
1.0
1.0
1.0
1.0
1.0
1.0
1.0
1.0
1.0
1.0
1.0
1.0
1.0
1.0
1.0
1.0
1.0
1.0
1.0
1.0
1.0
1.0
1.0
1.0
1.0
1.0
1.0
1.0
1.0
1.0
1.0
1.0
1.0
1.0
1.0
1.0
1.0
1.0
1.0
1.0
1.0
1.0
1.0
1.0
1.0
1.0
1.0
1.0
1.0
1.0
1.0
1.0
1.0
1.0
1.0
1.0
1.0
1.0
1.0
1.0
1.0
1.0
1.0
1.0
1.0
1.0
1.0
1.0
1.0
1.0
1.0
1.0
1.0
1.0
1.0
1.0
1.0
1.0
1.0
1.0
1.0
1.0
1.0
1.0
1.0
1.0
1.0
1.0
1.0
1.0
1.0
1.0
1.0
1.0
1.0
1.0
1.0
1.0
1.0
1.0
1.0
1.0
1.0
1.0
1.0
1.0
1.0
1.0
1.0
1.0
1.0
1.0
1.0
1.0
1.0
1.0
1.0
1.0
1.0
1.0
1.0
1.0
1.0
1.0
1.0
1.0
1.0
1.0
1.0
1.0
1.0
1.0
1.0
1.0
1.0
1.0
1.0
1.0
1.0
1.0
1.0
1.0
1.0
1.0
1.0
1.0
1.0
1.0
1.0
1.0
1.0
1.0
1.0
1.0
1.0
1.0
1.0
1.0
1.0
1.0
1.0
1.0
1.0
1.0
1.0
1.0
1.0
1.0
1.0
1.0
1.0
1.0
1.0
1.0
1.0
1.0
1.0
1.0
1.0
1.0
1.0
1.0
1.0
1.0
1.0
1.0
1.0
1.0
1.0
1.0
1.0
1.0
1.0
1.0
1.0
1.0
1.0
1.0
1.0
1.0
1.0
1.0
1.0
1.0
1.0
1.0
1.0
1.0
1.0
1.0
1.0
1.0
1.0
1.0
1.0
1.0
1.0
1.0
1.0
1.0
1.0
1.0
1.0
1.0
1.0
1.0
1.0
1.0
1.0
1.0
1.0
1.0
1.0
1.0
1.0
1.0
1.0
1.0
1.0
1.0
1.0
1.0
1.0
1.0
1.0
1.0
1.0
1.0
1.0
1.0
1.0
1.0
1.0
1.0
1.0
1.0
1.0
1.0
1.0
1.0
1.0
1.0
1.0
1.0
1.0
1.0
1.0
1.0
1.0
1.0
1.0
1.0
1.0
1.0
1.0
1.0
1.0
1.0
1.0
1.0
1.0
1.0
1.0
1.0
1.0
1.0
1.0
1.0
1.0
1.0
1.0
1.0
1.0
1.0
1.0
1.0
1.0
1.0
1.0
1.0
1.0
1.0
1.0
1.0
1.0
1.0
1.0
1.0
1.0
1.0
1.0
1.0
1.0
1.0
1.0
1.0
1.0
1.0
1.0
1.0
1.0
1.0
1.0
1.0
1.0
1.0
1.0
1.0
1.0
1.0
1.0
1.0
1.0
1.0
1.0
1.0
1.0
1.0
1.0
1.0
1.0
1.0
1.0
1.0
1.0
1.0
1.0
1.0
1.0
1.0
1.0
1.0
1.0
1.0
1.0
1.0
1.0
1.0
1.0
1.0
1.0
1.0
1.0
1.0
1.0
1.0
1.0
1.0
1.0
1.0
1.0
1.0
1.0
1.0
1.0
1.0
1.0
1.0
1.0
1.0
1.0
1.0
1.0
1.0
1.0
1.0
1.0
1.0
1.0
1.0
1.0
1.0
1.0
1.0
1.0
1.0
1.0
1.0
1.0
1.0
1.0
1.0
1.0
1.0
1.0
1.0
1.0
1.0
1.0
1.0
1.0
1.0
1.0
1.0
1.0
1.0
1.0
1.0
1.0
1.0
1.0
1.0
1.0
1.0
1.0
1.0
1.0
1.0
1.0
1.0
1.0
1.0
1.0
1.0
1.0
1.0
1.0
1.0
1.0
1.0
1.0
1.0
1.0
1.0
1.0
1.0
1.0
1.0
1.0
1.0
1.0
1.0
1.0
1.0
1.0
1.0
1.0
1.0
1.0
1.0
1.0
1.0
1.0
1.0
1.0
1.0
1.0
1.0
1.0
1.0
1.0
1.0
1.0
1.0
1.0
1.0
1.0
1.0
1.0
1.0
1.0
1.0
1.0
1.0
1.0
1.0
1.0
1.0
1.0
1.0
1.0
1.0
1.0
1.0
1.0
1.0
1.0
1.0
1.0
1.0
1.0
1.0
1.0
1.0
1.0
1.0
1.0
1.0
1.0
1.0
1.0
1.0
1.0
1.0
1.0
1.0
1.0
1.0
1.0
1.0
1.0
1.0
1.0
1.0
1.0
1.0
1.0
1.0
1.0
1.0
1.0
1.0
1.0
1.0
1.0
1.0
1.0
1.0
1.0
1.0
1.0
1.0
1.0
1.0
1.0
1.0
1.0
1.0
1.0
1.0
1.0
1.0
1.0
1.0
1.0
1.0
1.0
1.0
1.0
1.0
1.0
1.0
1.0
1.0
1.0
1.0
1.0
1.0
1.0
1.0
1.0
1.0
1.0
1.0
1.0
1.0
1.0
1.0
1.0
1.0
1.0
1.0
1.0
1.0
1.0
1.0
1.0
1.0
1.0
1.0
1.0
1.0
1.0
1.0
1.0
1.0
1.0
1.0
1.0
1.0
1.0
1.0
1.0
1.0
1.0
1.0
1.0
1.0
1.0
1.0
1.0
1.0
1.0
1.0
1.0
1.0
1.0
1.0
1.0
1.0
1.0
1.0
1.0
1.0
1.0
1.0
1.0
1.0
1.0
1.0
1.0
1.0
1.0
1.0
1.0
1.0
1.0
1.0
1.0
1.0
1.0
1.0
1.0
1.0
1.0
1.0
1.0
1.0
1.0
1.0
1.0
1.0
1.0
1.0
1.0
1.0
1.0
1.0
1.0
1.0
1.0
1.0
1.0
1.0
1.0
1.0
1.0
1.0
1.0
1.0
1.0
1.0
1.0
1.0
1.0
1.0
1.0
1.0
1.0
1.0
1.0
1.0
1.0
1.0
1.0
1.0
1.0
1.0
1.0
1.0
1.0
1.0
1.0
1.0
1.0
1.0
1.0
1.0
1.0
1.0
1.0
1.0
1.0
1.0
1.0
1.0
1.0
1.0
1.0
1.0
1.0
1.0
1.0
1.0
1.0
1.0
1.0
1.0
1.0
1.0
1.0
1.0
1.0
1.0
1.0
1.0
1.0
1.0
1.0
1.0
1.0
1.0
1.0
1.0
1.0
1.0
1.0
1.0
1.0
1.0
1.0
1.0
1.0
1.0
1.0
1.0
1.0
1.0
1.0
1.0
1.0
1.0
1.0
1.0
1.0
1.0
1.0
1.0
1.0
1.0
1.0
1.0
1.0
1.0
1.0
1.0
1.0
1.0
1.0
1.0
1.0
1.0
1.0
1.0
1.0
1.0
1.0
1.0
1.0
1.0
1.0
1.0
1.0
1.0
1.0
1.0
1.0
1.0
1.0
1.0
1.0
1.0
1.0
1.0
1.0
1.0
1.0
1.0
1.0
1.0
1.0
1.0
1.0
1.0
1.0
1.0
1.0
1.0
1.0
1.0
1.0
1.0
1.0
1.0
1.0
1.0
1.0
1.0
1.0
1.0
1.0
1.0
1.0
1.0
1.0
1.0
1.0
1.0
1.0
1.0
1.0
1.0
1.0
1.0
1.0
1.0
1.0
1.0
1.0
1.0
1.0
1.0
1.0
1.0
1.0
1.0
1.0
1.0
1.0
1.0
1.0
1.0
1.0
1.0
1.0
1.0
1.0
1.0
1.0
1.0
1.0
1.0
1.0
1.0
1.0
1.0
1.0
1.0
1.0
1.0
1.0
1.0
1.0
1.0
1.0
1.0
1.0
1.0
1.0
1.0
1.0
1.0
1.0
1.0
1.0
1.0
1.0
1.0
1.0
1.0
1.0
1.0
1.0
1.0
1.0
1.0
1.0
1.0
1.0
1.0
1.0
1.0
1.0
1.0
1.0
1.0
1.0
1.0
1.0
1.0
1.0
1.0
1.0
1.0
1.0
1.0
1.0
1.0
1.0
1.0
1.0
1.0
1.0
1.0
1.0
1.0
1.0
1.0
1.0
1.0
1.0
1.0
1.0
1.0
1.0
1.0
1.0
1.0
1.0
1.0
1.0
1.0
1.0
1.0
1.0
1.0
1.0
1.0
1.0
1.0
1.0
1.0
1.0
1.0
1.0
1.0
1.0
1.0
1.0
1.0
1.0
1.0
1.0
1.0
1.0
1.0
1.0
1.0
1.0
1.0
1.0
1.0
1.0
1.0
1.0
1.0
1.0
1.0
1.0
1.0
1.0
1.0
1.0
1.0
1.0
1.0
1.0
1.0
1.0
1.0
1.0
1.0
1.0
1.0
1.0
1.0
1.0
1.0
1.0
1.0
1.0
1.0
1.0
1.0
1.0
1.0
1.0
1.0
1.0
1.0
1.0
1.0
1.0
1.0
1.0
1.0
1.0
1.0
1.0
1.0
1.0
1.0
1.0
1.0
1.0
1.0
1.0
1.0
1.0
1.0
1.0
1.0
1.0
1.0
1.0
1.0
1.0
1.0
1.0
1.0
1.0
1.0
1.0
1.0
1.0
1.0
1.0
1.0
1.0
1.0
1.0
1.0
1.0
1.0
1.0
1.0
1.0
1.0
1.0
1.0
1.0
1.0
1.0
1.0
1.0
1.0
1.0
1.0
1.0
1.0
1.0
1.0
1.0
1.0
1.0
1.0
1.0
1.0
1.0
1.0
1.0
1.0
1.0
1.0
1.0
1.0
1.0
1.0
1.0
1.0
1.0
1.0
1.0
1.0
1.0
1.0
1.0
1.0
1.0
1.0
1.0
1.0
1.0
1.0
1.0
1.0
1.0
1.0
1.0
1.0
1.0
1.0
1.0
1.0
1.0
1.0
1.0
1.0
1.0
1.0
1.0
1.0
1.0
1.0
1.0
1.0
1.0
1.0
1.0
1.0
1.0
1.0
1.0
1.0
1.0
1.0
1.0
1.0
1.0
1.0
1.0
1.0
1.0
1.0
1.0
1.0
1.0
1.0
1.0
1.0
1.0
1.0
1.0
1.0
1.0
1.0
1.0
1.0
1.0
1.0
1.0
1.0
1.0
1.0
1.0
1.0
1.0
1.0
1.0
1.0
1.0
1.0
1.0
1.0
1.0
1.0
1.0
1.0
1.0
1.0
1.0
1.0
1.0
1.0
1.0
1.0
1.0
1.0
1.0
1.0
1.0
1.0
1.0
1.0
1.0
1.0
1.0
1.0
1.0
1.0
1.0
1.0
1.0
1.0
1.0
1.0
1.0
1.0
1.0
1.0
1.0
1.0
1.0
1.0
1.0
1.0
1.0
1.0
1.0
1.0
1.0
1.0
1.0
1.0
1.0
1.0
1.0
1.0
1.0
1.0
1.0
1.0
1.0
1.0
1.0
1.0
1.0
1.0
1.0
1.0
1.0
1.0
1.0
1.0
1.0
1.0
1.0
1.0
1.0
1.0
1.0
1.0
1.0
1.0
1.0
1.0
1.0
1.0
1.0
1.0
1.0
1.0
1.0
1.0
1.0
1.0
1.0
1.0
1.0
1.0
1.0
1.0
1.0
1.0
1.0
1.0
1.0
1.0
1.0
1.0
1.0
1.0
1.0
1.0
1.0
1.0
1.0
1.0
1.0
1.0
1.0
1.0
1.0
1.0
1.0
1.0
1.0
1.0
1.0
1.0
1.0
1.0
1.0
1.0
1.0
1.0
1.0
1.0
1.0
1.0
1.0
1.0
1.0
1.0
1.0
1.0
1.0
1.0
1.0
1.0
1.0
1.0
1.0
1.0
1.0
1.0
1.0
1.0
1.0
1.0
1.0
1.0
1.0
1.0
1.0
1.0
1.0
1.0
1.0
1.0
1.0
1.0
1.0
1.0
1.0
1.0
1.0
1.0
1.0
1.0
1.0
1.0
1.0
1.0
1.0
1.0
1.0
1.0
1.0
1.0
1.0
1.0
1.0
1.0
1.0
1.0
1.0
1.0
1.0
1.0
1.0
1.0
1.0
1.0
1.0
1.0
1.0
1.0
1.0
1.0
1.0
1.0
1.0
1.0
1.0
1.0
1.0
1.0
1.0
1.0
1.0
1.0
1.0
1.0
1.0
1.0
1.0
1.0
1.0
1.0
1.0
1.0
1.0
1.0
1.0
1.0
1.0
1.0
1.0
1.0
1.0
1.0
1.0
1.0
1.0
1.0
1.0
1.0
1.0
1.0
1.0
1.0
1.0
1.0
1.0
1.0
1.0
1.0
1.0
1.0
1.0
1.0
1.0
1.0
1.0
1.0
1.0
1.0
1.0
1.0
1.0
1.0
1.0
1.0
1.0
1.0
1.0
1.0
1.0
1.0
1.0
1.0
1.0
1.0
1.0
1.0
1.0
1.0
1.0
1.0
1.0
1.0
1.0
1.0
1.0
1.0
1.0
1.0
1.0
1.0
1.0
1.0
1.0
1.0
1.0
1.0
1.0
1.0
1.0
1.0
1.0
1.0
1.0
1.0
1.0
1.0
1.0
1.0
1.0
1.0
1.0
1.0
1.0
1.0
1.0
1.0
1.0
1.0
1.0
1.0
1.0
1.0
1.0
1.0
1.0
1.0
1.0
1.0
1.0
1.0
1.0
1.0
1.0
1.0
1.0
1.0
1.0
1.0
1.0
1.0
1.0
1.0
1.0
1.0
1.0
1.0
1.0
1.0
1.0
1.0
1.0
1.0
1.0
1.0
1.0
1.0
1.0
1.0
1.0
1.0
1.0
1.0
1.0
1.0
1.0
1.0
1.0
1.0
1.0
1.0
1.0
1.0
1.0
1.0
1.0
1.0
1.0
1.0
1.0
1.0
1.0
1.0
1.0
1.0
1.0
1.0
1.0
1.0
1.0
1.0
1.0
1.0
1.0
1.0
1.0
1.0
1.0
1.0
1.0
1.0
1.0
1.0
1.0
1.0
1.0
1.0
1.0
1.0
1.0
1.0
1.0
1.0
1.0
1.0
1.0
1.0
1.0
1.0
1.0
1.0
1.0
1.0
1.0
1.0
1.0
1.0
1.0
1.0
1.0
1.0
1.0
1.0
1.0
1.0
1.0
1.0
1.0
1.0
1.0
1.0
1.0
1.0
1.0
1.0
1.0
1.0
1.0
1.0
1.0
1.0
1.0
1.0
1.0
1.0
1.0
1.0
1.0
1.0
1.0
1.0
1.0
1.0
1.0
1.0
1.0
1.0
1.0
1.0
1.0
1.0
1.0
1.0
1.0
1.0
1.0
1.0
1.0
1.0
1.0
1.0
1.0
1.0
1.0
1.0
1.0
1.0
1.0
1.0
1.0
1.0
1.0
1.0
1.0
1.0
1.0
1.0
1.0
1.0
1.0
1.0
1.0
1.0
1.0
1.0
1.0
1.0
1.0
1.0
1.0
1.0
1.0
1.0
1.0
1.0
1.0
1.0
1.0
1.0
1.0
1.0
1.0
1.0
1.0
1.0
1.0
1.0
1.0
1.0
1.0
1.0
1.0
1.0
1.0
1.0
1.0
1.0
1.0
1.0
1.0
1.0
1.0
1.0
1.0
1.0
1.0
1.0
1.0
1.0
1.0
1.0
1.0
1.0
1.0
1.0
1.0
1.0
1.0
1.0
1.0
1.0
1.0
1.0
1.0
1.0
1.0
1.0
1.0
1.0
1.0
1.0
1.0
1.0
1.0
1.0
1.0
1.0
1.0
1.0
1.0
1.0
1.0
1.0
1.0
1.0
1.0
1.0
1.0
1.0
1.0
1.0
1.0
1.0
1.0
1.0
1.0
1.0
1.0
1.0
1.0
1.0
1.0
1.0
1.0
1.0
1.0
1.0
1.0
1.0
1.0
1.0
1.0
1.0
1.0
1.0
1.0
1.0
1.0
1.0
1.0
1.0
1.0
1.0
1.0
1.0
1.0
1.0
1.0
1.0
1.0
1.0
1.0
1.0
1.0
1.0
1.0
1.0
1.0
1.0
1.0
1.0
1.0
1.0
1.0
1.0
1.0
1.0
1.0
1.0
1.0
1.0
1.0
1.0
1.0
1.0
1.0
1.0
1.0
1.0
1.0
1.0
1.0
1.0
1.0
1.0
1.0
1.0
1.0
1.0
1.0
1.0
1.0
1.0
1.0
1.0
1.0
1.0
1.0
1.0
1.0
1.0
1.0
1.0
1.0
1.0
1.0
1.0
1.0
1.0
1.0
1.0
1.0
1.0
1.0
1.0
1.0
1.0
1.0
1.0
1.0
1.0
1.0
1.0
1.0
1.0
1.0
1.0
1.0
1.0
1.0
1.0
1.0
1.0
1.0
1.0
1.0
1.0
1.0
1.0
1.0
1.0
1.0
1.0
1.0
1.0
1.0
1.0
1.0
1.0
1.0
1.0
1.0
1.0
1.0
1.0
1.0
1.0
1.0
1.0
1.0
1.0
1.0
1.0
1.0
1.0
1.0
1.0
1.0
1.0
1.0
1.0
1.0
1.0
1.0
1.0
1.0
1.0
1.0
1.0
1.0
1.0
1.0
1.0
1.0
1.0
1.0
1.0
1.0
1.0
1.0
1.0
1.0
1.0
1.0
1.0
1.0
1.0
1.0
1.0
1.0
1.0
1.0
1.0
1.0
1.0
1.0
1.0
1.0
1.0
1.0
1.0
1.0
1.0
1.0
1.0
1.0
1.0
1.0
1.0
1.0
1.0
1.0
1.0
1.0
1.0
1.0
1.0
1.0
1.0
1.0
1.0
1.0
1.0
1.0
1.0
1.0
1.0
1.0
1.0
1.0
1.0
1.0
1.0
1.0
1.0
1.0
1.0
1.0
1.0
1.0
1.0
1.0
1.0
1.0
1.0
1.0
1.0
1.0
1.0
1.0
1.0
1.0
1.0
1.0
1.0
1.0
1.0
1.0
1.0
1.0
1.0
1.0
1.0
1.0
1.0
1.0
1.0
1.0
1.0
1.0
1.0
1.0
1.0
1.0
1.0
1.0
1.0
1.0
1.0
1.0
1.0
1.0
1.0
1.0
1.0
1.0
1.0
1.0
1.0
1.0
1.0
1.0
1.0
1.0
1.0
1.0
1.0
1.0
1.0
1.0
1.0
1.0
1.0
1.0
1.0
1.0
1.0
1.0
1.0
1.0
1.0
1.0
1.0
1.0
1.0
1.0
1.0
1.0
1.0
1.0
1.0
1.0
1.0
1.0
1.0
1.0
1.0
1.0
1.0
1.0
1.0
1.0
1.0
1.0
1.0
1.0
1.0
1.0
1.0
1.0
1.0
1.0
1.0
1.0
1.0
1.0
1.0
1.0
1.0
1.0
1.0
1.0
1.0
1.0
1.0
1.0
1.0
1.0
1.0
1.0
1.0
1.0
1.0
1.0
1.0
1.0
1.0
1.0
1.0
1.0
1.0
1.0
1.0
1.0
1.0
1.0
1.0
1.0
1.0
1.0
1.0
1.0
1.0
1.0
1.0
1.0
1.0
1.0
1.0
1.0
1.0
1.0
1.0
1.0
1.0
1.0
1.0
1.0
1.0
1.0
1.0
1.0
1.0
1.0
1.0
1.0
1.0
1.0
1.0
1.0
1.0
1.0
1.0
1.0
1.0
1.0
1.0
1.0
1.0
1.0
1.0
1.0
1.0
1.0
1.0
1.0
1.0
1.0
1.0
1.0
1.0
1.0
1.0
1.0
1.0
1.0
1.0
1.0
1.0
1.0
1.0
1.0
1.0
1.0
1.0
1.0
1.0
1.0
1.0
1.0
1.0
1.0
1.0
1.0
1.0
1.0
1.0
1.0
1.0
1.0
1.0
1.0
1.0
1.0
1.0
1.0
1.0
1.0
1.0
1.0
1.0
1.0
1.0
1.0
1.0
1.0
1.0
1.0
1.0
1.0
1.0
1.0
1.0
1.0
1.0
1.0
1.0
1.0
1.0
1.0
1.0
1.0
1.0
1.0
1.0
1.0
1.0
1.0
1.0
1.0
1.0
1.0
1.0
1.0
1.0
1.0
1.0
1.0
1.0
1.0
1.0
1.0
1.0
1.0
1.0
1.0
1.0
1.0
1.0
1.0
1.0
1.0
1.0
1.0
1.0
1.0
1.0
1.0
1.0
1.0
1.0
1.0
1.0
1.0
1.0
1.0
1.0
1.0
1.0
1.0
1.0
1.0
1.0
1.0
1.0
1.0
1.0
1.0
1.0
1.0
1.0
1.0
1.0
1.0
1.0
1.0
1.0
1.0
1.0
1.0
1.0
1.0
1.0
1.0
1.0
1.0
1.0
1.0
1.0
1.0
1.0
1.0
1.0
1.0
1.0
1.0
1.0
1.0
1.0
1.0
1.0
1.0
1.0
1.0
1.0
1.0
1.0
1.0
1.0
1.0
1.0
1.0
1.0
1.0
1.0
1.0
1.0
1.0
1.0
1.0
1.0
1.0
1.0
1.0
1.0
1.0
1.0
1.0
1.0
1.0
1.0
1.0
1.0
1.0
1.0
1.0
1.0
1.0
1.0
1.0
1.0
1.0
1.0
1.0
1.0
1.0
1.0
1.0
1.0
1.0
1.0
1.0
1.0
1.0
1.0
1.0
1.0
1.0
1.0
1.0
1.0
1.0
1.0
1.0
1.0
1.0
1.0
1.0
1.0
1.0
1.0
1.0
1.0
1.0
1.0
1.0
1.0
1.0
1.0
1.0
1.0
1.0
1.0
1.0
1.0
1.0
1.0
1.0
1.0
1.0
1.0
1.0
1.0
1.0
1.0
1.0
1.0
1.0
1.0
1.0
1.0
1.0
1.0
1.0
1.0
1.0
1.0
1.0
1.0
1.0
1.0
1.0
1.0
1.0
1.0
1.0
1.0
1.0
1.0
1.0
1.0
1.0
1.0
1.0
1.0
1.0
1.0
1.0
1.0
1.0
1.0
1.0
1.0
1.0
1.0
1.0
1.0
1.0
1.0
1.0
1.0
1.0
1.0
1.0
1.0
1.0
1.0
1.0
1.0
1.0
1.0
1.0
1.0
1.0
1.0
1.0
1.0
1.0
1.0
1.0
1.0
1.0
1.0
1.0
1.0
1.0
1.0
1.0
1.0
1.0
1.0
1.0
1.0
1.0
1.0
1.0
1.0
1.0
1.0
1.0
1.0
1.0
1.0
1.0
1.0
1.0
1.0
1.0
1.0
1.0
1.0
1.0
1.0
1.0
1.0
1.0
1.0
1.0
1.0
1.0
1.0
1.0
1.0
1.0
1.0
1.0
1.0
1.0
1.0
1.0
1.0
1.0
1.0
1.0
1.0
1.0
1.0
1.0
1.0
1.0
1.0
1.0
1.0
1.0
1.0
1.0
1.0
1.0
1.0
1.0
1.0
1.0
1.0
1.0
1.0
1.0
1.0
1.0
1.0
1.0
1.0
1.0
1.0
1.0
1.0
1.0
1.0
1.0
1.0
1.0
1.0
1.0
1.0
1.0
1.0
1.0
1.0
1.0
1.0
1.0
1.0
1.0
1.0
1.0
1.0
1.0
1.0
1.0
1.0
1.0
1.0
1.0
1.0
1.0
1.0
1.0
1.0
1.0
1.0
1.0
1.0
1.0
1.0
1.0
1.0
1.0
1.0
1.0
1.0
1.0
1.0
1.0
1.0
1.0
1.0
1.0
1.0
1.0
1.0
1.0
1.0
1.0
1.0
1.0
1.0
1.0
1.0
1.0
1.0
1.0
1.0
1.0
1.0
1.0
1.0
1.0
1.0
1.0
1.0
1.0
1.0
1.0
1.0
1.0
1.0
1.0
1.0
1.0
1.0
1.0
1.0
1.0
1.0
1.0
1.0
1.0
1.0
1.0
1.0
1.0
1.0
1.0
1.0
1.0
1.0
1.0
1.0
1.0
1.0
1.0
1.0
1.0
1.0
1.0
1.0
1.0
1.0
1.0
1.0
1.0
1.0
1.0
1.0
1.0
1.0
1.0
1.0
1.0
1.0
1.0
1.0
1.0
1.0
1.0
1.0
1.0
1.0
1.0
1.0
1.0
1.0
1.0
1.0
1.0
1.0
1.0
1.0
1.0
1.0
1.0
1.0
1.0
1.0
1.0
1.0
1.0
1.0
1.0
1.0
1.0
1.0
1.0
1.0
1.0
1.0
1.0
1.0
1.0
1.0
1.0
1.0
1.0
1.0
1.0
1.0
1.0
1.0
1.0
1.0
1.0
1.0
1.0
1.0
1.0
1.0
1.0
1.0
1.0
1.0
1.0
1.0
1.0
1.0
1.0
1.0
1.0
1.0
1.0
1.0
1.0
1.0
1.0
1.0
1.0
1.0
1.0
1.0
1.0
1.0
1.0
1.0
1.0
1.0
1.0
1.0
1.0
1.0
1.0
1.0
1.0
1.0
1.0
1.0
1.0
1.0
1.0
1.0
1.0
1.0
1.0
1.0
1.0
1.0
1.0
1.0
1.0
1.0
1.0
1.0
1.0
1.0
1.0
1.0
1.0
1.0
1.0
1.0
1.0
1.0
1.0
1.0
1.0
1.0
1.0
1.0
1.0
1.0
1.0
1.0
1.0
1.0
1.0
1.0
1.0
1.0
1.0
1.0
1.0
1.0
1.0
1.0
1.0
1.0
1.0
1.0
1.0
1.0
1.0
1.0
1.0
1.0
1.0
1.0
1.0
1.0
1.0
1.0
1.0
1.0
1.0
1.0
1.0
1.0
1.0
1.0
1.0
1.0
1.0
1.0
1.0
1.0
1.0
1.0
1.0
1.0
1.0
1.0
1.0
1.0
1.0
1.0
1.0
1.0
1.0
1.0
1.0
1.0
1.0
1.0
1.0
1.0
1.0
1.0
1.0
1.0
1.0
1.0
1.0
1.0
1.0
1.0
1.0
1.0
1.0
1.0
1.0
1.0
1.0
1.0
1.0
1.0
1.0
1.0
1.0
1.0
1.0
1.0
1.0
1.0
1.0
1.0
1.0
1.0
1.0
1.0
1.0
1.0
1.0
1.0
1.0
1.0
1.0
1.0
1.0
1.0
1.0
1.0
1.0
1.0
1.0
1.0
1.0
1.0
1.0
1.0
1.0
1.0
1.0
1.0
1.0
1.0
1.0
1.0
1.0
1.0
1.0
1.0
1.0
1.0
1.0
1.0
1.0
1.0
1.0
1.0
1.0
1.0
1.0
1.0
1.0
1.0
1.0
1.0
1.0
1.0
1.0
1.0
1.0
1.0
1.0
1.0
1.0
1.0
1.0
1.0
1.0
1.0
1.0
1.0
1.0
1.0
1.0
1.0
1.0
1.0
1.0
1.0
1.0
1.0
1.0
1.0
1.0
1.0
1.0
1.0
1.0
1.0
1.0
1.0
1.0
1.0
1.0
1.0
1.0
1.0
1.0
1.0
1.0
1.0
1.0
1.0
1.0
1.0
1.0
1.0
1.0
1.0
1.0
1.0
1.0
1.0
1.0
1.0
1.0
1.0
1.0
1.0
1.0
1.0
1.0
1.0
1.0
1.0
1.0
1.0
1.0
1.0
1.0
1.0
1.0
1.0
1.0
1.0
1.0
1.0
1.0
1.0
1.0
1.0
1.0
1.0
1.0
1.0
-8.689525638635591065e+01 -2.927861669244970599e+01 -4.421045300365560848e+01
3.917218162085129052e+01 -2.155616028369725612e+01 3.819010416116288553e+01
-1.259474547898161489e+01 1.940555104407056364e+00 -1.237282291686362612e+01
8.669724391292623622e+00 6.690558302169187677e+00 -2.642234456891011440e+00
-1.108762421049009284e+01 -1.892570378968168399e+01 -8.672091733951930337e+00
-2.172558408490091963e+00 -1.364097502436995946e+01 -3.438564673058224219e+00
-2.401589381668781886e+00 1.329002302448598272e+01 4.648579877683130412e+00
-6.864854292169859207e+00 -1.231879282414028998e+00 -2.452737857108495589e+01
-7.534616575936086136e+00 -1.402335149146054682e+01 1.030152204359895940e+01
-7.011280890707771718e+00 -5.357156309218663766e-03 -8.669936815255331553e+00
-7.192627343465990641e+00 7.414907087915576511e-01 -7.517295240800155653e+00
-9.068116949533920890e-01 -6.864723649100636038e+00 6.930067071870463558e+00
5.622574349058979237e+00 3.633904910636240881e+00 8.763166328966796925e+00
-4.475672228329035995e+00 -1.414894714857434721e+01 -1.742996795021893419e+01
8.638089782212487577e+00 -2.051979792510863376e+01 -5.545076662628042108e+00
-7.530659914707465985e-01 -2.652803002514334541e+00 5.784030984964895872e+00
3.110168685214107054e+00 -1.058032975621795302e+01 -3.484737534677527293e+01
2.987849609688704611e+00 -3.803599304978120710e+00 5.286725646870744200e+00
1.137194149756361661e+01 -7.757989284381355155e+00 8.038187941541828252e+00
-4.501799806317097641e+00 -5.293306699312747554e+00 9.164449447909044366e-01
3.838150228290656774e+00 -4.311888314788842713e+00 5.293904929062848375e+00
-3.113906575592685133e+00 -1.182344893820951537e+00 -3.507591650310023290e+00
5.980048801734206165e+00 7.194591188387859404e+01 -3.991023672265544064e+01
-4.989486653543566241e+00 -9.783734464530056130e+00 -7.533547774268006592e+00
-1.543179432922966043e+01 -3.514087133706467636e+00 -1.678240421123251380e+01
8.123047839850022100e+00 -8.928314723126268504e+00 -5.627372273352021281e+00
1.087941675021132859e+01 -3.791359718661845069e+00 4.152950880876364437e+00
-8.499517287696051193e-01 1.812806882249452967e+00 6.330791642958940812e+00
-8.233995920415063452e+00 6.242143996882824730e+00 4.124630489262733235e+00
-1.611271221971500855e+00 3.552203191358857648e+00 4.055345155202672025e+00
3.402665181358830448e+00 -6.995101061354188410e+00 1.781144971795863441e+01
6.408071345419877218e+00 -5.200749723655107459e+00 1.744650179360511189e+01
2.674235291549439619e+00 -7.284182375363428719e+00 5.963914424151312010e-01
4.016130317436902075e+00 1.595090747418297816e+01 5.384384728746716142e+00
1.392357895505861087e+01 -6.599784748304903914e+00 -1.762652703422713785e+01
-4.402907580905527141e+00 4.960231569072814040e+00 1.309095117287505605e+00
-3.507977863968913645e+00 -8.937040085471231521e+00 -4.329665066071093804e+00
6.125781318397571340e+00 7.504068769883694756e+00 1.904901242159156993e+01
5.688463840980013231e+00 7.599162786941932701e+00 -4.122251010340484689e-01
2.749869543470202959e+00 -1.334538487027983056e+00 -5.868138496972345131e+00
2.616918734756936260e+00 -9.404278253134279453e+00 -5.740360636629197266e+00
3.077181030868191502e+00 -1.135994468039769956e+01 1.118500770672979172e+01
3.710716293931758392e-01 1.725759053588135927e+01 3.399830908312029276e+00
1.086491733601719289e+01 4.430618903724500512e+00 -8.871418740350581089e+00
2.441396717754047013e-02 1.099564993682176306e+00 -1.556783883366938293e+00
-1.663879239893222950e+00 -6.243439257927914099e+00 4.569975849384448341e-01
8.237114719875829327e-03 9.399813190062015877e+00 -7.765732180755379188e-01
-1.771675668530389158e+00 1.898350938458576165e+00 -5.418332179405846105e+00
-1.675965082867033829e+01 1.739749575939796511e+00 8.678629322510612809e+00
-5.294246400488104243e+00 -1.667874109681222627e+00 5.190633088535700601e+00
6.026962123324467768e+01 1.222506469971606968e+01 -6.565238807424624667e+01
3.740627904592054520e+00 -5.981874506926444290e+00 6.846113003200947345e-02
9.483683655093834375e+00 1.792820212053381468e+01 6.234044796516560183e+00
8.159852113927628992e+00 -2.509129836588418261e+00 5.925407326032438249e+00
-2.454587437426650087e+00 -4.621996238493922604e+00 1.208920638101291800e+00
-1.294630509830644538e+00 -3.376406476979938454e+00 1.796620374684935939e+01
1.231321962330587994e+00 -1.056750400717569605e+01 1.061200793974442647e+01
-3.471917238294432995e+00 3.367567245946870624e+00 6.649121607167240988e+00
-7.373095745999359352e+00 1.609823618239036191e+00 -3.300936435006286196e+00
-1.249222251329935851e+01 8.499786270555988565e+00 4.331354981434780171e+01
2.416842898525519345e+01 -6.896658450504284943e+00 -1.437762761207556750e+01
6.815541468463881536e+00 1.168781021791584829e+00 1.040434794553310560e+01
3.270971215631172324e+00 -3.893775123563615992e+00 -3.394350357750221203e+00
5.735511240834529012e+00 6.256417679705723600e+00 -5.273503723902874363e+00
-2.903728640552138085e+00 7.372961570710198309e+00 9.453245729526251750e+00
-7.562257468059178755e+00 2.244865735227687509e+01 1.008772615856872790e+01
-1.037004186960125729e+01 1.572585738972741343e+00 -4.486862841670076207e+00
1.155876159690212290e+01 -2.035479002319617869e+00 8.329182392085575870e+00
-1.543225650452522579e+01 1.275639784231085905e+01 3.242324857593045451e+00
-5.172013071221899239e-01 3.539447560710394125e+00 1.072119255242292191e+01
-9.970601659522224658e-01 1.383611236552913404e+00 -1.023163789422732251e+01
2.102900047777760051e+01 -2.352519617083937931e+01 1.337510300807669950e+01
-2.091434282210113338e+01 -8.756599394351059829e+00 -4.204656992206565747e+00
1.396115532864098840e+00 -3.653943308007520319e+00 -9.650430762459936140e-01
-7.801814215513339867e+00 -2.891077537664934471e+00 4.028209546156744203e+00
1.212480015763148650e-01 2.019807195178299608e+01 -1.703350478008099245e+01
9.264251273048560442e-01 -1.039620019627019110e+00 -7.421844472562023398e+00
-6.919110825762905037e+00 -5.367433404054229307e+00 -7.430773119633156121e+00
-2.402976308001705696e+00 -1.148823941348444322e+01 -2.324139618798400253e+00
7.882701384788217247e+00 5.794449447685681598e+00 7.079114548004969976e+00
-2.599861630418448755e+00 8.893021188097682383e+00 -4.274719670078193090e+00
-4.446415558138070168e+01 -3.577346807232064663e+01 -3.122481029383317264e+01
-1.336763438536336501e+01 -1.113827663930312539e+01 -7.069236954607383439e+00
-5.321156317141319647e+00 4.021197126221716545e+00 -3.867958774616488959e+00
-7.793760565897478898e+00 -9.332246902736441641e+00 -3.908051872045822606e+00
5.835358440421658521e+00 7.078514684956421554e+00 -1.325095632325251671e+01
-8.024459864710863144e+00 7.829583737537464394e+00 6.765452674154948109e-01
-3.127883461055357639e+00 -1.796182440494503751e+01 4.491735519123037257e+00
-7.395410788324554563e-01 -2.350237181763243299e+01 8.331119982542356084e+00
-7.769172646008812855e+00 -6.759655015234373288e+00 3.195697707893070394e+00
-3.379617071147878793e+00 -1.235392354888524835e+01 1.210245503132485467e-01
3.513014488274883718e+00 -1.018653538054587804e+00 -4.513474786527024385e+00
4.570529647186838851e+00 1.754406171120524105e+00 5.071707550274266119e+00
2.744696523186679560e+00 1.375671179836210900e+00 6.984776015849619490e+00
3.082154414071348825e+00 -6.224952653521293122e+00 3.068587559493966554e-01
-2.569994488034690328e+00 -4.108025412785701214e+00 -5.393152781411755470e+00
9.398803484215358939e-01 5.724503174892545232e+00 -1.258698487696467083e+00
1.308700987120352544e+01 -7.741993055688997316e+00 1.695759057056324126e+00
-1.360666414769086430e+01 -6.680847637772815428e-01 1.230618777899758776e+01
-2.943874827780586845e+00 -4.950790606034757957e+00 -1.233386149732358161e+00
-3.654855710173881000e+00 -1.185578249446211041e+00 1.974415356897591423e+01
-2.261776191310688411e+00 2.392357399818233255e+00 -2.995043752699412920e+00
3.520567187271189891e+00 -3.960548250626299893e+00 6.002795432325554792e+00
1.034892638580451552e+00 -2.882460338483283024e+01 -1.200056997213462484e+00
1.184203820949758068e+00 -8.225070827180653410e+00 -5.599008639817208532e+00
1.541190392128251485e+00 -4.409819539440576475e-01 2.326111053669353557e-01
1.552249760205822948e+00 -5.804623083863165611e+00 6.597167863588613290e-01
1.089173683336737319e+01 -7.109103110981523699e+00 2.094616747915334543e+01
-1.569721844842669300e+00 -1.071264615569756051e+00 -6.738728444556909558e-01
-1.093271512606576179e+00 -1.725267141815643157e+01 3.782698581785895797e+00
7.746688289700717434e+00 1.138027344507996652e+01 -2.993759061157328372e+00
-1.400045445273038958e+01 -7.047643285810114122e+00 2.146715779831778192e+01
-5.056966244337831595e-01 7.232850405062340116e+00 -1.298801715107008370e+00
-1.038969775289871000e+00 -4.462129709131748001e+00 9.799523420950440045e-01
1.681321555401411061e+01 -6.132163948841473200e+00 4.019323218590335500e+01
-7.360344651532169991e+00 2.680022146542195394e+00 -7.998497652437357164e-02
1.035993836939672086e+01 -3.116932223856552220e-01 -4.318264246495151504e+00
-2.979197076496036445e+01 1.732290597273663835e+01 5.698777813189633612e+00
-2.577184362334890366e+01 6.920996947643381247e+00 6.307521789978260962e+00
3.966146883172791071e+00 -8.210249444284604126e-01 3.262682799673684991e-02
6.782573967084027267e+00 -9.246345497461605945e+00 -6.445300555509971829e-01
4.492138713361082836e+00 -4.396279203337577712e+00 1.181146794519079535e+01
5.623469602270294132e+00 -2.406401245247049570e+00 -1.609987953109337733e+00
-9.003477899122213302e+00 -2.654682577433605317e+01 7.953676070359813721e+00
-7.743102726134925007e+00 4.580931492864708687e+00 9.074193071134050825e+00
2.613657852500685941e+00 2.139192909301802814e+01 -9.405646028942813430e+00
7.510097942060542486e+00 -2.928798838749434363e+00 6.784269506431345853e+00
8.369391332620359947e+00 8.509040073489565259e+00 5.448287704152614541e-01
1.461299164036161891e+01 1.936216962453469526e+00 -1.010037955172286672e+01
6.668315203064236307e+00 -5.775803352901917265e+00 -8.260768733569051392e+00
-6.636606780983451692e+00 4.084370122090103195e+00 -6.758772484197561425e+01
-3.766566429923333459e+01 -5.730365121875907874e+01 1.756993367328246292e+00
1.628589553353638086e+00 -7.804302779719180627e+00 5.209238135986674401e+00
-2.680723706761173553e+00 8.300855228381669448e+00 -2.059832103418796301e+00
5.975352436964920244e+00 3.472558289012867672e+00 1.048664789018286925e+01
3.130084266874930243e+00 1.758949491906622642e+00 1.184566304217032684e+00
-9.073216054082740456e+00 -3.666902688662022625e-01 -9.838741665151449212e+00
1.634126330103694613e+01 2.832790594005879292e+00 4.301013672571153634e+00
-7.440571850715581803e+00 -5.110309448740541605e+00 6.324971577095060971e-01
-1.837456490189551817e-01 8.670394259312490526e-01 -3.830498854086340721e+00
-4.656079188952002568e+00 5.399238906752984235e+00 -1.655376918246342255e+00
-5.778412182748697390e+00 -1.044138071614919205e+01 4.985848836978270526e+00
-1.647119501981080347e+01 1.679754078369899517e+01 -8.589508345325205241e+00
-4.483397161259761177e+00 5.126320570384415909e+00 -5.491479344255072448e+00
-6.176853178088464347e+00 -4.309581259593129876e-01 3.470208584496330406e+00
2.888249529547763039e+00 -5.538692960701539825e+00 2.387466871400838908e+00
-7.597857650760558634e+00 1.592658511005096589e+00 5.291868692710425037e+00
-5.625803749222963113e+00 7.193183125003338674e+00 4.441288032708099465e+00
-3.181422177696577691e+01 2.306463397486220401e+01 2.961756473723730565e+01
9.630167325922707633e+00 -1.077529163732255713e+00 -7.179731790425440074e+00
-2.567351810242604770e+01 -1.902035625711192068e+01 3.367625247593012183e+00
-2.932473324702041140e+01 4.481405523685312531e+00 3.237925235900591048e+01
7.168256971962294166e+00 1.142924143850804874e+01 1.750804547775825171e+01
-3.355690001726995941e+00 1.455760570918272601e+00 -7.633310224735232907e+00
3.870107593968274973e+00 -4.201462912749116541e+00 7.611123954917718981e-01
-7.043931020894224737e+00 -2.557767488373955622e+00 4.494252933368432679e+00
1.254558177015091758e+01 7.347359869561827850e+00 2.425933855129578376e+00
-5.656849797392305979e-01 1.414668219550643480e+00 1.621142338929759230e+00
5.763765047750814219e+00 7.332945596412984157e-01 1.756097464712155887e+00
2.217817312338235869e+00 4.966315489542100892e+00 1.252995548339769449e+00
4.650604875515063630e-01 5.496194992577851934e-01 8.453330616534634467e-01
-1.407068826718884047e+01 1.014131812179242687e+01 4.919914234068163417e+00
-3.259003673119813538e+00 2.728086902690381788e+00 -2.308398171083958772e+01
6.006658685533988740e-01 7.752473058687914254e+00 -4.100074517921473927e+00
-8.651281633225408996e+00 1.966398123922677144e+01 -3.528309010775635635e+00
8.110662079105088296e+00 -5.632116960106636760e+00 -4.652682635287249013e+00
3.931567337636144188e+00 -2.666912340732215725e+00 5.871994319841941312e+00
3.583854330815568368e+00 -1.508492706212393486e+01 6.024558021867538748e+00
-9.860017549427984918e+00 -2.340626022072514090e+01 4.262940405754240381e+00
4.248925215070763528e+01 -1.583557840182841403e+01 1.067861327093691770e+01
-1.963715419782380067e+00 7.880388162879604863e+00 -6.195441697863021346e+00
1.742333807164037651e+01 -1.733213830883288509e+01 3.171095364732835264e+00
-7.692619082763961558e+00 4.797538522415650597e+00 -5.666482411193515034e+00
-3.709945462481651024e+00 5.340773175402606654e+00 -5.500209670726305511e+00
3.558336231105885705e+00 1.207533817741748194e+01 -6.444518138911598193e+00
2.010652752522561482e+00 -1.489531339629898277e+01 1.531769652409744253e+01
-2.428355473621778948e+00 6.251791874502163893e+00 -1.779937790508515150e+01
-4.561598399363347056e+01 4.439469497526522446e+01 -1.916412524053002642e+01
1.315791678424730549e+01 -1.048792360723498973e+01 -2.080055831317269366e+01
-1.354103457328782234e+00 -1.252982224818540054e-02 5.386811422145298955e+00
1.619999395664461517e+01 -2.122891115191268341e+01 -1.117120550021641012e+00
7.247778842052882142e-01 -3.162363360800688916e+00 7.889929547319962655e-02
-1.963748397430176373e+00 1.366313807111889211e+01 -2.158265911814117644e+00
-9.416560515676058785e+00 -1.254288340108943745e+00 -7.321765987429195155e-01
-2.662730149591123308e+00 -1.981269514303169110e+00 -1.586668758510652255e+00
-8.396059619190378243e+00 -6.304533120283212888e+00 4.224041958832570387e+00
-3.802273525690381017e+00 -8.585948905749166471e+00 -1.769901833005629310e+00
-3.698164001371229137e+00 -1.110944462475761085e+01 3.760261130637163607e-01
6.972349795448965715e+00 -1.034304328672846651e+01 -1.779035508811750876e+00
5.205229412762152208e+01 -1.362579766656942581e+01 3.374781902182166782e-01
1.148980044827020031e+01 3.123135204039538149e+00 -1.484304559473687846e+01
-1.493603971814308728e+01 1.888284095718745670e+00 -1.278189736630161022e+01
-3.513291373996704881e+00 -7.511597081014537380e+00 -2.858744071145340016e+00
-1.421915092278430315e+01 -1.119256057143973493e+02 -2.162658685617849486e+01
-7.674995705488607989e+00 4.485062656190206276e+00 6.041337337363749782e+00
5.756196115563654736e+00 -3.959243617477105626e-01 5.116719552291855599e+00
-2.063058122734171995e+00 -8.238402266064550616e+00 -1.080238011950337551e+01
-2.136298588566931111e-01 4.102431625165293916e+00 6.812401953866650928e+00
-3.023002325375685473e+00 2.013604661758559455e+00 3.529125554162764189e+00
3.843967337227602865e+00 -7.198757332970976641e+00 -6.221535928035378582e+00
-1.442886284379723527e+01 6.893949794719719470e+00 1.152381089950797488e+01
-3.777685390849693015e+00 4.371243889034114538e+00 -3.728706634212084037e+00
-5.532151085330017537e+00 -6.961817547235539472e+00 -1.222611510431327630e+01
4.940507148357089484e+00 2.279596584959038275e+00 -1.060617879922122064e+01
-4.830680852366538436e-01 1.171683831509825024e+00 -8.981062727979091775e+00
1.687832423412464644e+00 -3.038248042524011705e+00 -2.160028256101294453e+00
-8.109791358770440439e+00 -2.666043359738374363e+01 8.374882195017228526e+00
3.145079015729534522e+00 -1.377766244986574051e+01 1.261982556273580514e+01
-4.987196339867360884e+00 2.311941092835455791e+00 2.634674686926857579e+00
1.667902254161121434e+01 2.349347144131364029e+00 -2.498027856688051163e+00
-7.678999780067454761e-01 2.582241820142031852e+00 3.958487734645608214e+00
5.475566289939597375e+00 -4.589503466001088050e+00 -6.305392819820908379e+00
-8.822513492851934425e-01 8.086777608863634725e+00 -8.016539346479050199e-01
-1.628149947771506589e+01 -1.966194755026579344e+01 9.565549281931390313e-01
-3.567181382197209261e-01 -9.760728706841412361e+00 1.489946071139528883e+01
4.833891778276996831e+01 6.002786631260461192e+00 -6.576407687759087572e+00
1.373574195306652967e+01 -3.339017140203281286e+01 -3.424344434359006328e+01
-2.354264369471082929e+01 2.504671600734188885e+01 -2.170011045875180855e+01
5.129202445707861990e+00 1.343675476722672180e+01 5.682992062609826256e+00
5.823871433560189992e+00 -4.587013027040319102e+00 -1.926112676686551239e+01
-2.328939654047769992e+01 7.350290703396335168e+00 1.533657621389222214e+01
1.665596852120898674e+01 1.862990507845977461e+01 -8.920321884702852699e+00
4.023231107762263115e+00 -1.283008067375323158e+01 4.553336300328158615e+00
8.152585812389873121e-01 -2.355809068018262309e+01 5.914354682514743722e+00
1.146457126170020935e+01 4.363601162074036921e+00 1.456948699604704167e+01
1.747625669989965491e+00 4.402358019221821905e+00 1.998854078104715493e+00
6.913275524286871310e+00 -5.656023133575343920e+00 -7.724030450901234524e+00
-8.244107631168814976e+01 5.840959323697909156e+01 1.707977909808153427e+01
-6.403251420325880794e+00 -3.373943795675995450e-01 5.219235677413196051e+00
2.703140582665656488e+00 -1.834299432201246693e+00 1.951062278184274357e+00
1.075075268255378358e+00 7.612474220125835522e+00 2.894696441791309471e+00
1.746132206711242529e-01 2.456080501068512589e+01 -9.119297104028801115e+00
-5.448281005578533787e+00 1.141066561012235248e+00 2.812821522379818528e+00
-1.339027929390519844e+01 9.499550438240929040e+00 4.221112846767878679e+00
-2.580451275859623195e+00 8.183359828313466977e+00 -5.899666767282012891e+00
1.873299003422183473e+00 -7.428847743371445489e+00 6.253385537053137710e+00
1.193616336473911943e+01 1.559600876325535168e+01 -7.581108664731591062e+00
-1.632993935345181669e+00 1.911070409534572079e+00 7.738383537672263834e+00
-1.687585003984606402e+01 2.164156748258954988e+00 9.968708110324973504e+00
1.507690494081155963e+00 5.205185117017526508e+00 1.308056634419705544e+00
1.482677011416707558e+01 1.276181354600732298e+01 1.823802934293377476e+01
3.525249770507342006e+00 1.149255035591339613e+01 -4.423681139424339825e+00
5.057923942395919248e+00 5.030134083400181311e+00 -7.922935031732632361e+00
-3.652381371126309517e+01 9.888137950969875689e+00 2.113173142617531042e+01
1.572290206646109922e+01 -1.521004760728630600e+01 -2.200371595583227347e+01
3.106992305727952708e+00 -2.521848210971617377e+00 3.093127062929190263e+00
5.125932771778543895e+00 -1.103122453786269652e+01 4.498198767794082897e+00
7.440344728771434990e-02 5.910177196327714988e-01 -9.931396245989445148e+00
1.365499043726843809e+01 -1.001311460872149972e+01 -3.282959769097042013e+00
-1.219023677018306628e+01 -1.609171465997151662e+00 -1.461970347759213773e+01
2.587608583578066668e+00 -6.172024212389307429e+00 3.164431861732133200e+00
3.333990657464552498e+01 -3.069974625197853690e+00 2.294281698497170296e+01
-1.404032831223837618e+01 -1.841571017406245048e+01 2.051830858551965520e+01
1.992703673732277636e+01 5.307724520197850637e+01 -4.579871747546997796e+01
9.174975192718596517e+00 -1.448933774711906874e+00 5.440948666593848904e-01
-6.343145798614625797e+00 1.848950205631300747e+00 -6.583705327887338754e+00
6.767320471534134185e+00 -9.146859937100812132e+00 1.053368176062976147e+01
-4.361670842501546019e+01 1.031041041872505737e+01 2.638898296880222816e+01
-4.154448988559921219e+01 2.025519269998698917e+02 2.818113736836577345e+02
-3.737411467102140961e+01 -3.310724747720615202e+00 1.563406628443915558e+01
-3.759644569003796288e+00 1.271931248787204538e+00 -3.655459468143428925e+00
-1.337903075473295189e+01 -3.883787531812510352e-01 1.895138743530053960e+00
4.765561522246951398e+00 -6.187604234518487623e+00 -3.272351695163710161e+00
-3.665867291723769128e+00 -4.707490541192659528e+00 -9.363638938637439679e+00
3.038692636684380055e+00 -1.580240900765820022e+00 9.949365886325093555e+00
-2.758730682186009364e+00 -7.809733265901542154e+00 1.136698904414908640e+01
2.034061464005240794e+01 -3.924416178358312379e+01 -3.480537129086744130e+01
-3.256780523958159979e+00 -1.445844852467451425e+01 1.917363663856909284e+01
1.284619954897719296e+01 9.696239334370394758e+00 -1.153885081841045057e+01
-6.782335371024803550e+00 -1.654159076854191568e+01 2.737126926261586490e+01
3.012118332887263605e-01 2.548901404542564197e+00 -1.094647194200818952e+01
6.527029025101431792e+00 -9.909458140440898788e+00 5.902408645523731678e+00
1.821883797017620044e+00 -7.188390860379374914e+00 3.031462924136925352e+01
-8.331101951654586557e+00 1.457276546507272030e+01 2.016512368628277940e+01
-3.505930339950287689e+00 4.143945872928026297e+00 -4.571052108150786886e+00
-2.127865135148994469e+01 1.014529445895687765e+01 3.853395586587643251e+00
1.702239104873216391e+01 1.400057005113826136e+01 -1.228360073532669183e+01
4.686213631564035698e-01 -3.428736694864779722e+00 5.335278624567325600e-01
-1.423750356809269313e+00 -1.569710849070617442e+01 -1.639974585808190000e+01
-1.482024624538108348e+01 1.343610678734453145e+01 -4.445083626303476088e+00
-5.811857271710772821e+00 -1.259778905026531781e+01 -7.073667789665260663e+00
1.157113402119306400e+01 2.664890410866883830e+00 -8.305098839563560986e+00
-2.043275722278139384e+01 -1.614628778668943099e+01 4.865531902019528232e+00
-1.258715767335450941e+01 -8.797481577892302340e+00 5.006608314412195782e+00
-5.907195309540997918e-01 -4.314040561581293787e+00 -1.668608876875422808e+00
-1.570536426166347033e+00 -5.673080040484060227e+00 1.222061387522290410e+01
4.271964416934805442e+00 4.095579249522441678e+00 -1.068630705764996414e+01
-6.389834853208774534e-01 -6.753119953319165703e+00 -1.636568697701627162e+00
4.140146423764970329e+00 -8.340351554850702342e+00 3.518861354504757011e-01
-2.815529079796905876e+01 -1.237997652111640090e-01 1.613179476815290769e+01
-3.163399170422406481e+00 4.346872927349459403e-01 -1.277224608306449127e+01
-1.343242254743669095e+00 4.045028550946717871e+00 6.605276286134136310e-01
-2.158467048354213702e+01 -2.691168337485798201e+00 -6.702500648436190422e-01
-4.481544004474449672e+00 2.785264083099007859e+00 -1.319968790023728111e+01
1.037214751388077261e+01 3.264439165947876198e+00 1.076829689748774577e+01
3.045738136123912554e+01 4.748820114023621031e+00 4.714627297266204664e+01
8.785539876063920062e+00 7.799514065169514676e-02 9.323172301433690023e+00
-2.909755804524552847e+00 1.315521290682817579e+01 -4.293814084435837231e+00
-8.806693188173280173e-01 9.112481182516729561e+00 -2.346222849839028068e+00
2.822111227098868724e+01 1.462331389038777196e+01 1.050496948287088799e+02
1.449730586045420466e+01 2.612691748461893226e+00 1.807211728894039027e+01
-6.183917876033078187e+00 1.600470543061824680e+00 -2.963269804075122948e+01
6.245519421650553404e+00 1.737460160994069414e+00 9.074232318707246003e-01
-1.240807493204620082e-01 3.013433932993037967e+00 -8.949286737117441604e+00
5.368266074690693834e+00 9.931566109655801000e+00 -8.796490803916848122e+00
-3.924875893706078500e+01 1.988961041828748577e+01 -9.882655348413406671e+01
-6.375750446011712924e+00 1.552111717090051535e+01 7.582806459372907204e-01
-1.064614499672293491e+01 -4.884267940090702531e+00 -8.148021716324226560e+00
-7.162103118473516439e+00 -5.973208305213186797e+00 8.392876926094496426e+00
1.199715749186540226e+00 -2.226018976517678105e+00 -1.334609200248223937e+00
3.162188595915164324e+00 -4.611569253659961731e+00 3.664635825274477288e+00
-6.892167477882596316e+00 -2.092740599444007366e+00 5.938327211641563075e+00
-4.236417487215600630e+00 -2.436460563693390924e+00 -1.299995620392089934e+00
-1.234659839244194046e+01 -3.061250607699320447e+00 -1.129099904542776578e+01
8.921670964836863504e+00 3.797356404032576194e+01 1.258061314245340157e+01
-5.745076753026807204e+00 3.225559644010656868e+00 1.367727083504550656e+01
1.961870136325977398e+01 2.196798686769005471e+01 -7.430813589303882694e+00
-6.983475003266724990e+00 -3.651314676956708416e-01 8.166764894248961681e+00
-6.782292629137767648e+00 4.335263476096641533e+00 4.922691635608237526e+00
-7.619562612957435643e-01 5.538492767776720171e+00 -2.787972894475502450e+00
-3.420194936986350243e+00 1.317459644726940882e+00 3.548374671587215978e+00
-5.700900745477669673e+00 1.539205456222634361e+01 7.951828269415416983e+00
1.402715133522819180e+01 1.787873166391124613e+01 1.178396125250159798e+00
2.735357847552686739e+00 8.693959574064439977e+00 1.024380701621233181e+00
-1.028959821943981012e+02 4.880063882418137666e+01 -1.291502207006036542e+02
-6.868834149024664271e+00 -3.950596744365340474e+00 -1.827671273029042354e+01
-1.963754744043153622e+01 -6.371174590179992236e+01 -9.079811088595224078e+01
-5.353381199710914196e+00 -6.083741201268845877e+00 9.151285647838977230e-03
-1.567160650803689492e+01 -5.822202977997673834e+00 -9.849957737058283591e-01
-9.138594560407263145e+00 8.663768893795898984e-01 -3.165152890251103912e+00
-3.068831790958467032e+00 1.257778556714883855e+01 1.079893765738142797e+01
-2.934068529556118854e+00 -3.141937052778216444e+00 1.723487260043316427e+00
7.619647144655353199e-02 1.589396978064344346e+01 -1.503802185034493455e+01
-2.814650639592621406e+00 -1.910232904104484097e+00 -1.821371994042987774e+00
9.894177708921249703e+00 9.096214952082656069e+00 7.653868481197287466e+00
4.157201541000866918e+00 2.878020095059022343e-01 -7.374302544711947682e+00
-9.857879249068579597e+00 -7.626547285274908328e-01 2.524046442376359778e+00
-5.521558570546564404e+00 3.037898531759011256e+00 -9.819667767155543459e+00
1.220428898452568411e+01 9.272904810439914769e+00 1.662443722108119104e+01
-1.728513878168101670e+01 -1.987453700194162920e+01 1.433985688707883277e+01
1.305485500083837991e+01 2.960550324843188807e+00 -4.135168213370650214e+00
1.543026772614738285e+01 8.306501736832307831e-03 -6.675702855311645978e-01
1.085879475209025991e+01 -2.561467751500980938e+00 -2.897282660806156152e+00
3.489796979733308380e+00 -6.378132827751458400e+00 2.674201046445420893e+00
1.375283959923120314e+01 -2.612791982858426287e+00 -8.989024629542305078e+00
6.928578585553824887e+00 -1.429077717228497590e+01 -1.132401387177075236e+01
5.580095014362653316e+00 -3.066952374436607620e+00 -3.781408321328661337e+00
-1.713751464774578537e+01 -8.178315581272903145e+00 -6.337254670701386594e-01
6.739325378649446696e-01 1.159828283413612410e-01 -7.367385568968851217e+00
1.777537635733875465e+00 7.415969442138830026e-01 -2.137428905211630692e+01
1.505891721241661152e+00 -1.005782135370048458e+01 5.016084959018072276e+00
7.114312496177602085e+00 7.158268896028474604e-01 -8.629112412945380228e+00
6.385408729044880438e+00 -1.399523704273698499e+01 -7.720818435453803197e+00
2.306202159590772460e+00 1.860349587064970445e+00 6.943182984929072710e+00
5.717087228312331959e+00 -1.367623391044835124e+01 3.983755531135634964e+00
5.805996853445231309e+00 -1.081993922496425320e+01 -7.447529259839344107e+00
-2.174030995850319226e+00 -7.934917540192396590e-01 5.105823984228816670e+00
-4.170275179139959043e+00 -1.525602227362970886e+01 -4.271111664411219699e+00
-2.337897051121450964e+00 2.464646756879964684e+01 -1.070623465811534381e+01
1.191560263786259632e+01 -5.674261000422963441e+00 -2.013943314370199467e+00
-6.096973755791932348e+00 3.060950795185331419e+00 7.711055098513802442e+00
-3.035369626235735918e+00 -4.299068676343447137e+00 -2.009462052582517089e+00
-6.755022329611602316e+00 -1.747395261714681958e+00 -5.148036554907983842e+00
9.532904695995736422e-01 -1.491436409482432834e+00 -2.816637575984731398e-02
-4.498262219643910376e-01 6.726961200434995902e+00 2.078333481538087923e+01
9.969575935465648797e+00 -2.225892419142318701e+01 4.620962951622768600e+00
1.109002889891187316e+01 -6.662685470884671446e+00 1.733372083060354729e+00
2.059732641516863971e+00 2.759554262056903351e+00 2.665250346564625339e+00
9.425882075134182969e+00 -6.626708157993469683e+00 1.235883404067646074e+00
1.368038355752665680e+01 2.520569143170052206e-01 7.058060122250076951e+00
1.172772353496306597e+00 3.045250110915010744e+00 1.038631057267612290e+00
-6.479229869763809546e-01 1.294130969185167457e+00 1.457149957842296173e+00
-5.044054216903350607e+01 -2.509760238331171323e+01 1.538258873708122998e+01
4.416028041475485111e+00 6.196953310934812942e-01 8.500913106666084573e+00
-3.493663299567567826e+00 1.586963409769705535e+01 2.010449673269991777e+01
7.607748938195735278e+00 -2.625622114799600837e+00 -1.396342897348145096e+00
1.081603705341035671e+01 1.214165079171073991e+01 -2.260414767681249160e+01
-7.132414575532004086e+00 1.495659539908022140e+01 6.420880592174346191e+01
5.661874981266207252e-01 5.083868517214404914e-01 -4.063690026507789099e+00
-1.430200347755174484e+01 2.332416463104162219e+01 -1.264920920993657028e+01
6.697018704350526264e+00 -1.123448460387811876e+00 6.704480941789376161e-03
-1.276352538204245413e+01 -5.744766642241717625e-01 -3.202112956173054581e+00
-2.857629930188535283e+00 -1.179616787441247983e+00 -8.837653920616405756e+00
1.871429592404029307e+01 -8.737206472289166470e+00 -1.260173912107912209e+01
8.530623862539334468e+00 -5.741266489221252378e+00 2.345872094694510324e+01
-1.564844420608099185e+01 -1.205884164922835744e+01 -1.362310859470236890e+00
2.475766250752820419e+00 -7.301223994021256658e+00 -5.485290662850630383e-01
4.594703159694415007e+00 2.286067893763445991e+00 7.979036222201059125e+00
-3.811633130674738634e+00 -2.855063900431554558e+00 2.849448220755142813e+00
-4.414319697921971652e+00 2.012047993424189940e+00 2.891189568747241090e+00
8.144418711572946279e+00 1.267826612365670291e+00 3.340778777950285328e+00
1.402770476143060030e+01 1.807783103936209779e+00 -8.341760319567633530e+00
1.976233930849864429e+00 1.864660236476159971e+00 7.149270566981280606e-01
-2.794986697750540827e+01 9.462295943976071655e+00 -9.377546507155207323e+00
-4.106033038469679042e+00 3.829475828021539741e+00 5.189681190806557431e+00
3.596041509422652549e+00 -3.116136262801957546e+00 5.774213771376287774e+00
1.545944982642583199e+01 2.303041746311175686e+01 -9.074882565253037825e+00
-5.394654762978585261e+00 1.178599061732111153e+00 7.254453577256655628e+00
8.968736894980185781e+00 -9.099352850012165206e+00 1.414786067931405533e+01
-2.864878579957899074e+00 -1.867065670962899215e+00 -2.130256865841397396e+00
1.924242968596326930e+00 4.196198327544043316e+00 -2.836798932699996723e+00
-1.465458942436221212e+00 -1.416549960291110466e+00 5.203937127098747339e+00
-4.414987422217244273e+00 -8.506144742217060184e+00 -7.567396019767398840e+00
-6.459065306889659297e+00 -5.495980485527826587e-02 -3.256737532994335438e-01
-3.123576281653325459e+00 -1.095990401648402113e+01 8.930424850935686720e+00
2.666780110472649401e+00 -4.703217449329701871e-01 -6.288432795974892464e+00
-3.959126384759615647e+00 1.146196574358182652e+01 1.496031638524030960e+01
-3.055062528845133296e-01 -7.817718858170229490e-01 -6.020776384011996107e+00
-3.854750016856768724e+01 9.148500295047240272e+00 1.607559317870496329e+01
-3.481408236457952832e+00 -4.345444123646264867e-01 -8.451052033197861690e-02
-1.477373526771188716e+00 -5.433505363759101314e+00 4.032809043489541168e+00
-6.236210062794676823e+00 -3.182452965913135312e+00 -3.197068882421960634e-02
2.960817893061230421e+01 -6.569928698798233313e+01 7.012714972965334859e+00
-5.741001036441727656e+00 -8.098577390420581779e+00 -5.248811536020752122e+00
-6.795418089682720542e+00 3.944251075005177398e+01 -7.870650083496090588e+01
-5.473597148622740827e-01 2.190815216683511757e+00 2.570063893969245949e+00
2.769416456823680317e+00 -1.432404209208368329e+01 -3.452595993354456549e+00
3.599000287878256987e+00 7.032802278918394379e+00 6.041811448660887596e-01
2.960760934534477329e+01 -1.816671343352949775e+00 -1.523110861445413278e+01
1.950459346260161597e-01 -1.514689106463354662e+01 2.349511642209238360e+00
-1.644912875100740379e+01 1.040393876836603582e+01 -8.719928243522094391e+00
1.022781074269496493e+01 -7.607305888842294195e+00 1.164019594802279656e+01
1.546202367250203835e+01 -6.934176771455560218e-01 3.162046491807752435e+00
-3.895218288170651277e+01 -4.005672805119927204e+01 2.879515002905588972e+01
2.108305063100439369e+01 1.804223921406119047e+01 -3.935725781193116113e+00
-4.392386113697172689e+00 -1.764764687107430774e+01 3.453435731772570794e+00
-9.501479903639796776e-01 -3.949383936494190173e-01 1.016119647803785275e+00
1.418281876672757846e+01 -8.282703886705018448e+00 -7.234098875208297308e+00
4.533922274750316284e+00 -3.615734163017076189e-03 1.596555389150478899e+00
-5.833445191058373069e+01 2.475419974359070707e+01 -4.351422608408476123e+01
-7.333902156349354051e+00 3.220672999279842852e+00 -7.341687450352761601e+00
-7.380704751939493491e+00 1.424408798070903615e+01 -1.629045998278716434e-01
7.988683934261648467e+00 -6.719181797192537164e-01 2.262655375413013648e+00
1.122469298501281898e+01 2.229366060091636115e+01 3.789746928837951145e+01
-5.488402754525311344e+00 6.072616476777680461e+00 -2.174329794469374022e+00
-1.953912715768693786e+01 -7.008939807405514699e+00 2.598518553603730297e+00
-2.367644090537128676e+01 -9.152036511340609692e+00 5.410655601871292220e+01
-1.728036029034721643e+00 4.368127688365258443e+00 -6.644834732349090167e+00
2.171080129251378388e+00 1.405677086885263494e+00 -4.988650156962299853e+00
-7.040754892967291312e+01 -2.414459453656011689e+01 7.891269925908314775e+00
3.781035496407063601e+00 -4.092973831720318145e+00 5.309103385174187117e+00
1.790270719412776490e-01 7.396116058008331606e+00 3.856608680280688706e+00
-5.509668188382218501e-01 1.632902666467752084e+01 1.192084107081779720e+01
-8.799903393644592953e+00 -4.284463711637267025e+00 3.284456676860143975e+00
5.457186500844454224e-01 -7.845348716212560802e+00 -1.103613647700235312e+01
4.458502755989924182e+00 -1.113288258012179455e+01 2.564726079885305055e+01
2.156681005734354173e+01 -5.071157281046953180e+00 1.079233919069980807e+01
-1.806334403274272749e+00 -2.937874345422184952e+00 -5.750074939290556131e+00
-4.428993591557933485e+00 1.304239079441692439e+01 5.736933866972752760e+00
-2.109586423693415114e+01 -3.032022833491010516e+01 2.656062679467591181e+01
1.915268617755288671e+00 2.123926851745463917e+00 5.722677963492679432e+00
-1.250822070350829485e+00 -2.985592596965033430e+00 -2.144533674733799078e+00
4.564617443492887006e+00 5.016026338406621932e+00 8.582497449323308603e-01
-2.402917125996808512e+00 1.455103442235683886e+00 8.688036950392840296e+00
-3.054315190486481058e+01 1.620738451960299997e+01 -8.358856610311528712e+00
1.044131260220487967e+01 -7.584371600002449476e+00 8.599126597073142975e+00
-1.192618229683967179e+01 -7.045468154717746678e+00 -1.065021389677160979e+00
8.295697612374094976e-02 -2.721197398885117913e-01 6.711409341018532260e+00
-5.503295492522620513e+00 -6.877012431361829492e+00 -1.709324301919930633e+01
3.840944686383463758e+00 -1.617772820489493224e+00 1.913597842980795960e+01
6.874991740325642198e+00 6.458275184918829126e-01 4.920129342490518753e-02
1.723818430416561043e+01 -1.070185255972478622e+01 -1.314617578631698969e+01
1.635392185495652484e+01 -2.129141855533343008e+00 1.037146441990982382e+01
-8.414758110247461786e+00 -1.995989069198353505e+01 -6.438319793838191529e+00
1.310890400548816892e+00 3.020836240319454191e+00 1.578981319327828370e+00
-8.153636865207321449e+00 -5.249874074656129608e+01 1.157213621267846193e+01
-3.029076687144700131e+00 8.119884221177752215e-01 5.881420567350790662e+00
-2.469267970818078972e-01 9.836800605604335557e-01 4.359970926074216990e+00
6.270164512315509420e+00 6.551117818041032326e-01 -2.856924945609716993e+00
-1.422673101289453124e+00 2.806871329219826627e+00 -1.928012479219195718e+00
-9.659849742887866242e+00 1.349109151951906682e+01 -6.565257814212454690e+00
1.206182450702540976e+01 7.450836462719353293e+00 -1.418303970058439312e+01
-2.182771502893800530e+01 5.062384775951196403e+00 2.374097592691925129e+01
-1.340737510775003249e+00 -5.154294852527567805e+00 1.233012353974866637e-01
6.629632732541289819e+00 8.929854679184792587e+00 6.675704042520319348e+00
-1.107064543191378925e-01 -3.624082702060433259e-01 2.525229614282711310e+00
2.602227278270447197e+00 4.550325585678257845e+00 -9.101797356314952125e+00
-1.861183586033710924e+01 3.032461606526103637e+00 8.146027833290938602e-01
2.049820916658525061e+00 -1.544831294756146889e+00 -4.496055073758660758e-01
-1.645305386770695932e+01 1.960799388320448955e+01 9.875647805305657556e+00
4.783358661814025581e+00 -1.041683044385744772e+01 2.893651872357578370e+00
2.615518579676633149e+00 6.379964166630712974e+00 -3.981518317518061512e+00
1.852783575928464543e+01 -4.795970239891691911e+00 -2.630582297985360363e+00
-8.733332461729361285e+00 1.400035195857385784e+00 -1.317191704344404535e+01
2.039793588681165115e+00 1.035362271105083032e+01 1.475461989259196027e+00
2.802287748731307343e-02 -1.668808727843843931e+00 -9.433073951257174572e-02
3.741019756444970312e+00 4.017516436623404630e+00 4.004885566887666393e+00
4.682837570586023901e+00 -1.759314587629693838e+00 -3.407991568415762007e+00
-1.735960241304866258e+00 -9.649792016376178339e+00 -5.195005320689332962e+00
-8.489990482805840344e+00 3.713879405831872038e+00 -3.192779532896885542e+01
2.269165800467265015e+00 -1.747029286357536293e+00 -4.696445305962288153e+00
1.922003041003208779e+01 -1.058721414417020767e+01 9.720773014763159026e+00
-6.379092829642254436e+00 8.988566028958036469e+00 -1.635910076832162474e+01
1.907713584532048978e+00 5.577356596228111307e+00 4.321488857669548267e+00
-1.990292740964725482e+01 -2.667861588894585978e+01 -3.441470801494624254e+01
-4.024621689089707743e+00 -1.053528987431873176e+01 1.337877091395175988e+01
1.463596488162012932e+01 7.539348931140380294e+00 6.369254920018248889e+00
-3.622923301672563934e+00 -6.214022026945052346e+00 -9.861502770410580654e-01
-3.150858031110296054e+00 -1.613998739351672995e+01 -1.326667778693242461e+01
-5.283607350088847632e+00 -5.259206555713766384e+00 3.918103019104111961e+00
-5.812425302820797945e+00 1.459863099703012956e+01 -7.098317271677871965e+00
5.985356873720032667e+00 -4.817092643210725278e-01 -4.083927743474543348e+00
3.238639864471598351e+00 -2.346572981072457154e+00 4.566545543212520819e+00
7.986301178134497469e+00 4.619526838490483733e+00 -1.107334314287719934e+01
-3.614752177328998339e+00 9.623550347212728173e-01 -9.293392171494947007e+00
9.495619290531996270e+00 2.333730962926393815e+00 -4.297526672766624145e+00
-3.670513187104371244e+00 5.229777773492154225e+00 -2.642836455614897773e+00
6.443259771749040077e+00 1.197437449574586488e+01 -2.144449722813770620e+01
9.243611823263214733e-01 -2.357789095297161097e+01 -6.662947486651460416e+00
-5.872774432229125097e+00 2.746745272162248508e+00 -1.255884676793717958e+00
-5.041032596240788699e+00 -7.757504495926784926e+00 -4.216858286601407713e+00
-2.183764154616342434e+00 1.494925820897377577e-01 5.608799496490232350e+00
-8.027219483722396021e+00 3.004269078941710358e+00 7.048915377408496497e+00
2.989795190157406068e+01 1.648526080620152268e+00 -8.600534805745526867e+00
-6.434461950363260030e+01 -5.698382198874305260e+01 2.050457899859091104e-01
4.003341289631213051e+00 -5.209495868912134675e+00 -1.088742238984100164e+00
1.368319002810982621e+00 -7.193790652701138377e+00 -1.537082182258902385e+01
7.456165630082714380e+00 9.790563705458263932e-01 4.281211468341410864e+00
-3.619678624902564934e+01 1.029926206996310967e+01 1.067490556185618500e+00
1.250748856882318094e+01 2.315543819674691761e+01 6.214364219096032649e+00
1.449375475469858188e+01 -1.524960554640444244e+01 -1.454584128112685626e+01
1.751979830520939307e+00 5.780435655294455799e+00 4.471882011635985421e+00
-3.666434935586890820e+00 8.437801670144402522e+00 -8.836747695591615326e+00
2.552692332451997004e+00 -1.949787439615977647e+01 -1.648646975269894810e+01
2.016227383561560949e+00 -7.327498480777478562e+00 3.211412149811444738e+00
3.860506289365806865e+00 -9.480323955125220081e+00 3.063216298375255331e+00
-8.676371350458301990e+00 -2.013627670782187806e+01 4.551200604010435136e+00
-7.514191835392431962e+00 -3.088067309026103047e+00 8.948934883534052531e+00
4.859418231301784630e+00 -5.447355871608334787e+00 -4.330917590657189287e+00
5.441741678446220476e+00 2.030182316961559874e-01 -8.316372853881492944e+00
2.268986438644007464e+01 -9.881135499427768920e-01 1.107320571258011421e+00
5.535165105203050828e+00 -1.478434754512155891e+00 -1.580165087065832807e+01
-7.804694240992763099e+00 1.664048224438190671e+00 -5.779635287812450173e+00
-4.420764364163908056e+00 -2.715104568410258601e+00 3.201132098034791706e+00
3.134158881231630556e+00 -2.750410785523675017e+00 1.520031722392018736e+01
6.772428421843075697e+00 2.154965095490616278e+01 5.239499126327645584e+00
-6.715737488220395512e+00 2.490246140527862906e+01 -3.991876679713596499e+00
-3.213094440769442617e+00 8.533121464015204438e+00 -8.242712066724866560e+00
-1.493026422582646728e-01 1.714580219201110811e+00 3.717076237565738683e+00
-9.325426134966617653e+00 1.610376766358804002e+00 1.132841651147106887e+00
-1.605278496759343554e+01 -7.564303753060700686e+00 6.239871475764721787e+00
-3.601562468957791641e+00 2.746199108625277052e+00 -1.749528880312938073e+00
3.701772311218336942e+00 -9.113470837163859528e+00 3.619890025540613454e+00
-1.030892139476932634e+01 7.522810919112670192e+00 1.424025320143281448e+01
2.455340531956541028e+01 -8.747737335776490042e+00 1.723214296145470925e+01
-3.046556650258259946e+00 4.312495474909883164e+00 -6.364794890939529992e+00
3.527428728097282029e+00 5.958556137173754763e+00 -8.173044444921675478e+00
5.820904566314033524e-01 -1.848133627629962028e+00 -1.409064590780922055e+00
-1.319436750071361786e+01 -1.497246805142957449e+01 2.276874388617858003e+01
2.182497340032012545e+01 5.104879816696630002e+01 -1.124536549631388382e+01
3.478645767477334338e+00 7.543705054227477724e+00 2.183314800411431666e-01
-5.933273411222634408e+00 -1.307909354131452062e+01 2.376461749963758585e+00
-4.262940815575493758e+00 -1.033309316977758918e+01 -1.725695474928379269e+01
1.061775675410661712e+01 1.372920880822916345e+01 6.487812883175119616e+00
5.699705614502829087e-01 -1.174347916604564501e+00 -2.051957743830135517e+00
-1.035666471219644258e+01 -6.671268343160439152e+00 -1.234336757344103752e+01
-6.985494336939507498e+00 -1.089368734716833131e+01 8.960490653882933643e+00
1.169394596031497002e+01 1.330288468130769353e+01 3.893133950617532868e+00
-4.425147714532934984e+00 6.158438078717225928e+00 2.677020849241879219e+00
5.485405124388633169e+01 -6.245314794267667224e+01 -8.421907699055802254e+01
-1.632326755299495602e+01 1.076957337075086407e+01 -1.661156779967809749e+00
3.540759095445507487e+00 -7.301524295973207401e+00 5.715523481758872038e+00
-5.634546859004742281e+00 -5.576732955302423633e-01 2.741447758463114504e+00
-6.942645377667123974e+00 -1.128075477179236330e+01 -4.208516553878103750e+00
4.372596186709235333e+00 4.766378171443486522e+00 -1.128955944495592689e+01
-1.512660578447803550e+00 2.433115131827153022e+01 2.253839490100011034e+01
-6.244198163884154162e+00 -5.147137681004358534e+00 -1.096633157650884272e+01
-6.714092097391259450e+00 4.279171694273259940e-01 8.511759600394100955e-01
9.485159015848902087e+00 -1.209739008803931526e+01 7.541040777652050053e+00
4.521138916669428021e+00 2.367738178037585683e+00 2.573735750551919388e+00
2.816238546781480334e+00 2.112629841382031515e+01 3.814419196587872207e+00
-5.098062716409184958e+00 1.161532451358565643e+00 5.289685814819263143e+00
3.048995704742356150e+00 2.704079680209553693e+00 1.504054244494936743e+00
-1.342109789602515812e+00 -5.148266975802811452e+00 6.550719794795803352e+00
1.010555037839448644e+01 -8.513076985981552269e+00 9.076951545361851004e+00
-2.983823104696113671e+00 -9.580524327094277481e+00 -1.240342911936697767e+01
4.864024857442121430e+00 -2.162964551621911369e+01 2.363219317854683421e+00
2.345015103692023928e+01 -2.924624288117600912e+01 -1.181529821209648112e+01
-7.471544308176226723e-01 1.453070012317821025e+01 -1.140961922448184929e+01
6.900806899943640715e+00 -4.724576949300797746e-01 1.957008641164488916e+00
2.180643294242639385e+01 8.988418996568441344e+00 2.881829411339494218e+00
-2.523843464762692279e-01 -5.333833695932275631e+00 4.308712962854124306e+00
-3.785329782687773204e+00 2.288900109081608125e+00 -1.980177405160264570e+01
-1.483632407684273957e+01 5.348426464025240357e+00 -1.177898057004734156e+01
8.321152005497594928e+00 3.859706815490963727e+00 6.398778421229611268e+00
-1.306903364830091796e+01 4.224921309295232241e+00 -1.296188477585540433e+01
-1.264825536970438513e+01 -4.574552508758690905e+00 -2.004453336820575249e+00
-2.652081893960050785e+00 1.981513270568698815e+01 2.977792877357306800e+00
6.033094418916038926e+00 8.530547153003132266e+00 -7.574345938734017736e+00
7.653539913637376735e+00 -7.811325645933183459e+00 2.745434886481977088e+00
-2.112755754071351433e+01 1.887410721090047039e+00 -1.494798641520549864e+01
2.754521703765685281e+00 -2.317589862940294410e+01 -2.461628238442154171e+01
-1.506492140147234515e+01 8.798119741963937201e+00 2.339951547607457982e+01
-8.070195598882211385e+00 6.186382252357486067e+00 -2.351010375573782341e+01
-2.708694679647821957e+00 5.374744603841397073e-01 5.152905621933339120e-01
1.463792860967574683e+01 2.225698153552598413e+01 1.354088117044859452e+01
1.718295098643333318e+01 -7.378103896731016853e+00 3.062664436956701408e+01
3.207217192406097261e+00 -5.206216621144297285e+00 -3.705516307354048688e+00
4.680570341865925243e+00 1.522761145525989868e+01 -8.648232233595717133e+00
-4.336911161919052660e+01 1.819509191939017967e+01 6.588161649983915069e+00
9.203204740116408544e+00 -2.252670619928226259e+00 9.996950933449271659e+00
-4.223480836651121173e+00 3.115824296801498416e+00 1.415398167773472693e+01
8.875761569602751422e+01 -2.044635619316566277e+01 2.714478465280771857e+01
7.524170302649523911e+00 7.357740657583864419e+00 1.140896573016839177e+01
1.299042915194188907e+01 2.922351349184068425e+01 -1.238145393260469973e+01
4.135400571076266374e+01 2.010185551239877100e+01 5.792796890968059387e+01
-3.513188402037699998e+00 9.619736551700669436e-01 -5.039510107444439280e-01
5.093372912421986420e+00 -6.645305276606034539e+00 4.656917998670722092e+00
2.751231199303030728e+00 -2.502316583965316710e+01 -1.847811102878333278e+00
-7.838511707900515546e+01 -3.830196736380864309e+01 2.359643834412128172e+01
-4.796214435209783744e+00 4.020501494597753300e+00 2.568803507965617072e+00
-3.850364949576245976e+00 8.339957577134434530e+00 -5.383842595472992931e-01
-1.391903817202250870e+01 5.203991569077143220e-01 -9.796099784501645757e+00
-5.701330110036713528e+00 8.746503869796865005e-02 2.221610264443303340e+00
-2.620906368624941418e+00 -8.149056530844111634e+00 -2.236229894898499992e+00
-3.475549855852940517e+00 1.761230186215920090e+00 3.115775564661687813e+00
-2.447814858159746532e+00 -7.096456805673181378e+00 4.832602719356299481e+00
-4.519161639950974418e+00 -3.911956919472089123e+00 -2.758191498717517565e+00
1.251517633477857494e+00 8.966210200435476452e+00 9.800966842742742102e+00
-8.504466887285243359e+00 -1.060275170985573467e+01 -1.458753084293104152e+01
1.478616805934432143e+01 -8.917704309426612852e+00 -1.416311853068191962e+00
-2.033185453154316757e+00 -3.666978465080153349e+00 9.994991157753851496e+00
-1.757142085065908965e+00 8.056108344038150904e+00 -1.519141482523430176e+00
-9.225183495843364057e+00 -8.237130965517526215e-01 -7.468424225642835701e+00
-1.085681592228524295e+01 -8.345284274137696912e+00 -4.456335588657234781e-01
3.298319311947697785e-01 -4.972686498840278801e+00 -1.552115052202234047e+01
-3.916337843502089466e+00 -3.743436153871348981e+00 -1.618752572132020839e+00
-3.057315640078223318e+00 -8.581005607470626462e-01 -1.347066940237674926e+00
-3.632169803234095995e-01 -3.252190816765409220e+00 1.451763519341903041e+01
-1.379938918705762063e+01 -1.495154582645371377e+00 5.889776986077652765e-01
-4.023522434229811040e+00 8.266852339284772810e+00 -1.750821202498406282e-01
-3.848479302798122337e+00 1.205510087777525463e+01 -3.000767750730425831e+01
-3.725477678808996274e+00 -2.272368330750371257e+00 1.694528653602763724e+00
-2.959214714155782389e+01 2.709681146612736313e+01 1.832876244915510355e+01
-1.402037429702137139e+01 -8.945483225048663556e+00 1.529179869637461442e+00
-1.118252950290207615e+01 6.510646976012269410e-03 6.661423583386839375e+00
5.764036665346501387e+00 1.262992585371707932e+01 1.647876584783612230e+01
-1.418695894244557110e+01 3.684763289927657670e+00 -2.402361259879099709e-01
2.398093165638302082e+01 -3.701880138300008127e+01 -9.111833302752625485e+00
-1.122166104099975747e+01 1.721475286073938804e+01 2.368727581179922126e+01
-5.143614890647580040e+00 -2.162773279436221774e+00 -1.725139849307367257e+01
-6.544734443050688633e+00 -5.435296543735494978e+00 -3.254019167130957069e+00
4.345638427528713521e+01 -2.331582186935937884e+01 3.629640961124685372e+00
-1.382471201331721300e+00 -8.548124627229455541e+00 1.107509050893705727e+01
4.036766386314718957e+00 2.515746516110899389e-01 -3.310533295593929282e+00
5.463619942886828618e+00 -6.594627041636011988e-01 -2.373687988462321208e+00
-1.020942890486011123e+01 1.671594943779665332e+00 4.506368190756025349e+00
-1.140630642127797856e+01 8.925305763099517620e+00 5.600732106048701198e+00
-1.099486374535448263e+01 4.226960497220649260e-01 -1.943705323595331658e+00
-5.382431644606178622e+00 -6.658869448248236900e-01 -4.153454707147537839e+00
-1.335440883841687576e+00 1.512915579298964808e+01 -6.942142257541341621e+00
-4.880665565372567904e+00 -3.912006670004115616e+00 -3.130785274113021988e+00
1.004975641703431855e+01 -5.741148687265607009e+00 1.142195961613744082e+01
6.455032523879666861e-01 7.782127456360251605e-01 1.885193203068831647e+00
-7.713111481587576534e+00 -6.909016713719012159e+00 3.300841689631181630e+00
1.225395565601941517e+00 -2.112645535021132392e+00 3.701957251251844383e+00
7.911284795161289907e+00 -2.450723907706343407e+00 3.086976433044754220e+00
-7.955736719553064829e-01 3.702528976672674332e+00 1.923056540694032535e+00
1.118078522725312940e+00 1.964814047838641997e+00 -1.827751011854591878e+00
-6.508622688312086346e+00 -5.450405901909696205e+00 3.162318063217785635e+00
-6.936414927390561758e-01 4.681854406959256032e+00 -1.273782379810730170e+01
-4.624844392571848317e+00 -2.585956714133581613e+01 1.455154141906865028e+01
2.137199332336296553e+00 3.118683658286755644e+00 9.135049643804512565e-01
1.061736769001727154e+01 4.964521396060717962e+00 1.350238662592012950e+01
-5.880086037692931811e+00 4.635100174025278186e+00 -5.220336989361509694e+00
1.025637633759164302e+01 -3.431511265881512229e-01 8.626744994286976720e+00
-2.987149599404868283e+01 5.193231629974057739e+00 -1.234110053962061276e-01
1.026371345717724459e+01 -2.016603665701615922e-01 -1.760406770982149638e+01
1.313029984041886600e+01 -8.061644316292882806e+00 -4.934127410498322597e+00
1.077712332754707569e+00 -6.158201558185151470e+00 -3.200612830679457232e+00
2.200126459885378694e+01 4.981552298765313935e+01 7.105102396876593218e+01
-5.746417441506081580e+00 4.203015164747036181e+00 5.828228460106168463e-01
1.147474185689518578e+01 -2.090468818279162644e+00 1.389597975024589793e+01
-1.835115265465720347e+00 -3.894568255928437250e-01 1.968873082686093401e+00
2.935122914760642487e+01 2.388391468739968388e+02 3.285401772929253639e+02
-3.562988281413711267e+00 -9.085684537942289030e-01 -1.972617840102795395e+00
1.799622568893147534e+00 3.356165428159702646e+00 7.143675418647164932e+00
-2.760147245227443236e+01 -1.233797276316666292e+01 -7.788347237686467084e-01
8.243711493779201094e-01 1.092468525869474938e+01 -6.670809885636957759e+00
-3.451022209357752946e+00 1.810402929257238780e+00 3.838482806557736993e+00
-2.113422748703252196e+01 -2.617043210955545263e+01 1.319919898738901765e+01
-3.634576805697820934e+00 -5.256662210122787116e+00 8.371015140176899294e+00
7.117115284498422056e+01 -5.246943153858929776e+01 8.897701188507556935e+01
-2.208900931983006188e+00 -2.967738596715327137e+00 -5.733162917883703358e+00
3.701248512356647424e+00 -2.312393100196154450e+01 -7.763372552884826305e-01
-6.554139493899224789e-02 -6.229447696871472928e+00 -6.579914161584282439e+00
4.141774811530635425e+00 5.998004964641709513e+00 5.786324572868060123e+00
5.398871050420269491e+00 -9.670779055812863678e-01 1.135783366158615770e+01
-2.407147966376030013e+01 3.014845367970683299e+01 3.275441477267744261e+01
7.096749001464213613e+00 4.903530583031686874e+00 1.991351354403026264e+01
-1.821229543111625659e+00 1.635440038799467866e+00 2.520261691210035071e+00
3.485268447004679526e+00 -4.483905272477890946e+00 1.074212187520535622e+01
-1.545051295529108248e+00 -3.368471525039455905e+00 -2.501757791824207322e-01
4.004120190649745892e-02 -6.948317680268228713e+00 2.356251666699369807e+00
-4.007863536637954915e+00 -1.326638048258976132e+00 -5.820381199129029071e+00
-1.491598515277888559e+01 1.447100938033023354e+01 7.158216061746460745e+00
7.719078250294572063e-01 -4.831236293963208084e+00 -2.180060482028024538e+01
-2.169862348261270002e-01 -4.076598506635873420e+00 6.257717959129954766e-01
2.665633724273188232e+00 -8.371912926558007229e+00 -4.856299950684491051e+00
-4.465260599354443194e+00 -3.315330793002762899e+00 -1.226824930776095179e+01
-6.002946443720756697e+00 5.365233792978205685e+00 -4.545316293895503179e+00
-3.633360534484820992e+00 1.150456748186493350e+01 -6.594965495130636235e+00
-2.777279163100366599e+00 8.244251868700589014e+00 2.848952513758078009e+00
-6.930891865974839305e+00 2.892012331702400729e+01 -3.989446259098353043e+00
-1.451366363531799841e+01 2.049974769755861459e+00 1.304936662156042537e+01
-1.376822754625696454e+01 1.237815649239584648e+00 -4.210633852802083688e+00
2.999529534409254961e+00 2.773323501417928050e+00 8.817923712579645468e+00
1.172370418823556193e+00 1.803178104867455334e+00 1.564919042365264579e+00
2.148059208945798826e+00 -4.407151298253713989e+00 -4.786119711298559842e+00
8.008536807090345988e+00 -6.421559137595599154e+00 -2.171533108868938200e+01
-1.329643786943296107e+02 9.850042695236858492e+01 1.555199141165647063e+02
-9.035777832499176654e+00 -1.458504722041861257e+01 6.303627197031021367e+00
1.452048303622922099e+01 8.491329388993207772e+00 -5.981540891489038891e+00
-2.913542988542096257e+00 -2.139515876866142108e+01 7.401817377939625686e+00
1.217898156996170433e+00 -1.720636991407738847e+01 -8.567195347455752952e+00
2.792353534568476547e+01 -3.307249801234089404e+01 3.585576103752972443e+01
1.064496223263406449e+01 4.970941832599398702e-01 4.696747709189453168e+00
-5.498476251280247418e+00 1.963467211965503445e+00 -3.826705403899673730e+00
7.988474669497884761e+00 3.468521175602800266e+00 7.189145974556271135e+00
2.975093165947884533e+00 -3.837881186592806859e+00 -1.675886237709528936e+00
-5.951209443056371562e+00 -6.815236611344573703e+00 2.573948387502014157e+00
-4.700587889213657000e+00 8.173376596677938366e+00 8.266227602963736487e+00
1.855497722928380222e+00 1.293436720154090613e+00 -7.316479375432604293e+00
2.815874003003738135e+00 -6.505751540072652439e+00 -9.832972046254250031e+00
1.139074319837704019e+00 -1.042707849105516971e+01 -3.996210244990458182e+00
-4.791156427815724150e+00 8.284119801937395167e+00 -2.860456625969879596e+00
6.845619148047034308e+00 -7.307105874705446702e+00 8.835054357876982456e-01
1.012278855655979415e+00 -1.265876028831679179e+01 1.004328616731814527e+01
5.637762182049094406e+00 1.158355476914857407e+00 -7.748889342371865219e+00
-1.726037744163456011e+01 1.113679343117425624e+01 -1.471217142850679238e+01
1.951017762836848579e+00 -5.464710981571299975e+00 -9.505520896693683497e+00
1.266055254838006050e+01 8.261735037119628089e+00 2.335855310825792230e+00
-3.322850958860258608e+00 -1.032488423173637493e+01 2.107408011031913553e+00
-1.386700991063754351e+01 2.692231554823404593e+01 -1.965064208216617203e+01
5.277831001061791483e+00 1.701387195279411568e-01 6.815831096365440267e+00
-2.887215051904185703e+00 -4.008811646770253034e+00 -9.537268405659080628e+00
-6.957721516061444511e+00 4.006226953224812704e+00 8.818636747282658561e+00
1.299609095803951675e+01 -1.978820276138430856e+01 -1.725341018273727300e+01
-7.461222046795606389e+01 -2.724500365140541192e+01 2.160312322745082625e+01
1.661053015462850668e+00 6.526590681563270158e-01 7.787903664031768258e+00
-7.227474941921040674e+00 1.373488103949904282e+00 4.663267913900329908e+00
-3.313605147676367935e+00 -3.512235506156442977e+00 1.937859178931936599e+00
4.396951735258174843e+00 -1.150732054436245377e-01 -4.748801041630067665e+00
1.710197847008311234e+00 -6.520822246471870365e+00 -3.349307415363574236e+00
-7.155761540313077873e+00 1.182697362792201190e+01 1.811580350204658174e+01
2.503222047123222538e+01 3.557336624120140733e+00 -1.037153025717290689e+01
-1.778625426012639510e+00 1.265569703106691613e+01 -5.581945202819025731e+00
3.115237380043284432e+01 8.839763286159318056e+00 1.277987101774190215e+01
-4.451737661063028639e+01 6.271011204319155929e+00 -7.493565943578869515e+00
-3.805217212867846754e+00 4.142740246254025815e-01 1.694373421926919221e+01
-1.614950255930866163e+00 -1.949312161043701153e+01 3.200216024393891701e+01
-2.777973149242256579e+00 -4.561141232946756552e-01 -9.319687625731878811e+00
-5.934115934875470622e+00 -1.660064078004529042e+00 -8.425763737226054095e-01
1.832506560171115240e+00 9.340856292145394590e+00 5.090172321051512228e+01
-6.180222749740853061e+00 -5.760374865804292810e+00 -1.161148119916060395e+01
3.074942310922994970e+00 4.303244918614162806e+00 3.009209786128979935e+00
-9.418604480725520034e+00 1.457200029594940993e+01 1.082766227042202090e+01
-1.168380055978048482e+01 -4.986163429354677490e+00 1.695186389908490410e-01
-2.519790176260233494e+00 -2.165307203917341994e+00 5.700674171756492825e+00
1.090298428760435989e+01 -1.786994709992535491e+01 3.789157213814876357e+00
4.860211853437816920e+00 -2.950269962214063568e+00 1.557880076555026250e+00
5.932596169837832001e+00 4.119983413790596849e+00 4.021183302519024672e+00
1.627346988909031733e+00 -7.211969858376440001e+00 -2.030655432902353397e+00
3.295317390871905783e+00 2.131802739088031196e+00 -1.185028368010893507e+00
3.375867595649298636e+01 -9.630516519228288530e+01 -3.796783447644997422e-01
9.337200478304461981e+00 -3.792875608932121612e+00 7.519408535285100115e+00
6.512514969711642898e+00 3.686722616612295944e+00 4.890753920687638256e+00
-6.456228304250975825e+00 -1.387628769729699618e+00 6.042362669863778457e+00
9.080427005960180153e+00 -1.138458120639335469e+01 2.338686186754310725e+00
-2.392279312495879662e+00 -6.308976814805921762e+00 -3.305323516008276119e+00
-1.197036455690650136e+01 5.286663874966319732e+00 -1.793926515701131308e+01
2.207909417341630842e+01 -3.521542945730251972e+01 3.450434139796717403e+01
-1.129449400412611881e+00 -2.295056681220624739e+01 -1.474441458496219148e+01
5.935137105563671689e+00 9.156969424043134964e+00 -2.310343600641263873e+00
5.480051758507983806e+01 1.691040597351395292e+01 4.328975394255533615e+01
5.361835169515350330e+00 -2.660818096021688728e+00 4.334667105094881734e+00
9.971184698076116959e+00 -1.193551678868346144e+01 -5.029686462414775683e+00
4.549636351928255884e+00 5.678774575971242911e+00 1.220698297580752367e+01
-1.234671202783268740e+01 6.198401516702723768e+00 2.838875851841844433e+00
-1.041266012234669915e+02 -1.887966404909112583e+01 -4.720685791225266570e+01
1.859479528185033104e+01 -2.155720186510786718e+01 -1.090137562720730990e+01
-1.288087199189394028e+02 -5.136342297030713411e+01 1.589170507642038821e+01
-1.268324646387682897e+01 2.336262447735277803e+01 -4.820162920898528824e+00
1.436417200576328934e+00 1.723614514258375863e+01 5.540355554115931724e+00
-2.346154568313681965e-01 3.984250960929570651e-01 9.874462904575167954e+00
2.548706515903915726e-01 1.170652038332392308e+01 -1.033249106791304861e+01
1.366806729846784751e+00 -3.724206600799344347e-02 -7.270216561949571776e+00
2.527494708481631136e+01 -1.730729267461828869e+01 -9.387137944894398345e+00
2.281346298765989655e-01 7.573867936805597223e-01 -6.419070254921953378e+00
-2.584987998289542066e+00 -2.227367869950769119e+01 -2.192087778823762534e+01
-3.962926432532754006e+00 -5.409727584644617338e+00 3.479412802627813495e+00
-1.247155993453981004e+01 3.259113546178579846e+00 -7.956317098110654129e+00
-1.209769290632909944e-01 -1.351288359791664639e+01 -1.465426185267125758e+00
8.068342319851529165e-01 1.622363692737694763e+01 1.656952035032441017e+01
-3.271474083102114516e+00 1.244030881331058502e+01 -5.542727187011246670e+00
1.944638268561738881e-01 1.577950547224902245e-01 4.015183362036562342e-01
-2.425966547232647841e+01 -1.540694220332092534e+01 2.976534460076433852e+00
8.812459228941104117e-01 5.388903332467792628e-01 -3.163707804487121855e+00
9.274847439614443800e+00 1.364652546357861818e+00 -2.048188581050878643e+00
6.681410288137709763e+00 3.998132652657708785e+00 -4.451723173373567377e+00
-2.532368119576310139e+00 1.712418036727935133e+00 2.045139613942368761e+00
-4.868280938747887632e+01 -2.267122903652457211e+01 -1.148729131135327108e+01
2.571100773635006220e+00 2.201363595175489607e+01 -2.626897409328228170e-02
-7.714025053753281291e+00 -1.006702923800052751e+01 -1.837336758928415037e+01
-2.696405977833179435e+01 -1.133804839152833743e+01 -3.613093925303163978e+00
2.261160567541416810e+01 -6.668272717954377704e+00 -2.241756660399712686e+01
-5.676978973362469816e+01 -1.912229666085048407e+01 -2.245815964735966830e+01
-9.129332796790075477e+00 2.389657530323116230e+00 -2.324317094823826757e+00
1.043651566035752687e+01 3.305723683614149699e+00 -1.408276057038470874e+01
1.061615190354549432e+00 -4.915303664272225426e+00 7.664028437524320836e+00
5.175635646739248585e+00 7.441145208036289205e+01 -1.502495708029022659e+01
7.535369357765660858e+00 -5.314325260086754987e+00 -3.766493376144051108e+00
1.685318466848650054e+00 1.876110654348941281e-02 1.725878480954625482e+00
-9.967227100029285580e+00 6.671882643917290245e+00 -9.661567125578926607e+00
-7.632342322524850786e+00 -5.810794239195636202e+00 -2.367425943763243446e+00
-1.232308013437954308e+01 3.091755020367154660e+00 2.846574740825112215e+01
4.121892088598578141e+00 5.591012155904349079e+00 -6.966552030193883915e+00
-6.002753695200926387e-01 -8.897478689791810114e-01 7.353291437514525519e+00
-3.763354458700799654e+00 5.018550495396295830e+00 -3.643963873034151923e+00
-1.248526988202925715e-02 5.463592690361315896e+00 6.277261291447893576e+00
6.493623720848618497e+00 6.676064864175094371e+00 -8.661744182739336551e-02
-3.834946111559618842e+00 -2.384648486602524375e+00 1.917202042399598350e+00
1.615275986459137336e-01 -5.814457890510802418e-01 -5.148631200544966369e-01
3.404042194485129791e+00 -2.726626242767574926e+00 -9.398754185707675290e+00
-1.024590840740749442e+01 -9.836239385226429377e+00 -3.056543807777659882e+00
7.591505527128400210e+00 3.399597627226821128e+00 -1.414256418615285948e+00
2.103574675083755174e+00 9.513335006852166487e+00 1.155274586973735218e+01
1.017136541467026944e+01 -3.995830396409117746e+00 -4.313721939112563852e+00
-2.304310526471388698e+01 1.776178155828640470e+01 1.611487995362925574e+01
-3.680933193935339798e+00 1.034663257752046928e+00 1.494948565326726486e+00
-1.956077281145050861e+01 -5.955965613367923517e+00 7.347313508247260039e+00
2.508641477795216446e+01 1.090570650738263758e+01 -2.284792696416903013e+01
-3.874811918318176840e+00 -2.234389729241814671e+00 -8.041720884192972818e+00
-1.168423271377883710e+00 -8.701571987441850453e+00 1.902864928631291974e+00
3.646782159634767151e+00 1.733833264500712090e+01 3.258491862130425964e+00
4.716840098230312250e+00 9.216946244851953463e-01 3.617402580695715297e+00
8.166430187521596551e+00 -4.732128885836923704e-01 -2.310086133646877260e-01
-3.347746739672307825e+01 1.263458590445009477e+01 9.684929570816546374e+00
2.085681995309010617e+01 -2.553585115850872000e+00 -4.340241343413977937e+00
7.933256279556590851e-01 -8.575332146412936396e+00 -4.003116885663870583e+00
5.918527747987877285e-01 2.642271930235497379e+01 -2.675869880497551279e+01
-7.238855884509201033e+00 1.370450367525602964e+01 7.049682809475450895e+00
6.159460728865234991e+00 -1.287204519039945261e+01 -4.929819342497761880e+00
6.278306997531697409e-01 7.814194899654973270e+00 1.500533961438216934e+01
-6.231558323589266202e+00 -4.391640199453838989e+00 5.352551995614996727e+00
-2.785470357375006500e+01 9.932787795467540093e+00 -1.357634133905516682e+00
-3.467942243921794443e+01 1.140666167534069331e+02 3.469537802083639377e+01
-3.186359468566121400e+00 -1.437955414668572729e+01 -4.813203861975281050e+00
1.954149353745119555e+00 1.584197635363781664e+00 -2.758129552932819362e+00
1.051913014002537849e+01 -7.571836782808285093e+00 -1.980606246284566385e+00
-9.042711542324509466e+00 1.869069389120950220e+01 -2.723914664706617117e+01
1.254955905455557366e-02 -1.192752423344975909e+01 7.116638178133018577e+00
1.366530230848777228e+00 4.474541773254088639e+00 2.164224420978329455e+00
-4.359059689888660216e+00 -5.786154440636325447e+00 3.853612929841736534e+00
9.649162208489052706e-01 4.801192849552091246e+00 -1.057406379547239794e+01
4.095375432873282762e+00 1.721549789011993958e+00 -1.148360499695046721e+00
-4.739278561260149125e+00 6.188210696739991690e+00 1.477373028514190700e+01
-1.245611316479553921e+01 6.251344924868184272e+00 1.295146945327440946e+01
1.128940017548366725e+01 7.506129681514086549e+00 -1.060350832929072062e+01
3.060295860416224922e+00 4.758910164569110535e+00 1.074012996275911824e+01
-3.780109921266669559e+00 -1.039203952147749099e+01 -3.329234333056335426e+00
-3.505436535422200350e+00 -1.605373546954176334e+00 -8.105222114263218813e+00
8.468351662964561655e+00 -1.068790825550652634e+01 -4.993193272235258107e+00
5.745590400647075491e+00 1.044716628069192588e+01 6.488414255168764022e+00
9.271936907210871937e+00 3.390212433761360167e+00 7.042034125005659284e+00
-9.744980970141022825e-01 -3.538508139012146447e+00 -1.187425144898799623e+01
-1.466450591058275776e+01 -2.922191290130353725e+00 4.421717207113156967e+00
-4.701202291237132513e+00 9.757695880631521712e-01 -4.089287444704773122e+00
-2.305013214127834775e+00 6.160606723039308008e-01 -6.603149452106912953e+00
7.164031621024043339e+00 1.020788684920582767e+01 -2.259715001805846768e+01
1.964953662788819599e+01 -7.043012912288654448e+00 -3.608270900555198057e+00
2.448818593933378196e+00 2.599095037345856340e+00 1.066118378782979548e+00
1.279722428215434915e+00 3.330650171748922972e+00 -1.237405417361847171e+01
-1.838342434684386018e-01 1.288399906741851453e+01 -6.032580060628373042e-01
-1.187683682381586614e+01 3.198626509936185247e+00 2.499735081164544681e+00
7.647474657917417318e+00 1.131810761295050405e+01 -9.391314312839000422e+00
-5.991208636050783909e+00 -2.356477685586366722e+00 -1.494825538637851281e+00
4.551980385309543742e+00 -4.754812284300554914e+00 -6.837553938173137169e+00
-5.105062629279758291e+00 6.007762878091368108e+00 1.397337830918091051e+00
8.226915716827535308e-01 6.311565000236869061e+00 2.379097097297016905e+00
-3.961729341701146101e+00 -2.576540612220185711e+00 -9.507902487580729201e+00
3.532424613152670423e-01 -1.110908862737223446e+00 3.170254071897601889e-01
-1.361032142220696572e+00 -3.634297622628576363e+00 8.766224597147225239e+00
1.396740096487851579e+00 -2.271893127191728201e+00 -1.733555863710140477e+00
7.280518692160672378e-01 -1.246889193545723362e+00 8.076206237844866465e+00
1.819477575666303082e+00 -6.902103179158244117e+00 7.435132705172511791e+00
1.182520343395859719e+01 1.234615404033822250e-01 4.226114482037087505e+00
3.135941512714478208e+01 -7.804710158089679339e+01 -5.825544336860410510e+01
5.615202210680036998e+00 -8.923015243988157152e+00 8.187931168522847969e+00
-1.186145910612224164e+01 -6.963464921583302214e+00 3.780831832698535955e+00
2.438765292388728056e+01 5.182742963522990465e+01 3.821198073161870923e+01
1.570004620417975616e+01 6.087464704027452989e+00 -1.027694750747735064e+01
-2.273594498800329333e+01 -1.201529136637032380e+01 -2.325088081402702755e+01
-1.466183637454347206e+02 4.657948709423494194e+01 1.326395842348130145e+02
2.243532681039011933e+00 -6.329201737385780069e-01 4.144728723093905387e+00
-1.764220449644081201e+00 -2.012851122078309629e+01 4.913412805488470703e+00
-2.553309410128480561e+00 -4.374664646756867725e+00 5.007938588760421084e+00
1.592391148415626123e+00 1.152045856213956165e+00 3.408892932204340198e+00
-1.989079654054999979e+00 5.991012358074462085e+00 5.370499145982021716e+00
3.835494401829487288e+01 -4.574793990646978870e+01 -6.128071264970002119e+01
-2.003584260617115032e+00 -3.839234867288657149e+00 6.301466764667223330e+00
1.187486486146945097e+01 -1.338201987228279677e+01 1.637881510927083895e+01
9.054333062640377294e-01 -7.746660511802693216e-01 -7.262780171545283991e+00
-1.527125086500577877e+00 -4.717262447848656670e+00 4.041962706885494860e+00
3.562482493460097821e+00 1.918359941142948610e+00 4.135662267015964844e+00
8.804173067173987066e-02 -2.056309584261601486e+00 -2.236207512977839684e+01
3.541544388977597180e+01 1.601982311846930074e+01 -1.768517799270679802e+01
4.288675999494724778e+00 6.148916671806488043e-01 -1.650704533941426355e+00
-5.987112743636335388e+00 -1.378816210474806514e+00 4.331530824130115143e+00
-6.037373169157595143e+00 4.633192336258747268e+00 -2.992605618637646181e+00
-4.465675385275892140e+00 2.786926192145437131e+00 5.134597258824118882e+00
-8.367465912901659308e+00 -3.283693940326338767e-01 1.230754250427139240e+01
-7.618628206108251533e+00 -8.472916702062867955e+00 7.700921862740606194e+00
1.156525195881126500e+01 1.559374474828538304e+01 -3.563736455397587655e+00
4.408898933458776703e+00 -8.593547467268631834e+00 7.038866459999441716e+00
-1.061316914787317778e+01 2.353372513841731006e+01 1.646133370021603781e+01
-9.607711502099620660e+00 2.626862954485574164e+00 -3.241294689127735551e-01
2.358677996535769239e+01 9.020892982749597167e+00 -2.138829136673272657e+01
1.382054106866960375e+01 4.074222943618486248e+00 -1.471087191289269391e+01
-3.723873320155820732e+00 9.516584570341461102e+00 3.002466954511350394e+01
-5.754649896760607675e+00 -1.220937102976984434e+01 1.859252546932902916e+01
1.464502027975806531e+00 -7.875824592445781924e+00 1.734166702285520856e+01
-8.714188945322186797e+00 1.079364980458386292e+01 1.948913080589168345e+01
1.403034989840494795e-01 2.590090591989799851e+00 -6.645831518100700386e+00
2.084417855174909207e+01 -5.221477099459561622e+00 -4.754977124938747579e+00
3.468012799115624212e+00 -1.059017599268136678e+01 -2.574623099178576346e+00
-4.017215602450141532e+00 8.259622813151109355e+00 2.765647430426864783e+00
-1.931326288635461452e+01 -1.820017364894257694e+00 1.754580858605311100e+00
2.881557990875766251e+00 3.358889953903046344e+00 -1.534642501977458551e+01
-2.748714301425093431e+00 -1.780743041103915569e+00 -3.174978248946993542e+00
-2.330413097834991731e+00 8.347923218282669922e+00 -1.048435176147185732e+00
-1.412486987831002239e+01 -3.285554891947452649e+00 -3.038159648520999845e+00
-1.943298760519952495e+01 -4.466413966906868538e+00 -1.044117753746186139e+01
4.725997948054970976e+01 -7.281707179870950597e+01 -3.127971427074025002e+01
-4.738333490290679295e-01 1.625901150504274195e+00 3.392074105995128264e+00
4.381918412356497150e+00 -3.301233347341115287e+00 -1.688657009890820504e+01
-5.967882846990310020e-01 7.828197297764016405e+00 -3.071945952782001665e+00
7.529194312740919770e+00 3.376499802131907590e-01 2.925923268228650453e+00
8.397294673000016418e-01 1.083340628196729494e+00 8.330393403401176178e-01
-1.107852724491337426e+01 -5.062214157183114516e+00 -2.720431222513038261e+00
-2.299856436883938482e+00 -1.072365508181341376e+01 4.818351508315892318e-01
-1.675201620627127497e+01 -1.843292651452542330e+01 1.335820626781667286e+01
1.214197423366583806e+01 -1.310366355032267016e+01 -5.035749916242394875e+00
1.000467897040741239e+00 -8.821265040098328569e+00 4.706418762818610269e+00
4.063461111345441634e-01 -6.474073544913108158e+00 -2.427276063480303669e+00
3.252812722658813716e+00 -4.174938652576390297e+00 2.055360358628617323e+00
-1.597180650731523954e+01 -2.257553947072394873e-01 4.424897529344347546e+00
-1.223068903347460150e+02 -1.637241802811564639e+02 2.672519931400214688e+01
6.424656672246685574e+00 4.811085743641272394e+00 -7.570585300901743864e+00
5.316728154806018125e+00 4.287080015817055778e-01 -7.811683412085242972e-01
-2.021729240799259486e+01 5.085557508239280544e+00 -6.279639027211081803e+00
8.631110979348170176e+00 -1.489873540690195242e+01 1.684036213756908751e+01
5.822296913732747381e-01 4.349181785451205151e+00 6.387132804064601821e+00
4.071772216592620453e+00 2.491572747993264159e+01 -1.021778267040318600e+00
3.367811246648755308e-01 3.148607265589112303e-01 6.153392496969381398e+00
-8.103604182303110193e+00 4.806426727107553365e-01 -1.888071539724291759e+00
4.162516939279052863e+00 2.507729362795926775e+01 -2.440108063438889641e+00
5.368157015279014566e+00 -2.782725545065868090e-03 -7.240416811560126398e+00
-6.253781670773127244e-02 -3.941793147567058675e+00 -1.178349936922347752e+01
-1.002794258752969547e+01 -1.212330920727061212e+01 -5.853214599375817784e+01
6.126092853740063404e+00 -3.594617898588172711e+00 -6.300478419413497733e+00
-2.647673360118443142e+01 3.067868497215068935e+00 4.804232593491715875e+01
-1.147766465878906850e+01 -6.698987526114537516e+00 -5.893779138122796191e+00
-2.919403237922561178e+00 -2.917553160218044894e+00 2.051250457780927849e+00
-4.906472291218513249e+00 -9.951073112479964067e+00 3.246470264796013971e+00
-5.912882569595788063e+00 -3.789844844952207836e+01 -3.727743528008030438e+01
1.161529983522969323e+00 -1.466811033368121109e+01 -1.025404985072428765e+01
5.378092839770244105e+00 1.986642596164257757e+00 -5.136640515185481703e+00
1.740183882203135246e+00 5.439499304343452302e+00 -2.005433351980982160e+00
-3.355931381843849426e+00 5.260814382895438790e+00 1.882452934163550751e+00
1.017616817176240396e+01 -9.429424368695976000e+00 -3.136766851915290033e+00
3.511230304271074854e+00 5.155575898891222586e+00 -4.000079765258853115e+00
3.518077491568916582e+00 8.990417065811410424e+00 1.939739944471388533e+00
-2.373129761348321409e+01 -7.683321127928667060e+00 2.652951506100956891e+01
-2.066469572602853688e+01 6.291740953080682708e+00 -1.347295279727720541e+01
1.095724010515968794e-01 -4.596444339822674863e+00 -5.389457949906897305e-01
9.551670658442609207e-01 -8.783649742138399219e+00 5.290631538023144564e+00
5.472457953423830901e+00 6.369168705807678244e+00 -1.783792298539160726e+01
-8.721061441453050733e+00 2.728147260209142644e+01 -1.172472521298206161e+01
1.789703409090898845e+01 -6.684369091558474807e+00 -8.027731421340126516e+00
8.242424484920832128e+00 -2.319575057048749400e+01 -2.636440908607092481e+01
1.259809765986922958e+00 2.189820710430044337e-01 2.046090477898995008e+00
-1.287145199203312274e+00 2.943491003515862126e+00 -8.630374111289567107e-01
2.304350057471885371e+00 1.276889826724018739e+00 1.035632940721237993e+01
3.674286442092374039e-02 -6.488452625731918388e+00 -1.455897964790194443e+01
-2.982957806914738796e+01 4.586139329536168674e+01 1.347023195930270845e+01
2.178788500016276330e+01 3.010550738525277836e+01 -1.857711881400759069e+01
1.646182488291306756e+00 -2.480212962649320563e+00 3.832367049331693032e+00
-5.384300021742840503e-01 2.434782495594559393e+00 6.630552352057857313e+00
-2.802328780889850890e+01 6.641737418574596319e+00 4.488441122113503212e+00
-4.636709551980238153e+00 -1.894963008255637860e+01 3.864862265348550707e+00
-4.919063453429929567e+00 -4.800589098118896558e+00 -2.918290447368752094e+00
-3.490153689856405173e+00 -1.489566397764301664e+00 1.134966563728823452e+01
3.979624409761781223e+00 6.617071951161996424e+00 -2.505531774872168160e+00
2.361148989227251249e+01 -2.075397997193944022e+00 1.086963840451436880e+01
3.343037747954749506e+00 1.292593233167262490e+00 -4.394792679596128959e-01
3.908518122765940905e+00 -3.474433848832327953e+01 1.389117222286819064e+01
1.248393443358059851e-01 1.406469510079140584e+01 -1.056498437508698096e+01
-5.315695431163738327e+00 1.159860354005579491e-01 1.214919087007877962e+01
4.383152361653794848e+00 1.407255314038626004e+01 -1.131092310786931066e+01
1.883086474343962369e+00 -8.824658338483649445e+00 -2.669912087928555611e+00
2.327759846468428151e+01 1.417040944134586233e+01 -2.615869288150058125e+01
1.326424993506084338e+00 4.649253514431020973e-01 -6.304852454154106667e+00
1.731667793686628087e+01 1.109065858411864447e+01 1.731575827508472898e+01
9.034745973589295431e+00 -1.002034406552888512e+01 -2.810991839790556668e+01
2.728262706910147273e+01 -5.595399371456986160e+01 9.285463125944086471e+01
-7.265080073480928213e+00 -4.407988095617712432e+00 -4.853374657787125734e+00
-2.629078804904723121e+00 -2.862645764038631579e+00 -5.813700708196771316e+00
1.755155355352050250e+01 4.796199089169882690e+00 -4.169383883976853333e+00
-1.570592743005514880e+00 1.860203459664163228e+00 -1.602022794255123017e+01
1.411897733549216838e+01 -1.254293171850909516e+01 -2.818836114325696940e+01
4.941213785632898592e+00 8.508335059016662427e+00 -3.456236743878045470e+00
-4.530497979461598490e+00 1.898444346848976849e+01 -7.536058499191581994e+00
-5.897214023261718729e+00 -8.590091268577264572e+00 9.834012412202838505e+00
1.553305060085237166e+01 1.837034036101361423e+01 -3.273384667629600120e+00
-1.730518962807498617e+00 6.369066327885062329e+00 -8.844090049782707297e+00
8.896096872570880976e+01 2.797152944830131993e+00 1.144207180090166354e+01
1.776877864630276749e+00 9.730775654373414740e-01 4.306379639990265851e+00
-4.063161512216919569e+00 1.158309930182361747e+01 -4.296273070465849386e+00
2.592184354284573278e+00 -2.432101654688511694e+00 6.976307353641874265e+00
2.326671784726612557e+01 7.472062070974089032e+00 2.718096603413647117e+00
-1.424088845747095000e+01 -8.802206962096315479e+00 -2.173469216177148500e+00
-9.091666117820194515e+00 2.017666874119972142e+00 -7.315928143218129343e+00
2.120496676353710030e-01 2.311550428033125382e+00 -3.133287428006313657e+00
1.450585066362035214e+00 6.756066542167550892e+01 -1.088071268059569263e+01
5.002369370337774512e+00 9.765266984086888868e+00 4.643764723372503234e+00
1.107075057929296946e+01 5.429433700944922059e+00 2.104333820096639585e+01
1.933071877696810503e+01 7.149139515506935538e+01 9.670275790653326453e+01
3.569321612881934502e+00 4.532699188580798122e+00 6.402828990271549614e+00
5.856802542625514363e+00 1.165043496495317399e+01 1.749652267555842755e+01
-4.299186022006502128e+00 -2.766763935543727371e+01 -6.837832148980204749e+01
-1.385676380764674143e+01 8.706529088276365735e-01 6.157128913823465055e+00
-5.975668092830362710e+00 -1.841575112264775171e+01 -9.590770777691812299e+00
8.809503351499415658e+00 -4.452698192562250412e+00 -1.580462795952681532e+01
8.111648865297576450e+00 2.524814084539741543e+01 1.685243840556915229e+00
-7.273725217156084000e-01 1.165660849120371623e+01 3.909342082556570119e+00
4.893423424593706383e-01 4.959350798481122702e+00 -7.927837886522258515e+00
6.023503548701342192e-01 8.700123063785843769e+00 -1.375862821266972524e+01
2.943611842517345778e+01 4.206239581787856707e+01 -1.937541159733115848e+01
6.159722313143721095e+00 -2.396549052908003852e-01 -5.423609123800964937e+00
-7.081936821779245328e+00 2.751625938917852565e+00 -3.034630347313597154e-01
2.037372284524580746e+00 -3.085114647805045518e+00 2.411671316405100962e-01
3.274903309660887718e+00 -1.494415090869118679e+01 3.058209631458966982e+01
9.977549995081494316e+00 1.626047960885551191e+01 2.292762856470629274e+01
1.373097687321549998e+01 2.268476120285468767e+01 1.761752217162408929e+00
-2.289585762239243039e+00 7.752017783384305138e-01 1.223509935214995181e+00
1.102035603488482174e+01 -1.924668494106141381e+00 7.960045676716839935e+00
6.844892680734917523e-01 1.867925065033194443e+00 9.896120845157264923e-02
-8.610240111725650181e+00 1.025546702419990602e-01 2.240039729639050847e+00
-1.248039749128434295e+00 5.792379741704193563e+00 -3.727874133085076203e+00
5.222908992558579655e+00 -4.251126597455080258e+00 -8.512361959292130464e+00
-2.622701809485648156e-02 2.060856888264863684e+01 3.230417007084427894e+01
5.630131880215952123e+00 7.997909574930763821e-01 3.159165230713846029e+00
2.007583540394374477e+00 -8.422319318442278657e+00 -3.283471941100676972e+00
1.583228307589413930e+01 3.218279115460870088e+00 9.804712635250046660e+00
2.646200246156193536e+00 -1.738923141651263382e+00 3.017980584172453629e+00
-3.462084320790616232e+00 -5.386268658473032822e+00 2.898972067279701470e-01
2.677218969231976775e+00 -6.577120001425380558e+00 -4.401703804005411946e+00
-7.830830279665779159e-02 -4.485290032618602041e+00 -7.179350929389536340e+00
-4.307447695287066614e-01 3.845707170280792120e+00 -3.998510401521391255e+00
-2.972152872904619603e+00 2.779409548299607735e+00 2.041053649726056740e+00
1.503494753407570172e+01 5.113547322654106608e+00 2.605610036420682896e+00
1.808702992063327741e+01 1.746130506517191350e+01 -3.506516603998733927e+01
-1.296611005592834154e+01 2.344092064987635382e+01 -1.984944353630919167e+01
1.609337098341737615e+01 -6.443104229063825628e+00 -2.728025831347399688e+01
1.010265689069626660e+01 -5.193906782551741763e+00 -1.626782157346793101e+00
2.647450231094052420e+00 -8.452486161296510758e+00 5.638568897595587437e+00
-1.614556008400566967e+01 -1.203568663619784118e+01 2.180856450168359117e+01
1.253135120368212263e+01 -8.856421959827281754e+00 -9.598811230328280208e-01
6.296996390607471739e+00 4.804255729467219460e+00 -8.284073802971640532e+00
-2.921064065387008135e+00 -1.237752360672886631e+00 -2.804273719692342848e+00
-5.128047794458363562e+00 8.630174331077215655e+00 -2.226622930602254868e+01
-2.144219077795350703e+00 4.242527455418550808e+00 -6.421931118230318702e+00
-1.303479019379659265e+00 -2.932416228641699263e+00 3.559605916292127414e+00
2.718350091148317915e+01 1.348445465125072351e+00 -1.418622304840010839e+00
1.602077402964851571e-01 -8.434452408737685758e+00 5.790312685241365998e+00
-5.686258372270028616e+00 5.466298943574069646e+00 6.648450227239211863e+00
-1.088380054920111473e+00 1.785409838378083425e+00 1.015883933317839993e+00
-9.028001486235247341e+00 -3.590050538768184651e+01 -2.364856472845780289e+01
-2.916912388898268915e+01 -9.921996106594036746e+00 -6.978318265642042206e+01
3.449588167128761484e-01 -1.971490115398429666e+01 -2.666411492350324153e+01
-2.243323458316220376e-01 -1.573258946166783367e+01 -1.609805296876948733e+00
-2.132659861261289080e+01 6.519224520913306620e+00 -4.665625908972926839e-01
-1.310199705385720392e+01 4.834852644578777614e+00 -6.249311714377597582e+00
-6.163637289043982115e+00 5.139975211530612320e+00 -5.395584372511463833e+00
-1.065603638687211863e+01 7.566018529341715926e+00 6.721435328464085979e-01
-6.848144565368949443e+00 -2.995382040313192817e+01 9.280982530703772326e+00
1.134115013226407775e+01 4.306803233173187806e+00 2.385340421636537867e-01
1.809291316789525794e+01 1.032331459734108670e+01 8.373477141628351106e+00
-2.755104327053746527e+00 2.109420700401923643e+00 4.815859313542123488e+00
-4.058326696039003423e+01 7.884394711944973722e+01 1.346391539721750163e+01
-8.723805436909691124e+00 -2.962845446373579961e+01 5.445722349714440469e+00
-8.324148117811990488e+00 -3.867299588602723381e-01 -1.098531993965362119e+01
5.994096593131767570e+00 1.535792161473023398e+01 -8.735203350071820694e+00
-7.393650218926540063e+00 -1.555005792743347826e+00 -1.900145218006142045e+01
3.221309635509029157e+00 4.113017789222930265e-01 1.406312045002419353e+01
-4.224181757046817864e+00 1.511861750111139635e+01 1.365380117493481293e+01
-4.235725025798166676e+00 -4.828684933133716051e+00 -3.643975444167245392e+00
-6.700535149201656715e+00 4.027183318017462099e+00 -4.533897213461376197e+00
-5.048972355775813270e+00 1.118294259925635581e+00 -5.981964689237872362e-02
8.190883794028435361e+00 -8.452614488311182228e+00 5.930739812168667413e+00
1.153464475740624273e+00 -5.700937255467111164e+00 -7.939010735252877815e+00
1.052605408508692619e+01 -2.246223923443436465e+00 5.047772448170363191e+00
8.100119315883347326e+00 6.930786853307483453e-01 4.614270953852744661e+00
9.179967500644247380e+00 2.586674109546958888e+01 -1.357342733788350486e+01
-7.403614983106350245e+00 -1.135166760910740980e+00 1.949216119361841493e+01
1.238750216229370515e+01 -2.341563070324936380e+00 3.957257449833280205e+00
-8.258866826865499888e+00 9.398778753134410024e+00 7.196469638415059045e+00
-6.317437894957333100e+00 -3.569972841580926204e+00 4.700127392952137662e+00
8.427831518351581508e+00 3.197193015974173935e+00 -3.637971854284215212e+00
-5.363935728463800068e+00 -1.511876326741727228e+00 2.414907530209694286e+00
3.765865165870081022e+00 3.114826840848454292e+00 -4.333611196565117396e+00
1.991765577358179229e+01 -6.776199105072661766e+00 2.881802891291335378e+00
5.207640513080414202e+00 1.324896872182520013e+01 -5.315138510327177990e+00
2.051902095992862129e+01 -2.872078832051193076e-01 -1.081047069442344366e+01
7.907366937934128259e+00 -3.292126971479882513e+01 1.982630676799883318e+01
-1.065741561284652361e+00 3.599510009463974569e+01 -4.039254099250825902e+01
-1.278609948248057071e+00 3.108959576197800168e+00 -1.043485167303673578e+01
-7.362344486535038257e+00 -7.060529409734565220e+00 7.050786271093596458e-01
-1.589772737279300330e+01 -3.826156775946607524e+00 5.156054171319018664e+00
-2.117872714173806958e+00 2.127628974750257385e+01 1.496048858828933703e+01
-9.885759143554277983e+00 2.515581375416826582e+00 1.066432434741108892e+01
-2.702915648739318666e+00 -6.353065966308196977e+00 -2.170503699155944322e+00
-5.919569200909092777e-01 -6.002820091775175726e+00 1.035976152351194696e-01
-1.397819297558107721e+01 -7.102321240257518653e+00 -1.359374025669751340e+01
5.891317276547667348e-01 6.580488484132405169e+00 4.226935771583788082e+00
1.529040762652922680e+01 -1.703996550790932929e+01 -1.090548571563007485e+01
-3.494357767732476105e+01 3.197197541916612451e+01 -1.470483020787864525e+01
-1.365537114766019355e+00 -1.295317354255487352e+01 5.317524072212687081e-01
4.256687907857458208e-01 -5.643666111113906370e-01 4.078020356524935330e+00
9.556110527155700751e+00 -3.955343705095119233e+00 -1.257634078441027370e+01
-7.189540775114226179e+00 8.993588342639887045e+00 -5.127551743513868665e+00
8.426168160322802692e+00 6.154382718835861965e+00 -1.559996148145200712e+00
-1.154806924002415869e+01 1.742879161582203196e+01 2.693065258900168235e+00
-9.597767265048466001e+00 2.988635776134227129e+01 -2.887547410009179671e+01
3.148153729952663848e+00 -3.756193322483023511e+00 2.068078929378438513e+00
6.102991629469830315e+00 -7.960270498972997544e+00 -8.281010060169675668e-01
7.424413556579921858e-01 -2.465355570874827151e+00 -3.385892210619854126e+00
2.479099260197916266e+00 2.457589609752486481e+01 -1.471517321254947319e+01
-5.288703329653542395e-01 3.553700980716649305e+00 -1.098777900983783340e+01
1.026031854439726487e+01 3.393227024021607807e+00 2.061752183740800248e+01
3.751110042186430960e+00 -4.460286607153080674e+00 2.417515223533202029e+00
-3.611034219432754266e+00 1.610754401129447899e+00 -6.548284393533802650e+00
-9.115834930820648552e+00 1.671849738861460377e+00 1.328712582352855609e+00
6.270653398105404008e+00 7.754791000953611402e+00 6.485901681006441599e+00
-4.362795274379395849e+00 4.029413409494081222e+00 -7.413020207964006403e+00
-3.895797750448439789e+00 -3.578656532716865257e+01 5.863330321536261103e+00
-1.114103279453674489e+01 1.024756939804387024e+01 1.789883204245914072e+01
-3.243001545969170230e-01 1.081080895074716430e+01 -1.570860022214488083e+01
-1.514748509091766060e+00 -1.395673580667907565e+01 4.723085343189341145e+00
8.158680724855434718e+00 -1.530800992642392799e+01 1.598978613219481870e+00
-1.065386436489184074e+00 -2.660925848505577118e+00 8.849184758028988185e+00
7.113832822260923727e+00 -2.994826084163504376e+00 -1.872871934828583917e+01
-1.980652725182433738e+00 -2.032112033971132714e+00 1.213381834919385049e+01
-3.906319483604062448e+00 -2.122245143923466770e+01 -3.572624056288927363e+01
-6.408085773775216154e+00 1.017840373559965528e+01 -3.823866827649674338e+00
-3.951834027829337348e+00 9.726632436652760560e+00 5.573600871335357532e+00
4.526354885566482023e-01 6.489339717137340813e+00 -8.075884614223108215e+00
-5.042922500776213290e+00 -2.236175870431088786e+00 5.518956941510421821e+00
-1.268081550454579265e+01 -2.499856374669707559e+00 -1.501612046043723003e+00
2.036741957589130436e+01 1.409535196144934233e+01 3.218248696806242037e+00
7.673106829467682743e+00 -1.059044432567734972e+01 1.126174690652856247e+00
-1.663927276027403224e+01 -4.762327436892660693e+00 -1.388939098401267280e+01
1.539174435074847125e+01 -2.086678950750708239e+01 -5.150308993391244705e+00
1.028148033623004842e+01 -1.702739388964433331e+01 9.678324498019199140e+00
7.209102827026248939e+00 1.281745628362477740e+00 -2.112009549810567766e+00
-7.775802075654348222e+00 -2.941741630990730272e+00 -3.395914189421720852e+00
-2.661253082323499886e+00 2.582169819466395566e+00 -4.997135682083284181e+00
-2.203129018455650900e+00 -8.548839990006694478e+00 2.001979706421350969e+01
-6.657384463018508391e+00 1.127024359920179242e+00 -2.759020410357128750e+00
-4.048033879377650024e+00 2.405262568910344623e+00 3.418705044220202716e+00
3.775241832571210487e+00 -4.272314397628436677e-01 -1.632529394563231762e+00
4.767145428767626036e+00 1.777649898237480031e+01 -2.167652033538868928e+00
2.762629368321662682e+01 1.235873747119554444e+01 -1.144971465313189540e+01
1.726651940456114920e+00 1.005332585625902908e+01 -9.705726932754267011e+00
1.499040409490416614e+01 -6.793173044501386926e+00 2.545472692304443996e+01
1.213899806701691197e+01 4.663546853809353299e-01 -2.223927081923312343e+00
-2.045304703198084439e+01 5.666814699731370197e+00 1.417361484193729382e+01
3.865853371496313695e+00 -8.291059248964183226e+00 8.307092235821922799e+00
1.094498003981263601e+01 4.558010111379509510e+00 -1.560186553553072031e+01
-1.070626770452721388e+01 -1.429151607529722412e+01 -9.763375115789919789e+00
1.629952149035897468e+00 1.905365596356030977e+01 1.198693929831405391e+01
1.724240428817901005e+01 -1.296041498641149481e+00 2.342363694937790619e+00
-6.411924378589724860e+00 -3.710752499531616788e+00 -1.567074894357749493e+00
-6.362906431204021551e+00 -1.002978928752876087e+01 -1.121708794207844662e+01
5.166038857753510349e+00 -5.500131412775471240e+00 -1.038583215163464857e+00
6.445248848581785595e+00 5.954808648500020674e-01 1.186733145399361533e-01
-1.157251527798463381e-01 -2.858973628028850200e+01 -3.200520250557666202e+01
-3.202678901474520945e+00 8.845809345029010728e+00 1.026651256961497866e-01
-7.412091511459459880e+00 2.717407642598603651e-02 -8.811602840440414752e+00
3.768094878470558484e+01 6.297876556963775130e+00 1.736855782379823765e+01
5.715996508026269574e+00 -1.459272637977861997e+01 1.133501556582584335e+01
5.399012631594532152e+00 -4.890026324956080472e+00 1.036961017536751406e+01
-4.132581636801909042e+00 7.173896842277107666e+00 2.321405799517841650e+00
3.942752118861409194e+00 6.724851472019356402e-01 -7.925204063063153725e-01
1.552261294642828915e+01 1.926800346336595415e-01 -3.404004587948193716e+00
1.449529430438575517e+01 -6.031682146781798259e+00 1.566251474466281657e+01
1.497266227703800823e+01 1.341393492275070010e+01 -3.620792261173262006e+01
2.718410215585422396e+00 -5.616935035103805873e+00 3.709937359648659783e+00
-1.696410200685539937e+00 2.229950024907018769e+00 -1.490415574780188024e+01
-1.857087048207949564e+01 1.632769608277024531e+01 1.551894161384230308e+01
-3.859813782518753289e+00 -8.797908741804907340e-01 -8.023837862048768255e-01
3.605977312788620104e+00 6.357811597509644308e+00 9.831376100553805841e+00
-2.527584738369007766e+00 3.031642291024168046e+00 9.191367055128816688e+00
1.679477082764698181e+01 -1.343158830405800153e+01 -1.499345172558053774e+00
1.572911682369498543e+01 6.628092347370883708e+00 -6.445056410577952200e+00
-6.096607535792087695e+00 5.072155674983552132e+00 3.120109818618586317e+01
6.781224330185584570e-01 5.701152368796167380e+00 -9.124554702057199762e+00
1.042183882684057750e+01 2.107500616397659066e+00 4.599136012951001717e+00
-6.170926567294904963e+00 2.022755983844420413e+01 2.948179904605105150e+01
1.258688177242392747e+01 -2.789968584094575821e+00 1.174641218871064485e-01
1.815166784022120838e+00 -4.256072889434888928e+00 1.971002766453917365e+00
1.336577493366956837e+01 2.098433905186849024e+00 -2.222482628478196887e+00
5.874565928202708953e+00 2.344432097438587270e+00 -3.481263231113594259e+00
-4.641849594863589168e+00 3.881688556681674118e+00 5.316079453270941890e+00
1.084220724909909395e+00 -3.215582751893607760e+00 -2.263773314208457954e+00
7.445078955132941045e-01 -2.463833171618037454e+01 2.073920479308055231e+00
-4.601358427988865074e+00 -3.796533715496565264e+00 1.086880586211052702e+01
-4.595400296942443674e+00 5.238199261299016918e+00 -4.841668486584918552e-01
4.452450957424129996e+00 1.445312067811307832e+00 1.045030224489422732e+00
1.955926209481611266e+01 1.769661753028669793e+01 -2.030763806044344477e+01
4.637299969145866285e+00 -1.163072607142967740e+01 1.400958503956846890e+01
1.031981782859965158e+01 1.926188630746044073e+00 -8.175584710243029463e+00
5.276530295374111112e+00 -1.188908827434789117e+01 7.137114271792808218e+00
-4.471945799149051881e-01 -2.423390213059273890e+01 -6.793825981123884361e+00
-1.043583359811749034e+01 -1.232519246119491285e+01 2.822600475075272897e+00
-6.613071915016882629e-01 -1.695898805009315424e+01 -1.972345378318467013e+01
-2.678270336820457675e+00 1.516734086483058519e+00 -4.646143840759893173e+00
-3.494544698586721787e-01 -7.868441877823943109e+00 4.872634651886866841e+00
9.932074496201881431e+00 -8.470628983963029768e+00 5.582677385561955141e+00
4.678665601831482945e+00 7.206633419911266714e+00 -1.839581186763173193e+01
4.041173072034157876e+00 7.851055529300789537e+00 -1.464823307542163811e+01
-7.939439079122399434e+00 -4.877997426876951259e+00 -7.927783609118698172e-01
-2.677357375342996004e+00 7.631819871906942998e-01 1.285480494586621347e+01
1.496603565392163482e+01 -1.126257526068926396e+01 -1.153361961164842597e+01
-2.697375221899889208e+00 -1.671720739450899051e+00 2.796994778989245756e+00
-5.249315688034118743e+00 -4.308034195589472759e+00 -6.736878939823384371e+00
1.677866855627197173e+00 5.072274678521678126e+00 6.904572125466797772e+00
-3.528212505134467492e+00 -1.331793670586908718e+01 2.768964382460438411e+00
-2.312676158284967798e+01 8.421571299771288821e+00 2.455075490019774165e+01
-6.110617005385523409e-02 -5.624176944441311221e+00 2.720844358200228408e-01
4.964892592198634880e+00 -6.319044132055054774e+00 4.233330323725279065e+00
-1.217969487863510381e+01 -1.267099709532643459e+01 5.059572321415848251e+01
-6.223361872814258788e+00 -4.932516315099111370e-01 1.684632523403577498e-01
-3.665036453825878837e+00 -8.804100574456045436e+00 6.165033410239346701e+00
8.050168841217794635e-02 -2.168993744063324680e+00 -1.031254560751742844e+01
2.631388884380858073e+01 1.377407600271492605e+01 2.719339504279410136e+01
1.187394146793572780e+01 -2.092268867817433708e+00 -2.171810381694321634e+01
-3.521022295139984770e+00 -6.938448873027427410e+00 3.921266333642678514e+00
4.954599972501121385e+00 -1.949416634092141720e+01 -1.402821494939144431e+00
-2.166932001230281912e+01 -1.997375880293902783e+00 2.378473949988833169e+01
-8.941805352430996834e+00 -2.202060881714705154e+00 -4.887674912845388242e+00
5.906087224761187748e+00 -3.810565786918735931e-01 -5.742165588098673723e+00
-4.991209025731029314e+00 2.188841329699600546e+00 -3.537985671789656283e+00
-1.068792591165329497e+01 -9.892319113177583390e+00 -3.428032643637046739e+00
3.303598320822142220e+00 3.780112686200578498e+00 -3.737540952066569666e+00
5.197526331813097755e+00 -7.012010136768960678e+00 -1.027417437510014508e+01
5.878946126504052128e-01 1.344672171189732479e+00 2.970814179772071739e+00
4.446247910269575776e+00 3.325768191992704015e+00 -1.429988599364916624e+01
-9.753508895944289492e+00 -4.629697966095465134e+00 -7.419694900939768800e+00
2.256772678053255543e+00 -6.531118437242158237e-01 9.581231786709643927e+00
-4.314934022038113270e-01 -1.329490804523860703e+01 -5.229875343207224248e+00
-6.516366434124928331e-01 5.782057563363890429e-01 6.145366497289995733e-01
-1.192255034892873589e+01 2.404203662754871118e+01 -1.293866166145580365e+01
1.313881410879763401e+01 -1.714018854052029184e+01 1.350422356963307458e+01
3.788523638600287313e+01 -1.565865765050733494e+01 1.300817569727197132e+01
6.306082708698260930e+00 -5.199008243654030359e+00 1.742771943979495930e+01
5.164937008492627157e-01 2.347510283461714664e+01 4.192192418000086462e+00
-5.691275978679214198e+00 2.923659642464313979e+00 -1.252062652296779532e+01
7.375193664708172392e+00 -1.007555100327061837e+01 -5.577284665251784901e+00
-1.162316463410497880e+00 -3.075971999231633114e-01 2.358452420533406091e+00
-6.770369880239939242e+00 -7.052786508590751069e+00 -7.050161408203525326e+00
9.402371497301718506e+00 -1.122845574738368990e+00 1.202260307607777134e+00
8.999780602693162379e+00 -3.301141762155947568e+00 -1.129264948160377990e+01
2.260642605282477735e+00 5.287609351230364574e+00 -1.475712836504185788e+01
-4.828540129300181505e+00 -3.066070926691128573e+00 6.012638470053357054e+00
-6.857529109830371894e+00 -2.161619230385785351e-01 4.306862924441924534e+00
-9.912979115650690787e+00 7.673062941418990590e+00 5.527546839607252238e+00
-2.088504810525980027e+00 -4.815534344408894718e+00 -7.372491038940005126e+00
3.655604223941236963e+00 2.602145183317237098e-01 2.847715452566101035e+00
5.543426267312944411e+00 -6.826672374299250556e+00 2.652475639343049529e+00
1.398140449808433772e-01 5.566697712763043704e+00 3.637955375105088152e+00
-1.678016276145632801e+01 7.954685045997010207e+00 -9.739211703038223034e-01
3.438412069828431061e+00 -1.258237320356307976e+01 -2.422796144449350919e+01
5.522399624342861912e+00 -2.810273844734482385e+00 -5.376712333477525085e+00
-1.618109829680086875e+01 -2.075922232309239845e+01 1.111386119038478171e+01
1.648361963213617543e+01 8.384440533625982184e+00 7.604135166690630498e+00
-1.151166277606330546e+01 -1.073194149220776827e+00 -4.003172611096880829e+00
-1.020882475357512931e+01 -1.409772356140829297e+00 2.638660339415408007e+00
7.195798540319262138e+00 -6.632695460759560291e+00 1.050316356143779117e+01
7.872572633814199250e+00 8.020195939016005582e+00 -4.009332584460418403e+00
2.564329305533359360e+00 -1.560221468721270099e+00 2.008882601424165770e+01
-1.171626353379096841e+01 -1.058204919762791363e+01 2.020375186801582856e+01
-3.583569391725833775e+00 -2.415199382919419602e+00 9.076727591244278415e+00
-2.689982234422337637e+00 1.830422386052505601e+01 -9.428257303000174616e+00
-2.423228708141690113e+00 -4.753386566539746561e+00 -7.523228290920207506e+00
1.495138082346053920e+01 -6.707202748049031493e-01 4.750241812977707423e-01
-6.080943810294664686e+00 -6.313963792830765698e+00 -1.779754305761180877e+00
-9.959784948786911229e+00 -1.403953283326345591e+01 -1.448732910259869655e+01
-7.261354884149135103e+00 3.113248484507016300e+00 -7.867561844487060085e+00
8.110936191011196783e+00 1.571378019915070290e+01 2.083905463097273980e+00
6.078108717926365756e+00 3.044817231915308398e+01 4.643117557712426624e+00
-6.928478037681252033e+00 -2.605828855226790974e+00 1.330260824585013424e+01
3.958193256461773757e+01 3.212797621184849106e+01 -4.879349836087517645e+01
-2.798353731404513933e+00 1.144807794695061709e+01 2.388493463665495753e+01
-6.933754889917358888e+00 -4.556200018765812487e+00 6.745229828485600265e+00
-1.860168328377096447e+00 -9.031659724023901603e+00 -1.294847440904707492e+00
-1.165111102409644062e+01 7.730553854974863803e+00 -1.255451442695285413e+00
-2.674350483465116834e+00 -2.374286768161444794e+00 -4.054122024998275120e-01
4.355248247855492849e+01 4.683689700228606512e+01 -7.533980562325663755e+01
-2.065764441809423868e+00 -1.442061107044844137e+00 3.134929750510267787e+00
1.044097426851132493e+00 -2.081153880347499552e+01 -3.755898043289794597e+00
-2.336482247726595407e+00 -9.182079747433237182e-01 1.524339816062285635e+01
1.091444619370520286e+00 -4.400039124501325394e-01 -1.794306713416521593e+00
1.134830050795351397e+01 -4.351422563243195540e+00 6.946010299813071276e-01
-1.574031651589043079e+01 2.877284808159775498e+00 4.414236463134488808e+00
3.033805450316543251e+00 -3.144158668870332818e+01 -3.235043873141054238e+00
-1.613801609795268988e+01 3.273702390705091059e+00 2.607900631747949172e-01
-5.175420677586800799e+00 6.011922206221158582e+00 4.634622041160393557e+00
2.027237771503228814e+01 -1.078995816618930625e+01 -2.557784603434243564e+01
-6.844468866082203284e+00 -3.456010778205146128e+00 -4.580103494076702475e+00
-3.338352833686313748e+00 -1.570598537626502145e+00 6.847001274799447756e+00
6.220632345259025975e+00 8.455606604387877479e-01 2.441980647657814529e+00
-2.237618612164487786e+01 6.813515867911456247e+00 -9.834789660535676603e+00
-1.441516482341591798e+00 1.326229667241868171e+01 -4.883125660334708407e+00
9.388241968694064354e-01 -2.706886314373493363e+00 -1.409257932762876919e+01
-1.831395886425757169e+01 -1.612148808549242318e+01 9.227274910070340397e+00
-6.206199983576953016e+00 9.569123659649449110e+00 7.940624344005993152e+00
-1.110546312860485507e+01 -2.422376492834393602e+01 1.903866788036647151e+01
2.584616599430027861e+00 4.366426539619661540e+00 4.622128200832874789e+00
-1.037982746351088004e+01 -7.536744335062144806e+00 9.134620575982632662e-01
3.305517181347988220e+00 9.925982194825351268e-01 -1.907100426855133435e+01
-3.674285316624374076e+00 -1.036660569837379198e+00 1.808314980632372171e+00
1.584826395088969164e+01 9.860320755935555681e+00 6.000922776432197736e+00
6.301791907544280313e+00 7.070852591948068699e+00 -2.801314224593878244e+00
1.901273884768662548e+00 -5.251413528967742828e+00 -5.685596674231011782e+00
-2.910664073592198875e+01 7.937916438342098147e+00 -8.178892319439562186e+00
9.135243990338731024e+00 1.113401597024143364e+01 1.066220651471731706e+01
4.825381528647644025e+00 -8.283467477006167812e+00 -1.144416149650714587e+01
-2.568813401187685641e-01 -1.155458873255766505e+01 1.417360276844055811e+01
-1.340714137246071047e+01 8.228368529898537176e+00 6.872839132044098243e+00
-1.346259648533213067e+02 5.915039862427439488e+01 3.793857753543614564e+01
-5.831333564895444965e+00 1.926192403166611999e+00 1.025512299925469994e+00
1.505000628906572402e+01 -2.138509217923995465e+01 7.511335983841121333e+00
3.056174920863218514e+00 6.922534599251208398e+00 -6.293832038002049600e+00
-2.420673338077403258e+00 1.086755722329035168e+00 -9.347255162032691800e+00
-3.739122693900943872e+00 -1.038923109619849683e+01 -2.491873260319765393e+01
1.200984929903096798e+00 -1.878076253497408032e+00 -1.622834828354757786e+00
1.236363917138200819e+01 -4.161386467525662169e+01 8.975108359506455358e+00
1.140959067163145413e+01 -7.858390389619226646e+00 3.659336943612998549e+00
-1.899494205185742191e+00 -3.572793898516886557e+00 4.877014836687158628e+00
-7.308855303068673592e+00 -1.209073156131966087e+01 -1.647498692355531702e+01
9.247461307775401096e+00 -1.923565804260517487e-01 7.751889739527982215e+00
3.671308095772998215e-01 6.685214708950304896e+00 2.991390617449184219e+00
-2.130518136870038493e-01 -4.030785776563434730e+00 1.360457736916972316e+01
-1.411625466824336286e+02 2.915245453810385357e+02 -6.514836747182278032e+01
1.628229780700412466e+00 -1.959523845996151792e+01 8.546720035271826887e+00
2.380784498864439769e+00 -7.873012318818238597e+00 -1.306987845769064016e+00
-6.959917797557058528e+00 3.606068612976894627e+00 3.387019211058641677e+00
-3.972185614846040824e+00 9.346935748814573230e+00 -6.930888784523352442e+00
8.018810372421326660e-01 -1.003200186379761938e+01 2.398180454752540935e+00
9.437453901991972316e+00 -9.407018894133098996e+00 -1.244875895595141380e+01
-1.877704325584879319e+00 1.109725171005939259e+01 9.678971016082064116e-01
-1.539409777047904981e+01 -1.765340784278925668e+01 -1.727870754383190643e+01
1.115345428314256232e-01 -8.258313920581947798e+00 -3.218565818401964318e+00
-6.890124073184306042e+01 -7.038818239189549075e+00 1.839543072422743952e+00
1.617082578448942343e+01 2.181669986363301561e+01 -3.249912924599750674e+00
-4.726512587841244617e+00 9.032177825283065342e-01 1.031234495090291681e+01
-2.182534117182320710e+00 -7.044429728394977275e+00 2.579290477026688233e+00
5.304457788431588661e+00 9.344358403412046654e-02 6.081611878470321031e+00
2.095499643051399019e+00 -4.545353238408458840e-01 -9.705902210366469163e+00
7.589286470551467545e+00 -8.212784579329575507e+00 1.976421801461460959e+00
2.908269765992802736e+00 -5.440157160310487683e+00 -2.963000568966539738e+00
2.690006394848835303e+00 9.139641571123691577e+00 2.781955694725961603e-01
3.050210139791627029e+00 7.907261063822528691e+00 -1.353337639875038079e+00
8.062452488260712258e+00 2.747333467305576704e+00 4.544866698316146092e+00
6.884860091242032354e+01 6.316764208312347861e+00 -1.484535987477835022e+02
2.833366128418187913e+00 2.076454258518644735e+00 -1.163282838818004450e+01
4.586532988580764858e+00 -1.009172871084571632e+01 -9.197840433527943560e+00
-8.248798111922436505e+00 9.736818221549087937e+00 -2.207254501194279683e+01
-1.456666485510766762e+01 1.530434690640224638e+00 2.914727679024281759e+00
-5.563254288892093280e-01 3.179379044863210324e-01 -2.113752229478885192e-01
3.215812613441606072e+00 -5.213447555819552548e+01 -2.062865175573572074e+01
-8.862488919908152241e+00 -5.294780632769160000e+00 -1.065028096128838087e+00
1.056454459476491969e+00 -3.062460565916421462e+00 -1.583384141097877063e+00
-1.449007601380838839e+00 -4.641521188692530053e+00 -4.154826589926769564e+00
2.419834944136803223e+00 6.457393526181489207e+00 1.430067182537638537e+01
1.326109495186119069e+01 -7.164844671623455952e-01 -8.857835102976864272e-01
-1.161205388269726058e+01 -4.757504368098159020e+00 7.135522502734133354e+00
2.830390470288711313e+01 -9.688951020009053394e+00 2.243362476133893058e+00
-3.998742848695874130e+01 -1.171870775830531670e+02 4.100467285906936610e+01
6.454032157194721009e+00 -2.303567523211857981e+00 7.477920367584354189e+00
-1.896040337669424503e+01 1.529328245792101626e+01 -2.482445806746910399e+00
2.497364907241548337e+01 2.102476199489751707e+01 -3.256837599550857476e+01
3.631706237590055064e+00 -6.813837835557089662e+00 -1.733703204268828957e+00
6.755842329314211803e+00 1.651479666958430315e+01 -7.477962948385473929e+00
-1.440479527443024210e+01 -2.488556740387092958e+01 -2.751424636316444605e+01
-3.245085536880035093e+00 -1.234441100803158831e+00 -4.338752021499289846e+00
-3.340883924516180770e+00 1.033451957336363769e+01 5.820060452272779461e-01
3.217877965167954102e+00 1.783844736003591169e+00 -5.690549022816842051e-01
6.123531638844085023e+00 -1.858756731661354022e+00 1.329457106477496264e+00
7.007110903641005528e+00 -1.046337352743000437e+01 -7.222430423485154627e+00
1.068807043037498516e+01 -6.078558449119120244e-01 5.927961542527588001e+00
2.378921452610670784e+00 2.769830842751205946e+00 -3.113561529209654122e-01
5.159219089009467574e+00 -8.557244322358616984e+00 3.330671529981325651e+00
2.718144535458591360e+00 2.256786862233907698e+01 -2.205082020070991078e+00
-5.960013675524534094e+00 5.012482609183158466e+00 -1.479998589855550861e+01
8.617090589566265280e+00 3.009461219799131282e+00 -1.127444482536398418e+01
-1.530398886249740187e+01 -6.410058372334391130e+00 -3.587971801795906579e+00
8.302502514138374590e-01 -3.623969980577220529e+00 1.061299012763556959e+01
-8.376060855543400407e+00 1.418599723275591451e+01 -7.064126096424353740e+00
-1.026224307240144462e+00 -8.766193276528078115e+00 -1.771221452829642828e+00
3.988708860093021613e+00 1.120316449386655400e+01 1.367343223122626483e+01
-4.904920903746835315e+00 -3.061284931648736052e+00 1.069650860035689810e+01
-3.775398548677702415e+00 -2.151601149842965555e+01 1.008111731452341608e+01
-1.689731357935741940e+01 -3.769280691261121863e+00 2.935411187692747781e+00
3.093122336643242321e+00 7.403590714568784925e+00 -7.773294848614374919e-01
7.769904823605038757e+00 1.307186375982451487e+01 6.418492956954421347e-01
-3.025909676613868893e+00 -7.105381619481125455e+00 -1.096308887195620585e+00
-4.044944687025847641e-01 -2.083091800196336507e+01 -1.767815453118086921e+01
-1.807545368348072223e+00 -1.129429519385427572e+00 -4.771244521266400085e+00
-5.043269170844704163e+00 -1.467626883612792632e+01 9.046072219753765742e-01
4.187008907909899769e+00 -4.060266237759179830e+00 1.187897955440274522e+01
-2.184850977096737257e+00 -1.687591574398243643e-01 1.046144246581701243e+00
4.628561496876483439e+00 -4.353896334975310367e+00 5.954556352599588820e+01
-7.416028510148967579e-01 -2.347952493585369727e+00 -2.405949700102446798e+00
-3.480363900273999445e+00 -2.653902876416112377e+01 -1.167002485857934957e+01
1.727628377652226987e+00 -1.254167405887360864e+01 -9.914329947861793002e-01
-7.323562502358433868e+00 -1.091389759340599674e+01 -7.780048369907813566e+00
1.763437506061694293e+01 -5.036228294389388793e-01 -9.430369523622372796e+00
-5.360770158101058946e+00 -1.728240301360309061e+01 -2.417376329555203540e+01
-7.429989551407306436e+00 -2.553838078212435914e+00 2.280791323858468278e+00
3.048682038791085791e+00 -7.866279360702960188e-01 4.772686695613375996e+00
1.304447156712580913e+01 6.390176695519808270e+00 7.424160013185422180e+00
9.049972492721822803e+00 2.084865001782708660e+01 -5.297844988597442573e+00
-7.294417741420118340e+00 3.549257388524946766e+00 -1.278717094476095273e+00
-1.284493865949450431e+01 3.442179535264188406e+00 -1.640774899440791401e+01
-1.441373571193091951e-01 -6.168671584563678145e+00 1.189874520321200713e+01
6.066081414275855899e+00 8.690503252967315961e-02 7.094525729763177857e+00
3.903847040400498791e+00 5.335706811878693223e+00 -3.101291435282811371e+00
-7.233251868511699101e+00 3.363687797638040600e+00 -6.626388584323800401e+00
9.332981691398304136e+00 8.260604388849413837e+00 5.485729057444586942e+00
7.397223381742938919e+00 -1.505727100911151339e+01 5.904797319764064412e+00
-7.304529470618877696e+00 1.198910855356174032e+00 4.460198045032310432e+00
-4.545394822309368976e+01 1.347173564390835132e+01 -4.579162880370024169e+01
-2.370039731836296681e+01 -7.236087006540770084e+00 -9.298547306439122195e+00
1.026335345694249668e+01 2.563862260412438143e+00 -1.730596416124735137e+00
-5.251340645829792919e+01 2.002347463352644752e+01 6.430082409473675398e+01
4.770123418366967627e+00 -1.345033906835233273e+00 3.463721118552616662e+00
-2.260235722863291841e+01 4.505425638150699541e+01 -2.338705638873195269e+01
1.526119634098465738e+01 -1.864795658689303748e+00 -1.815872538549568915e+01
-2.234948587361112793e+00 -7.181094263265954680e+00 8.692659084302577499e-01
-1.487150409175357879e+01 5.659277591660471174e+00 4.935401369446982045e+00
8.236251151787595148e+00 -3.552477902637585228e+00 -6.072786310673722987e+00
4.785324702668776631e+00 9.300340697487847752e-01 6.010964238209235866e+00
-1.007282426278688270e+01 -5.516284820414934842e+00 2.952791597230726950e+01
7.750620203196680436e+00 -1.521879980472085281e+00 -9.315270122690897381e+00
-1.797798511279929290e+00 -4.769235747882194509e+00 -5.784783666287573567e+00
1.166815254738634700e+01 5.372702171962892237e+00 6.990401652039031966e+00
2.009064349610622813e+01 -6.272971220030095552e+00 3.159525064004409245e+00
2.611696454892940000e+00 4.901183905647782169e+00 1.403453576703915573e+00
4.434767845447288970e+00 -9.085451836921194513e-01 7.014674088257255580e-01
-1.110910598011631478e+01 -3.079155261057168858e+00 -2.985189027967735331e+00
5.641743464105646666e+01 1.648034914439794463e+01 1.400505080167427785e+01
1.707651171705780513e+00 2.574534394345341592e+00 -1.206316935381991140e+00
2.077316855154831643e+01 -8.177937695099096516e+01 -1.903307071140533324e+01
1.729055827553467850e+02 -1.600442222880114400e+02 -2.000893592516925139e+02
-2.663642122386248090e+01 8.650788790544838847e+00 -2.564587427365716543e+00
-1.376244478760743961e+00 -3.048143001797895213e+00 3.895257272997014741e+00
-2.383500833881911696e+00 1.541407699341131909e+01 -2.292113313743766145e+00
-5.181039174880843312e+00 -5.446421138694473640e+00 -1.328924797763040733e+00
-9.295032218180331540e+00 1.277468307029511330e+01 -9.869714796220549147e+00
-2.416739114248307896e+00 8.234730293193630146e+00 -3.955735866422792402e+00
-1.043796111091148227e+01 -8.818347632992745488e+00 -4.501839673155226151e+00
-4.370953003489501221e+00 -9.277119893355306735e-01 -3.841558878954843825e-01
1.314076578515317006e+00 -1.103394235934982248e+01 5.687483088429915234e+00
1.854851535647975780e+01 -1.578339950714540940e+01 2.425551408068379988e+00
-5.656408232132357661e+00 -1.938966899762851881e+01 2.186689455533019100e+01
7.031115249691580082e+00 1.004931385451416759e+01 9.932775848767461113e+00
3.140382425091531218e+02 4.081578200488792163e+01 9.702567237518336185e+01
-1.383415786980926265e+00 -1.056870518831463812e+01 2.501080289687198643e+00
2.572988579264118503e+00 1.107307710779799237e+01 -3.665919717465323302e+00
-4.068784544788762170e-01 -4.027911739291634774e+01 2.455628096029695673e+00
2.142876248831026009e-01 -6.955540603221440632e-01 1.026867265799046081e+00
2.656548622742455290e+00 -2.585733075770362710e+00 4.788571501105344019e+00
1.386077514574764136e+00 2.178624700076543963e+00 -3.716627962350631087e+00
3.516096877289259570e+00 -1.128353400646454396e+00 3.581854637644744876e+00
-1.422276358350961327e-02 2.131058810037340212e+00 -4.301828540342092388e+00
2.346323075260060786e+00 -2.273365925628345607e+00 -9.964474170295996025e-01
2.063680241222716649e+00 3.340858943539305237e+00 -6.305968560681444401e+00
1.778182419806678904e+00 -1.388885964172927645e+00 6.504152946364614607e+00
1.898974345930254826e+00 7.522316045025576159e+00 2.385973963780724461e+00
-2.597614068295968526e+00 -8.755199355072573297e+00 -6.518225154355664408e+00
1.006375547243111690e+01 1.637333405057091085e+01 -3.630754438927323413e+00
-1.420521075286013346e+00 8.924424842961425908e-01 -8.664398701194162555e+00
2.035164358255955719e+01 1.254324632366542458e+00 -3.497221813393383449e+00
-7.275093618390067185e+00 1.077088087602539268e+01 -8.119411027951356274e+00
6.443990491859614700e+00 2.369353403540273462e+00 -5.414697636016320814e+00
-8.729332402896042709e+01 1.416670888711729148e+01 -5.692807098657224429e+01
-1.220419046432297527e+01 3.712526082563502694e+00 -1.123972158582274616e+01
-5.652395638087478247e+00 -8.085221872159769063e+00 1.616649910037775939e+01
4.999384426682818905e+00 6.550589224544766331e+00 7.104427426960380210e+00
-1.519423911400361327e+01 -4.158469021314412828e+01 -3.572395578487140000e+01
-3.024867175541893771e-01 1.967337102969962359e+01 2.384568974791785223e+01
9.477165532162992179e+00 8.119650661749038337e-03 2.646345591164314115e+00
-4.466730899091123419e+00 9.472868472962556186e-02 1.206079954601173831e+01
-9.212402371202346174e+00 -1.761251045894769618e+01 1.525865797636472676e+00
-7.370876015965580841e+00 -1.948469590542116547e+00 -2.000900007274443393e+00
-1.938375879820358527e+00 -3.011392071289839656e+00 1.084202379332034205e+01
7.786848806036188009e+00 7.409520237895048211e+00 2.922049701897109664e+00
-9.499564064694768106e+00 4.119018167689715848e-01 5.578414991862975514e-01
-3.220927192648955106e+00 3.045592382207590099e+00 3.150216482406835716e+00
5.644681331594251894e+00 1.448590747037356019e+00 1.398386908553329588e+00
5.788809098849020396e-01 1.066893104374753065e+01 -2.121296325820551942e+00
-1.068781279358345060e+01 6.105556538454723459e+00 3.935579621502987013e-01
2.954345790064578203e+00 -1.370891040104266345e+01 -4.639745137815448395e+00
1.612060620593444238e+00 -4.417983827362266247e+00 -2.520683040831297017e+00
-2.790145676090891413e+01 4.297548046388522636e+01 -1.975928831900288074e+01
-8.036299582730372038e+00 1.861776081987955411e+00 7.855703988722943620e+00
2.089504923721626994e+00 7.055472435749943649e+00 5.580942815123722589e+00
-9.594115411489338996e+00 6.265200413048526151e+00 -7.670716427272704863e+00
9.917036168340372937e-01 1.045277783251563397e+00 -6.892526135667743636e-01
-1.751309998219124031e+00 1.171003576754775288e+00 1.594891906674580140e+00
-2.929489827617222097e+00 1.087094926456478206e+01 1.327776408661950036e+01
5.157454773670148818e+00 -5.090872643053177882e+00 -1.825599055962563666e+00
-2.638387002750149790e+01 -1.161064500342338413e+01 3.800175123760697105e+00
-5.939069427855562466e+00 -6.219700516644072863e+00 -5.428344331779422660e+00
-2.668099534514679849e+00 9.432702612602014369e+00 9.918841304502704403e+00
-8.946721807761292666e+00 -1.510711819814691381e+00 -4.150211409199393131e+00
4.906181772054316603e+00 -2.036339840366395393e+01 2.986736252128064351e+01
-7.455589668911336787e+01 -1.003520938788883932e+01 3.601487905567071834e+01
-8.753833056094299181e+00 -2.396790872701633379e+00 -4.183476181757491474e+00
-2.127754194946316346e+00 -5.553619606240723927e-01 5.133254187588805806e+00
-1.102700823838963018e+01 -5.569237844645831714e+00 -1.000964697526840297e+01
-3.284297674252724342e+00 -2.838922073719874817e+00 -7.515133297863566320e+00
5.507851502756044404e+00 -1.616711335055033727e+00 1.690778026923172694e+00
-3.318718882623070243e+00 -1.651017129427856833e+00 -6.113120310230785170e-01
9.501511546391039786e+00 -1.680784902640894751e+00 7.902802501349635911e+00
8.731261145634688248e+00 8.499707878836138875e+00 -2.833584555958275519e+00
-9.911299373616451192e+00 -3.304979143747676318e+01 5.906188737574774583e-01
-3.436812798898948529e+00 4.673907165043366341e+00 -4.975800835448944248e+00
-4.238941636902972654e+00 1.228110545586062941e+01 2.742738020943192367e+01
-1.689637524474112640e+00 -1.631374824363384235e+01 -5.120388693990390649e+00
2.139887146916991334e+00 1.181346444234238763e-02 -3.523829041157422015e+00
1.464798976239581307e+01 -2.346220281531238072e+00 7.370788102858329971e+00
-1.572971015169084552e+01 -3.918685753262851179e+00 5.007548759548728157e+01
-9.798249249964555929e+00 1.185987006795981102e+01 -1.466582397761996059e+00
6.967691187914067719e+00 1.317683638486225917e+01 -8.114554006306772038e+00
1.900198729114652263e+00 7.731780589492021072e+00 -5.175465266445010926e+00
9.389475695115104825e-01 -1.729650113477665396e+00 4.400908541929918982e+00
1.212960388949688451e+01 6.225328382704392594e-01 4.995156156658119073e+00
1.334085888850203361e+01 -2.277973199886884714e+01 -2.477378826886811680e+01
-3.429364394758042334e+00 3.986366141891406922e+00 2.658799741447165355e-01
3.920978597598817061e-01 1.479726057474303857e+00 1.198993877540846853e+00
5.802353234497370948e+00 -1.841639881930415612e+01 3.001856154279687416e+01
3.087798671572985487e+00 1.041715944915190839e+01 -1.079819536683001324e+01
6.656763681767795260e-02 1.875538037526485624e+01 -1.710945273628416530e+01
-3.821855760608293906e+00 2.520640907495882210e+00 -9.332353166001055911e+00
-8.885530799100047616e+00 -1.019108790695407940e+01 2.581337893666113992e+00
-7.893034318604204014e-01 5.180513036730839183e+00 -2.321464398169973187e+00
-4.420807316291345046e+00 3.692782918559886607e+00 1.047868206735223851e+01
2.130255064666178555e+01 -6.087270089874348145e+00 4.181662415710622582e+00
-6.842556845545870736e+00 6.878479796097538568e+00 4.109901651501705722e+00
9.857294906419140190e+00 2.765183217970471397e+00 2.387580868023223335e+00
-1.499178518595283371e+01 8.297764306329186823e+00 -1.345457172318664441e+01
-1.498283003936577096e+00 8.245313052665709241e-01 1.235669660875352793e+00
6.215024880619692826e-01 -2.455684552084165251e+00 -4.651310220581353905e-01
-3.055521747794558873e+00 8.144921800040933135e+00 -7.123306134220804831e-01
-1.116510379318691548e+01 1.299016274748384348e+01 -2.183419145160815589e+00
-7.106298353625584596e+00 1.602595561905538446e+01 6.801232074768455149e+00
-5.865366807068486565e+00 -8.805464750327104406e-01 -1.681696844990941297e+00
1.022032507892463826e+01 5.737589127615313700e+00 -3.061592993851295144e-02
2.021469506845312569e+00 -6.616407421199760330e-01 5.615308512848264044e+00
-4.835098469722212688e-01 -2.309859046280478001e+00 -7.442229721960298860e+00
5.871670570845113346e-01 2.338087112205357698e+01 -1.029823990851413917e+01
-2.557719130267712693e-01 8.018927246143618959e+00 -4.147506654556918804e+00
5.615542448853718227e+00 -2.557127642057505668e+01 9.257684984745115031e+00
-5.079911600076609801e+00 -1.488707895206903498e+00 -9.729300061868217497e+00
-3.147215158996099493e+00 2.536142308189153649e+00 2.637076052197897535e-01
-2.643915546301453645e+00 1.003221952457415611e+01 2.206752032052787982e+01
2.230463115266892338e+00 7.301747011755256089e+00 3.741152453489550389e+00
7.840689404250613670e+00 2.360504283835976214e+00 3.019991339810635722e+01
-1.622320920208963346e-01 2.102715047563376682e+00 1.146541658732560087e+00
9.276177561391371285e+00 -9.017505492507325471e+00 6.448607432994911015e+00
1.647614167037588562e+00 2.911803862395283993e+00 -1.986696299539014443e-01
-1.935958703162049233e+01 4.417073243481579148e+00 7.104730423694272101e-01
1.495121514383071837e+00 2.735840168225481150e+01 3.471991770893832374e+00
2.179816907569029905e+00 7.941382123122922021e-01 3.295003108574683370e+00
8.443588290388778006e+00 -7.044122380767861458e+00 -2.521224319357626142e-01
-6.414668693226116325e+00 9.463039497165599556e+00 -4.642119179114043703e+00
5.246415483526861046e+00 -1.659529024785006301e+00 2.425195683863801932e+01
-6.307319482536388300e+00 3.532933437810517319e+01 -5.020617500381322884e+01
4.151343978994250783e+00 2.783690828090147118e+00 5.467654690650546101e+00
1.493224847599880789e+01 1.184253169892786985e+02 4.364374400893137818e+01
-7.160292527923121320e+00 -5.323579438662489061e-01 -5.466610268110072113e+00
-3.936888433774658136e+00 -8.972992197645210943e-01 -2.552880941313890428e+00
5.406695766265056102e-01 2.242228550521690345e+00 -3.353584180663111702e+00
-3.217213173325804476e+00 -1.173064079521607361e+01 -1.060238304770110052e+00
-1.700265791883176547e+01 2.669301017112013952e+01 -2.805248022097308436e+01
1.008222899128144157e+01 7.262503279726002792e-02 -4.163978022517476063e+00
-4.168217330103095364e+00 -3.167289490448998990e+00 -1.767745208512704336e+00
-4.592874852394899676e+00 7.092427263232499168e-01 -4.849786391681210063e+00
1.168987543254057648e+01 1.480913337107768868e+01 3.872507449748540331e+00
5.636661914585841870e+00 6.050318686579860383e+00 -9.816403366545021214e+00
4.835508459569623163e+00 1.374802027271834426e+01 -7.092473249353764331e+00
2.110555759876220794e+00 1.256029708086157903e+01 4.658798212739589495e+00
-8.249915742596689583e+00 -6.816397877301662689e+00 4.258152150073134301e+00
-4.686948986256295413e+00 -6.247782743467633182e+00 -5.017998366174046154e+00
8.291573142678405617e+00 -4.906116124507115650e+00 -8.200320125404324756e+00
-1.309137232774837223e+01 -2.814726319711111202e+00 1.189748730050265735e+01
-1.910008852496833498e+01 5.554189129688946736e+00 9.347832600939387504e+00
2.639090914875682703e+00 -4.150506163019008099e+00 -1.411348814678170882e+01
1.202840161363946392e-01 3.998979151479954641e+00 -6.169322318879401301e+00
9.980658211485977205e+00 -4.314114102345714130e+00 1.617102984873691307e+00
4.091340488510357254e+00 -4.025988706411856022e-01 -4.128516116443402773e+00
4.360333570917767076e-01 -3.993836049628786355e+00 -5.737214236397093770e-02
1.252570394735782422e+01 -7.191728148904521944e+00 2.076587845245279951e+00
-1.261352204670030730e+00 -5.249048309824243752e+00 -1.709012855075766835e+00
3.095381515506543479e+01 5.226758532694963577e+01 -5.072475581594902394e+01
3.853736696829566100e+00 7.485774850850095419e+00 8.952332599280687475e+00
1.510585826265006926e+00 -8.481296425388311633e+00 1.926573306789180484e-01
-5.157696021244284168e+00 2.667711219113368770e+01 -2.529252239815641801e+01
-9.147549283460171266e-01 6.466640885269582917e+00 -1.777777809950386967e+01
9.759113778536027795e+00 -5.461380858815608086e+00 -1.094554112216633612e+01
-6.438862949588092022e+00 -5.153918243598257121e+00 -3.221997417862775137e+01
6.874265466883649367e+00 -5.628425034289125328e+00 6.155874783500563108e-02
-1.066184677326675256e+01 1.487347375318410769e-01 -4.354147406159190048e+00
8.078142624203572097e+00 -8.462066307452539959e+00 1.047037280996487574e-01
-5.477333082429336919e+00 3.607273840959326794e+00 1.024102508302848769e+01
5.916896558034174802e+00 6.607139488505001879e+00 4.005499791567872059e+00
5.995142249249050259e+00 8.412112739029394604e+00 -2.376873102334525978e+00
-1.375602533485566603e+01 3.029752414926467452e+01 -1.756057011430726433e+01
-2.499920018163888091e+00 -2.013000991971551912e+01 2.418820436354138348e+00
-9.385374565288683302e-01 -1.704473837426194649e+01 4.065119831541771589e+00
-9.903228388829599993e+00 1.667059174496141694e+01 -2.925906844492795500e+01
5.839561298839840653e+00 6.881614777615089329e-01 -4.367773895925346928e+00
4.572139162211749763e+00 3.426758036172884658e+00 -1.317436624485957530e+01
-1.296085227216050573e-01 9.529213456378768043e+00 6.303041628780393424e+00
1.144104566605725637e+01 -6.105528279341232434e+00 -1.253365493936088626e+01
1.594595084663736340e-01 -8.792336819718340024e+00 -1.492050978903334491e+00
1.464658999894447611e+01 -2.621157872055820626e+00 4.489868590905926382e+00
3.988446422843520800e+00 1.557867785912943948e+00 -3.848844123495781755e+00
4.550824477772027699e+00 4.598219120979811336e+00 -7.389115323575670580e+00
1.843791412370757277e+00 -6.274458174120835174e+00 -8.202269913762931353e+00
1.216192369693911957e+01 -4.148590111973106787e+00 -3.923368620802786033e+00
-2.990447108922721853e+01 1.713696364069703648e+01 7.625336580739037196e+00
4.284237929326884853e+00 -2.823664589166784644e+00 4.607008657107343752e-01
-9.320159068781739720e+00 -7.752135684796505721e+00 1.363189431791500894e+01
-7.744933455569845471e+00 -2.692267845132138859e+01 -1.867312214481693600e+00
-1.042228851821889846e+00 -1.129503001805195694e+00 2.640128002509559924e+00
-6.723191319085565887e+00 5.450142156364212731e+00 -1.012115658648154870e+01
-4.217340584386236602e-02 -3.390370473248465188e+00 -9.790111663633672023e+00
2.323944268625840248e+00 9.265530151674138182e+00 1.602257062781582975e-01
-7.719739390736296336e+00 7.469927015264291370e+00 4.569414991699590090e+00
-6.191272226447391835e-01 9.313687843116916776e-01 6.615643537179465739e+00
3.840067056457382666e+00 7.191386535813514946e+00 3.515321071797353203e-02
4.430115237591161659e+00 3.104310872888161654e+00 -2.320994647590505000e+00
-1.579640646873249210e+01 -3.838658900063529611e+00 5.296144003102173770e+01
9.069273486756193492e+00 3.893433715447957688e+00 1.382718080275122385e-01
-9.262293104602711935e+00 -2.403989772717190387e+00 -5.901214407650956950e+00
1.540628325477213512e+00 3.919579922775432212e+00 -9.627398978960616915e+00
-3.381713083034227907e+01 -9.956553121159663622e-01 -7.794532824749246913e+01
1.209435098006739828e+01 1.645077074210400880e+01 -2.970181360528631132e+00
-3.119151823589921602e+00 1.040472309841906640e+00 1.393457804879255191e+00
-3.619650538036618848e+00 -5.315637020905411569e-01 3.640645112305092579e-01
-3.975088982856375708e+01 -1.621956918071475684e+01 1.136461428737518453e+01
-1.079457527149168605e+01 1.398485532037778700e+00 1.289704402002175065e+01
-2.401966705661760404e+00 -6.358155519886666163e+00 2.111582640518185006e+00
-1.265998171262951644e+01 1.754637103477205073e+01 -6.619419582738427010e+00
-3.926877735620365240e+00 -9.307606473481493836e+00 7.139743901940716952e+00
1.270855894963183097e+01 -6.771266110124659399e+00 -7.810254717697161198e+01
-3.077712546118214210e+00 -5.725599002973869034e+00 5.880827966793349404e+00
1.416489402405591846e+01 1.256397194847805210e+01 -6.061909659877168899e+00
-8.788032581027408696e+00 -9.956386525226196271e-01 -6.033930816162583893e-02
1.192827232249966052e+01 -1.552009506422006879e+01 6.112665278781221012e+00
2.063252625336740032e-01 -2.858121236070840787e+00 -7.028602759731398031e+00
-1.617937821705730042e-02 -1.400233178769870745e+00 9.079072056519257305e-01
4.840341769677190875e+00 1.644978216823531625e+01 -8.995697413836394318e+00
-1.051390701639282810e+01 9.279704738153077059e+00 4.845785243190717573e+00
3.810944417567700082e+00 4.044589152898601725e+01 -2.626503677835766482e+01
-7.554008790806752138e+00 -1.782032748156102997e+01 -7.860262336000095829e+00
1.828849557667135173e+01 -3.802246630042187103e+00 1.094091220452682478e+00
4.605653917430291955e+00 5.618728320605355542e+00 -3.563852065129191060e-01
1.633853037003470021e+01 4.633949575660904152e+00 2.332960592082975460e+00
-2.601468148984235285e+00 -3.281262662130083552e+00 1.028789037418361252e+00
1.932140738469809804e+01 1.396806737455653868e+00 2.693510197346244084e+01
1.703974743951280013e+00 2.364526254851057718e+00 -9.959203263574021747e+00
2.365088649123658016e+00 -7.741682075839965371e+00 1.528229559817673611e+01
-5.532584492910176621e+00 4.719655732899195044e+00 -4.191930591689729813e-01
2.069522351164240437e+00 5.701662828074302247e+00 5.925630181512331340e+00
4.323648821834016331e+00 5.762964677613380271e-01 -1.468991702175603598e+00
-4.493175598445555252e+00 -8.341237210830385607e+00 1.076169245745061609e+01
9.388887795992095775e+00 3.073106626439112699e+00 -5.346949344321552999e+00
1.030687777246645176e+01 -1.713366954801218967e+01 8.930090875837729314e+00
1.075176072646553749e+01 1.343339179488252633e+01 -5.261810260107019133e+00
-1.737966669406578646e+01 6.869495297868799533e+00 2.655701569085728408e+00
2.655353988619196581e+00 7.692613585892387640e+00 6.093102538164528958e+00
-9.943474651036271483e-01 -1.425642999757126939e+00 -3.629810408449489489e-02
6.097642043694436964e+00 1.483242376913932148e+01 3.193591946434543516e+01
-4.460738709596839158e+00 -5.515411556605249288e+00 1.902045392891588449e+01
1.046630741151673050e+01 -1.080813093291911053e-01 -6.343652264791843187e+00
3.183390529268118829e+00 4.845138901877982462e+00 9.175088813139483435e+00
4.488397896422596567e+00 -4.698047886364408732e-01 -4.213493790097404990e+00
1.345300081102281986e+01 1.913173362806726452e+00 -7.993211634927112286e+00
-2.231414116422099525e+01 -6.054808172925125298e+00 5.882807554327709632e+00
5.601153307920669455e+00 -7.636472890539833358e+00 1.307843452325864742e-01
6.597571444580223599e+00 1.092988312083693847e+00 1.874831069542761020e+00
-9.391092163410070803e-01 3.188517502123168867e+00 1.940321318209255574e+00
1.552266337565094911e+00 1.012478577274707803e+00 9.561122312137604329e-01
1.410851245920799357e+01 -1.217275177267671360e+01 -2.291755834071534270e+00
-3.893373784587327524e+00 2.513549252614543761e+00 7.331333000399466171e-02
-3.775106321011478627e+01 2.479978021321812776e+01 1.407770669370289518e+01
9.414918587865461319e+00 8.415456347614913568e+00 -1.756729890016058704e+01
-3.513475355868060035e+01 1.779252331307505131e+01 -3.549453506121781032e+01
2.372962454855553815e+01 -4.168401989669830243e+01 3.845829412567340011e+00
-3.290012664480530447e+01 -4.503807393304848716e+01 5.435774125213912100e+01
2.947970899156973967e+00 1.069423644437298870e+00 8.066734227587664563e+00
3.297287402879828244e-01 -1.846379976125561129e+01 -1.029909207538029570e+01
1.176640741513222821e+01 -5.760857733878491871e+00 1.073866335156604990e+01
1.574658505515606821e+00 -2.307653820879433493e+00 6.053227735470981585e+00
3.163381989935404537e+00 -4.553863063071229789e+00 2.659558632917391474e+00
4.784408230741022394e-01 -3.772665158871102875e+00 4.155954290081528946e+00
1.955482971221913779e-01 -7.442717974826905447e+00 -6.533126866252421117e+00
-2.964883786110485531e+00 1.504270190499025261e+01 -1.507106870519130171e+00
-2.000716210091696468e+01 -1.997004493894863897e+00 -1.486584003842380497e+01
3.356157731027402225e+00 -5.023333543994511707e+00 -6.107190490761424506e+00
-1.529728723138479074e+00 4.533968291070098466e+00 -8.766941191162679059e-02
1.129533042254335662e+01 -1.400331314769231383e+01 1.158206069572432817e+01
3.392113844330106431e+00 -1.367348322785951709e+01 2.467062779362233726e+00
-3.156540935981624774e+00 -3.711296841810261871e+00 -4.140052338943703170e+00
-1.946188943749538680e+01 2.153302090940967872e+01 -6.330582396558788183e+00
4.139454188392524436e+00 -7.893095053918904647e+00 -5.558118079121933341e+00
-5.668017673738541262e+00 1.658680477098954853e+01 -4.327254006713636159e+01
-1.289438270658310959e+00 -6.394151836206167339e+00 1.439347472051097476e+01
2.055967339702750696e+00 6.188585596219063900e-01 1.113152141522345762e+00
3.559193571829343039e+00 -3.077607197318308785e+00 1.569093472193893612e+00
-5.942870609284232941e+00 -9.733869445610894289e+00 -6.391519153003324405e+00
-5.517410037802734024e+01 -2.662818516329269514e+01 1.383512599070354376e+01
-6.844797651025051444e+00 9.249585072192877178e+00 2.089891154493531289e+01
2.374674415721731080e+01 -3.224153408267916632e+01 4.431372421209628953e+01
-6.372271183286501639e+01 -9.284720585015226391e+01 -6.460826474321972057e+01
4.562234174536715869e+00 -8.842193802116525836e-01 -1.776630425707264260e+00
-1.699196492472095921e+00 -2.556066084965475227e+01 1.805337863308063007e+01
1.586238965799592782e+00 3.282739590563565901e+00 3.519363669297242758e+00
-3.304323873605841566e+00 -8.666167135603913607e+00 -7.125674959555747812e+00
-6.128939722451035799e+00 -5.251637023365062440e+00 1.798909257730618716e+00
2.347661481102416303e+01 -2.082090397604941856e+01 1.857593182292549017e+01
-2.237784014107405639e+01 -1.687201229011502823e+00 -2.034899963339013240e+00
1.491095477249167356e+00 3.123894878378717266e+00 7.503574793654484987e-01
-1.615444476147356667e+01 -1.835539076147174598e+01 -7.423702678119561860e+00
1.965648545030689220e+01 -2.518707470124532577e+01 -5.602546616640076138e+00
-1.768181373678537671e+00 1.245733211037878796e+01 -1.556105310631980743e+01
-3.611755265276120674e+00 -2.240164355389273054e-01 -4.497048365473994558e+00
-1.211775743744075982e+02 2.282592069367401564e+02 1.370528025382933492e+02
-9.043638830355286984e-02 3.634632935332818615e+00 5.017816091074604579e+00
1.784264520724124381e+01 -2.694129163854146913e+00 -6.874833533296508259e-01
-1.062236034995612810e+00 2.058488873070273684e+01 -1.459502115601614669e+01
6.865403296836455338e-01 -7.274233239973671772e+00 1.665565866727966915e+00
-9.501666168865927631e-01 -1.293875575338752526e+01 -3.829586116336843649e+00
-2.314054575864834717e+01 5.064797389374181336e+01 -1.837146894669002961e+01
8.284306176195336491e+00 1.527625580076328538e+00 -4.129258027898207395e+00
-8.237939828951788002e+00 5.231999702180682554e+00 3.069407499281967766e+00
1.839482463112524169e+00 2.395729166704568147e+00 -9.037539159073951223e-02
-1.027956423066691194e+01 1.073091790815491642e+01 -1.216134453835712037e+01
1.161336138867848078e+01 -1.472696062205210765e+01 -1.087602453307593287e+01
-2.500615613780324153e+00 1.672881717188776207e+00 -1.009496077633587419e+01
6.420237325784312610e+00 -7.241010960130352281e+00 -1.997154816723822002e+00
1.166712068678429937e+01 -1.549238384568484328e+01 7.318887245984520895e+00
3.215987459387493530e+00 1.501744868158049506e+01 1.033622668929395516e+01
-9.487434658138987231e+00 -3.590836678799447235e+00 5.045247741908367445e+00
-2.369920989820619539e+01 -1.025530595816357327e+01 1.656930450931881182e+01
8.116487686689453085e+00 -1.385189537895011824e+01 1.058041803923254642e+00
-6.309951287078440885e+00 -4.017156797108309974e+00 1.677696350326672858e+00
-8.224678643352573815e+00 2.295321987177333156e+01 -1.385056464211386107e+01
-5.988535999783010766e+00 -5.123676254381742901e+00 4.123784813518736492e+00
7.466679840957686221e-01 2.423385619420164172e+00 1.592170752763615749e+00
1.557292571606601728e+00 1.816269243805199940e+00 1.501169626530658796e+01
1.304005294662759695e+01 -7.346435411604125498e+00 -2.163792117635392032e+00
-1.955208639073395371e+00 -1.669002062284189902e+00 -4.558729066227795279e+00
1.341441058110146223e+01 6.827792529164101509e+00 -8.780262377782356964e+00
-4.806488148198590160e+00 1.974490933014567062e+01 1.001687537425255492e+01
5.273097388826858634e+00 4.168902434746121877e+00 4.712154568473120975e+00
4.406493246853396784e+01 -7.641845572289638255e+01 1.205128973742727396e+02
-8.367978497284822126e+00 5.808394147498542104e+00 3.412313322151991013e+00
1.575128124414027830e+00 -5.256788638210065479e+00 -4.372272073437121875e+00
-5.123981492565647944e-01 6.652925547648304239e+00 3.311421989381146513e+00
1.535766502572296588e+01 2.290456868696687298e+00 1.269539639111109119e+00
8.570211957822391202e-01 -1.144917040661890084e+01 7.846842493654151429e-01
1.703216247254702509e+01 -4.369676948146345552e+00 -6.620490481278825889e+00
5.590923989983896725e+00 5.635118984688112231e-01 -2.341219263596659328e+00
-5.281343470781854066e+00 7.714554793879941919e+00 -1.066117926850405517e+01
-3.277800926741545595e+01 -2.048524203118715903e+01 1.017865134399565719e+01
-6.584699518004146768e+00 1.345948560853782183e+01 -3.645472972769516762e+00
8.915030922284245207e+00 3.638382817939630254e+00 -2.718558019709968132e+00
-1.410240556769994846e+01 -6.333830910887543908e+00 8.399183200223213630e-01
7.384467634390402546e-01 2.612957643170508604e+00 -5.434420269219363497e+00
1.613756417445522118e+01 -7.973859918403517488e-01 -1.439695899087210185e+00
-1.748119053427364378e+01 1.735267165694895031e+00 1.443987442471300042e+01
2.080443787220067176e+00 -3.826495189924674634e+00 -2.741732661287107131e+00
1.042696539848445569e+00 -3.634236238954726250e+00 -1.233342505979352488e+01
-7.943673045081093953e+00 -1.379045956937445716e+01 -4.985741598747317482e+00
-1.530283941856261087e+01 5.878286946438135097e+00 -7.890816848179460052e+00
-5.638337064439619795e+00 1.463046440734724740e+01 -5.259593887923725841e-01
8.164796916136578542e-01 7.896257733219376185e-01 3.831095651394189172e+00
5.521949089371898545e+00 4.124049282570648067e+00 6.705407236963958795e+00
-2.679757390845579401e+00 -5.976885442336684839e+00 -8.493010985155377668e+00
-1.372943844065596330e+01 4.720669938223785778e+00 5.973007930951797384e+00
3.616231397528526958e+00 1.255049922841850218e+01 8.562992106999429254e+00
-1.021667220862272352e+00 -2.131271165768943820e+00 -5.859467798509938596e+00
-2.769620474245445774e+00 1.311957856303958891e+00 4.872588076296134219e+00
-5.741656308159023503e+00 6.369274615778399706e-01 -6.759281746558173154e+00
1.744057551401448336e+01 4.967873972240768765e+00 -1.300781527220365597e+01
-1.960910333561827645e+00 -3.176275063868047255e+00 -6.823937654272505426e+00
-1.669397941341554770e+01 -7.698050016835183307e+00 2.367905912308862426e+01
-3.329711377874376321e+00 3.723588400002789456e+00 1.415698533934073300e+00
1.060924321013121485e+01 -2.264101393290876629e+01 2.324630182001292056e+01
4.041123053576176183e+00 1.110765278786854049e+00 -2.330196782315120174e+00
1.345277408898792082e+01 -1.425696592540633034e+01 2.171585771449362934e+00
-1.079143163503757918e+01 -4.905757102717865914e-01 7.017290481101428945e+00
6.371734391535967268e-02 2.145524682408586070e+00 1.003643361288678548e+01
1.000326627891423392e+01 -1.848932988819270484e+00 -4.586101117981214337e+00
-2.335217471065582195e+00 -1.228569854091261249e+01 -1.346797090313255563e+00
-4.588721979323542755e+00 -4.371982594886873130e+00 -4.962108596415140127e+00
2.970712566121054721e+00 -7.590471975136868998e+00 1.898563319386346393e+01
-1.525054802249060515e+01 -2.302502315572678260e+00 -1.271832062586995526e+01
-5.529693949686142140e+00 1.018727731760826500e-03 6.528245786752284729e-02
9.543331185352096346e-01 1.282229706765743593e+01 -1.227437741982162400e+01
2.810290203021433175e+00 -8.868728557888266195e+00 3.844091474796814012e+00
-1.885034021961607564e+01 -6.885703361251931831e+00 -7.502711830382370550e+00
-7.830311667433210943e+00 9.716348275604632434e+00 3.885943714565638807e+00
8.673088711261831563e+00 -1.090582212006647822e+01 -2.541189339908602740e+00
-8.538932237226447342e+00 -2.803694454608433162e+01 -2.283386819345735219e+01
5.023488690726683359e+00 1.061185053161046810e+01 4.857518870894301344e+00
8.616093809217678867e+00 -2.222761232617147087e+01 -2.843891004356526864e+00
2.834959590199353485e+01 -2.892796791155570091e+01 6.817494026911617711e-02
-7.867522675181338521e+00 1.329935617613346999e+01 2.357097608064214711e+01
-1.835223788840278658e+01 -1.843648192360172855e+00 -3.545615462662837114e+00
3.439189987078819843e+00 2.216987823894158893e+01 -3.075980518085441062e+01
-3.463179669573848152e+00 -9.758853920112352753e+00 -8.607674320483688080e-01
1.157178303429786670e+00 6.371400450509995927e+00 3.236036329390703958e+00
1.558530949268362242e+01 -3.611921739861573499e+00 2.641817815139031023e+00
5.212856389902380094e+00 -4.371129677068471331e+00 6.049664900310673943e-01
1.751168406728976734e+01 1.246506799965004397e+01 1.318358507328651896e+01
6.743704046721812895e-02 7.403103968976910032e+00 -4.361530946896216676e+00
1.058441252264456445e+01 1.275330654643018313e+01 6.638933679316560976e-01
-3.811816063866308113e+00 8.957135326271595588e+00 -5.924271038165650261e+00
3.004068751689374395e+01 4.586756248207559850e+01 5.163745164771405172e+01
4.492654770365254180e-01 -5.655292443109301459e+00 -3.339505941853714521e+00
-7.235320172908916270e+00 -1.388670593550615839e+00 1.287392017255872156e+00
-1.390279878724204821e+01 2.795761863559041327e+00 -6.422212091683361379e+00
8.231922209578203253e-02 1.047740178911104181e+01 -8.589569384641134064e+00
-8.992049829029621577e+00 4.360880972649400000e+00 7.635083796851641402e+00
4.124433868109372625e+00 -8.211890681829761007e+00 4.768197837050248467e+00
-9.590944544499453883e+00 -1.010377469113815874e+00 1.459144302918138614e+01
-5.392246670327526026e+00 2.977375026874252040e+00 -6.883763686223669964e+00
-1.376108211650887192e+01 3.764370033595967335e+00 -5.739779219880200678e+00
-9.517556585112281198e+00 -6.290855203580038690e+00 -2.236632736559984735e+01
1.052821849047863090e+01 -1.836717432414030426e+01 1.890823185994787536e+01
4.902730805795702196e+00 -3.144714111935590362e-01 4.849250554523186985e+00
-3.451505844888647978e+00 -8.566446656436234264e+00 1.381061205759400856e+01
1.298606109249675455e+01 2.062867422738106526e+00 5.478743136613670295e+00
-8.103973238982410621e+00 -1.117089505712935882e+01 3.270550555175526952e+00
-5.607742608859590305e+00 1.714946792799997866e+01 2.601470941931524195e+01
1.398903187819665916e+01 8.129618882074275632e+00 2.405388424216719834e+00
5.029274768408848217e+01 -1.938494415294807638e+01 -1.681044281474060398e+01
9.272276438337245352e+00 -3.463565131636857863e+00 6.484344874442245832e+00
1.314020796003254787e+01 -1.107586237646402871e+01 1.655019690232827045e+01
1.493124453460452417e+00 -5.213545594516598491e+00 8.197667198676575895e-01
-1.049080140459171417e+01 1.574397002419723801e+00 -6.177976612431081094e+00
6.942315861789837284e-01 3.370711245416452506e+00 8.610046763420426075e+00
-1.584605957344921912e+01 1.720768201261697383e+00 1.882448951345406840e+01
-1.756622751378681624e+00 -1.100508307838157549e+02 -1.729353660173387937e+02
1.137438257992024226e+01 -1.751628397654538594e+00 -3.145672047188142528e+00
-1.264046012896112847e+00 -2.764411681176621727e+00 1.358479803261934515e+00
-5.550002602482225100e+00 8.732446808498647073e+00 6.921811158515402518e+00
-9.391399859087238511e+00 2.960275943279963684e+00 1.305354517571799322e+00
-2.339681228387465595e+01 -9.443719398515485253e+00 7.906801486644297938e+00
-9.174102086740823836e+00 -1.011915096467284769e+01 -1.691380870243605949e+00
-1.861613340115670567e+01 -3.158530473861081767e+00 3.825511764294672190e+01
-6.418254004968650950e-01 1.590632109578484332e+00 5.002562828867593847e-01
-1.525165164951828300e+00 -2.212683558564860764e-01 5.853591245155127964e+00
-3.169924952087015413e+01 -2.422953653808952268e+01 -1.866238498067088258e+01
-1.025300192537344124e+01 -2.656361705993156264e+01 1.144801385846297315e+01
-4.268592965238818815e-01 4.928604423301877757e-01 -5.348804104130713277e+00
1.088927283012717417e+01 1.613373560802077833e+00 5.785811961321219776e+00
-3.108339188963053701e+01 -3.710429888429588097e+00 3.490030960640862645e+01
1.072966699209135122e+01 9.641587219110386187e+00 7.252220876041106656e+00
2.091833404861941403e+01 3.295930045563927990e+00 3.927155454754464703e+00
-1.130128711520457685e+01 1.682834154402734939e+01 2.798791907354028652e+01
-6.828710629195791637e-02 1.189930522567370375e+01 1.032721411542057766e+01
-4.020629324492691836e+00 4.194078544854344059e+00 8.578220932192303749e+00
-7.875986728119128699e+00 -2.176279956144712369e+00 -4.037727348958082985e+01
1.027955267392321836e+01 -1.515161240968146394e+01 -4.105824707632652615e-01
9.548136936381256490e+00 -4.369722768820537340e+00 -1.664431060666266049e+01
-1.294351427382867570e+01 -1.686476218726989629e+01 -4.067977906051518033e+01
-1.372183112354482315e+00 -4.829846749482450186e+00 5.028036471078418224e+00
-1.988086268950376834e+01 1.172034112198181255e+01 2.808133790671767382e+00
2.230352111307425389e-01 -4.801305438933325398e+00 -7.673680338907631793e+00
5.737339354553927073e+00 8.766402301656061269e+00 1.495787549843984010e+01
4.270199304258508910e+00 -1.535705264054511243e+00 -1.273381306002430824e+00
-1.386932477393821017e+01 -4.292255778497178653e+00 -4.591957695851601073e+00
3.959588391480698188e+00 1.294750368785853478e+00 1.964691990321609349e+00
5.734878202580737661e-01 6.905419360171558552e+00 -6.616711691712643395e-01
-1.530435371302764080e+00 -2.933183496891291853e+01 -4.135763959825116132e+01
8.165552128787984643e+00 -1.089342075237424012e+01 3.123910562041160244e+00
-1.734920257017120493e+00 4.411864267712318544e+00 4.003053959268551010e-01
-1.361271127889178345e+01 1.870818179756569677e+01 -5.294644316332782097e+01
1.548810423483808307e+01 2.186597482658824276e+01 1.602343890874161403e+00
-4.053825386704390965e+00 -6.956210732655466522e+00 -4.494163213844492688e+00
4.065423340595537383e+01 1.563728573482436346e+01 -3.684134972713227540e+01
2.960425064690004771e+00 6.271279685329782083e+00 2.232050875029033321e+00
1.140820680421636624e+01 6.342592292958068256e+00 1.479626461756868316e+01
-2.224133107524734143e+01 -2.013710126641730724e+01 1.113737045449245233e+00
-4.548024326581474597e+00 -1.260733165578909132e+00 7.170422288296598445e+00
1.394843175650068545e+01 4.563274678241919347e+00 -6.442200973692470356e+00
-2.850935859932205219e+00 9.660022389176076141e-01 9.853997175089595828e+00
7.678094573216414531e+00 -1.356711188176634941e+01 -4.851666833357812791e+00
7.537685188054495278e+00 -9.185027546454893610e+00 5.558493190897499048e+00
4.984845043283345234e+01 4.500657234804562279e+01 3.450659791786197417e+01
1.724461399669391382e+00 -2.835531595281151507e+00 -1.064897466882232457e+01
-9.282414948512849762e+00 6.559628361629717297e+00 -1.737217726972720255e+00
-4.208588955200878168e+00 -6.181407979904397720e+00 -2.026866793104940712e+01
4.099396709589753662e+00 4.930024474807305879e+00 -5.744991996504698051e+00
-1.575258479479488161e+00 1.127189693783932789e+01 -3.407795492193352871e+00
-1.277890677312359946e+00 2.813047612153404042e+00 2.997483830585847553e+00
1.079179343760718091e+01 -2.396434253891616351e+00 3.976446165285063117e+00
-6.350041235499691794e+00 2.010062038357592229e+01 2.386841384446904968e+01
-7.590274704514842874e+00 -7.309372757859354586e+00 -8.523107214694537248e+00
3.452854391951737512e+01 7.705499091395417111e+00 -2.321264093986434318e+01
-3.449048942939221973e+01 2.556040031840153048e+01 1.054254717563419774e+01
5.958990951708645900e-01 -3.101790664688934829e+00 1.394501668445317399e+01
1.243987751827416233e+01 2.421701754378910554e+00 1.883584407401360863e-02
-5.731091966011343963e+00 -8.748463358543274282e+00 -1.118867286536627326e+01
2.532057889632951753e+00 1.223980855792769518e+01 2.934403010686895130e-01
1.416153302401420566e+00 -7.888310904098567278e+00 -3.157873877332586687e+01
2.896486170153981909e+00 -1.716787310284229484e+00 1.261019279167658169e+01
4.833868951584441298e+00 1.398699687646602241e+00 5.498377974256651868e+00
-2.248804815269088930e+00 2.087965867664811181e+00 -1.668749232225581192e-01
-2.650003620868549348e+00 4.280183589673575817e+00 -1.610043436302498687e+00
1.042685114855255790e+01 -2.672659091050101576e+00 -3.900975674572563445e+00
1.830793584262542240e+01 1.408715751066053379e+01 7.667365136855496033e+00
5.547470921107622743e+00 -7.800644077837245227e+00 1.738133072096208043e+00
1.591067121298594067e+00 -5.059406523776603493e+00 9.359251321567872706e-02
-1.964201928409159237e+01 -3.535017206583028204e-01 -6.615785541788782531e+00
-1.442911350285927430e+00 -9.386743398699408658e+00 -1.152514969315411797e+01
4.984018605951399117e+00 1.312354839134419304e+00 1.586743209070637262e+00
-2.342687706653971347e+01 7.500269067082226293e+00 2.047043761833263087e+00
6.189797001359228501e-01 -1.581972103190486534e-01 1.629565475006429454e+00
1.714217212968033266e+01 1.642478400635742242e+00 -1.771434853826248768e+00
-8.537187411123978720e+00 -4.192447100246795344e+00 1.347259955212981453e+01
-1.729199082077615657e+01 -1.134308453938471750e+01 -9.154065964934998689e+00
-5.379211326625251388e+01 -8.959360905758490645e+00 6.774610503608164969e-01
3.428868736488150493e+00 -6.588492202609399051e+00 1.889791683706350645e+00
5.759336338328784777e+00 9.960675428272896426e+00 -9.092906470959238874e+00
-9.646404544059885211e+01 8.026229239288639405e+01 8.924097174518368547e+01
2.053791586476871878e+00 -1.233570914227827942e+01 2.343667510409841004e+00
-5.665134494327967118e+00 -5.061483884248845655e+00 -2.093499013710712564e+00
3.882447492701330383e+00 5.225315548771524377e+00 6.021724183663664576e+00
9.738109553639493043e+00 2.144890257897129171e+00 -4.726634848600693495e+00
5.002899600076557540e+00 -3.104107204358164562e+00 -4.809016450718328173e+00
-2.067220586908073976e+00 5.641774198419658326e+00 3.377237460001368596e+00
-2.011198389892067784e+00 -7.628952849879691023e+00 7.456465967267724260e+00
-4.587295439365901117e+00 -9.964957720290771315e-01 7.177563185907929189e+00
5.565542993651515502e+00 1.194391592182171635e+01 -2.522826102966368111e+00
4.218919151766127840e+01 6.699257029575076849e+00 3.989047590508311458e+01
-1.786465696914098622e+00 2.259113459886524122e+00 -2.970302264651191404e+00
6.361994865312481373e+00 6.987159465405495595e+00 5.735307783859711073e+00
1.740901175342130180e+00 2.111373602852317788e+00 -2.005732975337162571e+01
8.764204827678033993e+00 -8.053495783810987518e+00 -3.628215441594702551e+00
-2.959076852489864518e+00 6.320938863376978079e-01 -3.043140064758392160e+00
4.975446538798695251e+00 1.376320954493092004e-02 -8.220647999808788242e+00
-1.428043919428587571e+01 1.085875615528205351e+01 9.729275581590446365e+00
4.964570353064280184e+00 1.583511058397972704e+01 -6.821191198112998677e+00
4.759169188387052607e+00 -6.526175311049170480e-01 -8.748787369170253569e+00
3.851585767272110417e+01 -2.330518123265438746e+01 1.651710662287155529e+01
-3.856685532720002918e+00 5.982918457453115124e+00 -1.489389129380106169e+01
2.397109982438884845e+00 1.930271910079440323e+00 -8.494834597057401737e+00
-1.253401134874183143e+01 1.489623631929626590e+01 -1.770527787165333677e+01
5.177119420057938903e+00 -8.130875660699763419e-01 1.849205715838509123e+00
1.119078915211515124e+01 4.542022696326883491e+00 7.018808639848088227e+00
-5.439350722293445628e+00 6.508196570467705833e+00 2.772826323369716128e+00
-3.648717210537903544e+00 -1.380678470411571901e+01 1.168138214512152828e+01
2.032438746113843919e+01 1.398016171918409079e+01 -3.055009707163712207e+01
-1.632322406464864883e+01 -4.278807941557750683e-01 -8.276581266773864742e-01
2.357363957766014373e+00 6.998860747339429089e+00 -6.261267374277545095e+00
-6.829311710227663923e+00 9.946319763734932096e+00 -8.368516671704430365e+00
2.459975145160895238e+01 -2.359402076610316534e+00 -1.224620711885216018e+01
9.469580572448705880e-01 -3.952230547142496331e+00 -5.031412418842023726e+00
-1.452356941421002468e+00 -8.304186373040717939e+00 8.047223469980208321e+00
1.802531913872366331e+01 2.969748021362706325e+00 -1.548043989717520774e-01
-6.783629413962737331e-01 3.420906783941224383e+00 1.867404969993264219e+00
1.154796697844582720e+00 6.442978853996887523e+00 5.517284915664748546e+00
3.219950730299733266e+01 -1.845776960962339075e+01 2.754790724726196771e+01
1.447150630188847664e+01 -1.004355785241243382e+01 -9.055880487593984896e+00
-1.098419919153933222e+01 -2.250625083549142857e+01 -7.300052544382380937e+00
5.692483461637751901e-02 -1.987800389141575863e+00 2.555909166671661570e+00
4.794292775411700624e+00 -4.628122484986208818e+00 -1.045983692141009769e+01
6.686311001319959757e-02 1.007780933097850440e+00 -4.831642903722335625e+00
-6.131414783705590565e+00 6.360074563705484962e+00 3.936134584671409975e+00
1.050272875717385013e+01 7.460050518296854172e+00 -1.470045002281931268e+01
4.232942174233822463e+00 1.063340288851775739e+01 5.661601683770795646e+00
1.553727400837044526e+00 -1.983596739981823731e+01 9.087714739846873613e+00
5.511159361908296361e+00 -3.341330414062795295e-01 -8.122687598565931921e+00
6.237136673174424217e+00 -4.799997031155205818e+00 5.144204506602897631e+00
-8.562529152071974181e+00 3.530872652624296837e+00 7.828345559277146926e+00
9.006678980118579148e+00 1.270390245734294155e+00 -1.137976037678556818e+00
-6.752224290090399705e+00 4.535730299750482253e+00 4.433639339137894098e+01
-5.426969889537589964e+00 -1.042116753958177572e-01 2.254912495010470974e-01
8.778541517624232071e+00 -3.196233599714071172e+00 -9.498288479121824723e-01
-1.473905706261909643e+00 2.191846835851765007e+01 -9.970216535783762879e+00
2.397067903345379136e+01 3.311773985548878585e+01 -3.666960057433744424e+01
-6.742941868248850668e+00 -7.631447083195481262e+00 6.126893035839345636e+00
-6.071275893885588637e+00 6.102965530953946560e-01 9.174884879287485973e+00
-4.222429027390030676e+00 -1.032681251009885726e+00 5.220170856041860930e+00
3.359380479473952796e+00 1.812754946858844818e+01 -1.933671502781567497e+01
-3.091611919237395867e+01 9.407562988094365863e+00 -1.926839263141944514e+01
-6.557036741338730046e+00 3.397227318127632234e+00 2.524272320435482442e+00
3.714574646898562982e-01 7.402862040505111096e+00 1.845487604971593809e+00
2.852162389202526072e+00 -8.025165066537127245e+00 -6.060608091808171727e-01
-3.421580497116654129e+00 -7.427044896588957279e+00 9.840924232966935747e+00
1.138177571715885072e+01 3.203576785751338196e+00 1.184418581149734528e+00
-4.830078797306460281e+00 -3.201292669180634487e+00 5.029428669516539330e+00
5.733104498500920521e+00 -1.009961423160472016e+01 -1.275300116194013844e+00
-8.749360961673689374e+00 -6.369862433586792605e+00 -1.010270198202079150e+01
-7.352149256844661807e+00 -3.066440025239453604e+01 1.381103981734448816e+01
-7.340551647193128915e+00 1.629545271789509897e+01 -8.973916391165351669e+00
3.672025882555798404e+01 -2.087580901932586741e+01 -3.530068553340619253e-02
-7.175335480449050785e+00 -1.713368795443436099e+01 -6.184186284396443467e-01
6.815694327836266941e-01 -1.622901179415664030e+00 1.953870305295209997e+00
2.655770930635562621e+01 2.369974334600763299e+01 2.767229632621892321e+01
-2.031533299595140729e+00 1.279431176903528034e+01 4.027133611454035034e+00
-1.301723635399670442e+01 -5.524777845581258617e+00 -6.471086987103901178e-01
-1.100850013433162822e+01 -2.775478803633329328e+00 -1.370805435458716737e+01
5.455278041849836335e+00 4.897566974711020649e-01 -6.817659605639549980e+00
-2.936706199401871165e-01 -9.794252528179899775e-01 3.246129356179939585e+00
1.418673459941356718e+01 4.473670592960257153e+00 5.483829724575445042e+00
-3.238355796014572019e-01 -6.822728564224856740e+00 -4.322945765700262899e-01
3.623951475782419163e+00 -1.423799846108804834e+00 -3.966136942042451707e+00
-1.910010120302267911e+00 2.851884143521888682e+00 5.172340737096926544e-01
8.705958100961632695e+00 4.952087525109203914e-01 1.710511749116930602e+01
3.091021000486923853e+01 4.683252725291338692e+01 -2.138413718836746824e+01
-4.294155854637184966e+00 -1.482667477555748237e+00 -2.561364157908106787e+00
-8.075867279414472577e+00 -3.742771115843992469e+00 -5.399630232682507192e+00
-8.565442202679801609e-01 8.795327018609919278e+00 1.080513081756346860e+00
-3.166755612074528603e+00 7.351718500318548344e+00 3.266390419234324050e-01
4.119305571756830098e+00 -7.061127302371015269e+00 -3.301582682467623986e+00
1.055107120299992735e-01 1.932441793881013448e+00 3.153818854155237550e-01
4.236879542759851347e+00 -3.715139466520668510e+00 -1.260112255458616559e+01
-2.639855492019442096e+01 -2.226723912217297041e+01 6.691826714773918994e+00
-2.128578273959691813e+01 3.169807630896635864e+00 -3.887749209218274871e+01
3.272953220589720491e+00 -1.847951452097180436e+01 -8.026358511314665378e+00
-2.150191346435489592e+00 -8.816524198723469041e+00 6.589138391387307614e+00
3.979052176913497885e+00 7.037927066830239831e+00 5.801733846303186226e+00
-1.177019816607552194e+01 6.845649646523797927e+00 -9.805739765671079855e-01
-6.340995715527727228e+00 2.362955753258342284e+01 2.870839270902737894e+01
1.223568587314228218e+01 1.550025007029456603e+01 3.653664068010089139e+00
1.242893249810436973e-01 -2.204793295881255588e+01 -7.606555215176535434e+00
5.989908322153136844e+00 3.483019860100985188e+00 -2.556602789449070823e+00
-2.024433060146194396e+00 -3.920262550028479787e+00 3.150793163436600430e+00
-1.462684192132044458e+01 8.825350170867837463e+00 -2.592208077177337699e+00
3.296860855219164055e+00 -2.514186029527608390e+00 1.393658381673733571e+00
2.307688846699263330e+00 -1.379371736500535839e+01 1.238219226616434376e+01
-1.581301787713617024e+01 -3.818221393948546538e+00 -1.912245894430013804e+00
-3.814381635089220124e-01 2.338358229558790136e-01 1.338022755534320218e+01
-9.908195161953788244e+00 3.441910910785344058e+00 2.484220413967218821e+00
-8.895763277531421043e-01 -1.835470606479230682e+01 -2.652308011078153616e+00
9.435740463087750385e+00 -4.620508141973273197e+00 2.718506436383593794e+00
2.012819269755729934e+01 3.000665586699803811e+01 2.196935780001552274e+01
1.328136754632176064e+00 -1.600852386655717652e+01 1.259777589612118165e+00
2.028851953490505622e+00 -2.507547198876612704e+00 -1.016692504002305979e-02
-6.133916744055124326e+00 3.705143134342759481e+01 -5.773314412243878024e+01
-6.971506303970973484e+00 -1.643249360076730836e+00 -3.345070999799233391e+00
-1.050274440972498624e+01 4.926767532503441571e-01 4.809774929723102055e+00
2.563178675220425085e+00 1.911148406514374187e+01 5.856658163944326034e+00
-1.045965763572610818e+01 1.072980221995646666e+01 -6.925042366470030686e+00
-1.942498625833034842e-01 1.246356316502032158e+00 6.455381831931259029e+00
2.173335694601540879e+01 4.757071879301401296e+00 -1.297933644083237326e+01
-3.929010398978217466e+00 1.559222200038906436e+00 1.084242635135454513e+01
1.199411849966316446e+00 -1.232887432443938724e+00 5.333956879871188939e+00
-9.856344573053734237e+00 -7.295574595618219860e+00 -4.377738157992443035e+00
5.565495768609163285e+00 2.757499463456994704e+00 7.705198638847201131e+00
7.950563721613951529e+00 -7.106654886148425776e-01 -3.795731012628829948e+00
5.874738508490075617e+00 -1.596373193356257936e+01 2.573055966511017978e+00
-1.028627415914774978e+01 1.898855549109284624e+01 1.090086645144157274e+01
-6.305345233909677916e+01 4.047723550911593549e+01 1.122243965369595031e+01
5.844035889833314457e+00 9.162416102708281773e-01 -2.227434576563314295e+01
3.889472941586763266e+00 -7.967406485399529892e+00 8.903098956002921227e+00
-1.488845020687280307e+00 -2.167192259408573296e+00 1.793170590640436934e+00
-3.187000039879813951e+00 -6.224476867505542188e+00 -6.391189417702641151e+00
1.733575995522683044e+01 4.670907612698899314e+00 1.062997506663865277e+00
1.934445125115889041e+01 -5.330904430506153702e+00 2.013252704799394888e+00
-5.529690471607151103e+00 -7.699139448163935029e+00 9.250717985883836647e+00
-1.212312127529291317e+01 1.017885887259386379e+01 -2.844180994997675072e+00
-4.286273198850544475e+00 2.540022743284150675e+00 -1.391909314898341599e+01
2.369966689854305031e+00 1.433084660082970530e+01 -2.730231798955772504e+01
-5.537526993237437267e+01 -5.954582656674575958e+01 7.909143519332988426e+00
-3.311754514723090637e+01 -3.239177341609459404e+01 -1.206176027507173742e+01
-3.854568161963487682e+01 1.024521636999585894e+01 3.184925236551239713e+00
4.173819726844038236e+00 7.507272506926635280e+00 -4.851024567132861343e+00
7.571031715768946624e-01 -2.372989579190047493e+00 1.832068389614031290e+00
3.720138574829819689e+00 -1.343717656377049430e+00 2.961781235110318988e+00
6.763866229429919663e+00 1.932966721233572827e+00 -6.112479685738709811e+00
7.960558201322530003e+00 3.175821407715206490e+00 -1.231097526397237552e+01
1.932298958591663673e+00 -3.860051018978072790e+00 -6.025353705286448758e+00
-1.415077518962823300e+00 5.758533987476699423e+00 1.176080178587373570e+00
1.931508341960194386e+01 4.624530989832762451e+00 3.031676177866197364e+00
5.296916395017459145e-01 -7.574475411119312440e+00 1.295772929281751829e+01
3.971524949349117151e+00 -3.090182323966098377e+00 3.503938237849981263e+00
-1.800251096983664212e+01 -6.416585109626542494e-01 1.342104984354880592e+01
1.402143349077493539e+01 -1.345251376126643139e+00 5.513403272286838686e+00
4.370204691034136779e+00 6.470362375533304622e+00 9.429360862503581853e-01
-2.179041472353250297e-01 3.100067322943305825e+01 2.345308096559332611e+01
1.290915663874202401e+01 -9.321092383391168523e-01 -1.801775329210348664e+00
5.212706980653095679e-01 5.274368890175933355e-01 -3.561949684314084763e+00
3.186065689415932045e+00 1.180060366421731466e+01 1.685935160774504560e+00
9.414812260518448994e+00 -6.730656707078640721e+00 1.425672659019143573e+01
-2.846702409506334241e+00 1.548553642137656006e+00 1.184723815636023803e+00
9.372993268742670026e+00 1.395411471418014582e+00 -3.899187110670006007e+00
-2.214779480320016702e+01 -7.680884833371059983e+00 -1.061416510851195927e+00
-2.824827253450600040e+01 1.958302499889773562e+00 -1.814635573515561928e+00
8.657243172911622153e+00 6.138034843373341154e+00 -2.792815122182976229e+00
2.849814308813986941e+01 -3.076515266825040484e+01 1.278439452067029336e+01
-5.585214720969229774e+00 -1.090770350171051817e+01 1.157202872352021750e+01
1.219009492489020552e+01 -3.407688446845406283e+00 -2.453095055569823302e+01
1.288106652889146986e+01 -1.295589084807946989e+01 3.514879284254590619e+00
4.242129701002500042e+01 -3.161801632552567298e+01 1.567493408245369535e-01
8.092795619285803710e+00 1.657907721435158521e+01 -4.835944981588645497e+00
6.532032387426116582e-01 -6.611809369799600766e+00 -5.283503890524923641e+00
-2.098189670428619635e+01 1.718016429186515026e+01 5.920179665769083499e+00
-6.880383902043486266e+00 7.384823025691670040e+00 -8.867235674493694209e-01
-3.312910926671803225e+01 -3.026966863191820067e+01 2.394713075908384070e+01
3.263541557069768118e+00 -1.842982873500820240e+00 1.254493364661221477e+01
5.062847524686697298e+00 3.664395565529596777e+00 2.066892437930728121e+01
8.210809268447109233e+00 -1.295556081318480679e+01 6.189812897226676824e+00
-2.625078348623023361e-01 8.625126213192377378e+00 -8.286105695998728038e+00
-7.289294769001197771e-01 -7.442735425498521629e+00 2.491914367469241398e+01
-3.276789846262777139e+00 -3.937055522116274520e-01 1.806352794957628349e+00
-8.719625839303164483e+00 -1.592853960362405452e+01 -1.462041920833742559e+01
5.548709915772800372e-01 4.481555229854946809e+00 1.094611860908139533e+01
-6.581383029925324202e+00 6.632416020330665241e+00 -1.698382646256197059e+00
-3.367411315045500952e-01 6.178146783397274078e+00 1.237785783595346079e+00
-3.284446634001043641e+00 -1.793565022815890941e+01 -3.664720217759287024e+00
3.230434358709088016e+00 4.226771063518374838e+00 7.566914757707288608e+00
5.811887532318468885e+00 1.371506286161310095e+00 -5.115454286930620320e+00
-9.696898152203850429e+00 3.126216607520240842e+01 1.389275238810937019e+01
1.060585746399597014e+02 -2.470310255392056931e+01 1.878374997498724719e+00
7.664049215251860403e+01 -1.834624826407174680e+01 4.933893970575240218e+01
-7.905744184403832975e+00 1.668250936880714130e-01 2.561823938683456259e+00
1.365664401511839765e+00 4.436432026797731965e+01 -9.549137143580722409e+00
1.640761436862107914e+01 1.396525621510947417e+02 -9.242133840684587653e+01
1.574542468870774137e+01 5.326436006078740348e+01 -8.227832197642856116e+00
5.136001534572018024e+00 -8.340809223633078417e+00 -2.563612927638784900e+00
-7.016326490695542262e+00 2.152486590509854469e+00 1.409088097765881642e+01
-6.227239733517187403e+00 -3.492434738576064568e-01 -9.875874573561976177e+00
-1.535576332738578742e+01 -5.908758308591306019e+00 1.226106830209892173e+01
2.521320335666739521e+00 1.975425893389159748e+00 7.974356108484503824e-01
-3.052635526965747026e+00 6.935589607578762639e-01 3.509040906284860650e+00
3.097231363715054808e+00 1.376885743371625104e+01 8.129316597089212948e+00
-1.597893609054390485e-01 -6.430144139745549658e+00 -3.742442209672721010e+00
-4.764730009974550429e-01 -2.898622573755316179e+00 8.995636187940400319e+00
2.265437254600350414e+01 -1.507799140537047755e+01 -3.129793721647570592e+01
8.056787973335520769e-01 -7.159084097359774468e+00 5.860476312551808675e+00
6.080843007860674554e-01 -1.955028061294372232e+00 4.533233786817113753e+00
3.508927223391136607e+01 -3.533594701225352708e+01 -1.771616633762651460e+01
4.012150043447695325e+00 -3.047847174047289442e+00 7.509664451188558409e+00
-3.608511977718533270e+00 1.356840160343685575e+01 2.427962549410747517e+00
-3.145548755667472829e+00 8.468577585808318986e+00 2.144396661383045632e+00
-1.347487152909705621e+01 -8.626831752314316759e-01 4.386142791406862251e+00
1.040449572743796303e+01 6.191358044920829862e+00 4.771954318079141721e+00
1.844111167424631503e+01 -2.100935849676902611e-01 7.247382500824668838e+00
-7.106465599599427474e-01 -2.176948990679173246e+00 5.768679031902022025e+00
3.252616045348262763e-01 -8.165554891806008353e-01 -1.118801266814694806e+01
-1.302510988402410641e+00 3.319639945206866116e+00 2.951834771563222048e+01
-6.036261038644241239e+00 1.253328581476280590e+01 2.865560889494954466e+00
-4.987007998359573868e+00 5.120981993235560914e+00 8.643522426335319420e-01
5.578494944085361062e+00 1.836679691912512347e+00 1.764474937588880410e+00
-5.792369556921439511e+00 6.388495385510488234e+01 6.351014277162325783e+01
3.485501401217413697e+00 1.608484166539479787e+01 -4.450349954060129676e+00
1.451391260143671502e+01 -1.081936868956686476e-01 5.916295783670811659e+00
-4.337898113959906432e+00 2.823811682536889478e+01 -1.057233367287906312e+01
-3.171855910645493992e+00 1.036900792459121590e+01 2.366126592969824749e+00
2.787484484219569847e+00 -5.518512204628684970e+00 1.516249927152420796e+01
-6.581053606895908459e+00 1.035322302096521341e+01 1.843307647177172326e+00
1.064172932049976161e+01 1.745352664766000261e+00 1.092229109694075539e+01
-2.478938780218908899e-01 3.117481953813427964e-01 -4.757695033787483929e+00
1.630265097053771228e+01 -1.987310014699132665e+01 -3.169992857185659485e-01
-2.598228316220176382e+01 -2.038823192941725893e+01 -7.956789473835712556e+00
-5.813918269010819984e+00 -5.255224870676917348e+00 -2.618463358745450886e-01
1.081151604768947294e+01 2.836999487921115559e+00 -5.627725003961357331e+00
-5.369073990371329153e+00 9.018867318738303496e+00 6.537313015177828923e+00
1.788051627320309933e+01 -3.345081392928678010e+00 -1.348226875478943043e+01
1.824009338004221270e+00 7.204897996819395800e+00 -6.420755661072985454e-01
-5.425984939350521508e+00 4.103454475263616175e+00 7.675992808434176418e+00
-6.828037013388678744e+00 -2.156547732914689597e+00 -3.964854518691989238e-01
-2.086670529885065406e+00 1.294955791932413369e+01 -4.907396373775669840e-01
3.230280619157331046e+01 4.106291632703106487e+00 2.204589936477066470e+00
1.798770513198040488e+00 -1.639032950480259387e+01 -8.431711388530626072e-01
-8.770410400821631924e+00 1.472830362994413456e+01 -3.531745828674339172e-01
-2.582721020346500040e+01 1.791709008779618628e+01 2.496441934258316664e+01
-2.964286173044038630e+00 1.759951368685653383e+00 -3.360916855677751780e+00
8.620343646587594222e+00 -1.446428445576437660e+01 -5.549780154300846036e+00
1.560040000509504843e+01 -5.537167113820514963e+00 1.272929884090491015e+01
1.863493530903484441e+01 9.220514946122186473e+00 2.865806618882389412e+00
-1.118165781374258572e+01 2.958931951888901235e+00 2.562727023512772817e+00
6.469452523528698151e-01 -3.573488683169168123e+00 -6.300313443757792342e+00
-1.132863222635967171e+00 -7.454188504171045393e-01 -4.904730315411272024e+00
1.326714030424732904e+01 -9.104345111836517290e+00 2.394899131833276407e+00
-6.046560876790972650e+00 2.320745921231895714e+00 1.991774210269432643e+01
5.334554951769376885e+00 3.843779252306614769e+00 8.638277235586279801e+00
-3.431589431118484829e-02 -1.232885376210042905e+00 -1.149568431423609427e+00
4.252770683146538389e+00 -5.053180239950137320e+00 -1.421762323647701276e+00
1.093000812160278912e+01 3.849925343387146981e+00 -2.083643517365900877e+01
-1.318624317779080179e+01 -4.285865712209050216e+00 -2.964734704021873668e+01
1.102026415551579541e+00 6.733380837499832516e+00 -5.649759286845588591e+00
-3.521656242301894668e+00 -4.322134036981992722e+00 -8.196257609947302569e+00
-6.443626848247363981e+00 3.009452393461295450e-01 5.360312156518084237e+00
3.364342163948963460e+00 3.421500686592314544e+00 -5.519800812476685969e+00
5.871630691854465844e+00 -5.709316669031015756e+00 -2.140584473362071360e+00
2.492891346212942949e+00 2.061487678215787600e+00 7.971489018204843902e+00
4.884953743579780294e+00 -1.496145634300197536e+01 -2.254628556441442111e+00
-1.292345716438618730e+01 2.270185443447600804e+01 2.927638256300175357e+01
-5.756229954645958102e+00 -3.028390413928433222e+00 8.874157371178469589e+00
4.106646920592280203e+00 -1.131904387025346681e+00 -2.508731423163786722e+00
1.802310826110801756e+01 -2.429634309379505197e+01 -3.516431132132141535e+00
-4.028256839279602985e+00 -8.571988436432659952e+00 -3.192114612733452095e+00
-8.091288402029123361e+00 -1.293661983452869357e+01 -7.961027998537075767e+00
5.643605118231027618e+00 9.092606555026216952e+00 9.354574743134135062e+00
-1.291142735096040939e+00 4.419995873760814931e+00 1.067504976577788689e+01
-5.221467110682755042e+00 3.190961178672785170e+00 2.074956719656468884e+00
-1.723429939378031861e+01 -1.110558271046329715e+01 1.124812933344576926e+01
-4.627083872676899468e+00 1.220196581613294384e+01 -2.894012128618955959e+00
2.226711899376278225e+01 1.574998068674688589e+01 -3.587219871778562208e+01
-5.237607463059102963e-01 1.949540032382497046e+01 2.357344029397278717e+00
-1.373592154589286407e+00 -7.550357489770832764e+00 3.914219465857862623e+00
-3.993332684272577371e+00 -7.196974651390729560e-01 -8.406934498847344894e-01
-2.166315487816355301e+00 -4.350099140820400834e+00 -1.400793340996378422e+00
2.277452804443436918e+01 6.678782795983990717e+00 -4.591200395265376599e+00
-6.423582964718408839e+00 -1.686279827492278116e+00 -4.556632049416919905e+00
6.290318353826536146e-01 1.054115094823822218e+01 2.560769389838559817e+01
4.120447760169748896e+00 -1.141451315592115989e+01 2.966565180769372478e+00
-8.140917150590150086e+00 1.018096680266027398e+01 -1.479124284167080283e+01
-5.660140913294284815e+00 -1.812027471959822122e+01 -1.706791793775819244e+01
3.413415114431043396e+00 -1.280352963972872082e+01 -8.807716235223038481e+00
3.346333827766031277e+01 2.601503573810903092e+01 -1.870801071217678668e+01
-2.220419093310212588e+00 9.231273516042890037e+00 7.175521604109444063e+00
-9.923756971111854952e+00 1.711087172205077112e+00 -1.449593817310424582e+00
-4.348804675788328078e-01 1.539020385195039697e+00 -9.982168872578963459e+00
3.135745333256212852e+00 4.929880035291678730e+00 2.631146083291619675e+01
-1.902953589208307150e+00 7.116106171553781001e-01 3.013731882112289817e+00
3.954102716575407239e+00 -2.242311164371819032e+01 4.341078107113593987e+00
-8.864199392231570940e+00 -1.223143871585010167e+01 -1.633018540538268226e+01
-1.109495037409112150e+00 -5.209926702187895664e+00 1.717212429243365079e+01
-1.156688285049681753e+01 -2.983860660637783369e+01 -1.126755853203802538e+01
1.393470705989952307e+01 7.945267445614645929e+00 1.279332984909624571e+01
-5.379043040820825183e+00 5.949777657613703141e+00 1.725816980004695633e+00
5.201346017419080425e+00 7.446669755940647839e+00 1.209976304236920441e+01
-1.841309772981263748e+00 9.391093218928496356e+00 -5.141087337951190328e+00
3.281290263402123930e+00 2.295868413533591390e+00 7.888346593820796948e-02
-3.433709987126689178e+00 -7.765791296601472382e+00 4.190517051372283142e+00
-3.187915444932769571e+00 2.938233037826563088e+00 4.062944416514305601e+00
-5.307046226548464141e+00 3.924309551648931471e+00 -3.310458684507846527e+00
-1.181780650721708170e+01 -2.786092930840724691e+01 -1.688750630288213372e+01
3.445449266414073719e+01 2.218744923294116234e+01 -4.193262980704884768e+01
4.092909137172756395e+00 9.096659081738311059e+00 5.407016881027426614e+00
-9.655789704263946227e-01 4.291614720718952114e+00 -1.840484135774385299e+00
-1.539680319427132993e+01 -3.406868801695584370e+00 1.273180494110944494e+01
6.823812912306738809e+00 -1.205246766611754172e-01 1.428609542768917073e+01
-4.462801315341460295e+00 4.120431823575239960e+00 1.949822676295108748e+00
1.066643848228043590e+00 -3.783799951868369149e+00 -7.763092401459347203e-01
-1.074081805888909669e+00 3.929683816460416068e+01 3.522931388374511918e+00
5.731887043805502735e+00 5.925627672358290132e-01 -6.472044056048076754e+00
-3.784271884730409852e+01 -8.049822209554700692e+01 6.854870876410667790e+01
1.060334519383831342e+01 -5.359947777769753507e+00 -3.319680186649232589e-01
-2.302578688768379234e+00 1.026442646784646584e+01 -7.644174670990053322e+00
1.824021911767058191e+00 7.980172791434201329e+00 -8.407266151186210124e+00
3.676544245643692932e+01 3.754472565919274984e+01 -2.145189459562431455e+00
-7.054493751574897331e+00 -1.026873271302227997e-01 3.913806365819127997e+00
3.697389911178275312e+00 1.949201613058658467e+00 2.463744576077990356e+00
-2.308682217593517993e+00 -3.652883537874001441e+00 -1.103507904503503889e+00
-6.341222891895200497e+00 5.173888967592024102e-01 -8.948705086489505689e+00
9.526620770512067793e+00 -2.329488419132470511e+00 2.920115018304065835e+00
-1.207705038680891629e+00 -2.801262096573656990e+00 9.979508403658053695e+00
6.323965394671680507e+00 -1.900497455865941632e+01 1.666972167458035559e+00
1.005781742839843851e+01 1.218410111156603115e+01 -1.750577420825899821e+01
-9.608888694365131045e+00 3.580563292538684550e+00 4.534275672820024639e+00
8.552563393362282440e-01 1.119652143310719694e+01 -5.865209915422031628e+00
2.357430533223557845e+01 -2.932975834531053927e+00 5.205754939604351428e+00
2.257121422227607965e+01 1.428843301726918646e+00 1.058459242221398533e+01
-1.458969865555912371e+01 7.624139942653265223e-01 -7.213505353144499921e+00
-5.783912224650132217e+00 -1.400888589373483661e+01 -9.488623895832763111e+00
1.818569638211862838e+01 1.118028608553229297e+01 1.634585507263343063e+00
-5.391498621082351228e+00 5.352941653235344432e+00 1.032713476752125814e+01
-1.768060299138402058e+01 8.434020050225432996e+00 1.637107594024093515e+01
-6.712880534748106420e+00 2.340250801939564251e+00 -7.383233780432940208e+00
-1.115572491943122468e+00 -2.860540766607526653e+00 1.233511256689498320e-01
-8.920403035640189771e+00 4.943576184721707456e+00 -1.402162591143239467e+01
3.124382566827885288e+00 2.374536515189843211e+00 -1.343954286477815607e+01
1.400763910222951836e+01 9.401654545728893808e+00 -2.429783254195769615e+01
-7.500075703556954743e+00 -5.942445378381870036e+00 1.193609813031968692e+01
-4.572017620576414032e+00 3.969291583147211533e+00 5.824143619061609201e+01
-9.815242205115348284e+00 -2.916141958316579963e+00 -1.445961730467655215e+01
1.698258294284749326e+01 -5.293162246314744301e+00 -7.525248835536011427e+00
4.568114260128848525e-02 1.148043041206447734e+00 9.764097187730292893e-01
1.999398929895350818e+01 1.859171873642804673e+00 4.255292178386351765e+00
-9.892530119471972583e+00 3.993430080984211039e-01 1.725089273427932390e+00
-3.684706308368579375e+00 -2.343210632946570282e+00 -3.987074122411802701e+00
6.527791221623756579e-01 8.401002494821051769e+00 5.232345687984778948e+00
-5.602457708401299641e+00 -4.788941728670581988e+00 -4.350278640627646354e+00
-8.280073299738756276e+00 1.011472030738775452e+01 -6.023405547439728558e+00
8.943049535301875963e+00 -3.724972458458831515e+00 4.255871667014313964e+00
1.313647443276926019e+01 1.282503713789651778e+00 -4.600524317710534383e+00
-2.905827092151101354e+01 2.137291842453143076e+00 -1.059939969063987419e+01
-5.307675402420366062e+00 -1.750572399021257608e+00 -1.722050929735653879e+00
1.189901561475351066e+01 -9.597459869133599941e-01 6.705591066381877852e+00
-1.722326383972993424e+00 -2.993054181661828128e+00 -1.384568020868402272e+01
2.051586329390052654e+01 -1.258198429425537945e+01 -6.932281251764955687e-01
2.884274401585111391e+00 -6.286811213374392082e+00 3.602827023185955380e+00
3.279169203355124740e+00 -3.594305869549073496e+00 -7.699555895174823306e+00
-5.714066168251624944e+00 -5.711362092019336423e+00 -5.990222211821121689e+00
2.227512190816944404e+00 3.381050545399710838e+00 -1.722272367079472621e+00
-3.321869559593228161e+01 2.099853702292684332e+01 1.033968456012990522e+01
6.151893609173280453e+01 -3.962395876563102348e+01 2.737471422389521791e+01
1.612440401192249517e+00 -1.029936467434890091e+00 4.549035832751917141e+00
2.333019546747721051e+01 -2.908238192856197113e+00 1.828073171587476509e+01
5.715256589126190612e+00 1.266424968194429734e+00 1.433739736401957643e+01
-6.581704274488962447e+00 -6.282659964688404486e+00 -1.445112264683461412e+01
-3.852352707860239533e+00 8.525911850286456151e-01 7.243315016787694738e+00
-9.462326334158154495e+00 -1.293496729796393685e-01 -1.209613730736359649e+01
-1.955667698734969306e+01 1.997483250960823131e+00 -5.485595541575752243e+00
1.034723978267568256e+01 1.130998539275222114e+01 1.426796077873840218e+01
-1.864404205010412818e+00 -1.222414464682770685e+01 -2.019499247837884592e+00
6.234240669065436613e+00 4.886215818421820956e+00 7.666350182944243308e+00
-9.137932323793137357e+00 -8.278339969608605742e-02 1.415222720455624916e+00
1.065376197558202398e-01 -1.782160143216906523e+00 3.724960958410721723e+00
-2.512732619403398981e+00 -3.361683179787029463e+00 -3.176909269798128044e+00
2.328566209794787767e+01 1.687684502546361642e+01 4.655773865041144433e+00
-1.440465444476171619e+01 -4.282262536409648490e+00 -2.541510255159153076e+00
1.202261297483765823e+01 1.657493268904057615e+01 -3.864655209959639137e+01
-1.014229349304491201e+01 7.114256830681906507e-01 1.929856410332396077e+00
-2.406469845888763714e+01 -3.758155048969481271e+00 -1.193596462454681273e+01
-1.740941374690500254e+00 -8.532473210766888805e-01 -2.216190342269348434e+01
-9.927736814360843098e+00 -6.646354193896569562e+00 1.133505664365473464e+01
-2.710443044721348116e+00 6.135938686459669889e+00 -1.240835553299100669e+00
-7.191426816342726624e+00 -3.682882539371463704e+00 -1.893310540308393630e+00
-3.048307876355872192e+00 1.695087253578954067e+00 2.971671633682670066e+00
-4.367733049404892931e+00 5.369284513020994964e+00 -7.531043141560465948e+00
-1.441933968867368909e+00 1.079683618811259294e+00 -5.460295404375592021e+00
-5.860042295703221660e-01 6.860615084344789061e+00 -1.255931168813697241e+01
4.687199861424442560e+00 -5.372788080120330712e+00 -8.777485882027805886e+00
1.300997690084204983e+01 -7.425065553406215102e+00 -2.418714988421228895e+01
2.373555318644533507e-01 -1.587893090575614341e+00 4.659123361529820428e+00
1.139674293316661391e+01 1.944252500539456818e+01 5.120474437387949607e+00
-1.223510645841128230e+01 3.365269958583230192e+00 1.744881861693018266e+01
7.482904722618890503e+00 -6.289543307630161451e+00 -3.840341268989488910e+00
-2.492938843852230968e-01 -3.781930134774890817e+00 1.462461390060106581e+01
7.713757528247801254e+00 -1.168913896085191473e+00 -9.643061515251615035e+00
-7.761439588757848007e+00 -8.375031719968301758e+00 6.104586730323299015e+00
1.671507789371495134e+00 3.654556304401228140e+00 -6.623562396551800902e+00
-6.994676125066967565e+00 -9.294763657437916660e-01 -2.225194663851286503e+00
-6.928918862151381752e+00 -1.752407944419548613e+01 2.378011136307584206e+00
2.259480881149232290e-01 2.354029980934086996e+00 -1.704327419057641180e+00
1.320475018398174383e+00 1.768161392309181679e+00 5.360728392811688892e+00
-4.533259680294057681e+00 -2.047189137204963594e-01 -6.614596425071345820e+00
2.000583505632443959e+01 -1.276154173252856872e+01 3.960568352751506893e+01
2.675263135704237794e+00 1.783156779171711648e+01 1.795131146839064229e+01
7.455884696673105339e+01 -2.342448209553149852e+01 -9.062928333609875153e+01
-4.428093954867693416e-01 -1.366756155537922179e+00 -6.582735738995814323e+00
-1.135384021745664329e+00 -2.976038337035780135e-01 1.169284272792170176e+00
1.689220242304217479e+01 -1.893297933649191966e+00 5.085552608947811137e+00
6.859340185550196090e+00 -1.147188358897101779e+01 -4.896245207965770341e+00
9.059069285678823746e+00 -8.242020423140711927e+00 5.198914908972072091e+00
-1.204919189402439095e+01 1.089861796868753530e+01 1.657426658642160788e+01
2.646404537486933162e+00 2.776367375277644545e+00 -1.210002629382275430e+00
1.798206147559208290e+01 -5.368133368077222300e+00 5.154461487354969229e+00
1.387269424101239856e+01 -9.122215117477615820e+00 2.036987730900323257e+00
-1.101196122538458333e+00 -7.746582072116201090e+00 8.107662057705473657e+00
4.384034853029315393e+00 1.530078261458863942e+01 1.605487629935086868e+00
3.080386603934637257e+00 -1.172608893458496659e+01 -1.727532900937606364e+00
8.125754423603130050e+00 1.541684611087586809e+01 9.494842254085204658e+00
-1.673648612081351672e+01 -1.221225097700613205e+01 6.293816077310064117e+01
6.872779191527685683e+00 -2.709912598129094263e+01 -7.076538271213248521e+00
-1.409770616057754289e+01 -1.863495931668169181e+00 -1.579097990706006094e+00
1.306782138502514989e+01 4.520116603810063194e-01 -3.022572906646542101e+00
6.698128914387496025e+00 -6.718614975599426664e+00 -4.345047783516908346e+00
-5.161539245970319456e+01 -1.828356090766639497e+01 -9.181856160088665320e+01
5.301312080593495457e-01 -2.915946274596757704e+00 8.649530879706982534e-01
7.563271372553831640e+00 1.691332263605498909e+01 -1.819627093491706260e+00
1.419187977998326078e+00 5.605428027691568005e+00 2.392707611932290312e+00
-5.580162215536625503e+00 2.685515594445499143e+00 -3.502264474433269270e-01
6.136113642388484557e+00 -1.309928052494466932e+01 2.905825345709323493e+00
3.058607897515039475e+00 2.588991224828348425e+00 -4.810069636355642331e+00
8.680426454159517746e+00 -2.268001187638530425e+00 -4.040478368729396585e+00
3.558256754443256398e+00 1.893422808931999324e+00 4.258408360673823445e+00
-3.852339578623719341e+00 2.529912547673020029e+01 -3.406056453076628632e+00
4.049604035645809397e+00 -4.495004794894772004e+00 3.290339866608613661e-01
6.622499710904007353e-01 4.493632705634125202e+00 7.459266017342058852e+00
3.613191367966841927e+00 2.433962745198494648e+00 5.193451478568444024e+00
-6.348610701672216194e+00 -4.852438395664633752e+00 -2.402062788810769012e-01
-1.551413103883069056e+01 1.299293562585415174e+01 7.902338665248610505e-01
-2.546902796701607241e-01 -3.974593919514997520e+00 2.032800477524138572e+01
1.562636327643451173e+00 -6.847144175769117602e+00 -7.360749712951771606e+00
2.201335691247896076e+00 2.286832583195976554e+01 -3.597905973865173479e+01
5.286197283422076509e+00 -4.389574564760955866e+00 -1.004362932576522205e+01
1.319083271923527256e+01 -5.563488340784768837e+00 -3.530025475138532443e+01
-3.813174708191847118e-01 1.380531706657665758e+01 4.017054503274946065e+00
-1.198209118392815142e+01 -7.762443224883105453e-01 -3.332419032740443043e+00
4.612154107066608333e+00 4.842275199193211699e-01 2.237643393259448388e+00
-2.032951800200374137e+01 -2.101871752276616334e+01 6.598294250309366227e+00
-7.084210206659314224e+00 -8.335675627151543310e+00 4.331565478547632075e+00
2.687784118944082312e+00 -1.956069712630011059e+00 8.010642628251384068e+00
-4.554070633788456668e+00 -7.550660208710410437e+00 -3.076591318767704308e+01
2.666442036944116634e+00 -6.722233364731160066e+00 2.266828332898321108e+01
3.567486901795919607e+01 -8.047787950667766665e+01 5.245535991382287477e+01
4.120803131780364836e+00 -1.100576144910367837e+01 3.792818823597338795e+00
-2.088340294547903397e+01 -2.680300078313598178e+01 -9.411581685181875656e-01
6.194777794817068362e+00 -9.618848440189541549e+00 2.077007244582512158e+01
-1.427725962200845800e+01 9.371127906236639049e+00 -1.013991373157462661e+01
-7.058973282450728970e-01 7.142926065882053699e+00 -8.973101180902645524e+00
-1.026883630373775169e+01 1.124131629187388448e+01 4.513193163235832195e+00
5.268710183440036943e+00 7.703507557605114187e+00 -7.786264978049184826e+00
5.290981597286348759e+00 -1.583898778664566898e+01 4.201527381494741142e+00
1.335156892578936372e+01 2.972966164853981241e-01 1.196066172219910229e+01
-1.777238144960922028e+01 5.082647519413270309e-01 4.710542630636360251e+00
-1.041572411865483661e+00 1.715759928023188330e-01 -4.451883190213976604e+00
6.234361450561119788e+00 1.897951297921531122e+01 3.101834833491709520e-01
-1.395155088347412864e+00 7.761789238622226472e-01 -6.201030444496802296e+00
-1.065609729526489025e+00 5.629899548830114876e-03 1.050706781784312938e+01
3.686005856112251511e+00 2.475183195431514704e+01 -2.853172772473784491e+01
7.915864007987451600e+00 -5.014822661073743859e+00 -3.338392963828012316e+00
3.910125019801958146e+00 -3.221946635153385419e+00 6.160310235488454467e+00
8.803969886448902216e+00 -2.895133077416280454e+00 -2.078141931472630155e+00
1.591288832996409885e+00 5.789252207717476395e+00 -2.609919797127468577e+00
-5.002066069901702772e-01 -2.779910758203018251e+00 1.035547894844471806e+01
4.679186513211776699e+00 6.966882600250825952e+00 3.983399885674680618e+00
-4.483956278328963818e-01 -4.317588438698353848e+00 -3.098949470250156768e+00
4.509230940234645324e+00 -5.021929007772779840e+00 1.159257454223358330e+01
-4.467022883620331619e+00 7.354369564810319115e-01 -1.528410863784007256e+00
3.939412516044533685e+00 6.146639374554803581e+00 -1.067961209391366495e+01
2.307852385047171495e+00 -1.241598441379956341e+01 -1.343152248245848845e+01
-8.650254150140067821e+00 6.841144250733246501e+00 -2.645940150534728019e+01
3.637105541289932464e+00 6.171283379148775339e+00 -3.722139270322430082e+00
-1.492039323698248054e+01 3.978336137147601814e+00 1.245141715523143011e+00
9.244132684851688708e+00 -6.515370874758083630e+00 -5.711006182424489097e+00
4.413371262517649996e+00 -8.230622723328265167e+00 -6.076162277183887461e+00
2.844080476516704437e+01 -4.901994143635415213e+01 -1.498271323596251392e+01
-2.449653092593458936e+01 -2.700508852683539462e+00 1.842487957708429935e-01
2.526871110849560154e+01 2.298215623463716284e+01 -1.594718777179508784e+01
3.429328554712271604e+00 7.214164048306694887e+00 4.261553753294638480e-01
-6.943881526715044217e+00 1.259069464456762688e+01 2.453893596488588846e-01
5.364725886149975764e+01 7.451063644176528555e+01 -9.587149629969045961e+00
-7.550927362852641878e-01 2.594899089332077136e+00 -2.052192149733232540e+01
-1.176623876479243158e+01 -3.998980364657710451e-01 -3.898119468318256953e+00
-4.475505120126031855e+00 2.506755019394963035e+00 6.001660966322233115e+00
-1.816085267159717631e+00 -1.245712277028551834e-01 -8.341999008394729742e+00
-1.174788569988855791e+01 -3.382211646399204685e+00 -3.451478833640369892e+00
-6.993043126876333559e+00 -2.838053822190360176e+00 2.557393476617181971e+00
-8.309600866560385768e+00 1.688984982150404823e+00 -1.229128489110481759e+01
9.481268864461018797e-01 9.984531982206894085e+00 -7.714545537826587918e+00
-2.910950073278641081e+00 -4.989871107974120257e+00 -9.832837341404873754e+00
-3.867521885131726567e+00 1.873629935338884778e+01 -2.622688422554525722e+00
1.414267664987782114e+00 4.213794419832651350e+00 3.362687436668878593e+00
5.594096398332158770e+00 5.946597103991243749e+00 1.082016608242611078e+01
2.312494979247395221e+00 -5.292149649201399519e+00 4.284173799903068236e+00
8.800836323504320546e+00 -1.099497547571722755e+01 4.691216529457927109e+00
2.293337587430684366e+01 -2.256999286361255130e+01 -9.747232309230728919e-01
-3.159342526780262617e+00 8.861615375066691058e+00 -1.970625695492166329e+01
1.154692637128401778e+01 -2.283921422159790637e+01 4.770578503920585689e+00
2.693755582077164590e+00 5.208455940636076420e+00 2.789703685899255881e+00
9.010079875060894583e-01 8.263937160897553369e+00 -3.671150373860745830e+00
-1.018044616129796331e+01 9.361754960289420779e+00 -1.368314693475323418e+00
-1.056287688466819574e+01 7.444279059964244993e+00 -6.064450630567134182e-01
4.226835670721824201e+00 1.367011133043834903e+01 8.130512941046443842e+00
4.005213576050618229e+00 5.342677825077212894e+00 -2.199817241667810208e+01
-2.090108975412113823e-01 -2.123359822419998544e+00 1.357644465737239070e+00
-1.684952150583328701e+00 -3.696778416330476436e+00 1.436822672215102958e+00
-7.605204833792943653e+00 -1.103097650304012767e+01 1.911677412609575688e+00
3.209367346874204135e-02 -2.211804401175538060e-01 -6.315030166371411458e-01
-5.732771000585555887e-01 7.065363011421850636e+00 -8.258879601248064972e+00
1.298687070845721270e-01 -8.059846006404882246e+00 1.300065096699932310e+00
-6.921342302734466045e+00 1.212028596699717120e+01 -9.933429219054945136e+00
-1.413832941043940528e+00 -1.072403618554496596e+01 2.307740499392298972e+00
7.578079812925376579e+00 -3.980809437830265196e+00 -6.874518093239780914e-01
-1.073591409020492327e+00 -4.819207823478873109e+00 -2.735748973025064590e+00
-7.128557508442145974e+00 5.247881228565415945e+00 -1.993389403123034365e+00
-3.755881766526768306e+00 -5.537234254165562808e-01 2.347481240060691920e+00
5.952878035694016745e+00 6.211954835318030277e+00 -8.920797742599418712e+00
2.009136272836056847e+01 -4.443176091348999823e-01 2.132469283256871151e+01
1.171372663698478078e+01 3.295411478791445248e+00 -8.837124999035568251e+00
5.394483429408791775e-01 2.184974484230881142e+00 5.278384498479309350e+00
2.685269018756704984e+00 -2.318430805479427370e+00 8.643853781394867042e+00
-1.969110991100658836e+01 -1.073274702821798954e+01 -9.651045106585501188e+00
-2.905312123979331140e+00 -5.260076523834791296e+00 -2.035772918025361200e+00
-4.384595143060357358e+00 3.230254802622774535e-01 7.342622922713339051e+00
-1.307294539523052412e+00 -2.476817465564255638e+00 1.081895942334834793e+01
-1.406894893891980836e+01 8.916824921942458460e+00 -1.372091868153052907e+01
1.829451019707738268e+00 -5.245107720397191642e+00 1.618909725052851911e+01
8.512769995189890437e+01 5.088231012053967106e+00 6.469071025098978467e+00
9.802227597895512901e+00 9.281446748068214347e+00 5.611478318150349143e-01
2.125601501143044914e+00 -1.973769414621201435e+01 3.549299743898391313e+00
-9.055584859331641923e+00 -3.391422369819900950e+01 -4.062591410501018174e+01
3.761112698641488894e+00 1.059035823387996977e+01 7.161148536589351465e+00
3.669802557794972220e+00 -2.149256231371120318e+00 7.799651457331295390e+00
-6.596969001644607644e+00 6.357225219845051845e-01 -9.002087089105816065e-02
-1.209282381769071968e+01 7.591665500393273369e+00 -1.710124520050436558e+01
-1.214581595651973167e+01 -3.799099816009318342e+00 -8.926673005048278986e-01
2.989708766658265127e+00 -1.085355151549520336e+01 -1.211228534124634137e+01
2.246778722908989945e+00 -7.524969999926380826e-01 1.812910545564801801e+00
-2.961393109742338048e+00 -1.018550385069416997e+01 1.142828201430513113e+00
1.191781075792224920e+00 1.233332342553021821e+00 -3.510014086508116193e+00
-1.298984446839944296e+00 6.066518129295093154e+00 4.764600476135155915e+00
6.510542928632413739e-02 -5.194052068816435330e+00 -1.245031040479033635e+01
5.809495011409166132e+00 2.017090854933565325e+01 8.917354671445357539e+00
2.411908332974410207e+00 -1.021525513835231491e+00 -9.593262782291137825e+00
-1.039837663339693741e+01 5.892014195189927861e+00 -6.948363885248948435e+00
-9.914949366175992651e+00 2.738429401089860349e+01 -1.245634056779417520e+01
1.227632939267749812e+01 -5.952187673229537346e+00 -6.528054501436089119e+00
2.706888394917883023e+00 8.140809836741850214e-01 -3.753375849613898474e+00
5.297027239328754966e+00 -4.619060862268248968e+00 -2.460811580059298365e+01
-5.177114968059172817e+00 2.390052415830876242e+00 -1.464852975674914459e+00
1.982884329900841625e+00 3.863295547964509802e-01 2.606628568940583257e+00
2.112288724214838709e+00 1.271408570920170344e+00 -7.301728449195993065e+00
1.442916658702526389e+00 -4.161106383960707866e+00 -4.093951781232137321e+00
-1.404427068254914346e+01 -1.010751646683239802e+00 2.595720650132909313e+00
5.930277342690868814e+00 -4.803858845139774125e+00 -1.366682753644353276e+01
-3.394662873286659277e+00 1.506103732903125991e-01 -3.688691662494093748e+00
1.513149848721660362e+01 -2.096647584395855191e+01 -2.807246022592249801e+01
8.309432928343481350e+00 -1.919240360839722115e+01 1.880810532230315246e+01
3.836797559520267242e+01 8.266333616316734378e+01 5.663787263951059714e+01
-3.417331992285727038e-01 5.411195387608410456e+00 3.643057567405278530e+00
-5.625616811498527881e+00 7.861083299680767134e+00 -6.279231026955826245e+00
-4.810357196009328540e+00 4.613409301015071406e+00 1.697912093851756676e+00
-5.886753573137334383e-01 6.408164714918455296e+00 -6.358789836880866631e+00
-1.836796657753949091e+01 -3.253169317126889126e+01 6.329241039552670145e+01
-8.773421750701434263e+00 -3.424611351076014110e+00 8.275642517559796962e-01
-1.688254455793582309e+01 1.527068224909984284e+00 -3.833225982620246608e+00
8.083925229133628321e+00 1.108811471285021666e+00 -3.591008233217285461e+00
-1.317949649482094721e+01 1.154251760920361036e+01 6.047330359399336608e+00
-1.781550154827895227e+01 5.280227633759200234e-01 -4.938140963241518300e+00
4.015549203707827530e+01 -1.162044168121937915e+01 3.696800151701282289e+00
-5.290804659771148977e+01 -7.425201243832626119e+01 5.625800920393926319e+00
-6.364897093849016585e+00 -5.797403451483429393e+00 2.560696298071025723e+00
7.381148925414051654e+00 -1.523286908131121287e+01 -2.149066551641578116e+01
2.160174393747819721e+00 -6.771987719069498368e+00 -3.988247794130900914e+00
4.923171820660780185e+00 -7.297822157680294630e+00 7.884399869318017284e-01
5.759653114884743630e+00 6.135783609183961040e+00 -1.277922608713785202e+01
-3.147009083299006527e+00 2.961435976678854942e+00 -1.045318771864146967e+01
8.574123128791363513e+00 1.989573094234782502e+01 -2.969650408569582112e+01
-5.317608070836568501e+00 8.230376538312336621e+00 6.899005794957903781e+00
-1.330568832923895428e+01 -1.365438271952399063e+01 8.508207740041715539e+00
1.975502602566283272e+01 3.797287690498030344e+01 -1.805734563573553686e+01
1.232215640823225300e+01 7.723488829727235938e+00 7.812136263738628905e+00
-3.227968746982034531e+01 5.374414309922224575e+00 3.685513332162543065e+01
-6.248320888921737648e+00 3.802910385472216603e+00 8.274782091856087263e+00
2.563285974709619719e+00 5.665412700466094797e+00 5.353603492789781981e+00
-4.527839292401647064e+00 -1.081835981914729317e+01 1.198808039549623494e+01
7.250814934818515134e+00 4.852051293907618579e+00 -1.245390707579777256e+01
4.022778628996986905e-01 4.128465229277219706e+00 -7.957293341183682145e+00
-9.766358997180933699e+00 1.443138851500882502e+01 2.558719676020860145e+00
3.987574512930652126e+00 1.240127343887528966e+01 -4.591333365045617398e+00
-1.556378936476116870e+01 -5.901460338515563286e+00 -2.709077713149539157e+00
-7.750709727884536449e+01 6.333104329009687206e+01 -9.206068251382154699e+01
-1.326796746054434450e+01 1.783847192887316524e+01 6.770134427168397195e+00
1.049057270334933234e+00 3.501029876101027227e+00 2.683074877653225387e-01
-1.266591919938563393e+01 -1.795556477602174850e+00 5.582167316342393493e-01
7.063450773624780687e+00 -2.689901797855938526e+00 -8.414964574569445688e+00
5.795832353732489395e+00 1.474832126223691420e+00 -1.887087858712661159e+00
1.686347005911351715e+01 5.107153244297484918e+01 5.125053128144821102e+01
1.465170729557330631e+00 -1.882509952912391427e+01 -3.205925520564426812e+00
8.796111982786795735e+00 7.783044920007990086e+00 -8.489314090442416472e+00
8.050689285339768020e+00 -8.909312556798052896e+00 1.880151181703865859e+01
4.504210572131492007e+00 -4.933425372156390765e+00 -4.062440985191289045e+00
4.863040101453552033e+00 -9.932974795316370731e+00 1.011396440000086905e+01
-5.404363372554903400e+00 3.731827250329589757e-02 -9.444500981181837673e+00
5.491064182259990378e-01 1.931797413834449806e+00 -5.127438543760351131e+00
2.045206163926487264e+01 -1.618494312161086057e+01 -1.258369889839968891e+00
9.556365258863678269e-01 4.867085035692094408e+01 7.710417211759475364e+00
5.909265309033696623e-01 4.673662959429482733e+00 5.528494182529273715e+00
1.105065576798012117e+01 -6.790123486126919516e+00 -1.430558002879189594e+01
1.762342081221675727e+01 6.740631106239000303e+00 -4.239633007949878163e+01
5.028303341541017879e+00 4.289026567684230073e+00 3.343900217275594944e+00
-5.997435401779333652e+00 2.385696229029267368e+00 4.712552844231932880e+00
-5.043270888247609385e+00 1.143328584673603210e+01 1.736328315665884026e-01
-4.223980245773789832e+00 1.239962133168377534e+01 -5.186235062575313748e+00
3.019750961910298770e+01 -4.734110773667674721e+01 -1.232094849297724171e+00
-8.088521600269071854e+00 3.740072526518172236e+00 7.231553362496923043e+00
-7.561575096858705436e+00 -7.106776831911695069e+00 3.786675567567143741e+00
1.709478049001970135e+01 4.126703075037928770e+00 -4.120004261012840452e+00
1.905661297380635943e+01 4.695988233193742190e+01 5.690925144767006394e+00
-1.696372111495474844e+00 -5.275359206912990651e+00 -4.425343474472708039e+00
1.039774120154699233e+01 -3.646620133465798830e+00 1.592706092019499753e+00
-3.967894363229993893e+00 4.190615853536262314e+00 -8.392618326513975324e-01
-4.891405587130081045e+01 3.166846601360201063e+01 -3.867617531010971277e+01
-1.294216706633212866e+01 -5.999873439139062903e+00 5.169376348169716806e+00
5.097796649828469917e+00 -5.473060154336223171e+00 3.718030446099355846e+00
-1.237344066460550618e+00 -7.254855512532776629e+01 3.961407844044293114e+01
5.101611011481516300e+00 2.405199205124672446e+00 -1.774603047406522194e+00
7.259274901837654559e-01 -9.642674221947281410e+00 -1.646617838250502075e+01
1.582709026991864221e+00 -6.466569774996735021e+00 -5.513883810913181804e+00
-3.085947397409220638e+00 9.689024569769799200e+00 1.540249829851518015e+01
9.828863051776885129e+00 2.149363138956453056e+01 1.192408183721169479e+01
3.761104205333027029e+00 -1.621082291149571752e-01 6.104855736732791804e+00
-1.182935502708691544e+01 1.167038948067248860e+01 6.548292424113779653e-01
-4.409940097858997987e+00 2.157775385256717637e+00 -4.404086261238428612e+00
4.329041698162856555e+00 -6.003174504187676952e+00 -1.171395129940678892e+01
4.259646790277429318e+00 5.994729381797870182e+00 -1.927817114165526702e+00
1.760002078574854423e+01 -2.159705806292964425e+01 -1.049428899359600154e+00
8.997282831176773854e+00 2.613937031285441748e+00 6.140886185884430581e+00
2.878043766977987250e+00 -4.396491956276288526e+00 -2.533601899424350545e+00
8.084881772686614454e+00 4.776391637318335270e+00 -1.778220039231817484e+00
-2.117210478774993021e+01 -1.698058652661017121e+01 2.106724678991283017e+00
-5.112476548319490277e+00 6.306612146453091095e-01 9.660294086990623086e+00
-1.407019470194300403e+00 -3.764445048386095838e-01 6.583107647981924215e-02
1.156014957573446633e+00 -2.088569382194370050e+00 2.413936658217638864e-01
-4.069971032497010088e-01 2.792961789403533679e+00 -1.625939318101805364e+00
9.876416845157024227e+00 6.406230182154765807e+00 -8.254610738188135954e+00
7.003433201714750922e+00 -1.634410828701911811e+01 -5.914847726718438503e-01
-1.098576383689469499e-01 -2.560178003813460279e+01 1.905126328067363417e+01
6.041131576806506587e+00 -5.125305230712362103e+00 1.123996874101349519e+01
-3.008744810044464035e+00 3.290331215572388501e+00 4.288311349691174890e+00
1.879779153764441446e+01 1.315812185461290973e+01 1.640010061608022696e+01
-1.054960472401648808e+01 3.931689441703679933e+01 5.122196406957894510e+01
6.310918356787436068e+00 2.193028113175753546e+01 -6.052392363375636464e+00
-2.387414153277652495e+00 -1.509834449100713738e-01 1.236944674537390654e+01
-1.348066610392984810e+00 -1.009312374143247659e+01 -1.160513790300784365e+01
-3.625254329787629404e-01 3.249665862056825283e+00 1.992608258398045562e+00
-6.415815562197010991e+00 -3.986842629064760057e+00 -5.845559195350008785e+00
1.220538136077342806e+01 -6.888289299517785480e+01 -3.125834423225714787e+01
-3.476543969098576881e+00 2.017608099908028141e+00 -3.196090496475053389e+00
2.068881553882078617e+00 6.343554598656413468e+00 1.270694377292146626e+00
-3.774255183356225007e+00 -5.725321373848294648e+00 -4.786376320872508749e+00
-3.749070883905428975e+00 -9.732402047418279301e-01 7.239045138327822038e-01
-6.592715448786757193e+00 6.052125398800582090e+00 4.841188531353175506e+00
2.154725726218806869e+00 5.191998849844539521e+00 4.041931290901433549e+00
7.132567061632524741e+00 -1.497672351026383986e+01 1.176936204005329722e+00
-1.401119410876735305e+00 -1.139750007891444028e+01 -5.092856821268510359e+00
-2.295338124453378370e+00 1.660226946040797458e+00 -1.368325742838331216e+01
7.761520788101836210e+00 -3.574656789078733077e+00 1.245683105110447464e+01
-1.515560641217894045e+01 1.330840318437114789e+01 -1.711820219806583410e+01
-1.561971650267571343e+00 -6.097044350868872975e+00 4.377393969576975685e+00
3.816067393194011004e+00 -5.510046363932457503e+00 -1.957317119620836543e+00
-1.143594778096179532e+01 2.353175409569347176e-01 -8.269080105667676150e+00
-4.954341372028108736e+01 4.141406974720324996e+01 -1.114322693874475050e+02
-4.836816074620911898e+00 -1.042212180752117613e-02 1.445398752015878507e+01
-6.035311694893968903e-01 -6.118096004639148155e+00 3.577999677560750769e+00
-2.176791256440485967e+01 7.635919457743655769e+00 -1.688934526417013871e+01
1.322987947975186351e+01 3.544089871053114127e+00 2.113817597643686597e+00
-7.907645963625107299e+00 1.734161634734782964e-01 -8.010597716243182953e-01
-6.907234598121997138e+00 -3.515303119113629027e+00 2.254447809697309513e+00
-1.189675012457849590e+01 -9.273139907714897490e+00 6.609152694793593241e+00
1.740521991249801914e+01 6.911222326749936862e+00 -7.300590994449663640e+00
-9.101754429084255582e-01 -1.226475901786773015e+00 8.833794209756753446e+00
6.895615696484806101e+00 -6.704243793714290689e+00 2.703307057318482975e+00
4.626500640183930813e+00 1.970692844562310864e+00 3.002639647472080231e+00
-2.485184509901405647e+01 1.335831968198134234e+01 8.663100266753021117e+01
4.786126256864140061e+00 6.456863840323834758e+00 1.619829420467595815e+00
1.362922124936546986e+01 2.545764418728507295e+01 -2.330581696801604430e+00
2.158440896752091387e+00 1.255959049717673537e+01 -4.469584874530596608e+00
-2.597033364380417098e+00 -5.924668165486519200e+00 -6.237060148165716189e-01
-1.244252236300038028e+01 -4.903247154050529133e+00 -1.154192714661738073e+01
1.181290058706961510e+01 -1.429514853741475200e+01 -2.397338940039040800e+00
1.646851627954363551e+01 1.033313583431996285e+01 -1.497457922453303603e+01
8.281898757255030219e+00 5.657068436439943504e+00 1.169123000029432119e-01
4.027731942881385585e+00 -7.223972276691859484e+00 -3.366723666943974180e+00
-2.258100249463853793e+00 2.827390878739660107e-01 2.323008174946188387e+00
2.792982972104594097e+01 5.861684381591147996e+01 -2.323441570779605669e+01
1.835237692602383675e+01 -5.448157390958906277e+00 -5.243934404590294918e+00
1.645359255934913723e+00 -2.320340118641170069e+00 -4.172583474237639756e+00
-4.083700042565507005e+01 1.405478424791190228e+01 -2.773107208495372689e+01
-2.145432122303320366e+00 6.395256196836140106e+00 -1.532603264015149680e+00
-5.748647584128602439e+00 -4.858075003363834021e+00 -1.651469216127630979e+00
-2.250858282649743636e+00 5.006514651479466060e+00 9.273977633008982480e+00
2.413430099236865800e+01 1.001808294189672921e+01 2.501851995621608094e+00
4.687797322315568671e+00 -1.039487277740732551e+01 -3.239483740942212253e-01
1.211175001475659485e+01 -3.465555860850418224e+00 -2.945403023847616097e+00
7.374448679165721110e+00 2.958158497045753066e+01 3.106130997527348114e+01
2.401682250238106064e+01 -3.548023441729699634e+00 5.529013489300809603e+00
3.739723221695743227e-01 1.293174362629421026e+01 1.514771357803891583e+01
-2.819994923790958286e+00 -4.549250049265658902e+00 -8.639420854921530335e+00
-6.524609373248202893e+00 -3.157849068437107665e+00 3.669110463567945235e+00
6.269218561978001425e+00 2.216367648606140772e+00 2.138799516188194971e+00
-5.449878598412338349e+00 -1.964737625250157382e+00 1.307161016249797747e+01
1.020984964695430719e+01 -2.923514847579198772e+01 2.988296783732114292e+01
-1.826190685630418642e+00 -1.170502864264668652e+00 -4.347623594928401225e+00
-5.416461789804682958e+00 1.877094560001156820e+00 2.392422199239677472e+00
2.478852666042490771e+00 4.962563747650340140e+00 2.002065718786090631e+00
5.666419374332809511e+00 1.928141127323018456e+00 -2.607768746708997831e+00
-9.847381619643270412e+00 -7.892067532802246044e-01 -1.135601731077549692e+00
-3.975848647539607761e+00 6.349165079837535419e-01 2.965353436960998401e+00
-4.567425267080705176e+00 -9.810377065789115392e+00 1.056567978737222857e+00
-6.073326056718094890e+00 -5.962713270368957375e+00 2.662669704158953099e+00
2.962695096099952519e+00 5.174977476011391353e+00 -3.994155508561207935e-01
-1.568033281203195628e+01 1.473473018928171729e+00 1.022713021969327762e+01
3.523105121767686754e+00 7.813863400845217022e+00 7.405353803973719451e+00
4.701556385978747699e+00 1.784933761862823154e+00 2.281606337042429988e-01
4.723499981279157112e+01 -3.110895439213324920e+01 -7.411408467369406594e+01
1.154196259059042973e+01 2.063531632952531503e+00 -2.806335443404671892e+00
-5.705213438669426651e+00 3.768178860225897875e+00 -1.298234656420642841e+00
-1.172580736249175359e+01 1.214142888274046506e+01 -1.196559504204011581e+01
-7.664743719002753863e+00 -4.443530643812025893e+00 5.487964977429863112e+00
1.139158541137599734e+00 -1.156482786307877220e+01 -1.401725598908824422e+00
1.677227947985608481e+01 -3.110277342360040720e+01 -3.088620554617496694e+01
5.542883691940025254e-02 8.167681711420333723e-01 8.398966138403121562e+00
1.421879590207316646e+01 -5.168896265387505906e+00 2.375290805822531581e+01
8.097923114709986692e+01 -2.714935079506973992e+01 1.835987559036133021e+01
-2.352550821219235200e+00 -7.787626129662896801e-01 -1.241284942479226849e+01
-7.995200632240890393e+00 2.912102686521250483e+00 -9.911854899891530124e-01
5.124746524896710120e+00 3.408067030688204824e+00 -2.684922589505439827e+00
-1.169645736078374298e+00 -6.224979103739697317e-01 -1.087607730945407303e+00
6.532873238263996463e-01 -6.034985331470316128e-01 -1.034847387906524752e+01
4.828308740047733494e+01 -2.462649242874654831e+01 -1.178316478711440318e+01
-9.558215552022515660e-02 -6.742278241113788262e+00 6.174219125036476186e+00
4.741212606725186518e+00 2.527827850096747708e-01 -3.362387616188768948e-03
-7.842828441227003289e+00 5.939234627972540537e+00 -7.690564130725072722e+00
1.077260094993864925e+01 2.184905975400931677e+00 -7.350085721830160956e+00
8.010903543882433198e+00 -2.403054697926297223e+00 -2.330968352897461404e+00
2.650656366411650922e+01 -8.857524244171074201e+00 9.238183148139027523e+00
5.175226290477815461e+00 3.801949196953749777e+00 1.354271260318762105e+00
6.409573121121802330e+00 -4.716132991236301919e+00 -8.639151701678047246e-01
5.494593415343139498e+00 1.023961205179419842e+01 4.616786044409013079e-01
3.740861323494059754e+00 -3.412078722476749260e+00 -6.496249533017205202e+00
2.061185245563135382e+01 -1.319444882044673362e+00 -2.743337127276927134e+01
5.308902419948171136e+00 9.401754016195630115e+00 1.418323319653277004e+01
-4.605724934158295092e+00 -8.311638234116793811e+00 7.783101627329443772e+00
-1.794054008725782356e+00 6.084377187437632450e+00 -7.343683056724219504e-01
-7.069044746942403812e+00 -8.226844921877928485e+00 7.400706173067545990e+01
-5.474908954497224034e-01 -1.054882653473766219e+01 -2.025546163740874661e+01
9.587759799865512633e+00 -3.011850760507890801e+00 -2.877128421067484254e+01
-1.020926085812522421e+00 3.809202559180887349e+00 -1.588004086409713356e+00
-4.666344244086775284e+00 1.813926763358077210e+01 -9.458328172785244181e-01
-8.876334868553067636e+00 -1.748602502051477359e+01 4.424828557542526575e+00
-8.781568633487445430e-01 2.394518415942333611e+00 -5.588547361101628752e+00
3.261229515175942506e+00 9.977622909719537247e+00 4.921533050347598248e+00
-6.545709978677768603e+00 4.777970380083471635e-01 -4.135050910003222668e+00
2.783949310282582523e+00 6.758276186057356938e+01 3.095491576484995377e+01
-1.607369327943526827e+00 -4.579100617801047157e+00 1.077449403044823950e-01
1.212842672642318043e+01 -1.025285906380135392e+00 -8.796771656779155180e+00
-1.116284826868750857e+00 -5.526731000508774372e+01 -2.086556627749026838e+00
5.360174647886103649e+00 4.218398243366193512e+00 -3.623015469560590951e+00
-5.216029619249627558e+01 9.113897543729476070e+01 -4.243149146273047734e+01
5.338922166290310578e+00 -5.135267114095344532e+00 2.650435492639936275e+00
-9.320949866979871601e+00 4.994653192769438732e+01 3.050317371882847439e+01
8.408592866374005936e+00 5.204320613979202648e+00 1.014719376243664684e+01
1.587327010332634014e+00 -4.097475235916481218e+00 -7.915451671486835039e+00
-6.592259327785071399e+00 -2.691472152888171099e+00 -7.738235915456989744e+00
-2.339753496173187841e+00 1.146110561851000398e+01 7.870523323893793277e-01
1.596396345042660370e+00 1.974969950471988867e+01 -5.991370672224050065e-01
-1.389456779911361628e-01 7.212784365194491620e+00 -8.451229352811584050e+00
5.998508007978001189e+01 -6.955248560705570959e+00 -3.391162572553537924e+00
-9.267139618884945307e-01 3.418123050081516290e+00 1.107364528639556234e+01
1.832055165530544150e+00 7.782288861528100732e+00 -4.803557223007715038e+00
1.131177533210687258e+01 -7.378244588881178956e+00 -9.222907135536186018e+00
-5.927493209651635286e-01 -6.932581462133425632e+00 7.123103109441323078e+00
8.544933121993162572e+00 1.048984050402865087e+01 -1.443729775750139410e+01
-5.551567587875699594e+00 -1.412498100033265369e-01 -1.475144444776896657e+00
4.589477273040100336e+00 -7.586715030609511246e+00 3.773245456687058130e+00
1.266412017667641610e-01 -9.146754864560241449e-01 1.841534053198144560e+00
9.767444717401863485e+00 -4.897835648679422782e+00 1.473325069860616177e+00
1.075972158733844886e+01 6.852069095915309660e+00 -7.389912248775480030e+00
-7.547732051080140170e-02 1.149095362638660056e+01 -4.979951450572087879e+00
-5.039753022214409128e+00 2.407437678319656627e+01 -6.774257792597454531e-01
2.810303053899627557e+01 -2.906500626763938300e+01 1.308593420133841256e+01
-3.820044883454863704e+00 5.560234134559570052e+00 -3.258581208651778915e+00
1.537741647950213952e+00 -1.774370382195115114e+00 2.016817048093362708e+00
7.087590967000155118e+00 -6.806177183348532722e+00 -2.314978310425794827e+00
1.163155014168939516e+00 7.321961283419356370e+00 1.390767121773653636e-01
7.770917347476884451e+00 -2.620569585400153390e+00 1.338505140799652215e+00
3.243336277185388639e+01 -2.525076886294316481e+01 -3.540292812650690024e+01
3.765667198324997145e+01 -2.011393131787285995e+02 -2.455651323175262135e+01
9.951492925052843219e+00 1.682956357763541133e+00 5.485741123180111423e+00
-7.605332485484979088e+00 4.330693790720662406e+00 1.007521957754748954e+01
2.380090771629964352e-01 3.172342581821624208e+00 9.056741793715138655e+00
-7.323790802532459843e+00 -7.363266270844975203e+00 -1.358605803704335147e+00
7.746658643414738421e+00 4.115511955473848960e-01 4.429035546964102288e+00
4.940045149216973464e+00 4.752354495226808417e+00 -2.428846017871087337e+00
5.181348974078305858e+00 -5.558000264557012571e-01 -1.408069114510094977e+01
-1.794911110312237668e+01 -1.483131675932614257e+01 -4.071004841214242553e+00
1.002105871811575177e+01 8.963797162288326348e+00 -1.987923500402102306e+01
-4.521420920079165739e+00 6.683774642843897773e+00 -5.222908336964329212e-01
7.267856350596307635e+00 1.305720228708820407e+01 4.374508627299886321e+00
-1.414955256743483547e+00 -1.842622256657040491e+00 1.476702238085953189e-01
-1.152415274705933079e+01 1.317248512128905702e+01 -7.831114938621761112e+00
1.450470792959928090e+01 6.727310837614139949e+00 -5.191139679899994697e+00
-6.280048748720981067e+00 -8.830228347936518674e+00 3.835442490711599373e+00
1.670657454724679525e+01 8.486765544411417395e+00 2.046840912677440016e+01
5.049337346780972346e+00 7.688417537230793464e+00 -5.699886208943731880e+00
2.482711910634684216e+01 -2.440049776521154001e+01 -1.794953757303253905e+00
-6.797741464045349069e+00 4.012051797718802604e+00 -9.692164932024263990e+00
2.743096136484191594e-01 5.697871002842872651e-02 -1.099065639007696049e+01
4.366950963315559542e-01 3.293730810966114753e+00 -2.313827641816527114e-01
-2.271995516290380657e+00 -2.302672642804696856e+00 7.053949987233911756e-01
4.213449041303976905e+00 7.100284059217497834e+00 1.983408669696623328e+00
2.621886439512263745e-01 -4.245022836073871098e+00 -1.251974503858515853e+01
-3.080928145552696229e+00 -6.667273755088420018e+00 -2.825927946355080156e+00
6.452790664377044294e+00 -1.355876783191501112e+01 -6.743995331169369001e-01
5.157856016319002812e+00 -9.487670028046558457e+00 -1.229988202964357136e+01
1.116804931425585501e+01 -3.629850233949337035e+00 -4.036785550870086503e+00
1.140775832921512922e+01 7.330051762743706512e+00 -5.897517336324063386e+00
3.130391139295386704e+00 -4.354324780253786109e+00 9.093024643489052039e+00
-4.755518084860621109e+00 2.412481896656490932e+01 -3.698209553525677040e-01
2.850112359142437324e+00 5.727756103955807987e+01 -3.875180921830690295e+00
-1.377627438894639234e+00 -4.395757961270589043e+00 1.219622058298447165e+01
7.408307203046662792e+00 -1.235132755073539812e+01 3.089407929251994034e+00
5.259798438750760141e+00 -1.609932922294087376e+01 8.901281034265046799e+00
1.070568222974610295e+00 2.507994882278877569e+00 2.781303364175895076e+00
3.696874115256394977e-01 -4.526414225950449399e+00 1.291856331834730476e+00
-2.801739591541524632e+00 8.294467508118192001e+00 -6.409164268744333093e+00
9.199403564591690952e+00 -1.065307894485222340e+00 1.986615025889577835e+00
4.692905574364357180e-01 7.582359230734373456e-01 -3.203035952595276736e+00
-7.789465583675985627e+00 -1.455315752808076013e+01 -1.506683436021839240e-01
1.860507346388561345e+01 5.158695252983886093e+00 -9.298040835053468456e+00
9.463427735656605222e+00 2.428136106045226672e+00 3.902147132028231269e+00
2.861789108323231634e+00 -1.239059810196399963e-01 1.683519659070747965e+00
-2.080276093156739670e+00 -7.617994221461549920e+00 1.287193197084316054e+01
-1.697263346478054213e+00 -3.218817210807462192e+00 -1.311418641209337821e+01
-1.148613163469666887e+01 8.544394680762010807e+00 4.141447667702626845e+00
1.050511768257477030e+01 1.072497925954741405e+01 -7.130818023589286625e+00
2.254957922537992943e+01 2.461590184885126043e+00 3.137710032473571609e+00
-5.164206499070047585e+00 1.370846725959766310e+01 -2.061789527334305561e+01
7.331285398127772801e+00 1.068921610348972262e+00 1.689380490135293300e+01
-1.222027970544927067e+00 -5.631352186291141315e+00 4.035758622179762511e+01
3.148668040087378017e+01 4.607624829213090023e-01 5.278956350466097902e+00
-3.123823927676742329e+00 2.227437449729011698e-01 -7.667689460420834102e+00
2.771113560686227828e+00 -1.097362369898321477e+00 1.902859841088375914e+00
3.561332468243775029e+00 -1.060411261465951149e+01 5.999732266722744178e+00
-4.082081519799512392e+00 8.162883001265495153e+00 -9.443314070976597918e+00
1.804874172339416205e+01 -1.568174094207675173e+00 -7.790761701391083704e+01
3.144175839233747549e+00 1.241611535851618653e+00 4.368527866063003917e-01
-4.099715038823243418e+01 3.550442239329269256e+01 -9.163297787672630079e+01
7.696479352289783193e+00 -7.585629447963803784e+00 -2.621761476479806507e+00
-1.320710445854361303e+01 -5.891367165019317120e+00 6.940330543098491844e+00
3.930374739822868779e+00 -4.334088428541901017e+00 -6.059882170402882906e+00
-6.528885315126075284e+00 5.527990988492929025e-01 -3.707105887709682968e+00
2.972763850325127813e-02 1.991727702221084417e+00 -4.141626337728162355e+00
-6.312547935420861123e+00 -1.607545573716562703e+00 4.769245965072785864e+00
4.058285488632601634e+00 1.826596769569081236e+00 5.051878073012392889e+00
-1.613218214921102955e+01 4.852715366931060537e+00 -7.471066900238196862e-01
-4.213778317699186649e-01 5.619174880132269401e+00 -1.236232322636454306e+01
1.492563143360435607e+00 -2.655287538635988653e+00 -2.786720373388337446e+00
-3.641503331524324949e+01 -8.291488848073951701e+00 -3.001388451602886143e+00
-7.561230297199945938e-02 2.528323394245620692e-01 -1.419096271938293352e+00
4.607718891490405255e+00 6.997874199529480421e+00 -3.163944219228588928e+00
9.100931405303823496e+00 -1.703830336337572504e+01 -7.578635608856876260e+00
1.323820896363836708e+00 -1.318869332278092088e+01 -1.213586947723215559e+01
-3.317759384271481871e+00 -1.749880816061624156e+00 -2.053066239767861401e+00
-9.022351113681757795e+00 -5.476452434244786893e+00 -8.250496656051819144e+00
8.386612376742883512e+00 -1.326623474831918892e-01 -1.252873478510477945e+01
-2.320864332552696041e+01 1.141162365144968760e+01 -2.065700272613078425e+01
1.970372132655972219e+00 -4.988305606624662047e+00 -2.120197590000453824e-01
-6.379084521149300357e+00 2.032576922629950822e+00 5.632284352091791568e+00
1.623993439197937150e-01 8.758474157969245444e-02 2.239782881397146763e+00
9.789765047314366697e+00 7.152313875799173992e+00 -1.766539585001246637e+00
-8.203332216945019795e+00 3.684809359142373619e+00 -7.265059032488649926e+00
-1.065163498008938880e+01 1.361515790249621105e+00 1.357440186712663888e+01
9.867414315138745451e+00 -2.171039137770364169e-01 -6.424324033449230420e+00
-2.072622112298973165e-03 -7.442557903927081497e+00 1.849605625714022539e+00
3.620362667011721047e+00 -6.159628193240910043e+00 -4.613812947467378911e-01
5.994626056101578504e-01 1.621538569088151860e+01 4.749431388086657435e+00
-5.125264212686401200e-01 -4.250401061236838696e-01 -3.139707802253846936e+00
6.273765882075696076e+00 6.081580131942560641e+00 3.664138836576632308e+00
-3.149270004640963183e+00 -6.920918739652268670e+00 1.508919674719020243e+01
-2.326503423253822422e+00 -4.771691519512586410e+00 -7.624823428816757120e-01
-1.164133996918650737e+01 -1.452412098687611564e-01 1.669269154665027344e+01
3.438005600361266900e+00 -1.465657417052077172e+01 7.453663877369980817e+00
9.811793896466641129e+00 3.055956107419561363e+00 -9.523001155119139582e+00
3.324042472487621858e+00 -6.463377668146483401e+00 1.809411763100467585e+00
-1.532155207884233938e+01 -1.134561855539800490e+01 1.825473645478532747e+00
7.210332189474837605e+01 2.863795178015002918e+01 4.468504964805305946e+01
-2.726264611255603043e+01 -5.746172601675791913e-01 3.900693319464190267e+01
9.917495626791689745e+01 -1.838282436139195397e+01 7.032482430392747119e+01
6.813052955449548698e+00 -8.985542957972684874e+00 4.563843291413462566e+00
-1.637382923708003091e+01 1.896845922126937722e+01 -9.823266794715888039e+00
-1.982416607561455280e+01 1.068494876401414606e+00 6.663951424793248535e+00
-5.234615066878347545e-01 -5.967059426894812724e+00 1.085928970710965391e+00
4.383096316176584573e+00 2.548717456825784655e+00 9.201527167670227672e-03
-1.627742399534702455e+00 3.244632623345014455e+00 1.995703559142979755e-01
2.936342070245658675e+01 -1.376294795711263497e+01 -2.392097473827509546e+01
8.155948034993226514e+00 -7.453236363657715913e+00 -1.645067938599480328e+01
-1.041135946855343164e+00 -9.978254434217108226e+00 5.607032481181485117e+00
-6.619890627979639675e+00 8.342775201842673738e+00 -2.476066655457980659e+00
8.857237931156173971e+00 4.392903299050304966e+00 -7.753723342420854259e+00
1.238772972124558969e+01 -3.811033348024012835e+00 -7.593711929303823105e+00
9.788005651867546675e+00 1.933349840799953157e+01 5.233642759516908605e+00
4.504483498813289799e+00 8.246680287047926328e+00 1.618239959169181574e+01
-5.548611706759605688e+00 -2.455295607680769265e+01 -8.243805439902097687e-01
-2.604567970342921512e+01 6.074045402328808407e+00 -3.569991088630758203e+00
-3.304081318019321856e+01 3.654380611201356377e+00 3.446441938981834152e+00
-1.199436666549796016e+01 -1.599266359963077910e+01 6.617773987813428072e+00
8.436274352512818098e-01 -6.920409790949809015e+00 -8.320383709006241801e+00
3.482710338734468536e+01 1.894347164097571067e+03 -1.297191826954021678e+02
-1.037694793900591783e+01 -8.023596893641567362e+00 1.793230788055997849e+01
8.173612751067658166e+00 -2.772516446971416346e-02 -2.299748748961355505e-01
-1.409755734536654703e+00 -7.350660925956321812e+00 -1.064297061438043368e+00
1.985423457665656954e+01 -7.807692709773816020e+00 9.659659969085961251e+00
1.217103460007477445e+01 1.839118471497110008e+01 -3.539506165347935251e+01
-1.076129245320226779e+01 -1.258311857010502521e+01 -8.672158639576137418e+00
5.645358196514434823e+00 8.759533148245013834e+00 -2.772908596420049498e+00
1.444185026787489612e+01 2.253156688997266510e+00 -1.913135722255188043e+01
3.915130374400500823e+00 1.001120865061911225e+01 -1.318752740594488948e+01
5.146795751178537159e+00 7.339265994251946701e+00 7.664050696097367776e+00
4.303896918838874264e-01 -8.080033548886527583e+00 2.647317987910143611e+00
3.885436948697194737e+01 -9.726726103786402788e+00 -3.054664856498856196e+01
1.554517575352079461e+00 -7.563074409512017260e-01 -1.867463254358211477e-01
-9.080575674298829725e-01 3.132142129123299590e+00 2.284970120010215044e+00
6.993120787993162280e-01 4.739688313470766801e+00 -1.665831431536547313e+01
5.154415206081938372e+00 -3.742468376636109095e+00 7.345392821080244161e+00
3.531329842692049414e+00 4.943879738009371749e+00 -2.358496646324009127e+00
2.215170047622625482e+00 7.348661740035850265e+00 6.113812036770007730e+00
-8.044562979504442879e+00 1.184679123567176307e+00 -2.420405140015663203e+00
-1.032079312948365590e+01 4.212463821244401885e+00 -1.650264508521531326e+01
8.044194364969655675e-01 4.390646576660167888e+00 3.338994341693739987e+00
1.237656791492909463e+02 2.156374195293194873e+01 -4.867123671347361835e+01
-1.293966007520096939e+00 5.182476147871254213e+00 1.815444385864402577e+01
5.566452573795927172e+00 -4.273240494651049382e+00 2.368850871792487656e+00
-2.405759732385224225e+00 -1.091581043208893220e+01 -9.792684358849371717e-01
2.008400902710601699e+01 -2.817544727405926430e+00 2.079018352101151734e+01
-3.010545799391755484e+00 -9.397827720627066839e+00 7.550223692000474607e+00
1.315330045735728248e+01 -4.337363595413846973e+00 -2.275505293844920507e-01
1.794031606296236703e+01 5.102553690343408554e+00 3.007694133158975713e+00
-6.359105890423481178e+00 -1.526292924785237481e+00 2.769576461246965327e+00
1.875341196981386682e+00 5.005184694326358930e+00 -5.350730177078976801e+00
1.092695960765793117e+00 -1.549122380570457258e+00 1.728006890515998872e+00
-1.427329792405419262e+01 -3.149880623043326722e+01 4.777965939178678845e+00
-1.881574384713127074e-02 1.291550790538969551e+01 3.624971728027780227e+00
-1.530011124305240955e+01 1.178538551814811042e+00 7.821925719365162344e+00
3.666229829422738451e+00 -2.987596015283112916e+00 -9.171677833924224643e+00
2.966491107284082318e+01 -8.843783097603790111e+00 -1.842007454025931779e+01
-3.203603338234366493e+00 1.653033073322821167e+01 -2.814986484312730575e+00
1.428809323066736781e+01 2.613938054135598321e+00 6.043429354002151754e+00
1.226972416230211493e+01 -1.332187005015499537e+01 -1.787563231644574913e+01
4.407364844417175354e-01 -5.370945126982138440e+00 -1.325052695407754300e+01
9.569690541187478305e-02 5.656522995622279559e+00 1.374754964000479163e+01
9.074909670052711874e+00 -2.604707127854191562e+00 -1.156898452446478487e+01
-1.546534659136498391e+01 -6.249903535950952715e+00 -2.243996407062181397e+00
1.308161574638340596e+00 -7.612543284799682120e+00 -4.089856480324765897e+00
3.019564159617042876e+01 2.075264075137632247e+01 7.945451696693309196e-02
-1.093654911290120602e+01 -2.555400171220339800e+01 2.505596128654075105e+00
-4.334800813182080503e+01 -1.562735818766071816e+01 6.189103526958605883e+00
-6.667763105726219663e+00 -3.891307198342986773e+00 2.981280431833313038e+00
-1.111515163445434967e-01 -9.527514457690397620e+00 -7.518863951354779473e+00
4.726076299090506083e+00 -7.580627635093640571e+00 8.390659821181959188e+00
6.703202732287011578e+00 1.685487951816842411e+00 -3.096281875334963463e+00
-5.232010710922947894e+00 -5.154571161435103299e+00 -4.142404186678170674e+00
-1.811127109937380553e+01 -1.237583556010102797e+02 -6.246242141841506168e+01
3.692464694555188220e+00 5.916613999996004347e-01 3.849614250463346377e+00
8.280138341086745513e+00 -2.987120651840369945e+01 8.014003361602979325e+00
-2.489670865004236511e+00 -1.545306184839707164e+00 2.519231587130347449e+00
-8.678650864598527193e+00 4.891748299991393267e+00 -1.104808604236137803e+00
-2.219874866796515800e+00 3.664837256193209658e+00 2.592368244541756628e+00
2.201048713984294469e+00 -2.122332045304050396e+00 -1.072038596549301115e+00
8.908890634967734812e+00 -7.253399536106875267e+00 4.127756079571608949e-01
4.024271723063939277e+01 -2.742976935500281854e+01 -1.502860267771682423e+01
-2.354557718039595571e+00 -3.840368575529445661e+00 2.033724444626283212e+00
7.121314669786538154e+00 3.943732991611618166e-01 1.187832717401737792e+00
2.103515059603678239e+01 -6.741026328829065051e-01 6.766815600554174637e+01
-4.529514221663824891e+00 -9.081020190261957836e+00 1.362883956862388501e+01
9.987151350246698200e+00 4.307941169466931619e+00 4.253842815966367041e+00
1.888321133935932927e+00 -1.086051135908482346e+00 -3.486005577076170425e+01
3.977734111916394699e+00 3.592196827293362560e+01 1.638326022435287399e+01
-6.709916725132937465e+00 2.031656071941012165e+00 3.274808978866618592e+00
-1.060321417585184944e+00 1.690251319360647209e+00 1.056813465292312770e+01
2.599518839106921497e+00 -1.720576748687255275e+01 4.236913183982061071e+00
-1.072553372802993543e+01 -7.135599221259425029e+00 9.163793458893321642e+00
7.622701893586473432e+00 1.898213503011602077e+00 -1.650793012119396863e+01
6.145957724227734786e+00 -7.923634675158750973e+00 -2.552712206299306175e+00
-5.081817391426828756e+00 -5.948918357591414185e+00 1.849599336944955263e+00
-1.345099137343857221e+00 6.663848727738241884e+00 -2.697129067018203319e+00
-1.983223531961946007e+00 -5.390192317903016672e+00 -3.377063685862759179e+00
3.888732687675669819e+00 -1.490888023796501649e+01 -4.665839796709779108e+00
-6.873447815023728813e-01 -3.751338463422467839e+01 3.721755886336219454e+00
1.064329512461066107e+00 2.978696564319222695e+00 4.688964844856085001e-01
1.384205115913884931e+01 1.747313886225416368e+01 4.860753909175593357e+00
-5.606798801237728114e+00 1.063700161535936850e+01 1.167896375808916964e+01
-5.356221663714257453e+00 1.026971977720129736e+01 -1.031730146067552134e+01
-1.294646339909324162e+01 6.027267077766359504e-01 -6.401737612337798922e+00
-7.304572833912014396e+00 -3.111959573510790111e+00 -2.203559087800616503e-02
7.154861918507006813e+00 5.055968226086681838e+00 -4.538953768532815403e+00
-1.435186897577709075e+01 -1.194573156436734784e+00 3.982112613962391912e+00
-1.046560459120170622e-01 3.116462809386951527e+00 -7.802090703335307076e-02
9.889184813413084640e+00 4.252248592836285646e+00 -7.370099944751678400e+00
5.820283617082475658e+00 -3.803061162358430281e+00 1.777548979860575074e+01
7.116152537602279393e-01 4.643873456230783958e+00 -2.378223418641858444e+01
-1.042487193693792413e+01 -1.481543843765407331e+01 -2.360998756623528649e+01
3.162753147181045055e+00 1.226116846859476306e+00 4.242491042243912602e+00
-7.041910948920966362e+00 1.073284033324315434e+00 -4.759089204789315630e+00
2.106569319153779318e+01 1.002283678904497988e+00 5.675820819864852318e+00
-6.092996351878037231e+00 4.905666698244262491e+00 3.818718958446701617e+00
-4.680298751578898298e+00 1.204317736530615335e+01 1.783702021422428174e+01
9.350870586450017896e+00 -8.127411252609389791e+00 4.840431457489285383e-01
-4.912647936500456503e+00 4.099769797919933012e+00 9.980539093173824483e+00
-6.555942205078428842e+00 9.484556304969741447e+00 2.989122574918023467e+00
-1.967849812896944073e+01 3.164867980912640988e+00 2.965698527425903119e+00
-1.469339867763414409e+00 1.149925598468547028e+00 2.625560378442454379e+00
-1.085366104286711497e+01 -1.577600725970717832e+01 -4.905324235278752942e-01
-3.629164851331862174e+00 3.644764734553897600e+00 -3.466760340737743640e+00
1.173875592494117726e+01 5.623055659002827333e+00 1.452992774878761217e+01
9.021500120519266375e+01 -1.543375926992650626e+01 4.948193034950800495e+01
-2.712926266145456733e+00 -3.090246241218658430e+00 -1.436473388857981925e+00
-5.604037081611981996e+00 8.517182316064019432e+00 -1.249735330028997060e+00
-5.665277509826372793e+00 -9.191205488492878439e-01 -9.856904508461367342e+00
2.782617840082812766e+00 -2.845932303687294329e+00 6.091693671339626803e+00
-1.235564332218950767e+01 7.371463760939739984e+00 -3.852620033357020191e+01
2.550540070704776952e+00 7.590179037856562339e+00 -3.863301233413705127e+00
-2.870677723893702460e+00 -1.625737326825612428e+01 -5.304365464541519692e+00
5.160174235092080863e+01 8.318429740426969587e+00 4.565175495614575141e+00
2.341879351483866945e+00 1.349013808527394431e+01 -7.664579298611367442e+00
-3.957216190916053922e+00 7.244918360193072893e+00 1.381638081640198656e+01
-3.045517503367175527e-01 4.510556977957939750e+00 2.191006689512959849e+00
3.713033727172810217e+00 1.518229613355444663e+01 2.805245970185181292e+00
7.581892654817411703e+00 6.842034338831179063e+00 2.384377734527530990e+00
2.002636807494267757e+00 6.985570523580269864e+00 -2.936104967874100247e+00
-1.199509358233540102e+00 -2.398180004712923974e-01 2.229846538081244667e+00
-2.089783900634136771e+00 4.069902454170192918e+00 -2.472273086213256832e+01
-1.077381126901346597e+01 1.917128879202247305e+01 -1.751586215230266674e+01
-1.202407716117715175e+01 8.416054004967950419e+00 1.031778288443637592e+01
-2.913743578223277009e+00 -1.308161371128010897e+00 -6.175286518016410930e+00
1.433023739274434938e+01 3.463090478137889061e+00 5.013433130907342772e+00
3.873242366128984759e+00 2.887939496499329017e+00 -1.314981390542390161e-01
-8.322647510115110947e+00 -2.533663884401098354e+00 -7.041435649061028812e+00
-2.085426098433168818e+01 -2.488354474862289933e+01 -9.281961192295132435e+01
2.613804265702282859e+00 1.367028503953058527e+00 1.151227012037845121e+01
9.934006492720165449e-01 -5.538317583096898034e+00 -2.854223547644943793e+00
6.109601808936877099e+00 -1.333987940148650519e+00 -1.289028317213782771e+01
-9.543151747035757637e+00 4.323123402598651666e+01 -6.163585484639278356e+00
-5.770779695490968919e+00 -4.816455491939986011e+00 4.828077545268629756e+00
4.675300469375120116e+00 2.246962845253569263e+00 6.273906283901630410e+00
8.279863978036447136e+00 7.886804549365253436e+00 -2.041191215921609015e+00
1.956840812618604275e+01 2.697993246833803926e+00 4.861481040241840468e+00
4.441122147511869400e+00 -5.694309351285712495e+01 -3.767797891075262129e+01
-1.552257507728356245e+00 4.706036217166599478e+00 -3.622426581834409465e+00
-7.938997986966161990e-02 -7.809401480444234878e+00 -4.386366964265879353e+00
5.622466606806034939e+00 2.585070309173786551e+00 7.643530490900563024e-01
1.493698129179180656e+00 -5.291570206094127649e+00 1.595426515341727525e+00
-2.022113869898641170e+01 3.778789713047589061e+01 1.046678097692366016e+01
5.927999145055409258e-01 7.579172397932779082e-02 1.867747543406526489e+00
2.233478323103100127e+00 6.678922089728977163e+00 -1.104443955997392646e+00
-2.208841506093099483e+00 1.466527695261029995e+00 8.025068360411797386e+00
-2.964761785043046771e+00 -1.083722599068221015e+01 -1.061630213331903860e+01
8.296643646912750469e+00 -3.494624835255281337e+00 -3.043310381987353708e+00
-2.271406132003281897e-01 -1.397939753179757894e+01 6.501087952416662930e+00
-7.669072611093862513e+00 1.448226886919218748e+00 -5.951344510543904676e+00
1.460710591713105444e+01 2.012279661125156949e+01 -3.680484729085634399e+00
3.487187753137310153e+01 1.096038485982522381e+01 -7.523969957218820781e+00
-6.147741468865270065e+00 4.833295310023572711e+00 -2.275969125561898565e+00
-5.587732492927944605e+00 9.902947505787459193e+00 5.854010517838199235e+01
2.625114086140408531e+00 1.388732621921956678e+00 2.180673003667898513e+00
4.569241098640656418e+00 1.317347645866293160e+00 -4.006889410430440002e+00
8.981553957422240941e+00 6.534728261168901930e+00 -7.290372003357718178e+00
-9.339334404926726840e-01 -5.343848504099092622e+00 2.821443553698949724e+00
4.463763189464986958e+00 9.245517925064376641e+00 4.319420009761431700e+00
2.185649862655584030e+00 3.277963574997991181e+00 -4.827523431910505813e+00
-2.029366940595165758e+00 -3.033616718386223265e+00 -5.384486256912870417e+00
-7.341436590517244731e+00 2.636927046747898462e+00 -5.562776788049339061e+00
1.414723481098149094e+01 7.505178213964692091e+00 -1.596772062439814199e+01
1.893855590916107801e+01 2.794192764168399012e+00 1.311253266330054146e+01
-2.233777397594194358e+00 7.756041363070761641e+00 -3.954731881579477637e+00
-8.862114534243122677e+00 5.340907431296331609e+00 -6.979943878685807235e+00
1.536558174881747174e+00 -1.554450376788862975e+01 1.267334113527844330e+01
3.349136919207472829e+01 -2.198647936383549606e+01 4.366693812014690224e+01
2.011674834254043986e+01 -1.081096218263451014e+01 1.202496760709356138e+01
-4.947704692209604627e-01 -6.579778478990013113e+00 -1.470928592176809424e+01
2.262175711222609920e+01 1.473902253332743761e+01 -4.863386993949107762e+01
7.891068345649901339e+00 3.837721570928624981e+00 1.071138508280307100e+01
-3.237009399737245552e+00 -1.203933270394615107e+01 -1.232788769419860664e+01
8.280764815800123912e+00 -1.251024468084482866e+00 4.822534481510429849e+00
-5.053890554814627123e+00 -1.831757868289055580e+01 -7.440857751457237157e+00
-1.431340644591386546e+00 -1.383283742504570846e+01 5.019339425630554352e+00
-8.149956240566569310e-01 1.743903760178989515e+00 3.456656536397355595e+00
-4.444859413665441572e+00 -1.832905780223128334e+00 2.891645123667946571e+00
-1.849646085152578223e+01 1.029218987409342567e+01 -2.006342936634825591e+01
2.223915215130316980e+01 1.718917796405457921e+01 1.103873432725231574e+01
-8.856928390015287533e+00 3.575729199645158118e+00 -4.529116459407361184e+00
-7.487124105495812643e+00 -4.018212577998219182e+00 7.664081647051530943e+00
6.374877121575931227e+00 -8.005101647767055795e+00 1.252830871499241283e+01
-3.331746573980495896e+00 8.631474774488870239e+00 2.826916230587954715e+00
3.425564399441565655e+01 4.131389707489809382e+01 9.183751205627514125e+00
-7.740025490298112487e+00 -6.848244892474187218e+00 -2.160758266539873074e-01
1.424519567864218494e+01 1.240817105701224721e+00 1.493503267836273407e+00
-2.414177522869300319e+01 -1.189979134154517615e+00 7.851886968792157973e+00
-7.137498844003670406e+00 -4.775533470943012837e+00 -2.933551550472419223e+00
-1.013186253976246576e+01 1.399844575809477831e+01 -7.764510942230233859e-01
3.187593870357668280e+00 -6.964537375757414495e+00 1.379664644565782305e+00
4.111409555576092778e+00 -1.752187271224476106e+01 -1.178579951731843245e+01
-9.360525397385563551e+00 -2.008593940678159839e+01 -5.199474640132407011e+00
-7.354554829298503016e-01 -8.263569193061780283e+00 -1.568169184184388998e+00
-1.807249423362346619e+01 2.239911757389947411e+01 2.354508142877814336e+01
-9.853566232310077666e+00 8.272982492851129521e+00 1.878116098703300318e+00
1.064675011066840682e+01 -7.298624961641920095e+00 7.973847421504696165e+00
1.059492993454860255e+01 5.753713434614011746e+00 -6.991815809428304718e+00
2.589303888180776880e+01 -1.307009809460182659e+01 -2.589939170450782591e+00
2.814581539972663693e-01 2.106357709265715972e-01 4.967060877681253039e-01
-3.073032539943389541e+00 7.617058255499038033e+00 5.422545984921376849e+00
-2.349865308024531085e+00 -6.339079608619504036e+00 -3.061713769091290338e+00
-1.379102944798846586e+01 4.155109420460100650e-02 -1.733313802677164261e+01
1.815634653280924127e+01 -8.676418923108718317e+00 1.823484542864818181e+01
2.687137740526489349e+00 -3.331029323354389504e+01 -1.567344168934036297e+01
4.002922645757265308e+00 2.118383931117598096e-01 -3.759780641665181111e+00
-6.478158964541266052e+00 3.445709059861878032e+00 1.630332423543027875e+00
-2.586833991526981080e+01 3.124772142416427201e+00 1.882806383891495017e+01
2.812141566489566813e+00 4.469554187174210824e+00 -1.947913180915234799e+00
1.745523127101018090e+00 -5.555312516228820385e+00 9.905581054452971657e+00
8.269282406326800006e-02 5.669806205583529213e+00 1.566439643692438466e+01
-1.411366435377995998e+01 1.049159263277346632e+01 -3.551286989180229625e+01
-3.140071252814522929e+00 -1.525048242639448404e+01 1.293385098858821713e+01
-3.260473765666184853e+00 -2.133739425626001163e-01 -5.050735825448020577e+00
-6.385863826779941910e+00 6.403025027772341282e+00 -9.264704069795062225e+00
-4.944708685132750858e+00 -1.304638225460826462e+01 -1.281954595855826717e+01
5.561066008387653525e+00 2.662862166351283477e+00 6.214116705054267165e+00
-7.053074547524709637e+00 -2.124580410058820945e+01 -1.447778418183047577e+01
6.295452322851615712e+00 -1.943394067861591079e+00 2.825496189116792678e+00
-5.181942724078171025e+00 -4.036293576073941125e+00 8.457042502847926357e+00
-8.712012063026241648e+00 1.804307564223512017e+01 1.125298360943084397e+01
-2.491363149304945779e+01 -1.543848861788344351e+01 -5.032990748950999738e+00
3.193013035484011830e+00 -1.298725063890629805e+00 -6.768837885597148052e+00
-1.272495015497763404e+01 -6.567042060666400616e+00 7.971434088459433021e+00
3.639762861365083868e+00 -1.125512282574826450e+01 -2.411996580792619138e+00
-1.726644179805029822e+01 5.910178689389053375e+01 1.935328070915419829e+01
3.692108657616552048e+00 -2.399752933069724037e+00 1.353039128198171804e-03
-8.430755754989057493e+00 1.149347377362787093e+01 -1.818300465481514649e+01
-1.711824357475583724e+01 -2.864428148797704665e+01 9.274056494441664356e+00
-1.795439069731582737e+00 -4.130552732530793136e+00 9.197406124827285367e+00
2.725643770917634257e+01 -1.575930426064914291e+00 4.831791429005115823e+00
5.244451300475678757e-01 -2.747942925802787872e+00 -1.145445087910452964e+00
1.765771813517916122e+00 -7.162187250789686210e+00 3.097158342390281049e+01
8.592024644232592934e+00 5.322025167691669445e+00 -5.389664220151747287e+00
-1.798370622077781888e+01 -9.725842222474252452e+00 -1.366331125672005342e+01
5.025067737805919421e+00 -6.733258590681307609e+00 1.226900802059145335e+01
-1.918358587174961993e-02 -4.815461733677298684e-01 4.939086609700815700e+00
8.500168399990867485e+00 7.104319684052198269e+00 -7.644884320463401828e+00
-1.183879455548590753e+00 -4.376021675460921578e+00 1.542782105130195314e+00
1.308047392220804106e+01 -1.544752227877908624e+01 -1.669939214580269038e+01
-1.150064348565049954e+01 1.385720747138019426e+01 -1.488004204350775161e+01
-3.469681803626813998e+00 1.345512229068575216e+01 4.310753976928339171e+00
9.303020886069344186e+00 -5.329858650678043652e+00 4.669940205518280152e+00
1.321123754542203343e+01 8.974488118535729697e+00 2.255067687011670685e+01
-2.716521854390103741e+00 8.977809141143596960e+00 -2.060545592734794429e+00
2.488757203854768818e+01 4.677789947244668411e+01 -4.690016821627234123e+01
-1.657360389530608558e+01 3.563714369907324375e+00 -2.363762899371345583e+01
-9.784708000196181032e+00 -8.479824732258935072e+00 -2.784622159228415939e+00
1.681554029426850505e+01 1.428514664896983755e-01 -8.583057199116689517e+00
3.588351968365619094e+00 6.031629862807567299e+00 5.263368803496509152e+00
2.940343316518312822e+00 1.363383361871787436e+00 -3.046908336119572347e+00
5.014535616205234803e+00 -1.748083999394705401e+01 1.556715068153090620e+01
9.072703134771092692e+00 2.194522111382028129e+00 7.856516834767465762e-02
-6.504859779490666405e+00 3.315413930757136995e+01 -1.341613797899701943e+01
-3.588082678843266038e+00 -6.902440371435031308e-01 -2.150025339491280718e+00
-5.673233358594026221e+00 -8.648451544036564798e+00 -9.261165825015731379e-01
7.651043304138427370e-01 -1.978483935694358653e+00 -6.506350087506055146e+00
-2.499157147875599616e+00 -7.589853787026291876e+00 -6.445206119225319163e+00
-1.030741849731106718e+01 2.486284848188521579e+00 -1.800653663985242625e+00
-1.015310992649254551e+01 -1.953200589160467970e+01 -1.696153930661894904e+01
2.503358232162272401e+01 -6.146717460202659744e+00 -6.126677478462106308e+00
4.655411352578612494e+00 -6.470422161681700368e-01 -3.096737097850521536e-01
-6.233937568416448194e+00 -3.204537133121766246e+00 1.002650558723103025e+01
1.523486203809011208e+01 -5.668531349710011824e+00 6.925146288616843115e+00
7.380427122732924339e+00 -5.984886018884136405e+00 -2.743987930190519897e+00
-5.255296366266274610e+00 1.185700755485952662e+00 2.877560561116419002e+00
1.780329445826354995e+00 -9.722782571003095731e-01 -2.181631852760484769e+00
-1.419152468400540457e+01 4.003501427163992155e+00 -5.936194655788832542e+00
1.207918603691452297e+01 2.679429509891279260e+00 -1.436502670185778818e+00
-8.400707652139294268e+00 3.540204073418395581e+01 1.227280414726483571e+01
-9.046993891977599844e+00 -1.388263721554870989e+00 3.388943057709062234e+00
-1.098663844921499866e+01 -4.209057168029188278e-01 -2.006488979338675982e+00
-1.595256749343743063e+00 -1.731166187268240231e+00 -2.789303901183693668e+01
-2.279869881287381439e+00 -2.205901029009758929e+00 -1.009678050570367702e+01
1.213200932807996679e+00 2.268279572804933419e+00 3.570853638736253721e+00
-7.909401260885748464e+00 2.314222926562574401e+01 2.331872803890421153e+01
-6.268014072156968375e+00 2.430140209757719605e-01 -2.484962174050040495e+00
1.028522544359106128e+01 -8.387526586194534062e+00 -3.934979624023157374e+00
-5.347371053814899078e+00 -2.306098103107393715e+00 4.698948687585754236e+00
-5.012717523760833238e+00 -9.663715218311137889e+00 3.938833026294586759e+00
2.687494545409358437e+01 -7.883642087204100868e+00 -9.090702285648984970e-01
8.502417985823868207e+00 2.656171539079815958e+01 -1.057279665554847448e+01
-5.463476364110335659e+00 2.357957560646577733e+01 -1.886639463068342693e+01
1.847968188728395234e+01 -2.268248734596338423e+01 -3.005282949086432254e+01
1.741021325953839183e+00 -4.361803588910097673e+00 -4.144448187282783636e+00
7.583006407896496270e+00 -1.003781083333492319e+01 1.652250357273927506e+01
-7.458132150405572425e+00 -5.263210914466690760e+00 -1.502205307041933002e+00
4.868012379357169905e+00 2.237726039809998824e+01 -7.026246153162292174e+00
-3.873755783211702663e+00 4.249035533222240701e+00 -6.549255117564649176e+00
-5.393323727962865410e-01 -1.282468294031058065e+01 8.082899568617863295e+00
3.249649813487312144e+01 4.384779227189868323e+01 2.604348771796012763e+00
1.375387530942582792e+01 1.145083449126448993e+00 1.862812795193896775e+01
-1.362331084688843452e+00 2.767773806226091482e-01 -4.939489613830886583e+00
-1.935856997616207886e+00 -1.497014718872202366e+01 -1.167179284759013669e+01
1.790086750823804307e+00 6.289629566237273650e+00 -4.838055231345746776e+00
-3.049605054245448366e-01 -2.316515730319107291e+00 1.281535408438892132e+00
2.141782367310266011e+01 -2.130082220497201817e+01 9.150193521742445713e-01
-1.661337273238878609e+01 1.649262999145149777e+01 -1.168663508839631149e+01
-4.530360497051286472e+01 1.875707079175661463e+01 4.131940887225085390e+01
-1.810704721367197934e+01 -6.819807202326322759e+00 -1.416070286629974362e+01
-1.958462792837604827e+00 1.578516755816731676e+00 -1.449482974330686780e+01
4.348923049454465506e+00 4.881162421790975259e+00 -9.469625839797307876e+00
-1.250121159011148997e+01 2.709658206380448853e+00 4.181577928636469821e+00
-1.532268141766123115e+01 4.085783076982491657e+00 -1.236585210149273450e+01
-4.384112516803203796e+00 9.975824154290688028e+00 -7.438994006690328176e-01
5.285877925977391367e-01 -4.485504645266710000e+00 -6.721821307367888743e+00
1.452622938687939957e-01 3.015424802162391060e+01 -3.023805712835153514e+01
-1.210860604150126996e+01 -6.867065351446543175e+00 4.169048313997135047e+00
8.765351640609258865e+00 -4.044299603168641788e+00 7.448610134448610864e+00
5.312077873276067841e+00 6.396542723382660611e+00 -1.037335188951762532e+01
2.738234918629070425e+00 6.517343402694216969e+00 -3.998090102814905400e+00
-3.081013675848741862e+00 -1.017265152482254109e+01 6.945639223419683539e+00
1.290673030618708594e+01 3.129264944639642465e+01 2.387213406502757707e+01
2.271067415994559369e+01 3.057982919610105377e+00 -1.099838214637776801e+01
-6.397786675793909694e+00 2.757770879344885184e+00 7.805680388849705942e+00
6.120126288655953317e+00 4.194645968825374105e+00 9.726181185933940876e-01
6.233357845162423860e-01 7.815131880320987712e+00 -3.955337466256133805e+00
-5.038762945054492626e+00 4.963871791867958128e-01 1.007126008831959751e+01
1.086368413110670872e+01 5.653900239310733156e+00 -1.286154629761588453e+01
3.347477493292997153e+00 -9.015346229343817797e+00 -3.910542213683542156e-01
1.092067745417460323e+01 -9.390566023222461922e+00 -1.726840304555378580e+01
3.077592299168193080e+01 -1.879516137220858596e+01 -1.711599889072520497e+01
4.855874083607290892e+00 1.178077010203866237e+01 6.411450568145291018e-02
-6.945296672609686084e+00 1.345920586251440287e+00 -2.162245158352984920e+00
-4.954631134933349390e-01 -7.184539233766293886e-01 -3.816946985950935289e+00
1.204158940188253801e+01 1.029405501568180625e+01 -5.936080449530132697e+00
-2.358431329265116005e+00 -2.232929526542047238e+00 -1.636497702803960763e+01
8.190225516106641734e+00 1.017608420451907847e+01 -2.199358585341165195e+01
7.197162485586151348e+00 -9.806487837419908260e+00 4.776979005333457984e+00
1.839316451311844514e+00 -1.164357557437086133e+00 4.216530626762716949e+00
7.571187017747539549e+00 -3.683868567520847570e+00 2.153469501807679709e+00
4.633001968762948231e+00 1.579209739728890671e+00 9.842736726703081862e-01
-6.072475600930322237e+00 7.032822239577090961e+00 6.460368831855881844e+00
-9.521300725017777467e+00 8.182616203270763222e+00 3.947473848687137910e+00
-5.863107545640184881e+00 -8.871646461176474929e+00 -3.064263645980623618e+00
1.161061217144795421e+01 -1.962270181183272566e+00 4.365127914499407069e+00
1.773528635641683238e+01 9.903427994057274475e+00 -4.293912231357220222e+00
-1.982124930975700039e+01 1.803073124934617022e+00 -4.651226011418754247e+00
-1.071998593122843779e+01 -6.887095257538986992e+00 5.003278874571475576e+00
1.190711600302923046e+01 5.318946398753057636e+00 4.621868312786488353e+00
-2.218101521535682519e+00 2.882365805491866162e+00 -5.290938739360809828e-01
-1.665028871660037657e+00 -1.494518251717952673e+01 2.521449024861653854e+01
-1.700536047931582306e+00 2.942999285963477929e-01 -9.603809661173970724e+00
1.248792547265470887e+01 -2.383968598386362547e+00 8.240770378241466076e+00
1.169201981466341600e+01 1.402944934479707584e+00 -1.011075035308812708e+01
8.524241082111595480e-01 -4.132093828555749582e+00 -5.114400684942347119e+00
4.631562009173346262e+00 -5.419520080415726193e-01 6.024010333822263696e+00
4.522242936341660524e+00 -1.124693004269784691e+00 -2.861890912171806800e+00
1.027096572783470219e+00 -4.132972464418639191e+00 3.212587370695759059e+00
3.283285245130987962e-01 3.913632527235186842e+00 3.292487229854649478e+00
-1.877327012751556623e+01 4.621943121425648116e+00 -6.213545295315123340e+00
-2.277932935721756280e+01 9.821000067752370555e+00 1.512514056325554890e+01
2.808030009292389106e+00 -1.200469938726116625e+00 3.028913323979807171e+00
-1.933009211382150738e+01 -1.145591285839675066e+01 1.397591927057335326e+01
2.170054580707651226e+00 1.019013027255608606e-01 5.674296807434825451e-01
-5.290999273267918745e+00 -4.344723703375028556e+00 2.820897465280160610e+00
-1.389931906370581449e-01 1.194849853387047300e+00 5.178653668509246799e+00
-2.036934718305939995e+01 -2.257404145249812899e+01 -1.643511662837845577e+01
-1.252344808254105324e+01 1.727309290226238403e+01 1.436689878074880911e+00
-1.332977055938348876e+01 6.176553740250688485e+00 -1.375965623931875470e+01
5.118775290743194262e+00 -7.536462202226842377e-01 3.785836835925135802e+01
-2.321899034814792984e+01 -7.232733463251487471e+00 -2.323689154855399863e+01
1.983008168559309281e-01 3.783672439373653607e+00 -8.569205358125696392e+00
-1.007584145372265994e+01 -6.247255687862115714e+00 5.999922556716491329e+00
3.231688270880279212e+00 -7.275855949992272587e-01 6.597056245327875823e-01
1.058183325626343319e+01 3.688394299666435394e+00 4.084121450266433584e+00
2.151806892269147298e+01 -2.236657340572205044e+01 6.236800890884260262e+00
2.490740267377876904e+00 -4.129739802314845498e+00 -4.478494328953121162e+00
-4.157990676631253990e+01 5.645801060015876338e+00 -3.694850798198581998e+01
4.584062363227605630e+00 -5.792134874216237073e+00 5.964110505585400901e+00
-1.669848283174283632e-01 1.467894119710662526e+00 -7.817819891814888678e+00
1.240219964466238167e+01 -1.506131511728185934e+00 3.554285653668205924e+00
1.821340217577465026e+01 2.155300534778556543e+00 -8.091402092399485824e+00
7.546120606827048327e+00 -2.279064237859789177e+00 2.931941184081556351e+00
2.423539267659438678e+01 6.170743000538895018e+01 -2.359341948470483530e+01
-8.873100853872118776e+00 -1.215009107248738243e-02 7.017946395075420618e+00
5.931861937071952084e+00 1.141395185004039980e+01 1.798775807048294428e+00
1.212883264711142317e+01 2.565111790353100929e+01 -1.477792024111795932e+01
3.189166095357062414e+00 4.371751004608585234e+00 -3.216827351123766388e+00
3.366344819338655725e+01 -5.330586187816779287e+00 -4.362413046886088885e-01
3.245702746178228626e+00 4.352384074361203226e+00 -1.728138690566303204e-01
2.298077836362609361e+01 8.152949417403352328e+00 1.493135138311943599e+01
3.286305746734558664e+00 2.331438497317209979e+00 -1.560009833006573032e+00
5.083787601095777209e-01 -3.465173841838920410e+00 -3.644402011375845518e+00
4.541609863423732740e+00 9.472287954247459396e+00 5.243982130580332246e+00
1.567770130638590764e+01 -5.400100145007553643e+00 6.591217444409136483e-01
7.155940183812274924e+00 7.201754761494556512e+00 5.132411563558559209e+00
1.016146879736401232e+01 -6.015685749298024021e+00 6.866653574763200041e+00
4.045295532645802439e+00 -9.155502415276711714e-01 1.090032434449408072e+01
5.612998212062509928e-01 4.004827941293395810e+00 -5.431777635155117245e+00
-1.147154368484438303e+00 -2.052748395480810117e+00 6.237452912436824093e+00
6.175191424039723209e+00 3.171325073899943447e+00 -2.261269605825742435e+00
5.682734558574293882e-01 1.447084769956476968e+01 -8.275041317770732263e+00
5.987658688617943703e+00 3.642258580223355580e+00 7.916007315552620938e+00
4.839392889610679482e+00 1.382369508134702230e+01 -4.496660799019315924e+00
2.088776256893971173e+00 1.070548170383381503e+01 1.275242268172978921e+00
-3.532176092927507227e+00 2.280529439858956398e+00 4.091805935444554621e+00
6.139914530541429549e+00 2.394212822625578496e-01 7.928960069005105415e-01
-8.075378505195413936e+01 -1.332130702229646602e+01 1.149159100201351293e+02
2.703709969015361203e+00 -2.428395393715429673e+00 1.212102388210103632e+00
-1.390422160059632539e-01 1.441351825019901112e+00 4.551590674042126139e+00
4.948025024947896533e+00 -1.936993681004577805e+00 3.302388906331475305e+00
6.329181393984213699e-02 2.655576864568655715e+00 1.199089711909829781e+01
2.005644607137075042e+01 2.929090270456077505e+01 1.277581149431483887e+01
-3.633615443333043515e+01 3.117335840791596624e+01 -7.933599553840883445e+00
3.967935695653450057e-01 -6.587976728440549934e+00 4.560709967079453087e+00
5.192153359695775627e+00 -3.725718157514813722e+00 -1.754047620543326858e+01
-1.550685685802453229e+01 -3.244583585946503490e+01 4.751614327142658745e+00
6.852461663325238206e+00 1.646946811032540259e+00 -8.742442717938100571e+00
-5.372627451239317509e+00 6.939551576249357367e+00 -4.049576365423178004e+00
-2.458163109503468835e+00 6.056393075300661177e-01 -5.413080634288192083e-01
1.017195282213386953e+01 3.514641631074348993e+01 -6.966792760886588098e+01
6.991615701696326290e+00 -4.230456759041324039e-02 -4.284356575360749986e+00
-1.777801955707727188e+01 1.318233890355686810e+01 1.040970789483233538e+01
-3.471131340867368742e+00 4.489662726702479567e+00 1.987122175537961444e-01
-5.114522209304946943e-01 1.127592946553845366e+01 -9.271939793159357235e-01
7.865153117283066875e-01 -9.122752319525568865e+00 7.672531237531863724e+00
3.840077558530871626e-01 -3.229060795302884923e-01 -1.274778475918743714e+00
1.775742359261308190e+00 3.189136633656263431e+00 2.152166694295552851e+00
2.700248897341535947e+00 5.477628769961115474e+00 -1.496962598332072902e+00
1.698710971922088220e+01 -1.852273798917171277e+01 -6.334720214119598403e+00
1.004660472083202905e+01 -3.724788577674456480e+00 3.853827392571249622e-01
4.009325964249567775e+00 -5.961001302063771767e+00 8.126441864517483182e+00
5.260069671843586647e+00 -3.129841629917716528e+00 -3.067292848350206658e+00
-1.234878918179746599e+00 -9.142409791446143075e+00 1.213426197663306461e+01
-3.128368590639467683e+01 7.888636042105088109e+01 -2.897790213187520081e+01
4.811503489679494372e+00 -1.132690600798246905e+01 -7.068701570924348587e+00
-1.502581492412818776e+01 -9.951728754041516467e+00 9.748916758536621430e+00
2.650711166982238254e+01 -3.624451565681830090e+01 -8.362321246053028290e+01
-1.080159687437019933e+01 2.284035347305342967e+00 1.560298365789808628e+00
-1.021610246426633317e+01 -1.716087704335274911e+00 -7.254271796354350599e+00
-1.206742204020099507e+01 -2.065784569868682752e+00 -8.105379893468919406e+00
-6.056626588083544149e+00 7.675310917645444597e+00 -3.116055944475589978e+00
1.397985065666610716e+01 -3.220994781983362287e+01 -2.431999680903660277e+01
-1.226131269686043623e+01 -1.557729740877674196e+01 1.780573271660549040e+01
-2.629297541099159030e+00 -1.822120258415278116e+01 2.885523368225760166e+01
-2.197562249603995355e+01 -1.116359741504930270e+01 -4.315486921208531168e-01
2.582657641313463426e+00 -2.195139455330054057e-01 -5.208764793986873087e+00
6.328287234676358786e+00 7.569095337243901156e+00 -5.523006221583020903e+00
-5.019654794559943234e+00 -2.902032636412552158e+00 -1.067633690242725208e+01
9.198345140928291030e+00 5.253591373531222075e+00 1.025979248106433150e+00
2.031050395392546548e+01 -1.528471383011583562e+01 1.814982064252722438e+01
6.231433558339150025e+00 1.031340083033738786e+01 -2.234772293163595491e-01
-2.599440147754318531e+01 -7.280022534497619935e-01 -5.159245158205037818e+00
-3.868057264717427390e+00 -2.691719852045426631e+00 -4.157075462896311357e+00
2.472301904101446457e+00 -1.439831574649621082e+00 3.359242280867472896e+00
2.645330898541510489e+00 1.377070919177341146e+00 -2.421946361136676273e+00
8.552890295381393670e+00 5.349311071750506130e+00 6.595228946876934728e+00
-7.143865621902656393e+00 1.835416642907732765e+01 -3.154254682148572897e+01
-1.597148245506937592e+01 1.609474694656682203e+01 -5.876819597295079411e+00
9.256512810809681469e+00 3.008622785785803444e+00 -1.609395676110013085e+01
6.562814971395559027e+00 3.977891859247875139e+00 1.035903105011040992e+01
-4.602520960585808396e+00 5.106568948983215783e+00 2.975359814231810507e+00
-8.219488029865326340e+00 2.111194779364116147e+00 -3.110154597224104034e+00
-2.542748850558977924e+00 -7.192040551511318824e+00 -8.375245922270622145e+00
-5.528577016773674302e+00 -8.643323942664176585e+00 2.272014062983502392e+00
2.890405513922328140e+01 -9.087114148955715009e+00 -1.490754909491878166e+01
3.981154449326751998e-01 -5.234482185093460060e+01 -2.673241322735670877e+01
-1.606213811737421948e-01 4.468367138627508339e+00 3.186074588397011631e+00
8.690302473669289540e+00 -1.934951651880745516e+01 6.200566371476037730e+00
-2.235897336675758851e+00 3.777117555035198748e-01 -5.707969110314464523e+00
-7.572693857620357072e+00 9.375317135481985531e+00 -3.291181150672002342e+00
4.457317052771004207e+00 1.315734051120635151e+01 -2.377210684977667299e+01
-8.632720512853856221e+00 1.655835980016155728e+00 9.815195701224328495e-01
7.418982330119815671e+00 6.326850470702969353e-01 2.258384987806643984e+00
3.992613149278477547e+00 6.743064270843019514e+00 3.597688521724228927e+00
5.927130805890171716e-01 5.816895418024266462e+00 1.257214846307135314e+00
4.858632382785375370e+01 -1.950864309020210285e+01 5.182393996579881446e+01
6.707389454813698748e+00 -1.171875592033694602e+01 6.220953076978285701e+00
1.518277754594464746e+01 4.911075531665314742e+00 9.401693682221679893e+00
4.301341123236914754e+00 1.110992172926375643e+00 9.070096253108914652e+00
-2.157241405978545856e+00 -1.566231742579947905e+00 3.910925494861138940e+00
1.788817240392303631e+01 -3.974097447909037406e+00 1.389958963959710081e+00
6.105656503860873840e+01 -1.273808581854807720e+01 -5.316115391082852248e+00
1.828371580534749186e-01 -7.123985310056943021e+00 1.958434073081170013e+00
1.207295546172219569e-01 -3.394524586613045347e+00 -4.602830538299508945e+00
-1.405693467112666184e+01 1.058971651665844682e+01 -1.460387851633930723e+01
-5.262139034116637859e+00 -3.253854298254279520e+00 -5.875601867323727134e+00
1.186292509121870431e+01 -2.618034350509909736e+00 -3.706110573060364288e+01
3.301113972301895672e+01 -3.593213064787876476e+01 1.988689719517308063e+01
1.263604543553910453e+01 4.058805367618318449e+00 -2.956811051454553763e+01
1.438274104680557608e+00 -1.111159960405231351e+00 -4.488133609321800499e+00
-2.136088622064239662e+00 2.644663235483226238e+00 -8.448987787290812790e+00
-4.031382974833003630e+01 -1.454096614341172256e+01 -2.422140829281093133e+01
2.175619106341258213e+00 7.822320544134266029e+00 -2.827337788014687714e+00
4.836437724440190600e+00 7.991945433592024806e+00 -9.733003928514555980e+00
-6.142230925151476839e+00 1.074267901988934959e+00 1.225645166179651646e+01
-1.318962141524973264e+00 3.829967648217777132e+00 2.622028033316436968e+00
5.355939536788116406e+00 -4.639305033386539989e+00 1.071975033366601870e+01
5.682376308108301188e+00 1.219200399013432801e+00 2.353653683444571154e+00
2.076855258952550543e+01 -1.054525810756028692e+00 1.156118044986454052e+01
1.148687751328612627e+01 -9.312776389237626518e+00 -1.251961843811170993e+01
1.249538145295805691e+01 -4.358393975059610348e+00 1.507568153141176737e+01
-2.854570334817871924e+00 -8.443764659032854780e+00 -7.795032501414830506e+00
7.536919845408314167e+00 -6.733833059382869912e+00 1.286452690476973970e+00
2.061933483644266207e+00 1.432693508659785309e+01 -1.029937582700103782e+01
5.275966974371418594e+00 8.888713474249346547e+00 1.394437431816242801e-01
1.966852487283738427e+01 -1.582581530982680285e+01 -3.633963852113535342e+00
6.263889885896882248e+01 4.650672111105313888e+01 2.375997605417411052e+01
3.274382005884243796e+01 3.746848507180291676e+01 -2.510229645531072151e+01
-4.072970376344215993e+00 8.204563127716686388e-01 -9.904933573708285977e+00
2.721468788477714451e-01 -8.702081416531761704e+00 6.559162466282977277e+00
1.034243695159038268e+01 -7.186490141334102688e+00 1.331103381501999117e+01
5.110648918902636062e+00 2.197611983047667861e-01 -4.023067855232962842e+00
7.626291170341089831e+00 5.345128431077888820e+00 2.307980617500404452e-01
1.844693875582099629e+00 1.226300368428338700e-01 1.638695042904398713e+00
3.436505564783836064e+00 -2.329024979010175045e+01 3.616608121470853199e+00
-6.025635619133762333e+00 -7.978249061292287614e+00 -3.838431007903474246e+00
1.473902083006242769e+01 5.515274382764521199e-01 -1.033639731748174739e+01
8.553949562649778571e+00 1.168156931149999167e+01 -6.433393961479854539e+00
7.259282710272143113e+00 2.258582511038456087e-01 6.470518128674604519e+00
-2.242087195080762374e+00 4.906692151513496469e+00 1.859597563548834032e+01
3.113543276310160923e+00 7.505947227002830457e-01 -2.442492693005048121e+00
-8.948775505066874913e-01 1.946426815047385261e+01 -3.439211519842652276e+00
-5.321320592081091760e+00 7.472958310100226154e-01 -2.874832133873052586e-01
-5.010001280382684996e+00 -4.014024616706341142e+00 1.084395824448177770e+01
-1.306956367849681389e+00 -2.296654718966102493e+01 2.187492808654853249e+01
1.579696835096195784e+01 -7.636853145479038041e+00 1.904099572622235570e+01
-4.146337318869501409e+00 8.445060091285684578e+00 -9.677341637874256719e+00
5.888176394897504196e+01 -1.224564373929853645e+01 -5.349675136993299418e+01
5.497454389485752380e+00 2.159963781816196526e+00 -7.915731046029740314e-01
-1.293968169869941143e+01 3.560571517835472655e+00 -8.154363360613215761e+00
-8.843172644465814969e+00 4.420016966638441680e+00 9.195046366495363444e+00
-9.532841820711492886e+00 1.800131256024154141e+02 -4.142220319431924480e+01
-3.544231429240567000e+00 4.490232488627603935e+00 7.257203405365872939e+00
-8.686123163276732839e+00 5.926175434215410931e+00 1.462877008640668164e+00
-9.189124112141268341e+00 1.322851990806458211e+00 1.416855447853815342e+01
-2.978305025935204853e+00 -7.361638675157688105e+00 9.773932522897576192e+00
-1.209728710141698116e+01 -1.634809176209412840e+01 1.409582604405491679e+01
4.984712392943333903e+00 6.999113095846281496e+00 4.406543821696023144e+01
1.558003686914181074e+01 -3.215359500263956960e+01 -4.315755891155295565e+00
4.658805312851890257e+00 -4.312058882987410691e+00 5.999185213218175328e+00
2.330997938156686544e+01 -2.916407411432490715e+00 -1.315420012298813779e+00
3.396181216072454134e+01 2.370304876983972520e+01 -6.190497512413389103e+01
3.610028550821239524e+00 -4.631555956277002117e+00 2.338139577860322227e+00
8.691168194796127011e+00 -1.036200432212845257e+01 -1.223969750896651298e+01
8.332599344971200139e+00 -7.886058896988893174e+00 1.556201609702601907e+00
6.324180147681183861e+00 -4.462141843219825432e+00 -6.644118321323349896e+00
9.728900701968905551e+00 1.605698300054378302e+00 -5.956931101363570846e+00
-6.354064708944629380e+00 -1.013175309428262061e+01 1.572818885069750294e+01
2.348789320301106898e+01 -1.437460556955377733e+01 1.097475224623878631e+01
2.212519601957459781e+00 -4.940083184562379159e+00 7.502207404385910827e+00
8.902541820134709383e+01 -3.726914562841064082e+01 -3.602739644921620510e+01
2.174777070710925297e+00 8.411827666032548834e+00 5.653351486256643632e-01
-1.101978854857034484e+01 -2.822090246654669699e+01 1.809420824800140792e+01
1.241429920112751972e+01 -1.373424792325212307e+00 -8.399830522758482410e-01
5.753361218761350315e+00 -1.884216878676990836e+00 4.860367010014914335e+00
-1.003496416303511296e+01 -7.374400820264728651e+00 1.261083475677128411e-02
-1.048616654722031249e+00 -2.772871271242366653e+00 4.039502822247499625e-02
-1.712702740414806746e+00 5.267786589416501464e+00 -7.018145981256752819e+00
2.160869558389638900e+00 -3.293122514603619067e+01 1.935282797556603995e+01
-7.002706372794688383e-02 -1.746743691608821791e+01 -8.881880071925126074e+00
1.412956399654881068e+01 -2.173854721810519663e+01 -5.129374119099077944e+01
3.087342415402398288e+00 1.574364606828649427e+00 -3.039116262493925635e+00
2.220678332442105773e+00 -4.452680021180218439e+00 -6.191929307149892203e+00
1.104515471320623554e+01 -1.801652498807181502e+01 9.566862578473804835e-01
-4.857510910264421611e+00 -1.710163703287382475e+01 -8.169781208966430341e+00
-1.972100272926419606e+01 -1.114001632618154147e+01 -2.536241582474793255e+00
4.838552193073775598e+00 8.864281001895273349e-01 -5.854235356940020729e+00
-8.976618841199542231e+00 -8.363088497572491065e+00 -1.775797883793185816e+00
-6.284337918622228791e+00 -1.544816220968403542e+01 -9.407117275922743715e+00
1.385714556408202291e+00 5.243791811893411037e+00 2.481296461798072894e-01
4.370282514835359677e+00 -3.101847520709585027e+00 -4.021457326552068778e+00
-4.265217283075533494e+00 -4.498163684656862671e+00 9.626634821738693226e-01
4.598464434473574329e-03 -4.155730181600509887e+00 8.400707683136726667e-01
-7.337008868711353271e-01 7.800095011000187206e+00 5.011536948432518557e+01
-8.931502798769805906e+01 -1.205100309380132018e+01 6.168295905465283724e+00
-9.633536538711133801e+00 -8.346805346338536324e+00 4.782825007712017573e+00
-1.043036396396868959e+01 -1.630376903568848945e+01 9.251797441466369065e+00
1.195515694331287015e+01 2.256378648873571535e+00 1.817997601208239544e+01
7.590145506859047764e+00 -4.222026852544430220e+00 2.736837788618773359e+00
1.453519748261238753e+00 1.610615373839754172e+00 -2.826127023213075962e+00
9.001631465400839360e+00 4.348192447213802936e+00 -7.427577829036438928e+00
-9.481131025842774562e+00 -4.636633433798463599e+00 6.604876658096594966e+00
6.524490031395492551e+00 -1.587494105292993396e+01 -5.225346221419647108e+00
-3.423959917808659381e-01 -1.251831926640221226e+01 -1.548464336924409679e+01
-8.087609025018331010e+00 -6.751282311697456073e+00 6.543634839016917226e+00
2.927720858018937111e+00 6.863879670667021315e+00 5.310032383858908078e-01
5.948185719278887618e+00 -8.354188097528154611e-01 -4.100000547057232048e+00
-7.910652126844633258e+00 -2.005243831221041440e+00 1.677168464586797469e+00
-6.549427668380340073e+00 -8.780806657127545378e+00 -1.378950776776204279e+01
-7.432129745781021479e-02 -4.103879967846561172e+00 -5.572779805712498202e+00
2.449006431660906458e+01 -1.592062430662534034e+01 -1.326351202268137364e+01
8.349331537700941386e-01 1.103389313912102487e+00 1.248524639013977922e+00
2.050586156487131007e+01 2.553011608845112335e+01 -1.445257586918683756e+01
-5.503979085739943322e+00 2.262206109005489552e+01 2.358480802015397160e+01
-7.639195447343075651e-01 7.780108762525936861e+00 4.724385895960654835e+01
-4.014185926267444415e+00 -7.949267842998858136e+00 -4.904933819976216469e+00
5.222976573630448982e-01 -3.874905770583639608e+00 1.520923870033067837e+00
-4.153077366152739813e+01 1.358875537628740737e+01 -1.116411123132278504e+01
-4.217093844678711179e+00 2.365154461072416225e+00 1.098283669093754300e+00
6.454900953802269470e-01 -3.263792724221631136e+00 1.044777206013167481e+00
1.142050079887035707e+01 -2.505694820009585300e+01 -4.258896213636689509e+01
7.231379022734647499e+00 -8.518068283384572226e+00 2.570698913807942176e+01
-9.531995474658776502e-01 5.321145630565498053e+00 8.211154487262819046e+00
-3.650448633056358361e+00 -5.784256542332512296e+00 -4.512761913023823013e+00
-3.812190900288675799e+00 -1.072061716835792655e+00 -1.661391733868375464e+00
-1.971535319708133338e+00 -3.250082407828124520e+00 2.797228150632901755e+00
-2.154274319147649308e+01 2.351642885143083461e+01 2.054949020362541390e+01
1.342013025049707098e+00 3.945898104152404606e+00 -7.876957603072670899e+00
-2.955437419595816451e+01 -1.738471252856973948e+01 2.122218884707566922e+00
1.755677424993453251e+00 -9.230283328135355791e-01 -1.906519883889432831e+00
-1.495410845472781469e+00 -1.265087597135340358e+00 -6.729346506030904784e+00
7.684604953424504892e+00 -1.406903999200576516e+00 3.344590263187819268e+00
-2.550191640368405288e+00 1.648557947992323136e+01 1.759452165978895311e+00
-5.058318467736029334e+01 2.056660996832946253e+01 -2.176530496039103824e+01
2.785241879234087725e-01 -7.910192341140700911e+00 -1.794939384766851376e+01
1.726177262442338289e+01 3.405968587214236898e+00 1.284132504808717279e+01
-2.247633988993106957e+00 5.423393577939810584e+00 -1.628629014227982452e+01
-4.850180375235074726e-01 -7.020009482145987967e+00 9.994402632169494538e+00
7.208590223893208915e+00 -5.182697455576304790e+00 2.922998512441610797e-01
-1.596322703272853083e+00 -5.121351773497183402e+00 -5.472285822562546365e+00
2.544589285890798136e-01 1.797490984824399174e+00 -1.356972477493403773e+00
8.478728890472277513e+00 -1.043290994744654476e+01 4.249772101574533223e-01
-3.689326094855929661e+00 1.078324284517710474e+01 9.587640102326581371e+00
-9.893913639265393911e+00 -8.199023998662785528e-01 1.082309770500949497e+01
1.649615468403905894e+01 7.726033125480736174e+00 -5.166793043299120036e+00
2.334682817567789215e+01 1.264169053011265653e+01 3.830390851910999039e+00
-1.005587011127320629e+01 -1.756031576590510124e+00 -5.504365472617412713e+00
1.624551949258135508e+01 2.317282510419168773e+00 -9.936192729255056699e-01
4.088691763622570363e+00 7.627784283672889742e+00 4.622714733404228227e+00
3.901003893984639426e+00 3.163341872235346131e+00 -4.400683488823998069e+00
-6.280303040587657648e+00 1.603437727774052135e+00 1.065043628196275449e+01
-9.376151960054855294e+00 3.114634420416909411e+00 2.819415747584185006e+00
-9.409357964114899886e+00 1.940956093190025555e+01 -4.552563903964889391e+01
3.374345133570998634e+00 -3.492666504007070127e+00 9.595904550118413923e+00
-8.400180674626419597e-01 4.768647590239745604e+00 -1.843030705987740703e+01
-4.725141988300675666e-01 6.705134968390191297e+00 -6.344923173344053424e+00
-6.054609472381554269e+01 -1.463903701170828064e+01 -2.644081800091824448e+02
4.085177740835742810e+01 -2.441091126865377348e+01 -3.886409735618201466e+01
7.044120623531984648e+00 3.095596290450886023e+00 1.074356161701708556e+00
1.012625170443903322e+01 6.383296736352291667e+00 -1.671334806023926145e+00
8.746171622532417089e+00 -4.296048603772637087e+00 8.203808808465204550e+00
-2.506470726857143916e+01 4.643487357645771141e+00 1.409466734508542984e+00
2.487818321487073714e+00 -1.624693975471306340e+00 -1.333357367772986191e+00
2.156960594614298898e+01 -4.667488472755266238e-01 -3.625282463624346807e+00
7.687561358698186131e-02 -1.430887646978012029e+01 2.496041743814705782e+00
-1.467196555435515970e+00 -5.051573083140562526e-01 3.033753123624228554e+00
-1.654634007158991782e+00 4.477088152726180326e+00 8.739771252877295282e-01
-1.116428517721068880e+00 7.821354225932689808e+00 -1.525626270956659702e+00
-1.289433799369443179e+01 9.447416305917212043e+00 -2.627983932445196658e+01
-9.101517698326655470e-02 5.210762199874363176e+00 6.948384691308598926e-01
-2.252591593119626534e+00 -3.186145354558995280e+00 4.585636198005722086e+00
2.739036948780602643e+01 -2.147401491298147036e+01 1.331729205658573001e+00
-4.419459439205677853e+00 -6.357690482079364713e+00 -5.310569582391749144e+00
-2.259719878228531087e+01 -1.194493484835692598e+01 2.091463111963836141e+01
-5.758047307659843739e+00 4.560043380802712321e+00 -3.590652447389869550e+00
2.252922299613009827e+00 -4.690851643143107985e+00 -1.957225653338218763e+01
-1.262230351673826867e+01 3.716281747913676270e+00 -6.903918237447525641e+00
1.078298302690084576e+01 -2.137927299364982936e+00 -3.242839615104500695e+00
4.074941233595453127e+00 -4.491833006872020029e+00 7.603585552547730941e+00
2.342735407654553903e+00 6.116261212518240287e-01 -5.688832636089259154e+00
5.379889360511640461e+00 1.742406470029769139e+01 5.253708446554262501e+00
-3.638430717049923935e+00 9.972210179708550726e+00 -3.753465151140273903e-01
9.276610242187439681e+00 -1.512853738818280647e+01 6.143169769937493641e+00
6.361573345682633551e+00 1.276948324451491423e+00 -2.160743954550252255e+00
-9.569125451911411062e+00 5.480442593307683907e+00 -4.095911165081623118e+00
-5.535161486174897227e+00 7.688926301646357153e+00 -9.819303961280896331e-01
4.253099303353224059e+00 3.790606987984411091e+00 6.835186711454789288e-01
-1.351833266753879670e+01 2.309178625378001115e+00 -4.134710112979157692e+00
1.761383647665315877e+01 3.762695694256616985e+00 -2.054132248158092722e+01
1.799771836625895460e+00 -5.115522944242037795e+00 -1.196199004315027015e+00
9.182610429872704927e+00 -4.654059118442877008e+00 -1.285227985508829995e+01
4.300227768743083878e+00 2.958231280784973105e+00 -1.109593428902461021e+01
-2.414542524864338802e+01 3.259218015065746243e+01 -5.464466768262158780e+01
-2.925308967961507634e+00 -9.912571879586280943e+00 1.510463333566060662e+01
-1.499088234522771401e+00 -7.257477806159954525e+00 -1.039897093527415350e+01
-4.379619551508097786e+00 1.274887246900948956e-01 9.423119291673347497e-01
-1.338354460202965113e+00 7.032145140418785800e+00 -1.300877547364126841e+01
6.630636020956708065e-02 2.115205941897694064e+00 1.136988661098955689e+01
-6.293123919974045855e+00 -8.944846038117240994e+00 2.160174925194812445e+01
-2.737335838050665870e+01 -2.588521580078579376e+01 7.217942584439160925e+00
1.617358594787605686e+00 2.277407680525099121e+00 -1.212148739784552198e+01
-1.123966890822057252e+01 -5.242098213026986642e+00 1.242178220802134980e+01
7.961057040326489975e+00 -3.738427217874872865e-01 7.888297133715830967e+00
4.111537590701169198e-01 1.531620213617965964e+00 4.748253086787195265e+00
-2.974258236148135115e+00 -3.767466714183523635e+00 7.894529721935306554e+00
-6.970830071679868789e-01 -2.100929744316152092e+00 -4.092350143885685299e+00
5.174557516532024337e+00 5.457313990104059265e+00 2.123556221736176752e+00
3.786115740345210590e+00 -9.139185615333827784e+00 2.777146469969086873e+00
-1.393271677388026486e+00 7.329984979080833796e+00 4.775955610080329095e+00
-3.241297146432137311e+01 4.874815817888108249e+00 3.786321448869653494e+01
6.059283659967446667e+00 1.841408462874058127e+00 -8.712804434878638205e+00
3.063966440952405001e+00 1.637732351683210297e+00 -1.248278030080344791e+01
2.914018136412884985e+00 -5.108145480308666109e+00 4.450482227155391435e+00
-1.016513497206055305e+01 -1.191447835288791701e+01 8.455651158379745569e-01
2.751032228548446756e+00 -2.610728043808803278e+01 -1.498094974697968240e+01
-4.814323146221308747e+00 1.150873541189504401e+01 3.986281349437164501e+00
5.369029365593503300e+00 1.451610980823840791e+01 8.844347025283777697e+00
1.388436680240958410e+01 -2.235370439242035090e+01 5.296485875782985886e+01
8.879128196088556635e+00 4.922884412439916257e-01 4.221570199401077694e+00
-6.969131199315104830e+00 3.677007958369266749e+00 1.551980897202354104e+00
-6.343542049535871863e-01 8.212684025444357161e+00 1.058877964942692707e+01
-3.954366308730460133e+00 -5.144860235528536663e+00 9.369530010803291731e+00
4.767492229723651498e+00 -7.300643376087374570e+00 1.530198823204353253e+01
-2.473370339312979738e+01 -3.251145727575802624e+01 4.821685848406429997e+00
5.203062619694171609e+00 -1.776081488652513940e+01 -1.830163764127356529e+01
1.410954808567733032e+01 5.307742459268398250e+01 3.581245317374997228e+01
-2.771312676119693563e+01 -7.174265972880043307e+00 1.494631263171247859e+01
1.825687512845239224e+00 -9.805014879550698836e+00 -2.636501797763881605e+00
8.791761604330769586e+00 4.017027861691713220e+00 -3.201878848357443408e-01
-1.605502054980421889e+01 8.628013279935397861e+01 1.988584266911602327e+01
1.109722794352016351e+01 1.059737698597245981e+00 -3.936211296119751513e+00
4.306971502003813512e+00 7.688459703046388150e+00 -7.915482476749380325e-01
2.195141182858136020e+01 2.079204337020083315e+01 3.472289411901389400e+01
-3.502029914806616517e+00 -9.817552833508633725e+00 -1.034944014545738789e+01
-3.453713272577933591e+00 2.363868762244638599e+00 -6.457355986985146679e+00
1.364712769522346214e+01 7.326271790876949019e+00 -8.651587680132583058e-01
-2.892851639376530670e+00 1.357702319873285646e+01 -4.711938029742692891e+01
-7.245297973156813676e+00 7.362853923149399016e+00 -1.401001375982871222e+00
3.344405842633035775e+01 -4.370365842721158245e+00 1.684689045208969915e+01
-1.099704206429000308e+01 1.609180752477839249e+01 8.846663561381701513e+00
-3.171238795493895868e+00 -4.673046286716656894e+00 -6.177348939964151242e+00
6.179044082609491895e+00 7.908733123300810242e+00 1.101290387964077233e+01
8.534942464525933303e+00 -1.680665624707962280e+01 8.471074811028637797e+00
-1.656845542764347146e+00 3.863795910421407243e+00 4.045763610321197135e+00
4.674895761557395701e+01 -1.129085324601927098e+01 -8.061031089589004495e+00
-2.158999378861105711e+00 8.820037352638648853e-01 2.286626747893257150e+00
5.070509966282451764e+00 4.843802505156173055e+00 -2.435923799573148685e+01
1.718679338129257772e+01 1.146113375190892647e+01 1.064418224665148394e+01
-1.361069943090861045e+01 -3.781952115472032028e-01 6.423616212216004762e+00
1.362075084258336455e+00 -1.198275235471972344e+01 -4.885636067486369249e+00
2.929889747807866929e+00 3.327180853525838700e+01 -6.682307864992544921e+00
4.818312971238123410e+00 3.767201393091432493e+01 -7.949144162916170764e+00
-6.424192723984369024e+00 -1.868427409011357732e+00 -1.989862209395212744e+00
1.319501088625306551e+01 8.608112512160662533e+00 1.275185046427242952e+01
-2.404650493144885548e+00 4.045514241934901278e+00 -4.374562438125199293e+01
-1.206984595561365303e+01 4.557076917609403921e-01 -7.281166624362722217e+00
4.898831138388116457e+00 -2.351685217048856968e-01 2.352116531966515822e+00
-2.272054857091834190e+00 -6.099030301543830745e+00 1.024845132932723502e+01
3.661232899447579570e+00 -1.172416225346908014e+01 -4.281200799802284962e+00
9.824374785789650844e+00 2.003869991762135783e+01 -3.912488237092411225e+00
-1.594538395656347918e+00 1.414394510481661449e+01 2.755500408218329866e+00
2.753620201033080583e+00 1.408988377204867692e+00 -4.171861250168843682e+00
1.410764032995091988e+01 3.623948749726966412e+01 1.690113974761635873e+01
5.393072496919585568e+00 -4.695134973602795025e-02 8.727272941245789895e+00
-8.913230678854157318e+00 6.157137753989514017e+00 -3.539668353563148795e+00
-3.652079633645908707e+00 4.958502912014077779e-01 6.068154526246927638e+00
3.567504503713585517e+00 -2.941328526509957575e-01 -1.183087859031455968e+00
2.661764914016645278e+00 3.153976070613559113e+00 3.434414626679273663e+00
-3.351494850120799729e+00 1.299563540245826321e+00 -5.554724626252260933e+00
-2.662010797128492090e+00 1.054945475763231144e+01 -1.898679881519858448e+00
-1.111801992335976763e+01 1.852224177922676063e+01 2.939874635806181402e+01
4.399852048560145557e-01 4.497754506376459460e+00 -4.747968364424457022e+00
-6.097513902437592392e+00 -4.911828970405382577e+00 1.238346554235476304e+01
-6.969814452957924011e+00 3.714765341630799966e+00 -5.069261815001370464e-02
1.659959186962829492e+01 2.018589070791121287e+01 2.670110062419993824e+01
5.829396206052517293e+00 -7.787940656019840979e+00 9.846679499267724012e+00
9.607971703124839280e+00 -7.760437367656453089e-01 -1.068520140108499206e+01
-6.617566030870561944e-01 -4.028166559501850763e+00 -1.017319436484940987e+01
3.672360488673333201e+00 -8.390484588923934339e+00 3.299077555158613229e-01
7.913539440365371824e+00 -5.621910204590189863e+00 -5.110626888425191083e+00
3.055490256089656853e-01 -1.037558029365578527e+01 1.202760333979568275e+00
1.620799710740751323e+02 -1.433445317489256468e+02 -1.711346887294833721e+02
1.259981772715996229e+01 9.210021463921190588e+00 -9.814330999210312712e+00
-8.573335939431569130e+00 -1.109105460747077249e-01 -1.204978275645693930e+00
2.467666581203095788e+00 9.249475743972302766e+00 -8.537379531762617768e-01
-7.957581050740851758e+00 -1.013623604792120503e+01 3.558670772970319862e-01
-4.785518489436456413e+00 -1.004620693266757847e+01 -1.773255428060125372e+00
-2.574543745629513936e-01 6.059343549328382927e+00 -6.912599781164129098e+00
-8.660945211327607751e+00 -3.485800599172005132e+00 -1.749230126750277448e+00
-1.796144441718495699e+01 -6.960412607432518328e+00 2.526088162262458425e+01
1.185034689561661381e+01 -1.792610557169940577e+01 7.079953300926677962e-01
7.396619725780249510e+00 -7.193074856427847941e+00 2.937464555607683270e+00
-1.632321519300154478e+01 1.093721490704610311e+01 -1.406424135105579332e+01
-3.833820873422755238e+00 -3.493592591186270191e+00 1.329354721099242376e+01
1.164821341204385341e+01 1.418284945150363718e+01 2.791987745653417363e+01
-1.413950712396739862e+00 -1.833486190509860281e+00 -1.667628074679212702e+00
2.931942762342917508e+00 7.373069148063766676e+00 -3.987047957628602202e+00
2.686376302154848794e+00 -5.611422791977595637e+00 1.338655335810276847e+00
-4.320577465404679351e+00 1.213092211502185869e+01 -4.452131809298709442e+00
-9.207778740047906085e-01 -1.244505562041510949e+01 -4.999997983847856098e+00
2.658883216574949415e+00 -3.298207059122851836e-01 -2.870602787000670730e+00
6.630706528115741349e+00 -8.063412502753348754e-01 4.672426985093358631e+00
-2.050068861796626152e+01 -1.058033574349961192e+01 1.221414959642755260e+00
1.577443392640265563e+00 7.555522620975650305e+00 5.338549876149420115e+00
1.004130749341198836e+01 -1.711766361346260368e+01 -3.523108067134567278e+01
8.378282596732960386e+00 1.737878673025189391e+00 -5.664106673048621587e+00
-5.977866410424103272e+00 8.680695787695592358e+00 6.259078271148514006e+00
-1.860432094096447031e+01 8.154202623221106450e+00 -5.285971024739350099e+00
-1.046381255402511146e+00 -2.740009901816141458e+00 6.314362349577188338e-01
5.796028407935536642e+00 4.026632738378315146e+00 7.474193660801107697e+00
-1.450395173479737423e+02 -3.229989866459737300e+02 -1.306253881292093979e+02
4.581236805406589951e+00 -2.139526608362214688e+01 1.621611225084813768e+01
6.375341526966404437e+00 6.364299150717957154e+00 -1.494483147744089813e+01
1.227795137464641329e+01 -3.312852098136100931e+00 1.184046865953488670e+01
6.062912873275323911e+00 -5.211058432615833791e-01 7.073594675235070461e+00
8.920394970186173111e+00 1.868610021773188024e+01 2.064083298584130421e+00
-1.396658520188023012e+01 3.406144528255810933e+00 -5.642931089100401643e+00
-6.620092508863416825e+00 1.114309877822989137e+01 -9.424153811365817646e+00
6.167650155071561002e+00 -1.263211054275930678e+01 2.219014177077198369e+01
-3.503214123088318388e+01 -2.288861721307928931e+01 2.130554187422089463e+00
1.032865288615453458e+00 1.184672082600344151e-01 4.138892481289302872e+00
2.936351360731959126e+00 5.945026791653383880e-01 -4.033286879783258838e-01
3.288552880816460355e+00 -7.129932152678564172e-01 5.904713078502501489e+00
-1.720033078308253582e+00 -6.969313768239032036e+00 9.516807456548450617e+00
6.335198097401324446e+00 -7.982407844598973234e+00 3.181403812369073236e+01
-2.726909119336056264e+01 1.621662221725352282e+01 -8.887068114943744490e+00
-1.193378187564828830e+00 -3.044088359889096651e+00 -2.486762309731854470e-01
-2.374814974139106738e+01 2.168325538647319917e+01 4.097612394776740885e+00
3.590227745411505911e+00 1.880016636078650993e+00 -7.391115071495934608e+00
-8.875700233475292578e+00 -2.685346745264325818e+00 2.903742730867622246e+00
2.277955488416053775e+00 3.573533876729557246e+00 3.950187286283978860e+00
-4.344829542271719802e+00 -4.762948507212430016e+00 -7.438191624951607572e+00
-2.595209424921785413e+01 -1.956810905083205299e+01 -2.150012441925261442e+01
-1.838392397391285016e+00 -3.482584708711327526e+00 -2.038744616774568197e-01
1.523100621827829126e+00 1.022105543461594479e+01 1.715153095311292342e+00
-5.672501915831254848e+00 1.782268697884540032e+01 -1.422896290682333031e+00
2.803572172405562313e+01 -1.407762716689928872e+01 3.051499604727394654e+01
3.285342200074363728e+00 1.329825830645001927e+00 -1.933914520873413201e+00
-3.996843258581810687e+01 7.289889707518294237e+00 -2.015918157785073817e+01
-3.490068236191581907e-01 8.446756579699317147e-01 3.422570168250089750e-01
1.217119539947024931e+00 -2.058271689857455655e+01 1.836630510088498314e+00
-1.579675222539241553e+01 -5.128080643439988373e-01 1.774423063465090067e+01
-2.224855516595701133e+01 -6.357708499332692220e+00 6.546733108348048802e+01
-9.585696265233607960e+00 -3.784440030903498808e+01 -7.511505524691055591e-01
4.532442288762340787e+00 -1.113704371580039520e+01 -2.294451932973579300e+00
-2.780424738253562733e+00 -2.983009356852571736e-01 -1.140094530323134903e+00
-1.394647991185473579e+01 -1.237021516336887927e+01 3.782311715986662382e+00
1.228762647638879280e+01 2.322257747213503531e+00 7.921482168578164007e+00
1.565482029762105398e+01 -6.699452716728555579e+00 -6.533770561799027377e+00
7.805104026845866017e+00 -1.265293432898480619e+00 -7.343547001191251589e+00
3.810498354059824067e+00 -3.706381054644734441e+00 -4.906974742713877014e+00
4.440217275243192319e-01 2.621728101009808576e+00 6.871879969050200820e+00
9.643945152349385097e+00 7.008174421488755357e+00 4.668606703811853720e+00
-3.723879822545216101e+00 2.641435531085847188e+01 -8.214836745642665861e+00
1.447237649678599247e+01 4.837425335518186209e+00 -1.112717808741411929e+01
5.261890681126760505e+00 4.945782742030373491e+00 1.163071496164746588e+00
-2.398442737598418972e+00 -1.052912188050897413e+01 7.984054767637808192e-01
-8.221910842383982398e+00 3.631915035548590520e+00 -2.827735786320987543e+00
-2.190980675511875120e+01 7.792843902178827609e-01 1.151140248051266646e+01
-6.794326236827523680e+00 -5.318040742010738953e+00 -3.075024621593301255e+00
-5.906078802352124235e+00 2.862069130418183338e+00 -1.562060607151178004e+00
2.262804377815906154e+00 -1.331544949438110947e+01 5.675490868731213112e+00
-4.945116462334826934e+00 -2.077029873469060650e+00 4.302267964823973223e+00
2.134811975644958082e+01 4.561521628187288258e+01 -2.113274922450646187e+01
-1.571241498051710428e+00 9.699303948952342935e+00 -3.438164818021703439e+01
1.086021630106686509e+00 1.012964964728697836e+01 2.223069318233070302e+00
-4.368219960589009965e+00 3.767239513324462052e+00 -2.245685011362722250e+00
-9.816844721361130510e+00 2.471642112186165807e+00 -1.400193587177920751e+00
-4.163034987150179944e+01 -2.810421549184984613e+01 -1.128700346329547166e+01
4.090925838009577653e+00 -1.032386177720189480e+01 4.196099449554912653e+00
-5.916273060729219324e+00 5.177206963760343505e+00 4.430964800355938316e+00
-5.292262581039607561e+00 6.010589513961885011e+00 1.138403936140663930e+00
5.697886262220164255e+00 -6.242968249302367489e+00 5.083392829209231190e-01
-1.116412983332448983e+00 -1.933954275057871097e+00 -1.897704215679135720e+00
2.104813878138060090e+00 4.346158432455798248e+00 6.829333501196908962e+00
4.879470760527893525e+00 -7.427927527825346488e-01 1.077644355058781400e+01
1.448834077991313585e+00 1.125079209977069361e+01 -9.247973249132844797e-01
3.316834165747855057e+00 -3.489262303916761621e+00 -5.472514872472182823e+00
1.308201679396646355e+01 2.210400808983207455e+01 1.931988861315163675e+01
-5.009958244827530383e-01 -1.449343513807783479e+00 3.512995414388388138e+00
-1.913179567824120575e+00 -2.631475769899689343e+00 7.169396035235010567e-01
-5.788664339175616291e+00 2.226987239165354016e+00 -7.667965334649047726e+00
-2.140637521728022463e+00 -5.538046033339098173e+00 2.558777625053144433e+00
-2.082698198004410983e+01 3.011254449539766398e+00 -3.719006404718141923e+00
2.345074733055030336e+01 8.836687732655656546e+00 7.188973886153330994e+00
1.308268492034778241e+01 2.933054266671597787e+01 5.207713759070516701e+00
-7.083738805939068683e+00 -1.396836324024146370e+00 -9.638785450825617218e+00
3.237532229899648506e+00 -6.084204891926430214e+00 7.605261859640957134e-01
1.139225809260551836e+00 9.011393068800929385e+00 -1.066704093150725718e+01
1.540068407760474223e+01 -4.963435796990815163e+00 2.287287757977664526e+01
-2.651391118902830080e+00 -1.584984131850921862e+01 1.104542150479714557e+01
-1.766667510300612642e+00 -8.554748477794452910e+00 4.416880739734769357e+00
-6.541234848563687088e+00 -2.544365311713150746e+01 7.547451076041969742e+00
1.197599076854773070e+00 -2.204169549104260384e-01 3.304253594053434995e+00
-1.396009840543041669e+01 1.934459351443227249e+01 -3.473841976777101159e+00
4.993439927229050390e+00 -6.800208916251269997e+00 3.084574339373572505e-01
-2.620491136023565204e+00 1.826004845438581370e+01 -7.602598200357353342e+00
1.070718318823516757e+00 5.797927293907238600e+00 -8.389983329929320277e+00
6.510764610996089274e+00 -5.397155801881971193e+00 7.904594751512149742e+00
-2.752296980859467279e+00 -8.087065954935059864e+00 3.801536048323931549e+00
-4.157311926901533505e-01 1.979165969758791332e+00 7.456721257229401267e+00
6.386244743056573192e+00 -1.938647414037703909e+00 -5.460040672160062059e+00
2.674109483937267218e+00 -7.308632638687354799e+00 1.039384410650533574e+01
-8.034667320155913117e+00 -9.558676049113045137e-01 6.435917030618904633e+00
6.847672714906563485e+00 3.871684940493677729e+00 -4.734122055450351141e+00
-3.536776655940182756e+00 -8.908492420938145528e+00 1.199526814132407715e+01
-1.017006860455335282e+00 7.812565544032028519e+00 -1.172281391838802023e+01
9.153476824853434834e-01 -3.561996997200083559e+00 6.327507519619524068e+00
2.960251840539481805e+01 -3.210213368773476361e+01 4.105804277555396453e+01
9.914872998414686833e+00 -2.138979813979749789e+00 -7.214735193529120849e+00
-9.795171884225549519e+00 1.263015481010162766e+01 6.471719498575806639e+00
1.242086868343279527e+00 4.620469905532595511e+00 1.304629539884555767e+00
-1.989656790429175981e+00 -5.179908868019346357e+00 -1.109590762922566670e-01
4.812485498267650819e+00 -4.726293552748966342e-01 1.170224470060949207e+00
1.561003079617286238e+00 1.652204999256043294e+01 -9.165439280500592423e-02
1.261633599935344385e+01 -2.268626406807873863e+00 8.086918092466648389e+00
5.332972205803493182e+00 -4.602721857945434314e-01 7.485494307257440028e+00
-2.399969675425657201e+00 -2.252336903861136275e+00 1.137129450815594467e+01
-3.620371427395733921e+00 -4.287771719121967529e+00 8.782532560617868356e-01
5.143815720501141442e+01 -1.200223466162366925e+01 -2.446485765206810115e+01
-9.793604349795717923e+00 1.791387183597517563e+01 -5.596268921533078533e+00
5.836213138594187555e+00 1.744339220389332468e+01 5.278805841910455321e+00
3.576936655390755782e+00 -8.808613603576894491e+00 2.013859867082327071e+01
8.604514976212531252e+00 -2.921819824463118209e+01 3.378027938110520267e+01
2.570321876328989230e+00 5.057841399042878550e+00 -6.302089477635836268e+00
-1.412566125836746345e+01 -9.637220524290764700e+00 5.143263890280024953e+00
-3.495037027938904028e+00 1.384434287302100586e+01 8.349253441439154599e+00
1.079598037484737344e-01 -8.124753122434910324e+00 1.909241649332825252e+00
3.231676596024703230e+01 -3.043298860449722198e+01 -1.753396642673070360e+01
-1.126797555721854849e+01 1.199510389798891552e+01 7.987393487578540174e+00
1.600901319887159957e+01 4.105442097925567246e+00 -2.911111320207732334e+00
-7.093244690156744525e+00 3.751648129963020217e+00 2.489768302821124824e+00
-4.945903406013334092e+01 4.099073618775478423e+01 -2.517642646384771865e+00
1.181325817437686432e+01 -7.669087102955646884e+00 -1.285536992590186323e+01
2.913164254846266132e+01 7.180083796020936049e+00 1.740832438540055094e+01
-1.677569322507394745e+01 1.444868163821984020e+01 1.094664040720042664e+01
1.129190924287842179e+01 -1.027385116419407884e+00 -1.053771939883351649e+01
1.394634070587579266e+01 3.632148829679429092e+00 4.034165769708164540e+00
4.318059512385907794e-01 -3.185602225592693681e+00 -6.758636489505202682e+00
5.896691416446989464e+00 3.901065326733827998e+00 -5.277212901591308292e-01
2.682467413555853053e+00 4.621347429117878214e+00 -8.611754592557698373e+00
5.979162546449212101e+01 -1.524234157057061978e+01 2.794949152945893189e+01
2.331110772468483194e-01 1.436046576844923761e+00 -2.175143377406692391e+00
9.683628930555872927e+00 -1.281949450901329790e+01 -2.383816366771488227e+00
-5.985017671701823971e+00 -1.950901776674454169e+01 -9.109597055022103262e+00
-8.725971517618145157e+00 2.689902097386150359e+01 -5.863927427819517035e+00
5.166363302878430874e-02 6.297155340188011152e+00 6.812387497534101222e+00
-2.726373458549454232e-01 3.222292775885443383e+00 1.853324471301920795e+00
-4.140654628164832651e+00 1.510731983386951605e+01 1.083076739378965847e+01
-2.127664977653992651e+01 5.784472576823307399e+00 2.099980199570881823e+01
1.288315088710816880e+01 3.642341322777668644e+00 -8.391656139166485673e+00
-5.925880599631436318e+00 -3.987696409475233850e+00 1.167736524088479166e+00
5.942214337201490615e+00 -2.710379642849382265e+01 -1.513304162011664111e+01
-8.493847559036671768e+00 7.525130717146275572e+00 9.575857179961470678e+00
2.103285228576977417e+01 2.538473612650099520e-01 2.517507929197848071e+01
6.621888223399160722e+00 6.858606464520917712e+00 -5.916994847815496783e+00
1.205056672194998946e+01 1.062068085255785554e+01 5.834439048839368702e+00
2.257968646463813123e+00 1.447471356619399074e+00 -2.421509322196351288e+00
9.384091976495883003e+00 1.386186483308269324e+01 1.315493282768613525e+01
5.026091243209355852e+00 -2.228745242669774029e+00 7.343542338997569807e+00
4.249110995447137640e+01 5.206119191176582461e+01 1.640467302752800549e+01
-6.925574859936847183e+00 -1.466357611527760696e+01 1.884986677434990199e+01
3.363263061173459079e+01 1.871264540390368492e+00 -1.684722593629371445e+01
5.647583159841493838e+00 1.282069590829258487e+01 -4.122892571866671463e-01
2.546370623358154450e+00 4.807732832650238208e+00 -5.809546783710272111e-01
2.340877842140316911e+00 8.240619227599086827e+00 -1.751222204088327850e+00
1.038198121738006741e+01 -4.628143212401934825e+00 -5.317217920872957748e+00
-1.009343298859311489e+01 -2.561092525393253272e+00 3.977982752833592262e+00
-3.116112294174357977e+00 -6.662814894691840850e-01 -1.865691962356327505e+00
-3.386311090558037051e+01 1.900868842466890030e+00 -2.168293832713828451e+01
-3.173250966107288740e+00 -1.552517674176401741e+00 1.801763346878829219e+00
2.241487330565976066e+01 -1.479226355378899349e+00 -5.940514882448217016e+00
4.998616286202097608e-02 -7.401173391275720270e+00 -2.134432002202604295e+01
-1.661374942363924856e-01 4.689424006756480523e+00 3.287892578981415626e-01
-2.389684462956744326e+01 -2.071230301341468127e+00 6.114896921224688242e+01
1.205091105253865535e+01 -1.170208144307240516e+01 2.019101249450408986e+01
8.954803217578903851e-01 -2.269673487101784737e+00 -3.688478160179207599e+00
5.960705856633571997e+00 -1.180412773790780134e+00 -2.453648501082859479e+00
5.617828458829032812e+00 1.917397961734317091e+00 -8.897303687492607027e-01
-5.578638120107334286e-01 4.683922906449273782e+00 -2.127421049984876689e+00
1.199619196966440882e+01 -1.076956877245105915e+01 1.907100111965841549e+01
1.176423318944135410e+01 -8.490816144477245642e-01 -1.195444337614352115e+01
-1.027510893022174132e+00 -1.029098190423537140e+01 1.382948261691526959e+01
-2.522576420104702510e+00 -1.002533644348577724e+01 1.572846842152997082e+00
-2.717186072730262936e+01 -1.855078798266626361e+00 1.883621565178994217e+01
-2.443520361488856807e+01 -1.494278297216144225e+01 -2.320404486190604132e+00
1.055760119519597318e+01 3.119128787509287015e+00 -6.023915139472562075e-01
-1.694675928546332422e+00 1.502779876879068155e+01 4.320749166112110018e+00
-2.648164086735791400e+00 -3.450455734125004881e+01 1.258692150198401016e+01
7.107006797441602686e+00 -1.013150365470424497e+01 -6.550278722846611945e-01
2.471387462445819860e+00 1.516929658456808738e+01 2.674457847986060788e+00
-1.296925984065948256e+01 3.968076085042339662e-01 2.296789330664385176e+00
-3.339650871829128675e+00 3.423877118449680346e+00 -6.749363215691619011e+00
-6.451719389339174882e+00 3.700925821449230568e+01 -2.077681491466146468e+01
-5.746363344300304377e+00 -2.899424323688469141e+00 1.356060727409473365e+00
-1.926218789942089415e+01 -4.947228272799402582e+00 4.288306349174122012e+00
7.619639469746930516e+00 -8.672809832108942629e+00 1.120456711239664749e+01
-8.970906328452629808e+00 -2.482042625848645656e+01 -2.161375013145292734e-01
1.332632928564800956e+01 -3.819423240996080993e-01 4.749420106807867370e+01
9.375566739366766100e+00 8.459433694337716858e+00 -6.653796774028903016e+00
-1.631599410117904370e+01 3.535263389202660367e+00 -4.821084496875751135e+00
3.010358358053944272e+01 9.017440589500354875e+00 -1.968594323497481868e+00
3.446675529908223456e+00 -1.276452965068198386e+00 4.868047937198995534e+00
-3.985700024795709595e+01 1.588947660464878675e+00 1.012489084509216752e+01
2.922691680964087269e+00 3.568715817181506544e+00 4.216078061779339414e+00
-1.091111023023418669e+00 3.652156499644738652e+00 6.042112296010614614e+00
1.209282186933263503e+00 -1.720899276940540190e+01 7.815428670372733144e+00
-6.903920617669686344e+00 -6.348220853537723585e+00 1.131072499082181215e+00
6.506314397990550447e+01 -2.893123059092549454e+01 4.604977767276700007e+01
-5.707804583298755396e+00 -6.423367579050649034e+00 6.693247332009925721e+00
2.302860516478508313e+00 4.723538627475755369e+00 8.346686753427596805e-01
7.040625224014238626e+00 -7.717092574986746278e+00 -8.610977284020679079e+00
-3.576103113998394889e+01 -4.180424059356306543e+01 9.159350404610279384e+00
1.212426245242703438e+01 4.450104840427703934e+00 2.116608995023007367e+01
1.105382579143978283e+01 1.641691415027104028e+01 1.077008964987094330e+01
1.676649438178573037e+00 -1.982397392246675949e+01 9.164483116399543050e+00
4.162845357699260340e+00 1.486470460039477581e+00 -1.849598714834034929e+00
-2.059105731022930375e+00 -3.937732234605068271e+00 -7.732193918525730680e+00
7.109478438618304530e+00 -6.657031671510418747e+00 2.162889355540952518e+00
-2.794337222070554105e+01 3.873188542923214328e+01 -1.047705200665355640e+01
3.422610594652296889e+00 -1.033268507341045250e+00 1.250762481807046989e+01
-6.630604787916523080e+00 2.568370193853628525e+00 -6.581892092730801558e+00
-2.660446665013670220e+00 -1.202270420153399560e-03 1.276360915826639797e+01
1.004836394825887957e+01 1.827410665435445836e+00 8.426394875444545463e+00
2.075033436065902404e+00 -7.598260245634521404e+00 9.720077777526567431e+00
-3.117349033507797795e+00 1.427437208012588954e+01 4.811694951865359116e+00
8.713599541212923683e+00 -5.847400419552458040e+00 8.033319867146518911e-01
8.064511725013360888e+00 -7.649270855379615153e-01 2.904258945083757126e+01
4.835049283164295275e+00 -1.111844633296831830e+01 1.113146449885166511e+01
-1.805760247955985776e+00 2.693665524475707951e+00 -5.646788432222020759e+00
3.991200524829904506e+00 5.708242921036827511e+00 5.517659646785224581e+00
-7.070066944425330568e-01 3.501786916609815226e+00 -5.341147587422015341e+00
-1.421097330782321322e+01 -1.180603128451098272e+00 1.225966677894465917e+01
7.636251572702727586e+00 -7.305296630929863255e+00 -1.098183622008460070e+01
1.944058600532678938e+01 -2.167025172279332779e+01 1.140067395266977002e+01
5.927575106017866080e-01 2.156507627832194185e+00 -1.032731337895775869e+00
4.191028131204824092e+00 -6.968570440607585459e-01 -7.610061311016202978e+00
1.807100467301275515e+01 -3.151035916136452286e+00 -5.742018665799444754e+00
-6.591680756073706959e+00 -1.440170248393124242e+00 1.593739618020132642e+00
1.238944787044972795e+00 1.607454287177461527e+00 8.621297092546821972e+00
4.647415362101080660e+01 3.192746619460963231e+01 1.957590747175103019e+01
-3.305443764446957394e-02 2.647470465266842599e+00 9.847345487340293246e+00
-2.324413530926105409e+01 -1.524529811887515907e+00 -2.073727753471260371e+01
5.604269671424311205e+00 1.166788644640966410e+01 -7.769610466685635153e+00
2.630446575454363778e+00 -4.188710006546217279e+00 -6.547309555559362337e+00
-1.800825071378774567e+01 -3.094760900431530182e-01 -3.144496684309451950e+00
3.674782209641790143e+00 1.930273610496125514e+01 1.411294029977817743e+01
-8.260138052280987520e-01 5.067141832092928233e+00 -1.974716350962441913e+00
-1.052248208539324636e+01 1.481780758357299277e+01 -4.689679514703075647e+00
7.009255136641232009e-02 -9.303251754991617162e+00 8.876472248279137389e+00
-1.747332870295446128e+01 -1.797878162502361477e+01 1.662589656336680122e+01
4.580335002147988277e+00 -4.578049917023356841e+00 3.626400177162674154e+00
-9.402966496607410463e+00 2.855420052849394708e+01 3.990330058686021175e+01
-2.518067739970897723e+00 3.495635476306543588e+00 -1.235622718875822645e+00
8.538967128180491528e+00 4.367985168291057541e+00 -4.154497443571454340e+00
1.188436786949500945e+00 -2.913597889868034585e+00 8.479076927318134338e+00
-4.406093833300661622e+00 2.535643437099631914e+00 2.457274080817547723e+00
-4.850306500970276602e+00 -6.770384735016531152e+00 8.663475221004667048e+00
-1.502357598991087606e+01 -2.100487555288809371e+00 5.334038536682254694e+00
1.070709023501101775e+01 -1.669735531305199139e+00 2.050005366817064356e+00
6.270587000403319067e+00 5.051813682609501654e+01 3.047792732546592376e+01
-4.270250748763576021e-01 -3.970140346123994135e+00 6.017618458830952477e+00
7.916660898978797878e-01 4.267263870249252133e-01 2.537201563920404368e+01
6.564517214987581895e+00 5.280414368306648676e+00 2.473761670392796486e+00
2.121193229909232036e-01 2.147541623877414096e+01 -2.839750961727484224e+01
-1.154177268849201887e+01 -2.817751858086152694e+00 5.178999991857802243e+00
-7.396710938990134210e-01 1.334103422636116676e+01 1.110709054607886337e+01
-9.481022110937979974e+00 7.999897643312888773e-01 5.753083016029725272e+00
-1.124017975960729387e+00 3.417233952770293293e+00 1.057073770194931983e+00
-1.668881072762418372e+00 -4.896072005404653815e+00 -5.841821215536740830e+00
-3.917264465081612190e+00 2.872771298845661736e+00 -2.833868625147585085e+00
7.220470006510682381e+00 8.021343544011875215e-01 6.797549531427660163e-01
-1.333250589932111208e+00 -1.350984997624218487e+01 7.468624329021433361e+00
-2.840799191187568518e+00 -2.884128243971783689e+00 4.462989416093825490e+00
-3.981152425482259005e+00 -7.068099113100395847e+00 2.571792657975845220e+00
-1.098438271886591072e-01 -3.180782248588578387e+00 -6.595116652549934955e-01
7.082192504198837391e+00 -3.935832963044827881e+00 1.969644350007087708e+00
6.358916725299112116e+00 -1.769526575919145639e+00 1.451254050539099616e+00
-3.330031536527561897e+00 -4.056268570375800131e+00 1.783912306670966075e+01
-6.033016385449415653e-01 -2.582079339343118729e+00 5.877935400580216019e+00
-9.344797768128996651e+00 2.394528488488125717e+00 4.816510804181422856e+00
4.140354750164217390e-01 -2.227531576921486955e+00 2.292924808602394560e+00
9.585692798102387613e-01 5.291023221349787642e-01 -1.405902984774301867e+00
4.594413312437795938e+00 1.322365422921615297e+00 -1.296005946743460369e+00
8.446442598117155143e+00 -1.745485751580581946e+00 6.341038553050006854e+00
1.110383720288511888e+01 -5.927376255553218343e-01 -7.475144041695804376e+00
6.982374714773503577e+00 -6.166780430601934704e+00 -1.021708796535199326e+01
5.634249137289849330e+00 3.388386298938116159e+00 1.803076034897095115e+00
-3.443244599647657722e+00 2.520366465475108342e+00 5.110864972249943072e+00
6.246818262770067243e+00 -2.796689334476523126e+00 -1.361667774825967792e+00
-1.791212030436876823e+00 -3.121093293222971798e+00 -7.667228063354011525e+00
7.799591309727971211e-02 1.125145322815723681e+01 -1.506111464235785791e+00
-2.494218673019948929e-01 8.009965591408320762e+00 -4.878361072751494554e+00
-3.223891919326413724e+00 4.156207815947496442e+00 -6.200113946651813812e+00
-1.509154708511623078e+01 7.706334329869171107e+00 -4.281688760519540615e+00
1.204856612065998078e+01 8.919031536874584276e+00 -1.959011143102964780e+01
-2.571692594435682544e+00 5.622672609902590324e+00 -1.399227484620504669e-01
-9.742328227118663975e+00 -8.515820357088180970e+00 -4.684520633255708333e+00
-1.673714648740044808e+01 -7.835776881627702473e+00 2.522897909258101645e+00
-6.006794722098545236e+01 5.492213445553503881e+00 -2.780829311903054091e+01
6.350667041006093250e+00 1.190353932633021827e+01 8.675271466031485801e+00
6.944718460538057414e-01 -2.582029623897254211e+00 -1.523694189225971440e+00
-3.625053264129778086e+01 -2.209904664588514223e+01 -2.247672431847927399e+01
-3.005247903457699543e+00 -8.907075759854338415e+00 -1.315893326444021350e+00
-4.969928587990988689e+00 1.401901462260171627e+01 2.419186153111160920e+00
1.688814697986888191e+01 -2.902041254869881470e+01 -2.758757392994466429e+01
1.490421658314020270e+01 2.592243625399479612e+01 2.761398988239887942e+00
-1.609681420678700547e+01 -3.904653574641734903e-01 6.445370215740577002e+00
2.381516366863167367e+00 6.470027328970905600e+00 1.836805662821842988e+00
-5.427299875573343257e+00 6.094030736009344196e+00 -1.170837301997161717e+01
1.401995234150708924e+01 -2.502939458110117754e-01 -3.278304970581017130e+01
-1.773168997857058571e+01 -9.283175315989767640e+00 3.759083268791552257e+01
-4.018743708255165359e+00 -6.006686992030233263e+00 -3.042371481422121438e+00
6.280668110122025638e+00 -2.827074435490868787e+00 4.224055292504134584e+00
-3.993766595473568159e+00 -9.320653396531305646e+00 6.091364239343229237e+00
4.802304869625557693e+00 2.074563963730621019e+00 -9.571676333196132092e+00
1.278632282461044323e+00 3.859750966369603020e+01 -1.184806548764376011e+01
8.071707087403595438e+00 3.529392841219611654e+01 -8.907184258798508392e-01
-2.263317178776954108e+01 -6.382905051892337589e+00 -1.277085389104104074e+01
5.670310543521338786e+00 1.160232967398585335e-01 -1.787190717399025131e+00
-2.681521471851053562e+01 2.965806563456946776e+01 1.157772316671991319e+01
7.216513132719700074e+00 9.251070491915648120e+00 -6.837757106100318616e+00
-2.241913205227368699e+00 9.838146022860814188e-01 -1.749131995018465835e-01
1.908671258260582482e+00 4.913849471331633367e+01 1.193375015418688889e+01
-7.256318748205006663e+00 2.278248723431778444e+01 2.219451375835424844e+00
-2.108713684467765859e+00 4.406434034136837319e+00 2.820975899202781800e+00
-4.650503393960639720e+00 2.452091813552333743e+00 -4.304084888762181649e+00
1.029986040112698831e+01 -1.401606466180879584e+00 -1.442854087430631083e+01
9.596431227895335425e+00 -1.172741266938068794e+00 2.751356046119905141e+00
3.990144244325087297e-01 -1.414081546119386967e+00 1.217428000742853378e+01
-2.695719076485035259e+01 -1.702102595921627426e+01 1.523770987559053083e+02
1.652083865569824894e+01 1.818177576838290577e+01 2.756139009323412825e+00
6.725072970465737487e-01 -3.189413027823400526e+00 6.435012286383099855e+00
6.955623901236895890e-01 1.024248295442292367e+01 1.263151125655573637e+00
3.576299636743514032e+00 -1.128929984691490951e+01 -3.225441335312289937e+00
-8.812030736181725388e+00 -3.928468419544965951e+00 -4.008193739740912420e+00
-1.996115337461309203e+00 1.943480371027890952e+00 -1.333541920043469275e+00
-2.962302418571005624e+00 -2.108507053656717289e+01 -8.853304535513451867e+00
-5.686202095068614071e+00 -6.098403818990993486e+00 4.838811303377609008e+00
-4.612751420345292175e+00 2.971559422233507775e+00 2.363609604558840172e+00
7.957398506996019805e+00 -1.423154776698917212e+00 -4.295960832845596933e+00
1.542627882576118026e+01 -1.735381241853145440e+01 -6.498066914161944041e+00
-5.377834703000179406e-01 2.073404166944628813e+01 -3.479315096289642972e-01
2.212533707831438434e+01 -3.304144780602900511e+01 -3.259497357810660745e+00
-8.506064976269871458e-01 4.420945786820264622e+00 -7.528846804229742062e+00
-6.166722350548148768e+01 4.286841686972076815e+01 7.025215094428448603e-01
-1.022701342663485313e+01 -1.148578253610236999e+01 6.159508996610339793e+00
-1.182202493657651132e+01 6.482823105358180849e-01 -4.883606956927009080e+00
-4.406156761808453837e+00 8.161951811245277355e+00 -3.567280206322800407e+00
-6.818217255273714272e+01 -5.876982054437818626e+00 6.091791353312299151e+01
1.016364332991506103e+01 -1.071426158067807721e+00 -2.386309481937052013e+01
5.951603781943585858e+00 1.830880198381864554e+00 -6.018215488037244931e+00
6.443311290075822706e-01 -2.438918606066827532e+00 -2.110109297960232055e+00
-4.466228729327574420e+00 -8.080074543704695245e+00 -3.019931634781218399e+00
-1.167267987393221773e+01 1.969713598014235600e+01 1.502054898160359642e+01
-1.122500885966838347e+01 1.728652511496763911e+00 -3.769231322485519176e+00
-1.580745086688712941e+00 -3.864615564777336143e+00 -2.400937449724689809e+00
2.010677041681517707e+01 -2.824558938145023035e+01 1.788864437209192459e+01
6.745446833679866749e+00 -1.090842420404700475e+00 2.008373444969789201e+00
-7.700545353998669462e+00 -2.383058867761186583e+00 -1.336531781037765398e+01
2.461230643391044381e+01 -1.305919333907056767e+01 -2.493408845266920526e+00
4.366110237690348228e+00 -4.483488054079862728e+00 6.881267328807459727e+00
-5.727563166066783396e+00 1.465878528285637250e+00 -1.702087982235240604e+00
2.960564088702037466e+00 -1.455934929659068899e+00 -4.759275251874166557e+00
-3.463714406626521025e-02 2.298283717906081325e+00 1.898965687763258359e+00
-1.442455849940569079e+00 -8.191058348588076132e-01 -9.675548451822484353e+00
-1.212168504222532306e+01 4.014522971491594205e+00 -5.064088610344378294e-01
-1.527524449367742676e+01 1.571511712490423385e+01 7.066588483605778848e+00
-3.181097974925944705e+00 -1.342013227478605764e+01 -1.706473488895719592e+00
3.111329271220047765e+00 -4.633016113688173121e+00 -4.615816311150172879e+00
1.864080911139413033e+01 -6.631804195164601623e+00 -1.027593412553553343e+01
3.817317586243866412e+00 -2.425599245831348227e+00 -5.576485892694083013e+00
1.219422960624491914e+01 4.133770623591739302e+00 4.485334198348525092e+00
9.177613919617060745e+00 -4.344103174862859795e+00 -4.884135233830988909e+00
4.919503702383361876e+00 -8.047576411217094439e-01 1.999704143444559268e+00
1.553673999296090891e+01 6.125249757951582552e+00 -3.593657035762980900e+00
-1.733650504796153902e+00 4.613958436847560129e+00 2.232047228083779533e+00
2.219625506681737470e-01 7.142528393345140003e-01 -1.044726334229654974e+01
3.485854092483135158e+00 3.747389136917056618e+01 1.965300839005783118e+01
4.522132967987021246e+00 -6.892738242676349714e+00 5.055861998338690988e+00
3.215387030741063690e+00 6.326033437597877729e+00 7.948448043995061774e+00
-5.129802975185543623e+00 5.286198412283512837e+00 1.118832553044809330e+01
2.313231174148567160e+00 -1.279760915853620951e+01 -2.832427978044616879e+00
-4.337326658497126175e+00 -3.168892972404584896e+00 -1.634223931696731302e+00
-1.332856941957684960e+01 -3.237489722244521317e+01 -2.222511150199566288e+01
-1.967070900834686276e+00 2.620908131293355758e+00 2.784166592845100041e+00
-8.468821974831095556e-01 -1.097381398393142504e+01 -8.888390340227834141e-01
-3.116270157568163057e+00 -3.233770377396054219e+00 -3.458867561701025295e+01
-7.915193290692004169e+00 -5.792657693496463089e+00 1.324926877493787902e+00
2.438325364090355407e+01 8.461504307877511621e+00 -1.715409794817001909e+01
6.897841824890937801e+01 1.015834270846152947e+02 -5.574713375742916099e+01
-3.890454688267752204e+00 8.276218264065110475e+01 1.573349796793515054e+00
5.832681479814290526e+00 1.557781252977944453e+00 -4.607357119825508995e+00
8.807653496792074321e+00 -1.553479597474011697e+01 -4.968047018260485892e+00
1.196751869663083312e+01 1.091980049452402035e+01 -4.255209436095096720e+00
5.200582517933852955e+00 -1.621317403263275025e+01 -1.419589400932821199e+01
3.156995594951578887e+00 -7.861892573080346835e+00 -3.929451433303656316e+00
-5.762861326026609277e+00 -2.833606615061816925e+01 -1.794824832179510565e+01
-1.494656790942395297e+01 -9.797660675448790712e+00 -9.003139425425986886e+00
2.672585536142328966e+00 1.259697536445078470e+01 2.585089809171678521e+00
7.781316486221456330e+01 9.286858442159183369e+01 -7.558054949489938679e+01
-3.719016962971771534e+01 1.509324277693083900e+02 2.999443416754588299e+01
5.576892919380730618e+00 -4.127569917326441296e-01 -3.974744430708295528e+00
-1.336655553601330260e+00 -4.075410427716437134e-01 1.179094625823560527e+01
-1.102215917762613184e+00 2.283360251895000026e+00 -1.099849278293844934e+00
3.904104885308046669e+00 1.787535243980116206e+01 -8.737761347271019829e+00
1.344957995574048226e+01 -5.157325379095645701e+00 -5.391793980552342269e+00
2.465822514562864498e+00 2.936159631926619884e+00 -5.363801576699197327e+00
-1.430339823284801359e-02 -3.872952314856472067e-01 -3.576083150261581967e-01
-8.991803214239365571e-01 -2.886913037849464914e+01 -3.564342155055076233e+01
-1.468332805979382760e+00 4.773043376589364506e+00 -1.709276387579769407e+00
4.379798134250806996e+00 1.659338440282478455e+00 1.315989594064930124e+01
7.474711900591252123e-01 2.532424617433474801e+00 -1.496072763552645235e-01
1.004492230147459253e+01 -2.058459513063706936e+01 -7.065756365607727574e+00
2.869344414287202838e+01 -8.167408804651751231e-01 -2.600378036837728501e+00
6.926448085043361846e-01 1.630488843501788132e+00 -5.811422146973879599e+00
-1.975968503790830333e+00 -2.085784150165610917e+00 -8.008071307691716711e+00
9.646903242958245528e+00 -3.007297583719966028e+01 -1.753030965978906153e+01
-2.292254802777946576e+00 -3.430779136110790439e+00 3.988234594167142877e+00
1.952814742156089522e+01 -6.600356491041973861e+00 5.177101572304404264e+00
5.104399231649306756e+00 5.099269341869224093e+00 6.494133914951344622e+00
1.701062609009736093e+01 1.223014533637875623e+01 -6.818848235550841075e+00
-1.343869272720215724e+00 3.443632484591724108e+00 -1.856700930597000365e+01
5.209074582318860891e+00 -1.304742010751257064e+00 3.682933883580092327e-01
1.942388310469579604e+00 3.697439203090899795e+00 1.204425646635867331e+01
6.809607164363159493e-01 -1.766586850070326342e+00 8.992952879133881083e+00
8.335061766989610987e+00 2.184818975992701695e+01 -1.862475074985999512e+01
-9.579009356907137729e+00 1.722305583112519400e+01 1.436825277231338349e+00
-9.135952924775143646e-01 4.567176473411371340e+00 -3.188181003297361205e-01
-1.797898921093671332e+00 4.160228668936002627e+00 -7.418450952711187263e+00
2.669519036851779248e+01 -1.884657626511356199e+01 1.106737381243445384e+01
6.337739993814467176e+00 -7.416161906276054872e+00 2.510951296179165482e+01
6.187984111806762222e+00 -1.842718925978094280e+00 -4.946894642148297550e+00
1.612161317444275488e+00 -5.770132356451052047e+00 -7.924777567764538233e-01
-2.198556035575788314e+01 3.441888594535634383e+01 1.276759251412551777e+01
3.022380762786403441e+00 1.553371684680549425e+00 3.017311309568066591e+00
-1.244615122043681188e+00 1.001810548179745552e+01 1.753695093535470706e+00
-2.262230481456561915e+00 -1.648884354350832693e+00 -2.256464124410007543e-01
-9.335427724008495076e+00 6.050877087972441615e+00 -8.450384062537414920e+00
5.685735349620302692e+00 1.182348238593796097e+01 1.377797001869668359e+00
4.700347895419969113e+00 2.288212213783561566e+01 -1.184619668105384882e+01
-2.116401898985487406e+01 1.503211538682990511e+00 3.241759717892201564e+01
1.110695638906642607e-01 -2.141670715939686109e-01 1.373186861776780887e+01
2.094311268491270184e+01 -3.512010342233115257e+00 -1.250599526595340016e+01
-1.628703791954266933e+01 -1.472513354967020405e+00 -2.067939761668875676e+01
4.553526340431117703e+00 -4.925104068991625894e+00 -1.975053833992539865e+00
1.037848774886576564e+01 4.444927695813405855e+00 -3.370672416864158638e+00
-3.448567050338819939e+00 1.809323525706245661e+01 -5.088177094885988794e+00
-1.332244827942470167e+01 1.952358769471962407e+00 -5.348087400895170873e+00
-6.469939137792112049e+00 7.798477169983280888e+00 -1.473724589503492499e+00
4.527714643630051050e+00 1.585932965631055147e+01 -3.465655994225023129e+00
1.839977268791308296e+00 1.253954648998899302e+00 1.009815182203673878e+01
-8.950420598050099485e+00 -2.611443634961054805e+00 -3.469496239926165959e+00
-3.418679593639061665e+01 -9.110819118892099056e+00 2.029505946714430209e+01
-3.574293521987333744e+00 -1.485150983764309096e+00 -5.136445542325768443e+00
1.097516612879860531e+01 5.010462354027521492e+00 1.668542450367375807e+00
1.498233815674580427e+01 -7.951701051978980139e+00 -7.132168274948769593e+00
5.173168201048940901e-02 -1.499230942392250299e+01 1.011346405471420873e+01
-9.586902268889083700e+00 -7.897237030233188904e+00 3.950823883265097258e+00
-5.070264602690511424e+01 3.172252557612865509e+00 3.903226430254498780e+01
-5.372824499730407766e+00 1.514797332595666290e+01 6.827782017014304650e+00
7.266752412082926327e+00 -2.417011713380533777e+00 -2.829144352188530664e+00
-2.119914747731560745e+00 1.793000564238090888e+01 -1.300500942494166479e+00
-7.853369738489385021e+00 -1.915407718142715510e+01 3.640380226073653347e+01
-6.037321381511708829e+00 1.235330087761892948e+01 1.828604276030228704e+01
2.432050363553482697e+00 -4.333166111364816331e+00 9.280963946597986514e-01
-1.171653044032091451e+01 2.407199903654417383e+01 3.981856742232988466e+00
4.498239040362958185e+00 7.271186953781097806e+00 3.428654185006358102e+00
-4.084722114487421507e+00 1.080320351323814876e+01 -1.152282105781555366e+01
-2.533640792294306365e+01 1.385143322652309372e+01 1.547524994401496379e+01
-1.716572572542856179e+01 -1.391978534167314763e+01 -1.040543013674400541e+01
7.615541556611644669e-01 5.003671246804841211e+00 4.973110685680556031e+00
-4.637111900254295094e+00 -3.746283951166790249e+00 -4.129185923089579990e-01
-7.083442342434771444e-01 1.539243280851214202e+01 7.487985934149980594e+00
3.954727183191699247e+00 -1.816563229096839427e+00 2.264849788615448833e+00
-4.069230166677038074e-01 -1.205408238493119555e+01 1.269068177174398127e+00
-1.811596142570527945e+01 1.257386230871636990e+01 -1.259923177865371713e+01
-8.957290986694239621e+00 -3.966822692022969932e+01 1.224273301914582390e+01
9.310250835163156324e+00 3.091812892843898819e+00 -2.382959728976032920e-01
-7.255695981563848207e+00 -4.319082879414727572e+00 4.570784580220362270e-01
1.172121936684205856e+01 8.835754245098092596e+00 -1.730250854952132267e+00
6.271746543473293301e+00 5.082707018022060153e-01 9.237303738329147862e+00
-4.131579875174861805e+00 1.099747350843337124e+01 -1.573420169302235294e+01
2.312430489789991217e+00 -3.157087715990361332e+01 8.677964100194747177e-01
-2.348685407068808928e+01 -1.787138613642385465e+01 1.202280750391069830e+01
-9.752998271644012007e+00 4.130261697466784732e+00 -1.953311931599897577e-01
2.240635092202466794e+01 -8.669838210723627370e+00 7.481394865524523041e+00
1.292546014835500401e+01 -2.274984452191941742e+01 -3.017686134413613885e+01
7.960948655039664423e+00 6.058442749744441969e+00 -5.499301553724878389e+00
6.210856685830568935e+00 3.027264365516598588e+01 -2.800631177281605599e-01
-2.296431696071908668e+00 -1.810089057582057848e+01 -4.221480658521227447e+00
5.032542069863054301e+00 -3.313674587504917834e+00 -2.617664340734721762e+00
1.474121234619692622e+01 -1.032260739405977468e+01 -2.765327728293812015e+00
1.342847905574566170e+01 4.127882270973381118e+00 -1.790793071446055507e+01
-1.389268828212138374e+00 -6.268842612781995172e+00 1.101132007823358849e+00
5.348083145711393094e+00 3.068745769233953702e+00 -8.437277375850666061e+00
6.899115544609261796e+00 9.286304309067245910e+00 3.462692761421096055e+00
-3.916835958533000817e+00 4.765150878006944035e-01 -1.601769273554610518e+00
-1.024333971545684996e+01 5.812656470227445915e+00 1.828789010499182410e+00
-4.811195477817623356e+00 -1.946395368159590911e+00 1.930064989156660832e-02
-1.460332550332460233e+00 -2.161611272550243257e+01 1.772554540384839683e+01
-8.504946108200627464e+00 -1.129789731248608486e+00 -1.152374221701595758e+01
-5.598594640743955964e+00 -2.080196948821651404e+00 -5.717989759577943865e+00
1.565346558268044674e+01 -1.927426252174843668e+01 -9.374574846481152690e+00
-2.446100338027325627e+00 -1.117144696707567775e+00 -1.862312908225311814e+00
3.240138275132261381e+00 -1.902958919375116409e+01 2.677378194048575111e+01
-6.987722934487899940e-02 6.843280668697151903e+00 6.661850788513453692e-01
-7.451662451314597924e-01 -2.841571965846696557e+01 3.546574960899291362e+00
1.110082583505460185e+01 -4.733158283013300660e-01 -9.908467254527320023e+00
-1.132593439152965153e+01 -6.159082639174819462e+00 -1.390341656749463262e+01
-1.046622361612442376e+00 6.731729466890516100e+00 -2.866703746157880150e+00
-3.269306805124023718e+00 7.080941232356405379e+00 8.994601380927731427e+00
-3.576687809161544163e+00 5.287709387596237320e+00 -4.078229903063262718e+00
1.173008690640506169e+00 4.612987649428522907e+00 4.445904083831048403e+00
-7.435548031247618539e+00 2.506109975156563419e+00 -5.050118263196694990e+00
-3.571345127434790268e+00 3.375583415110902319e+00 -3.608757206263612183e+00
-6.511726316894337785e+00 -2.378806618539295870e-01 -2.399903720246381322e+00
-5.826610114727133194e+00 -2.114096305371506901e+01 -8.907192679862143692e+00
-1.658114553816009806e+00 8.951238858991741765e+00 1.296731667556222156e+00
3.889867731766512904e+00 -3.748908843338197627e+00 2.269580648448387361e+00
4.072597529768974267e-01 -1.299828818454847834e+01 2.541438563955705554e+00
8.319895825750808882e+00 1.425890068561907498e+01 -1.015460606111908959e+01
7.254507348369521047e+00 1.296711829186419962e+01 1.749925844758685400e+01
4.199414262622106264e+00 3.780872550171985313e-01 1.177147361405339687e+01
9.423788719304958761e+00 -1.594849981935361871e+00 8.995370549568132645e+00
-2.340885250640483584e+00 8.794905000881680479e+00 4.035244213391666612e+00
6.316985578510430344e+01 4.676091815713664346e+01 3.941226481622302913e+01
-2.014538914402026037e+00 3.507684428365552831e-01 -7.445463074540688009e-01
1.141121120579431381e+00 2.174591239714749324e+00 2.444287791732148829e+00
3.609454246013085399e+00 1.174193688699272542e+01 -7.557618135880096233e+00
-9.953858856716284009e+00 9.796802532825227061e+00 -5.383389610927082458e+00
7.152297845535943388e+00 -2.518823480366559231e+00 -3.093150293842663157e+00
-5.890166535722960006e+00 1.759842600007400115e+00 -8.137421406026392745e+00
-6.451743463417384028e+00 -5.329973603427170303e+01 -2.660386709685881712e+01
1.098340863263728018e+01 -1.823863851366697375e+01 1.015323834672837400e+01
2.262098963557176212e+00 -5.716626517719566536e+00 2.469509375727267475e+00
-1.048227125946818461e+01 -3.166901261666732026e+00 -6.506613474594629132e+00
3.759335311375563293e+01 -3.251147466072303160e+01 -2.547668616214790305e+01
-1.020550435364319064e+01 -3.194120263943868832e+00 3.913790897280281650e-02
-9.791568472858623196e+00 1.108785436952286396e+01 -2.256517711835341444e+00
-1.846589803266581731e+00 -1.662997162822834121e-02 3.474809509036223432e+00
1.022430800402429973e+01 -9.736240612655835847e+00 2.381424312905604079e+00
5.579232288295554731e+00 -3.824651391302365866e+00 4.700857671473628041e-02
9.935138323398396309e+00 -9.016573953009173081e+00 4.401036013987197570e+00
9.673932402394690433e-01 4.373905441313460152e+00 -1.006026950903393669e+01
-9.323066818634917485e-01 -3.180885129946716017e+00 1.214621564996086178e+01
1.591169105302222775e+00 2.217975010138766834e+01 8.903205196699316204e+00
-7.549524859203200489e-01 1.189240462520483987e+00 -5.916248581618520852e+00
-2.750285653969850586e+01 9.103828461347209355e+00 -1.455847568383781798e+01
5.953685636377492152e+00 -3.079216834459602925e+00 -4.370168225610123969e+00
4.072433020489089617e-01 2.500614049383572901e+00 -5.694792651026583385e-01
1.815870845709777015e+01 4.603907190165061003e+00 -7.630500417089101539e+00
1.415645784449090705e+01 -1.672240447043331413e+00 1.589376866263389143e+00
1.968578804721044051e+01 2.439941105687068124e+00 -8.057110573560807509e+00
-7.166841774826827383e+00 9.971014039140007057e+00 3.327909507402333489e+00
-6.556741867444707772e+00 7.449216653180836367e+00 1.005110189594402037e+01
-1.278351262623174023e+01 -3.556974937651382174e+00 3.498771064480589832e+00
5.058368832404859461e+00 -1.140288661754510713e+01 9.580251971333558103e+00
1.200257526158402221e+01 -8.872646308218723021e+00 1.914516965708035201e+01
1.438620664584538922e+01 5.574839926847291238e+00 4.428707917484692835e+00
1.283007421463195241e+00 -4.605007417771711076e+00 -8.034361638618005230e+00
-9.097493506278434339e+00 -1.293567553234458156e-01 -2.212261449475831032e+00
5.564823827081143648e+00 5.236213262460119644e+00 -3.794072888442305391e+00
2.676203334106901366e+01 -3.609349010424655724e+00 1.566928921507791284e+00
-2.393347405775045011e+00 -2.129670411346301861e+00 1.515937350494696023e+00
-5.779870236643789738e+00 -2.086345549458888282e+00 -4.444712636429889230e+00
3.854520984893637703e+00 5.754058109811658994e+00 2.937944826957544109e+00
6.328876694096846833e+00 -5.868929758099420191e+00 -3.708958587441245847e+00
-1.256919133859049431e+01 -9.509346602959540817e+00 1.986511780052319542e+00
-3.391914856421736513e+00 3.390239077832512660e+00 7.382418292392463055e-01
-1.292957746241876116e+01 6.458434155344227712e+00 -6.563603871342023943e+00
-1.311224092136883890e+01 6.741577590992535285e+00 -5.983289072296329891e+00
-3.855866254179605601e+00 -8.074306291940926972e-01 3.924746383532829452e-01
-9.815433950313755318e+00 2.974810858661298685e+00 1.174157839306413820e+01
-4.365595751108950928e+00 4.352778355811707911e+00 6.862456363322682051e+00
2.885039525966557328e+00 -1.905347120659130811e+00 1.287482768533048549e+00
-2.167568009751579794e+01 4.574788384466192070e+01 -7.227295312349085066e+01
8.377448030667274281e+00 4.717728877228848816e+00 7.640521679542972677e+00
3.029210920534805851e+01 1.869788217337336533e+01 1.562213372161780534e+01
-1.652367639785187237e+01 -1.930084156824594288e+01 8.792701926149847580e+00
-2.162640245575282805e+01 -1.882431505008916650e+00 2.846848341620549672e+00
-9.756048704284992823e+00 3.021714440775333355e+00 9.571341527280099015e+00
-7.863683785899905132e+00 -1.896175121915032946e+01 4.016940828263386720e+00
-2.870953992328086812e+01 3.400122919763966856e+00 -4.935052922470444692e+00
-2.681766615800870923e+01 1.238815687804753374e+01 2.118330768569020695e+00
-1.900634706308243693e+01 2.368944073597601019e+01 4.377306539425165255e+01
6.291728722358115589e-02 2.733515908760800084e+00 8.937984279526106635e-01
-2.960406536116640552e+01 -4.170052559960088501e-01 6.917813799988751100e+01
-2.728550300793267103e-02 4.796216109625497381e+00 3.675545743470168158e+00
-3.008808832357478202e+00 -1.419133819498795290e+01 -8.054303428915016383e+00
7.592159904884052679e+00 1.318491377432939204e+00 -2.905199038590988714e-01
-3.169144131279852949e+00 1.190887898426740321e+01 -4.141991586864614661e+00
1.165272288449186000e+01 1.953020009730200290e-01 1.224615949372940493e+00
6.506738479951581944e+00 -6.621354252551113539e+00 -6.644634734328310977e+00
-2.654395185009087221e+00 -1.637619461146352862e+01 5.241430459382917739e+00
7.489616392813722712e-01 1.449218743600789283e+00 1.143538193645695955e+01
-4.051101868757389646e+00 1.835734907934597038e+00 -4.722334662993428189e+00
-1.114642230405168100e+01 3.475368225971867453e+00 -3.024610784609373493e+00
1.432844878421538226e+01 -1.356068020348048186e+00 1.134096205708958083e+00
-8.327150663983832857e+00 7.077588214471629557e-01 1.588454494199739564e+01
1.320718733524708099e+01 -5.051071236112268714e+00 -5.796718495578105923e+00
5.225531911574571353e+01 -1.191775154099369693e+01 -1.009160250692278993e+02
4.667709506775088357e+01 2.985916134052146376e+01 -6.044919198679111361e+01
8.323450697903123086e+00 3.048057712215062054e+00 -2.547446901124756913e+00
-6.887879726395684798e+00 2.560854296387113394e+01 -1.922349247731182587e+01
9.516133686264026892e+00 2.447064988660221652e-01 -7.687824711824316815e+00
2.252530190168882029e+01 1.987694367600612466e+01 8.941021924359862538e+00
2.520540797416194412e+00 -1.647121050112802632e+00 -3.619679356683357163e+00
-6.906345933822638727e+00 -1.790682799474559550e+00 6.705125648643655900e+00
-6.832625292870445399e+00 1.272028021545036403e+01 -2.855609116797819702e+00
-2.050254377780293513e+00 -1.213668934104192632e+00 1.495393311461857699e+01
-2.420439637084738038e+01 -4.419455258616830307e+00 6.878214123200638852e+00
-1.261748522239133230e+01 2.088681772158879735e+00 -1.552913814672439408e+01
6.038072898397531141e+00 7.609801723077457503e+00 -1.251979255490766363e+01
1.905358040367222117e+01 -1.794404137439105318e+00 -5.832685335853847519e+00
4.600180819671416010e+00 1.675376254472984883e+01 1.150624042254894519e+01
1.190382348822551606e+01 1.038429722112032572e+01 6.013506165491180333e+00
5.796106470087004858e+00 3.778047494149076257e+00 3.993830821493677963e+00
-1.047378342567343745e+00 -3.920107041814954396e+00 8.419063997701348612e+00
6.583743780465804996e+00 6.001397345335059974e+00 6.417225808337589932e+00
-1.193072595092330435e+00 5.734479817488245423e+00 9.683139473366773942e+00
-1.232484929963685616e+01 4.805699527137327287e+00 2.621838183273732970e+00
-1.018834740215461210e+02 -1.296280522968116955e+01 -9.052918815710347644e+01
-1.680650591886442058e+01 7.771455805495498304e+00 1.987215805841450944e+01
-1.448991263326240952e+00 6.385175101834299483e+00 -9.672774998079040065e-01
2.364590787415749240e+00 8.583950877265408508e+00 1.968687672087300611e-01
1.041997936064167440e+01 -2.052611678652548122e+00 -6.383900264189098728e+00
5.489289771476936863e+00 -3.720682497426820223e+00 -1.199064070270318361e+01
-7.757763407583413873e+00 1.761193249624036383e+01 5.757160854127867378e-01
3.705494003637138656e-01 -1.320196253334276193e+01 7.291056236030833304e+00
-5.067415835450821859e+00 -6.542017842830686547e+00 3.620655948724960105e-01
4.341315407154004546e+00 2.414495267886918484e+00 1.722795299401999491e+00
-8.898450875608989463e+01 -9.489249911790755831e+00 2.236672100804387942e+00
2.848289888179747464e+01 1.046157071872204775e-01 -1.872724313926276452e+01
1.145691885754996520e+01 -6.883973813730454694e+00 -1.377400280819546374e+01
4.889210991838712772e+00 -2.316111715868084175e+00 -4.097623303082281176e-01
1.081644901336898990e+01 -1.464317265129770540e+01 -6.312748390730521519e-01
2.112545484348316904e+00 -2.743824678059730848e-01 -1.168703963094169795e+00
-4.350559542237973254e+00 -4.466903141060813098e+00 8.354273072015216073e+00
-7.278602169933359178e+00 9.660862194613793363e+00 1.831945656102092457e+01
-9.016207722898833765e+00 4.154427438928020244e+00 -2.470096960903870986e+00
1.734042032008783485e+00 2.643034966950189801e+00 -8.994299129490748612e+00
1.173554413173695998e+01 -1.729146882921110961e+00 7.820525990629473512e+00
-4.483093716848244092e+00 4.117123128513517472e+00 -3.742725205821252121e+00
-3.955640393066421900e+00 -5.607465836301462225e+00 1.213032983731666903e+00
7.834846301386481082e-01 2.424950166969809806e-01 -1.827346732065157964e+00
-5.485930995136397925e+00 9.088471797314204181e+00 -9.472860189947338583e+00
4.483533960267414464e+00 3.051799194574384533e+00 1.248544702834238862e+01
-1.620867085803167740e+01 -1.872787130775489928e+01 -2.106916582060920007e+01
-5.580830350281527075e+00 -7.637759786019382879e+00 8.392460999135911592e+00
-7.652638774363878404e+00 9.662297956523426379e+00 3.891916501795543493e+00
-4.216855930902542404e+00 8.534952856720916969e+00 -8.735397710539894334e+00
7.295537913805604013e+00 -1.802574347378716579e+00 -2.004564786803288534e+00
3.800962565206747801e+00 -2.261004441129605969e+00 1.825882786331505159e+01
4.060845453924923021e+00 1.295017666814093538e+01 -3.716744506937804005e+01
-3.488637069329894924e+00 -1.716261646295692245e+01 -5.386879243293199337e+00
-5.960884450680082658e+00 4.222131261726596918e+00 -1.322912949235355962e+00
-3.344231235037025129e+00 -7.839373851221677292e+00 1.074535952436108488e+01
4.607803513267853646e+00 -1.009538733827116097e+01 -6.290691237647485501e+00
5.601975151046900692e+00 1.062794790960152724e+01 1.648248658193080729e+01
-2.849411409187466937e+00 1.168350922346791698e+01 7.969535194462071814e+00
-3.417350308365109779e+00 -4.745869902205734903e+00 2.388756748010580910e+00
-9.263149020532454259e+00 -2.731356936917453293e+00 1.107961595516175457e+01
8.867528424323753100e+00 -3.389094953546527567e+00 -7.583227920307946235e+00
-4.052320884865296402e-01 2.530925780446014350e+00 -1.355359075831599203e+00
-4.052007250189293863e+00 -9.106568728721253336e+00 -3.404983271169000236e+00
-2.193957947877033732e+01 -1.137333074408448574e+01 2.759782474335487734e+01
-1.158220342944220427e+01 1.587660365394586037e+01 -1.002681701194502040e+01
2.115943905094353994e+01 -3.052815322427441203e+01 -4.398873128915978370e+00
-5.029912218226718856e+00 -2.807511198341932079e+00 6.245673259280917211e-01
5.749771340120084950e+00 -3.750430040320642977e+00 7.132404293226505487e+00
-6.938351471688289251e+00 -9.051330543633801184e+00 -3.708479691985988591e+00
-1.276788437263609310e+01 5.648313255238017472e-02 6.973538754687625740e+00
4.045432916308568494e+00 6.329425967265415842e+00 -1.945467973708159937e+00
1.755425506445397632e+00 5.118404455602446612e-01 -2.460538776629988877e+00
-1.170995610187194558e+01 1.210861272548964429e+01 -1.249041085046523136e+01
-7.452711548619423532e+00 2.757289754265634940e+00 1.244359004835410332e+01
4.286762030629308384e+00 5.564410714955978637e-02 -1.486792211209139625e+00
-1.989793095402443157e+01 -1.481266984766785022e+01 -9.592908641297098526e+00
1.520308775916559085e+01 3.176158088662954238e-01 -5.891431046186434983e+00
-6.607346826168687848e+00 2.247076920482284379e+01 -7.976582983007236560e-01
1.415466938818857656e+00 -1.868077280146830610e+00 -3.875359465556639460e+00
-8.240689336593923997e+00 2.897449311137612948e+00 -3.400008681582014081e-01
6.269201432801468243e+00 1.257869517518238389e+01 1.866993566509850488e+00
1.677328079923517379e+01 3.703928596600130518e+00 -7.520188820089964032e+00
9.565692962588672188e+00 3.485311428857899241e+00 2.869526843328698007e+00
-3.570417579415236276e+01 -2.931015269970661308e+01 -1.128820630004797287e+01
5.624802225271420930e+00 -8.343710204469736880e+00 -1.770139346506436340e+01
2.485789938607339877e+01 -6.014531124075792157e+00 2.116861146078862532e+01
-8.323549646586521078e+00 -1.202726601731256828e+01 -2.267974117174855961e-02
-5.397592934645371265e+00 -1.767604654997389391e+00 -3.987078630226126297e+00
-1.105979619422496896e+01 4.824858161351303742e+00 1.033846333866716094e+01
2.283937748622051789e+00 -3.560446819530760365e+00 9.307325313455361737e+00
3.822816857545152658e+01 1.418627716764598112e+01 8.388080097617518049e+00
2.962816133087517123e+00 -4.979769699084505952e+00 -2.210152766833112992e+01
3.254130572392003273e+01 -1.197410204563511904e+01 -2.050535247808005934e+01
-4.747870790927783524e+00 5.591742045468505751e+01 -1.609137275691208657e+01
4.673737057122452576e+00 -5.706993092678882107e+00 -3.955156717459353821e+00
-1.017968770973784487e+01 -2.423788744285631935e+01 -5.449014159328354090e+00
-1.525997594752366071e+00 6.176995970869537445e+00 7.671913349808087368e+00
2.069413604648741511e+01 -7.719602209396430936e+00 -4.712514451029550244e+00
-1.299369573819564749e+01 8.688205809838120075e+00 1.088686796131471546e+01
8.375599900304980139e+00 -4.164267633183804662e+00 -3.414952715464287358e+00
5.582569039237920805e+00 -1.145679611948675003e+01 -3.205612355873477815e-01
-1.816062103651210347e+00 -2.704614364085334621e+00 4.061700267190679448e+00
-1.430636755481847988e+00 9.958508148558413708e+00 -3.567998174764283714e+00
1.566815000382420831e+00 -5.508496540219828264e-01 -5.982215269792501289e+00
-1.347943517164792882e+00 -5.611208396652622277e+00 3.684686883677950497e+00
5.806809065422510407e+00 9.919241864571640477e+00 8.565666328276746455e+00
-7.724454012571040806e+00 6.307935910778282818e+01 3.968437226220999747e+01
-1.910266481691994533e+00 1.452690105423692657e+01 -9.885520143952058802e+00
3.476821979732701351e+00 6.045087216441508149e-01 -3.509766978137020210e+00
1.903534989274334421e+01 -1.724565033721259866e+01 4.214935329692293675e-01
3.140986417559445076e+00 -4.052638615166093139e+00 -3.961824873728050367e+00
-2.205527108156631044e+01 2.078071834811480656e+01 -4.078102111584900769e+01
-7.244783268202230619e-01 3.672102305675930989e+00 -1.318462255955277440e+00
1.338415803514360070e+00 -1.689714084373038716e+00 -6.175822551993166876e+00
-1.715079401956734984e+01 2.149660871646045379e+01 -3.429790515119820249e+00
-2.602859700255748621e+01 1.144137610313005915e+01 -1.587294192901003775e+01
-2.876424144783447032e-02 -9.487756287959307144e+00 3.851633849785633501e+00
3.431967354206992837e+00 2.880299796192050898e+00 7.043240546559133008e+00
6.260405459826448471e+00 -1.848200841242688686e+00 1.357387697134593019e+01
-2.540931697883921814e+00 -7.799878777126665774e+00 -4.580318908594025906e+00
-1.134665700041237990e+01 -3.069770396802136148e-01 -6.170955047324839349e+00
-5.728306169897182443e+00 5.007359407526553952e+00 3.530799493432152492e+00
-1.003242471010884707e+01 -1.130414928227913407e+01 1.363170758652759718e+00
5.238751731148452606e+00 2.438413020152792932e+00 1.844205796665877362e+00
3.170930647468843677e+00 3.869416266290276463e-01 7.792670301447623515e+00
-1.489470764379817735e+00 1.051986977815221991e+01 -7.603844611744281501e+00
-1.903552920209201105e+01 8.329583437654235922e+00 1.455935140626716873e+01
7.728630697458806154e+00 -9.190577385719901349e-01 4.576060348746175954e+00
4.748587166933129766e-01 -5.605705339065404580e+00 7.419964312379431881e+00
1.487820779535694982e+01 2.134941790086064106e+00 9.365672857745391156e+00
7.373536953747228040e+01 -3.385343684813941678e+01 1.472640900522893936e+01
-1.628693721522065374e+00 -1.043076549536019826e+01 8.337939380712338533e+00
-5.288898645885242722e+00 -5.731255960428387475e+00 -1.107138357710966758e+01
-6.622152271086610975e-01 1.034448742693775358e+01 4.643078774875681325e-01
-1.209409895515817190e+01 1.702177209529654434e+01 -1.698041526350046126e+01
2.450145993574818437e+00 1.980827378621111379e+01 2.936050991970201807e+01
-9.068056753852472340e+00 1.475626628431881215e+01 -2.600667124538262875e+00
-1.295001423365735960e+01 6.167289814755265098e+01 3.918881135007269023e+01
-2.462192476787476547e+00 -2.455416948633320118e+01 1.679029317886261552e+01
1.184790674162692525e+01 2.201609721392381047e+01 1.158402168246220221e+01
-4.549029004601255477e-01 -7.548222906747167338e-01 -8.926592212949525929e-02
-4.473156387860188765e+00 -2.213947028730743671e+00 -1.391517920210542769e+00
1.118567374073512255e+00 -7.718608782670844271e+00 8.097204945681363952e+00
1.271439492396259308e+00 6.673437761177360095e+00 2.462553214615510022e+00
4.335307779334311107e+00 -6.474680447076039513e+00 -5.287486948994648550e+00
7.876722988450852725e+00 1.655623012253019111e+00 2.065991187615027425e+00
-1.080947344087866568e+01 -3.190391181895131378e+00 -9.940246414271284081e+00
-1.648292683594589636e-01 1.260541705805305313e+01 -6.314641685009796390e+00
1.662533525523542366e+01 5.148155958440455704e-01 -3.427892828115818524e+00
1.265778075170373640e+01 -1.983087998148289799e+01 1.297248191005530460e+00
1.101329993139013830e+01 -4.165149129235177661e+00 -4.752766052226604643e+00
5.525533790991185690e+00 -1.349084247182012808e+00 -4.223669806129458415e+00
2.044579312887000810e+01 -1.774234701625723432e+01 1.777120371738551441e+01
-4.244410458776997075e+00 -1.869728325854689999e+01 7.275447603178241351e+00
2.017777684242228631e+01 5.000944240719918277e+00 6.316266757688567823e-01
-2.015817435945523428e+00 2.578110035677056189e+01 3.818968769451136058e+00
3.825233108681129313e+00 -1.176716430699271010e+00 5.030266263198586607e+00
2.055723093917972477e+01 -2.231237862621473500e+00 6.093364511677259898e+00
-4.443470983806608321e-01 9.087813701004909817e+00 3.602479180749142529e+00
-9.021511020436893347e+00 5.573705103769241553e+00 1.444607436377254217e+01
1.170613860936411577e+01 2.387981950351055715e+01 -8.529215992261883983e+00
-1.043403517985602669e+01 9.053582886839564026e+00 9.805276908042939166e-01
2.602800885633779515e+01 -3.110664910247394221e+00 -1.255445408443642386e+01
-6.181631150265347152e+00 1.485642968869124614e+00 1.333763710922194257e+01
2.162781246398347346e+00 3.078968806206790809e+00 8.528268963022491711e-01
1.617126045880008434e+01 -2.272836978702904354e+00 -2.583809221902846787e+00
8.969680050308483032e+00 7.805229752552965472e+00 -1.965652200252426596e+01
6.030223190297036240e+00 -1.235910272132830734e+01 -1.535023352803655605e+01
1.901936643216968648e+01 -1.159650676950380621e+01 -5.822689447787253947e+00
8.873284926348937063e+01 1.670151759617418463e+01 -7.627366453298870397e+01
-1.226454384818189913e+00 -3.958014546039628989e+00 -1.885235192073751342e+00
8.359004678045236503e+00 1.273155963102255939e+01 1.914066247625273887e+00
2.195260104852601035e+00 1.789129928579753681e+01 -7.443824036321465165e+00
-2.390683531731348843e+00 1.207563230436663915e+00 -2.090984111440246540e+00
-3.170450277201243949e+00 -4.912738927439892933e+00 9.186270075339253438e+00
-4.585281611312876926e+00 2.124967277638344854e+01 -1.791589748653073499e+01
-1.975521122739922930e+01 -1.755305011731759990e+01 7.358598790414198731e+00
2.220659184579823986e+01 -2.179063032952373302e-01 -1.135502217424606552e+00
-1.378993213665698647e+01 8.954174706273518858e-01 -1.857485920155460768e+00
-2.624949631976149789e+01 -1.918027177537777206e+01 -9.175735079850714015e+00
-4.280692224116103617e+00 1.011314475333073393e+00 1.848503995331111316e+00
-3.627817947875972493e+01 -2.077384039397793458e+01 3.601839412490289760e+01
1.876366389886639396e+01 1.316461289283595804e+01 -3.024193460360545060e+01
-3.103740327332609628e+00 -1.134495260690777441e+00 1.609206627350504792e+00
-7.480004250134802968e-01 1.184720825551133139e+01 6.373576533485423745e+00
6.471069243635078294e+00 -2.460342876393284328e+01 -3.203869396821021898e+00
-1.481392525962345941e+00 -4.393827674304452202e+00 4.037946383366409542e+00
1.232905666177395609e+01 7.629185957049685385e+00 6.588281734550308633e-01
-8.318127263397222748e+00 -1.124183607747424762e+00 -3.026743422163067354e+00
1.158275176307957821e+01 6.400090715280483344e+00 4.338172759658859290e-01
2.080413707760088826e+01 8.124298372610789798e+00 2.503723461249657234e+01
-1.163151426789780274e+01 -3.860631190986749672e+00 -7.109500809899241602e+00
-5.034229374465165385e+00 6.741296685000248701e+00 -1.698339000403193211e+01
-6.889137740741269056e+01 -8.200937978890618751e+01 2.542556133774582250e+01
3.186319739072851576e+01 -5.437695341905738644e+01 8.510602655086218604e+00
8.590809022978669773e+00 1.494597339073267506e+01 5.113335158263385694e+00
-1.101889164421022471e+01 3.575862645397801032e+01 1.175576407074211005e+01
1.817289473975637337e+00 5.128459791750731966e+00 -4.131746007842713730e+00
1.191937419320127844e+01 -2.054845005192084528e+01 7.740198178533074014e+00
-4.765987650503519468e+00 1.270813173269952223e+01 -4.252667499964440379e-01
3.409949999342246407e+00 -1.689653106209056954e+00 -1.885588109226370657e+00
3.321751770914125768e+00 4.585351093111809995e+00 9.697159003704493685e+00
1.372772346920273279e+00 1.178788256979233173e+00 5.310690009182860161e-01
3.733105582368441588e+00 -1.812313323269986753e+01 -6.597645728391256237e-02
1.286063435204344607e+01 2.669453409825311851e+01 -8.320092425423240012e-01
-5.899297956763033923e+00 2.248487163760930496e+00 -4.347877712055228550e+00
-2.849398929696148386e+00 -1.427437180773652781e+00 -4.482562196230341911e+00
-4.762576804150875920e-01 5.663518050890944400e-01 9.625688463145104734e+00
-4.197550486195333441e+00 -2.475573275746254076e+00 -2.083521257936187254e+00
-1.159021098303124830e+01 6.013198400965013235e+00 1.505084066931002273e-01
-2.815780658013809390e+00 -1.005776907034474732e+01 3.640918172511993678e+00
-9.502641610202399391e+00 1.152833070260440529e+01 -1.570354773253361258e-01
-1.396325951657739539e+00 2.103827614357929221e+01 -1.159360114425529531e+01
8.865762877140722864e+00 3.823056901871579871e+00 1.687199190213543787e+01
1.718961579166633058e+00 -2.037505923141230113e+01 -7.290803601090781072e+00
-1.795379433515747136e+00 -6.488259879734049385e+00 1.445639772103975851e+01
-1.823389506245086622e+01 8.832017952997604837e+00 -2.941338505691462935e+00
4.448595016775486854e+00 9.150789226367487927e+00 3.207500516770090737e+00
-3.939653654873165323e-01 5.642326372253265276e+00 -8.563023361219721519e-01
-7.302778825324267586e+01 -1.321793191189996541e+01 2.271117216777702552e+01
4.629053757089402588e+00 8.958701979108701252e+00 4.142966001454379210e+01
3.891169921236730556e+00 1.021172845888796088e+00 4.812018240405824265e+00
9.438394008454242812e-01 -1.815753646900852392e+00 -7.313441107832457710e+00
4.935109810987231005e-01 -4.294141350597270090e+00 -1.860560065291797072e+00
1.783422595825304935e+00 -4.318359656532499713e+01 -1.175309518447674506e+01
1.996720589194874274e+00 -4.978549238031900970e+00 8.856190552288907725e+00
4.206258229610594590e+00 -5.324909478453564660e+00 5.171215788513378042e-01
-7.777572270742078686e+00 5.225622159309015746e-01 6.858466822919330852e+00
-9.067589670255868373e-02 1.043514851720600234e+01 4.887122145520772065e+00
-2.706456451974321276e+00 -4.343377968382658771e+00 -2.222703210360257309e+00
-8.551365622522428112e+01 7.665645164672324086e+01 4.301927295942657281e+01
9.507704555920705403e+00 2.198315675746389974e+00 -1.086745240514265198e+01
1.792033184807941826e+00 -1.922259283165830279e-01 6.597911928313467955e-01
-8.538503613284352811e-01 3.392423724536684393e+00 -1.003782275130858181e+01
-2.475474770603011354e+00 -3.883616502684263061e+00 -5.406919235232289012e+00
3.703532604275769025e+00 3.323903738372559147e+00 2.259600402172770828e+01
-2.770970894310990640e-01 3.140109086067602862e-01 -8.652839786112085374e-01
-6.418323449467066011e-01 -3.730757760171738990e+00 4.945031210495357543e-01
-7.767375343770585694e+00 -6.436637501056237554e+00 -7.730784689087687234e+00
5.715196075948919763e+00 -1.692415295707984935e-01 5.120843887053347920e+00
-5.765400014417013885e+00 -1.013119301061677469e+01 -1.026999167643321442e+01
2.986278054722145026e+00 1.223971477573170574e+01 -8.707822420626891713e-01
4.539572285951981812e+00 -1.377910925039370849e+00 7.052994296544957464e+00
-8.853541313795686207e+00 -8.739845308466280827e+00 4.139170506698477858e+00
-2.240149197936248626e+01 -1.102296666914184975e+01 7.927630209681647777e+00
3.350411992002229056e+01 -1.236113945360057187e+01 1.712267544276381770e+01
8.555634497415177009e+00 4.204802750871222017e+00 -2.571716557763290112e+00
-4.201673342277590706e+00 1.431182871433337134e+01 -8.807139190766417158e+00
-4.138279445526676703e+00 -6.306405694009066032e+00 3.926453232861575326e+00
-1.374216760321237629e+00 5.825226113230604241e+00 9.545823537717608165e-01
2.423351087526110703e+01 -1.421109593570543339e+01 6.166948740404607499e+00
2.042985674922209327e+01 -2.335262588833590414e+01 -5.759164308815412525e+00
4.614795288805587092e-01 8.765348213266415556e+00 -1.460628203823369020e+01
1.260436944156366934e+01 -1.477628727810310316e+01 1.608544032216664377e+01
-2.829036538101938802e+01 2.880792387939134613e+00 -5.073843634252987123e+00
-2.964060723001484335e-02 1.328086841964564080e+01 1.177481759117171567e+00
-1.372190972560632716e+01 2.044210089182197709e+00 -1.857421170535042876e+01
-1.100589344843323936e+00 -3.254799014847456817e+00 -7.376633504398949270e+00
-1.912824923759657736e+00 -4.235382636250887067e+00 5.595353564328103602e+00
-1.419743675587029053e+01 2.461666726192944665e+01 6.153497709639576385e+01
3.273257132835947214e-01 7.343606790734491518e+00 -7.183258159410647714e+00
-1.382083462807984331e+00 1.833792819730531543e+00 8.778031630788461825e+00
-3.454037060807445325e+00 -2.902378928564987248e+00 -7.042174675724551802e-01
7.620305700207732347e-01 -4.523837190061856361e+00 -1.494286966592953458e+00
-2.797936083484685810e+00 2.785350384557990555e+00 -5.844229906608568115e+00
-6.106798674280248918e+00 1.649235311338093624e+01 -1.005524635383976850e+01
-7.241234510481109332e+00 -4.586018845576765557e+01 1.345504533994862228e+01
6.837913608517204089e+00 9.826759744186602807e-01 -2.608406912339546468e-01
-1.148390789492739872e+00 2.047815766859566455e+00 -1.841228136102138313e+00
-2.765895757406230970e+01 -1.199744345000325296e+01 2.951630292418636259e+01
2.366388268005480189e+00 1.170691286095467021e+00 -1.757612325599682634e+01
2.807984403978279531e+00 1.119619367325579518e+01 -2.984887392077231638e+00
9.656583532610794052e+00 -1.194755039985191303e+01 -1.851594178737688878e+01
1.845138836717562070e+00 5.125118503935638614e+00 -4.058139012589794703e+00
6.241063741060539627e-01 -3.743987814652451895e+00 -5.368974494248509366e+00
8.824536598206799143e-01 5.322761312808567347e+00 5.119398192150919513e+00
-4.153741219031041432e+00 2.434996160683684518e+00 -5.418525377879113591e+00
2.012725351832445053e+00 -6.353867074878941423e+00 6.066252288015287597e+00
3.803337741496768842e+00 5.293298371837601657e+00 -3.103074132285647657e+00
-2.295904170119858811e+00 2.050734491644426338e+00 6.151987081465640550e+00
2.772650802041955131e+01 9.549115493678057121e+00 1.196266827224085505e+00
-1.000529192145147839e+01 -4.582160901025467692e-01 -2.135605990349429995e+00
4.423202148123939637e+00 5.415732263742391694e+00 4.243025727205230524e+00
1.173316606238920201e+00 -8.634060948551162129e-01 -1.545708883744348894e+00
2.487329914357776062e+00 6.273208528467127287e+00 -5.016191806011842225e+00
7.251245203830530839e-01 -8.139426445846021707e+00 -9.411213868439821439e+00
-7.410361160897704913e-01 -1.852465835232256719e+00 -6.417314714615657500e+00
-3.857520890751860332e+00 -7.388685503618639405e-01 2.882926794119399005e+00
-6.562642780526193320e+00 1.651027423540049721e+00 -1.018655672223556330e+01
-4.656461334644377836e-01 -2.359558617043271411e+00 1.675527380888343298e+00
-2.512779262256725321e+00 1.338894574921116387e+01 1.480179897769520574e-02
1.837230241626449612e+01 -3.466137908743557094e+00 -1.079917569335654193e+01
-1.748082847222411251e+00 -3.376624794226689819e+00 8.148013372822523692e+00
-1.031728317628638081e+01 4.300536710826818876e+01 -2.467687909831093762e+01
3.777771526530715462e+00 4.484122014288324243e-01 1.515180793770332324e+00
-1.316697847484702200e+00 2.030877689620114168e+00 -7.736560367688726458e+00
-3.003780233039273639e+01 -2.594826571061500431e+01 2.235082989844491053e+01
-1.625750945742034403e+01 1.080378945287464143e+00 7.314718280773942816e+00
-4.604979326253999083e+00 -1.904649675490670768e+00 7.477395102963471984e+00
3.034415002784352389e+00 -1.002616408428424144e+00 6.704829259570288968e+00
1.299344399078314893e+01 -5.851545589448057250e+00 -1.834900367661521425e+00
-1.548748217660953719e+00 -1.629981519014194857e+00 6.587169352651147669e+00
1.563945297191547956e+00 3.534261265982210887e+01 -1.128443771297455100e+01
-5.985644518934149616e+00 -2.847694234297186711e+00 4.016062186091941655e+00
4.822683808017217189e+00 8.498462950410182515e+00 9.599102635043101017e+00
-2.278267731345904323e+00 1.560391698887890310e+00 -7.989895381069604674e-02
2.698762259838468403e+00 -3.071998410985615546e+00 -5.595563522285623925e+00
1.441665054661979006e+01 -2.140909623446786370e+01 2.879207622881188655e+01
-3.160706405871994473e+00 -4.021250672213350974e+00 -1.808978726727373365e+00
-2.274330211389280620e+01 -2.493562863538130259e+01 4.537402501862920490e-01
7.706318188055436558e+00 -4.594554592113390790e+00 4.402867509597900297e-01
-2.737644488034168599e+00 -5.562934891173350493e+00 1.612035321280520250e+01
-2.927208514903404790e+01 -5.614478825525318406e+00 1.871912267232755056e+00
-8.610729871228040011e+00 -1.186436498177704246e+00 4.799309141905627740e-01
1.581725522025838160e+00 1.344451144046361613e+01 8.202659553763627542e+00
7.215634688250995410e+00 2.372016585294013158e+00 9.086479755639226497e+00
1.062571129590467933e+01 2.799000460885895381e-01 -4.406765506885540695e+00
1.098555132087381558e+01 7.065104543065511500e+00 8.345574010429674061e+00
5.777190605169578497e+00 -4.690869478779769786e+00 1.080828106149776957e+01
-1.765422531061698261e-02 -1.635398237320402126e+00 -6.501415954124885488e+00
-8.711638444288981376e+00 1.248490842035817217e+01 1.908969180803644194e+00
-2.151983326619236081e+00 6.889271071943146474e+00 -6.160241757492481263e+00
-1.598800029633815845e+00 -6.883017754392869669e+00 -6.337945420803583474e-01
-1.681375167877585852e+01 9.700650910985077147e+00 7.796140776104381942e+00
1.091472574653484529e+01 -1.637547916047439855e+01 7.754720942660304317e+00
-3.046088833671172225e+00 -4.124079968544426933e+00 6.056914892487628599e+00
3.976453931476572112e+00 3.243092348291751303e+00 7.929152409904732801e-01
-3.991335543474364478e+00 1.812761751966602386e+00 -4.623365956230816920e+00
-2.710225775283569227e+00 8.709966798247387176e-01 -8.846182507669783091e-01
5.783766497703788367e-01 -1.954694980290917528e+01 -1.948030821072289953e+01
8.412207309722340653e+00 -1.202555480472734395e+01 9.834383459058592125e-01
-1.128152358944357303e+01 -1.255524538615515384e+00 5.510118002874252241e+00
-1.091657582506662472e+01 1.056498174774128529e+01 -1.464220351260212327e+00
-7.403229893657363725e-01 3.841090717845574432e+00 3.305131856652044675e+00
-5.521672664798654928e+00 -4.411523313332977203e+00 7.659108845675828725e+00
-3.372749599144560406e+00 1.019049037915574552e+00 -6.462570202018042664e+00
-6.872216075378258182e+00 -3.757990683568384327e+01 -4.504838552863797752e+00
4.998219444391861721e+00 -4.646655802212277919e+00 7.797603423317038818e-01
3.361434715238290849e+00 4.548136065854542665e+00 1.540561392389671047e+00
1.930737929171857159e+00 1.650884456446705340e+00 2.834132607501789192e+00
2.108613695710194413e+00 -9.900072427871050351e+00 1.501495005090448753e+00
1.346336506967648639e+01 -3.862364155792400222e+00 3.800140076087671126e+00
3.210176730915351717e-01 4.701781318175075164e+00 1.794350998720141810e+00
-5.872152689992252483e+00 -2.651874230038469449e+00 1.215556659917925053e+01
-1.854228865820943151e+00 -2.075644140803945437e+00 1.747192741934231819e+01
3.812592949600091430e+00 5.211701624259507781e+00 -3.937757818709713753e+00
-2.154495897650653191e+00 -3.867377679856195627e+00 -2.627264431673939526e+00
3.674674333256318537e+00 -2.500536813514667944e+00 -3.492599493605029526e+00
-1.137869532296278408e-01 8.886714998784169595e+00 -6.805155668184061923e+00
-4.354032608327360609e-01 -6.407259835641263557e+00 9.689684137311841639e+00
1.682457246364630066e-01 -1.439219578401072752e+01 7.922703370458147987e+00
1.318724699797058975e+00 -2.967034473613751722e+00 -1.452755696378677364e+01
9.124730008045247587e+00 -6.991293088523385713e+00 4.044829536881652920e+00
-1.796220019451407746e+00 4.460674018949632447e-01 -5.789595239048330733e+00
9.272761437431967790e-01 3.748279097071516297e+00 4.191579088019247834e+00
-1.338991318274907472e-01 2.718694859780074680e+01 9.532982433136655942e+00
-4.955095047477855452e-01 -4.048291831501325433e+00 4.399103596043414832e+00
1.138816418992794439e+02 -2.936631089153920371e+01 1.064861485629054130e+02
-3.502632233052352384e-01 4.626624508887731579e+00 -1.085396937329863043e+01
-7.716867753590171297e+00 5.952684529418770687e+00 -7.535725994354416812e+00
-1.752001050466357412e+01 -1.299156494576924104e+01 1.389914244262367937e+01
-2.307560209089697612e+00 -2.198341049146200543e+00 -1.541646533393454810e+00
-6.778009544193639435e+00 8.652487154909062284e+00 -4.165247158986733922e+00
1.498446739753061197e+00 -9.215116489400930533e+00 -7.673713352011688471e+00
1.606429664261368373e+01 -1.264467400626860893e+01 5.093627244936824283e+00
-3.048606270838324583e+00 7.985786882951890764e-01 -9.299530012801875856e+00
-6.125456046510079133e+00 -2.901887527717760928e+00 1.074475457562505731e+00
2.588508589936436977e+01 7.496040862476781363e+00 -8.354517648749260061e+00
-9.028975008062232632e+00 -8.770382714989416684e+00 -1.062995566416194038e+01
1.156847094263213860e+00 1.180490465259091515e+01 -2.399961421162374098e+00
-6.358445745781145853e+00 -1.376106878015460389e+00 -4.657756326406132796e-01
1.228811460441070480e+00 9.481751935671599574e-01 -2.118228088418510069e+00
3.321833534837201451e+00 3.315406381062501850e+00 -3.706333662873374291e+00
-4.136799286609670112e+00 6.723356723499599674e+00 -1.360759806217010981e+00
-2.064656495445674533e+00 2.936218578522183265e+00 -4.843587334348152140e+00
1.295460578783996652e+01 -3.033044205941877181e-01 -1.119070869935435919e+00
2.689585591477880566e+00 -5.148623597551909015e+00 6.509686540798159449e+00
-5.452903378012517344e+00 3.487991396813326261e+00 -3.410860944444343801e+01
-4.783170009503148634e+00 1.304241711340976995e+00 5.518739281592054402e-01
-1.591028403314527662e+00 5.984000896856798590e+00 1.463158988037856467e+01
9.490618676122231534e+00 -4.365892879871972276e+00 -5.270685090846009224e+00
-4.510182766793747078e+00 -5.560998904028211953e+00 -4.040807923180184780e+00
1.031850900730765375e+01 1.038017073143786551e+00 1.667667479129810459e+01
-3.669619059563053121e+00 3.791420905686064202e+01 2.435819231995845513e+01
2.013199980688315183e+00 3.382120933561656440e+00 -5.798159490569814167e+00
4.010621254884615183e+00 4.556891329725291762e+00 1.915633879538319917e+01
9.666520672855869023e+00 -4.425135491395905341e+00 -6.723283090809440310e+00
-1.708652650732301481e+01 -1.327436678578874130e+01 9.924673528847693049e+00
-2.148300005667977786e+01 3.495549970315398269e+01 8.828484231945472160e+00
-2.806620260621938701e-01 -1.493937398338570643e+00 7.637306058015205235e-01
-1.934856118313410311e+00 -1.384089735078768424e+00 1.700591495720936486e+00
-6.833143450617466641e+00 8.574873390010173679e+00 1.234397612816706946e+01
2.763527725813377245e+00 5.376993782300430347e+00 -1.740038293825074911e+00
7.071505654466711199e+00 -4.609751485309451224e-01 8.909725759091250197e+00
-3.596556350313952155e+00 7.250607081910899865e+00 -3.114468359582057921e+00
7.113757982973556437e+00 -6.234447013775922919e+00 -8.759841953867404385e+00
3.013161682147011966e+00 5.211423764025525429e+00 5.933331585692112053e-01
1.059115087241183062e+01 -7.906866712112762485e+00 1.808369842737223721e+01
-7.742415337186834279e+00 -2.516179464032816782e+00 1.651747613393686009e+01
1.389722181100113652e+01 2.192031017791551850e+00 -4.962426109477770630e+00
1.321682122060577491e+01 -9.588521433622340107e-01 -5.232489106710406235e-01
-2.938685106738622377e+00 -3.465490939752820854e+00 -8.505717138136514865e-02
3.822371113540095422e+01 -1.038867657817246481e+01 5.144253102352023177e+01
-1.885026614192223349e+01 -6.991459802166327009e+00 -1.778408408458740197e+01
-9.144792062198640048e-01 -1.937564531510657329e+00 1.494130968839185059e+00
-8.107462967272354604e+00 1.174822410935438555e+01 -7.724469094458368268e+00
7.481270345341357597e+00 -1.436075825591152721e+01 1.457326092279860674e+01
-8.122173137497556539e+00 -3.480491126226105680e-01 -7.169152215890830071e+00
6.323850781171364233e+00 5.000474977944988630e+00 1.290208382496306871e+00
1.925030303970869383e+01 2.190435264280930494e-01 5.965390380994629815e+00
2.146449120478850858e+01 -2.638847347657465292e+01 3.953838677643622646e+01
-4.398808246780244069e+00 -4.199589534117174061e+00 2.147535318955284267e-01
6.347787872261272391e+00 1.937853015896979558e+00 -1.078152494420097307e+00
2.974763745107305013e+00 2.918980924327255977e+01 3.078695723525623507e+01
4.372994843791096820e+00 -4.296347069974055799e+00 3.515082764364015233e+00
5.829909877402425167e+00 -1.305391385462949749e+01 -4.313327537066212969e+00
-2.863199930252853243e+00 4.528000676182336370e+00 -7.365474626544730619e+00
7.196494247139822775e+00 6.834458811423191449e+00 9.022452649278678294e+00
8.487874589806580161e+00 1.569472377116640160e+01 6.072188209230115596e+00
-2.954050712992266181e+00 2.772047329103862534e+00 3.571543014859678289e-01
-3.701842640031479670e-01 -5.834545023835763011e+00 1.846441492616629765e-01
7.462791560576415018e-02 -8.195288864198859713e+00 2.924802373263927446e+00
3.473558939848651050e+01 -1.664208202409546189e+01 -6.368399466739671055e+00
3.732507851262381493e+00 -1.887776339405673198e+01 -1.301305527274186424e+01
3.195434517137361041e+01 2.248891635868623506e+00 1.010237676402986340e+00
8.978812175987822997e+00 3.436317093186119109e+00 -2.029219987827964200e+00
4.281850342917223884e+00 3.222861285434446721e+00 -6.049253164707457664e+00
4.290670922580921420e+00 3.927865242406079460e+01 -7.379386413183481430e+00
4.940597619853742017e+00 6.076626305143104645e+00 1.091765833686594611e+01
6.805045146130463962e-01 -1.434196500521349726e+00 -4.807431786840039578e+00
-1.830786254540616298e+01 1.718478991576258830e+00 -1.352450292232828666e+01
-8.249060925780618447e+00 -2.084161182581819372e+00 1.235376593546516943e+01
-7.119158081952247308e+00 6.510957651324416062e+00 2.577626497861960075e-01
8.884613802262483873e+00 1.871247197192547063e+00 -1.276356347900310872e+01
3.607192464336279603e+00 3.077748386056275542e+00 -5.119800010900078524e-01
-2.468535375148989797e+00 -8.800889031025639353e-01 -1.002342961201795557e+00
8.876955267020534279e+00 -1.266408155378837330e+00 -1.366548529139290036e+00
-1.101466799908446204e+00 -1.748937934915602233e+00 -2.648470941122407218e+00
-3.330709060372918362e+00 8.676562389204262038e-01 -2.474649079529191553e+00
-6.448089410982766445e+00 2.389751726448431590e+00 1.823683836551170057e+00
5.817773315299501924e+00 4.969147288140048246e+00 -1.279674495542953316e+00
2.004207158710186221e+01 9.969915183457603192e+00 -7.179326026568618735e-01
-1.332682563950608312e+01 -1.076836938704980540e+01 -9.997726092570905498e-01
-7.532228738671780111e-01 -1.772865035370852738e+01 -1.480254574999339567e+01
-9.946420157343705881e+00 3.220765628459174024e-01 -4.280246960389651356e+00
4.610060373537921308e+00 -3.908269690537863550e+00 -7.712966044362450369e+00
2.046579851033469399e+00 1.795442234443197504e-01 8.607306596428328405e+00
1.496429161398671326e+01 -5.287102177255950330e+00 2.721122828960677031e-01
-1.195714972583719060e+01 6.539470577992225309e+00 1.077572938352937904e+01
2.734421551794683491e+00 -1.054411678442604128e+01 3.048925382135589057e+00
-8.984390122638462373e+00 -5.602943547717637252e+00 -1.070690239488672013e+01
9.270360008764777504e+00 -6.947286740216852330e+00 -2.283704516226588765e+00
-2.415366806830166411e+02 2.608624376659551913e+01 1.397442178781361122e+02
-1.133160254116966748e+01 1.955183716740569011e+01 -3.492592421340172137e+01
1.557732336895424785e+00 -1.056479697876674706e+01 5.142470382992282651e+00
1.575684536196268803e+00 -1.825190616469045679e+00 9.267890502995156154e+00
-1.230954151570597688e+01 -4.417642382644600962e-01 3.185747591878174134e+01
6.017919594350708973e-02 3.964942888858126402e+00 -1.140217715005967491e+01
-3.252483609112901686e+00 1.665513632588687676e+00 -3.189569131343867436e+00
-2.677164374078370712e-01 -9.749120519994046441e-02 -3.075696181334740320e+00
1.460176520440342784e+01 -6.049859672284951806e+00 1.028670697357119934e+01
-8.398342142531964427e+00 1.496841279016646098e+00 9.808829423063269104e+00
3.373709001343561997e+00 9.861951881448407065e+00 6.380652142488996148e+00
3.065187843678954493e+01 -4.228654932815556045e+00 -1.836073173741131015e+01
-8.741072704659634596e+00 1.835110917866746405e+01 2.271965658012498501e+00
-8.313427229043313105e+00 9.853086508204381699e-01 -1.202687280445209339e+01
-2.023248363023741376e+02 -5.740321715605969644e+01 -1.584083498549749720e+02
6.324722055500687778e-01 -9.359871736765720485e+00 1.167169776451057572e+01
-9.680941064112758454e+00 -7.267596219440287664e-01 2.089837497805087096e+00
1.094041595175524684e+01 8.716963771865680499e+00 -8.822970024802502920e+00
9.821914608779140465e+00 5.048937667881133740e-01 1.148378211830438289e+01
1.343212196075574205e+01 -2.930748865009654835e+01 9.654974767300549487e+00
-4.692100416832616916e-01 -3.048544958150128270e+00 -2.866224468229479960e+00
-2.138709138080667316e+00 3.090307601138137183e+00 1.125988746206662938e+01
1.211356161936024023e+01 6.507008785526317673e+00 -5.494187666754737798e+00
6.366730734244105960e+00 1.270952513050515265e+01 -1.482827280807776260e+00
1.912519613096150373e+00 8.835689100244680461e+00 -2.383242420022521901e-01
-1.120300399407433822e+01 3.405515056960848330e+00 1.905835467743763667e+00
5.056034471296725563e+00 6.942096612927517008e+00 2.017177024409496866e+00
6.375953158654183994e+00 -6.652048172154577443e+00 -1.419389888613931561e+00
1.267695417790633705e+01 5.697441354502457145e-01 -8.319143541014677012e+00
-8.110106000214705180e-01 4.295987491056417085e+00 -4.249338860561553410e+00
2.005276223335295427e+01 5.438044810348465319e+00 -6.385847102876348380e+00
-2.279575039098340472e+00 -7.315173176403343414e-01 -2.887852510176544651e+00
-2.572642811331991908e+00 -3.819399834043927022e+00 -3.403262625962826249e+00
4.432900442048624434e+00 -3.324718355275610104e+00 3.705596631250843043e+00
-8.100686403918599510e+00 7.265344705019245453e+00 6.537499188952020646e-01
-6.080509281408845723e+00 3.196640982619007310e-01 2.526015470623187653e+00
4.287900350683938377e+00 -8.502717882664111215e+00 7.184080692458831408e+00
6.127820556127370200e-01 5.445062539033457050e+00 1.483043157226512143e+00
-6.237715219100106623e+00 9.532825488299797589e-01 5.470062494163490108e+00
-6.695322724808869808e-01 -3.234119919397613785e+00 -1.951776492065777413e+00
-1.669075957216799910e+00 4.259806802280789562e+00 9.039738329662548866e-01
1.987578289853204438e+01 1.380166719233925399e+01 3.859708700275491111e+01
2.570490980892024879e+00 6.739036120645806704e+00 6.609865124638511169e+00
-2.580289384681556797e+01 9.134004925334330949e+00 2.343299700307554190e+01
-1.125706675151478153e+00 2.408182208132660929e+00 8.849342282847091568e+00
-8.445957210510629309e+00 -9.388997010771598539e+00 -1.571353917504329800e+01
2.353364989034560040e+00 -9.765629879649081246e+00 2.462904765533894924e+00
2.187804173403528729e+00 -2.480653795078394896e+00 -2.219972182102750047e+00
1.009947332959577260e+01 -9.771475230649793176e+00 4.135574619475625546e+00
-3.241340692115008082e+00 -8.526385401812580866e+00 -5.331155104212906615e+00
2.333286768578951964e+01 -1.425287638334187434e+01 -9.829194887024682359e+00
-1.886620703942130106e+01 -2.225387603013057003e+01 -5.369026177307151926e+00
2.172457154258307810e+01 2.227620926217038999e+01 1.312176231478870081e+00
-2.289743488068078481e+00 -1.694276536570743730e+00 6.311012254540565358e+00
1.023408020723510781e+01 8.839020678416169119e+00 5.686120453544296183e+00
3.183261916422765125e+00 -6.082015816320835988e-01 -1.735919661683496074e+01
3.349044933504452537e+00 2.186548490220934671e+00 -1.843398711394847567e+00
-1.369532348003265732e+01 2.452016566823654031e+01 9.119346052210424602e+00
-1.028768931955623067e+01 -8.894177120271258563e-02 -1.749948118546313491e+00
1.219507328355728148e+01 -3.324521792158445788e+00 1.473816625222020560e-01
-8.644172945524594143e-01 3.809324131981179917e+00 7.356479874552191767e+00
2.799808891211941209e+00 -5.790454851456175334e+00 1.374957258998733600e+01
-1.684213349290078554e+01 -1.206309319726380380e+01 -2.280873333488875687e+01
-1.688950885554744374e+01 3.596431184214466725e+00 -1.410410387630889772e+01
1.396027640925319346e+01 -1.583604290008104165e+01 2.975081861311116072e+00
-1.267955951777094370e+01 -4.311581854475387843e+01 -3.087031947827228340e+00
-2.116011224892134379e+01 1.010142501554152972e+01 -4.279355977409974976e+00
4.688985712940575423e-01 -9.701655160949954393e+00 -8.812333578665933587e+00
6.709244784220995683e+00 -3.315845540357274857e+00 -3.697800919177675061e-01
2.784686817763041500e+00 -1.324367642189661076e+00 2.552567050603813392e+00
-6.863756566425862182e+00 2.288029509163142627e+00 -1.769023278602371363e+01
5.390325122688009785e+00 -1.143770026976016041e+01 6.405072809197758232e+00
4.284400768675854465e+01 2.566081702677949394e+01 1.311918392205529926e+01
-5.634115366456075025e-01 -6.016092373507004432e+00 2.051000422134180212e+00
-3.678806213731838359e-01 1.522831662771523042e+01 -9.847148844107724841e+00
1.025630180514727030e+01 -3.032906124321645969e+00 1.140112790459350833e+01
8.037810418729200990e-01 -6.358202051009640421e+00 -5.808005385283012245e+00
7.791237288753842805e-01 -2.076909856085315198e+01 4.764535447045101790e+00
-1.342813142161046613e+01 6.963510365264772517e+00 -1.239778195323945731e+01
3.819583867753580719e+00 2.001878679086267354e+01 6.112632795063611901e+00
1.371735066023215488e+00 8.130952891669897653e+00 2.027715706343325763e+01
-3.568158099500509994e+00 2.229050412831232109e+01 1.304153071868485503e+00
4.539188780169730042e-01 3.742989924217205444e-01 5.480054606584189969e+00
-1.217844485905742596e-01 -3.548529829267404789e+00 1.783651370302790085e+01
-6.876408497474417736e+00 2.638318164721782377e+00 -9.016662983662760311e+00
1.506840967736596326e+01 4.530481672780341640e+00 1.175439201939187273e+00
-3.174972003921103347e+00 -1.364672337325820051e+00 -4.241137494672992392e-01
-5.018347588170400719e+00 1.022546788805532403e+00 -7.212347920867624440e-01
-1.187458300155684832e+01 2.746197559689332657e+00 5.825306263901424586e+00
-2.557332648849452283e+01 -2.802345886174108625e+00 1.047383771396533936e+00
-1.598685519267408850e+01 -1.730539111960292686e+01 3.566133951568247795e+01
3.693958603079570224e+01 8.700827488802342913e+00 3.761795775661433083e+01
2.369909224573806839e+01 -9.960015653532883206e+00 -9.262775430587282699e+00
7.935454691437555219e+00 2.168645541543186839e-01 -1.192211008466931688e+01
-1.067236051877414482e+01 -1.633550182090183256e+01 1.665018073724045200e+00
2.272447744969388594e+01 -4.202757648979132199e+01 -2.114644759693668874e+01
-1.586515218924169801e+01 -4.755827279644598282e-01 7.307629285295644372e+00
7.268474227207758709e+00 -2.803232373076995465e+00 -8.811557619729329716e+00
1.306150756409341795e+01 1.308126481330180191e+01 3.875969575022413238e+00
-2.707117142689014599e+01 9.012473116975675325e+00 -1.827579355020268537e+01
1.028352300527733298e+01 -4.204714853849049305e+00 -6.438618581084271320e+00
8.767244511442989108e+00 6.867989575267996472e+00 -4.566888595071474377e+00
6.650931530959356408e+00 4.257945263474732123e+00 1.124632403652950963e+01
-4.998046168258674982e+00 3.463948712408215869e+01 1.599249257485866593e+01
1.575845674023216070e+01 1.906524856784369959e+01 -9.900722407376672862e+00
-1.351488174045879731e+01 -2.410687673156480137e+00 3.684736784964682155e+00
6.914974024965289345e+00 -1.054721466572725674e+01 6.044824711810046658e+00
1.362542336023676359e+00 -6.000137837737472779e+00 -1.021805949751489972e+00
-6.173264862692940724e+00 -5.114236646877181158e+00 -1.118335445756297730e+01
9.335567508095834466e-01 9.791251683215268287e+00 -9.197742189752952102e-01
1.166713249743344671e-01 -8.385412804310821144e+00 5.057385830562662221e+00
-2.697443876731058232e+00 -1.153892251136204905e+01 2.438687951294869205e-01
1.213423019241161471e+00 1.389664189227190327e+01 -1.940893675469555157e+00
-9.916117354820366270e-01 4.504589874372543434e+00 7.547437365003754728e+00
3.509287390973270249e+01 -6.626677835561700647e+00 3.896506927894687777e+01
-3.364356017083356853e+00 -6.852983143882707573e+00 2.925442335946886185e+00
-5.991009792915148457e-01 3.557593020567912045e+00 1.419214571045564099e+01
2.640652427739307839e+01 -7.686317481954578312e+00 1.711004361680470254e+01
2.932894423865703004e+01 -2.191617066933695668e+01 -6.632466441942322710e+00
1.026929430359810658e+00 -1.042514246620169693e+01 1.607314901065352331e+01
9.936507930655831267e-01 -2.138530553544073509e+00 -1.312555809998017686e+00
6.559498122083169847e+00 1.076024503685756972e+00 -1.699841181533186862e+00
8.902265769511631177e+00 -4.323695736913187204e+00 -3.620351415041935805e-01
-1.337845396620352112e+01 1.240524161108116097e+01 9.781985405222872743e-01
-1.050440980325988960e+01 -4.424880233182004474e+01 2.218202422989908840e+01
5.862750019770017751e-01 2.932614704177642917e+00 -1.876805761455921129e+01
1.287436156472247850e+00 -8.336891187270966341e+00 -6.133928296976948857e+00
-2.381205325265225881e+00 -1.484234210275426236e+01 3.353101110866974377e+00
8.086575955408918048e+00 -3.969006322438670686e+00 -5.795047970858451691e+00
5.280294896893737544e+00 -1.533410407124060271e+01 2.545067090005053601e+00
-9.274535366809617543e+00 -2.352867908010594888e+01 2.884700388321884468e+00
-6.407867626842734587e+00 1.443390418664066033e+01 1.651873510490053576e+01
-6.316399586198614635e+00 4.022357324033213999e+00 -1.702783462531679559e-01
2.578642279317440611e+00 7.824596274145548813e-01 -4.442103098667233851e+00
1.034537760964160746e+01 -1.278174840725443495e+01 7.499338487216641980e+00
-1.252712422428853500e+00 1.943334574407587612e+00 1.582213453220727262e+00
-3.844746414743688973e-02 8.119536184337126983e+00 5.794248490454902090e+00
-5.283557883175940439e+00 -1.246735759676539956e+01 -1.056898127086884287e+01
-3.170515655492164075e+00 -3.480683619725517541e+00 -2.612629510652287879e-01
-4.124981162876540708e+00 -3.620404330011538718e+00 -1.882854604134255247e-02
-1.006014167553090388e+01 -5.577545998938862049e+00 5.914357971469375030e+00
-1.583902817323298606e+01 -1.917713119804322375e+01 2.040234693614759287e+00
9.259950842260138870e+00 5.016071881495919094e+00 4.940128480882345130e+00
-7.586094864730354992e-01 7.202432231055571954e+00 1.276976296114093135e+00
2.147428064410886517e+00 1.911082362725632144e+00 -6.759189245850421912e+00
1.708671813067475753e+01 -1.769310862331604639e+01 1.132569864076930344e+01
9.499919105659511143e-01 1.434046082662748312e+01 -1.802777236553182172e-01
3.768798349180183305e+00 5.421504385993529240e+00 1.059251505937884019e+01
6.282978552719297172e-01 -2.357015099584658202e+01 9.299904153600676793e+00
-3.342763749438800502e+00 -1.352412430447318625e+00 -2.712930560421987103e+00
-1.361999813424302808e+01 -1.588818034355513831e+01 6.793070553240665888e+00
-1.178179449460325223e+01 -1.039919350779717000e+01 1.169830179459709996e+01
8.322805909834354310e+00 5.400941192766264720e+00 -3.711053535878851228e+00
-3.467656619760611125e+00 8.086837222445105056e+00 6.617483760020481220e+00
1.370054855281994666e+00 -1.154085027797920660e+00 -7.483196412392796759e+00
5.431207550304086418e+00 9.219185367728007563e+00 -2.365582414422198188e+00
8.781804354138662561e+00 4.384452784190392194e+00 1.269083199130043305e+01
3.017245707490592821e+01 -3.151495416844249320e+01 -2.378777787872272143e+01
-2.299352490143524008e+01 -1.958921609304594824e+01 -3.326784328875683627e+01
4.511449554336967260e+00 -2.413981302671976970e+00 -4.546472088148536095e+00
-9.600660239984769362e+00 5.672307230278975432e+00 -6.698869796213096528e+00
-3.461065200479079351e+01 -3.365384440271743927e+01 -1.852347537507474229e+01
2.437275935436342245e+00 -6.344504046525765162e+00 3.096335786435906456e+00
1.525176297925483704e+00 -3.408943087494841206e-01 -5.947841567236948457e+00
-2.469105852635337772e+00 1.380623765760801147e-01 1.111584071836113985e+01
5.007973006760807699e+00 1.836819408617132865e+01 1.104710116062857184e+00
-4.595169552355888420e+00 -1.410352265052290832e+01 3.346443816154582418e+00
1.552964592635959207e+01 -7.022368705467860295e+00 -1.875224655511095406e+01
3.554896746449483502e-01 -1.353109904208902670e+01 1.468823761502173042e+01
-2.972663934896027094e+00 1.111963597447045693e+01 1.584768039283751984e+00
1.465626335170707932e+02 -2.051553527485602046e+01 -3.883914247614454496e+01
-6.401051684926450491e+00 -3.676118212635012261e-01 4.451373323039193863e+00
1.324545681110280704e+00 2.175929124974991069e+01 -2.532927350752946172e+00
-1.960470062280903925e+00 -3.754759336136217485e+00 3.636711890676458392e+00
2.842008935161083016e+01 -9.686885268291245410e+00 -7.951298681378637490e+00
2.179791390904977089e+00 2.594919419183232989e+00 -6.450502010190888313e+00
-3.842642886038791517e+01 1.714146567615285122e+01 1.886594307640492474e+01
2.571310617507947427e+01 -2.540056956383353182e+01 3.950775043048064816e+01
9.629937669618152540e+01 1.199337366249490913e+02 7.523098317596458173e+01
1.298630396865682002e+01 1.882453491915125676e+00 7.162933808952974601e+00
-1.987722063446809573e+00 -5.575157424926062699e-01 -6.721350483142753518e+00
-5.895992370841541819e-01 -9.367144108022815274e+00 -1.940687317739882900e+01
8.043733887432958696e+00 1.620410270368520811e+00 2.195440436501697956e+00
-1.370233659157338746e+00 -5.489008585149786346e-02 4.621293466114408055e+00
1.303145430566255669e+01 -1.472425802111517790e+01 -1.113837343497874066e+01
2.632464786746410823e+01 1.944858774916099209e-01 2.469282683731131467e+00
3.375703544348210183e+00 -1.044458581076647619e+01 1.906206057217848970e+00
-7.977995211615285243e+00 -9.150552797440076880e-01 -1.359107237275512858e+00
-1.737816375374300115e+00 1.572529187814314167e+00 5.641394628362593977e+00
9.343098180481655968e-01 4.293947428119717635e+00 -2.879328806849307032e+00
1.335825597029735690e+01 8.667886506074834685e+00 -5.999653575304134678e-01
-2.377683261631709044e+01 1.785148776937585779e+01 -5.639739945299579560e+00
-9.117770003147507296e+00 2.055291926179162942e+01 1.821851870955016750e+01
1.055314753713564757e+00 1.387468715843718448e+00 -7.335665468824021929e+00
-1.709201464013168703e+01 -1.343384181002962752e+00 1.354484285499742313e+00
3.815370482943369335e-01 -2.548160549875677638e+00 -3.140360266172306236e+00
-9.311364730829954084e+00 7.180148400497573746e+00 -3.669032476927048148e+00
-3.017632735184195614e+00 -1.423380214197773341e+01 3.056335448124072762e+00
-9.789974798706071457e-01 1.556845916891998982e+01 8.743665257952969450e-01
2.973839288594151586e+00 -4.906532035324271845e+00 8.764635837269876717e+00
5.699174789789704931e+00 -1.140104634029129427e+00 -1.159045903756240214e+01
7.280040211443234099e+00 4.292478390831115931e+00 3.176738441483308417e+00
3.111932989051245713e+00 4.856059070620541540e+00 8.317651229144631841e+00
-2.866661449386648242e-01 -9.343997516366272515e-01 -8.406553816802404100e+00
-5.385715992760143678e+00 2.132157180383512340e+01 -2.376205438590890839e+00
5.320464158963938317e+00 -1.247648185614234784e+01 1.146474009277801853e+00
-1.271586131216339233e+01 -2.428377121288751272e+00 8.905933260815372066e+00
3.694265850597765244e+00 -4.884455869892670776e+00 -6.453273856225278493e+00
-9.263527031980112625e+00 -8.521850938805048514e+00 4.229130009885504471e+00
-2.729837041280619214e+00 2.361843713583434146e-01 -1.006602067047586679e+01
6.612959544997647043e+00 1.876057379997409846e+00 9.061075489335540523e-01
-2.011641083017268627e+01 -1.106333977582643691e+01 -6.386118597826067855e+01
1.001632476489153944e+01 8.249337036700253867e-01 -1.360509377201172265e-01
3.571360645423171576e+01 1.960349560032232574e+01 -2.163941481009883105e+01
-2.555161594752304755e+00 -1.784095970103985573e+00 4.975788568576552606e+00
1.285090348009490624e+00 -4.427680118015012489e+00 7.172466772053674333e+00
-3.834051397480672474e+00 -3.541790039121240685e+00 -3.767914922069321992e+00
7.074460933127587836e+00 -2.273040459154054727e+00 -8.146904216142816679e+00
4.598157884940133755e+01 -3.872633145973242819e+01 -3.409652943616086418e+01
2.252196642533700999e+00 3.467909358584211788e+00 -1.055406325017213431e+00
1.228608095848308146e+01 -4.211309884101066103e+00 -3.988091914462882581e+00
6.122271723347965988e+00 4.957579968387536562e-01 1.522327888994310152e+00
8.107217269059447062e+00 -9.206074900338627742e+00 -7.831955748690216268e+00
-5.277295016755556567e+00 4.475662444298943221e+00 -4.222583816698591619e+00
-4.814742522675929060e+00 -4.108804893407496661e-01 -7.313463513978279984e-01
3.577867095531768626e+00 -4.673628072447415960e+00 1.143356887092592533e+00
2.195367418085119837e+01 -7.848045813431870243e+00 -3.718492199639608486e+01
-5.996171171484565576e+00 1.185390441531146921e+00 1.781461499198213971e+01
-2.630559301148293727e+00 -1.557562529269943985e+00 7.700829366235160123e+00
-6.575956038414159543e+00 4.349639841487397796e+00 -4.193496149008250740e+00
-8.374133634771489199e+00 1.072662942964637933e+00 4.933421730639551583e+00
2.592424506227829273e+00 5.131592842991973491e+00 6.397056624885127718e+00
-5.187735245969903985e+00 -1.331042266922931461e+01 1.019141982724677398e+01
-9.444180443912367551e+00 -9.061518652453777634e+00 -1.868996043733051338e-01
-1.135299367817812266e+00 2.138706067098766095e+00 -8.417242217668844617e+00
4.992661800117904392e+00 -2.298308205496766021e+01 2.648754837318920963e+01
-6.338274594025122832e-01 1.007330864813383897e+01 -3.747235292553843689e+00
-9.178014818619978366e-01 -3.350646159923432954e+00 9.484844244250817624e+00
1.916240712187032402e+00 1.011067448889556797e+00 1.271683928065547642e+00
7.489689299435102754e+00 5.068328201650423637e+00 -1.161037953607631401e+01
2.210486653377798483e+00 -8.343664512136202305e+00 -4.080410899512517453e+00
-1.900281196899489489e+00 -2.573748925208467142e+01 1.051427454851557286e+01
7.968557288277325901e-01 4.514147588668877553e+00 -2.891387962611938200e-01
-3.608625739352544493e+00 -1.310120903646783930e+01 -2.666402492831871918e+00
-4.768007660724813412e+00 4.027908403532443060e+00 -2.621030949921615647e-04
-8.313142209330763421e+00 -1.340649296628051879e+01 1.122090129374965217e+00
3.317482452972787321e+00 1.445688369078171220e+01 -4.216151223523798564e-01
-4.409811677996996337e+01 2.478124736757919067e+01 -1.097135863349783769e+01
-7.931231573328487272e+00 -9.027665384945638971e-01 2.552324447097418236e-01
-1.116041613125666387e+01 6.107085212200459301e-01 -6.812876245704241995e+00
-6.724699750756420791e+00 9.273783034108411982e+00 -1.536504828729044547e+01
-4.260316349161174188e+00 6.416425142383789471e+00 1.158912954164827314e+00
-1.454355368644024793e+01 -1.294401380425756720e+01 -1.717332028260913024e+00
-4.832220111687890451e+00 8.617264246192132049e+00 -6.645942138535741783e+00
-2.173256798743836260e+00 -1.212716901228760413e+01 -7.292668620107158439e+00
-3.948236463784498884e+00 9.955762434904192659e+00 -4.759550154496904995e+00
5.302050641573331724e+00 -4.290441660218959008e+00 9.107995682224375500e+00
5.137638570489341250e-01 -2.935823859635569466e+00 1.797099336974382622e+00
8.098134486618924655e+00 -1.590288259209060051e+01 -1.256482690685987791e+01
5.909792654641209175e+00 -2.908644769961143961e+00 -2.843856362877537514e+00
-1.641117322792707167e+00 1.325024441515927620e+01 -4.318454466429494931e-01
6.627451408382142306e-01 2.233159681813317476e+00 3.742406677756668021e+00
-9.583630142075871827e-01 1.933068313633288016e+00 -1.103157940437593743e+00
-1.003003286924465343e+01 -2.257950981740676433e+00 -1.916136166333979673e+01
6.645424009835114276e+00 3.656675673483672284e+00 8.852867647645389360e-01
-2.738006389790558881e+00 -2.663990936824850220e+00 7.483585313120054927e+00
-5.071332261134097408e+00 -2.093568398766003114e+01 6.408323327663939750e+00
1.690712005648865457e+01 1.267743012418922355e+01 -2.193492957775448815e+01
-5.939702788762726726e+00 7.177061678117596877e+00 -2.846671126684326314e+00
1.284627097517448391e+01 1.423727791288408595e-01 1.218588368283680090e+01
-3.362248341415203612e+01 1.265018374765323372e+01 5.360987705071284637e+00
4.699805649049340950e+00 1.184050385193744059e+00 -8.907859195205609648e-01
4.501563017134318834e+00 8.946167051005349258e-01 1.842550670461523055e+01
2.625247930044706468e+00 -5.141564073133922719e+00 -2.309910012371922949e+00
-7.744490531152254498e+00 1.936539449117278266e+01 -3.357928396504442503e+01
-2.243720185431518299e+00 -2.808992620036195120e+01 -3.328958900049539427e+00
1.643496885670629126e+01 -1.708507295502849033e+01 3.571538530454202998e-01
8.679270012621842501e-01 6.610007841423611197e+00 -5.829489829764238351e+00
-4.714335050359900237e+01 1.434874074044117087e+01 4.334484333404760292e+01
-2.711240463856485050e+01 -1.262285735309253809e+01 5.377074852728188858e+01
9.366205847191176659e+00 4.626256332707912478e+00 -7.559928781510858009e+00
1.106600737985234728e+00 -3.594236929927318247e+00 -2.023293213077599795e+00
-1.190598851025887139e+00 -1.196361433996482937e+01 -6.469331498956708337e+00
1.032661041693853976e+00 -1.931494271549555997e+00 -4.000599081913954080e+00
-7.732807206222479302e+00 4.030455562472753606e+00 -3.022236460040515826e+00
1.520203524146282348e+00 -5.492415699179516331e+00 3.846972995120325312e+00
1.117301101226205295e+00 1.862092766575539571e+00 -1.047905529081944387e+01
4.716270671968537442e+00 -6.457795777156891681e+00 4.819108127599366909e-01
-8.539011633881310459e+00 9.167111783356567400e+00 -3.165090281153176477e+00
-8.258059123506143351e+00 3.866809994113555415e+00 -1.440068065193956492e+01
7.841918577523157019e+00 -8.395359604820747279e+00 -3.482966814866260918e+00
5.850138133499696025e+00 -5.831842621700060736e-01 -5.235963907487518831e+00
-1.282423903408785426e+00 8.199454636631299920e+00 1.888984782239503613e+00
-3.165052370719651620e+00 5.203952676068551497e+00 7.348073332135204083e+00
8.001422400494510256e+00 -6.043490216931717285e+00 -3.255444747663389649e+00
7.787833529160351986e+00 -1.346784780025513406e+01 1.556653910329584001e+00
-6.952147702423114861e-01 -8.491140722570331145e-02 -2.187922556233264704e+00
3.658271871306363998e+00 -1.774050777178147298e+00 -9.526240028093480916e+00
-8.555253368418167526e+00 -7.207359762205335585e+00 2.287066467043206330e+01
4.849853486815760562e+00 4.780667347927038513e+00 -8.356138108400777753e+00
-5.457598830775901577e-01 -6.238998598041599841e+00 2.204132718658986967e+00
-1.137765783686936594e+00 9.138509497822738581e+00 -3.709653049176616868e+00
-7.388267516455495176e+00 -1.783921574342257843e+00 -1.348093426608720158e+01
1.264450094574069361e+01 -8.606236896912950129e+00 1.015352418931606593e+01
-1.052530020809183675e+01 -2.399448883178755931e+00 -1.237484684664069867e+01
-2.135281292665149322e-01 8.785490416439194483e-01 -5.166349647061782235e+00
5.012271274413067523e+00 -1.362908481830994845e+01 1.601198123752131108e+00
2.394499836011495297e+00 5.066684339159783335e+00 -8.128373083051836367e-01
9.727359048709173450e+00 -3.724866897999916215e+00 3.405156024918285507e+00
1.187301560409915524e+01 3.430895730359825535e+00 5.591366615758182945e+00
-2.523682101387624943e+00 9.332724216840114551e+00 -1.529473083737691930e+01
-7.773118423252300069e+00 -4.441835199376107823e+00 -4.227258865547901756e+00
-9.138677434920893461e+00 1.359795381401523073e+01 -1.538180083155567957e+01
1.614595805316935806e+00 -4.364774317814977267e-01 -2.503219664498508745e+00
2.078760303200802184e+00 -1.345873154174149811e+01 5.617612133494475302e+00
1.341978004794740542e+01 6.041117015253038680e+00 1.332672929698102671e+01
-4.395519010056192499e+00 3.935805213603814079e-01 2.890993190787090938e+00
6.639427539878613338e+00 -8.428338385855255410e+00 -4.828724328586034981e-02
-6.227536237972040034e+00 7.156824682559792095e+00 3.406729902837950519e+00
1.520136631780547276e+01 -8.810505500251022415e-01 -3.295985860483940932e+00
4.094973494137585490e+00 -7.124846623626662101e+00 5.049995727003290469e+00
-5.296600702671300454e+00 5.473072665260917624e+00 -6.651156365367911327e+00
2.980506178478468993e+00 -2.152405090421879663e+00 -1.350639946139142999e+01
-1.685766462154118184e+00 3.236250744642866772e-01 2.991893950128421409e+00
-3.126421851446036460e+00 2.046693245194338040e+00 -6.401026336649529469e+00
-9.841730090576204404e+00 1.279897821741317365e+01 3.975042027825029134e+00
-7.690860159687336051e-01 -1.653507127494588724e+00 -6.911346421819876795e+00
2.253802232249153992e+00 1.230606410575682830e+01 1.133348763880164789e+01
-2.491738756581645120e+00 5.977385832842561975e+00 -8.188326711490152121e+00
7.632169152772017462e+00 7.377055930131959371e+00 -4.540618043393066294e+00
-4.130003768035978240e+00 -1.324691920380003607e+00 1.423060505727382008e+01
1.168558321440154657e+01 -8.677149247333614923e+00 5.147718592200502208e+00
6.069751958095885414e+00 -7.865205244689462027e+00 1.017147091864261388e-01
-1.088309064556318928e+00 -2.799190073399179024e+00 -1.227814867421376244e+00
2.695449057295769002e+00 -9.387206429428120558e+00 -3.115313120312304118e+00
2.010608738195187151e+00 5.806802368311152485e+00 9.688092931551027576e+00
1.306561257493781980e+01 5.684986307578522968e+00 -4.792141515263844020e+00
-6.388302236310623883e+00 -8.563623710779145526e+00 1.952051285875302522e+00
-4.384942429521552221e+00 -5.738349101483524173e+00 -9.172616507766743199e-01
-4.907430539041291340e+00 8.727623948089920702e+00 -9.667043758663981023e+00
6.983961559094260529e-01 1.252881929498878399e+01 6.119783602316894999e-01
-3.469319620530270099e-01 -2.055417294295115216e+00 6.972144484765884442e+00
-1.748587949579568868e+00 -2.452407806653964517e+00 4.438836045274981323e+00
-2.234244243356658721e+00 5.547834575225884635e+00 6.845204258859379998e+00
1.506823767465561481e+01 -2.234058324060744560e+00 6.024921719584692248e+00
8.104078044629251520e-01 -2.109484408639451247e-01 -1.623062306163591373e+01
1.694463390447079121e+01 -2.786137268982085580e+00 -4.883018618546775436e+00
2.744204439565445686e+00 -3.913678462341693809e+00 5.649746599468778996e+00
7.309332196623672395e+00 6.294685575686682633e+00 -7.309235256467164099e+00
-1.892849264967887635e+01 1.585967361202789139e+00 1.023933425105528450e+01
-7.046642271513592348e-01 6.660953297460673106e+00 -3.420515489409049259e+00
-3.108018320106216592e+00 -1.544898425128914399e+00 -1.345413788938704869e+01
1.102433423235661181e+00 9.133432460727535229e+00 -1.466765655646074684e+01
2.248016765729266897e+00 8.428877973587605155e+00 -1.772818406087509846e+00
1.894161286941672406e+00 -3.731275257411800883e+00 2.216572200812758187e+00
5.167261217614638191e+00 -1.771860223545053348e+00 5.453119561227818934e+00
2.049051385139892822e+00 1.211244058357169706e+01 9.444098495385607750e-01
7.111477395124722989e+00 -3.928035133575327631e+00 5.435564190068631341e-01
1.326438945640115641e+01 -1.271117790911405532e+00 -8.131683544902863492e-01
8.877439318052313677e-01 4.367737241832855055e+00 -2.023196006369570199e+00
-1.052787261513311368e+00 4.395541118099877131e+00 -1.238730750862068675e+01
-1.275050486391917559e+01 8.254029334799847462e+00 7.517775502069707017e+00
-6.674319858669467642e+00 1.234394851950890093e+01 -2.308916132933057419e+00
1.208001851783857461e+01 -1.023921068705785764e+01 -4.658159994356736888e+00
1.335197257243820435e+00 2.421335135806335526e+00 1.863740579081117898e+00
-2.464122140413746553e+00 -3.271323367332538701e-01 -4.684567859359486164e+00
8.185753800841347072e+00 3.718678869747662041e+00 -4.848661713347818036e+00
-5.375245781944085977e+00 -6.423564262023630178e+00 1.767238032566973205e+00
-8.172872397338011297e+00 -7.435557553881923631e+00 -8.401654974065888126e+00
-1.018026765857176130e+01 -4.111299615300727517e+00 1.450528015549502170e+00
5.879583612965186390e+00 9.393849046662644531e-01 1.396470288918444602e+00
-4.617434358016893725e+00 -3.842537119441760129e+00 -1.085249112483823097e+01
3.820439588922418306e+00 -1.785265355740471849e+00 -8.155389836567463746e+00
4.933532117952169394e+00 -6.848385494778844063e+00 9.907758503223814017e+00
2.790057088722024403e+00 1.363587955143324137e+01 8.135114098162111063e+00
1.232227293403590096e+01 7.104309387186969360e+00 1.527536424788211100e+01
-5.625127783287533489e+00 4.377050171666835077e+00 1.308211405113347148e+01
-1.272325673630970488e+00 1.181750922554050121e+01 -2.373779709582603648e+00
8.112856439161371114e+00 1.678368983843072115e+01 1.058870405088232713e+00
-2.760980232103460441e+00 1.643302549281188796e+00 7.529963372087288498e+00
-1.041532892018823908e+01 -1.002696104446929048e+01 5.479060772950231417e+00
3.760767846961500016e+00 1.031583565684634962e+01 -6.873306426712228578e+00
2.706604381335194986e+00 1.997176446449860920e+00 8.270317767126268649e+00
4.228579221127485854e-01 5.506810629444420790e+00 2.007191237299101871e-01
-1.306087946528699462e+01 -1.352551639126021854e+01 -5.727768001431586598e+00
2.315728662875794264e+00 4.801545122816689215e+00 -3.610069298056771459e+00
6.179084900022013827e+00 -1.148630754717366587e-01 9.652779081143435747e+00
-1.196882388021875165e+01 -8.251274933320541294e+00 4.195747276849283836e+00
-2.109146330276643866e+01 3.087495683167948979e+00 2.256363896788794232e+00
2.105267039206074831e+00 -1.133826942012752070e+01 2.971589934983966952e+00
-1.039311361066783412e+01 1.196541078440036010e+01 -4.642707175321760360e+00
-2.258924594135801822e+00 -1.515332044787104770e+01 8.593443477666918184e+00
5.451388373229667295e+00 8.423250460828052510e+00 8.222290929473260235e+00
-2.623639625419396548e+00 -6.278949638130630895e+00 4.197379939339747068e+00
2.695790493041161806e+00 -9.041005891958143081e+00 1.083930956764022113e+01
7.732287661528037148e+00 -2.464583239229805489e+00 -4.442739979078666579e+00
7.793504707926707020e+00 -1.321610639773156848e+01 1.251601457092738734e+01
-1.911268736477465646e+00 -4.962741629375143404e+00 -5.847513107646384434e+00
4.114177295570437209e+00 -2.828761930803099123e+00 1.242981848312268323e+00
2.494663424416764919e+00 9.000783422611350559e+00 -7.306085600280800563e+00
3.755781531249115179e+00 -1.155246094611950269e+00 -5.879364517404604307e+00
1.927157220422212491e+00 -3.541313725201477247e+00 9.364778338344354580e+00
-4.556304460558529418e-02 1.263580793395309598e+00 -3.809891911090081518e+00
3.730520789694720563e+00 -9.832872141559269252e+00 4.213829621662484648e+00
1.938919243038338402e+00 7.597214509090917112e+00 8.449664232744924064e+00
1.116811331184046274e+01 -6.274081599679738552e+00 5.414181547818295748e+00
1.508466716129117424e+00 -9.112002151900869151e+00 -1.925299389708686526e+00
-6.404868416921576824e+00 -3.297062776319051647e+00 -9.907770756150279468e+00
2.985641680068072290e+00 -3.283790151514550448e+00 7.024245203628012746e+00
-7.344237417450017347e+00 1.659821593875668455e+01 3.060347300300189755e+00
-4.718635344452780878e+00 7.876574750666763824e-01 -1.070567284609032832e+01
6.847445543280216151e-01 3.997544445650649703e+00 9.549778246345317356e-01
-7.652654834001807238e+00 -1.284154492062813269e+01 7.172461552793508055e+00
1.481541624816177682e+00 -5.182306456847801890e+00 3.196932322090503931e+00
-4.254614343059377468e+00 -4.578616088684520413e+00 6.370502073354717965e+00
7.597068489467491581e+00 8.640733241806604070e+00 1.420441753080149694e-01
-2.020690779418758076e+00 -6.598714202319194477e+00 -1.048891215703262070e+01
3.324404335781236064e+00 -8.721714098165772810e+00 1.860497053887701480e+00
5.660399219624969724e+00 -1.199152499903684443e+01 3.869498930342414766e+00
-4.169645231867475488e+00 1.436756288742857812e+01 7.723416328674621134e+00
-1.007513086176957984e+01 5.762876311620854786e+00 -8.130132269514532828e-01
1.000480118670823870e+01 7.142925318335113793e+00 4.711742445515461064e+00
1.301041154189625715e+01 -1.427216046917770598e+00 7.293804541593443269e-02
4.256865319387386215e+00 3.006408453777144718e+00 2.017457867822263662e+00
5.742870761539976776e+00 4.374907347808438263e-01 3.215331216844585338e+00
-5.641278147417356337e+00 -3.786729589365582349e+00 2.716325629088319094e+00
-6.940942824791278554e+00 -4.605787169088204180e+00 -9.738288867728430276e+00
6.708155308996337496e+00 5.724149112629428160e+00 -4.608452285833502415e+00
-1.225729150340350593e+01 -8.790804346908674960e-01 2.719033601432262248e+00
-1.115607743108867922e+01 4.774814600227487382e+00 -5.301514069313512323e+00
5.710774610007468333e+00 -1.310199992907192801e+01 9.933158444403085596e+00
2.926664186935677758e+00 1.038851475687939230e+00 7.471498898359356211e+00
-1.115787060225202509e+01 -3.321793642118813672e+00 1.137336166342602972e+01
1.211281978041889085e+00 2.996412871988624604e-01 9.779619248514586971e+00
-3.923774887283105972e+00 -3.238436962710727340e-01 7.764767591547045988e+00
5.331078688218878092e+00 -6.471671900573037206e+00 6.820434482003297383e+00
-3.633534033832059862e+00 4.876994706485495712e+00 -2.628995063965680057e+00
-1.249549006410993535e+01 5.890653553240029261e+00 -2.493193363222672598e+00
7.054027993375530770e+00 -1.641325896007594487e+00 -7.646132947133104985e+00
-4.755792887224415288e+00 2.727595774521036187e+00 -1.712635599431559186e+01
-1.652731848248422963e+01 -6.142909557057417480e+00 7.252991463009230699e+00
8.639115996905800898e+00 7.886750193463150538e+00 1.345426505259667493e+01
5.489001407621682205e+00 -1.073781548228475913e+01 4.216443297286438074e+00
-3.866581756923166857e+00 9.156150767184954020e+00 3.286112516981154474e+00
9.808097332912839583e-01 9.269900398877342074e-01 6.867317597633428861e+00
8.822709254256163591e-01 7.334929827953081016e+00 -4.262202096998950474e+00
-3.938291131834371850e+00 1.126943060229134019e+01 -5.826701632403984199e+00
2.729608618434998211e-03 1.308190381316894357e-01 1.054157513001086288e+00
2.182602922551984737e+00 -3.798155172948476377e+00 9.274388214405046682e+00
4.017247700496158203e+00 -8.061187380234837718e+00 -1.087400313972846000e+01
-1.040605656245856281e+01 1.053499107940115032e+01 -1.986192520309012055e+00
-4.117371549311296675e-01 5.851318305321833613e+00 -6.045390171966554149e+00
1.699653748765830530e+00 -1.406319976873196209e+00 1.212336929305626088e+00
5.991422328441862177e+00 -7.569894223209161943e+00 -3.298728122524125173e+00
6.008971517156991737e+00 9.529156261450248522e+00 -3.351703583898539396e+00
-8.393980427221451990e+00 4.817946876793087085e+00 -1.752990121623834385e+00
-1.217150502876356022e+01 1.435254530687138796e+01 -6.137251295900492565e+00
5.786106170429524020e+00 4.959393312447038404e+00 -5.882646012741637342e+00
-1.187638898204177096e+01 -2.992416100856393424e+00 -3.206273760691318309e+00
-8.823072691716639326e+00 -3.406735193406996043e+00 2.181279026477991323e+00
1.583272996548151124e+00 -3.558190160127042478e+00 5.769897386336307221e+00
6.757544803837031822e+00 4.498902979731258078e+00 -3.533256932921693849e+00
-6.780175322905663826e+00 -7.814319933970984344e+00 -4.404544247616692054e+00
4.338698697037861152e+00 4.752841920588201319e+00 1.444095613030498715e+00
2.118301927234065019e-01 1.889198940150624284e-01 6.618164701656494009e-02
-4.403673066631453636e+00 -4.394971725155061293e+00 3.167093164938302952e+00
-3.852315363534730697e+00 1.957193726868744710e+00 3.708407922481779639e+00
2.499387280543035050e+00 1.078582153631612250e+01 1.686324985440426083e+00
2.152800535534910864e+01 4.092206932828469590e+00 2.501397189518880015e+00
-4.180773005314800450e+00 -9.237762493167020139e+00 5.227513283102687147e+00
-1.002305994688331481e+01 -1.182891651772086661e+01 1.940059367649051625e+00
5.821999375795186005e+00 4.169180577473539651e-01 3.284429460512458654e+00
4.019439744120190561e+00 4.881396255611141655e+00 -4.635742564625380702e+00
-4.114303054987579422e+00 7.280550120980985085e+00 9.515144111095871438e+00
3.350609386405362766e+00 -4.926236706015748368e+00 -5.219355135380560284e+00
3.605063502949241716e+00 1.999502706624680659e+00 6.184676203375622627e+00
1.791526535211459104e+00 -6.168127711992070772e-01 9.815825955543853176e-01
8.312997268561829856e+00 -5.023530676942416839e+00 -5.878439281999602528e+00
-1.937849008576887799e+00 -4.080625845619387349e+00 7.006760660533367435e+00
-1.254752021937807527e+01 -2.496098632931869954e+00 4.440630190454440296e+00
-7.260033246046068811e+00 5.673195402373453211e-01 4.922491663309977561e+00
1.493221792927920966e+01 7.801428935528292863e-01 -7.200541089752996449e+00
-1.103659694371985189e+00 -1.505358548322175594e+01 -2.945965892000591335e+00
2.869042808440237735e+00 -3.389226952971077456e+00 -1.618432681891478264e+00
-9.857967638079903949e+00 -7.988935211473086717e+00 1.678871230642917922e+01
-5.502727167915227646e+00 6.400194334253899164e-01 1.479908042658030709e+01
5.950107402087873032e-02 -7.496994978928722908e+00 7.385547552446817043e+00
1.620574955426695718e+00 -4.035477526941220638e+00 -1.366714855725691358e+01
-1.156900164913925977e+01 1.550362264611837837e+01 1.198143728170292022e+01
8.843450929788470916e+00 -1.752358806025590798e+00 4.284165162743039268e+00
-3.334044854214175846e+00 -3.118029059376704826e+00 9.198496946165436228e+00
-3.541164001540346717e+00 -5.348023972737283138e+00 2.029778079127471813e+01
2.964745853863357095e+00 7.379764149610251955e+00 5.272031400390086553e+00
3.104969966187078434e+00 -2.059710316570300126e+00 -5.419395692395086783e+00
-3.072867123994420080e+00 3.004244176893090756e+00 -1.229896727476722340e+01
9.812954727314620484e+00 -8.784665177976572537e+00 -1.117603895319491691e+01
-2.073920594388630079e+00 -4.785951787655094769e+00 -8.340036756464824563e+00
-5.174013711499122259e+00 -7.813775412225868244e+00 -1.151930600199058574e+01
3.871459374154858857e+00 8.164006067037274939e-01 2.271748233863178257e+00
-3.174950072209611118e+00 3.309736412731740796e+00 4.478868209500693198e-01
5.100046304725935009e+00 -1.281758389364545669e+00 -3.275707225364395736e+00
-1.350273034126526639e+01 -1.774880406353942064e+00 7.917512730464205006e+00
5.098134595088697374e+00 -4.198940265533129823e-01 -4.693959717917470797e+00
6.333811257293403330e+00 -3.521612150753337556e+00 -3.638389739774952947e+00
-3.747245564706540133e+00 2.839115170681685729e+00 -3.501367032468204243e+00
-6.924749640793606886e+00 -1.306249582971445378e+01 4.092323354328028628e+00
8.452703472937734830e+00 -4.248172143142352475e+00 5.986177112237458076e+00
-3.938185077549989810e+00 5.771291393993462471e+00 -3.341864789000211555e+00
1.498578525214807478e+01 -8.753126764541340421e+00 7.404410649221129681e+00
-6.514280236139031288e+00 -2.902680830694256642e+00 -6.977278216212398299e+00
8.898579791817867735e-01 2.768464820250635228e+00 1.742375585036978647e+00
-9.085183622983347362e+00 -9.433156385622149642e+00 -6.111679312706586487e+00
-1.232825727665291993e+01 -8.177022221472009633e+00 7.901992944749349768e-01
1.241666398401933336e+01 -5.607205513578334077e+00 3.974025282346909549e+00
-3.065755490313606835e+00 7.330165458989251981e+00 1.799024256285631340e+00
-7.173491836924024145e-01 1.865072605540765593e+01 1.034419357681584550e+01
-1.268489108112761521e+01 -4.415293363985676400e+00 1.459846758993984528e+00
-5.125165601558445694e+00 -6.531839226119228847e+00 -1.193148019988533726e+01
1.304460348124082536e+01 8.152829935509339876e+00 1.598179343879034597e+00
1.905631450254028580e+00 5.516867124841227543e+00 -1.093746725505780049e+01
-6.829635511967312667e+00 2.140444187264237907e+00 -7.351988640167129496e+00
-6.913631545015161528e+00 -6.376663141681359726e+00 -1.158200357847938378e+01
4.600879800257678731e+00 2.611658576405629706e+00 6.991352725913558608e+00
-5.785092553985282215e+00 5.026191704155740680e+00 3.333984512226834784e+00
-1.409469496611222006e+00 -1.062886104610073801e+01 4.780521088443354216e+00
8.264427679025544649e+00 6.770876385383950868e+00 -9.964301029537208976e+00
-4.071504447006952354e+00 -2.710020733116306424e+00 1.191772926569288071e-01
-2.250893514050584243e-01 -4.669848173847579886e+00 -1.705466912752409359e+00
-4.296895123407963979e+00 1.642843159525196439e+00 -6.179377983149486830e+00
2.028474064895842144e-01 7.259013626056188828e-01 8.683163910517798456e+00
-8.872155752301839726e+00 5.251858769009922767e+00 -1.090279610803970201e+01
4.485593492271857663e+00 4.133701671744198336e+00 3.752379952418134934e+00
8.593427303167842979e+00 -2.839296815744743796e+00 -4.386776548586261981e+00
2.565412796640266224e-01 1.503817507673357312e+01 -7.692967086683361044e-01
-8.818980137000419717e+00 1.934649222768827448e+00 3.710671771449832068e+00
9.770111859094587459e+00 4.592102553378813568e+00 4.409429947797574023e+00
-4.331945178218896686e+00 -1.442235492347476999e-01 -1.310154601762461235e+00
8.379849225958444947e+00 -5.780776878890987902e+00 -2.613775961833599837e+00
8.781479898744218859e-01 7.735795328300865137e+00 -6.013887338364054536e+00
-3.968287118949890502e+00 9.538896267012882957e-01 1.086085097493000440e+01
-1.861834684231213011e+00 1.842994819295582509e+00 2.790052720241071427e+00
2.754299663162592893e+00 -4.244597287628083526e-01 1.645537062472413492e+00
5.228240369750897898e+00 -5.748240308912242469e+00 -1.665776892196109582e+00
7.521468529101436928e+00 1.106804627419942655e+01 1.555280152975085883e+01
8.782055139051282211e+00 -6.813369246154053371e+00 -2.887253671309423453e+00
3.725142702448478005e+00 7.064310276247312004e-01 7.386236150961456026e+00
-3.200482200969283042e+00 4.148136710981274788e+00 6.034018382800954150e+00
-3.132863991815659332e+00 -1.911315507938880387e+00 -5.803888978457726333e-01
1.197513630721250388e+00 5.974740866517975757e-01 4.694774267313332139e+00
-2.629069683943664693e+00 4.023981290091592555e+00 -7.419237880031550603e+00
5.563582383683218779e+00 -4.241511200539584081e+00 -1.094118112420834166e+01
-4.237770253458269742e+00 6.781543295796389259e+00 -5.736106872011498936e+00
8.703337799601380098e+00 3.024352643101185123e+00 1.465942579005826696e+00
-4.771000543704765562e+00 2.896470762937934373e-01 -1.746802028367953286e+00
-4.373240882158474285e+00 4.359117773094426163e+00 4.663049361857340536e+00
5.322741535424989401e+00 -3.137084246687559808e-01 5.046155113709881235e+00
-9.838629586591064680e+00 -4.533817566517603481e+00 -3.951727132504775142e+00
-1.627207266073685332e+01 -6.188200624873825717e+00 -5.308968769209743144e+00
-6.187753419053750648e+00 -5.025647451437272650e+00 -7.853406079508962190e-01
-2.112429350693583174e+00 1.090546408684202051e+00 -7.148826709991472628e-01
-4.719114828413449203e+00 1.374737892751830515e+01 -6.736505671872202727e-01
5.250291394616022483e-02 -2.682655909933015614e+00 -1.249744364229783855e+00
8.581568034431610315e+00 -4.078417472318731640e+00 1.953930690512161616e+00
-2.636081602730748319e+00 -7.753126466820577711e+00 2.980096668510379576e+00
5.592088280969162994e+00 2.446288657567031066e+00 1.157713586425761776e-01
-1.394597395353035507e-01 2.404167985527904783e+00 -4.216468921907953415e+00
4.592298856926670503e+00 -8.407611874278222430e+00 -7.528000087047143296e+00
-8.391813939146100410e+00 7.703136195102857187e+00 -1.094565762211444415e+01
6.676311154289414240e+00 8.599670966116857329e+00 -1.006169479090424090e+01
-7.951738951043038739e+00 -7.859784155762739033e-01 -4.382800020103925220e+00
-2.460572814241165640e-01 9.330635767307063233e+00 7.569978099862414211e+00
-1.958714577433923765e+01 -5.632912367213055660e+00 7.038409087997538727e+00
3.706508859401860256e+00 -1.526996211803257397e+00 3.205641312921317709e+00
-2.332686198375146791e+00 -8.574722544313512884e+00 7.073208088434678409e+00
4.324910761899894318e+00 3.363098142572851917e-02 6.128530560736265898e+00
-3.071676632212537061e+00 -2.525585125772535910e+00 -4.892329131387775476e+00
1.357501072109421258e+01 1.159919661803576751e+01 2.725167467763882190e+00
1.345012725619028160e+01 -1.403342032236033265e+00 -1.114302795983322625e+01
7.058412413576505173e+00 -3.214157473700097079e+00 -4.056945364674160004e+00
-5.056670666916374124e+00 -9.833310855440755560e+00 6.619285908547933417e+00
8.011126569014758170e-01 8.075730824492348248e+00 -8.251883021728732004e+00
-1.804688440289922724e+01 -7.382372291122737407e-01 -3.030428407498436894e+00
6.769685748956869586e-01 -3.396401207738462880e+00 1.263092655061048397e+00
-1.126278264427845244e+01 -3.886893813963457234e+00 -9.547445969319342529e-01
-3.769591392158408993e+00 3.360236652533919788e+00 1.137419193199987788e+01
-8.689507831122558201e+00 8.510108357054670947e+00 -3.441219547667608403e+00
2.362029749316171490e+00 5.238834480197396282e+00 1.564623475926640062e+01
6.480013661110942458e+00 -1.081531079634450609e+00 3.035459698474582413e-01
-1.235262403497790595e+00 1.001765057237770984e+00 3.066643580433336069e+00
-2.581799167989908383e+00 1.094683875452736466e+01 7.333650495974138650e+00
4.629706111089175735e+00 2.591518064609164007e+00 9.963327395003908293e+00
-8.521348010088621194e+00 8.018008875664698110e+00 -9.616163468001486692e+00
-8.677462792364453392e+00 3.759413147510215047e+00 1.351009095577927965e+01
1.985588909316289730e+01 -2.420810387672376329e+00 1.638803253308430463e+00
6.997793913505473640e+00 -4.673621846757181619e-01 1.321559697350783580e+01
7.118826037507004934e+00 -3.076084293986971918e+00 1.535106731342140662e+01
1.931957888105811927e+00 2.699778071258778223e+00 6.687578549334222133e-01
-1.486488727958007461e+00 4.432738274241484255e+00 -1.528454975093428148e-01
-2.812046521166245761e+00 -8.070634563012150764e+00 2.646227036929163834e+00
-1.062752385224413132e+01 -3.948769142248134578e+00 -4.816847292018272775e+00
-8.065380379931484711e+00 2.738940001141549896e+00 -4.791198428178028657e+00
-4.951713706107715218e+00 6.245664187407574452e+00 1.516784167101365099e+00
2.381970816531647106e+00 2.782261735357727250e+00 -4.759110208871954129e+00
-1.212247761716281147e+01 -8.221622488980294463e+00 -4.106544561241160629e+00
3.258027566747046411e+00 -1.221687817875302784e+00 -7.219641918007443593e+00
-1.257177625850756542e+01 -4.556516838657084789e-01 1.546672266653046579e+00
-1.302934476404870523e+01 -3.229442844627056219e-01 -1.102566456719479149e+01
1.189739639679439076e+00 -3.142962031943401957e+00 1.730042799225662620e+00
5.623792288066082889e-01 8.657741596156083297e-01 6.244339032992031413e+00
-1.968686247557155156e+00 -1.195668029290661183e+00 2.864702337791174003e+00
1.125957109860460292e+01 -7.021443215786201009e+00 4.107715626654098173e+00
-1.856665194611496039e+00 4.302345282378123414e+00 -2.241261925123387844e+00
-1.086683447372110400e+01 5.686086045628686136e+00 2.785714648732912302e+00
-3.122742993797941846e+00 -3.364702054523871055e+00 3.264380328899739170e-01
-9.494817743204182037e+00 -4.821972216578147119e+00 -5.821216258532210475e+00
6.283073139318642752e+00 4.695701893549816042e+00 5.323669869718630210e-01
-5.943999434219604083e+00 7.639358912250239497e-02 -1.574829188490819298e+01
4.809196172874269593e+00 -7.866251188440553044e+00 8.859113348502571927e-01
5.177363441417320189e+00 3.822960599381232782e+00 -7.226289217895309314e+00
5.801224406458567628e+00 -8.166896053345107376e+00 1.662374196350452360e+00
1.027634439575236058e+01 7.367500791098473556e+00 -1.151345584396158905e+01
-7.214206974436804032e+00 -8.862998917827590306e-01 1.534073259498865083e+00
-1.993855413320894110e+00 5.353915229679491183e-01 -1.713674594955686192e+00
-2.354087951895077691e+00 -6.513580461332030502e+00 2.020600087454698546e+00
5.672450131616198377e+00 8.555211963356379457e+00 7.011287918982197276e+00
-1.014619723618246105e+01 -2.776629504145859517e+00 -8.295159138005455901e+00
-1.941395090020261449e+01 4.700054775853615752e+00 -1.503397396565010480e+00
-7.921286024657461233e+00 3.131554314759867341e-01 -4.296534701886581820e-01
-7.712560682826900660e+00 1.543980446121999028e+00 1.181008941391356082e+01
2.376538817156366612e+00 -6.316351228139457596e+00 2.930780311873323107e+00
1.957607858910138443e+00 -1.120863266618229659e+01 -3.565024701243706406e+00
-3.813879096875274488e+00 7.866683536176966918e+00 -8.338314129749375692e-01
8.895314308864531450e-01 -1.476122234150762047e+01 7.684215883102482714e+00
-2.076585609008547273e+00 1.079171523362771751e-01 1.375097346319159541e+01
7.838349752988603925e+00 -6.002513929931430070e+00 -1.682817035247023529e+00
7.657172076166536279e+00 -3.089856858568212683e+00 -6.659609567914380746e-01
1.544089658943510912e+01 1.353876131082658851e+01 1.223019019945075891e+00
-8.982870011147523925e+00 -1.333099658751618044e+01 -7.478386624885570377e+00
-5.062809113532305894e+00 -1.119600148092706782e+01 -3.282305737734824813e+00
-8.991383261077512401e+00 -1.105896218992542979e+00 -1.015027702752612626e+01
1.248705400939618926e+01 -1.938760000069871481e+00 8.942583618600538742e+00
-6.159520884336480151e+00 4.092536045404243650e-01 6.154375969296379978e+00
-2.616995277081926030e+00 -8.080971384650615263e+00 -4.189875791514145575e+00
1.089950471919442165e+01 -3.460526770203175007e-01 4.773285045802258431e+00
-9.289133694719645007e+00 -2.108916782497763265e+01 3.896496120504567173e+00
1.310596432365748631e+00 -1.669582712075933228e+00 -1.251726871629446691e+01
-1.348016353783844323e+01 -4.380327638108209243e+00 1.707300082045383149e+01
1.915398575558614258e+00 -8.531879842537477998e+00 -9.671456244259289292e+00
8.479859155877432997e+00 -7.731323711325067904e+00 5.683893182479880402e+00
-2.673790788714402566e+00 -6.531200799753574593e+00 4.464015385590862084e-01
6.482129314227913497e+00 -1.201305539050093074e+00 -8.495607284499611112e+00
9.404364009726265294e+00 3.022928394397583318e+00 6.998792033155888603e+00
-1.405051054782090780e+01 9.494393288311671952e+00 3.689303793307373347e+00
4.439043181465498478e+00 -3.039889192497812420e+00 -7.295034146268658759e+00
1.185391122745844150e+01 3.767249123998613891e-01 -1.131874163086954965e+01
5.202820812162332054e-01 -3.726860370896944996e+00 1.305759092543030020e+00
-4.480375109454597382e-01 1.244347709969379823e+00 4.030862921443730151e+00
5.600593615277861481e+00 -1.241967515654078014e+01 -1.897098270126635677e+00
1.470070200351648637e+01 -3.306769790765574424e+00 -1.124893096609078924e+01
2.792818290297726769e+00 1.003200043445859002e+01 -4.840057571523079361e+00
7.695966592418580499e-01 -3.185874542938034182e+00 5.492634487202007421e+00
-2.867917485729047478e+00 1.529921098865029450e+01 1.402667318594338397e+01
-7.760122124489511108e+00 -6.365054875480649521e+00 4.899290862880349096e+00
1.331120858347206415e+01 7.309358547065480494e+00 -7.281244923007362813e-01
-5.243185784945683992e+00 -5.933952756997878941e-01 -1.628882415100910208e+01
8.559767677278108167e+00 4.974912881487339789e+00 -1.036340765352559856e+01
-1.792651386886319642e+00 4.240516654106182948e+00 1.283823889335620416e+00
-6.472278414168470384e+00 9.100078777096394234e+00 4.383464180894433682e+00
2.599888756478227148e+00 -8.030436118332625606e-01 -6.898504094634804851e+00
-7.606466188832564868e+00 1.220603692157421705e+01 5.380199435403677732e+00
-1.949043999180736009e+01 -3.270439536779635059e+00 -7.932701565331940152e+00
1.098229194763269412e+01 -5.284227744734192100e+00 -5.324609610453299169e+00
-2.775874708993534945e+00 8.422426640812620491e+00 -1.211965351276363201e+01
-3.974766560285252659e+00 2.394731356818177836e+00 -1.457940396651277615e+00
7.726876966109313294e+00 -1.369153102883156059e-01 3.768411080723797824e+00
-1.713574387571167534e+01 2.142227927488579375e+00 -2.424866188889008289e-01
3.788552026831185415e+00 1.244866481412654657e+00 6.738281589771271562e+00
-4.940124055137471992e-01 -3.902189650678969723e+00 -9.615067911068649664e+00
-2.764279432913642864e+00 5.206166047439154454e+00 -5.336843280582961313e+00
4.084533568114616209e+00 2.677345667376772376e+00 1.016036889333897131e+00
-3.085130730029814305e+00 5.195115615405236476e+00 -1.311857611365030252e+01
-2.336325519910612325e+00 -1.433922822858924695e+00 -4.247717911783836620e+00
-7.128156383053636524e+00 8.975580672457388332e+00 -6.816457287851860336e+00
-1.029419669687972316e+01 -1.024777441869103178e+01 -5.768008786252185160e+00
9.008728068223662788e+00 -5.364920071482115027e+00 1.455691647076244344e+01
-4.850681294193327275e+00 1.053871019817828625e+01 1.410235806674092807e+01
5.846233539279141134e+00 5.917416139799216879e+00 1.146961049357600615e+01
-9.598551586695139193e+00 -9.218928097603690475e+00 -1.251857678629913373e+01
1.064965007274820685e+01 -6.978349044483105335e-01 7.956652645473172747e+00
-3.874676086975819445e+00 -6.025418990135575470e+00 -1.086144643103998142e+01
1.627013918302794693e+01 3.665352282946468421e+00 8.051106554089518141e+00
6.356280102905347285e+00 4.276947459292962606e+00 -2.809667024608035302e+00
-1.863695969053347667e+00 -1.415910635881702007e+01 6.706618894785920659e+00
2.626566134375694916e-02 3.908821073101507171e-01 1.516754777600303417e+00
-3.443486429729816667e+00 -5.603214804755120682e+00 -1.495879285461233899e+01
4.807407607640811875e+00 -3.129543018663892173e+00 -2.131650824994237414e+00
-3.118681969772148843e+00 4.712118571794935207e+00 -1.285546820076463870e-01
1.418182085843915363e+00 -6.117744272686576057e-01 4.289340523928333759e+00
-1.031282294923722809e+00 1.127574692715619875e+01 5.445820294693357155e+00
6.074323522787729246e+00 1.061337613638857036e+00 4.204044917606859499e+00
1.375107339319006705e+01 -6.824090356448769157e+00 1.337232960442124474e+00
4.976742586380108690e+00 -3.780120242185840418e+00 2.114762826532479156e+00
-7.720207857505992699e+00 4.332943197689302986e-03 1.378053649702725814e+00
-1.647828317053343372e-01 -7.941671720227402531e+00 -5.178500010822315147e+00
2.909075913959675130e+00 -1.084990235975727124e+01 3.096265903376782536e-01
-8.233106125259773145e-02 5.625570475734718912e+00 -7.795681764718927376e+00
7.277614469372310602e+00 -1.502037324582089495e+00 3.110972889079266945e+00
-5.066492154856529595e+00 1.763852447597299866e+00 9.404585128032720842e-01
1.102567378742645943e+01 8.391825601633328802e+00 -1.069096666561736164e+01
-1.692764183287496493e+01 5.846632521311193820e+00 -5.025061671251759066e+00
3.484939079784029059e-01 5.669287762693931754e+00 2.734637699469686822e+00
-1.632599532338108173e-01 6.717256789133976280e-01 1.303337587495897054e+01
2.842301978245955318e+00 7.396903236497216483e-01 -3.084784926212431166e+00
-5.643541934415855721e+00 6.989646167120473486e+00 5.612103620989452146e+00
4.567689854183319298e+00 -7.004906462036735171e+00 7.612988664434767294e+00
-2.141245360521133456e+00 1.694533688743548083e+01 -1.805492866103914240e+00
3.118965211544538763e-01 4.198140634009693173e+00 -2.521306832991877744e+00
3.867184527009050132e+00 9.866588392434836763e+00 -2.833714662060098366e+00
1.734531495430042147e+00 5.942081185972937440e+00 5.760305237700348968e+00
-8.183712086070968894e-01 4.692925659940147654e+00 -4.543107400158913123e+00
-1.181324338001541019e+00 -1.435389538049195046e+01 5.931700778416439945e+00
9.690448287837050145e+00 3.321950540911563277e+00 -1.267293363838395770e+01
8.574594625402343073e-01 -3.563806052283804870e+00 8.248376810377202162e+00
1.154906748507131820e+00 -1.171785049200045137e+01 -4.054217313755372754e-01
2.221840402164976691e+00 1.713924052836192402e+01 1.373430388241414946e+01
8.965223446978018984e+00 2.034007392270056336e+00 -3.725763144668404081e+00
-1.493039751268933069e+00 -7.545158132000314488e+00 -1.192132087695526810e+00
-5.267200282779619158e+00 -7.443385998553174510e+00 5.634351665102065532e+00
-3.851557905180879704e+00 5.145442688261137043e+00 9.849967933300961320e+00
-2.647190631083729428e+00 6.444754099378559253e+00 6.435820737129200886e+00
-1.286092785370696878e-01 -6.580309892678891437e+00 -4.268283012329245452e+00
-2.244089059372260220e+00 -5.403818828930448070e+00 7.168771561455135277e+00
-5.850530094207837983e+00 -5.016765660817862127e+00 3.196670048384314899e+00
-1.938051792827446329e+00 -1.273532269084968149e+01 4.386273947187421918e+00
3.657665626733554110e+00 -1.817039599598433863e+00 -2.101120750868640386e+01
-5.787652010149852089e+00 -1.486823852526500400e-01 -2.483808190507463820e+00
6.005587811520680219e+00 3.014622848783373055e+00 1.294274893245814084e+01
-6.621270047106905254e-01 -3.189520200672051331e+00 2.353550669046305721e+00
5.441142758573749738e+00 3.752226006421063076e+00 2.323391593410641942e+00
-1.805467392885955480e-01 -8.979826624351531450e+00 7.399650678428603356e+00
5.149205603293017575e+00 1.293932283354949320e+01 -7.888279248846963299e+00
-1.366818310190074115e+01 -8.152944074066370561e+00 5.457469528329449204e+00
4.972906679524148110e+00 9.820890539443613676e+00 4.952355275936419332e+00
1.137683029859259065e+00 1.519928368550814035e+01 1.145931353502496819e+01
3.666196405652724533e+00 -4.759537843027666248e+00 -4.041478530104821054e+00
7.256355790775228520e-01 5.962601532352932665e+00 3.630552037662411191e+00
-5.935482344305558655e+00 6.690773958675118038e+00 9.300350125680721947e-01
-8.387268432432858134e+00 1.674162052923983879e+01 1.203783832990684033e+01
4.585681845704608683e+00 -4.043288594317552276e-01 7.967859444355449128e+00
-5.580157879209753702e+00 5.973611852678379464e+00 1.943386594523830269e+01
9.150680042555917382e+00 -9.508004455008901346e+00 -5.232070602663733361e+00
-3.977772820308308255e+00 2.976693550061560778e+00 -9.820193159308697517e+00
7.697760372627489467e+00 -7.726482454239207875e+00 -5.288757537706946898e+00
8.706224263538402397e+00 -9.647605193204550345e-01 -6.910668439303921495e+00
-1.148133089193771639e+01 3.024441885208249747e+00 -2.754581136146035281e+00
-3.493945290495105827e+00 4.799393013409577691e+00 3.829187251781463797e+00
3.674431400935686653e+00 1.193617269392560409e+01 -2.251677092630294919e+00
-5.941622995556230968e+00 5.562369249125096449e-01 6.612139403701409179e+00
1.145134767963607247e+00 6.208858635282061833e-01 2.800925055861381630e+00
3.236600696099145580e+00 -6.420978911289383362e+00 3.711164304326289992e-02
-2.451224036805063289e+00 1.192891136589931733e+00 1.859047197981028576e+00
1.387787751743381293e+01 4.144480421558592864e-01 -1.104092204345721484e+01
1.228948983096169734e+00 -8.256582055381289642e-01 -3.517215431943284010e+00
2.494295496019359959e+00 3.553412021866666937e+00 1.881882638668633589e+00
-1.078041958728464955e+01 -3.418175882058209325e+00 9.343251347966601728e+00
7.939829596344520901e-01 4.286070195913785241e+00 -6.783067272646535528e+00
1.533228241323927321e+01 7.867497418776612239e-01 -2.262260292282195273e+00
-8.511845052073748974e+00 -1.488773548582611639e+01 8.776768307686042547e+00
7.249816050069429529e+00 -1.983072351517731846e+01 -1.899273563557792588e-01
3.086490681339483011e+00 4.926794052929613699e+00 1.476383329726497706e+01
5.674831955626920887e+00 -5.681157390662755269e+00 -7.494959013572024986e+00
1.138317153540416982e+01 -6.387251495122952427e+00 -1.152171801140870322e+01
-5.756683922990191604e+00 -3.249234059060913893e+00 3.849211081600885986e+00
4.791362236188363433e+00 1.268698104466643217e+00 -2.663786621574020685e+00
2.410649412770262678e+00 9.876950359757220577e-01 4.901903019916347692e-01
4.795743848179747637e+00 9.033402892684458507e+00 1.659004572647301723e+00
1.857841352495278375e+00 1.326497000998613096e+01 -7.962937595229594656e+00
-2.012018681226935612e+00 3.311303153127433396e-01 -4.662932082186668770e-01
3.222838494626173667e+00 -6.919518795236205833e+00 -1.155918638151423261e+00
-8.414085862771474300e-01 -1.479272763516421207e+01 4.360595559534214960e-01
-2.287288746253381966e+00 -8.835445246333286207e+00 -1.277086580778629532e+01
6.563226877688508765e+00 -3.869112365243887908e+00 -2.000801413976647680e+00
6.165793465467549472e-01 -7.156260986455550421e-01 7.946013833438569485e+00
-6.891081631549341724e-01 -8.340813102445874705e+00 -7.717382979381191888e+00
8.184475067450940333e-01 9.424267480722868129e+00 1.557084283695525428e+01
2.984583345714832969e-01 8.855997382829965403e+00 4.978458783813378474e+00
-5.727775838171271339e+00 3.421372915371605039e+00 -3.526872871104867357e+00
7.978755324775793412e+00 9.141301037874910662e+00 -8.854237958156952359e+00
5.142739233981852287e+00 5.486329244821715356e+00 -7.915401750576800399e-01
-1.276353740554143412e+00 -1.568211140335264320e+00 9.552014327890354650e+00
7.867746194130318393e+00 2.537409478843726696e+00 -9.225685347636179756e+00
7.450813329224976300e+00 -1.379266443068509096e+00 -9.817841133697816858e+00
2.407863282261496263e+00 -1.459826663633837640e+01 3.994635310091946501e+00
6.215917176586313708e+00 7.075824729032204274e+00 -1.029579329401903820e+01
-1.567104149022550685e-01 -6.925733388090228315e-01 1.100197959585533702e+01
3.509654080028211665e-01 -1.918988851528563444e+01 -5.643015832146972777e+00
-1.271890830163190422e+01 -4.248713081162812877e+00 7.209676364302315399e-01
-1.578418486381365282e+00 3.854584818808810986e+00 4.144723589763815497e+00
8.664282173732431147e+00 -1.813724027403511485e+01 6.189463431702368901e+00
-9.404066611659873953e-02 8.663499177125713047e+00 -1.179315703993362696e+01
3.701303239735757700e+00 -7.652063766009670864e+00 1.098203642652500367e+00
7.163943174553749849e+00 2.447584679019178644e+00 -3.526500316449614036e+00
3.543543476152001048e+00 2.105616448656864037e+00 -5.413097779698210488e+00
3.205384613630218205e+00 -5.603633960381876555e+00 7.078161658192748895e+00
3.915368449104397630e+00 -7.353989735866723443e+00 1.289241132721820504e+00
8.000508251024079698e+00 1.147382108347743790e+00 -5.389476387275997649e-01
6.178017595800090689e+00 1.102226435965487639e+00 -8.569029239354939875e+00
-6.113935870977807774e+00 7.070904733409548726e+00 9.698656954576327038e+00
3.660749596748252177e+00 9.381907434637996701e+00 -4.164408681915874766e+00
-6.853426918634104581e+00 -4.258274316472812515e+00 2.535797036487108524e+00
-2.580393487121508400e+00 7.933690644645851719e+00 1.111494732767214977e+01
4.465244775524005227e+00 -2.708715515953805664e+00 -7.018353604644974375e+00
-6.119720375574764226e+00 3.493763913973161994e+00 1.235106442131634807e+01
-4.805759778710241292e+00 2.364249247835338297e-01 6.266424139241467905e+00
-4.553690728440538571e+00 -9.496196279723056577e+00 8.126658858883613945e+00
-1.345459992932850746e+01 -8.250529807933993709e+00 -2.280248448503928438e-01
7.164601987239808345e+00 -7.977754225465103488e+00 2.734247178103659248e+00
4.162403018062147630e+00 -2.920564580479820371e+00 1.080134445560141998e+01
3.298748120837616149e+00 -9.082656030509328460e-01 1.304947840246290980e+01
-8.780436190757622938e+00 5.361759259433894087e+00 -2.558591684138290745e+00
3.404293105174360234e-01 -6.730052808270018616e+00 1.077267458230852171e+01
8.914227827593837361e+00 -4.841711331398536267e+00 3.417566837677751046e+00
-3.316910840586489773e+00 -1.024454440060596916e+01 1.067856138877026240e+01
-3.523835738040828058e+00 -1.151819345855028232e+01 -8.368714169082128507e+00
3.731756222733088268e+00 -2.581239527698017788e+00 4.556604394166817507e+00
1.253991529726244814e+01 7.148345753081388310e+00 -1.472674974245569368e+00
7.020984703040455521e+00 1.325434713589904501e+00 2.027135139846246936e+00
1.847913960741340844e+00 5.040364962758896006e+00 2.224884374816359145e+00
6.394259688659119867e+00 -8.284051964208972052e+00 -5.036383996655787065e+00
-3.281392326769760892e+00 -5.465319389255657821e-03 2.345683577314330748e+00
5.726541573096570303e+00 5.635428381978966783e+00 3.411487537450028196e+00
-8.380975269517689341e+00 -4.798801395462815478e+00 3.792330576822358967e+00
1.123652438625134808e-01 -2.591722633005181908e+00 1.087105934234461113e+00
-8.498335347318619171e+00 -2.280542504195286924e+00 7.461001493736523216e+00
1.233293932374222379e+01 2.052581576652169559e+00 -1.009445763643862293e+01
5.400270631477308569e+00 -4.471884880226454584e+00 -2.651879446530320372e+00
6.777672486975773458e-02 -9.253992367100277505e+00 1.502702635604616921e+00
8.075679027685691125e+00 3.550025555286537848e+00 9.901545385769944474e+00
1.075495617707480811e+01 -3.218565973080782516e-01 -1.227043956548261594e+00
4.019584656178192716e+00 7.132670584913213041e+00 -1.976356803033811060e-01
3.976489392970086190e+00 2.986080854579160171e+00 1.077198371958321665e+01
-6.025205727073259965e+00 -6.848858589520017581e+00 -4.925699119658531799e+00
-6.906675664350759858e-01 -1.091323697332466036e+00 3.125702699626082381e+00
-6.569157933412397732e+00 -1.106177935632894993e+01 1.593006339567816232e+00
-6.313760078800623177e+00 -8.107589448614890060e+00 5.912053615140298923e+00
-4.667955648954003500e+00 -7.133858669269788066e+00 -1.575878565101062945e+00
1.473500340899300376e+01 -7.509886473720905897e+00 2.489392897567475060e+00
3.394950273727258772e+00 5.108176615455907843e+00 8.234852607307646011e+00
6.995555699301495345e+00 2.112439572234955598e+00 1.510189401384187002e+00
7.674305710246615675e+00 9.042981858266083250e+00 -7.481817427483211880e+00
1.201038734390743379e+01 -5.887945021482348551e+00 2.192214908288462993e+00
3.500227933372935585e+00 1.136641523671591614e+01 3.383532503904749245e+00
7.182421853694424208e+00 -1.445068468695286867e+01 1.398037898619957886e+01
-2.523735821200947527e+00 1.299987288087850024e+00 5.981450215050215569e+00
-3.632292925345031342e+00 2.888518859643247172e+00 -6.134127952905842562e+00
-1.329610952786289957e+01 5.573915905641159796e+00 2.515706649308918852e+00
9.490665325814783060e+00 8.659392044315527670e+00 -7.674254140185182926e+00
9.139590594162187998e-01 1.194469219714651409e+01 -8.919783630642712069e+00
9.076605720674109534e+00 1.509637018660560770e+00 6.891035202335195065e-01
5.447673758241521114e+00 2.153936094679347768e+00 -5.497366948044873247e+00
9.767217131212788672e+00 1.953694077391883388e+00 6.367347829632485912e+00
8.003609082742139336e+00 9.191327302961530776e+00 3.083135103622882123e-01
1.739340250361565055e+01 -6.564508968935067745e-01 2.519565378327726535e+00
3.022044799331458087e-01 1.146961342420462948e+01 -1.266387205679859518e+00
-1.405232915960938200e+01 1.340691208161034886e+01 -4.751222784283693379e+00
7.059338914842057555e+00 3.547357026763290344e-01 1.220014168269943333e+01
5.056885290656363274e-01 -8.701955889324832327e+00 -3.511494592967796091e+00
-7.513710609944983965e+00 1.259055636769755404e+00 1.341913866437940861e+01
7.843360140475679643e+00 -2.634252135867257927e+00 4.437226123675860556e+00
-1.671093158550524649e+00 3.085389019984513759e+00 7.107355080300971295e+00
-6.174026464504237310e+00 -6.697700771284617716e+00 -6.395434788745653520e+00
2.901415938163847130e+00 5.645859318745886313e+00 3.320264797177875149e+00
1.780692316060582092e+00 4.797360676221118503e+00 4.672639093481871786e-01
6.855986116251778784e-01 -1.424658300729304106e+00 -2.071478590975499134e+00
-1.801534318772038068e+00 -7.098206970927654069e+00 -3.635003496308591764e+00
-4.058037965847746342e+00 6.423812853312864668e-01 -1.489444503087127059e+00
2.370205714356805604e+00 -1.155501033234173036e+01 6.838965643286444518e+00
9.821947666824414114e+00 -8.542186085373117521e+00 8.521514013591835468e-02
-5.650638484700257536e+00 -1.264465840404667418e-01 6.522378109212492170e+00
-1.745296081297742941e+00 6.997608383519141384e+00 -2.547877296854706319e+00
-1.037079405735168436e+01 -9.081081206887521518e+00 -8.003098912791021036e+00
-7.146344258701021745e-01 -7.153694150772620830e+00 4.666549155829940787e+00
-3.389644006994494418e+00 7.332052085801572527e-01 6.846032767552606701e-01
4.801234566624730249e+00 -4.839646228841221642e+00 -3.587077875457560072e+00
-9.579100691614655716e+00 -7.507170100778958188e-01 -1.639244364245381291e+01
-8.573910257843775362e-01 1.865356974229942857e-02 -6.060330043151010315e+00
1.719834648613897787e+00 4.118971633846565616e+00 -2.238469115452447422e+00
1.363895543276237021e-01 6.188245169873656693e+00 -5.964138396146182686e+00
-4.103537132937629672e-01 -2.358713967148104995e-01 -1.349148332578006482e+00
1.059772590052132202e+01 1.198874622893574049e+01 -4.965676627957676947e-02
-4.211547900658425547e+00 5.156270695200534604e+00 -3.591571062153372740e+00
-3.642172366141728013e+00 3.341260431001515929e+00 -6.902411344672452209e+00
8.513700043691974084e-02 4.323959323476621819e+00 -4.078522587435568170e+00
-9.846121509447725018e+00 5.330158672220392191e+00 -1.108468540592873453e+01
1.611250596295948911e+00 1.440597155700357179e-01 2.116986263209601038e+00
8.026022028862627167e+00 -3.334724630574685822e+00 5.368975200706249673e+00
7.468439676234247315e+00 -1.987869725521180575e+00 1.325884426498279867e+00
1.139838241149488951e+01 -2.978310178279328646e+00 -2.433738079669484744e+00
-8.751133137212555035e-03 8.894813975067513701e-01 -8.789822306682316011e+00
-4.277234174088143881e+00 2.557197446518087780e+00 -3.760552503978431105e+00
-4.771630837328803665e+00 -1.597141325147733770e+00 -7.776841737724503822e+00
2.724062481508574551e-01 1.741055660425636376e+01 -3.051339140925175553e+00
-3.041582608248003083e+00 -5.327089155457109815e-01 -3.070010984773376972e+00
2.292089894685724882e+00 9.126290044797276124e+00 -1.371500071849060731e+01
1.535290818716823935e+01 9.767450993068710119e+00 -2.724282632751857225e+00
2.451287169332497129e+00 2.155479455828440916e+00 -7.554734578426817393e+00
-1.758811512941910404e+00 9.778538224209670560e+00 1.630222479044197259e+00
1.026264765068723150e+01 4.866001266282435900e+00 3.754152211002128148e+00
1.033384200616748672e+01 -4.330971525569595748e+00 -3.627293107883912793e+00
-1.441626212200679724e+01 3.632176176983308302e+00 -5.200407977981083896e+00
1.672373597802570444e+00 -6.568905550269469096e+00 -1.563875437098017018e+00
2.753445104378748898e+00 -1.399255449697696108e+01 -3.263104393693655236e+00
-3.306514995749181285e+00 -8.134853442216540387e+00 4.034033470226247253e+00
-2.833601788453467218e+00 1.476534524494614509e+01 -1.053961367177939756e+01
1.376141433987023266e+00 1.285299779093049599e+00 8.084193115733221191e+00
-5.985752335478875530e+00 -9.256129186859835656e+00 1.711231691646192132e+01
5.466311514060731902e+00 -3.565520718993625771e+00 -6.859388027524653708e+00
-2.829483503740074735e+00 -4.714031586705036858e+00 -2.372759448781942559e+00
3.031966119497703005e+00 -1.175587031353713918e+01 3.992697876015414149e+00
8.329396647251412489e+00 -7.836984574917033042e-01 -3.430577889870956909e+00
1.265833412031640792e+00 -1.833568376571121483e+00 -4.493254736831287843e+00
-1.936546331499677143e+00 4.169784674388753443e-01 -3.363371537205096518e-01
-9.600769882070502304e-01 -5.631420181105748490e+00 2.444836879354695292e+00
-1.770982632737983176e+00 -6.279110607933724886e+00 -7.918313376167372297e+00
5.644484061681581011e+00 -1.027310497349609975e+01 -1.242778670050888756e+01
3.009705250091819106e+00 2.696527173977775416e+00 -5.060471212584220169e+00
-1.489216196242306367e+01 -3.160450737233754914e+00 9.108731456714929564e+00
-5.287253389451392671e+00 -9.724189720111281687e+00 -8.382941288567762328e+00
-1.357528804370201847e+01 -9.799614568882859089e+00 -1.061503093838791401e+01
6.761798470910286518e+00 -3.962519627931436195e-01 -9.988208856068396813e+00
-1.114269778026899793e+01 1.098871450574060438e+00 1.454302321219656235e+01
-2.108103771540079219e+00 -4.050077125735684902e+00 1.536129144758096565e+01
5.012026704910971020e+00 -2.146347849008411135e+00 1.318336084032796762e+01
8.875711173367466511e-01 3.885105929899381749e+00 7.334449196025858875e+00
-5.685821642387803188e+00 1.570773716957204513e+01 -5.533287955614810905e+00
8.123531268691049911e-01 3.028607475186803732e+00 2.616491947915799532e+00
1.782945726941152831e+00 1.783299141656834674e+00 -1.959477726140968201e+01
5.251166895399721479e-01 -3.263417732440508701e+00 -9.217574162979911279e+00
-5.365707001243546159e+00 2.009026566221292054e+00 9.599846507880272384e+00
9.603161297228197668e+00 2.196122761426073655e+00 3.746507011663237741e+00
1.562544311987477785e+00 1.638441048984642734e+01 -1.348309174183528825e+01
-2.031897596072723022e+00 -1.909617721859836248e+00 1.038913284812217341e+01
-7.081612830690941607e+00 1.931037500285500474e+00 6.475677505311741911e+00
2.894141399608435528e+00 5.281654346585918702e+00 9.876109379500919161e+00
4.506844760403224015e+00 -1.795953329789999220e+00 -5.195149066448139230e+00
1.342739848778736800e+01 -2.269666721426523370e+00 -2.297467410240036756e+00
-5.363952145294851981e+00 -5.652095744856127979e+00 1.158488221364470938e+01
-2.512182344458132377e+00 2.547637209184651752e+00 -1.074279635750738571e+01
-3.674499331626287280e+00 3.576858189852888170e+00 -8.033748934879049841e+00
1.036347512257473902e+00 1.042004639580398351e+00 -1.233029681216361872e+01
1.191928097204229609e+01 9.551064674770390894e+00 2.954650397492641911e-01
-1.849720900372039400e-01 -2.611133713527575395e+00 -5.106894763259960612e+00
8.233551467812333158e+00 6.737587028858528448e+00 -5.611768890680950861e+00
1.440921460616736871e+00 2.083777920073257572e+00 -6.368072717397305418e-03
8.699664504929819131e+00 -3.665053244527923249e-01 1.384077012481953162e+01
-1.677517328443352795e+01 3.681108493467736942e+00 -4.215142325189511929e+00
9.630131020883961668e+00 -7.366718800453861959e+00 2.778673052205300920e+00
6.985236674596272399e-01 -3.205776080799537908e+00 7.191148907232018939e-01
-5.659649490419241147e+00 -6.630286174342422179e+00 -1.015920507494691449e+01
-2.676600882293922012e+00 -8.245012199606117420e+00 -3.732442670387386308e+00
-5.590772697752780296e+00 -6.391741663594813438e+00 -7.234667168002713034e+00
-7.080984747483475950e+00 7.478427198211247351e+00 -9.643215978318661286e+00
7.453176835570424208e-01 8.318527758850189358e+00 -2.006920870764499210e+00
5.943854876462414616e+00 -5.510106471870466205e-01 6.588771617893578458e+00
1.214989442809811360e+00 3.299210884150678424e-01 -1.593584795648591346e+01
1.587620772326391538e+00 -4.950726471186593258e+00 -1.889188870529043163e+00
-1.938764713993602840e+00 6.459450629630818952e+00 -1.495633146611344610e+00
1.475695887661348626e+00 7.760213390165499270e+00 -1.003730965853340651e+00
7.765811745817563505e+00 6.074616432273781008e+00 3.102300060366917744e+00
9.368540776765966527e+00 -1.437964805813683888e+01 6.742593108241554667e+00
7.782559090022610482e-01 4.147915681976777513e+00 -2.453473967937238154e+00
-2.897528449591102007e+00 9.335825931582451441e-04 -8.777369502859007078e-01
4.963013479347553769e+00 4.316402272099570503e+00 -7.266032809836083572e+00
-5.588390745427185280e+00 -1.411347196295552164e+00 1.818799880942999181e+01
-2.136613230537915964e+00 -4.927398579203016382e+00 -6.012343139635774492e+00
-4.796882283940111513e+00 -1.182734455741857982e+00 -3.290070770036439551e+00
-1.500307447683961115e+01 -5.797830814129323329e+00 1.010092852185719536e+01
-1.614743698866900701e+01 -2.998692311602589866e-01 7.767599267446532174e+00
-4.178410902980544073e+00 -4.504540585611176873e+00 5.757979205260448374e+00
1.255666397043109894e+00 7.184063225755681792e+00 6.123278152440523314e-01
-8.684165571229838676e+00 -9.092187962358160014e-02 -1.870483455926027772e-01
1.381814982545654757e+01 5.689599136559976955e+00 4.624353398970139750e+00
6.121812894271026373e+00 -2.184423562283580367e+00 -3.376150663932349083e+00
-2.707106199729716334e+00 7.265270124972256660e+00 -4.405508547728016033e+00
-2.255133868045920309e+00 -1.632737607691923643e+01 5.598254229940513582e+00
-5.599984041578548455e-01 5.950840986679187594e+00 2.514558298817202608e+00
-2.838627695066525902e+00 -3.204954868049838979e+00 -1.153201271096317804e+01
3.415947667134072496e+00 -9.842078122741497737e+00 4.339823819370218771e+00
-8.282873514129262205e+00 -8.146507592516744722e+00 1.207390835529659201e+00
8.069236471118204079e+00 9.183050488725967853e+00 -1.086988948499668206e+00
-1.256149523693189662e+00 -1.442113821439046761e+00 -2.563499467542534660e+00
-8.176229350366608362e-01 2.198960054672279618e+00 6.026724248011745111e+00
1.061090132010587617e+01 1.768619885474378650e+00 8.518111839537573005e+00
-3.872267670045777876e+00 -3.860163390211258427e+00 1.187623013186042353e+00
-6.481163426054786569e+00 4.316205994374436195e+00 1.307006169289976372e+00
1.393932697114891361e+01 -9.190118921845084055e-01 -6.263531697487417782e-01
-1.095453677429281214e+01 -6.345831051283338908e+00 -3.175780231229548889e+00
4.670414667117168961e-02 -3.928147358454283644e+00 1.489161686523004624e+00
-3.621357263594692899e+00 7.154384020866794813e+00 -5.238129501892432316e+00
6.375927210079111340e+00 6.870449789063139134e-02 -5.038699835460158205e+00
4.938201171612973006e+00 -9.863338815018594108e-01 -9.855976769250356373e-01
1.183534127811291370e+01 2.078588742565816716e+00 -4.231919563806867401e+00
-9.676550247362012414e+00 6.730078037994427831e+00 1.835639675871848286e+00
8.775419234005125801e+00 -1.224736560491923676e+01 -1.351804855370318359e+00
1.124812252575594806e+00 -1.594214856645697509e+00 2.987445794698331270e+00
2.016571733670665267e+01 -5.732447253154004940e-01 -1.228018727261835430e+01
-9.669860172870118120e+00 3.412829302493689099e+00 1.661138953313836097e+00
2.116735245297219237e+00 1.248418389644800541e+01 -7.746991995238871276e+00
-3.357073011207919233e+00 -2.853833801429561667e+00 -9.248355830339205497e+00
6.866622415893265163e+00 5.300261979461673434e+00 -2.438171463125226257e+00
2.482018305318500317e+00 6.142589783316915408e+00 -2.589836545158601400e+00
-3.148924502632941547e+00 -2.823454803292318349e+00 1.342388574895756292e+01
-4.556634675827941017e+00 -7.058831490282897470e+00 7.338594121513535740e+00
-2.662746543797550602e-01 3.612898639982845328e+00 6.346154004844078322e+00
1.989771435443759451e+00 -1.265345758530565412e+01 -5.422616595525838967e+00
-3.396337762441444585e+00 5.898215560731236984e+00 5.891174972164906265e+00
9.113488499395430154e+00 -1.253920955577936924e+00 -2.714191499444334355e+00
1.219108458523860783e+01 5.377347773689781896e+00 -1.813856507279435704e+00
9.365498617977742413e+00 -8.740426938744068508e+00 1.472552311903003730e+00
2.923034751012991705e+00 1.295920183850140406e+00 1.263350841680972003e+01
-9.539134550820529412e+00 -3.689401378964036748e+00 1.701108257240756760e+00
-2.696909020377436406e+00 5.679193780339916842e+00 2.368923777825350518e-01
4.640712877257824331e+00 9.887648177111675096e+00 9.425519147968490330e+00
-4.487844611615461332e-01 -5.784208685200303179e+00 1.836963791286200243e+00
4.514920023360157408e+00 -3.940447004064010716e+00 1.105429117785358351e+00
5.016247252500829923e+00 3.204385698984382636e+00 1.346868700764446558e+01
5.163655585466998765e+00 -3.047986670860467484e+00 3.204920508578201765e+00
-2.148848344596579807e+00 6.301896011364618300e-01 -3.108267919478640007e+00
-4.237595948697891579e+00 4.678494859275851070e+00 -1.719873201199372703e+00
-4.470092946412214552e+00 -7.610602552646086316e-01 1.224292719632902937e+01
-1.041211730178971839e+00 2.419497061952592620e+00 5.776988466570462943e-01
1.506739466362918112e+00 -3.125332265050772218e+00 -2.530408505550153730e+00
8.718752065068246182e+00 7.233920099535277259e+00 -1.389766039892078808e+00
3.599788898214640653e+00 6.537703971091290533e+00 1.308117835126659134e+00
5.109681616259884152e+00 5.547897235687287321e+00 -1.354830900772705427e+01
1.738922435708929237e+00 -1.271388338306640664e+00 1.501107595753831880e+01
5.418747813710705907e-01 -6.721398526636028492e-02 2.048143076137030505e+00
2.712535223495352810e+00 -1.147223555259313876e+01 9.945176801242205045e+00
8.248189573214876447e+00 -4.320313059379725651e+00 5.886502049419586768e+00
-1.215643694034993416e+01 -1.673272904328287902e+00 3.815377122550614342e+00
-9.758109358711507753e+00 4.439807340298612459e+00 4.377770796336490355e-01
-2.301996949798150727e+00 -6.172023629317692439e+00 6.614295184163694330e+00
9.294924759146738324e+00 6.316143190928440454e+00 -4.594477193229212553e+00
-7.582040946983835683e-01 1.072800910795917240e+01 -3.637470882388133653e+00
4.546237267875606669e+00 -2.512674966534480081e+00 -2.276957468181644462e+00
-2.551264456984842610e+00 -4.175524080324587439e-01 5.436008197444213152e+00
8.507277395150845578e+00 1.723247425235349128e+00 2.832618549795714813e+00
-1.194365492048318073e-01 2.040644080808266647e+00 4.046099737889097270e+00
-1.356809506531981668e+01 2.058694983839662207e+00 -6.497591769112429638e+00
-3.345758340076631754e+00 -9.799930491461145365e+00 3.496290062515728270e+00
5.131469766366737240e+00 -8.147319081285941067e+00 -1.168883689846610530e+01
1.756796397925283415e+00 -3.498349676169761224e+00 8.130856441784699129e+00
4.408440043750982973e+00 -1.034281362319094377e+01 6.850589351937291127e+00
-4.893319917961029830e+00 -5.264282075667589211e+00 -1.201522036639465885e+00
-1.573268248894412302e+00 6.399708465827509407e+00 3.818204825429507565e+00
-4.633124132148994434e+00 3.032805618390217006e+00 -2.477998430602497415e-01
-8.987654403283842797e+00 -1.321567955847426257e+00 7.614024495643329615e+00
-4.299690391607605022e+00 8.247920085181348337e-01 7.832193106966987006e-01
7.964976918468102518e+00 -3.091602535905906723e+00 -1.939285254960125471e+01
3.076875184112023209e+00 -1.026952982556602301e+01 -1.459037216814363447e+01
3.739092597975107513e+00 1.578367974628591686e+00 -3.940545304185549824e-01
-1.023896030270815594e+01 2.264072696208022095e-01 -1.691692771662124883e+01
-4.689019836707336353e+00 -1.548238746884833983e+00 -3.325782074125567256e-01
2.122658547086855585e-01 4.024639516196561573e+00 -5.333878906395570496e+00
-2.768587973310522532e+00 -1.379580062123586526e+00 -2.246755394847686382e+00
2.105150872035184140e+00 -4.530387547971535867e+00 9.059911896818497734e-01
1.634405615009734358e+00 1.033899055063347561e+01 -4.879865284700532158e+00
-7.296541821817687179e+00 7.346307772484705012e+00 5.815404924707020307e+00
9.270384557066249087e+00 -2.923239928873994753e+00 3.654209768529120606e+00
1.023259839984049258e+01 1.740212203339685515e-01 3.747392282443783529e+00
-4.659022198932306402e+00 2.348358837162489721e+00 -3.868409196311753728e+00
-1.793690613206342599e+00 -6.816713151486006872e+00 -1.669419075592681523e+01
-3.017547188379811729e+00 5.443714468488138003e+00 5.512824231249741080e-01
6.901608013479124004e+00 -6.072919574749555238e+00 1.197376329070321432e+01
-2.381371516495722762e+00 4.298165186351156630e-01 3.160936472641982409e+00
7.101408371355789839e+00 1.091988748163755396e+01 9.759556345120351750e+00
6.403122536075865234e+00 1.211148853118453328e+00 2.220411399079111892e+00
1.773191760318575394e+00 6.280852096744451885e+00 1.264913220163007956e+01
5.930992121552800533e+00 3.760064680520971869e+00 -1.455328270713741379e+00
-3.343307369265351880e+00 -8.996366301331747195e+00 -9.300141718558066373e+00
-1.943874976999891757e+00 2.818962777292619570e+00 -2.183325541610296128e+01
2.802560824694262376e+00 -7.343157410261902385e-01 -2.037890749777900368e+01
-9.174522259858294504e+00 -1.190104025607814808e+00 -7.501333487989617410e+00
-2.592716643273431210e+00 -1.018633709769813400e+01 -4.148379186071808888e+00
5.392680493050781898e+00 2.812906207246107737e+00 -2.292506068569250655e+00
-5.508105450843014061e+00 5.435310675799447822e+00 -8.855960186251641275e+00
3.885096860607868963e-01 6.365930702805670194e+00 4.925533125218535702e+00
3.017551882720088230e+00 -6.238185658301835801e+00 6.869967909054415678e+00
2.029171894589656855e+00 2.330129272041236099e+00 4.885800185772262161e+00
-3.356795598978653761e+00 -5.037008872397162662e+00 -2.350000403458574194e+00
5.775021682897257591e+00 1.110015635231873432e+01 7.457167587321606561e+00
-6.535471206559126500e+00 9.439734562979138488e+00 -1.179625107502782599e+00
2.304479533279297332e+00 -1.055496481290948019e+01 1.350015830716882448e+01
-1.994245471110449808e+00 -6.587984278245386793e-01 -3.865953492403654490e+00
-6.480666167986264270e+00 -4.984812195957596614e+00 8.134875067449055308e+00
5.795605639721126856e+00 1.127749164135159798e+00 2.100763021871766867e+01
-1.642023372102483059e+00 4.284079834444463941e+00 -7.512372424581645447e+00
8.830142988352505995e+00 -2.008279056283857056e+00 -2.024176960114469015e+00
3.242786031812569192e+00 2.365843550461456113e-01 6.980228308124051928e+00
-9.396786842223846747e+00 -6.938401125067601427e+00 -4.032947222397760711e+00
-1.363723785463064786e+01 -9.122672716571647911e+00 -2.551339531247975162e-02
4.532565492119313255e+00 -4.703190059326304073e+00 8.358455264404279106e+00
-1.011675367275324033e+00 3.796362395266970502e+00 7.587653465916907258e+00
5.937193884622756102e+00 -1.004924119022051521e+01 -4.661100662307190667e+00
-8.213992715091103847e+00 1.837886572995591905e+01 6.916646106362728474e+00
9.393368372487852724e+00 8.158844433647383099e+00 1.335588383849780181e+00
1.385876288196755901e+01 2.828449343158803142e+00 -8.902189025456886284e+00
5.959991371247395087e-01 -4.738299126816179374e+00 1.218455059627099679e+01
9.602149979932519605e-03 1.245634736371709295e+00 6.315756599742632371e-01
-3.529763479840867912e+00 1.295411621647028777e-01 5.638321629345219854e+00
5.669453962446113771e+00 -1.737457761040388959e+01 2.089886998160605192e+00
4.428217150881305741e+00 -2.267168451086051029e+00 2.581413731676855949e+00
-1.959289851206770017e+00 -6.666872483821641993e+00 6.426116087836510005e+00
1.011912579263172773e+01 3.520902594390759699e+00 7.637663576808888521e+00
3.485815661514800823e+00 3.635077196817761092e+00 -7.219697862509883102e+00
-9.017112634353272593e-01 -6.502998275304205933e+00 -9.764509712943000963e+00
7.299364644476866282e+00 6.783940654531872561e+00 -3.806884728398338691e+00
6.809438649101738905e-01 1.034643455868295447e+01 1.446284215862347233e+00
3.947349204942739664e+00 4.041909814936527567e+00 -6.728434650222212987e+00
9.241559695163186205e+00 3.403789540209405828e+00 2.110355627264256295e+00
-7.201240159103028837e+00 2.421806583980407268e+00 -5.773947986937705279e-01
7.930620459685172818e+00 4.441989725061613825e+00 -7.009346866362531792e+00
-7.464091387983083692e+00 -3.420271457298113660e+00 -2.875373447803376559e-01
9.376307688179945643e-01 2.980192450452866293e+00 7.782567647814507161e+00
-3.754308901471691495e+00 -3.407952104813273486e+00 -4.366721340695599807e+00
-1.045082356711222538e+01 8.108095932851613341e+00 1.048813710849915148e+00
-7.280294450903937786e+00 -2.598872430470167583e+00 -1.372185876057968823e+00
6.297674423939335853e+00 4.018716317557579742e+00 5.222058100023880378e+00
5.165023722711249654e+00 -3.782093618283357106e+00 -2.652546033631686395e+00
-2.275079937605167135e+00 3.560922229098842706e+00 3.341548829650325292e+00
-8.298509888698291093e+00 4.587135671150463168e+00 1.858677746700781785e+00
9.649170363884161716e+00 -4.543905564771065997e+00 -1.392740747635025400e+01
-3.505960774822977299e+00 3.744306052802241602e+00 -6.402621368378570210e+00
2.059315103473662728e-02 9.106379094571469324e+00 -4.839359818742541286e+00
1.073256728209556893e-01 -4.561492696198992114e+00 1.632118491484561673e+00
-3.146667567047781056e+00 1.090336432956259749e+01 1.242384032740863375e+01
-1.162204196527018496e+01 -1.064301544720477111e+01 1.239489361785532395e+01
-1.837013772548687918e+00 7.425901581151960862e+00 7.949320813468490954e+00
-4.314938078638586916e+00 -1.013334669412768108e+01 1.993748886994068936e-01
1.765270832694318504e+00 -5.523221981164677885e+00 5.311472754196033819e+00
6.381949372590443481e+00 2.225256065350096069e-01 -6.850823384736558497e-01
-7.356241549713469219e+00 9.823839595201032893e+00 6.283675794457531438e+00
-8.927681094728306732e+00 -1.773507293437760923e+00 -2.031971708634156215e+00
-5.346110134049890661e+00 -1.064079101730658472e+01 4.383519202529140735e+00
1.063194977479857695e+00 6.002507913941318662e+00 1.505934015621327404e+01
2.816174615130010994e-01 -7.794462211359342696e+00 -4.848270289769751606e+00
-1.161626461858595327e+01 -5.408085867963210447e+00 4.968921415432152600e+00
2.366940977035067117e+00 -1.209541141709365242e+01 6.730671096024978262e+00
-1.338539476763800917e-01 -5.671455976013412226e+00 8.806512744652085445e+00
-2.816227427570531461e+00 -5.138785009366329426e+00 2.040335629341690993e+00
-9.580712365740902570e+00 1.869524387147695421e+00 5.378843939724033518e+00
1.104754057133247258e+01 2.549568815502177621e+00 -5.377614842342040902e+00
2.590043725864103585e+00 5.016703214312231651e+00 3.196779626508542638e+00
5.534879991515336606e+00 2.224278348079426593e+00 -5.939026391265755933e+00
-1.975369200614718324e+01 1.906493976126063750e+00 -3.844644832626044728e+00
1.831819880962043845e+00 4.144568687667558038e+00 1.372212323455864080e+01
4.955220904335936316e-01 8.766519657058801096e-01 6.983402610007570566e+00
1.028362828489447089e+01 -1.332429060058949943e+01 -2.444981736016659912e+00
-1.309462216549343472e+00 -4.307584540570192910e-01 -5.212443977496885594e+00
-5.327314071454119393e+00 3.166271184147359197e+00 -1.747029170719432045e+01
-1.014158430467190186e+01 3.654742267382721455e+00 3.225994427356324135e+00
8.678314167404810320e+00 8.051043989240785237e+00 -6.332166361908003971e+00
1.257916034953063589e+00 3.038711607368166590e+00 -1.873993372031029736e+01
6.707639718575088283e-02 4.507262217514415248e+00 -6.615406327919485463e+00
5.329747234080709717e+00 6.616502281999864898e+00 4.330607849978065360e+00
6.977949448285834855e+00 -6.794979428434204216e+00 -3.511969759289601978e+00
9.702107140864114854e+00 1.594384800004813973e+00 -7.350237687179285828e+00
-1.556487538898867928e+00 1.139121122280633180e+01 -1.000273939734399775e+01
1.221761601536608843e+01 2.043765818861142058e+00 -5.044648203624562122e+00
-8.304363382369833957e+00 -4.380315000831957128e+00 -3.152542676010563927e+00
4.953343031241612238e+00 5.510468101198260804e+00 2.176913439328635569e+00
-8.484684657872298530e+00 -6.646024339448262985e+00 -1.565376500449626995e+01
8.132694724809278242e+00 1.912909074707322521e+00 2.769263699670166723e+00
-5.470299120759997358e+00 4.589110228161854543e+00 -3.626989076619452357e-01
-2.587586314644461982e+00 9.038624041588706748e-02 -1.256627055792111536e+00
5.409762937085359269e+00 -3.042195710219568472e-01 1.697104755034402279e+00
1.737717023999292731e+00 -4.428843895981178669e+00 -2.361627877891939953e+00
3.862561422324066740e+00 -5.356874264965269639e+00 -1.053969111235677936e+01
1.240267568817567501e+01 7.435631192948081170e-01 5.050774605542262208e+00
1.185465591292785170e+01 -6.448433101458593164e+00 -5.220524777658706483e+00
4.836411938075589667e+00 -1.521450065599558066e+01 -1.011516778970702113e+01
3.767441407195420755e+00 1.520897278337427139e+01 -4.319391090132979616e-01
2.201839533644613933e+00 1.068243845534886605e+00 5.867498719494918191e+00
-4.193084011375923126e+00 -9.045715397149585613e+00 -3.980308633078596253e-02
9.513830059245671933e+00 1.152477898512930699e+00 -2.258736292593520378e+00
5.919114780584501245e-01 1.249358197307307572e+00 -1.403812157253526394e+01
-8.251351862341884669e+00 2.769453659595132677e+00 -6.443803611082800309e+00
-5.189459026626697558e+00 1.489148147063613514e+01 -3.689631912396280633e+00
-4.739708805767101296e+00 -6.292778808698550108e+00 7.867636271716252239e+00
1.281039190181870957e+00 1.050636862753878908e+00 -4.503682553715590231e+00
1.132801880135049721e+01 2.134365610770692534e+00 -8.202633347478299086e+00
-2.586074332746535642e+00 -3.310466321952401647e-01 -3.831255429852628680e+00
2.338609568374913295e+00 3.315753159429779995e+00 9.836976091977016168e+00
6.157217856882305496e-01 8.121054630058045787e-02 3.774673266954080564e+00
1.337867705954883135e+01 8.779752609918364925e+00 -4.037731134120017273e+00
-2.814529804907219379e+00 -6.561867980871540773e-01 -2.868181631056870184e+00
-3.917243521036191112e+00 -1.364270799835839210e+00 2.288775373230175880e+00
-3.178468580428690515e+00 4.727267700179131893e+00 -1.184775746901463123e+01
-1.594818159834038962e+00 5.439369859219562287e+00 -4.599731096348842918e+00
-4.110599386400334510e+00 1.878173647848176486e+01 -3.143092857409616858e+00
-9.265745917681316612e+00 -1.484112045335629571e+00 -5.821869694473081225e+00
4.779402711721144392e+00 -9.976854884935091761e+00 5.999522222819923201e+00
-9.819329825615303875e+00 2.309142357562068426e+00 2.703482988036837398e+00
-1.102974144326796413e+01 8.940783050157325995e-01 -1.157229119935667822e-01
-6.479250496262476844e+00 9.055710103005341072e-01 4.639727618087775340e+00
1.861048694893313038e-01 2.237539471156736237e+00 -1.090218620077537715e+01
7.200883907900205827e+00 9.405168911488123840e+00 -6.782439694104211547e+00
-4.214189881425943085e+00 3.276902317138113752e+00 -6.110415424374593840e+00
2.891647757935379204e+00 -1.639094461530042901e+00 3.311889868663419723e+00
7.825267035369414259e-01 5.444725067001042973e+00 -7.667261790985701708e+00
3.203114650429061516e+00 5.982911369614713593e+00 5.355443102640133013e+00
-5.639109356673278839e+00 -2.650636379178277657e+00 6.048305697483964849e+00
-5.166275281617399351e+00 2.479760046255164330e+00 1.421536196745102210e+01
-9.288318589917368584e+00 -1.664969410966508789e+01 -1.725052648840420089e+00
-4.032300394819876566e+00 1.589276327575673831e+00 -9.999274517364574066e+00
1.416481040969590488e+01 -2.282154788352003028e+00 -2.695657054079184434e+00
-2.406245331445213687e+00 -1.089451246252104877e+00 -3.161516114501815800e+00
-5.342523144378468203e+00 1.346090774836778792e+01 5.222939344727050681e+00
7.473065492220644090e-01 6.088445768637930078e-01 1.316211494794919945e+00
3.115640927091016810e+00 7.085641295565715758e+00 4.813800404149499279e+00
-5.527876229820777532e+00 -8.456605102189236334e+00 -9.552116111332987103e+00
7.116413014216209199e+00 -7.427394808218743982e+00 -1.664336253735958593e+01
4.960460681660980420e+00 5.833491986120640682e+00 3.976002394433409748e+00
2.874627083433074048e+00 -4.904506300250499606e+00 -7.476729552730379424e+00
-3.250917775619134531e+00 2.445904692938452918e+00 -7.627178961414057490e+00
-6.811730224991801030e-01 -9.221194129478927692e+00 3.706836635390180490e+00
1.569167169939715611e+00 -2.549728274299439157e+00 -1.064350598861846242e+00
-7.178544615382820737e+00 1.913920831948941270e+01 -3.665418260927992833e+00
-6.386597918576531363e+00 -4.958396161310348660e+00 2.078401423148308425e+01
1.339335222243053281e+01 8.074811274336697764e+00 -3.053451717455485159e+00
-1.668743469233634924e+00 -1.045775306446075748e+00 2.627364954905004879e+00
1.200992870618665798e+01 4.168119287596762312e+00 -1.265135415277477549e+01
5.408650621895970900e+00 1.459482561292425551e+01 -4.770157927108124696e+00
2.374269097492789804e+00 6.829808444223843811e-01 -6.422308139484681710e+00
1.477725733998462632e+00 1.806872499718088276e+00 2.066372525533837212e+00
8.492602160119893995e+00 -4.634707129031628625e+00 7.552250426588701160e+00
3.049446865691130881e+00 -1.504478482825671648e+00 6.717912935772870853e+00
4.183136828291343257e+00 4.305007269643310153e+00 8.912773776556555561e+00
3.279926392923027567e+00 9.399414254529274260e+00 9.164953848705900796e+00
5.753967731952254638e+00 -1.253163919474971344e+01 -5.540073249857281334e-01
-2.006119127718867468e+00 -1.257462248778440461e+01 3.822435164319331058e+00
2.583481356809551155e+00 3.783585520538738756e+00 -5.388780023970928257e-01
-5.453699671400114718e-02 2.925721497946156546e+00 -1.028286042428272040e+00
-3.794875931456830109e+00 1.918951307580545107e+00 -9.893291517943683999e+00
1.520283980256863954e+00 2.227544022773441101e-01 3.868429899478305511e+00
1.695007674391985297e+00 -7.615333293542160931e+00 1.047648325991042961e+00
-1.195339168866872370e+01 -1.132371601044209797e+01 1.496807051045623282e-01
-1.952695986035637654e+00 1.188381574464937351e+01 -1.052602710458472313e-01
1.726328478034633074e+00 -5.374479215180649749e-01 4.437721348074989414e-01
-1.393244446048196972e+00 4.585625750091276487e+00 -1.817449970131484460e-01
8.030686740537483104e+00 -7.370030744140405154e+00 -1.206213758218985355e+01
6.522854730373474297e+00 4.539097983503715961e-01 7.826055102809426955e+00
1.926568425142470620e+00 -2.875669671310464581e-01 -1.592477532654818084e+01
1.331490628339524385e+01 9.337821019324774596e+00 3.462414313270595567e+00
-2.032251700236674807e+01 -2.708108632815482419e+00 -4.048432824852077339e+00
8.712527927465417432e-02 7.374285582957569307e-01 -1.972865360685538194e+00
3.088178654411731117e+00 3.986610972431928523e+00 -8.068356680070950526e-01
-4.623526531681573459e+00 -2.616968106755004353e+00 4.815668390996052928e+00
1.672099151322483435e+00 -1.666121282687923610e+01 8.066804618331570309e-02
9.549066371853049517e+00 4.783878830639432422e+00 1.904793321619027369e+00
4.597026161106713360e+00 1.526057668386002097e+00 -7.660856731154330745e+00
-3.856910462786101501e+00 7.978140983484228066e+00 -2.927174416118999201e+00
2.034514646783665004e+00 -2.303080852327004102e+00 1.127598208717621375e+01
-2.348412013194158376e+00 -6.838366601937216904e-01 5.276994550677171603e+00
1.389449220746068470e+00 5.317990384005763183e+00 7.914527586426454597e+00
-9.067666939233259171e+00 1.493231415466776824e+01 -1.896458273204130407e+01
1.599586165763365875e+00 -1.050370332917424143e+01 9.903752099587242341e+00
-3.610270882101341172e+00 -1.584489575307373777e+00 -2.170276682955536884e+00
-1.841197660030241989e+00 2.700475872372979591e+00 6.347046396660450673e-01
2.820375708448544572e+00 -2.798736743590790610e-01 -4.257910413502784763e+00
-1.576144498157023754e+01 1.439200249844196122e+01 9.135881013979220810e+00
-4.986772909321278036e+00 -5.416965575850813952e-01 3.668093258021200981e-02
5.183043725198795748e+00 -1.206949884231588754e+01 -2.017494980171777641e+00
2.159741133073154185e+00 2.241474031906636633e+00 8.926138354246145212e+00
1.115547189956573071e+01 -2.831671222634021268e-01 9.640102020431754681e+00
6.540572475795983109e+00 -8.204259634890917141e+00 -1.250908201039743872e+01
-4.907990572218391634e+00 8.657878306971507953e+00 -1.126753829823758579e+01
-1.016058452767900633e+00 2.526849073768152820e+00 -3.959687061640559058e+00
7.483562363193592581e+00 -2.913920533474747110e+00 3.929805217247208660e+00
7.427795957070975952e+00 -2.881007730390455102e+00 -5.006175199085741490e+00
-2.142314737343444520e-01 8.101119763665222351e+00 -3.393856532395208347e+00
7.581644279492122607e+00 5.738724520076265989e+00 -1.478506719315282991e+00
7.639898440336983398e+00 -1.092658124192620051e+01 1.109537936960542126e+01
2.870590153494295471e+00 -1.428629435466919784e+00 2.349250667814597904e+00
-8.480030217478139676e+00 -4.836415258648133708e+00 4.745859890236729051e+00
1.164952520746429965e+00 1.287555382799611081e+01 -1.384830966938714525e+01
6.008891721410805964e+00 1.781341519667917206e+00 1.100768692764784262e+01
3.101116608058831048e+00 7.923085529695552687e+00 4.258541757485178714e+00
4.954274787487435994e+00 -6.630617525186025540e-01 -2.442022737728049009e+00
-4.103362063310440178e+00 3.357061037408779036e+00 1.946249763978298120e+01
-1.719280131917268406e+01 -6.338352638373335735e-01 -1.090607869902855143e+01
1.526668896287217247e+00 -1.624714589870773995e+00 -4.251297105113444275e+00
8.943238836923240953e+00 -5.492972102497880371e+00 -1.110831911419283458e+01
-1.275286322417215601e+01 5.667973625402593640e+00 -1.682105080923869123e+00
2.540285939830929429e+00 5.694090711722592069e+00 5.302206493596786085e-01
1.126806825092008246e+01 3.146655037586633674e-01 -8.567574712999075359e+00
8.796660805213507572e+00 6.932836945901460268e+00 -2.271840007268655981e+00
5.380120047413166517e+00 -2.827866190264750834e+00 -4.718679060608021558e+00
2.094090005499760654e+00 -8.017026998726276332e+00 -8.923147145264636038e-01
-4.303579572992317637e+00 1.012832390846433173e+00 -2.609909838871650845e+00
1.179535290688408189e+01 -6.129286259516019797e+00 1.345585036747025320e+01
1.854289102120346922e+00 -6.481124028017168914e-01 1.167436803208938834e+01
2.460397873061849428e+00 5.047681471924886587e+00 -4.357447499444303318e+00
4.895188471762265792e+00 -2.333368039317788689e+00 -1.512468941165651781e+00
4.559616870479179518e+00 6.571352939835060525e+00 5.099951752936307869e+00
4.505835299444994391e+00 9.760352508438983055e-01 3.651639484800380586e+00
1.391695896871287452e+01 4.065292837642116019e+00 1.117934492750779540e+01
6.117804957453255810e+00 4.886401911436840662e-01 -2.596175511352637189e-02
-1.441145200117180281e+00 3.416440941505472395e+00 8.311742898058415818e+00
4.145108333096401143e-01 3.749515912674792784e+00 -5.194880902837251568e+00
5.073003703960149657e+00 -2.766131652125260132e+00 -2.013748608943615181e+00
8.076273830135695775e+00 -1.456632030198341976e+00 -1.391101751163306233e+01
-9.003089512648541515e+00 8.120029131605363659e+00 -2.072204498049308175e+00
4.214031521293745364e+00 9.236991607809500460e-01 -5.513079981835567800e+00
-7.466807099656800339e+00 1.156002355598946174e+01 -2.366696302603882029e-01
-7.400705161314346192e+00 3.537107159524401911e-01 1.060737262709719708e+01
-6.069153302919242515e-02 -1.721592376552203874e+00 1.219706636661673294e+01
5.245410905083544018e-01 1.035667413452824537e+00 3.929490071044594579e+00
9.025114590671741155e+00 4.103105602048303879e+00 1.110925192848865706e+01
8.219044305129031613e+00 -6.848202230734772300e+00 8.762266514324860367e+00
8.589924978623766361e-01 9.301051245338750606e-01 -3.402367797311313335e+00
5.531430602783527384e+00 5.038510184236978162e+00 -2.175686311091130642e-01
1.685958002452219873e+01 -5.361770344091066676e+00 9.673216200563901079e-01
-7.174014422477073438e+00 -1.937710554943089525e+00 2.583341749963050105e-01
-1.281735068288609369e+01 6.102158501819912928e+00 9.430687220621104316e+00
1.666698921354445639e+00 -6.477146769272160709e-01 -8.778241459383554712e+00
2.825540607180560215e+00 -9.543296574190304749e-02 -4.197653633552081764e+00
-2.720131410983816611e+00 4.211643179401351134e+00 7.025993330195406728e+00
-2.139248342611185016e+00 5.548885724448141765e+00 1.049194478282506005e+01
-4.206544846707537921e+00 -1.244950143225589301e+01 1.650123851357766291e+00
9.421537063601824746e-01 -5.708232323267197650e+00 8.158308577161675901e-01
3.438449371498731644e+00 4.626289684476532771e-01 -1.054690178836226977e+01
3.294996737935593778e+00 5.118670382861825630e+00 -2.288512630876295972e+01
-6.928495916304084901e+00 -7.961560121219177333e+00 1.020995198253567615e+01
5.502122945714339686e+00 -7.941656611657583298e+00 2.252676199255965184e+00
-9.744244127982215176e+00 3.868391064187494788e+00 4.790646447785700701e+00
-1.495265508890701422e+00 1.439467488124289396e+01 -1.653280765144930387e+00
1.598927161960419951e+00 8.580662603014117096e+00 2.677125180522103687e+00
1.137490006430696710e+01 5.469956388530734515e+00 3.122181367535390994e-01
-5.203266301314825037e-01 1.035250147078200911e+01 -2.486408788152394855e+00
-1.126655608752578175e+01 4.260400056724543028e+00 4.383836655173991015e-01
1.138631556849557214e+01 5.953640074546380223e-01 1.443217167754122121e+00
-1.226643749804440198e+01 -1.106543877306067536e+01 1.022902071767589760e+01
-3.542628407649212718e+00 -1.160826475913698097e+01 1.177903746673903207e+01
8.991058988912612904e+00 3.078899883054334374e+00 2.362185844019261793e+00
-4.360093340797579486e+00 4.977993511475178323e+00 4.457764809894180225e+00
3.705400306014012823e+00 5.377189031382637596e-01 -1.547894279106408755e+00
3.531094134056515177e+00 5.305829056629832730e-01 -1.018101118064457111e+01
1.601310547490516711e+01 -6.945988393785578197e+00 -7.345235049965993746e+00
3.964933308144378277e+00 1.392092590874230762e+00 -7.840867844640074580e+00
1.331664131900531123e+00 -2.466744737801685350e+00 -9.399593982849141938e+00
-1.372298912315589092e+01 5.980123819112508343e+00 9.037412679587159658e+00
-1.496281631365373510e+00 -7.571000531601879580e+00 3.117104332403592082e+00
-1.037190172783770414e+01 6.470920518987357539e+00 7.235623898311214219e+00
-7.988273852881940584e+00 3.264857855531038577e+00 3.342262528952174794e+00
-9.344282685407847566e+00 4.663515623065078053e+00 -1.246206705567549911e+01
1.680919050872910603e+01 3.737223390797223654e+00 -9.268955702684390729e+00
3.190317105146225907e-01 -5.152489625567249654e+00 -7.775552495952524623e+00
5.264522163245725750e+00 -8.651322656403067413e+00 -1.403877606536772760e+01
2.047979196196563212e+00 -2.493351376251533136e+00 6.065437092296183330e+00
-1.135783540935146974e+01 3.737399638399427904e+00 1.154471046474020746e+01
-2.878538643148286891e+00 -5.160698278295930592e-03 -4.486349436201578555e+00
-1.203202310124215080e+00 -2.466995992542120764e+00 6.781413797909884522e+00
-6.031900405307367707e-01 -2.598575050847022894e-01 8.473995422047144288e+00
7.957568032543061776e+00 8.975153072581234071e+00 3.653358784749897170e-01
-6.847364080609217751e+00 -1.010600338743884663e+01 1.683745773426675640e+00
-1.255215574789467992e+00 1.476046554565748714e+01 1.305785636576608688e+01
1.222659705505583227e+00 -1.356429605231531887e+01 -7.410355665148760096e+00
7.492801612916971443e+00 -7.419377319366597945e+00 -8.977712992053664465e+00
-8.325147458644228671e-01 -4.473374163769517686e+00 2.893552466202044648e+00
-1.437849780687271739e+01 4.462365701452109867e+00 1.406509068861279355e+00
-4.353711354442762804e+00 8.094654479434176153e+00 -8.663698941523611197e+00
6.659019447228006428e+00 -1.097381737515647693e+01 -9.529747497085175212e+00
8.559206263875153153e-01 2.889377399343669328e+00 3.682374966633724878e+00
5.906968178938689640e+00 -5.474753611392661590e+00 1.580855246514154100e+00
-4.438083308227969148e+00 4.151709630189916567e+00 -1.088107131318627019e+01
-7.666240461268862827e-01 1.426602725540822902e+00 8.406635670118188519e-02
2.473337029633854378e+00 -4.234189093141131011e+00 -4.395991086990670982e-01
-1.035051535336813044e+00 -9.569101058243777658e+00 -1.182126867168671502e+01
-7.540135548678122968e-01 -7.079597756101106754e+00 9.098129522713019668e+00
-4.613995341020727281e+00 1.059409872848825174e+01 3.541479826482678117e+00
-5.573502806354898809e+00 -1.411173829082154718e+01 4.599856908170324665e+00
1.344386492477704209e+01 -1.420706238523648324e+01 1.041641281682923692e+00
-4.119454900968563926e+00 4.630515834568293521e+00 7.847273730613570031e+00
8.812921236865153274e-01 1.161809660875441175e+01 3.677518526980001479e+00
-3.547606995886261494e+00 -1.019408681168679998e+01 -2.583524838146483038e+00
3.438063071381477709e+00 -1.630506247156121091e+01 -1.415495890864876394e+01
6.456775320082879244e-01 2.621287388109290184e+00 -4.673191322404834480e+00
6.422916314218593214e+00 2.433721420457667595e+00 -1.656392911240367749e-01
-1.249168858504670521e+00 9.310516463876705728e+00 8.173972262006522271e+00
5.176732952622279171e+00 4.797845790568420199e+00 3.709470876092759717e+00
9.090813071787831490e+00 -6.093975929338244057e+00 -1.649275604649594662e+00
-8.178251023037903522e+00 -7.507837949470656191e+00 3.207576098647607621e-01
1.684669136688751179e-01 -1.355526096854578455e+01 -4.062129687156630808e+00
4.963567202711822723e+00 1.122281511706544554e+00 1.582542982471350612e+01
-7.779198570833867343e+00 1.036909928765885702e+01 1.956354782474130527e+00
1.454154797754444894e+00 -7.746240758187584063e+00 -9.693136723497531193e+00
1.940359650536355840e+00 3.544045137479915120e+00 2.148350510099528599e+00
-8.624401052043298321e+00 -3.110178829412192369e-01 4.219776401358436679e+00
1.860716135818157202e+00 1.049534649813485654e+00 2.188162701131962096e-01
-2.782517408738623743e+00 -4.963698513321829431e+00 -1.168314562860964756e+01
5.448616210941813698e+00 8.893556199452326894e+00 -5.205399305659993425e-01
5.131804185789563988e+00 -7.691442984426797302e+00 6.078834406453244021e+00
-1.477569552934911767e+00 -7.679318682321503609e+00 -2.200589019523288226e+00
-7.917432320220348707e+00 -1.413241030845173496e+00 9.252016369558319298e+00
7.277162899933812490e+00 2.039777609481897791e+00 2.661427379354674549e+00
-3.160061553243327825e+00 -1.139935035386816686e+01 -6.431517830270576219e+00
7.277803478831483375e+00 -7.368256564573132827e+00 4.636103192145145435e+00
7.417634852900286013e+00 -6.306828465549828344e+00 1.145567484143763970e+01
-8.268056812728424632e+00 -9.213386414198941665e+00 -8.293129901194514986e+00
-7.108518475547656035e-01 2.596085981031920342e-01 -2.026020252306479641e+00
1.163010438382899459e+01 -3.423452044490081114e+00 -4.309383635115824340e+00
8.857861445969920311e+00 -1.428254295066281543e+01 -3.754492523526088199e+00
-1.199285675515170624e+01 8.201471488241212526e+00 4.949966526278621437e+00
2.292033103641256897e+00 -8.331821490600875180e+00 1.562025295373879175e+01
-4.840138500784364695e+00 -1.466775428547405224e-01 1.086585174901617634e+01
-2.050518190667763863e-01 6.796045041767021289e+00 -5.581890534063952636e+00
1.272101752906115157e+00 7.554052835890971096e+00 5.856209909679907177e+00
1.437368581984304949e+00 -3.240135098285766180e+00 1.238615068316602041e+01
5.542765882668023725e-01 3.339372237610644500e+00 -5.704621074392900226e+00
8.937101516982956184e+00 -3.367608193292380037e+00 2.060691843167338533e+01
-7.250800942303536445e+00 -3.884764348743019013e+00 -5.338210002065644666e+00
1.210102138630210789e+01 -9.786407277838093943e-01 2.856537131330871837e+00
5.006193962945144627e+00 2.913765134719613625e-01 -1.749969785760496555e+00
8.124110892143658447e+00 1.523442510001603301e-01 -9.180861804910646740e+00
-1.292219270444558532e+01 2.940680101446588424e+00 9.350319186590825282e+00
9.747481552767371937e+00 1.068384650693299953e+01 2.208078631760347577e+00
6.362530395218384704e+00 -7.555001557512222909e+00 1.255579281363080391e+00
1.740124861526769706e+01 -8.088488725982088567e+00 -7.425242098799877954e-01
-1.575118924334713233e+00 -3.891800001220333094e+00 -6.116409073940327623e+00
3.418156204843841195e+00 1.419724162396853728e+00 3.768062522093861944e+00
-5.562428201576389064e+00 4.804498789659669811e+00 -4.166140315474701872e+00
2.344075195492859365e+00 -8.809129530476714209e-02 -1.752557753481209790e+00
9.281325482453592457e+00 2.472476745222838002e+00 1.121462461737288363e+00
-1.086756673633045800e+01 -7.951182641312017019e+00 4.853394197877580751e+00
2.158348014540321991e+00 3.395209229969546438e+00 -1.212685212788594669e+01
9.265344435761964093e+00 9.734057787553563657e+00 4.827261249413142608e+00
-3.464021686373909059e+00 4.113737092625461500e+00 8.406540541666929656e+00
-3.791026216351446099e+00 1.915491201804509602e+00 -6.058822696024762422e+00
2.519127782701839013e+00 -7.440805031328491026e+00 -5.108711736363522604e+00
3.896856257337842355e-01 3.052096054350278198e+00 -8.548457853710694110e+00
4.310008507162846669e+00 1.050090708532560235e+01 -1.153995970386499970e+01
-6.035254524145979182e+00 5.902763340234078449e+00 -1.173049219989321479e+01
2.565345579114179042e+00 4.348565308807224916e+00 8.311403417110719616e+00
2.968994802839598712e+00 -4.515763109971915878e-01 -2.869208665031869554e+00
-5.925923420118553331e+00 2.687235200660277989e+00 7.767720401388792162e+00
2.518178278176662843e+00 8.182031002839589284e-01 2.678608144153701964e+00
-7.324280721670104022e+00 -5.995156440665999398e+00 -4.625971668200143938e+00
-2.626405303657297630e+00 -5.157743179665197353e+00 -2.026061759782430194e+00
5.584199755770620222e+00 2.087915479730922730e+00 1.328090716067026023e+01
-2.020552537995835962e+01 -7.362152215714997894e+00 1.026436556526025790e+01
-7.946644669802331862e+00 -3.720383538181919914e+00 -5.794790823737600682e+00
1.602034929111643535e+01 -6.891136450914437717e+00 -1.674165360806743497e+00
1.084945008992530013e+01 -8.106941922199121464e+00 -7.312170610789676672e+00
2.645929675045074259e+00 -7.634959392789586907e+00 -1.177471113851655149e+00
-3.670520240617822783e+00 -3.208165062837700532e+00 7.601968273796142483e+00
-3.298444900449445605e+00 1.591288853450591123e+00 1.644128908438465375e+00
3.865792512046462459e+00 1.355534801768516262e+00 5.958439964709104864e+00
-2.143091659792287107e+00 4.195789772110411597e+00 9.127745180189861252e-01
-4.206026580831199624e+00 6.759295943009088425e+00 8.521564946993786194e+00
8.321206983805653934e+00 1.157989125691818444e+01 -4.847841032052643939e+00
-7.116856986642607019e+00 -6.568624053522202466e+00 -3.950853142354970426e+00
1.043436899562194986e+00 2.068955580429971963e+00 -3.782277871489354126e+00
8.853662433812404586e+00 4.124206822480945611e+00 1.323657273946428248e+01
1.059418861215687713e+01 7.360192689862557813e+00 4.343105507987852221e+00
-1.102112825823105702e+01 5.734708658625951472e+00 -1.974063975796397363e+00
3.251349544845397510e+00 4.947541658682448329e+00 6.070757736511744440e+00
2.760045908191539610e+00 -1.122938385510187542e+00 1.318753164530208410e+00
6.167936480766619489e+00 1.144215242691362810e+01 3.567876532292367120e+00
1.043771817390037349e+01 -5.089093179384713395e+00 -7.346732546232582761e-01
2.852456788060933501e+00 4.245066151907592733e-01 -3.468021475300944734e-01
8.281228414589150710e-02 -1.337583460896605736e+00 -1.351107723618545542e+01
7.968760122051801176e+00 9.981587894265450345e+00 -6.302578451508105140e-01
3.493086645537437640e+00 1.551970201708670727e+00 7.067295665245717728e+00
-1.039176539195163951e+00 3.048208049565316102e+00 9.362050733804290203e+00
6.548889696494060608e+00 -2.395563563904599125e-01 7.398782654573078155e+00
-1.337499143551192260e+00 5.021299172688951984e+00 2.535987454079290160e+00
1.830711861865055923e+01 5.542837124573718022e+00 -8.844562311847235847e+00
-4.796332619189893620e+00 -6.078006489311468918e+00 5.705987157152677014e+00
7.659944758856590319e+00 1.097681747286277876e+01 -4.712339319038810537e+00
-4.452135081147241991e+00 -4.158746057962676268e+00 3.894529071313581614e+00
3.829671373717289828e+00 8.858606606284961771e+00 3.737609087832909793e+00
6.612626380198513010e-01 1.104021328648246225e+01 -1.249509133648984793e+01
-4.475691610779094276e+00 1.801411635316440663e+00 8.587744615978027962e-01
1.063736627929295686e+01 1.385581122953033206e-01 9.209866419106125690e+00
-3.455594558885950018e+00 -4.413310589904472642e-02 1.050893637170102479e-01
1.881704998499229564e+00 -2.000617947821714093e+00 1.423427519209332459e+01
-5.030174324382902462e+00 -1.058005473908849803e+00 8.037452146587087398e+00
9.096914905480096847e-02 -3.024212462723298245e+00 -9.366026889627857344e+00
7.376079799902457879e+00 -5.645857531925264183e+00 6.570842549639747121e-01
1.298591773914530378e+01 -9.621194759447357470e+00 -1.201423959768323080e+01
9.755209424923133810e+00 3.272966228102989206e+00 9.181804333324262046e+00
-3.556755629024440424e+00 7.831176092901228181e+00 -7.868859556377953979e-01
1.102902002881875276e+01 5.955712964264522347e-01 -4.172148542869477339e+00
4.900927796473722786e+00 7.293307648776514718e+00 -4.263679839783216075e+00
-8.075285146235144040e+00 1.508304373511646590e+00 -5.599693158083410616e+00
1.005424002438499542e+01 2.839399744010928650e-01 3.432840134907753527e+00
-4.176549762459561776e+00 -1.016647591534940664e+00 -1.054948971937103863e+01
-5.403929024900611999e+00 4.871262438263213035e+00 4.980121425280104930e+00
-1.377103332628653121e+01 -4.386717577642157195e+00 -4.754395530118098456e+00
-7.286590720665247822e+00 -3.944950813335497131e+00 1.432204186468517193e+01
-1.073136683232567634e+01 -1.318250083304531306e-01 -1.209020795813355598e+01
-1.082339387628046090e+01 -4.512167300891781530e+00 -7.821915536314649309e+00
-9.373796250028641808e+00 -1.087259562946708868e+01 -2.428261447427666919e+00
-5.236625705358582294e+00 6.444947771745833442e+00 1.300827775419792687e+01
-1.753823979725302028e-03 -4.170957436913398375e+00 1.174285290650523450e+01
-1.113536100887213998e+01 5.033286488259130387e+00 -8.432574538238833683e-02
3.830733302778872584e+00 -4.043622988908503579e+00 -7.586271763595384243e+00
9.017736136215990683e+00 -2.597511159013842774e-01 2.989206543307288744e+00
-2.499791169321552431e+00 4.386772035288740490e+00 -6.060378435691061050e+00
-5.568813342759581175e+00 -1.306041550350445846e+01 5.390776275843340848e+00
-9.188051348598165191e+00 6.948222630073378703e+00 2.210688413612142966e+01
5.681086857394648248e-01 2.521064044858430719e+00 -1.320315199897779790e+00
4.473500214984635903e+00 6.360192847128573135e+00 6.153730083079569368e+00
4.920572627960884127e-01 1.012424113977276541e+01 7.338495264160201259e+00
1.229686720281149670e+00 -8.880747516168906230e+00 -1.295225489760322723e+01
6.419809048125019402e+00 -5.442155223144084175e+00 7.950626032706783697e+00
2.561534273594144942e-02 -5.704764860249946778e+00 6.478295821074118166e+00
-7.988146286577381794e+00 -2.760874169088901819e+00 -7.920984398020828543e+00
6.736827713734903078e+00 -3.423821079322042049e+00 5.544215681231594139e+00
-8.617514285551024500e-01 7.788233498546308198e+00 -1.004411614045583967e+01
-1.146227967709270068e+01 1.625751651900815942e+00 -6.653443859745519440e+00
6.400074072587743634e-01 2.574992031274648596e+00 9.922800138232914513e-01
-4.541750932441474542e-01 7.008376473542331730e+00 2.871688351198256051e+00
-1.946101861771887265e+00 -1.043881668416426223e+01 7.618142366062568449e+00
6.235014929925364768e+00 -4.424457763764221951e+00 3.159817134337488564e+00
3.788601574442980180e+00 1.464491358612356287e+01 7.493141612603535506e+00
-5.332586002712254469e+00 -5.508044167829020843e+00 9.263339272925749768e+00
1.955519068600091259e+01 -5.685836737510098216e-01 1.442157399010205454e+00
8.262271346486868007e-01 9.732889586441560326e+00 -7.197799394870465051e+00
1.219508340682740943e+00 -1.171042756979759680e+01 1.363338727861331146e+00
-2.994282279781000256e+00 1.805424282097751743e+00 -6.976383483431039423e+00
-4.267642452093189043e+00 -7.080913748471623137e+00 1.839233634724906308e+00
-1.307552988251249770e+00 -1.198707198589633549e+01 5.559527741538565770e+00
9.672595499069808200e-01 -1.783876733166306572e+00 -2.512817587958124932e-01
-2.382833031659796763e-01 -1.192835746220765891e+01 -1.072576347411816844e+00
-1.307646038342702610e+01 -6.401609482963693809e-02 -3.973450847772422190e+00
-6.286634818322515805e+00 6.873278138436710094e+00 1.314571564191243347e+01
-1.616570123935862968e+00 -3.271622630911402929e+00 -6.020187807490738230e+00
-1.402909313910954836e+01 -7.529032857534259104e-01 -2.091369868974737312e+00
3.636871446028962840e+00 7.299435911688793022e-01 1.554881563113641540e+01
5.544918581170567684e+00 -3.604074559562551627e+00 8.849565843670564869e-01
-2.091332792302603050e+00 4.781710530433076478e+00 7.172579919326611098e+00
2.870130229321955273e+00 -1.063086828408772888e+01 -1.741251383927307117e+01
8.229453814313560045e+00 4.805725469574812614e+00 -7.687065347998443876e+00
-8.857967716856604667e+00 -1.553093554503894325e+01 3.805352540682600537e+00
5.742132888025876625e+00 3.981638220352996083e+00 6.463760679138921716e+00
-2.988349512626253812e+00 8.831380346108877788e+00 5.123183994528517360e+00
-1.054850981934106979e+00 2.432075838369475385e+00 -6.493585444774310211e+00
-6.597889585366374376e+00 3.487901201705529530e+00 -4.184060327702781024e+00
-8.014306423229988763e-01 1.356916702606858927e+00 -4.250613659553924784e+00
-1.118691518228046000e+01 -4.368303515265767878e+00 -2.886277709526745561e-01
-1.261120307238151161e+00 -5.937182259801049966e+00 -5.098849999467816030e-01
8.818247652200765785e+00 1.412566693459002032e+01 3.001407285388758339e+00
-8.412772074677111078e+00 -2.885435632305378695e-01 -6.193314494421118255e+00
-2.059903638954704519e+00 -1.000810620565376396e+01 -4.198248060548322336e+00
-8.608468889183040318e+00 -2.984891144374671068e+00 -1.607605247097762535e-01
7.776260951084493778e-01 1.039154237505522183e+01 5.062921753687480653e+00
5.531218953104986014e+00 3.788306793384561999e+00 4.599907246827824814e+00
-3.896406612010026915e+00 8.175199464137010708e-01 -5.340915085508250115e+00
5.002852874200594435e+00 1.053475512994846852e+01 -6.889272944517853325e+00
-7.735559809235181383e+00 -3.457769710864647905e+00 -9.675537514840220510e+00
8.200939670471575127e+00 2.637286767454106062e+00 1.244918200520537610e+01
-6.584592630070020824e+00 -1.119933515136604107e+01 -6.810644826794501894e-01
-6.171527509699957115e+00 8.357346355465367083e-02 1.114693919469938699e+01
1.860152926847652877e+00 -7.404313380806746281e+00 2.717676495794450808e+00
1.048158857424779278e+01 -2.075829216711480907e+00 -1.312398586690458613e+00
-3.204321921481152913e+00 5.836316879115038603e+00 1.136526248870859540e-01
2.718437320801772916e+00 2.623799718699889372e+00 1.451988324970911926e+01
9.216247714576430994e+00 3.029468530338792487e+00 -8.040008500420153581e+00
5.625753900725610102e+00 2.331358848463767619e-01 -5.951731181506947799e+00
5.951647528452006952e+00 6.755550287729336079e-01 -1.844128636388843834e+00
-1.364103733606553170e+01 -8.535783758888429773e+00 6.027310767778227607e+00
1.220703252770722003e+00 2.989872152001083472e-01 -4.253829208856061861e+00
5.561065026723292171e+00 1.118883754488612770e+00 7.345018430877665594e+00
-4.152980114399662179e-03 -1.047501209697734126e+01 -2.125452545936806215e-01
9.080535943463303283e+00 3.494932702928698287e+00 -1.197329933456981577e+00
1.044633722791074781e+01 1.505019450710091355e+00 -8.204846563178996632e+00
-4.724776399198850285e+00 5.728330835416975297e+00 5.058883594345950918e+00
-3.020856169180000661e-01 -2.553415051638665112e+00 -1.426319566221344992e+01
1.368107634818956164e+01 -3.975002298806613599e+00 -4.931249259039606758e-01
-1.481001161101430208e+00 1.039629840929369031e+01 1.041840249172142663e+01
-5.819489587638384531e-01 -4.479304774859082627e+00 -1.320508678237852251e+01
-1.081942457644065669e+01 -5.107674515057167852e-01 5.147262559022933281e+00
-3.114920039005035779e+00 2.043532374677832664e+00 2.649180926269812719e+00
-2.228272533016127266e+00 -5.228663403878118787e-01 -1.194259055899198074e+01
-1.132566072966666670e+00 4.242290670952923448e-01 -2.036082274617833310e+00
-3.996537727343323354e+00 -7.185140597862996081e+00 8.217150951369267986e+00
5.655093567239551255e+00 -1.819665735225115100e+01 1.021982492252086150e+00
-4.716121456479963392e+00 7.722319306328478739e+00 -1.070449126583522492e+01
9.878637254083418640e+00 -1.478753549797567457e+00 -1.111338228022965424e+01
-2.728106305789501640e+00 1.467247232848089844e+01 -1.252075845193401094e+01
1.645672219966314298e+00 -5.326389170426399922e-01 -1.264334371298206694e+00
-4.845505268718921066e+00 6.006793827379653949e-01 9.321409840595419993e+00
-4.056540908614469920e+00 -2.068778517273270889e+00 6.772084195335343892e+00
-5.267654666308226652e+00 -9.937592722283890012e+00 -1.173124271437513322e+01
1.608380644491992584e+01 1.082906213905263870e+00 -2.006105099617789733e+01
6.755025479063267113e+00 4.109055431708304340e+00 -1.089234079385968723e+00
7.896184020927906388e+00 2.434677050572308765e+00 -9.459404232297158543e+00
4.750583386293122601e+00 -4.207663677890506548e+00 -3.013265321258176144e+00
1.265732610359678922e+01 4.119837781853879832e+00 3.825643682079168384e-01
2.114019823026237699e+00 4.118286175264035620e+00 -7.871864922834461709e+00
-7.645162386042979819e+00 -6.432479313325269565e+00 9.612949618728167778e+00
-6.226894393760852964e+00 -1.186434061441482868e+01 1.527055270531238795e+00
-6.973664370023652026e+00 -4.332910812113367705e+00 1.697334375233415926e+01
7.912581341627621612e+00 5.920674977101619163e+00 -1.909143940920515758e+00
3.253176888840174641e-01 -1.923779907239624221e+00 1.219585915489245309e+01
1.851237668553505467e+00 1.532507283350937755e+01 3.788049554234332872e-01
3.529416027555510205e+00 9.025325117075301273e-01 8.168013795664109011e+00
3.479788644242156614e+00 3.922099985220673268e+00 1.198642380783893069e+00
-8.805056951034530011e-01 5.154467820276198431e+00 1.896193638615497834e+00
4.574884216163217943e+00 1.820157784739976137e+00 3.747906272281433804e+00
-5.171088254896422320e+00 1.175360583779530010e+01 -3.532361805208142247e+00
-1.250431884784441827e+01 1.453395578357402185e+00 -1.217390608198254842e+00
-8.719247237048355359e+00 -7.420524908406044950e+00 -1.017921981949618804e+00
7.634524553056412088e+00 1.797412920667915914e+00 2.259744816390533817e+00
1.217144669551064373e+00 5.534811523273906353e+00 -7.723440836812611288e+00
-3.232516039694811383e+00 5.471651329284693333e+00 -1.141452431383488708e+01
4.292212268739039160e+00 -1.745363363580457161e+01 -3.714975210846418907e+00
5.553897177954493891e+00 2.494345178520513961e+00 6.518756798406316832e+00
5.990568047346028990e+00 1.181078630721855260e+00 -1.694480364246542026e+00
6.802956799028785362e+00 -4.681369045105905791e+00 3.031897602024088201e+00
6.149865686500946893e+00 -1.015957012291907269e+01 3.017791893463201092e+00
-7.066330521711504886e+00 -4.313562387724664937e+00 -4.951021884744728041e+00
-2.038750735428715988e+00 -2.794483565339976328e-01 7.364169379562367501e-01
-1.241775387716211476e+01 6.603959489127763094e-01 2.885975751465619243e+00
-6.303385345513272675e+00 -2.658105083488121245e+00 2.155720126676052395e+00
1.106034733689447869e+01 6.087373926183381023e+00 6.756320006946438639e+00
-1.105997703769454787e+01 -8.864054830420624143e+00 1.900955850519371770e+00
6.915653953651718311e+00 -6.449807586645798230e-01 -1.390374130283021481e+00
8.447957203600223508e+00 2.248439292395660871e+00 2.827861934432647217e-01
-1.348528561357380529e+00 -5.570388816624749495e+00 9.551565564343506010e-01
-4.733338815399791288e-01 3.970666143858451402e+00 3.128401432324268594e+00
-1.007841383472256425e+01 -7.702525366529203943e+00 -6.729231923035762231e-01
9.038812655766669479e+00 -4.985855275731646330e+00 8.129563836508234331e+00
2.966101556896195035e+00 -1.527575132242378342e-01 -1.360276997753197392e+01
-3.331536240350301714e+00 2.378702270093274507e+00 -1.207333530572330949e+00
1.212660638179159101e+01 4.785148408364064410e-01 -5.502425712927693446e+00
-1.029798486950682879e+00 -7.508337575714898460e-01 2.047273216451090949e+00
1.388194471526603024e+00 -1.828147812850526854e+00 3.134949573992712235e+00
-7.563882491791333429e+00 -6.681354443733645176e+00 6.865733614624716985e+00
-3.538388512768842364e+00 -9.260506109672070885e-01 -1.214239599220872812e+01
3.535695354224571041e+00 7.750570394144305375e+00 3.669383477236989766e+00
8.547392031511332533e+00 -2.177410541142398070e+00 2.154942673336102121e-01
-5.126896853895136275e+00 7.450046414968841679e-01 -4.722773457435144984e+00
1.991241771031867724e+00 -1.288977574407493520e+01 1.344213540114949312e+00
3.074747174401973648e+00 -6.853671015786455989e+00 -1.698078438597130591e+00
5.531438356505007370e+00 -1.089142267770554007e+01 1.310206573254562246e+00
-2.663288211372852654e+00 -3.596360812998272038e+00 -4.228611714949275679e+00
7.526517646070448819e+00 5.519876937080001156e+00 5.636844311911517913e+00
1.066983760289620520e+01 -5.955298655751081194e-01 -7.287942601654402885e+00
-8.946552029601637201e+00 3.900795338721509964e+00 -7.389430236727848822e+00
3.132428179919203526e+00 1.908543631309684230e+01 -3.290629886720191521e+00
-6.887555220372052034e+00 1.015653286675010492e+01 8.124647463820923177e-01
-6.451933790547278669e+00 2.717354664661385755e+00 -7.810546894103731042e+00
-2.212768728548779040e-01 -1.979911335351212642e+01 1.501314675052174696e-01
-3.007742989701410741e-01 8.106199315845133313e+00 -7.309597447304289730e+00
-1.509756990805674604e-01 -8.690222804526930744e+00 -1.169471925483392072e+00
6.916630085525747873e+00 5.532207121287734397e-01 4.976757252885598781e+00
-1.014219868830005700e+00 1.986429089945300763e+00 7.286950584045355506e-02
-7.513976328193229470e+00 -6.027077783024779034e-01 7.278009418390494645e+00
4.593743609995365240e+00 -1.023494407575248033e+01 -5.642352531694834195e-01
1.285073018110624243e+00 -2.239640803854805462e+00 3.114641813910123069e+00
8.031642183905487897e+00 -9.884453786639578965e+00 -1.409327623714186961e+00
1.600559219510303333e+00 -2.993811338975770342e-01 5.662756944812420201e+00
3.664573782175375882e+00 -5.012123720969007934e+00 4.039034453786113588e+00
9.923945147310250903e+00 8.314923284911090562e+00 -1.093739311515252943e+01
-4.336474985543871341e+00 -3.179922631627935536e-01 2.962733896699328628e+00
-4.923216988888650114e+00 -3.526669365741615714e+00 4.815463635876353066e-01
1.009670301674310977e+01 -1.079179888079821836e+01 -7.855615034714532818e+00
-5.298435571179101800e+00 -1.358445931845011501e+01 -6.833588603833007369e+00
-8.143108137500886912e+00 -1.260362618616533936e+01 -5.901357630456695702e+00
-6.279417264456799153e+00 -8.798781437630175395e-01 3.281979057020459889e-01
-2.479133873826749046e-01 2.546784726360307616e+00 2.287132842075552563e+00
3.727707761529770458e+00 -9.601669079094243386e+00 -5.548465378920622193e+00
8.750470722207021046e-01 -1.570312454806974678e+00 1.251591710181664929e+01
-1.408445587710604574e+00 4.434574697927978204e-01 -5.335834919598680059e+00
-2.497856676862056258e+00 -1.243664559071907583e+01 -2.527060747544926045e+00
-4.912258981075320108e+00 -5.358312596251871618e+00 7.621358963383675800e+00
2.493592152585461630e+00 -6.295163742154585407e+00 1.097449126761498839e+01
-4.137446440258108815e+00 -1.679921596006897033e+01 -8.166084646471726272e-01
1.588087697739164739e+01 6.370726603440405533e+00 3.295681719327826720e+00
1.233807558442453534e+01 -4.434394079832903124e+00 -4.144084354203271481e+00
-6.441325287778843389e+00 3.109010337443970595e+00 -5.617669985234033270e+00
-6.492969163739353178e+00 -2.891786638251380381e+00 1.319499345289767200e+00
-1.128216053509756200e+01 3.324850594744726884e+00 -1.818054023062690483e+00
-9.854858735366046618e-01 -6.431995266983852488e+00 -1.189127501667118381e+01
-9.803065982209782092e+00 7.101952000576268631e+00 -9.394233605620657457e+00
8.369863694120375897e+00 -2.101691923186132516e-01 4.231759954200229323e+00
4.671874261263145200e+00 4.485081675588059369e+00 -1.456389034942215666e-01
6.625890607733190052e+00 2.943670871992759008e-01 -2.499599605441222838e+00
7.565538821124509816e+00 6.942826257414683511e+00 5.556286811596548025e-01
-6.658647457095180577e+00 6.438061243185325466e+00 3.394450189931672579e+00
-1.622500860548514057e+00 5.123904392302671695e+00 1.122484972374690138e+01
1.019757105085340854e+01 5.528379963782170670e+00 -1.169860732642800905e+01
-4.398314305187770223e+00 4.410770047304828079e-02 -3.998352354226078376e+00
-8.559753189410631791e+00 5.538631743400276974e+00 1.129017294543017025e+00
-1.302546585388743683e+00 2.990811919905278504e+00 2.657749757005645197e+00
-2.103628707704882750e+00 5.304572833067023652e+00 -4.402295838103603920e+00
2.779863780417194619e+00 2.137310169255758896e-01 4.507091953520603766e+00
8.931453331228571102e+00 -1.660647360858322319e+00 -2.512250947261451373e+00
1.158432151298020713e-01 -9.875234996161953660e+00 1.690071928901302556e+01
-2.573273742123428409e+00 7.064628025258805621e+00 2.663745164372264274e+00
-4.948316164077533941e+00 -1.358475223053482672e+01 -3.557236558145994820e+00
-6.435970356384865809e+00 -1.549612581613265538e-01 -2.776271732469902109e-01
2.593288982175069979e+00 1.967457067884934130e+00 -1.681338272165012304e+00
-8.109812867745564091e+00 1.022934447262787927e+01 -3.129951680084484877e+00
1.179872859203490165e+00 -7.974970922282693664e-01 -2.220492357806915784e+00
7.946647397757864439e-01 8.145654730646509023e+00 -1.491194590175767942e+01
5.470052599978282970e+00 1.943945108435249258e+00 2.563133940830926605e+00
3.825916907594935967e+00 2.221641532543784603e+00 9.895644911926773091e+00
-2.845180170510671402e+00 7.223059422734281476e+00 4.442591908462951267e+00
-2.867872148919822006e+00 -7.861685134827973265e+00 1.578083749595796448e+00
-4.054496362294112366e+00 7.751840907405989078e+00 2.546118538812760027e-03
1.498919753366432239e+00 -1.229393531722188682e+00 1.104140783297673067e+01
1.796616439651407759e+01 7.826344845855302879e+00 -2.482021794844000873e+00
-2.103041834925921394e-01 1.145177463551303676e+00 -6.392565874839418738e-01
2.422598012945154089e+00 1.612873219807103187e+00 -9.525588312450663508e+00
4.224190667700083779e+00 -1.378131929286620228e+01 -6.401708861964982233e+00
3.693677327337121952e+00 -5.520032470756924603e+00 1.261994645311483421e+00
4.358176601950920492e+00 -1.642312275368175989e+01 9.347051736751891937e+00
1.060051535791427568e+01 1.231959157674001482e+01 -6.193272872826073083e+00
-1.774916434038168589e+01 2.879464817023777989e+00 1.031042990787998326e+00
3.663624083730094294e-01 7.290626856492417929e+00 -8.217061959108098890e+00
1.241828101531062245e+01 7.049064633895701926e-01 -3.373870900324804190e+00
1.860947675527043765e+00 -9.856744873253457939e+00 5.187643190515006886e+00
-5.946583597908918328e+00 -2.293602484686961152e+00 -1.436829696968230330e+01
-2.101774379905108958e+00 1.490543338856280320e+00 6.245577818775220003e+00
5.092731679876817630e+00 -6.340010548088735876e-01 4.663759246028537753e+00
2.101030756320784454e-01 8.560788171327811114e+00 1.481802187229736489e+01
5.428107458418744979e-01 -1.817986047563515895e+00 9.438589450628767086e-01
4.109974249435309979e+00 -5.276098301810183244e+00 1.143631713953267237e+00
-5.639267593883976026e+00 -4.819216626924485603e+00 4.547445444059065700e+00
6.370697426719338363e-01 1.254285271523025491e+00 -4.551680541707866290e+00
-1.213578386156276112e+00 -1.302609688308399249e+01 1.608251709968581267e+01
-8.665792384473757437e+00 -1.390458311932882296e+01 -7.076359360692268119e+00
-7.615773664717683467e+00 -3.253325371083447770e+00 -3.920255075309388104e+00
-6.237434757251108408e+00 -3.552027887864000810e+00 6.957629669212487045e+00
1.791188339948262875e+00 -7.756908729682943537e+00 -1.604024761267903720e+00
-1.329876382208590835e+00 1.055192160805570012e+01 7.874166713060622158e-02
-6.587195704832057963e+00 -1.001093474267277550e+01 -6.369038928050963833e+00
4.013970220018694413e+00 -1.109051450889676049e+00 4.329740032775427849e+00
2.569720726607219952e+00 5.208660582608011236e-01 7.425188649945906050e-02
4.217435926440853855e+00 1.494434441143073222e+01 5.681686459412660817e+00
6.189706326629393018e+00 -1.427467450088048651e+01 -5.821698022794855376e+00
-9.861336358891138465e-01 -5.487240260783543544e-01 1.001584687017199826e+01
-1.386766710531618818e+00 2.841803061612465431e+00 2.338348524884158230e+00
1.222986490574563767e+01 -8.807802493684567580e+00 7.991843550318213918e-01
1.049850602115304926e-01 3.749496043680972779e+00 1.300493730459685582e-01
-2.423347524568742806e+00 3.810253146709380312e-01 -7.544589477322131144e-01
-4.407496362787231448e+00 2.342445870914252604e-01 -1.113634437382232001e+00
6.179821793097923788e-01 4.208546493996059290e+00 4.847178282435480767e+00
6.316061694625486389e+00 2.022985183618348781e+00 1.040222956596760007e+01
-4.679159906812805581e+00 9.375005817430745125e+00 -3.703365471694607169e+00
5.198990226843980267e+00 -1.105851944035236123e+00 -4.929085931165782419e+00
3.185941176501148053e-01 -3.016490028765139719e+00 -2.675215087303773664e+00
-4.090545153621631513e+00 -1.770116286278694551e+00 -4.023535125209921404e+00
-6.908400692093961126e+00 -1.711308477215196433e+01 3.359484803359253924e+00
-1.156893708988125979e+01 -6.815311153294867808e+00 -2.268639055614735778e+00
6.308811666866458445e+00 8.083308244182701330e+00 -1.664299926385431005e+00
1.804699351753785930e+00 -4.279011800705136537e+00 4.405179818470654318e+00
1.212463880955568030e+01 3.634835202987604763e+00 1.332427085028820990e+01
5.451312239883754351e-01 -6.308521487612345213e-02 1.577624358569652774e+00
-9.293763590123567397e-02 2.342929571732859539e+00 3.307060608499790888e+00
-1.045315039831934101e+01 -2.006581273869184834e+00 5.769749156097406129e+00
3.009336595166228201e-01 -1.749630283814576304e+00 1.994840007177338892e+00
1.323169856715795945e+01 5.434614139325432802e+00 2.765590821777430097e+00
-1.551541800396762305e+01 5.175987468599630992e-01 8.825291374656961452e+00
-3.758555936174174050e+00 -8.624778576091951976e+00 -9.603481769422609560e+00
-1.458061632301958355e+01 4.607491001383414719e-01 2.859852297983804803e+00
3.904410283400761905e+00 1.394325312000358963e+01 1.835188857032093068e+01
-7.006439669445149399e+00 -1.872153496674759277e+00 3.823248142007792394e-01
6.906944470044253492e+00 1.766488683205552190e+00 5.092353353260585358e+00
-5.021639263952578425e+00 6.069518001256506423e+00 -1.087220945264357397e+01
2.536975999378863200e+00 -1.394515823184472403e+01 -1.371273490915152715e+00
-2.203809838522345910e+00 1.703366349424596038e+01 -5.118170304646424640e+00
-8.467103200528012241e-01 6.888464010059031750e+00 6.975741586182603093e+00
5.024736812579066125e+00 7.239902297396918485e+00 -5.394717338244044313e+00
-3.249486353054906296e+00 9.202452343850938021e+00 9.984510633204843444e+00
5.159089619820441008e+00 -9.846282733259283049e+00 1.567689280249799921e-01
-9.831273534588446106e-01 -1.990817366228431640e+00 -1.442818953503206458e+01
6.028317189625571615e-01 9.303340519816079013e-01 3.669537325570382258e+00
3.158450203131247580e+00 1.084919929890756807e+00 -2.331605133625478388e+00
-3.497851465739272303e-01 1.033331797818229481e+00 -3.221017738523019425e+00
8.353595577512551884e+00 -1.917706572966171086e+00 -9.468253651515968983e+00
4.607762768602958303e+00 7.385445390296929702e+00 -1.635152192124393444e+00
-2.618147963391977751e+00 2.440584572193578161e+00 2.520173032340807584e+00
-9.919706306895292869e-01 1.102357180502224132e+01 1.122159664782768074e+00
-6.371033868444352599e+00 5.993673588742659319e+00 -6.344030778275971727e+00
-2.157526322017758957e+00 -1.645065547432465580e+00 6.998623062229680336e+00
1.133436512524458539e+00 -1.548340533971307664e+00 -7.501962680795393190e+00
-4.559188399497777766e+00 -9.765914530877189748e+00 8.060831998969034018e+00
6.779895849204738312e+00 -7.163634695626496018e+00 -6.320090315513478885e+00
-8.949261886428097057e+00 4.239792895563207153e+00 -8.299436695183324275e-01
1.236680666720038602e+01 1.171879604188407198e+00 -6.669544556199902274e+00
1.426586559195909309e+01 -9.560986292869900538e+00 1.245249177526972595e+01
-3.696264084041261277e+00 1.399069196320208874e+01 -7.821623867082993620e+00
-4.036075204921174553e+00 8.468256517728960375e+00 -1.797371127918698974e+01
7.300118257486595930e+00 9.603922930594192831e-02 5.863070267563050386e+00
2.320307551176469474e+01 3.168095375105544065e+00 -6.279124642096552966e-01
5.770444067428424972e+00 -2.484474383859551327e+00 -2.572426602301125520e+00
-1.994728722787938668e+00 -9.746923564021425790e+00 6.887962761853666294e+00
8.684329145148071305e+00 -5.312002755903007412e+00 -2.063934512276886935e+01
8.777544480226115553e+00 -6.890670070891190768e+00 -9.748200846811664988e+00
2.050865353629541143e+00 -3.182412488996370081e-01 2.366821918426855120e+01
8.098713924536282249e+00 -1.150790315910603390e+01 -1.114180126502994472e+00
1.288477820453883638e+01 -2.789708151547099835e+00 -6.430529478523492770e+00
-4.592435728397290085e+00 2.102051900343956703e+01 -9.934457381002044229e-01
-5.903517333753119267e+00 4.580813153082629263e+00 -4.223061625305955857e+00
1.843697106470991898e+01 -3.861618277649372377e+00 -4.300465411499602375e+00
1.319651731170216635e+01 -1.516108209518400862e+00 1.087120936844744001e+01
5.843464539086784981e+00 1.042542289289803747e+00 9.752933629543825589e+00
4.417821299464894658e+00 -3.612024581875970863e+00 9.543468833127694007e-01
-4.270955503370978512e+00 9.428132830559856625e-01 3.017137298963971759e+00
6.855323438157618909e+00 4.522548149228827086e+00 -1.204529185859059659e+00
-1.504369139150159684e+00 -1.505036257296807278e+01 1.308412175420394785e+00
8.294729358309572476e+00 1.252187441344679009e+01 1.411612581847013548e+00
-6.871932690874325012e+00 -7.834235706667069365e+00 3.125286818094509922e+00
-8.605619608957306710e+00 5.749819570412321168e-01 -4.226242585070763447e+00
-1.125540469031587554e+00 -2.403700795160174764e+00 -3.556787412512218527e+00
-7.934988656539257335e+00 -1.113461263548371605e+01 4.535299077352020980e+00
-3.329372369990992730e+00 -6.238107044117948696e+00 1.801553833500316060e+00
-2.088282774416073462e+00 5.872802136736517298e+00 -2.448219322174414181e+00
-9.191400198575919944e+00 3.388122680532243081e+00 4.910863422923065436e+00
1.017062487607365640e+01 -3.769795459762555812e+00 -8.507367812624474501e-01
7.445966777869467812e+00 -5.575017043515394510e-01 7.645439864121985174e+00
-8.664334030865559200e+00 7.794508964354302627e+00 9.480750586442935557e+00
-9.721259926105997096e+00 3.556545029901384325e+00 -9.448702201546054225e-01
-4.572649907748604470e+00 1.022501858796849028e+01 -1.725292285230933254e-01
4.613764695241291847e+00 -3.488802075725887519e+00 1.244370605310465017e+01
1.574885498029193975e+01 2.953525573117960157e+00 7.116273274965545070e+00
-7.797281254479210055e+00 -5.639574467382078460e+00 -1.359729822246578479e+01
8.356727537540576733e+00 3.401407745530164117e+00 -1.288057285064582125e+01
1.244339337468713858e+01 3.979922274431318741e+00 -6.515314731287540795e+00
-7.541925616860761572e+00 -5.556198795957940639e+00 -1.366318305777275421e-01
9.968524746639896961e+00 -1.138639573369647273e+01 6.199439961134546095e+00
2.259134288962650317e+01 3.386626711858626404e+00 -7.546375808878432956e+00
5.081512588478528158e+00 -4.811506245490312361e-01 3.282726763328502328e-01
2.038033619821541187e+00 -8.394243544323494177e+00 -6.812210852043126152e+00
-9.910169369888880198e+00 -2.023292652240917811e+00 2.348140351697710404e+00
1.399450367187813349e+00 1.395377771298763570e+01 3.883053619256383371e+00
8.180578712784929429e-01 4.445931616302130074e+00 -5.569369298446296135e+00
-5.194195150297577612e+00 -5.190780326340970419e+00 9.395550560715454580e+00
-7.608561788347902421e+00 3.479789712774349120e+00 4.105042405737797218e+00
-8.382835676632817146e-01 -5.443853770242646384e+00 8.629114515690481824e+00
-2.788051814348365687e-01 3.488265948516458437e+00 8.259532748647796296e+00
-1.569109541466436220e+01 -1.038599850680067149e+01 -3.288552838817536905e+00
-3.131341601598130353e+00 -6.951099001012909007e+00 3.163397851352753865e-01
-2.054892672196986680e+01 -2.488175354506316328e+00 -4.135565664043577172e+00
-2.057474451260268289e+00 1.474902150069361184e+01 1.858736155491832687e+00
-1.099948686195696546e+01 -6.227791947715132892e+00 -9.070619596225979464e+00
-7.509476044564523001e+00 -1.152042799189009159e+01 3.155418570527687816e+00
-2.555145208042095550e+00 -4.959427480652202291e+00 -6.060589062033384877e+00
4.905206647526950015e+00 -7.076743433417917117e+00 9.158026997135085168e+00
-7.320142999633594272e+00 1.930614064086896287e+00 1.118930153623159107e+01
-2.958301390505138628e-01 -1.050117057287309752e+00 1.100489426337074050e+01
-2.086578879696956879e+00 1.313407497268990731e+01 4.610072731395821855e+00
3.003733305410040133e-01 5.280210169967474165e+00 1.825900125721177547e+00
-9.189671983270104150e+00 2.972770871929388825e+00 -6.069727794440040292e+00
1.290477896486994069e+00 4.522669427902428652e+00 -7.895610459132627490e+00
-4.976333321626717598e+00 5.281473442473406443e+00 -1.345708486747219723e+01
1.107116603732609050e+01 5.184682077105434495e+00 -1.222571759035761474e+01
3.101454546445087335e+00 5.991795059831532377e+00 2.125639874362719617e+00
-3.538855194316353536e+00 8.648447894760899146e+00 1.815052571465912479e+00
5.163087912613741892e+00 -1.201237334307390769e+00 1.598941441489808657e+00
-6.399346549449678179e+00 1.444014304127175130e+00 -1.192490858801372511e+00
-1.121370454932499428e+01 7.655425950150480219e+00 -6.034817465374171519e+00
1.599687592473533826e+01 -5.828836094676201895e+00 4.931659787597124200e+00
3.573505724600762878e+00 7.619113759257852836e-01 9.704222368858214764e+00
5.556182326907070923e-01 4.656481342017010583e+00 -4.388124604298157649e+00
-1.643708649360481999e+00 -1.491377525907907931e+01 -1.607997189780423142e+01
5.387615659733617779e-01 -5.053756544009488927e+00 1.361987060326458554e+01
-1.459636219988076888e+01 7.841670613129570810e+00 6.580096068454462710e+00
-1.073677301399936557e+00 9.284079701095064863e+00 -2.125667185733646353e-02
2.391917223532841419e+00 5.386531492839887747e+00 -3.514798787998088536e-01
8.276233887358708685e+00 1.764679971970839478e+00 -1.803112398700465580e+00
8.162560770744919925e-01 4.777663920759028793e-01 -5.185180173420907757e+00
-1.153866784065202822e+01 1.066510241206708010e+00 8.227190801529211228e+00
3.131439698627629109e-02 2.198613695730522899e+00 1.053033963597311162e+00
1.307047998080335782e+00 3.573117262099255065e+00 -1.422853259261906622e+01
-2.316467114309729514e+00 -5.466717184962022635e+00 -7.001010463121329686e+00
1.484822538040477813e+00 -1.289396727687152522e+00 5.554617925947041179e+00
-1.206824383222635788e+01 6.504742271730753478e-01 1.248575152945249833e+01
4.454417001810484500e+00 -1.258062172042221860e+01 -2.445497123649801097e+00
-5.064518162670428758e+00 1.008041492967569752e+01 2.095565671680698738e+00
2.830975578115773938e+00 1.309089066876772955e+00 5.500197043424035037e+00
-1.234043390404140439e+01 6.683988106193821110e-01 9.449012587827940735e+00
-1.503986396847947438e+00 3.102395544696580076e-01 7.309099362380124809e+00
-6.618377291555074038e+00 1.729591462396890833e+01 -2.509023961138854730e+00
-4.790697221415086915e+00 -1.667599612249945551e+01 3.303953213356552343e+00
-7.396422711125115512e+00 6.631565198358646995e+00 9.532761122583501390e+00
-1.273336758745982955e+01 7.870027561369280278e+00 6.616984505866497557e+00
5.060842504562272914e+00 8.269996191487308579e+00 -6.199112034505854574e+00
1.055858022533874241e+01 -3.264042297924237612e+00 3.423430283151794207e+00
3.318137759662653341e+00 1.660850185568741111e+01 -3.763732240872302626e+00
1.089280054645380780e+01 3.781654105752475736e+00 3.711612421070054069e-01
-8.068414571953860914e+00 5.356791565294540369e+00 -5.399954583052740453e+00
-7.087434277061344545e+00 3.150012454285796792e+00 -7.311761601766893826e+00
-1.229275166244283923e+01 8.674250900568852174e+00 -5.994257923050513526e+00
9.814619095191444487e+00 -2.615755578637982026e+00 4.654145700747791992e+00
-8.170714101264515250e+00 -7.735562168111361103e+00 -1.041444493339631627e+01
-1.367154864270397063e-01 -5.142402480499325357e+00 -6.696352948822986484e+00
2.406377740388927766e-01 -1.850161587998008450e+00 -5.442047447806968030e+00
-2.896469480235341454e+00 8.740048255224868612e+00 6.117056477245201407e+00
3.557018542869402555e+00 7.553800666943386588e+00 8.388679871717614756e-01
9.251788222431720499e+00 2.865399225183268284e-01 1.001693070968409494e+01
-6.932618603959753933e+00 -8.182637380454243825e+00 1.170096727906403089e+01
7.898455841788569742e+00 3.569511067496104140e+00 8.654648322966179919e+00
2.380647864772308608e+00 -5.865957631522315197e+00 -3.870973892254401250e+00
3.094172414262882587e+00 -2.435928986746780822e+00 -5.428301054641449852e+00
-1.492343642114176694e-01 2.640109553880183313e+00 6.531331752782033817e+00
7.484763502457693063e-01 1.011898079423285424e+01 7.290499078653700060e+00
1.407829600039889995e+00 1.889798713762402604e+00 -2.374734583939042132e+00
-2.240262144098610797e+00 3.330604796406733570e+00 8.050710107812509619e+00
-3.161384270363063020e+00 5.474647274409673692e+00 4.023331730008393947e+00
-7.956901675557940257e-01 8.091229384722053553e+00 1.107533374916324576e+01
4.028776792119659333e+00 -2.758341354693453429e+00 3.152514051023144859e+00
2.906216634830684153e+00 7.464868979050435449e+00 -7.806985306119316625e+00
-1.069105158590931559e+01 -1.100616150658272829e+01 1.681027294790861104e+00
3.573254032137490821e+00 -1.275455444805854821e+00 1.422276289689613371e+01
1.552834228434723585e+01 -6.327770211639133002e+00 9.702832182525416016e+00
-1.104377834505809375e+01 1.912813074492674792e+00 -8.695374246071441160e-01
4.899167617901828642e+00 -5.304012709537999193e+00 -1.535975499282796441e+01
-2.654970642057594254e+00 2.629380572857175746e+00 -2.091565309873377743e+00
-8.008601691600263806e+00 -1.875777876775651665e+00 5.343954318377357460e+00
-4.559560762377619092e+00 3.685669639569752576e+00 9.329836601047471589e+00
-8.216359710457425081e+00 -6.464237493448290905e+00 -5.959757459507709854e+00
8.322843997250622294e+00 4.290149129880698631e+00 -6.123419812968874609e+00
2.978875081750140374e+00 1.115650755859921439e+01 -1.417482394640156906e+00
-1.466968981410196093e+01 2.835831953273093564e+00 6.008158236103732897e+00
1.738796052702190842e+00 -1.863824974476388840e+00 -3.750778416407760218e+00
-1.216462782531591458e+00 7.961612668306164986e-01 -1.145697951122267355e+00
1.379860788195603938e+01 -1.094555467510429869e+00 -7.293778871584274626e+00
7.700944931035757612e+00 -7.956550786242271300e+00 -9.779566364181533800e+00
7.101903153138794167e+00 1.107986419338704565e+01 4.575306974657697978e+00
-4.495402330184826489e+00 8.394475891850435190e+00 2.664950985992141419e+00
3.282300312624339522e+00 -3.249236150869800444e+00 4.526051327451812156e+00
2.934369176157554993e+00 3.719769696084451294e+00 4.754039151588469458e+00
-5.995622425992514160e+00 -6.829082197383598007e+00 1.152927236050728865e+01
-1.324263212133671885e+01 8.232374164323207344e-01 1.959331766547985243e+00
-7.499456227358970217e+00 2.764622715563206157e+00 -1.485208846379982628e+00
-5.876610478013596151e+00 -5.126210930614887751e+00 1.566161698035582894e+01
7.757162686277895958e+00 1.311682874343864036e+01 1.323558392746688384e+01
7.172763403516310809e+00 5.741334178468068039e+00 -3.381794476429780122e-02
7.713634059841948387e-01 -3.950053842282749139e-01 2.932077407101730593e+00
-4.157454178859591565e+00 4.709947799360561516e-01 -7.654312034290061684e-01
9.021078965835231500e+00 1.221205904217071092e+00 -8.141937973970267972e-01
-1.003584801969514650e+01 -7.556056956659848112e+00 -8.306219164598548588e+00
-5.533391098168682909e+00 -6.735942126188582790e+00 3.143270470311220421e+00
-6.373476527947644854e+00 1.650330707640929973e+01 3.593075266913957400e+00
-1.713293917887236839e+00 -1.059304876013522900e+01 8.493576042498654388e+00
1.002348399011664171e+01 2.250740345788812213e+00 -2.606099799528621919e+00
1.203184534836103836e+01 1.109442765098509298e+01 -6.555168901750955790e+00
4.320357313224907903e-01 2.513662698955234198e+00 2.968881289461280382e+00
-6.374550060776339677e+00 -7.813071310269201319e+00 1.318949067055968349e+01
-1.884304939558448355e+00 -8.936962236028703210e-03 -5.851369585454411215e+00
-6.176243209490333896e+00 -1.314311564428724033e+01 5.371659474058410488e+00
-7.082605202346009543e-01 -4.725609306568145485e+00 -1.886654699926392509e-01
-2.092952367519609336e+00 -1.072170517119164757e+01 5.300198856077719789e+00
-1.008985896238420721e-01 -1.854850153690774439e+00 -3.698878273773394953e-01
1.030583696291868989e+01 -7.216868861846768901e+00 1.225028652452667677e+00
5.620107244371332023e+00 -5.123502195919652280e+00 -5.571589804816160729e+00
5.593034329694027917e+00 1.715387680490600086e+00 -3.060997532866422885e-02
2.855540204118586001e+00 2.256060443972423446e+00 1.402549046302782010e+01
4.172753069915561275e-01 1.755865027447745197e+00 -4.955815135731695520e+00
2.094051182245815657e+00 1.723439201912116303e+01 -1.363575845358398908e+01
-3.364157394484413883e-03 -2.201203257592331042e+00 -1.178234372738319635e+01
-1.317296489595443276e+01 -6.563871898133433191e+00 -1.651226515050103316e+00
4.865250290843782466e+00 -1.011251683460307937e+01 2.525694403447284575e+00
-3.481654922808377628e-02 -1.373019694078591080e+01 3.318392354550326662e+00
5.006390777173806761e+00 -9.239962707880976511e-01 1.867371681132363459e-01
6.166933904975993919e+00 1.053281934426279776e+01 2.921714729216983386e+00
8.992084953950875814e+00 1.765116360063821332e+01 -1.032091821815222232e+01
1.138481322880978697e+00 -9.493452989933521380e+00 2.168082053193344461e+00
4.522716468750282992e-01 4.543647213971857113e+00 -9.887878876237556014e+00
-3.099163639600343689e+00 -3.009911160323332169e+00 1.376195022626815323e+01
-2.000331119918307810e+00 8.228866978054483194e-02 5.449007495115250954e+00
-1.955333216573554633e+00 1.149632216714466004e+01 4.460096424270255433e+00
1.433744442201745573e+00 -3.909155218675149368e-01 -6.956437475008443450e-01
-1.650418105004907154e+00 -2.337589123762763954e+00 -9.563888917290104263e-01
-6.488467985816737560e+00 -1.529882394225445807e+01 8.438746141760116615e+00
2.875261660161727129e+00 5.626509017343752639e+00 1.035033777679470646e+01
-6.630828790091858771e+00 7.560769738028025877e+00 -1.191812772623606298e+00
7.817071037156545721e+00 9.458797639246691702e+00 -2.423159674424362642e+00
1.004512451387406990e+01 6.258651777842358932e+00 1.500431071318774023e+01
-7.335870980134936659e+00 4.280326530184555445e+00 -3.896128567604204118e+00
-6.992355294309235525e+00 7.284715815885052237e+00 -5.646937511476275873e+00
2.473815020647120999e+00 -2.202315522825334604e+00 -5.762089405578555423e-01
1.214433508962660557e+00 1.250309176415856038e+00 4.808700667906893322e+00
-5.881201452618522119e+00 -4.136709106964213123e-01 -6.160360876889485304e+00
7.935974482584990497e+00 1.051436659556059139e+00 6.120923095369193767e+00
-4.415685189221030704e+00 1.325082359826459566e+01 -1.135787167928012664e+01
-3.216118857410029896e+00 2.397841948825047531e+00 1.280701299203632004e+01
7.527704854760636444e+00 5.385392353534128596e-01 1.563062999041490375e+00
6.354532165941299660e+00 -2.932643287069329752e+00 3.756430063536488451e+00
1.119854012140708654e+01 -2.310196381216812700e+00 -3.575885595696183916e+00
-2.082819263042233082e+00 -2.132491723802297123e+00 -4.857935311009502932e+00
2.303032351932587929e+00 6.125097611119677765e+00 -2.016026577871145697e+00
7.859826586157245831e-01 -1.363492012261872333e+00 1.335065998223264327e-01
-1.637945422872934209e+00 -4.409747731830226947e+00 -1.069406005353635081e+01
9.642124517057800048e+00 2.971393533011317256e+00 -6.749540543489051636e+00
-1.443643291653346816e+00 3.027219844387508019e+00 2.229925602988874989e+00
1.457354272678199614e+01 9.548472757312117309e+00 -7.167602688974628045e-01
-6.164348938633263053e+00 3.709927024062579903e+00 8.758675146429776959e+00
3.553438280028367924e+00 -1.619395297073601725e+01 7.775397056107054006e+00
-6.825354039957105545e-01 3.296773783174573591e+00 4.827761556507042862e+00
6.551504261592405065e+00 6.945730546741742950e-01 -3.705593635999502311e+00
-5.085087714045841700e+00 5.946225446558695893e+00 -8.894685000525409890e+00
-1.346490952771864924e+00 -4.248542666846184090e+00 1.801205471966185812e+01
-1.668359817744741402e+00 -3.688385295955483478e+00 1.882525717488165284e+01
3.540303014814294880e+00 9.301338279715393176e-01 1.074855697491851103e+01
-9.089294577213943072e+00 -1.348436463056795764e+00 -2.197921214689480873e+00
-1.043132205265834500e+01 -1.292964034153066422e+01 -9.056261243031967112e+00
-3.412565375683879854e+00 1.125727760865278704e+01 -1.270076383960024424e+00
-2.724244365436375048e+00 -3.943243354076882146e-02 1.035140731071608577e+01
1.677650087297865245e+00 7.734841596293975385e-01 -2.338034437140285693e+00
-1.062817301384061963e+01 5.259914500904973700e+00 3.207109730224795285e+00
3.021376844142696694e+00 -1.185423244366050843e+00 -2.432209985699213206e+00
1.200952499198202084e+01 -1.169228127373104620e+01 8.347570319535218886e+00
1.162563454651658112e+00 -6.267714980576934103e+00 9.948449770487957089e-01
-3.810350153553785368e+00 -2.493813735631313033e+00 -1.980800379610276052e-01
2.402833204204052109e+00 5.073332117071089643e-03 1.774377236796615076e+00
3.763006703204023751e+00 2.729136230849340539e-01 -1.555936341544001289e+00
-1.969891712303590836e+00 4.261079846346498279e+00 -7.408984131399030948e-03
1.139297065009591492e+01 -5.652491569495567525e+00 -2.470935364403709311e+00
-1.245867210750703435e+01 6.482254844591627929e+00 2.008481435117245084e+00
1.218264784701418302e+00 2.871191070286528202e+00 -1.612155682407371504e+00
2.153883335621368023e+00 7.758859032555664115e+00 1.073108329430221630e+01
6.849464441200757703e-01 -1.167535953233173629e+01 2.913808113379923181e+00
3.902161500607919553e+00 4.006460456914206603e+00 -4.809164545507575994e+00
-2.869435562058456402e+00 -1.787520189660886660e-01 5.941745630215224949e+00
-2.303605225782176191e+00 -1.872669579991192323e+00 3.413887857421582073e+00
-5.169697116979739882e+00 -5.027011386970838380e+00 3.414632290676515414e+00
-2.709868876395790771e+00 4.641303276579329840e+00 1.155829149143673407e+00
6.885175759356138014e-01 -6.728409897306989684e+00 -1.432703548839457053e+00
-6.151066645826488433e+00 -1.312820100064210216e+01 -9.214940472663849746e+00
-9.085718325305845999e-01 -2.029193818539374750e+00 -2.800807214716333426e+00
4.123546641049439798e-01 4.015148668662390286e+00 1.126913321938407364e+01
-1.083905038778631713e+01 -1.165001240904483426e+00 -3.681818742741482353e+00
4.251250398784626405e+00 9.308933996441956182e+00 5.506224945780634705e+00
1.437292619024202978e+01 3.616703442858593132e+00 1.208201709831032566e+01
-4.405956055545008354e+00 -7.817594851788185473e-01 2.227967148419983445e+00
-1.480558577999763648e+00 -7.954720879529035393e+00 4.136370316131181279e-02
6.051607561977217387e+00 -1.573523365577832855e+01 8.625723321406068844e-02
7.830117419606152929e+00 -2.113164308363026045e+00 -8.400626881509072774e+00
-3.365553434310697423e+00 7.110332042632747651e+00 -1.065963472056323580e+00
-4.886520321044571347e+00 1.308623909299054056e+01 -9.834670805476800615e-01
-5.984377723108196712e+00 1.906581746954291390e+00 2.911060636090468723e+00
-1.286649885463436949e+00 6.183379273813797816e+00 -6.011985891849482011e-02
-1.036540265362951452e+01 -4.711949630469995043e+00 6.449168386029880295e+00
3.165139660082474382e+00 1.005214678781008075e+01 5.110829368180479726e+00
7.629407983231601520e+00 7.717908005033859986e+00 7.503275104561961228e+00
3.249443057806136625e+00 -1.863914400858148523e+00 -8.832708567824479218e+00
-7.966016121071203493e+00 5.421664367731611200e+00 -5.230127061517061193e+00
-1.548969440355551441e+01 3.464909024355346645e+00 -4.101301937079879778e+00
-4.626183750021567676e+00 1.554285816442996193e+01 -8.291566242533708220e+00
3.914168309045160221e+00 -2.847494133065411881e-01 8.128583237710460541e-01
8.923327542456744865e-01 -1.676950312592625503e+00 1.982765360170524849e+00
1.256792661052218385e+01 2.977408109503670186e+00 1.159039494619555910e+01
-5.631161116933089517e+00 4.605475176007089999e+00 -1.370186678010005465e+01
-1.378661487210195524e+01 8.005581187113108399e+00 -1.131129491038167245e+01
-3.088444222589818100e+00 1.209436592322248316e+01 1.230790725138363761e+01
5.269776913408080965e+00 -6.617385203495159018e+00 -7.680215886495264321e+00
4.373644138617279964e+00 -6.182771865519636201e+00 5.887999197067518509e+00
3.608423407503905445e+00 -2.737142514768661439e+00 -3.433034321022438107e+00
4.070015800431299458e-02 4.582143026886615900e+00 -8.673150724203330109e-01
-7.070442428433468152e+00 -9.450909885615384809e+00 1.405293871549897133e+01
5.490568207414196600e+00 -1.196084704736828463e+01 2.148797901698185520e+00
-1.321676734354915617e+00 -3.285692512296964352e-01 1.422579659245921890e+00
5.909115895453392220e+00 -2.046198677547813871e-01 -8.356055702809630503e+00
3.331751489176593584e+00 -6.492057866007749922e-01 1.637248615621441061e+01
-4.170407601680097831e-01 -1.228982849571008007e+00 -1.160523144073862056e+01
-3.682126249660250483e+00 -1.614724464228012080e+00 6.645891737233640129e+00
6.218481605884938368e+00 -6.605911171001509707e+00 4.643412948898031800e+00
4.720196718834289484e+00 3.287856860804453163e+00 -7.974489157473385603e+00
-1.677723323756021045e+01 -4.542120779773231476e+00 5.995679276829353199e+00
6.674052678126524363e+00 -1.139682348871454742e+01 8.109346274301410418e+00
-1.032234071366068484e+01 -2.721851436975075700e+00 1.480334226149630616e+00
-1.358646365144905843e+01 -1.274265750333716163e+01 8.085155569418908783e+00
-4.512728490040436746e+00 2.660981975217341144e+00 -1.437986746441671571e+01
2.817911879956277676e+00 -7.069362831457477014e+00 5.029291914244428341e+00
-8.490030178667453242e+00 -6.716237842841087158e+00 -3.511722438131181234e-01
1.200430964044388027e+01 -1.295353301162000825e+01 -4.342935003422494056e+00
-1.902022865124581585e+01 6.212807855835363879e-01 -5.419271708111836894e+00
8.072958813507110420e+00 -6.855981875693142769e+00 1.968556839115264356e+00
1.565407370340609949e+00 5.430316174972909415e+00 -5.836923189924988264e+00
1.057650441541668984e+00 -2.063521530228076273e+00 -2.550953098332425739e+01
-3.454867177748957463e+00 -1.163336921011190839e+01 1.861004088150752356e+00
-1.678642994687831846e+00 -5.363433627475751919e+00 -4.661247953991324522e+00
-8.911825714715343238e+00 3.521703712447109336e+00 -8.108161784045153198e+00
1.106219933425144752e+01 -9.510563852430135023e-01 -1.990693171896886771e+00
-5.335004804778547438e+00 -6.619556299909318042e+00 4.946107250877421535e+00
-6.084148592662731225e+00 -4.021630623909927316e+00 -1.229344130546369485e+01
-5.226128254445413290e+00 1.398135648202428527e+00 -6.943471198139479661e+00
2.484410216565024143e+00 -2.664637018052820938e+00 -2.715235551775477152e+00
-2.796968659266613422e+00 8.135449841790462600e+00 -1.864919936163736969e+00
-3.024161074181694442e+00 6.344126899392842134e+00 -9.103808351015020506e+00
-4.651741825457173185e+00 1.445914940917485580e+01 -6.228153470223878330e+00
-1.749893325972870617e+00 -4.940187497606853384e+00 2.424339216778944817e+00
-1.601496731275264196e+01 7.374627455100443818e+00 -8.709988110919377746e+00
2.555760421301274565e+00 -5.824656153786484047e+00 -2.173518199757316083e+00
-8.653243758910161176e+00 -1.260327812520209179e+01 -2.327097769898654800e+00
-1.043086751078547714e+01 -1.020450856081243640e-01 3.474311244119926201e+00
6.595191991144658594e+00 -7.494894529014270113e+00 -2.522782592121973089e+00
3.383616094259072060e+00 -4.261432076185893703e-01 1.109845289809491753e+01
-1.534284529881712933e+00 6.146510365950331511e+00 -1.223172919916212109e+01
-1.148714790964509547e+01 7.447219294914474430e-01 2.748966339278405169e+00
-7.656949302977202443e+00 -5.332784146578134710e+00 -5.659003281149780129e+00
3.385449515017305178e+00 1.499964880131173750e+01 1.032493958280527035e+00
4.521492746323555245e+00 3.071525844898750357e+00 5.555906060667926916e+00
-6.470870940465974108e+00 6.043255230179144455e+00 3.687560606087935788e+00
6.644695449500462869e-01 -4.500694787233917360e+00 -7.333067822870581232e+00
9.905877566476537055e+00 7.887934755175164403e-01 6.120153209942168493e-01
1.084153559350327534e+01 -4.048959637554230717e+00 -9.859696046400049596e+00
5.471368289482607672e+00 -3.300403861450889487e+00 -3.213865942101072903e-01
-8.328916031682805254e+00 6.850592333192309091e+00 -1.897593268803170696e+00
4.498055955769492797e+00 -6.626757153460841820e+00 -1.365036709604411647e-01
5.330269125986999867e+00 -4.382962634102078800e-03 3.035980957839115923e+00
-1.775752454383679568e+00 -1.041658798762978400e+00 -8.146804608478654952e-01
2.651974394692816706e+00 9.911502254256321365e+00 -1.064203091701214454e+01
-2.510915656206238022e+00 -4.333946942088990006e+00 -3.429989740671756326e+00
-5.652555047463019733e+00 5.807782596515629336e+00 7.438289938103024745e+00
-2.310004259229445633e+00 2.067115253630131377e+00 1.368329094978163185e-01
7.189003220567423469e+00 7.128792338116205940e+00 4.272997886879319474e+00
1.131771332063564550e+01 5.200528930780383696e+00 9.983926236215436845e+00
2.257310629164599902e+00 2.197946285841690106e-01 -4.976112494291153432e+00
-5.843821639306242766e+00 5.753940393162071398e-01 -1.013794659115166752e+01
7.789701741493709974e+00 1.192967337407405992e+01 -5.984844098958753911e+00
-1.246991890621869459e+01 3.037260702786556799e+00 2.485394386446036386e+00
-5.109136729744628624e+00 4.465236727586819221e+00 -3.283408106301636042e+00
2.286393353053763899e+00 6.239395092007796961e+00 1.081383975827189259e+00
-6.909945127222846928e+00 5.681916850278645015e+00 1.936199891782040083e+01
-7.529498386212966743e+00 3.742658292319438029e+00 1.071762455901855260e+00
1.044362518838184251e+01 -5.472252892303315797e+00 -1.200251698476963780e+00
4.153425285470192740e+00 3.836546242131199769e+00 -1.113697739119020547e+01
-1.560638125126987630e+00 -6.147007846611824533e+00 -1.203521859267656779e+01
-4.461144798978583736e+00 -5.154957531484443134e-01 -1.284893668516929921e+01
-8.070112588754067673e+00 -3.633878092080449207e+00 -8.134479915344797973e+00
-3.004939308955413502e+00 -6.825831597174707888e+00 -1.253936363127087361e+01
-6.154752226107803814e+00 9.222697567564670962e+00 9.914684456211606545e+00
7.924824037618137806e-01 2.553237232941172330e+00 -7.752383762111411114e-01
-1.415191486444444591e+00 4.923565722233906317e-01 1.387712086959144919e+01
-7.384002964945614700e+00 -9.528264138373083725e+00 -7.913206712927244979e+00
-1.300613176316631936e+01 7.975591803355907672e+00 1.315088507650845884e+01
-1.695063995470891482e+00 2.093804956070246970e+00 1.059462930200925079e+01
6.262867112115086066e+00 2.823214087377249548e+00 6.284558065204569388e+00
1.516852345943875946e+01 6.299163219831433125e+00 2.361205308536453273e+00
4.849980445087966885e-01 4.234803573190164983e+00 -3.323368905502341875e+00
8.490023741329228102e+00 -7.645397155470557315e+00 1.097482563557665003e+01
8.283528717684962572e+00 -2.695857644653428142e+00 1.176618853253320329e-01
-8.534191764209214881e+00 3.610526085292105947e+00 -5.865186669935535946e+00
-1.046006657558193353e+01 -1.118629006389062219e+01 1.287887088680342806e+01
4.266742884501058874e+00 3.875040854478341679e+00 7.229750190308044999e+00
-6.673162243764609869e-01 -5.864681198312089450e+00 -8.551983989654617702e+00
2.674926215240438498e-01 -4.704920927726376156e+00 1.442737746539669352e+00
-9.499944146340308038e+00 -1.439213968076614769e+01 -6.540895800993795639e-01
1.376530381528607805e+01 4.198547073320510137e+00 -2.235709573930385330e-01
-2.129643976815176032e+00 -1.039607842645922808e+01 1.026640811991028102e+01
-6.907536212686974153e+00 9.100660441348098928e+00 3.656476943112877631e+00
2.328675985554268912e+00 -1.403042039352021320e+01 3.185556367323148397e+00
6.120965729312051629e+00 4.827613778266353961e+00 6.150127739195748511e+00
7.818076484872784615e-01 8.967676693878674499e+00 -6.753566760597792040e+00
-8.243127458574639466e-01 8.357598664642807762e+00 7.058676048322235275e+00
1.864841720766687416e+01 3.703394895008658150e+00 5.767134293235225861e+00
3.166123139854056578e+00 -6.392601243085476170e+00 1.417144997545550567e+00
-1.459701920900923766e-01 1.826064179934623333e+00 -5.806994311778150841e-01
-9.305725988006631866e+00 -8.684627097640639448e+00 -3.773483134285317675e+00
4.605441994107817294e+00 8.371864565260130675e+00 -4.350267341327494819e+00
1.815080446835450223e+00 1.325120669853454836e-01 -9.602342543045576662e-01
-1.066149322099746577e+01 -2.210698942595092920e+00 1.282360217209577868e+01
5.633627800914374539e+00 3.921589563830291780e+00 -4.646017317862442653e+00
-4.474778276773871966e+00 -1.265196021160835960e+00 3.499780961365245857e-01
-2.136129499074215676e+00 8.591438898458783058e-01 6.621222305836638178e+00
-3.715153678046612118e+00 1.517027220019470235e+01 -1.480992731285863506e+01
-1.342693500073833368e+00 -1.939961808550531019e-01 -1.398805089108121402e+00
1.262783349069064087e+00 5.127975524668163310e+00 7.523904337303734202e+00
-2.969569830685372835e+00 2.892673557760685465e+00 -1.910664662208204634e+00
1.616249325209430765e+00 4.806278034588704173e+00 -3.445080288392508017e+00
8.017213185893538707e+00 -8.396606933078162527e+00 6.016304810846293982e+00
3.705884384878918580e-01 2.596688091051150948e+00 -1.207655017079386539e+01
1.435469112196227526e+00 1.611504024338737295e+01 -1.221946155779457222e+01
1.058598466925178272e+01 1.815671898536178330e-01 8.872175246088222167e+00
-2.226934380948138781e+00 1.377393836584248810e+01 1.384641179705822367e+01
-2.061035681942494091e-01 -7.052231225279252058e+00 -3.327089656844479659e+00
1.324365330923305217e+00 -6.759252286116076647e+00 -7.068195033286173157e+00
8.566933575107535503e+00 -4.048684510089763933e+00 -6.888830617764461373e+00
3.267215145009240373e+00 3.726701489041145177e+00 5.401873667954857350e-01
4.797471906313694134e+00 -2.744860822345172924e+00 6.355805090662539847e+00
2.597425301978562029e+00 6.521683419074926213e+00 1.050518178679241110e+01
3.904432059569509672e+00 -4.384815302097300749e-01 -1.747376078793335452e+00
-7.345072893026640237e+00 3.176030066454821110e+00 2.731303399777424090e+00
6.719084534286529298e+00 2.071601165953264267e+00 -1.027905147558371901e+01
7.109704426994466475e-01 -7.253465317955576364e-01 -6.009330482770048221e+00
-1.321988786977232699e+01 7.715188198931877572e+00 4.106463857324374800e+00
2.477310577962380744e+00 1.028317107280410170e+01 -3.695595261543456633e+00
-3.762447199626953509e+00 1.895810136456149264e+00 4.756804220314322151e+00
1.211306870844724060e+01 7.445700651113162927e+00 -2.112726245534414016e+00
3.015162585496278691e+00 -8.970290325698870859e+00 -1.463902203529074963e+00
-7.078533726373477997e+00 1.255483522536346319e+00 -1.661304526873912124e+01
2.676410982799139582e+00 2.426928774222086194e+00 -1.628020093961789483e+00
-7.777429474117392161e-02 4.523694705181992681e+00 -1.640894732189130512e+00
4.216918178638166204e+00 -9.157971268128906051e-01 1.199743336572304697e+00
8.505461064399256088e+00 5.080076902320012522e+00 1.475155100067406577e+00
1.612520933576649895e+01 -3.789692160996880332e+00 1.030101586708270789e+00
-2.646181350827051304e+00 1.339190894487498440e+01 -6.942871824448806350e+00
-9.455474134436938627e+00 -4.327801879501729787e-01 1.687790825596208411e+00
1.959733512480766660e+00 -7.646903823745760942e-01 6.604511974896636772e+00
6.476232320808821719e+00 -9.939886243541902644e+00 1.269253132136234363e+01
4.143916093554683933e+00 -5.367521038569735836e+00 6.609522020293280953e+00
1.462992445519052387e+00 -1.230883499731257835e+01 -1.169887403212142157e-01
-1.046652361599803294e-01 1.520871442884973224e+00 1.873295169632420265e+00
-2.652386725663387956e+00 1.037057091750345439e+00 3.270623539283610270e+00
-3.208189901820320600e+00 -3.288037585455128031e-01 2.237833700238430534e+00
4.907020140161224120e+00 -9.152990536264915544e-01 5.855793283380942071e+00
-7.538099490350112786e-02 6.493118819831225075e-01 5.756377127493104595e+00
6.778161777709769353e+00 -1.135686656421195906e+01 -2.500272262454919847e+00
-1.620097695206894528e+01 -1.279093046767081887e+01 5.984715315142770109e+00
-3.583541016602804330e+00 6.408575783160459782e-02 2.354386249817501664e+00
1.928747862171503158e+01 1.109871469266608290e+00 8.317629441284869474e-01
1.013568269524665588e+01 2.836569856451987892e+00 -2.522346511978848849e+00
9.020360210918379806e+00 2.104042550642693410e+00 7.865008798811873314e-01
1.287823290703413015e+01 2.572828675779266772e-01 3.416314531039889024e-01
-7.945114539482906579e+00 2.080793447337489255e+01 3.582247072435484347e-01
-1.293645386803162545e+01 4.754441162343854277e-01 3.205692478821115632e+00
-8.808721511701413931e+00 6.987058983446410743e+00 4.318726905137868499e+00
1.145038670132498382e+01 -4.845954812768079378e+00 5.622461999364997354e+00
2.437681827461541051e+00 -1.412511824123347282e+01 -3.154670466917888216e+00
-6.883331703806510049e+00 -5.024033853902966085e-01 -9.788564377245618786e+00
-4.634546176008011109e+00 -1.367057048639488670e+01 1.235907207144288478e+01
-3.581354469518068129e+00 3.655553270079038963e+00 2.140923392423725424e+00
5.013486010670865411e+00 7.934756223386435492e-01 -1.893638247289147358e+01
-4.492811722424890242e+00 -2.222933620291372758e+00 -2.081341483463842845e+00
-1.133185385398286016e+01 1.086749166706705516e+01 2.130077048104851212e+00
-4.584731265031726011e+00 -2.530990237272596755e+00 4.361105276122828833e+00
5.247995288896802002e+00 -1.839325843276749639e+00 9.540747245841001423e-01
2.618620164027029684e+00 -1.578200517856961227e+01 3.764655488390566407e-01
-2.352426283906726034e+00 -5.139094628265415965e-01 -7.608159143700698124e+00
-2.333320643559077201e+00 -2.483586544823700670e+00 -4.288602212370405731e+00
-1.215985544796236795e+01 -8.787388702357420200e+00 -1.257984098776935254e-02
-7.624229779128275375e-01 1.419681112631424647e+01 1.895059530192405806e+00
-8.390271416154302386e+00 -5.070159321111455064e+00 6.031593978015364677e+00
9.676884296885327474e-01 -6.167011427750623831e+00 -9.204572006574119669e+00
6.961447246772229036e+00 5.209699711355413321e+00 8.669523522292751139e+00
-7.254788412971994838e+00 1.392043381955699211e+01 -6.741331968095470861e-01
-5.068309629974939057e+00 1.658677255858944655e+00 1.114932419120857254e+01
1.085027615189175876e+01 6.344008436245976768e+00 7.881298841687521595e+00
-1.137409564473864876e+01 -4.953918899333189074e+00 1.456362771708420878e+00
-5.857283439713684814e+00 -4.845455342109109553e-01 1.549718829554022514e+00
1.125078645421815082e+01 6.473897053315093686e+00 -1.364052632350872685e+01
5.746479576503895625e-01 -1.786496079186050689e+00 7.551131555107367888e+00
7.607047881203113704e+00 -2.977183606119570669e+00 -8.864254638720778345e+00
7.105021715115240610e+00 1.463637578189137756e+01 -6.082752331645193244e+00
-6.652238433749583457e+00 -1.826056404314426951e+00 -1.187215355055309907e+01
4.487547454505496525e+00 -5.231242829311765208e-01 -4.251392979788440329e-01
2.222950504029104768e-01 -2.157802462737589799e+00 -6.180333449743597107e+00
-6.976124539868505003e+00 7.083329266887480991e+00 -1.431235963527278887e+00
-5.902312270058846622e+00 -1.170151238849071973e+01 -3.620954491249780638e+00
-5.455061248742467228e+00 -2.509354459069755627e+00 -2.390713524478162544e+00
1.337501811413931563e+01 -3.170522314211456028e+00 3.225174353066127542e-01
-4.018855277400500192e+00 -1.136715902986749960e+01 -3.597195961647169149e+00
-5.081903729892084165e+00 -4.318839960072181405e+00 4.733136269787852513e+00
1.773291766147503390e+00 1.773565257613114454e+01 2.076070656961040317e+00
-8.899308141873613076e-01 -5.365402263002801847e-02 3.959555534784072073e+00
-7.064694993771545306e+00 -1.092260582456226636e+01 -6.016614525029607918e+00
7.188903691575142529e-01 2.135623037031593174e+00 -1.110230001233288100e+01
2.155786086577401228e+00 -2.268261712520164952e+00 -3.693081876464306301e+00
1.554374334571169802e+00 -5.703173694622911682e-01 -1.478317874328458359e+01
8.646461269445412379e-01 1.636393369691830690e+00 -6.689946467121105300e+00
-1.663018833319334977e+00 1.573836543522307174e+01 5.310086316238849413e+00
3.835157866641672797e+00 5.623123390370060370e+00 3.189126542123603691e+00
-2.382299333302647426e+00 6.490013206028803161e+00 -1.239664141346351389e+00
-1.230513084095292253e+00 3.119065755953626340e+00 6.874627726265777561e+00
-4.790001156266654014e+00 -4.748456604302333517e+00 -8.420045496268945939e+00
-6.256352790724015733e+00 1.375299204409988540e+00 7.192260613657024848e+00
-4.209864748308099536e+00 -1.838671225747692262e+01 2.468360090692600206e+00
-7.881436997627919716e-01 1.395314507453088826e+00 -2.757130979996768261e+00
4.154800372633121519e+00 2.097216167295973488e+00 -7.607354038324994683e+00
-9.880023468774291828e+00 -1.343978638603615938e-01 -7.852771192036895442e+00
-1.793650851469437413e+01 3.944981589022420021e+00 -2.930899672356427565e+00
-1.031040129316446041e+01 -4.524843626939268226e+00 5.381005389352460089e-01
5.950303375329166755e+00 1.473465526400989667e+01 -2.319581320863572049e+00
-1.051449179209356721e+01 -1.622956313893007518e+01 6.032502350898742982e+00
1.152115619925410961e+01 2.205466097591413988e+00 -3.197477665556067272e+00
-4.039113257502527254e+00 3.406543451099597775e+00 -4.125512996080860972e+00
4.856699622361825286e-01 -3.633181747479441892e+00 1.290029459874286921e+01
1.066842912632742646e+01 8.325410858733542696e+00 3.542126301873932959e-01
3.700968938871952219e+00 7.248897819811255694e+00 -6.185051863963104246e+00
-4.912111316585063392e+00 7.571902634157078538e+00 -3.540062532551563890e-01
1.093858476876384778e+01 1.111663712322937947e+01 -6.108886804658181013e+00
-2.729974640127480701e+00 5.163061663117018085e+00 1.210692091865629427e+00
-1.089629340391337387e+01 1.012189963739989196e+01 5.926333175762466432e+00
-5.192389993774587653e-01 9.763684145693868999e+00 -4.811642702720684284e+00
-7.978482376478745586e+00 -1.642737946416139794e+00 -1.639663892130830636e+00
8.261594227486899200e+00 2.419375244587353091e+00 4.162066041540459338e+00
-3.933523488449072736e-01 -1.205798631987077130e+01 -1.056309402886380644e+00
-6.568530410296143707e+00 -3.847864820550304099e+00 -1.210265385001929817e+00
-8.121605117698333487e+00 4.846952594294396954e-01 -2.507617382840771736e+00
-5.885796415204863408e+00 -1.752225850611771829e+00 -4.191192897504709691e+00
-2.541590146748561541e+00 -3.280664112602497351e+00 1.722177538814267050e+00
-4.730323934605189073e+00 4.547337823185644723e+00 6.286494343085046177e-01
-1.248809919026208171e+01 9.923960315703489243e+00 9.554421406819100682e+00
1.299982041209149664e+01 1.044346907255449253e+01 -7.074687302205994399e+00
-6.825607068460061377e+00 -7.094841942143319535e-01 -7.533197133355914232e+00
1.124236913134943450e+01 1.041670984391383037e+01 1.142457633653335414e+00
-2.775216101921486711e+00 -4.015839786971458381e+00 -4.349318800307512944e+00
1.897433563483210683e+00 7.256525829308014153e+00 7.640506485286309157e+00
-1.706182443947578564e+00 -1.601599427791303931e+00 8.484952140026585710e+00
1.847024867480080657e+00 -3.839897387125778216e+00 5.878269994466879922e+00
-1.058116868508303554e+01 4.142880095310877309e+00 5.116773535812425777e+00
5.781665168895290030e+00 -6.344967254087982012e-01 -5.790815951295685826e-01
1.001085724953168921e+01 -5.896222676166440024e+00 5.423801634886395995e+00
4.051010074339677303e+00 -7.193209021160914318e+00 7.339291241679557487e-01
1.241141396169016531e+00 7.044720758679775763e+00 -9.873118681436594546e-01
-3.121204293083825299e+00 -3.597458897238243192e-01 -6.499327716619903939e+00
9.521564718550274975e+00 5.197504272465809372e+00 2.307118888112634547e+00
7.127844454945019947e+00 -5.717881327930688151e+00 7.595562437466433003e+00
1.444784377413698095e+01 -2.427236486704648755e+00 7.112954079109128358e+00
-4.819922781068173734e+00 9.156067908673682254e+00 9.537064313669409543e+00
3.567563439297360972e+00 1.444081384979714855e+01 6.854396654463329241e+00
-5.643629028218226651e-01 -1.737205889452663410e+00 1.239273061259300057e+01
-4.466531280703242679e+00 -5.403361159593145224e+00 -8.999017015913528539e-01
-1.111448415156012892e+00 -5.534213882966434461e+00 9.280271151586509504e+00
1.244327238902149091e+01 -3.810477532967269099e+00 -1.010128448541267154e+01
-7.263598247799245122e+00 5.736013596487420152e+00 2.785404590092235733e+00
4.471707971954665517e+00 -1.094013279281424822e+01 -1.554402327205757040e+01
-1.543502752028512059e+00 5.663584616748850165e-01 -4.073850585669295477e+00
5.002396343450715932e+00 2.430518333685554921e+00 -9.219416971254151605e+00
5.516197959652208382e+00 9.913181579414189315e+00 4.466104132900590606e+00
-8.705356027601364843e+00 1.108265415742723725e+01 9.889086730047395690e+00
-1.421786781658246213e+01 5.883605902332841309e-01 7.053307131665864205e+00
-6.424722010476655143e+00 -6.766442952422041524e-01 -7.161791529571442716e+00
2.193526040026656077e+00 -9.820990602828459259e+00 -3.791610722974024572e+00
9.456407099475652722e-02 -3.827052559441069590e+00 -3.263050306646474663e+00
-3.690918310242804257e+00 -3.760944193940033653e+00 -1.365533330392067768e+01
6.783439100925277465e+00 1.398804798457460086e+00 -6.846214529002571103e-01
7.807276339665376597e+00 -7.386345851094781700e+00 1.049248527516140150e+01
1.075040606585711433e+00 5.041655698781214667e+00 -2.160035698546636684e+00
2.626539127261596107e+00 4.480740480676406179e+00 2.555364758599879327e+00
-8.023173212343671423e+00 5.634225948164865994e-01 -3.875791337096708311e+00
2.177842565018341947e+00 6.014352477452921342e+00 -9.071831313054005363e+00
-3.265196980118963310e+00 -2.935169450983157735e-01 -3.121341472133625672e+00
-3.386902195111910263e+00 -1.904472138127984326e+00 -3.709649534637049495e+00
-4.135260423097125937e+00 1.412597995327460998e+00 2.179397814256899490e+00
-3.466067032084652055e+00 -8.595166469485073790e-01 -1.653671299472495360e+00
1.051601136312573104e+01 9.434587529402021389e+00 6.771108449936685147e+00
9.851364114052513443e+00 -8.385424791942121203e+00 -8.062889984841447699e+00
-1.074265659215832969e+01 -2.639421200899083608e-01 -1.250125823951201731e+01
2.383499360517279175e+00 8.737790083682854814e+00 -7.182416594143893995e+00
-1.008501111958622332e+01 -6.257329822130906827e+00 3.139963560808518572e-01
1.059682261723745711e+01 -8.907777902727994856e+00 2.296789152622634944e+00
4.014533898939718348e+00 4.915535249381519201e+00 -5.463009168385282166e+00
-3.281757000299951321e-01 -1.630087609725211095e+01 -2.228004181959111651e+00
-9.465030435970698264e-01 -1.753785834036398539e+00 1.614390713904320052e+01
3.274769967629649892e-01 3.445222017160709971e+00 -2.886508648422538403e+00
-1.070580019255461224e+01 -4.107248229407582940e+00 8.287881557888773898e+00
-7.355658764227557711e+00 7.733455581458924755e+00 3.538669545112421932e+00
-8.504134578780664810e+00 9.521810749737038559e-01 6.952953028021562787e+00
-6.749341453077443154e-01 6.057692051974268743e+00 -4.098960832147113820e+00
5.259854144570617507e+00 -7.470195898288059411e+00 2.208302373987876432e+00
-7.684979625139773063e+00 -1.995579194608250173e+00 8.844782899533022658e+00
4.290480554084772358e+00 -7.036687720554452241e+00 -2.570762615104026150e+00
3.132218506804289315e-02 1.756893130413616833e+00 -4.817088390599287173e+00
1.430633258579711020e+00 -1.376348122452456657e+01 4.355369275059440826e-01
-9.560656414298854600e+00 1.510705393354200865e+01 5.430156255640474328e+00
-4.486103858503253328e+00 -4.549606977343696457e+00 1.112148527715183199e+01
-1.096562926098938107e+01 5.437084952112813063e+00 1.070204018760379405e+01
9.552921424108395954e+00 1.189344762600538985e+01 4.995699539786472521e+00
3.916870604694628888e+00 2.107958722612349456e-01 1.400035866373670057e+00
1.360496879651555746e+00 5.085622925119158033e+00 -3.553768267562696703e+00
-4.381512198713817696e+00 -6.522130721547429566e+00 -4.074127076245701029e-01
-1.742091508705897240e+01 2.960497252941708957e-01 -1.776862582473806240e+00
-2.609479963738124297e+00 1.355952493697874317e+01 8.916576245211337293e-01
-3.540536960299587754e+00 7.159443749132790025e+00 -1.599517798090093756e-01
-1.738917997238953683e+00 8.911979800195062751e+00 -6.536463702251949393e+00
1.404013948970244563e+01 -1.509400827758331332e+01 -3.949471886337796445e+00
-1.913490562241972226e+00 7.488080672263516036e+00 1.119783882437853206e+00
-3.838568057853643634e+00 -9.693572880384619950e+00 1.114638706261912660e+01
-1.831315168727403631e+00 2.778011032374646749e+00 -4.341270460811422538e+00
-1.484201798669561922e+00 -1.840928405531349066e+00 4.492299182927954604e+00
-6.022705801904228551e+00 5.315093215957870099e-01 -4.735844896397426673e+00
1.243356766216055620e+00 -2.874944005651193457e+00 7.045383740350937174e+00
4.399712987459373892e+00 -5.260537377283876381e+00 6.474962057827043260e+00
1.285393952493700453e+01 -1.091270980684117831e+01 6.276279469263917221e+00
8.635036682900739891e+00 1.978200646452850320e+00 1.431941127917278234e+00
-2.746640075061247410e-01 2.775987240127161026e+00 -6.117021476983216743e+00
-5.611196109811477761e+00 2.840343715938732139e+00 -1.340802844219094681e+01
1.055265425116103373e+01 -1.786089623112005753e-01 -3.552351476621302684e+00
2.915537151728595955e+00 -1.421247483931886357e+01 -1.390102107686670863e+01
-2.549260565420039676e-02 -6.759739692050048987e+00 5.984119359974580110e-01
-7.915906024535649621e+00 2.260801347963163010e+00 1.936515028934719496e+01
1.345557132692885460e+01 1.579470110696117313e+00 9.126758441303291391e+00
3.328950744023613240e-01 -2.228294102969958779e+00 1.040870159494936154e+01
1.180804251510163549e+00 1.324985790337576130e+00 -5.048599603307642347e+00
1.388850959830343967e+01 -5.273737771106920214e+00 4.326126843925875320e+00
-1.185137340909026982e+01 -2.370556424519461469e+00 4.230237496342111214e+00
-1.490609550907866421e+01 -7.547355962332392920e+00 -6.544572413945235034e+00
-4.363734401778889271e+00 1.379196776871947172e+01 3.394274372085362312e+00
6.659526601795505485e+00 3.688717055854943805e+00 5.509736748453340383e+00
3.109109270744387032e+00 9.515817399252060049e-01 -1.682002361055053408e+00
-7.728745434046027540e+00 -8.225640351326870103e+00 -5.872017124091097884e+00
-3.025112920546086936e+00 1.206334322905707968e+00 -9.060796157027057873e+00
-2.391812851604321610e-01 -3.727313579041979796e-01 -2.546447805429281619e+00
-7.622970624757097191e+00 6.761655025830883403e+00 -4.851697884572951480e+00
-7.025803821848120911e+00 -3.743781589299974843e+00 1.718522295042297543e+01
2.372202302047076383e+00 -6.935336950197930506e+00 -2.992948480410920098e+00
1.537132235003282332e+00 -2.002213458024446879e+01 -1.483209796094672406e+00
-1.452663507527034348e+01 -5.414009201080345335e-01 1.504536689658489967e+00
-5.420882396596834241e+00 -3.394737808093825748e+00 -2.550565843386300546e+00
4.736710586709056869e+00 -3.813307683438180717e+00 6.701144640145875186e+00
-4.332035143995628168e+00 5.754569350938093741e+00 5.392139747255438209e+00
1.046913380146748906e+01 2.739990271097489494e+00 -9.643531051878930782e+00
8.755416858277838443e+00 -7.481320470677887968e+00 2.536973714904696475e+00
-9.288297954864175310e+00 1.298370761214262181e+01 3.185674479943797710e+00
1.913302661306752084e+00 6.065120670191519459e+00 6.089467829456718384e+00
9.853080047994572155e+00 -2.374460909498396610e+00 -6.230355144439585935e+00
-2.010748440775393941e+00 -6.861243095043351836e+00 -6.978800012102742478e+00
5.563357434867306495e+00 -3.538771145632896076e+00 -3.387937160903570888e+00
4.032930285447720031e+00 1.109521598361774686e+01 2.783659592133821192e+00
1.089938877365424474e+01 5.037094865901525331e+00 -1.888105120595257258e+00
2.514141959074243093e+00 -8.733895330413383729e-01 6.401538848989358321e+00
3.271729315931036552e+00 6.751072778862669210e+00 3.429002419504444815e-02
-9.334125881750026110e+00 -8.877929601788460134e-01 3.784824900126649183e+00
7.686502901380366737e+00 -1.057336155577673331e+01 -4.232578849105080643e+00
1.869674396039501474e+00 5.858783223316434530e+00 2.255657278135385191e+00
-3.434096844300114970e+00 -7.389900895660363567e+00 4.061450140156813937e+00
1.185624414524712122e+01 1.496268906895559248e+01 1.047878098360921717e+00
-1.503362861327767952e+01 -7.596116759006608099e+00 -5.685167178127773724e+00
-2.568666547994596705e+00 -5.051593696680311218e+00 -6.821277043210534075e+00
1.876488298246457687e+00 4.672654003610480777e-01 -2.813424003976629173e+00
-8.213817609525001506e-01 -3.995411273261290641e-01 -6.451523945463996101e-01
-1.925274645160225395e+00 -5.351470028990921168e-01 -4.489996396842659721e+00
-4.880800889091818640e-01 2.309894626469846113e-01 -1.363815602179768494e+00
-4.749957310501105034e+00 2.757911253643172689e+00 -3.665448852187676576e-01
3.624670467752110881e+00 4.991142847243949632e+00 7.311777316784059622e+00
6.355691976036045077e+00 -1.230262330567643891e+00 -2.827195849110076598e+00
2.235328319443047551e+00 2.674602463201248170e+00 -9.659989800341866939e+00
2.892267659100855592e+00 2.444498475901442536e+00 -9.517130630732793861e+00
4.865819664578231674e+00 8.518784812103374904e+00 5.526692358777018477e+00
-1.486602826858100102e+01 -1.119070055991525425e+00 -1.573727912195058920e+00
3.622932051852836149e-02 2.059124636379164652e+00 -3.806777548347174189e+00
5.043681492202995997e+00 -3.359316555012672456e+00 -1.034656855027093814e+00
-7.114720386003043018e+00 -9.199838839517584077e+00 -5.852193747952306735e-01
1.297073412456136765e+01 1.235594566235683445e+01 5.448457738834275865e+00
1.081099873266095690e+00 -4.678027266365194947e+00 5.878968658050689911e+00
-1.074939094411129403e+01 9.213094124830313092e+00 -8.809684823692655042e-01
1.487178971299909724e+00 -5.347194102105436997e+00 -2.132276256496242972e+00
-1.899995575213681898e+00 -1.534480312243124311e+00 4.115198078706458595e+00
-1.891542703537903236e+01 -8.028428126399207443e+00 9.656293661152628438e-01
1.365381252822015723e+00 -9.363145788082743337e+00 1.621840214706336436e+00
-1.033881962875426375e+01 -6.496007111703272940e+00 1.349687210911898028e+01
5.240388606299542396e+00 -4.323157574622085164e+00 1.019940683517505242e+01
4.548057786261691327e+00 -1.271876746433638072e-01 2.325518250006307852e+00
-1.632467300959908130e+01 -4.205101833857623816e+00 4.640605216800416599e+00
9.290384281591832050e+00 -1.940508433662765242e+01 1.103137483946707675e+01
7.547712711842139655e+00 -7.926973896968779520e+00 1.133402330242097023e+00
-7.176870298215138888e+00 -4.589643047017108124e+00 6.415093240122406115e+00
7.496688888169890319e+00 1.006806376532099456e+01 9.405228011560021528e+00
8.060488294241539009e+00 2.352863508439116291e+00 -1.200737167448841847e+00
1.636788318437577772e+01 1.097644155053294046e+00 -9.638765690690638266e+00
4.620834816163188030e+00 -2.392935004627608109e+00 -5.314417453673565134e-02
1.026217556872795633e+01 8.436453130600686023e+00 8.559649190475552061e+00
-1.606127708024006062e-01 -6.427597860366672577e+00 -3.850514299618138292e+00
-6.295111821029553134e+00 -3.632924137671523557e+00 8.265057963826656362e+00
2.761437744039411335e+00 -1.872500045150572723e-01 -3.351199187044933137e+00
5.447509283657444357e+00 -6.588905145437639277e+00 -1.858791667111116430e+00
1.221011017492000583e+01 -4.749115632887489724e+00 -3.299034526505857934e-01
-3.651244373979096292e+00 -7.849656377945849250e+00 2.267215085158862831e+00
7.154087759275269409e-01 -1.027154619040205885e+00 9.402558687390749625e+00
2.599607960289817665e+00 2.121833612272865377e-01 -1.019004734951796287e+01
2.112779504866745484e+00 -1.760402911602309217e+00 3.032822693691470395e-01
-1.403364907473470646e+00 7.495350463982323852e+00 -9.089696902821740920e+00
-5.362229623754695140e+00 -4.118217576196957275e+00 -6.178688806067732520e-01
-3.708953350909171665e+00 -3.296816549095185511e+00 3.138187791803503934e+00
2.567820679293189468e+00 -6.042410542452480549e+00 -9.517690650551556830e-01
-7.646203171216517269e+00 -5.461526896491044614e-01 1.076895077288900460e+01
-7.033784054721208712e+00 -7.187008237032301849e+00 -3.176470710184618351e+00
-5.206891768142821064e+00 3.296474518013914334e+00 -1.371094520524944294e+01
2.179157862216104746e+00 2.721593837944860095e+00 -1.064339966006938454e+01
-3.103079746293948560e-01 4.883630808044448379e+00 6.709642734277515785e+00
5.927091382058059521e-01 6.891632582760152559e+00 1.008496980092718154e+01
3.153940993339444443e+00 -7.168364026877431350e+00 -9.601087285408373972e+00
1.198476028652566139e-02 -7.600002332570968910e+00 -9.379642623357113962e+00
-5.478838345569836399e-01 -3.182352910107228094e+00 -1.425729047137710737e+01
7.362062972902617020e+00 -7.364292613431266510e+00 -5.855655622884754941e+00
-1.034596796517759643e+01 3.399091204100424424e+00 5.927336728179376735e+00
-8.505591866598846806e+00 -9.655537613359083338e+00 -1.554479574183447177e+00
1.057806950572090443e+01 3.777866513971178009e+00 5.478062924562648206e+00
-8.344579924811975857e+00 -2.028496587470462842e+01 -4.471091611356622586e+00
5.413326432896203855e+00 -8.166809004135545891e+00 -1.375934762917501963e+01
1.323789277132290554e+00 -1.370909825937849114e+01 1.269675860667166090e+00
-1.201972875095044557e+01 -6.558587214749954875e+00 -2.875388605682310583e+00
-1.293568378653492834e+00 4.130746850769853040e+00 -7.908636463032022945e+00
7.391519601511403081e+00 -9.232698257826175592e+00 1.105189820507179199e+01
-3.067447960033001131e+00 -4.158854801559870307e-01 3.755578747021214081e+00
-4.339750475411119801e+00 2.090138683725035751e+00 -7.852684404062079793e+00
8.661739968170557580e-01 1.120932508173105413e+00 -9.098648832672127096e-01
-7.170333632161681514e+00 4.476931393654078661e+00 -9.655817742963387573e+00
-9.863849629527823737e+00 -1.968929775804838522e+00 -1.418205237145646436e+01
1.612399577878414192e+01 -1.879631939327460088e+00 -2.602262467683378766e+00
4.327311407942291410e+00 1.298884439158355875e+01 3.846668933898236720e+00
1.036341979278726377e+01 -1.228334930699437599e+01 2.217563269129137815e+00
-3.135000173313876370e+00 1.452999796818462919e+00 -2.762613620716726448e+00
-5.866685377727771211e+00 -2.847286977782673478e+00 3.722964407491540673e+00
8.709000502621333517e-02 3.589131128866492659e+00 -9.736965811115817715e+00
-3.699706492966738369e-01 1.377039002095718701e+01 -3.698190415743086490e+00
7.909913220460799144e-01 -4.181987020072353012e+00 8.954900634343752941e+00
-4.011170902934930282e+00 -1.072500294893813377e+00 -2.703034363707446985e+00
-3.560899025992349642e+00 1.182126466483076754e+01 2.597240372019406163e+00
5.469242067982827749e+00 5.976169411117081331e+00 9.750064594176640398e+00
2.824758964557835039e+00 -1.466840114662946704e+01 -7.356417024463396181e+00
-9.123645823209459493e+00 -3.190117779460974301e+00 -4.810320863763016597e+00
-1.315630646218390254e+01 -4.333216415913397235e+00 4.473257047548011123e+00
5.514789826435615439e+00 -9.912908943889796598e-01 3.238601108597208178e+00
-8.919403087703514643e+00 8.063069955781726250e+00 -4.897142646796400212e-01
-2.748838787342513079e+00 -1.020193596434431527e+00 -4.110759500629876939e+00
-7.667222064820212957e+00 3.382486949286437117e+00 -4.545389284371332828e+00
1.128739094543308497e+01 -5.523159785955861878e+00 -3.209349425450321869e-01
-7.869163099167642450e+00 -1.508790449507979048e+01 -1.383069071956030172e+01
-1.034715082232803063e+01 -2.609773093891204487e-01 3.180405547648838538e-01
3.447102367965298342e+00 2.139069742514272843e+00 -6.606736789207952043e+00
-2.238493975268261327e+00 2.992360413757862769e+00 -2.745716617829963457e+00
-6.520698070377763944e-01 1.419815313057622541e+00 6.398781184763197238e+00
-8.649044235256303281e+00 -3.866339577087879231e+00 3.017850012921307279e+00
8.970114518236339762e+00 -3.194904641559968450e+00 1.215248358085826652e+00
7.798750875973898822e+00 2.388421690102875417e+00 1.145561361246999754e-01
-8.374387511227844527e+00 -1.055329131087403027e+01 -7.384335646924056640e+00
1.342954965968526482e+00 1.174073137006722156e+01 -7.398829308834945495e-01
-9.358394598055779667e+00 1.165963892831241822e+01 -3.086192133349974664e+00
1.528367117920693374e+01 -1.460518420154222285e+00 4.248441844927830502e+00
-7.148553166933682590e+00 8.136531948212153864e+00 -1.221015482748899927e+01
1.719659491868197887e-01 -1.084421294448898365e+01 -4.768808762415030600e+00
-1.008638163987249509e-01 -2.995813021242424767e+00 -3.780886129305397692e+00
-5.461530867752716567e+00 -4.124852058184274028e+00 7.434856258476769675e+00
-2.075498752895846177e+00 5.692000890716379935e+00 -1.739671706108025351e+00
-2.814580265963268157e+00 -4.711087701520122017e+00 4.471048088960868583e+00
9.328896372471301435e-01 -2.576033427077294657e+00 1.361299556057694815e+00
-4.289182556829935322e+00 -3.433625552026710270e+00 -1.219522447162567858e+01
5.199253087608039614e+00 1.187832403525819380e+01 7.086630382656357696e+00
-2.629575257417665068e-01 -3.146024354381570909e+00 -2.871566588741508941e+00
4.817442400275357417e-01 -1.690088254005727819e+01 6.958423292662043735e+00
4.906762593478766199e+00 1.838519045085986647e+01 4.839074209340296306e+00
-3.859523611766753515e+00 -1.521676417058577435e+01 -6.967964385902776669e+00
6.172112181048906798e+00 3.851674790315116614e-01 2.382342935244248672e+00
-2.006347946494519974e+00 -4.817645037318223800e+00 1.004184113694283376e+01
8.105004163464024636e-01 1.034114945592965285e+01 5.614438785954408928e+00
5.069221379847742348e+00 6.344759067911628136e+00 -6.345803929031194057e-01
-2.238087691829615533e+00 7.743663158601584939e+00 4.390133473368757144e+00
-2.244687586315223804e+00 -1.401842051257348487e+01 4.932138042200063133e+00
-6.340377189986035944e+00 -2.063800832735749324e-01 -9.999515090361136060e+00
1.285382054223447135e+01 1.924803232137541453e+00 1.151407278388565825e+00
-4.660608425092943818e+00 1.998203035235682989e+00 -9.313433485300356196e+00
-6.481695460503422268e+00 -2.316831010309526651e+00 -3.972888645099577509e+00
1.224723891146305199e+00 -1.692370765990136583e+00 6.449571042146926558e+00
-3.005032252496378509e-01 3.609362425166985577e+00 4.310106258201243712e+00
-2.869771379114571364e+00 3.114022804831533264e+00 5.624347973081147423e-01
-2.312317024507191121e+00 4.870597511997114992e+00 -7.754815487761186787e+00
-1.696465024037272284e+00 7.456853817444231147e+00 -1.164057245128703499e+01
-1.218297871666101528e+01 7.646002092873354528e+00 -1.062579613310518134e+01
5.142922200513314834e+00 -5.710612980226452695e-01 -6.324612233725358301e+00
3.949361274964620971e+00 4.625670318515024526e+00 1.555109013401196094e+01
6.064825140525730518e+00 1.771844841141877325e+01 -2.371031734267512459e+00
-4.196707520965747840e+00 -3.756914307227632310e+00 -1.421605953212615736e+00
2.020556384029897501e+01 -3.869015146549661832e+00 3.283710812342185204e+00
6.707215740549430372e+00 1.269120959135909565e+01 6.528629625611601650e-01
-1.618994137901852071e+01 8.270413188576252850e+00 -4.021219183695295740e+00
-1.813491751740189395e+00 -1.363168987177519398e+01 -1.128772496514704571e+00
-1.929771940937939467e+00 1.313594433710470355e+01 5.191240602676009397e-01
-7.109803501058362230e+00 1.598850926543085693e+00 -1.045424923220138247e+01
1.345724368801230497e+01 4.793116104276750278e+00 -1.291384787996337380e+00
1.943843438706981619e+00 1.203089654686120280e+00 -2.924800624644750879e+00
-7.421267831067320131e+00 3.306564968750489442e+00 -1.052037019177288180e+01
-3.231457974792988352e+00 4.505803588100493862e+00 4.746903305951786223e+00
4.732859668939354947e+00 4.410417611644993130e+00 7.867049611420910971e-01
6.593715224050011869e+00 -9.175314891156942210e+00 -8.080866146942682349e+00
-1.255928828606201364e+01 -6.865251396877042112e+00 -2.736223397309336391e+00
3.065007926048554765e+00 -2.364166475966876790e-01 -8.425069768061510533e-01
6.656988726897345110e+00 7.071603643257710736e+00 1.536136684950869524e+00
2.438075773130636836e+00 5.189451593320510092e+00 -4.925585922823835894e+00
-3.054141567239428978e-01 4.577254959481404484e+00 -1.511086950117145200e+01
-7.914962207309144127e+00 -6.545519880797473711e+00 2.318641473201165315e+00
5.754224726888534036e+00 8.883744785333835825e-02 1.049545822682635787e+01
-5.034291957967846898e+00 -4.960241190796961241e+00 -4.741447184748520671e-01
-2.280235630586109341e+00 -6.072174201541137961e+00 -1.807282098171098417e+00
3.224444182021759975e+00 4.096394462404110648e+00 -4.945201221406125391e+00
-1.731447865756962745e+00 9.157109771552978117e+00 -1.643404776002449807e+01
1.079452246299422669e+01 -2.243346111051336322e+01 -1.448892042613006303e+01
-6.324534257757865596e+00 -7.125217319350254819e+00 -5.303581158617096669e+00
-1.181252003147566576e+01 5.807288838926647934e+00 -5.287118876365460629e+00
-3.435598050069409992e-01 -6.416641817190878783e+00 1.689624815966944693e+00
6.881821673512168225e+00 5.753320413746288997e-01 8.242908709631722175e+00
7.551396306251173307e+00 -3.049967708682572276e+00 1.881637388568687541e+01
8.702794650088638284e-02 3.433021395037446855e+00 -9.978988342108053189e+00
5.028020593114189474e+00 5.937037228272330047e+00 6.609453946378785361e+00
-9.045164454174606794e-01 -1.364750328199099805e+01 2.472729391382353814e+00
-5.688220930553868904e+00 8.047429092610641987e+00 -3.204954028485885731e-01
6.238304916897989827e+00 1.491877238795463434e+01 -1.073640349821320505e+01
-7.300458227034537728e+00 9.850089457316030916e+00 -2.313402901023104530e+00
7.820874984574229138e+00 -3.537233050115649480e+00 6.118500020377939386e+00
-4.754694621280235900e+00 -6.615544362267883116e+00 -3.045614217994944806e+00
1.232969901303209959e+01 -7.312472872458761763e+00 -7.094244036468847270e+00
-1.443808650879071287e+01 -4.729120258533540344e+00 1.237018053596655953e+01
-2.287075058632254798e+00 6.479722737958448775e+00 1.875966778724470929e+00
-2.571111335360039885e+00 9.677386564640875211e-01 -7.348565282614774041e+00
-4.879045781150165850e-01 -2.979096877304596713e+00 6.145521369658061062e+00
-5.342117189984777248e+00 7.179147075997396321e+00 2.282886903842190840e+00
-8.442621496308296614e+00 -4.811286057170273800e+00 -1.738736577839663866e+01
-9.589762907043077877e-01 -4.273926845646855099e+00 -4.110780018513544576e+00
6.432123786723304981e-01 8.243550551305501628e+00 5.591883083617529282e-01
4.928518770766296520e+00 -9.470633565442774682e+00 -7.136836243706171423e+00
3.576643156987503236e+00 -9.396804220073878833e-02 -7.216568325961065788e+00
1.096201988057059928e+01 5.963499664506863418e+00 4.813659034501538869e+00
-8.168702326934623725e-01 -6.684912923779103622e+00 -3.165322114413952281e+00
4.234566287457615985e+00 -5.808720407914605310e+00 -4.558181652382604199e+00
-1.341812429642108739e+01 -2.840635112212751556e-01 2.843260256577216927e-01
-3.113570553859855927e+00 -3.459347902254671148e+00 7.901437896884938361e+00
-3.318840539464563033e+00 1.034789942108418614e+01 1.025123065986819704e+01
-3.805749796374673366e+00 -1.448449776059214500e+01 6.462228398876553648e+00
-8.619242472322026671e+00 -1.515967297334798580e+01 -4.788317381465354572e+00
-2.879148937132694375e+00 4.338456491370792811e+00 -1.028467700273608365e+01
-1.081387933643224386e+01 1.276648043901519536e+00 1.143683615446333945e+01
3.436404371202941288e+00 2.998820106860498935e+00 -1.111408605595628929e+00
1.013270273854812997e-01 9.218560013803019260e+00 -5.220579237701366893e+00
-1.003474381738088950e-01 6.504708218569097866e+00 3.904638058406605383e-01
-1.011539070851705135e+00 1.087572051602279721e+01 -6.429699983301722099e-01
2.022846561469017868e+00 -1.899294378687618234e+01 -2.135748276377173571e+00
-1.247352212332905808e+01 -1.278518465254945280e+00 2.643163193931099109e+00
4.676584572425628750e+00 1.023556403278285210e+01 5.759357774833575583e+00
1.941105157201820930e+01 1.339407692361992730e+01 -1.979361527382398789e+00
5.005774491026829587e+00 2.407034446396645877e-01 1.965116047556269840e-01
5.743003017040241076e+00 -1.228690030292469704e+00 9.313288534032212240e+00
1.402717514295822987e+01 -4.604127901339261975e+00 -2.958564071218789948e+00
3.963190385572044061e+00 -4.898828849469743507e-01 -1.042113186977871031e+01
-1.056167966871214858e+01 -9.328523587416853502e+00 3.568041566163044465e+00
-5.886426990183585950e+00 -2.438182269853876871e+00 7.077298572542547461e+00
-5.403719755101603184e+00 1.136880146874847730e+00 -1.058244825805707912e+01
-4.049292463793458197e+00 4.939740623723706259e-01 -2.972047271900308374e+00
4.513544055917712683e+00 -4.910064626009642552e+00 2.090957911630457744e+00
1.081820605226927690e+01 1.940055910243098980e+00 2.610452959345745505e+00
-4.980759789118083702e+00 2.500353607826927949e+00 -1.980362611153623220e+00
-8.200933042780839344e+00 1.044259218073706563e+01 1.036793896837449580e+01
4.349435127286045422e+00 6.252648691162550953e+00 4.733878282622246303e+00
2.196168810792321402e+00 1.090105570471777874e+01 -2.632045327843116844e+00
-3.306240473168827521e+00 1.259995437117264139e+00 -5.767559736897559297e+00
1.954624712522810670e+00 -1.096682142045676045e+00 -5.704936231226925614e+00
-3.691809008116121671e+00 6.405842664794470842e+00 1.166605928833851102e+01
-1.433793034161601199e+01 -8.858088225883056666e+00 -1.074916820995811051e+01
6.388148346822531742e+00 5.677202280871516571e+00 6.822911196352932084e-01
-1.381725061829696344e+00 -1.004875005010261368e+01 2.127434397886917683e+00
5.520093736944182983e-02 -1.264875836634394179e+00 2.878602230155690833e+00
-7.341103008935734309e+00 -3.325293699776274536e+00 -1.125237728942867221e+00
4.656746750786001421e+00 -9.855891549581707878e+00 -9.564339162123577154e+00
-1.020705920197759298e+01 -4.264293100434003669e+00 2.633247805696112831e+00
5.100273259655071278e+00 -1.078066445365401016e+01 -3.869346626986914228e-01
-6.015777988293623535e-01 4.396227078585934755e+00 2.262590162827715190e+00
2.264119197086307711e+00 2.351497446937564906e+00 7.653324474183415660e+00
-1.590843685811583752e+00 -9.466730339711002529e+00 4.113235669770157976e+00
-3.396539373101973514e+00 -4.626983202892166247e+00 -7.194310960485968964e-01
-4.031942025901965820e+00 9.177041523751729102e+00 -3.101136993587670698e+00
5.549806270105654527e+00 -5.962873113561396821e+00 -4.577115638336855419e+00
1.691106701550530556e+00 8.441061514404932353e+00 6.928328180341391196e+00
4.327583624467841616e+00 -6.618780521078489798e+00 -9.604648616769321023e+00
8.307762060598083309e+00 -5.311456912880569980e+00 -9.186849718699120260e+00
-1.427462641172762448e+00 -3.837041667848784421e+00 4.711905077836860301e+00
-9.338884600340817244e+00 4.049537417759349056e-01 -5.040921300034508334e+00
9.490074986554217773e+00 9.748436460435025985e-01 8.038159214355835580e-01
-1.071686299587315183e+01 -6.678911078214797570e+00 -1.138638446109181634e+00
-4.415869056898094058e+00 1.195468516086034505e+01 -1.477463216936112822e+00
2.421192908935418053e+00 1.786516439971616022e-01 -3.565013902142350616e-02
-1.434307143986681510e+01 -7.922361945199125621e+00 -3.000516139437463536e+00
7.142484632206222095e+00 -5.031495177573828137e+00 7.936605725152254820e+00
-2.552720296382974485e+00 -9.821722155202937898e+00 -9.333047315670007782e-01
-1.315166809850414609e+01 9.366932868337853435e+00 8.148057986133377284e+00
4.566537091635517243e+00 2.529989816764612875e+00 -7.888184244357134833e-01
5.112378030723554012e+00 1.246262005012709473e+01 -1.001419904076992662e+00
-2.374658684208613924e+00 6.147994028814119938e-01 5.184847840623500126e+00
9.029508092765773597e+00 -7.229633983018499244e+00 3.818040268544255600e+00
-1.779796108008267375e+00 1.737017184194198857e-02 6.686352979598749968e+00
-3.640133557114432428e+00 1.553085121820911318e+01 2.434423918767612438e+00
4.427398460178416428e+00 8.900216364777632450e+00 1.001250409801211738e+01
-2.323148459022716938e+00 1.528675356880503244e+01 -4.063021427517458761e+00
1.828224862186505817e+01 2.416764263770485144e+00 -8.704098310700814078e-01
9.846460990816336079e+00 3.672480870735314262e+00 -1.328972531932895507e+01
-4.804977162985753836e+00 -3.432944181113268822e+00 7.605141156426628690e+00
2.284693223111434968e+00 5.394016898674754756e+00 -1.844583235890361772e+00
-2.747037453964607412e+00 4.984855520211349145e+00 1.481844509200656690e+00
6.006641715973623619e+00 7.271511962464160206e+00 -7.035772331551739533e+00
-2.052747780936086119e+00 4.489485953893482595e+00 5.747750369027938788e+00
1.678213431864574723e-01 -2.453204805851628922e+00 6.824298687292945864e+00
1.833857542971887300e+00 -8.898089686660666686e+00 1.493616308000561332e+01
-1.374989732105429496e+01 -7.969618349197943985e+00 1.896047006740695151e+00
-8.284471526285597243e-01 7.990474637332345420e-02 -3.343058962311959537e+00
6.028040542666716073e-01 5.164130700652131978e+00 8.785302934707468481e+00
-8.941370973356622898e+00 -3.793197616109769132e+00 -7.221748251708203448e+00
6.877122629553979571e+00 -6.232267997529985060e+00 -2.491041058637081473e+00
-1.294317357492734022e+00 2.413525351999929569e+00 -6.440555448528524352e+00
-1.538285413215198849e+00 -1.266390880594260304e+00 -2.680298362459939465e+00
-3.227503215469580855e+00 -2.355234494219585084e+00 -8.711256531265215486e+00
-7.677894285967305166e+00 5.693783000771515113e+00 3.716068520808046838e+00
4.151924465445884671e+00 -1.250143162340786374e+00 1.876778000366342347e+00
1.491731359669431489e-01 3.377154645178131354e+00 -1.965806259412749446e+00
1.046559885468255224e+01 1.050616669360764632e+01 1.932973010329601227e+00
8.228009695496600884e+00 -7.773913599624520110e+00 1.238578179875185814e+00
-1.071716349770394094e+00 9.143579160221536384e+00 6.257826560850514142e+00
-9.644020723844588971e+00 5.562320944510340759e+00 1.210854235989918770e+01
1.300769786905244807e+00 4.225512999546815252e+00 6.027981561025808510e+00
4.920512912948054485e+00 -5.250549520523784430e+00 -8.055827355421286695e-01
-6.353641258197148645e+00 -1.318605749032423091e+01 5.666212425558457610e+00
2.233248609089885317e+00 2.091985950812343287e+00 1.118000432032563829e+00
8.284771486825153630e+00 3.830037009128210990e+00 -1.148563769433915560e+01
-7.816533831149675038e+00 6.919599509324660502e+00 -8.932080875336417591e+00
8.293539823840866410e-01 -8.188936949549907141e+00 -1.584289855053430396e-01
-2.099449680627266090e+01 3.578615090685899336e+00 4.258708951080218519e+00
1.016707697250537201e+01 -3.142332904317935771e+00 5.747502346319476318e-01
-3.820408711844340832e+00 -3.486178600877368972e+00 1.770305231996597684e+01
-3.098450380954559602e+00 -1.344509710331780106e+01 -2.225906335975176020e+01
7.126793500684406091e+00 -5.679394629839568331e+00 -4.581866926321318978e+00
-3.346852141075740139e+00 9.529995053305096775e+00 8.284416819017388356e-01
1.295022690380613106e+01 1.825309663955080874e-01 6.807849071814160880e+00
3.704825153444967878e+00 -6.699006490064544073e-01 -1.426551557123957537e+00
-7.283426693644642569e+00 4.579815871583380549e+00 -5.069552694858112218e+00
-2.254005414925797091e+00 -1.558090467216817654e+00 -4.968050416174631501e+00
-2.933881170202135014e+00 -4.001029115663840230e+00 -8.079511521335374979e+00
5.354328142151382863e+00 4.020451497904936389e+00 5.096206095619833398e+00
1.343119467343795614e+00 -8.198220409223125671e+00 5.562449997529120616e+00
-3.814062913678663680e+00 -3.665315644928380134e+00 -1.577469571549393379e+00
8.185947322462665099e+00 -7.388848199764334268e+00 1.242946516950154123e+00
7.170291826236705468e+00 9.175813040310752955e-01 2.804104146925219254e+00
-2.258281456160162293e+00 -1.803174430208168477e+00 -4.307564420580880515e+00
-1.377034267742854035e-01 1.770999772229043367e+00 1.299358949810762498e+00
4.171838110908414166e+00 3.201335082427357204e+00 1.453275634114099990e+00
-9.912611454833282210e-01 -5.648621773050301442e+00 -2.097949808658896853e-01
3.094821834018366857e+00 -2.144322109059484838e+00 1.240284685799394637e+01
-6.128131356214940872e-01 -9.247389928177578433e-01 1.105196827278298821e+00
7.072657540278457056e+00 -1.009944200406128312e+00 -9.419644165884081488e+00
1.839579067463586792e+00 -1.885186056469585836e+01 4.902409024877917076e+00
-8.132585126421433941e+00 -1.485213982983642644e+01 8.812018042072834234e+00
-7.924333923568891436e+00 -1.689888267113382980e+01 1.088022108138239830e+01
3.599007438334320685e-01 -6.977178177146804217e+00 -8.238102440016813688e+00
-7.635536238539257781e+00 -6.470338718023239899e+00 -1.044194046239361917e+01
2.257739321908095231e+00 3.576423714995526026e+00 -1.113497324211517636e+01
-6.379859986246840364e+00 -6.666614477508870928e-01 -1.325824199767353839e+01
3.469759764812263114e+00 -6.293220868866073126e+00 1.021351283023506618e+01
1.752839810807357013e-01 1.186374799948436909e+01 -1.883628279061891009e+00
-9.444277861336747293e+00 -1.348968347113399702e+01 1.562517157791952549e+00
-3.934615652239084937e+00 5.889886195208273278e+00 4.113096873425889477e+00
5.084751981543057298e+00 -1.964215998425657417e-01 7.004648496362495536e-01
-1.845508458807757712e+00 9.900487276074692033e+00 -4.864868400091414968e-01
8.849153041714963308e+00 1.529346149721726722e-01 1.546827584359944607e+00
-1.345507509882154507e+00 -1.825974821653407076e+00 1.072008265725914677e+00
4.573603000516223815e+00 3.787389574188410268e+00 4.984047646827348466e+00
4.243678137856830568e-01 3.399721850740674012e-01 8.206386812396586627e-01
1.048271563082957591e+01 2.396769317460958781e+00 -7.450801195503937713e+00
4.535632830197781074e-01 -9.243315468378426658e+00 4.866119794741439186e+00
6.569251254905437598e+00 1.438727142656864411e+00 -8.218294906859901161e+00
4.464970108277558580e+00 -2.216194624314694828e+00 1.059690270954459201e+01
5.397918980302195413e-01 -4.755634520514761654e+00 2.798743440986519282e+00
-4.220899931247785730e-01 -1.016926069614294903e+01 -6.480363663142405528e+00
9.099837828869146605e+00 1.370105464047561483e+01 3.690578999337379429e+00
6.533472117809513868e+00 -4.417282303171965019e+00 9.212231588973981644e+00
-3.815744346857464109e+00 -3.325174790792390311e+00 -7.527499888671000505e+00
5.625492620444582093e-01 6.603782851272166354e-01 -1.238586638590640732e+01
-3.991058898439946656e+00 6.464302648532004092e+00 -3.379004244599634443e+00
-1.257021452598625411e+00 4.574743098705724265e+00 -1.352368323348149159e+00
6.960021579877561093e-01 1.500097551690102549e+01 -5.056087016149968250e+00
-1.055561777392017042e+01 1.358562039670254906e+00 7.182710811397720718e+00
1.271262791197219322e+01 -1.071828961129125801e+01 -2.688135247079515455e+00
-1.162760502314917410e+01 -6.207521249811974506e+00 -2.182278287929876992e+00
7.916463689146130633e+00 -4.251347241501602703e+00 -7.431745236806018617e+00
4.845900021435156191e+00 -7.083861272607019366e+00 -4.645172288224097557e+00
-5.417201278675845000e-01 6.444119793280691511e+00 -2.251696995013122926e+00
9.972321435136807466e+00 -3.392023611931001881e+00 -1.233029108556709907e+01
-1.886791213117217580e+01 1.020696368339254612e+01 9.376186552437864918e+00
-7.663378032649426963e+00 2.480564595060305688e+00 -2.961289971799584197e+00
-6.310693118778445410e+00 3.597205326589561825e+00 -2.865568019781955300e+00
-9.398522473142246980e+00 8.623150278960796555e+00 4.076947022054415448e-02
-1.340217632994477270e+01 -3.947268742308242206e+00 5.508558198983051213e+00
-1.913753009360041002e+00 1.087960504307891085e+01 6.915910859904480290e+00
4.884321906622660414e+00 -6.596115523087258126e+00 -3.299568662199911628e+00
-1.003117244996585455e+01 6.795261049539567999e+00 9.116841935973335254e+00
-4.797266149591011275e-01 -7.874674465077781349e+00 3.304312115951151263e+00
-2.465587616287010064e+00 -1.240001582434201843e+01 -4.330185932350340217e+00
2.765546343198018509e+00 -4.185249426368089054e+00 5.447799666973270227e+00
2.228692813984926691e+00 5.398250681616711510e+00 5.499497006270721855e-02
6.531893507308023317e+00 1.275016377776477405e+01 -1.639025471272599566e+00
1.292348191764710208e+01 -9.210686358029636978e+00 8.163615216007045206e+00
1.319234432037719351e+01 3.806465703740530948e+00 -1.149443810339362493e+01
5.551834024234997500e+00 3.994089624547768835e+00 -4.431278332478074233e+00
-8.725991717981102624e+00 -1.344450207170066314e+01 3.941009680945985139e+00
6.276396531520912703e+00 7.113067709091277280e+00 3.746884428592585969e+00
-9.906300250766933990e-01 -7.325212905380049655e+00 -6.117175625316208176e+00
4.883090741098393472e+00 2.842491096639542469e+00 -5.446297016760104803e+00
-1.399295821588396471e+01 1.754819988750010440e+00 -1.269350720837543633e+00
-1.229093351688114666e+01 1.947780056158912698e+00 -1.847940361969317546e+00
4.729835956227718796e+00 -3.863883585772835971e+00 7.057975058322750739e-01
5.875487877302952633e+00 5.718607388802365854e-01 1.108928680431763708e-01
-1.804070754730396331e+01 -3.050306810690941894e+00 -4.126766074072729218e+00
-1.131291160755584890e+01 6.451552843812410565e+00 -9.044986377443729353e+00
-7.428511546565712997e+00 5.763540245179608057e+00 1.499140752105628582e+00
8.891989514375081782e+00 -3.244284256444754710e+00 2.864856393030902115e+00
-6.649864199896258654e+00 -1.043093543315521288e+01 1.117816543281762698e+01
6.170949756188616853e+00 3.885193526311360390e+00 1.754832585617888796e+00
-1.378191995036786821e+01 8.273881213538432533e+00 -2.132001016199171151e+00
-6.855207827648432742e-03 -6.345096153836501385e-01 7.915153101897451471e+00
-8.739563783470352121e+00 -2.702455649910987301e+00 1.087137156038589225e+01
-1.791936022623523472e+00 1.182972429876644327e+01 -3.983163788740340383e+00
2.178249508311368210e+00 -6.852454715269966634e+00 4.451007178732080405e+00
9.286161039574233556e+00 6.477748652255232997e+00 3.157046699490723363e+00
-5.376512936260847475e+00 -6.131657343615130706e+00 6.143732536637129371e+00
-4.119382220461860200e+00 3.519048299356046794e+00 -3.995920927406282797e+00
6.170461661976879952e+00 -4.027802335049463500e-01 -5.140522047874689360e-01
1.070376140089539518e+00 -3.928444651418867117e+00 4.089642245621639027e+00
1.859950917877865351e+01 7.980078779578511639e-02 -9.341770113916242124e+00
3.357113104821076721e+00 -6.784221898561438202e+00 1.672930032979266235e-01
-9.855702101241339719e+00 3.815512614861350738e+00 -2.918622504219801961e+00
1.061771143403009532e+01 -1.601192928017595385e+00 8.560034711734594737e+00
2.506273873369161631e+00 1.903242791495949104e+00 6.738648273333034844e+00
1.813927431273091173e+01 6.408856443184562934e-01 5.336807376417158189e+00
1.190480812585233927e+01 -3.552572508438745835e+00 1.315458114741112405e+00
-7.579919908122606742e+00 1.019513563665127087e+01 -1.493654515999795684e+01
5.339389355926226877e+00 -1.041225941026591162e+00 -5.120369774889583780e+00
4.028465915397224428e+00 5.750519659526428740e+00 4.615162026699541009e+00
-4.946757338910607871e+00 1.407397329210031689e+00 -2.862802838534946659e+00
3.630336524828599032e-01 9.710946998012728315e-01 -3.040643789301422206e+00
3.640524921527500624e+00 1.497606350049398394e+01 1.527595964640199711e+01
4.072819860060936215e+00 -9.203616135643862606e+00 7.684992046586374137e+00
-8.418306320349579153e+00 -1.486467091141708385e+00 1.396784340858838114e+01
1.374717051994384320e+01 -3.005597582820745739e+00 -7.074739831640031618e+00
-2.110574981949052908e+00 -1.788774168803827003e+00 -5.765638995699077896e+00
1.199959943414426711e+01 4.707239629266800840e+00 8.573260044534722901e-01
7.302129434686237541e-01 3.981592312235768816e+00 5.701373069629646295e+00
-1.169558480000963741e+01 1.115988587053685777e+01 -1.459190932402246288e+00
1.509326907320131417e+00 3.450843903254428469e+00 4.861071283990582081e+00
2.896332028251424440e+00 2.502009079215397058e+00 -2.755297076880022789e-01
3.654149485837999478e+00 -2.619015980483575756e+00 4.705047201797007972e+00
-1.871204224807394123e+00 1.721969141313720725e-02 -2.576499625249990544e+00
1.805744793610901411e+01 -4.041182969437929984e+00 -9.135142631990001760e+00
1.890968566945159246e+00 3.811177464870429965e+00 3.653091226463141439e+00
2.694138271908953719e+00 3.706347276557974801e+00 -8.041636792624402119e+00
1.097342792553378210e+01 4.726141092338061789e+00 -9.652037421632391201e-01
1.715656753260853318e+00 2.586735695821532399e+00 9.546799066432779313e+00
-1.151216746909402211e+01 -1.220358718628636208e+00 -4.581696665151211434e-01
2.747610747566856304e+00 -5.848688242115264835e+00 3.139400283669589342e+00
-2.246868638519219918e-01 1.104121562105035359e+01 1.227038395639466195e+01
-1.551838837236161339e+00 -3.528564973575175401e+00 4.521867308887576264e+00
3.627387556341655994e+00 -8.886690624529959948e+00 6.585781824140499729e+00
-4.498760692815470641e+00 7.349411945769218635e-01 -5.382623764322638671e+00
1.947582445779030280e+00 -9.427701190879231419e+00 1.440110841703279299e+01
1.796972177672741866e+00 4.778483784107863563e+00 1.038288074078315049e+01
3.073299400756070110e+00 -6.818788097490704025e+00 -8.543355767063870232e+00
-4.876642551366788814e-01 1.739284977774691598e-01 5.103895175648192506e+00
-6.170934618797992322e+00 -2.198183329825265098e+00 -1.546293472027551186e+00
2.059934588521538323e+00 -4.989344610908059252e+00 -1.008734537056782088e+01
4.915109760285453766e-01 5.815561820302786344e+00 -7.618397658461939059e+00
-1.043248190305723799e+00 -1.360815355812925809e+01 -1.711921238809648305e+00
-4.217045120238844258e-01 -1.049465556164340363e+01 -7.142436745691377320e-01
8.723241468616725613e-02 -1.079424676250293480e+00 -9.429256865326520298e+00
8.233713063357386730e+00 4.058037756007125019e+00 -5.940523729791173935e+00
6.687329646440730357e+00 3.854753564895652129e+00 -1.270269860548087104e+00
-3.194382899167913958e+00 4.749344507086370015e+00 -2.084582383933892391e+00
-1.126250970186264233e+01 -7.914000835363443898e+00 4.967701806595852254e+00
-7.480418708946116269e+00 -1.088166337992695354e+01 2.639579319340906505e+00
3.802960593589927107e+00 2.398326530372058701e-02 -3.022546208679436130e+00
-2.898583227253071826e+00 3.973604101387978815e+00 2.243624682733797826e+01
9.885250047773736171e+00 1.382571062985543087e+01 -7.699202079782407004e+00
5.677954238816051102e+00 5.952639704053162895e+00 6.029310081037456470e+00
-2.093901515121376899e+00 3.500068410630140736e+00 -7.317073821430664267e-03
2.441417201543581772e+00 3.469250586387342405e+00 -5.136222216062144241e+00
-1.004676693217216688e+01 4.313006718469146072e+00 -1.598369581442665854e+01
8.638102658193934857e+00 1.009058033490770256e+01 6.388098641246175546e+00
-5.014490806311867388e+00 6.273271249384539061e+00 -2.300310311001308339e+00
-4.581299118552718319e+00 1.597633323175056352e+00 -1.717637120208100443e+00
-3.463714904607450684e+00 2.484505525606004017e+00 -1.789234219118063907e+00
-6.679322455865724928e-01 2.333976030012476333e+00 -7.602215185146720344e+00
-7.264800083072165293e+00 -6.846985659131561874e+00 1.566155947705147611e+01
4.065733389186082292e+00 -4.940512154694295388e-01 -1.916580830804286428e+00
4.162229432431016285e+00 -6.469608408182492276e+00 -3.943164090264018817e+00
-6.873457312991912538e+00 -1.264716913168856927e+00 -8.265964254679358802e+00
3.309621982404510554e+00 -3.577101150395780582e+00 1.556307767713709822e+00
6.400078752653429959e+00 1.973202840476109499e+00 5.058072878699879649e-01
-3.560311450110749121e+00 -8.969630624231490046e+00 5.651845647707915976e-01
-8.623875001626291947e+00 2.895780095708026192e+00 8.729054935943906912e+00
-8.256769558373436291e-02 6.238743988156838505e-01 -3.630678863484783303e+00
3.774981083066636600e+00 5.107927157823294095e+00 -3.203056994221858744e+00
-6.648996158511181420e+00 1.089909977888333659e+00 4.965575872186283490e+00
-7.596883435943783347e+00 8.339625446009145904e+00 5.524008035834140351e-01
-8.569729423497390641e+00 3.138952337284183880e+00 -2.266157166784221300e+00
-2.959645209226172469e+00 4.027375903693064529e+00 -6.739815612002126421e+00
6.153712035034760497e+00 -1.827821921017806162e+01 -2.610375354406921478e+00
3.973538644165743733e-03 -7.895447699859092339e+00 6.858919340164120193e+00
-9.138354766432478016e+00 -3.958308090557977721e+00 5.463165474252051013e+00
4.170340661382820890e+00 -1.504194360678546838e-01 6.470815064416699514e+00
1.060171843762551447e+01 7.213101817149260242e+00 5.722049423237609567e+00
3.285834324837893838e+00 -1.509222719142337743e+00 -1.928288297605550428e+00
1.424370228140523498e+00 -1.715985140064096015e+01 -4.618234664566482017e+00
1.198791570586476141e+01 2.168900356690815379e+00 9.627448607949983028e+00
1.828966005470742218e+01 6.739322070549387256e-01 -3.207578563461765508e+00
-1.669870820865282601e+00 -1.453921383610226137e+01 -3.335172146317518127e+00
9.763464238424482744e+00 1.151855826192152854e+01 2.416892320924550308e+00
-1.928954616383930176e+00 7.430283676533591120e+00 1.294529962714611848e+01
-2.677454719955055573e+00 1.264399397250804746e+00 9.938466856922921755e-01
2.302326719284543355e+00 8.569262486588248962e+00 -1.047071503921157110e+01
-8.947832940739178786e-01 -1.043867191308374665e+01 7.102922858703328401e+00
-3.919732423170385172e+00 8.815280709325593600e-01 -8.423990566563502869e-01
5.434493608363661465e+00 5.528644108396842505e+00 -3.137961608547544579e+00
-3.449069742291568819e+00 -3.627210443550509478e+00 2.125479360482933622e-01
-2.671882565601841009e+00 7.336916997574923549e+00 -1.753266844617268116e+00
-7.295002086517007100e+00 -6.347383373575402388e+00 4.118100036703863154e+00
-5.699001489148205479e+00 -1.658087559627702712e+00 2.794149002132006121e+00
2.428588992742931829e+00 -4.992815029708102398e-02 -9.250463052899652538e+00
5.112862690459759607e-01 2.716338621767768191e-01 -1.649283782172555890e+00
4.372849026846632903e+00 -1.362177681290669362e+01 -4.269315454693021650e+00
-6.682065170593722847e+00 -1.828370560830206548e+00 -8.503395668371203087e+00
-3.347214138529337912e+00 -6.606223883675451880e+00 -2.896304322135740517e+00
2.374898158685410010e+01 -5.389499222211148854e+00 4.043490760291406083e+00
7.789492719785897634e+00 -9.365392418946580921e-01 -4.784948323438523943e+00
3.721197340796237540e+00 -1.700108484435898459e+00 1.682147548721535912e+01
2.321206180243347017e+00 4.154889172253386498e+00 -1.964548795845360241e+00
7.569227489233864681e+00 -1.754415793462751061e-01 -1.847303842607042723e+00
1.268128661197819085e+01 -2.522712692189227557e+00 5.400537540167197115e+00
-1.060420043004388857e+00 -1.907585554666076888e+01 -1.842660522908488030e+00
-2.070191155551480033e+00 -1.571719777804427842e+00 -1.103741055178254271e+01
1.528299699321765104e+01 -7.493836440416387634e-02 -1.523412640613919455e+00
-4.928373025180376565e+00 1.724203599652252805e+01 4.091266495483312227e+00
-5.730677138826777428e-01 2.158660900145493500e+00 2.038738998420310367e+00
-9.356665012163232209e-01 1.931075619749705874e+00 -5.270867736655826086e+00
-3.883329432797157033e+00 1.690773047515542249e+00 1.962643755521578104e+00
-6.811335482444323297e+00 -6.466303564503546042e+00 7.286429995076043831e+00
-6.288795415654307774e+00 4.562906976495707312e+00 4.546341398657588684e+00
-8.039919691883227415e+00 5.452682565166411699e+00 -7.690189859853797216e+00
-4.142282703042599046e-01 -1.849441127463868906e+00 -9.186381916730679276e-01
-1.515535753383108997e+01 -7.273749112438768760e-01 5.146780688139562798e+00
-6.121964253654253341e+00 1.047115456048776139e+01 -8.886402627908918106e+00
2.610807322356040405e+00 3.481029288667691901e+00 -3.613485272079200783e+00
4.622901729879028920e+00 -2.690576145712266332e+00 1.311773432578317866e+01
7.786328009003619099e-01 -1.472333770406179410e+00 -4.557868844196817371e+00
-4.089446687728553798e+00 -3.155835651252492102e+00 1.756828400084579656e+01
-2.273165717488818682e-01 4.981329636956841611e+00 5.164971814593340760e+00
-7.152764535271753488e+00 2.495199591722630839e+00 -6.176888516793884065e+00
4.599131907054652690e-01 1.126340078690221791e+00 -1.817877810997507781e+00
-6.883269602724537251e+00 3.642014344674448179e+00 -1.373469024183541620e+01
1.214986491761401588e+01 4.823496900661694120e+00 -4.822448985783879927e+00
-4.759358258290405375e-01 9.195596181355599086e+00 6.329788052684697242e-01
-2.217662540013594086e+00 -3.827258017033268622e+00 -1.305885844133138818e+01
-7.576941715237509811e+00 -8.684180698021036759e-01 -1.325937338580978953e+00
9.420228173648572678e+00 -2.847138728041954892e+00 3.837375351492712916e+00
1.711951108312081615e+01 8.654591562664400328e+00 -7.907282059543057073e+00
1.648321148968608796e+01 1.121056782897345627e+01 -1.268863575663261356e+00
-5.306719320837153475e+00 -6.250573307092324171e+00 -6.111243587399083133e+00
1.929203782064872863e+00 -5.458603518304229851e+00 -1.145170522855513973e+01
1.067307170952685169e+01 3.808233479350196404e+00 -5.990318725435347602e+00
1.603689733102766857e+00 -6.770968193739565599e+00 -5.460180289401252551e+00
6.300151683434201288e+00 -9.945487551464463394e+00 -1.306053647458735512e+01
-2.761663656993377236e-01 -2.009802740771915808e+01 4.988793890334954462e+00
1.933012534724659170e+00 -4.071717710359656905e+00 4.756828646318199461e+00
-2.713425499914015049e+00 -5.872372372426817755e+00 2.851940411254806129e+00
-7.030567443262957461e+00 -3.017865220252280434e+00 3.026519183286831893e+00
5.992266784750481357e+00 -2.203022330001095597e+00 3.244408716397262804e+00
-1.412621631039514991e+00 -1.787036126365292521e+00 5.898062299202959657e+00
-1.041935253277920248e+00 -1.253234729785219992e+00 -3.028722648646013482e+00
-1.558562260415686795e+00 -2.672138011161690141e+00 5.807839115876191061e-01
-9.268630983417601499e+00 2.449582079403360702e+00 -3.753416205311512321e+00
4.195967616714651349e+00 4.789956199539157633e-01 1.199940985638344060e+01
-1.334039388737283183e+01 -7.749324033840298220e+00 -5.098956356022328329e+00
-8.305764587004329513e+00 4.967976806683968682e+00 1.342093529248204220e+01
-6.731283336129334494e+00 2.669003342079513175e+00 -3.843194353449123746e+00
-3.667789707387643539e+00 -2.578679011391733056e+00 -6.605189987685128550e+00
6.986946009303331984e+00 1.090910100005144656e+01 -4.917788534431884351e+00
8.323027016997686545e+00 -4.479625930106994502e+00 -1.214676338525254362e+00
3.555675474088823229e+00 4.379899861504926051e+00 -2.334559194761146017e+01
-6.109695323957062385e+00 -5.312318453607459467e+00 -7.251082486626850176e+00
4.230302645495338076e+00 -1.816138287953620534e+00 1.374806288105646646e+00
-1.102512458160397202e+01 6.788075444662234226e+00 5.225190809497664013e+00
1.042971652042012032e+01 -6.218179139869427496e-01 -1.384553897576896553e+01
1.496845533569050035e+00 -2.093363421430598503e+00 1.873738620960892609e+00
-6.940849185175534508e+00 -1.729296475878633998e+00 2.249111757575228410e+00
-6.979301387432633064e+00 -1.466143032090334142e+00 -5.672608796591440239e+00
-2.013896961315951017e+01 1.625590417381183261e+00 -1.520453138735118337e+00
1.030282839966032649e+00 -3.999095540215943601e+00 2.470197944900926146e+00
-1.160160973241557841e-01 -6.562480357401113906e+00 -5.827748896064393058e+00
2.815885272803783757e+00 -1.923891657047847659e+01 -8.240709146752847047e+00
7.559121471198733566e+00 2.816853118214892149e+00 5.142600295123200382e+00
-1.800490390663145135e+01 -1.397302267485182936e+00 5.180510888741445719e+00
-7.339047946112761345e+00 -6.589697758964228491e+00 -7.218042666900549520e+00
-1.972942011167395648e+00 -4.740419693473111984e+00 -4.113392641489439505e+00
3.931155152391543894e-01 -3.129205306050066415e+00 3.863657225443661858e+00
-9.152528153929429422e+00 -6.860356524595477623e+00 2.789025675314284580e+00
-6.895105029411281450e-01 -4.629482906395229413e+00 -8.230847389141933146e-01
7.800657948051394897e+00 -7.992612554521625334e+00 -1.386961324213723046e+01
2.069102930832941212e+01 5.343460655709083795e+00 -1.024467917523221949e+01
1.487902299127048522e+01 4.196197385906936361e+00 8.120308879914869493e+00
-1.282566272569446753e+01 1.846177101337641346e+01 -1.307684743113519454e+00
-1.657988226219990224e+01 7.974849859033210642e+00 7.176377267416101269e+00
-7.007225807865317790e+00 3.449908007516846453e-01 1.526231224953832788e+00
5.779819466748061352e+00 1.073316202647882101e+01 3.790544416675407202e+00
-1.187996761494824760e+01 1.202035982804110326e+01 5.953539092903932239e-01
-1.130798528929165131e-01 -4.591110988738404952e-01 -4.429919519431333441e+00
-2.952468818926527461e-01 3.495482174612870807e+00 7.222476407356166028e+00
-4.323985516509967417e-03 1.388679787238772612e+00 4.208637692232664484e+00
8.571257431036160668e+00 6.779243585479656220e-01 1.367278641544260598e+00
-4.080783271730560102e+00 -1.977900837273248724e+00 8.119005536696406011e+00
6.784691474502445807e+00 3.920036655838037731e+00 -3.931311188603991980e+00
-1.114858935662170047e+01 -2.037278651320413303e+00 3.884641608046623951e-01
-7.646651414265137614e-01 1.173872047287164433e+00 -8.286638577948988171e+00
-6.644209117632493555e-01 2.086277129724965818e+00 -9.504563707121377547e+00
1.006729106307872001e+01 4.849758591874227420e+00 -3.496383442459384039e+00
1.129171287979908556e+01 1.518108827922872439e-01 -1.030840349325338146e+01
8.760446961686824352e+00 -4.037826777845356929e+00 9.551942828973555066e+00
2.342480032222589603e+00 1.038180629372966957e+00 -6.049109648868798983e-01
6.910229464041541370e+00 -7.992261540158311917e-01 2.595348187544388896e+00
2.202777701742989258e+00 2.617899723131788536e-01 -4.644844814474238248e+00
5.675890126135820779e+00 1.061546559127283373e+01 -1.431721817978147726e+01
4.135417886565048384e+00 4.677357085028624462e-01 -4.616585984384308894e+00
2.350970917319993081e+00 1.367333212745487181e+01 3.005113494111144146e+00
1.126953445951094812e+00 -1.055145273662370364e+01 8.212521661143213692e+00
-3.689034731478234796e+00 4.688997442252015979e+00 7.155168808872790720e+00
-6.161956429606643582e+00 -4.311521575930703953e+00 7.578955343453742444e+00
-5.938709740688539185e+00 3.113341876992577362e+00 3.447553696072364726e+00
-3.356099942468770969e+00 -6.703449813587400996e-01 8.265817218038206349e+00
-3.637085616227740736e+00 -4.266709645141003371e+00 -1.694979702817510159e+01
-2.971356326247455160e-01 9.325899351749926680e+00 5.959974125085603092e-01
5.335059025788082110e+00 -1.577737997668517966e-01 -3.573760268803625739e-01
-7.247377580176664891e-01 -5.916119768361527420e+00 4.108753924941250801e+00
4.485501376379694705e+00 -7.124667714662489271e-01 9.918462517428915604e+00
3.827229392083245640e-01 2.867202253124680578e+00 3.989384609280882010e+00
1.153139014334649737e+01 7.835585924334480978e+00 1.277486746043242638e+00
-3.424230075315235045e+00 -9.055115270058870180e+00 -1.913993669687547472e+00
1.404586805216228562e+01 -6.169193145399295197e+00 -6.737561754467020769e+00
3.613576515880583262e-01 -4.334201074165422440e+00 -8.323390113402844293e+00
-2.910852487368007502e+00 -3.268986068572991011e-01 -3.675834719463126898e+00
-7.247671645715167088e+00 -8.932429833596932767e+00 7.415520171452435250e+00
-5.653570046991057474e+00 -6.558812734649170473e+00 1.676854025451880226e+00
5.873129688800004189e+00 -5.460645127377994790e+00 1.225291943076778267e+01
-7.547931453804015423e-01 1.125985839677785094e+01 6.177944399147746957e+00
-1.421493464767760884e+01 -4.872773444332040071e+00 4.488289984145734657e+00
6.695671273981073313e+00 -1.546827582771829190e-01 4.001936174125471979e+00
4.949688590103363595e+00 3.603458809098929017e+00 -1.791523972010523380e+00
7.657968187081984901e+00 -1.195155283063065887e+01 -1.401175026159196335e+01
7.228622520401780882e+00 -2.372212858924550805e+00 1.893905525272000645e+01
6.221281425734981774e+00 -1.954778096561050660e+01 7.717476297725278656e+00
-2.668317046682476601e+00 7.118977608068441931e+00 -1.421005153218915185e+00
-2.197820149906580145e+00 1.363590533706040109e+00 -5.908017370705248794e+00
-1.778070352366328599e+00 -9.932380160576181893e+00 -8.679291186481920661e+00
-5.447959046447250486e-01 4.930033691183897560e+00 6.498449010645397372e+00
-6.610269146002252683e+00 -2.432563899896256904e-02 -5.841805345574683450e+00
-1.504669549716767918e+00 1.504974892044246637e+01 4.121988146426340371e+00
3.556431382589109624e+00 -6.606213364217884632e+00 5.756201991148198971e+00
9.302852262695584074e+00 3.805084434883938133e-02 1.124482813751294508e+01
-2.044107317275603108e+01 5.307412289743067557e-01 -4.276875562058872760e+00
3.126171802976886571e+00 -2.842959395311531523e+00 1.417985331085099165e+00
2.706587115020354872e+00 -2.329269466826069390e+00 -5.796168335794463999e+00
-1.072060451856617469e+00 2.380266966397799888e-01 -1.635188267047213762e+00
-2.820196108094438436e+00 -1.745075527744010868e+00 -2.106688141965689265e-04
-3.913471124689547498e+00 1.515610713749140359e+00 7.221656520303007198e+00
1.778105332189681320e+01 -8.503781001047749921e-01 8.093767146123267864e+00
1.835222190461111291e-01 9.732144718697631092e+00 -7.809264274875387990e+00
5.447967958030675462e+00 1.862117804104983509e+00 9.783186570284041039e+00
-1.638814950951108518e+00 1.619109476152506133e+01 -8.518720123416828827e+00
-1.526934290337955424e+01 -8.993564258004251855e+00 7.679142086762817065e+00
-4.191639764933014156e+00 -3.713671321907233924e+00 -1.999695762508820529e+00
3.415942684797823592e+00 1.380314529101569399e+01 -2.359518536067892303e+00
-1.326625849489006193e+01 -1.581912126381487260e+00 -2.944110767397069228e+00
2.009156528197109548e+00 -7.982646876304189121e+00 2.273524471430993898e+00
1.348192933673316496e+00 6.782397737978664409e+00 1.385110210505575701e+01
-4.464376975241771683e-01 -5.401823733008208173e+00 9.790891791629594110e+00
2.951084735120871105e+00 1.352703024896089978e+01 -4.494199028201123269e+00
8.806578473327462575e+00 1.314159712194128105e+01 7.463781697975847784e+00
-6.697595933354875797e+00 9.024423303436487132e+00 -4.272872128888203669e+00
-2.579155270783051179e+00 -4.698918744208994802e+00 6.804274282129904705e+00
-6.775207142162434693e+00 3.796417077413343222e+00 -1.750900882690289651e+00
-5.475425072240142299e+00 -1.166957119386041875e+01 4.358627014038034098e+00
-3.186121937469970078e+00 4.648882085433752032e+00 1.451204867664255715e+00
-1.681765216535507435e+01 1.482463435271132646e+01 -2.368393369737851639e+00
-8.882909702001422048e+00 -2.072430099814133797e+01 -3.199958470433521107e+00
1.070061556609103270e+01 4.799507959043082472e+00 3.843859279924590755e+00
2.763585180972431665e+00 3.875352457784817517e+00 1.553631620668530466e+01
-5.343186201939726487e+00 1.885756080057839679e+00 -1.519403036197337542e+01
2.207012439648734059e+00 -5.638336298028681082e-01 1.261361503139761275e+01
-2.602825410178124965e+00 -1.218272868932881892e+01 2.787953940504348083e+00
-1.306845791651182331e+01 -5.708518615273062702e-01 -1.250833065318639648e+01
-1.227597667112051560e+01 4.823397103985874068e+00 -1.225723205672852645e+00
-1.784148940144274498e+00 -5.115763291902990950e+00 3.889304777195964125e+00
2.523762236003969317e+00 5.090975770725630234e+00 5.698439047773200095e+00
-2.957400238967851092e+00 9.287250892648418743e-01 4.767649032059200209e+00
-1.408229343346547813e+00 1.051518596290322982e+01 6.066839710220080839e+00
5.917757274594809935e+00 2.119024409819179056e-01 -1.484323601336606124e+01
-5.486914299876501033e+00 1.606397711401349016e+00 4.146304462741825070e+00
-3.207221854358762947e+00 -1.917750195900610022e+00 1.074517526599211337e+01
4.408061155207833592e-01 -1.385204148882054120e+00 6.544463637151649138e+00
-3.153353064612297807e+00 1.059070860274067094e+01 1.822346768470035849e+00
-1.557588412497784569e+00 4.771284274274309456e-01 1.407961581228733472e+01
-9.035768524745799724e+00 8.031743851318879912e-01 -9.080493584431582832e+00
-1.628191626500334444e+00 2.649892801898956485e+00 3.124065258424236546e+00
1.167246051817098174e+00 4.289431802681971995e+00 6.420022250337948932e+00
3.562198131961468395e+00 -5.103425001604351863e+00 6.180285818822971677e+00
1.138934747850295892e+01 1.183962368980746049e+01 4.253048099094919543e+00
-7.378463411754813350e+00 4.488824637601366518e+00 -2.745419348205623056e+00
-1.238257618753282863e+01 -4.555830955126603854e+00 -5.082160290233819211e+00
-8.696731306437011089e-01 -2.426139218280486176e+00 7.164525424668822140e+00
-1.535125636732096233e+00 4.283893955738794723e+00 -1.194036590348318688e-01
2.827984953404665269e+00 -1.183051841862570974e+01 -3.812448700502456767e+00
5.439162043634975241e+00 -4.714966115626194387e+00 1.583371214458644261e+00
4.708930085093897766e+00 6.445910343883242133e-01 4.867330764825900324e+00
-2.159344183013469642e+00 -4.052213290283356528e+00 8.499315399975834850e+00
-2.537672726235975715e-02 2.592553889056217198e+00 -6.406615508856388530e+00
2.395390701572695846e+00 2.697300647171149007e-02 3.422827173299837433e+00
-9.016784646780472201e+00 -3.112230057034446884e-01 -7.066963136345075780e-01
8.422629973801978309e+00 5.368959660457319760e-01 -8.362573566652582002e+00
3.449699096588337177e+00 -1.120500454811075919e+01 5.537223535215213488e+00
2.108356897254079598e+00 -1.631387005654563183e+00 -2.253722759810488974e+00
1.167985955593970004e+01 -6.474487770936282693e+00 6.389453032075314010e-01
3.716902815510352842e-01 2.601063746659992848e+00 4.704493681787698667e-01
3.936879626077613104e+00 -5.314571555024977023e+00 -4.418290341293460877e+00
1.719633638383636143e+00 -8.709669731073216070e+00 -7.633817805250378008e+00
8.254247012502966996e+00 1.950122439551925213e+00 -6.926025774227893450e+00
8.082196026453479787e-01 9.624197670104456037e+00 6.366001385137642465e+00
-5.308768196579014109e+00 7.317559246970740006e+00 8.033149414184620696e+00
-5.993192262860076447e+00 -1.752214362282829008e+00 -1.090370490572403028e+01
-1.050000196756122328e+01 -1.620401998557164092e+01 -9.260842692811433352e+00
1.268365345343715944e+01 -4.940238733005624661e-01 1.000311874563781878e+01
1.928918117544326627e+00 1.774648352940905838e+00 1.345627136089460940e+01
6.913901420681109578e+00 1.287319122042407571e+01 -3.524721296369921930e+00
2.861358706977624067e+00 2.677208649099443782e+00 -7.266840477779029861e+00
-6.043531640101531544e+00 6.958663598571558140e+00 -6.529060852740393717e-01
1.003566633653909079e+01 -7.517163574589860175e+00 -3.093235208717028062e+00
1.706168275345866459e+00 1.710502830436985811e+00 7.221637571505131525e+00
-6.841321054681923641e+00 -8.298944195753529485e+00 -9.881670833965834344e-01
3.071297237766397625e+00 2.148571630485166750e+00 -8.840181457666523857e-01
3.834785627960286103e+00 2.145315856811985444e+00 -3.378823788801711636e+00
-7.872303422981506316e+00 -9.043702687415144936e+00 4.877904664813160984e+00
-4.393275120341928464e+00 -6.575040981918765404e+00 9.751170108323374830e-01
-1.217576505016466193e+01 -1.728484741791617552e+01 -4.005243869928571065e+00
-9.545444342896589163e+00 2.496321814338406497e+00 -2.096484251556752110e+00
-7.527943799006819425e+00 -4.247479427196677371e+00 2.938653220171325131e+00
1.160073102704637371e+00 9.669335973233438963e+00 -2.373166644770257072e+00
-1.409877147747784720e+00 8.456136760622348092e+00 -7.266855558586119201e+00
4.595356175549245137e+00 6.255206253008023687e+00 1.460657351157938155e+00
-5.448397677194808608e+00 1.147122142140417544e+01 1.352116080423962785e+01
-4.784424794048975471e+00 -5.205687778046729441e+00 7.361640822318807231e+00
-4.432375440128946686e-01 2.458636045044777063e+00 5.880005186310889087e+00
9.528981631132202423e+00 -4.240996227779643135e+00 -7.754320841838304723e+00
5.738808429640903874e+00 -9.317965653529086012e+00 -7.426778127105446714e-01
5.471107145850250930e+00 1.361406882436827814e+01 -2.613468850946099487e+00
-3.194123063086336423e+00 -3.308623933817535168e+00 -4.179677025299652016e+00
5.918314365848267755e+00 -1.188527691553941334e+00 7.504697592418257734e+00
-4.673017936971887387e+00 -9.479178639856833399e-01 6.249776088525786477e+00
-1.159842115470438806e+00 -8.385285742980924439e+00 -6.710030208605308744e+00
-6.535090527906969093e+00 -1.518759681491716473e-01 -4.081748610760742579e+00
-4.385114233257304539e-01 -1.006347930973055504e+01 6.542778142740159453e+00
-9.837863501164111568e+00 -9.236164965947262218e+00 -1.722133614503387866e+00
-3.117379886518336640e+00 1.504068648309445200e+00 -2.771555904159530126e+00
-1.509108942894905048e-01 2.850238428280475578e+00 -3.168033856728096787e+00
9.884978181632502192e-01 -7.636316667080469411e-01 -3.917659317909088834e+00
-4.949707985584620218e+00 8.092683188386860849e+00 -5.823777490413718283e+00
-6.068562287752834017e+00 -5.223235465888000029e+00 -2.783710073754820158e+00
5.197023116473602045e+00 8.043795886861534683e+00 2.014335966391146426e-01
4.581498755792510341e-02 -2.686617421937303352e+00 -1.269823225951678181e+00
3.640493738298722359e+00 1.174298446300062615e+01 -2.073186563799302995e+00
1.109932420869331082e+01 1.312060591876900162e+01 1.135240977807013829e+00
-5.789046453420645832e+00 7.009918945304205451e-01 1.476328940277896962e+00
-6.742730576457084624e+00 -1.043269576975176705e+01 8.400993487765514800e+00
-7.599400505973762598e+00 4.095662398389730008e+00 5.784965703996387987e+00
-1.493946410163333960e+00 -4.142947781787976957e+00 9.640839482036380303e+00
5.253329147053690029e+00 1.258265156763729564e+01 7.556520092646096920e+00
5.267360394587623951e+00 -2.652190620441339686e+00 2.710530615385490005e+00
-2.869182012212613930e+00 -3.869717542192455007e+00 7.117949281500180803e+00
-3.632181094931929533e+00 4.385707290998202446e+00 -1.265376407866642516e+00
7.934987172079047690e-01 -8.589578839388549270e+00 4.871730993204524296e+00
-1.111284320864274378e+01 -8.114816090065289700e+00 -2.494473001887338004e+00
-3.782721242140777207e+00 -1.663030290558795921e+00 5.100593655376769675e+00
6.612383375179508249e+00 6.559720741545453038e+00 6.665221535368112349e+00
1.250366968508872212e+01 1.650691871927804755e+01 3.538119534413678213e+00
-7.277871652380304424e-01 -5.154976601666623470e-02 1.626220029083386975e-01
-3.825758025610288549e+00 -9.524199622718006353e+00 -1.632000749724615840e+00
1.473821597133076899e+01 -4.441813577660930434e+00 1.049110115961155643e+01
5.659037188014545805e+00 -3.240821146192915059e+00 1.954593922805351269e+00
2.532025266298593813e+00 -5.347749985406440310e+00 4.068120677743822355e+00
-4.327274926920761544e+00 -2.127761424599319828e-01 -6.829920082474394860e+00
-8.514690922255837791e+00 6.130203442932028457e-01 -1.467383462890968548e+00
1.386871797967966380e+01 1.758892017768110549e-01 8.540416357380037127e+00
-1.847547979668660245e+00 -5.827175221164316854e-01 7.513606358182952638e-01
-9.276697415076057496e+00 4.451925335949863616e+00 4.582935364681995694e+00
1.142015033284730841e+01 -1.499287787732335619e+00 1.554765352831241954e+00
1.121816459553674372e+00 -3.006679276580357829e+00 -1.302208780408044220e+00
3.631844907717336479e+00 4.279457635505480972e+00 1.008642422665199323e+00
6.011839449698210380e+00 -1.979283158748242144e+01 -6.043330287322217664e+00
-1.611899516821037892e+01 2.097938377762889939e+00 -1.277425060705014026e+01
-4.070890887381708900e+00 -5.501679008525389714e-01 -8.079786484095589083e-01
-8.218386860952270112e+00 7.901841217756069291e-01 -5.535309967692783051e-01
-3.650874926261395981e+00 -3.195027331450326358e+00 5.636502323253165692e+00
-9.375682708104084995e+00 4.818841775635958058e+00 4.105326133193348603e+00
-1.305579988989856410e+01 6.737802041350381188e+00 3.043822874312173798e+00
-7.116243695476358599e-01 1.685198216263755810e+01 -4.585119301714005502e+00
-4.372423348999956438e+00 1.567851513934454211e+01 -2.101730255729006291e+00
-6.028798055401475287e-01 1.028670588519667167e-01 -3.185470680234768093e+00
-2.463354923183162182e+00 -2.408216258791802122e+00 -8.151155523864987984e+00
3.556809474873778854e+00 -1.248853028069641979e+01 -4.187280645033163218e+00
-7.529605139280929116e+00 8.835032201901004356e+00 -4.163405529187008902e+00
8.901042526635805530e+00 3.238618467588017857e+00 8.666305272188774111e+00
-1.445844458098598118e+01 -8.981958321604526674e+00 2.537881483391754678e+00
9.349434718933112620e+00 -3.252792423886736284e+00 -3.392861354777767513e+00
-3.836871409940016076e+00 -2.822792345793706303e+00 1.204793908384156431e+01
4.014302876167720413e+00 1.083695863675538007e+01 -1.076519062384286940e+01
9.486403517034242228e+00 -7.989935555115216914e+00 7.311454378065448623e+00
1.772819442295898895e+01 -3.428209001939017120e-01 4.328747366552995857e+00
7.784302951353549993e-01 5.254298622211815761e+00 -2.470613266361518581e-02
3.638788955998506491e+00 -1.370311935992950048e+01 4.064252662605623456e+00
-2.852710891723803766e+00 -1.162623780324069545e+00 -6.330530544194689746e+00
-1.713355855758271540e+00 4.071021200805235551e+00 -9.454633261841264513e+00
7.081264379299487821e+00 -7.923352790546844382e+00 -4.458373824920948358e+00
-8.773604627653472932e-01 -4.899750365752326142e-01 -4.930501223106500963e-01
-1.298186496724058259e+01 7.798003107685908653e+00 6.193617130815115557e-01
1.802096860822623769e+00 -2.609962530657761626e+00 4.795760497808745915e-01
-4.664871010191385281e+00 -4.941612424465273712e+00 9.941098101870582404e-01
-7.498738659573641385e+00 -4.838217343121036684e+00 -4.544549516806590361e+00
1.228745497967622491e+01 -3.516654031330458174e+00 -1.725755636671765014e+00
-1.444949191559635970e+01 7.331288959691121043e+00 7.759202668957370541e+00
-6.314260616982006802e+00 7.735103382034193231e+00 1.072952819657812285e+01
-8.659360476600564738e+00 5.273252641835825649e+00 3.399856970568020831e+00
-1.377561517475599739e+00 -2.242038244504298561e+00 2.066538402570651467e+00
-1.474036748944853148e+00 -3.012166246538588332e+00 2.265390595505218041e+00
7.829747367455484941e+00 1.117664345198036102e+01 7.605918649141515386e-01
3.392634468897962829e+00 6.654316517034513101e-01 1.189850835902965187e+01
3.440909661912044726e+00 -2.320312236939753969e+00 4.276741013644145717e+00
-1.044388692365552629e+01 7.005529639041343515e+00 -7.504340861911224181e+00
3.237072767772299908e+00 6.580265517264679787e+00 7.337287935556366492e+00
-6.629559348095569460e-01 2.851184098864057437e-01 -3.903293656602597750e+00
5.572627013974567056e+00 9.571475729282896694e+00 -8.632856737927975033e+00
2.504906561017421041e+00 -3.204853615079788831e+00 1.480414777936931159e-01
-1.008367708275007857e+01 8.342911706516662917e+00 -9.918487041339171029e+00
4.745800335591429331e+00 -1.022606134675886835e+01 1.074534865186319443e+01
-7.968500745918325467e-01 -7.979632413535695967e+00 -7.825566669941291131e+00
-2.968762516781035199e+00 7.313426752882235427e+00 1.248161640115925231e+01
-7.157162839657019937e+00 -2.076320109172574035e+00 1.244254261001700002e+01
1.688520959994430637e+00 8.465086600198951317e+00 3.545633029358040922e+00
-4.566374385351774201e+00 -6.832305172131840632e-01 2.241529135480678114e+00
6.941204526478500725e+00 -3.755432497370917444e-01 4.971640914309105597e+00
-7.389338511306523749e+00 2.626810100909936274e+00 5.214597530555642457e+00
5.084024047816510183e+00 4.524892762664010526e+00 9.152544662840265133e+00
1.602565982906622555e+00 3.585964107416857338e+00 -3.122623853731385957e+00
6.660789424026559935e+00 4.373126141551836987e+00 -8.041584572172159051e-01
-9.903022052634420369e-01 -3.974849261730779126e+00 4.363243642458133897e-01
3.301251429244230540e+00 6.048618074111848486e+00 6.007072628383633095e+00
-1.231247925367298102e+00 1.296155733104028318e+00 -8.154954964085904479e+00
1.187519589386076113e+01 -4.559974625866459519e+00 -2.949489831228688352e+00
4.995558935733795280e+00 -3.272631708803016792e+00 -6.392630082339682218e+00
4.449197589188327306e+00 -3.242202656881076006e+00 -1.124247741484882601e+00
7.973294794598222879e+00 -7.200753154802754796e-01 -2.066388706288270782e+01
-1.801538902849411272e+01 -3.155409976724285137e+00 3.514738367313334333e+00
-8.562853190265496295e+00 1.189311068348437850e+01 -3.361063937644832578e+00
1.342758578979565875e+01 -1.575296738637599425e+01 -6.487346979754860854e+00
-2.655324554828525918e-01 6.760300560248367896e-01 -4.322114914981703748e+00
1.083282699654650960e+00 -4.509950469880807056e+00 -9.189875338250871550e+00
-1.035940473923959182e+01 5.612455480193974999e+00 -4.238788956608551928e+00
-3.811864323896225204e-01 -8.250185457407393841e+00 -1.045930051872076438e+00
-6.587883294914600008e+00 -2.087444881454271428e+00 -1.663574160279065461e+00
-9.664869558049506537e+00 -2.142116842129140053e-01 -3.161128265920106095e+00
2.672195753362276882e+00 -1.171261670815268996e+00 -2.982312526216281512e+00
-7.966211295913536716e+00 1.022438633340350789e+00 -1.374106496992596016e+00
1.511646450122454688e+00 1.734894453586567309e+01 3.447320626927161680e+00
-8.536974305288106635e+00 1.776983106393781320e-01 -2.724791515787630569e+00
1.240932212031525239e+01 -2.970679118379178085e+00 8.220622858278926748e-02
5.897776510815646134e+00 4.035631654736252294e+00 1.044115608193660982e+01
2.818665178479958566e+00 3.694211600823228636e+00 -6.241175749506704840e+00
1.123639540843860196e+01 6.150738472801974055e+00 3.098369948676743313e+00
8.029797240883503662e+00 5.267176990739143028e-01 -6.023012488911212436e+00
3.023448604641687076e+00 4.241259237566185725e+00 -1.254878893268748641e+01
6.271510066090387525e+00 6.910576919763404824e+00 1.138807465591022083e+00
1.331140739954844721e+00 5.211127030131526894e+00 6.718449352125634988e+00
5.766141305056623700e+00 -1.138588938075054013e+00 -1.860662731641397372e+01
2.244522797940395442e+00 7.492867564226687316e-01 -5.618570147735485465e-01
3.623729030129457573e+00 5.656439340209542976e+00 4.196980784887803795e-01
2.970041976183779742e+00 2.074068563159456424e+00 -2.810354596383709325e+00
5.599574841341765641e+00 1.927075895910801639e+00 7.772023696145098803e+00
4.608684143580852322e-01 -6.432507400089225724e-01 -1.187495968968028670e+00
7.497852921387673675e+00 4.926332931689242356e-01 -1.900696950326658641e+00
-1.947471972283661534e+00 8.826838295420957436e+00 6.369295929964750025e-01
-8.794732214239189716e+00 1.770071005058941660e+00 5.542141132117865077e+00
8.208981291660380819e+00 -1.895126651560614883e+00 2.017282189307165297e+00
7.225707344659565656e+00 -1.124565756582399656e+00 -2.359100620518247649e+00
7.654092779594835250e+00 4.774590405227173151e-01 -1.068678565014827342e+01
-3.947766347155417854e+00 4.930376641214914812e+00 1.959627856179101624e+00
4.595570485583149734e-01 4.328362815454104506e+00 -6.128727179656681123e+00
-1.342638033571248668e+00 1.342213302990527879e+00 -6.196736787265470170e+00
-1.269942369415701489e+00 1.916335030790969007e+00 4.641296838665907032e+00
4.236762512835897665e-01 3.538870410893844909e+00 -8.818293530900325194e+00
4.043576344173560599e+00 2.994599380507989128e+00 1.177813392825254901e+01
-2.804992833846207567e+00 3.737944027539227498e+00 -8.400788427807139414e+00
6.629779719563924978e+00 -8.707132857476842958e+00 3.746293929662238398e+00
8.177915331760270412e-01 -2.079817528879889466e+00 -1.217966692911597093e+00
1.025609586215785463e+01 3.564618615785458466e+00 -1.341115072902702154e+00
-1.523793469753843777e+00 2.395907271221973389e-01 -4.248483475154394284e+00
1.039055873972195165e+01 -1.867069383888349643e+00 1.079010653384622487e-01
-1.017562478517160418e+00 -8.830705269093128251e+00 1.562035031072992908e+01
-4.277880452390228960e+00 5.784713940516200914e+00 -1.953773600346006489e+01
-8.973440628041448264e+00 -4.561306661447884103e+00 -9.508332542535713472e+00
-4.138706887818230484e+00 -7.395384441482717897e+00 -3.044010917862591814e+00
-4.263438778450378663e+00 1.148548354067016497e+00 8.280899096835240059e+00
-1.176101419520108493e+00 -5.458690223464055968e+00 2.124943567179077064e+00
8.864304619643855077e+00 2.105081721658464744e+00 9.436011109382382855e+00
-2.776985807124352057e+00 4.352091157006523048e+00 9.130629431812934627e+00
-7.850190018156169458e+00 -2.427109129003550692e+00 -7.921625121643456779e+00
-5.674335548470113899e+00 3.376062152541510208e+00 1.328440389569395030e+00
-1.396267792020728216e+01 -7.973275134337327152e+00 -1.163190169427559972e+01
1.822060425209192047e+01 -1.187004783296455379e+01 -9.855923733031324296e-01
9.139835910641911809e+00 -8.744176804683535309e+00 -8.836022885519614789e+00
-2.383376336891473990e+00 -4.869316356871568274e+00 -3.988665985953583348e+00
-8.528493879275872658e+00 -7.376531401360068019e-01 -5.347626745014442129e+00
1.536864977573151325e+00 -9.786569180170957338e+00 -1.746747222276535894e+00
1.250783536895872494e+01 -7.287425430983826002e-01 7.546185213287424087e-01
6.492225812996675671e+00 1.865622178756282334e+00 7.465062503602735156e+00
-6.154763306376359600e-01 5.811406935369197946e+00 -9.126900801493393445e+00
9.213510870635342798e+00 -1.080865631661909632e+01 -6.986396926916659922e+00
-1.404305058049756738e+01 -8.546024333092768543e+00 -6.089713204633274479e+00
2.445720661101980387e+00 2.133898071413107722e+00 -2.622894251776912433e-02
7.448179489547128718e+00 -7.035812109932830793e+00 1.300555338026954821e+01
1.633029101574307029e+00 7.593413486197967188e+00 3.414938437005834437e-01
-1.103439362989960060e+01 1.084302540840185891e+01 -2.127358005507681682e+01
-1.094837274956405793e+01 1.687267812280363266e+00 -9.364836212159538320e+00
1.935404126417709758e+00 1.059327221526878482e+01 -9.201596092032144902e-01
1.877380436937140296e+00 -7.808674035550501102e+00 6.576238084004428330e+00
-2.120391649769349840e+01 -6.795299290425112382e+00 6.680333109210502940e+00
-8.978513951450857178e+00 -4.437268112148035293e+00 -8.893211622161892649e+00
8.283857416382799599e+00 -2.140016324464455000e+00 9.497684731883028419e+00
-7.706211182622240585e+00 -2.006558504118279629e+00 -8.974698819973069064e+00
-4.126484448062906374e+00 -1.585628262406399980e+00 4.095125607054421191e-01
9.712332663450842674e+00 -6.429434964037547218e+00 8.701917495781648526e+00
1.287750192994439935e+00 -1.935757910611136223e+00 -1.233845518662978202e+00
-2.672408787240636574e+00 2.688573688743630452e+00 -4.064347560898070810e+00
8.170978444301198351e+00 7.211858603731871931e+00 -4.466809076441122350e+00
5.671556945704828934e+00 9.150333851661098805e-01 2.737346923315361544e-02
-1.107220863165236935e+01 8.208821375858212477e+00 -1.008965559612556717e+01
-6.346923697129498443e+00 -1.241745085201909848e+00 1.384001884457170650e+00
-2.538789256207408140e+00 2.233579260434123803e+00 9.484008150359336753e+00
-8.268777093075719620e+00 1.316153293735137986e+01 -5.983041535792875010e+00
1.188446410489630622e+01 -5.409823465758319294e+00 -7.507594102384250512e+00
3.705123481753139103e+00 3.100691880883748919e+00 3.602569981002766486e+00
-1.649913297181600402e+00 -1.306290572328323130e+00 9.867036807074562432e+00
-5.735697894368035676e+00 9.000417673038446864e+00 2.518839903275837955e+00
1.941221008613227550e+00 2.731776485215739569e+00 6.059513848143489589e+00
1.358179718681771231e+00 -6.406307670331290005e+00 -8.358743841867722679e+00
-2.098156597123153944e+00 5.655115979294225603e+00 -3.749171086121174223e+00
-3.345644800900802629e+00 -5.016750770667752768e+00 -8.653003209071532531e-01
-2.707412536966703254e+00 2.171627035641509718e+00 3.820410124296411247e+00
-4.431204047047385686e+00 4.218188608033497822e+00 -2.810789920245087892e+00
2.908152468525277534e+00 -5.180060747971618973e+00 -1.029734320662521085e+01
1.021074871995526046e+01 3.741747660482762416e+00 7.085322587925563020e+00
-6.033152250759190593e+00 -1.082362059244041275e+00 -9.077182220078082509e+00
1.022016115429329020e+01 -3.560198261342062853e+00 -8.688800701559109552e-01
-1.076220222939632265e+01 -8.028341075142632066e-01 -8.681628473310981420e+00
-2.362220461306661523e+00 6.645778135936477149e+00 3.950927348974955233e+00
1.284262872001376543e+01 -1.085812751175806445e+00 7.222658737570415433e+00
-5.490669087446903518e+00 -5.225317444563229330e+00 1.635568997749944353e+00
-4.319598530718400831e+00 -1.135301441993276539e+00 -1.042646390527927025e+01
-2.314475854459927096e+00 -1.630712180844125214e+01 -2.370273613513954380e+00
-6.034070703538770175e+00 -1.250001547724554740e+01 8.197123760619314581e+00
-1.333997311284678489e+01 -2.503900428514160392e+00 -1.623592323175984120e+00
1.609856476183690788e+01 -1.608226009383883159e+00 1.538407654339102537e+00
-4.743967548904037379e+00 7.614079512882351963e+00 -1.862781794060032192e+00
3.893911365327856533e+00 -3.419727408976239946e+00 4.873002215907543677e-01
-2.513931976960998238e+00 1.087884979423278331e+01 2.673083876888619592e+00
4.662705438050818607e+00 3.949112388811672147e+00 1.062229128958735025e+01
-5.607640060048130870e+00 1.236581806886133172e+01 7.969501785019395435e+00
1.265605302021671363e+01 5.643455212018448464e+00 -7.127067697064174645e+00
-8.053183526507876167e+00 1.929951684265950362e+01 -1.108621576022227906e+01
-6.089417709832506631e+00 -5.754206011825736544e-01 -1.268676567979377223e+00
-2.197117736101011687e+00 7.633697396483736242e+00 -1.322282397311397961e+00
-4.263410879859232061e+00 2.950945966216401040e+00 4.212367545278444148e+00
2.323684923797352031e+00 8.830015890213903651e-01 4.213309982976170431e+00
-1.136890995129144599e+01 1.001245551906293940e+01 -3.075001081086481847e+00
1.309891815421110373e+01 -5.784249895905632322e+00 -3.410488574322082300e+00
-3.180579306043306520e+00 -3.282266693478876451e+00 -8.640894037643452208e+00
2.226670723756280612e+00 6.010310132825109619e+00 -7.983148975113372181e+00
1.178129869138828134e+01 -3.740088663064982111e+00 9.008253834906090884e-02
1.100733664053368344e+01 6.043338634471566273e+00 8.972628553896747627e-01
7.521443405108139579e+00 5.892812469492442418e+00 1.251104944942169972e+01
1.561233860459054767e-01 -1.622612716607794381e+00 1.233836976984930622e+01
-2.928741775029854555e+00 2.995003638799631496e+00 -1.628818805137100867e+00
7.865272553819306900e-01 -3.404326558391882251e+00 4.291699465126035840e+00
-5.237499159985063102e+00 9.014114120136614616e+00 5.624791769047321921e+00
-1.177421918897703179e+01 -4.736595926004945056e+00 3.106863218370503610e-02
4.349759525294327744e+00 -8.580464081825692091e+00 4.053444141936449752e-01
1.026536535247777948e+01 -3.835063707085433649e+00 1.690738851000895338e+01
-3.039310767337835895e+00 -1.348866006589212496e+01 -3.645245920880652246e+00
3.957140175634927370e+00 2.149853790672232867e-01 -3.305762397280405995e+00
4.457097542923243338e+00 3.283795635005800850e+00 -2.723186092579072515e+00
8.605144048657564326e+00 8.538082162158216804e+00 -8.646931571639029812e+00
8.573759507190708007e-01 9.683927085599234985e+00 9.372835386842439220e+00
-2.196560953334986799e+00 1.003163966680551944e+01 -9.809836092291536469e-02
-4.639756568869520592e+00 -1.676041018144158556e+01 1.304877237155178449e+00
-5.726097590480886401e-01 4.165815420371002276e+00 1.049434674304711201e+01
4.299422989565646169e+00 -1.313481498858324592e+01 4.935236277006437022e-02
-2.739481674366330832e+00 -1.317864235061095624e+00 -9.879086864729793582e-01
-3.329666745656130633e+00 -4.395760902606702381e+00 2.880177141275065411e-01
-2.798051257814269999e+00 -3.530460873010111023e+00 3.267417635045763546e+00
-3.732978059904560553e+00 7.426942403876532595e+00 1.716229371424170758e+00
-9.979552130511592622e+00 -2.089863816133381569e+00 -6.073454788850799702e+00
-3.422828692294219266e+00 -7.262423808675311676e+00 -2.376919041314644598e+00
-1.578925854663450679e+01 1.905876122094426917e+00 1.426195260988851210e+01
-2.233520201261886662e+00 5.408527560080811369e+00 -2.725675766898397079e+00
-2.917923564766703670e+00 -5.432138992052103710e+00 3.108469781227526152e+00
-5.118026412215142429e+00 -5.846310817141995742e+00 2.520728408839549850e+00
2.148169187864517493e+00 -2.543393739028284362e+00 2.696101111098628822e-01
-2.882294448697813927e+00 -1.206381201741837828e+01 9.976844613891813207e-01
-5.940852140754219413e+00 -5.293026253230714850e-01 4.448300512162967735e+00
7.169982108228206696e-01 -1.040056472264178034e+01 2.739414562862590441e-01
-4.035334284089602264e-01 -8.428048293291380944e+00 7.115684160748284803e+00
6.424932940099655987e+00 2.434938187456702430e+00 -5.923520070522426906e+00
8.605162618394903262e+00 3.029598855377527711e-01 -4.832517923830689455e+00
-5.449301256749602196e+00 -1.053029793036541761e+01 6.385159328852181571e-02
-1.943937609933281863e+01 5.510180894043624988e+00 6.606073901076386257e+00
-4.636338316770506118e+00 -1.025314200204575599e+01 4.097381405346507854e+00
-6.155188289576909888e+00 5.393287584979939986e+00 -7.532333066025499457e-01
4.660210677248882938e+00 -7.169693481584151762e-01 -3.620672169842558574e+00
-1.624213802525803985e+01 8.802153869261163388e-01 1.109576835981313403e+00
-6.653160408000375448e+00 1.631979771153382552e+00 1.351461981318404337e+00
8.198193017607120936e+00 3.183758963412556042e+00 -7.439918563245974781e+00
-1.036850814401311105e+01 3.317003012458449085e+00 -9.216605463775023876e-01
-4.163854753808790221e+00 -4.773776351568313481e-01 -2.382197395387548600e+00
-2.950142492504127745e+00 -4.573762320932419634e+00 1.746308678346361054e+00
1.812182053237409995e+00 3.843644103830639591e-01 2.702283617615190980e+00
-5.353987067273787481e+00 -7.258118391505832712e+00 1.142287488234184245e+01
-3.407246203574561871e+00 -4.007160256473746962e+00 2.353943683028406841e+00
1.322620308643616127e+00 -7.298652328875329331e+00 2.986573725393586010e+00
4.190983815218245034e+00 1.237701436219946238e+01 -1.535163441805990558e+01
3.800976083338820199e+00 -1.209548752491072410e+00 -2.510715155731607862e+00
7.263212374301239116e+00 1.085654042415118603e+01 8.920878973283489444e+00
2.104111097554496990e+00 2.727137142591321339e+00 -5.085855020455976039e-01
1.310037896941085656e+01 4.223731306226151005e+00 6.752549927615545400e+00
5.047607790050330223e-01 -6.200587851054814692e+00 -7.950311081962696313e+00
1.393284366149305953e+00 -5.759458845915211178e+00 1.750952887179202833e+01
-2.666805538426008315e+00 2.178893233873025803e+00 -6.740205451264452918e+00
-5.728490910534683067e+00 3.040428905698970286e-01 -5.783976583988808429e+00
-6.752370341561507061e+00 -4.157357795297352610e+00 1.709072072135680909e+00
2.377279313454522924e+00 -2.363210170782013897e+00 8.906876138509939977e+00
-1.084760009304471318e+01 -1.443765819508703530e+01 -4.042417878860709912e+00
1.249834576160276933e+00 -2.296080589476281464e+00 -7.364465823891206853e+00
4.278556422940559933e+00 -2.715126908811792972e-01 -4.097348391680202262e+00
-1.090352753077357129e+00 9.072059416242108654e+00 9.854865513923196652e-01
-7.393719498452432148e+00 3.363677660607093056e+00 1.065131148323580579e+00
-9.539939413097062726e+00 -1.506200575305345524e+01 2.879458839140511373e+00
-1.048661346085935975e+01 -2.892103983213782481e+00 4.863305765304247075e+00
-9.924050527967677837e+00 -5.963164914837634889e+00 -1.067129988061307344e+01
3.916114508663801619e+00 2.982028422907591736e+00 -3.730840625816072009e+00
-1.323533438672902518e+00 8.533448957241464683e+00 -1.011990799652272166e+01
-1.133654290624018302e+01 6.147382162629499547e+00 2.625859313937290551e+00
-4.588820462306132164e+00 4.303106314182649217e-01 -1.018009319512955591e+00
-4.712624493904820078e+00 3.758593564931561382e+00 -1.148953218681337152e+00
-1.319676548956535411e+00 7.294762604068807388e-01 -5.859882817585129189e+00
-6.579887959781800966e+00 3.505382207796779448e-01 3.832766288226247653e+00
4.701735419559208040e+00 4.173402565843656653e+00 -5.132733724826815447e+00
-2.946280760483575456e+00 -6.628917077395316326e+00 7.260377803421805831e-01
9.085919007226459954e+00 8.120656598729272702e+00 8.329311141713874989e+00
1.806513327104593669e+00 1.511878949504764647e+00 -6.093488903704185944e+00
-8.558542034897490325e+00 -2.339858962728988967e+00 -6.695546192412783704e+00
5.715367855727139457e+00 -2.639305609799596830e+00 -1.125081456534561219e+01
5.507224117907487226e+00 -3.109631569084244429e+00 2.573460075837244343e+00
9.373485905298068133e+00 3.385186253964761249e+00 -5.480287657313377636e+00
1.244353196198894507e+00 -6.149389731826420125e+00 -2.243971000332598553e+00
-9.986246245072621264e+00 -1.135832634134466446e+00 4.331736071924277454e+00
3.870394578199369384e+00 -6.858492886367997698e+00 5.314584035887567337e-01
-3.785432944781073950e+00 4.713200283597175577e+00 -1.044719041638368040e+01
-3.216410548596268182e+00 -8.075408218115601500e+00 -9.002190877832189742e+00
-6.855696055786419940e+00 2.581754396478104230e-01 -1.429981579074836873e+01
-1.358373060948654176e+00 2.006040508833902614e+00 -6.974024509537408711e+00
1.192265375376684089e+00 3.228503360579669579e+00 -4.518732455155038963e+00
3.809393535956026033e-01 -9.054645608509469312e+00 2.295029151257253019e+01
2.334301609558583568e+00 -2.599781391311877243e+00 -4.201917145437912282e+00
1.326697981202606957e-02 1.648612227314687573e+01 3.365390429045647558e+00
9.129050107122887781e+00 1.099441353262763066e+01 2.092480865793078237e+00
3.974893156720263665e+00 -1.910034617546733315e+00 1.100939433945980106e+01
1.368501225557176326e+01 2.906124736963450417e+00 5.963781363685704662e+00
8.711518446914175984e-01 8.220869928811476157e-01 5.425258584639988113e-01
3.310621675747805526e+00 3.630338560510600665e+00 -1.984502648641833789e+00
1.021655137804424385e+01 4.355372435031234168e+00 -4.708438458935148674e+00
6.181629259143552879e+00 4.191078970697479811e+00 1.939399498703774594e+00
3.373546627302816514e+00 -8.771941179855737403e+00 -3.589371313201586755e+00
-1.273210228685975887e+00 8.388684340209941581e+00 2.459735034052534353e+00
9.977306794506915821e+00 3.924617000264496447e-01 4.010855037041892501e+00
-5.049621890192230289e+00 3.096041220795766158e+00 5.843001187725703538e+00
1.375624127967537635e+00 3.617819265187592670e+00 1.379753277878777995e+00
4.944707768593567643e+00 -5.734911529284448584e+00 -5.837570596555557323e+00
4.141189121009856700e-01 7.695624741242056643e+00 -1.524019642990684176e+01
5.385282967575372837e+00 5.797958180524390492e+00 -1.524782708664753406e+00
6.189667200788893098e+00 5.927258779769381647e+00 1.456216982685674566e+00
-4.091495150314520046e+00 2.037942448564754816e+00 -8.996248366703833099e+00
-5.066873620081069340e+00 -4.646870594064144377e+00 -6.718064354802285365e+00
-1.236175518092754722e+00 -9.707452467673702401e+00 5.763872709996218369e+00
-1.086859305264581366e+01 -4.396332987331608599e+00 5.600626994900065547e+00
2.006777036640560752e+01 -1.262570453392316239e+01 3.033115181499200563e+00
-1.558832681908263851e+00 -1.223806572390098246e+01 -1.191200745050488585e+01
-8.789529373609379803e+00 1.775146641602818876e-01 1.061585130108925767e+01
-5.357879343653896065e+00 4.686951934548194032e+00 3.960127900110963495e+00
-1.197953338366456855e+01 1.011954718857126068e+01 -2.870821711521584163e+00
-3.793785832758782561e+00 -5.935055422026005445e+00 1.600266803325232745e+00
-4.818386849592712906e+00 -3.225507159488138154e+00 -2.530150263101833108e+00
-2.946326874636617354e+00 1.077408323330264706e+00 -6.503784450138470064e+00
1.446235909798784292e+01 -7.093296783551744866e+00 -1.000226667638247413e+00
2.370184477014158020e+00 -7.491959588020731253e+00 1.465064699540241655e+01
6.791360115800216590e+00 -6.124510491641330656e-01 -1.153044092307972512e+01
-2.837437756955958790e+00 -1.394376000367935742e+00 -8.323824604845778907e+00
2.496549970571233512e+00 -5.178652608695481163e+00 -4.225976025883080744e+00
-1.604447779689688103e+00 -1.102745143229022950e+01 8.031778914520707247e+00
-4.580181377826506584e+00 -3.671651388010078509e+00 -5.466014566398615493e+00
-1.502303721313979246e+01 -1.800101963909491509e+00 1.099861530005794386e+01
-2.047825060994992796e+01 1.291827188575460639e+01 4.107286143702592263e+00
-1.106910622720702975e+01 -1.183044901706705332e+01 -9.471642741028396983e+00
-7.363859139844355362e+00 1.248580373605911653e+01 1.406721600809943240e+00
-2.634211049329032939e+00 1.957547615745721448e+00 -1.998197315669038243e+00
9.215931073197753065e+00 -7.762841550108783295e+00 -4.412800957381733391e-01
-3.231100426712214535e+00 6.766168878272721621e+00 1.224341515343233766e+00
-4.192778067520495533e+00 -3.733735809214822510e+00 4.679395897277680128e+00
-1.034175565774013705e+00 -1.550816608420939158e+00 5.082123301637286872e+00
-1.263893810510470850e+01 -9.188051072464068270e+00 1.332894120805961924e+00
4.249979252102028759e+00 -7.061184679844418000e+00 -4.630954774807828578e+00
5.009864502872654946e+00 5.816048044382627902e-01 2.141773844079394085e+00
-4.157526412385764480e+00 8.001232353282926368e+00 -3.446496666853398505e+00
-7.536968516856036082e+00 4.987296898667239020e+00 1.001744447465300247e+01
2.095540788925107201e+00 -4.540817323053554233e+00 -9.211389743441113609e+00
-3.717952292399706593e+00 5.440179404402742946e+00 1.909841675317971665e+00
-5.765464963973855106e+00 1.149307686546318052e+01 -9.268577206105032218e+00
-4.215855749157820576e+00 1.197164203219698297e+00 1.545110841294973092e+01
-1.895767812315235945e+00 5.218764271288052647e+00 -3.024724168168877902e+00
-3.278716899041028920e+00 1.762686271222329282e+01 -1.578259849385612235e+01
-1.465422849704908437e+01 4.306698785802262286e+00 2.156490052817937042e-01
-3.736838584964546683e+00 2.836287298481944941e+00 6.498656184779067146e+00
-2.770199026207051940e+00 -1.553367722427122821e+01 2.903542065143893680e+00
2.492137488468590067e+00 7.292020502607372556e+00 3.289649779194115276e+00
-2.225483324364560200e+00 -7.762335267201841971e-01 4.928910709414761726e+00
-6.517938950627887529e+00 3.073917031182991977e+00 1.476421567521401634e+01
-1.452214054682822564e+01 1.249202106966135339e+01 -3.537568369843308025e-01
-6.685951930351750505e+00 -6.231548534503891013e+00 -8.233131621901122799e+00
1.485267771057681596e+00 -1.005568082585260470e+01 2.108570987878032044e-01
-9.348001887254625331e+00 -1.052363356512510073e+01 9.472077634980353267e+00
1.867145331088881699e+00 5.087140297426211433e+00 2.510732131748326434e+00
5.451284213456566441e+00 2.973612943939536901e+00 -4.711886638475547784e+00
4.155137561758158071e+00 3.275235006523792958e+00 1.135209409808788195e+01
1.088863037712331128e+01 -1.330542814751677660e+01 5.905690978880318021e+00
-5.764289472202641207e+00 -1.348039457518741457e+01 7.808292183288835453e+00
-5.328766517431622773e+00 -6.222084278415532133e+00 -1.445046147673012094e+01
-3.877425904819270519e-01 -3.257432596431967475e+00 -4.580061360340056176e+00
1.604344022972952288e+01 -7.560968995438009266e+00 -6.533887258688642063e+00
6.175731667345270459e+00 3.220348386250528883e+00 -3.999017403149645489e+00
-1.150772222354350127e+01 -3.292175454961080217e+00 -5.256277509810361792e+00
-1.057028996441824198e+01 5.496144320995701715e-01 -1.213316368194714734e+01
1.398917772570097640e+01 1.182068952724556965e+01 2.497684700964864987e-02
-3.899585315780124795e+00 -1.028998395135428368e+01 8.688914479540359892e+00
2.237843118387528474e+00 6.384697175869266772e+00 -3.491715063437827560e+00
-2.432029555753311811e+00 -2.470710397429712657e+00 3.420574305586288943e+00
-5.584487584386369718e+00 1.207259715112412479e+01 -5.820553893713980020e-01
-4.007185789520157471e+00 7.202856873921746894e-01 -1.206186670628851587e+01
9.150287902922605854e-01 8.199685143136717258e+00 -1.808159153608699388e+00
-1.997556905124824311e+00 -1.110767427451625800e+01 6.235606807239194360e+00
8.822684941500476441e+00 1.599209429929311366e+00 -9.730557992002867307e-01
8.354048066436465803e+00 1.398718986928401442e+01 1.063577586276360343e+01
7.387332143420822783e-01 -4.258644621774919869e+00 5.808224153174218252e+00
1.059135297154497479e+01 -3.575297210453945440e-01 5.542246517255530414e+00
-4.776167568694703824e+00 1.182158095710172319e+01 1.220342055167919249e+01
-3.805169806655622100e+00 -1.358961630992709946e+00 -1.109399512040555891e+01
1.366044877030067362e+01 -2.454791120169232066e+00 5.298171869143334156e+00
8.565368300167987670e+00 1.056406439625210503e+01 7.930242557690183602e+00
-6.247837381431448733e+00 7.586234435820261801e+00 -4.603899521879332823e+00
-6.116121780617703507e+00 -3.052374496292658002e+00 -1.000705293676075947e+01
3.260863648352078759e+00 1.831219615881564522e+01 5.637250295758125418e+00
-7.063224576260652476e+00 2.832629984829699854e+00 -5.458598126163561659e+00
-3.806599664127554128e+00 -3.694296293174152979e+00 2.505949898807241727e+00
1.629621501898704850e+01 -1.266908572245018627e+00 -4.466000892706648351e+00
8.547799963941997703e+00 5.394671267845849272e+00 -3.123633196114568022e+00
6.427981396395294311e+00 6.320494751101765729e+00 4.674168438709114248e+00
1.499954394205808006e+00 7.932098701005370955e+00 -1.341601034411502136e+00
9.275933013341042255e+00 2.970320420553586249e+00 4.062191986002749999e+00
1.000506434732860939e+00 -6.626494584010977462e+00 5.692615532455328697e+00
-5.309017572647769079e+00 1.078487921877714917e-01 2.009940274003936711e+00
3.201312971066435420e+00 -2.166795167222472784e+01 -3.629515028196566906e+00
-5.727747068059075630e+00 -5.141760301533714994e+00 -1.653972232614480831e+01
1.242149829371865799e+00 -9.607804804768150575e+00 -1.068446830635499190e+01
-9.007742660167719961e+00 1.237573957564195970e+00 7.732403550796225211e+00
-7.607830304891708417e-01 -1.446358717472700617e+00 1.585195509214688547e+00
-1.653166372060874467e+00 -4.233217250970692014e+00 2.233550821216337745e+00
-1.718916085913479164e-01 -3.904276104293499028e+00 -1.142061707827220118e+01
-6.249312326338563928e+00 8.972355509142170504e+00 -1.218609501202565226e-01
-4.864679832005303517e+00 -2.382667589982507828e+00 -5.449724931177143183e+00
8.986169934997322528e+00 -1.534246795683540388e+00 5.733419679519751178e+00
1.511505189747228606e+01 2.380869836047766253e+00 -2.884929634806446153e+00
2.434998761711039794e+00 1.228680959178011456e+01 -1.198781063939761715e+01
7.180578465966038770e-01 -1.474435135548853193e+00 2.714601660392435889e+00
3.642708706881065517e+00 -3.951594326768419929e+00 -4.952078584508823766e+00
2.933190884153161204e-01 -9.263517674200242524e+00 4.336358410567410004e+00
6.922152568177128096e+00 1.007057542661749405e+00 -1.561377792001181675e+01
2.435704566573215324e+00 -6.127586216091658322e+00 5.698951690750100774e+00
2.142751793266535754e-01 1.382733957191630303e+01 1.244686583555484383e+01
-7.414455453196914902e+00 -1.493495043720869164e+00 2.144044152700808059e+00
-3.597301257461654189e-01 -1.386570052504631434e+01 -1.611639791037808189e+00
-1.067149920130731289e+01 -5.489298620596188449e+00 -1.163731785206644176e+01
4.437454577288312940e+00 -3.564645694334934056e+00 5.037921795964324545e+00
5.591976304214045790e+00 6.035493247273617801e-01 -1.458536813702936463e+01
2.303213511068603836e+00 -1.459449571545177626e+01 1.031422198640173704e+01
-9.053854099513168663e+00 -4.581132501553613956e+00 -1.206499976960414333e+00
7.623801098072788385e+00 1.403918184273017111e+01 6.879388766679844780e-01
1.311651679742721066e-01 -4.130314081137417936e+00 3.680852786365000018e+00
-4.813891731584003963e+00 2.117594914182059807e+00 -5.462652580629580035e-01
5.006822547299549342e+00 9.539434962254915717e+00 -5.235101844476833577e+00
-1.803121545242173163e+00 -3.382242057305958394e+00 4.310712374624370291e+00
2.607982968253216072e+00 -9.440308725456047156e+00 -4.221255320050670612e+00
2.741737074896863025e+00 -5.056506224211585021e+00 1.386124937844084970e+00
-2.807663864870204140e+00 -2.773681432993618134e+00 -5.845161961067906198e+00
8.303480166841042731e+00 7.039353509706351986e+00 -5.276448723657400919e+00
5.343525419388398312e+00 1.010355164947730033e+00 -2.232298580079357109e+00
-3.678657723819747094e+00 -7.561606011530485283e+00 9.715447603959733058e+00
-4.231423677271507700e+00 -6.707757436027484310e+00 2.083505002633899039e+00
3.448072623349919041e+00 -1.493652024608635269e-02 -3.846798927027990977e+00
2.288616010590552197e+00 1.904023862445775350e+01 -2.145229164683646772e+00
5.248904314138338023e+00 1.351223111812164213e+01 9.152932718597629247e+00
6.265176329071963757e+00 4.258920914022165105e-01 -8.552271236562964063e+00
-4.441031926887960779e+00 -9.868748922405249369e-01 1.245845216032384606e+01
1.193103089444198517e+00 -3.473825826311847997e+00 -5.582557577476213062e+00
3.777980163009183379e+00 -5.718692973308459493e+00 -4.251241459005647982e+00
-2.156966204165405632e+00 1.310900928038052093e+01 -1.244129650937713771e+00
-1.464748384057845410e-01 -9.818580994343625079e+00 5.121374832637289209e+00
-1.222079637155683507e+01 -1.727316407246451746e+00 2.111529052552716124e+01
-1.652344649327561754e+01 4.156817782557293839e+00 -7.554765824771299876e+00
4.440362279184575378e+00 7.619128136549830899e+00 -3.228371769807850011e+00
6.702590495793079306e+00 1.728841659537511788e+00 3.133269965302904136e+00
-5.117326263255943530e+00 1.275629386739280946e+01 -3.864695391192250806e+00
1.797725459582906860e+00 -3.844446390386607071e+00 4.310488411035108491e+00
-2.702327500608945887e-01 -4.560140877068394327e-01 -1.060624591013895923e+01
6.952129300748923768e+00 -2.845188572764855373e+00 1.020962901765235920e+01
-3.676619318265748504e+00 -4.440081392947374361e+00 1.371852990328500166e+00
-1.126799273759218245e+01 -9.606533617510820022e+00 1.608993219647734341e+00
1.481167798928526480e+01 -1.788027485383868465e+00 1.213792210061003907e+01
-8.060376872539897875e+00 -5.882826882844036653e+00 -3.420059661578849663e+00
-1.642886231823302845e+00 -5.448774659351502514e+00 -8.464369061012446682e-01
5.813393227666327157e+00 2.442625618320882541e+00 -1.654744536239714625e+00
-6.369783934861065866e+00 3.921679453311395225e+00 -6.237764745955987067e+00
1.200852280326300914e+01 -4.739717433122638823e+00 3.150297525371255514e+00
1.237282595203914326e+01 -7.030496896536011064e+00 -7.942359714945709470e+00
-4.687794763026416511e+00 1.702313979366617769e+00 7.152592090628372645e+00
-3.328126178613787900e+00 1.966242033880508444e+01 1.923168279904910127e+00
-1.500104933593778167e+00 6.815830444202994443e+00 1.646101983832451054e+01
-1.710224899513753272e+01 -4.731268274747478131e+00 7.388608649880706203e+00
-7.902704971521867350e+00 1.060484090506011690e+01 -6.924752975165205271e+00
5.315081525180687549e+00 -3.924638824293176675e+00 -3.827337062068755458e+00
8.900002123017709543e-01 1.246585190557081724e+01 -2.800108574647358406e+00
5.056255324525684713e+00 -4.802174907884349864e+00 -1.001648686311847003e+00
1.519908523489868823e+00 -1.156839891109231822e+01 -8.950800100866822262e-02
9.856294182108184643e+00 -1.132940544408658390e+01 6.974646010115651329e+00
9.400113839703836405e+00 -1.550697392962354426e+00 -4.005894292046168204e+00
2.781612959125369766e+00 3.924652519622102265e+00 7.191950090725091060e-01
-2.813161334247072265e+00 -3.643612514207922093e+00 -1.130877639554578273e+01
-4.662524966607935362e+00 -8.253207545382688082e+00 3.671484087767747706e+00
7.415833606568663861e+00 5.827773987965997549e+00 4.828356705428183737e+00
4.552365984506860919e+00 7.408151016467836136e+00 -4.238110050463930634e+00
-9.445077768330353507e+00 7.112720823298581685e+00 -1.547140244537253961e+00
1.498607642517890248e+00 3.932549456270668209e+00 5.696431516345382917e+00
-6.518953015289514319e+00 1.607303789813441686e+00 3.125360697144617728e+00
1.329989355001178764e-01 9.210556204539564362e+00 6.719379363885605194e+00
8.188040349626215075e+00 1.165541099702778993e+01 -7.432989428643526963e+00
-6.246683012673454050e-01 -3.835060976435920033e+00 -1.014481600510291237e+01
1.900019321642079317e+00 6.906984426471929339e+00 1.840164066516055463e+00
1.120622070956343386e+01 4.640965958446225947e+00 -4.669315716975725117e+00
-6.332564034440264500e+00 8.409545008112147002e+00 -4.565644139700918203e+00
9.926738752111074149e+00 9.611506535851608746e+00 3.439451950119106205e-01
6.343455076371085077e+00 4.718151591593514382e+00 9.025954463640369241e+00
-4.713547341919220202e+00 1.115649799359404781e+01 -3.955568411473467272e+00
4.362047623541776886e+00 -2.372014465762747548e+00 2.779524603483489731e+00
5.415930792670384797e+00 -2.004902441510510336e+00 -1.693056054704116686e+00
-3.210253130497825680e+00 -3.706459812883951876e+00 5.443303654041557138e+00
-8.061083825602592512e+00 -4.975285473376168888e+00 -2.579825924614570276e+00
-8.240116397686588101e+00 -1.011507851738276642e+01 1.182808749544713756e+01
-2.624253356894102884e-01 -1.478111090885259715e+00 3.679227058557958951e+00
2.761331382674885315e+00 -4.390458491170175392e+00 -3.132308576336773065e+00
8.284187991267351947e+00 1.461323775827704896e+00 -1.559663042320038828e+00
3.225792888733425845e-01 9.021489296712290606e-01 4.187717864194020478e+00
1.249620697301080829e+00 -6.538480854277241683e+00 5.604590877088054590e+00
2.364348066778351409e+00 -1.088193263684145506e+01 6.555160229978340691e-02
-5.063922989375106987e-01 3.042678118215720318e+00 2.808561047035599945e+00
-3.080710880940775720e+00 7.210882859643128029e+00 5.937290407000602732e-01
5.306118145842013689e+00 2.483453698531024489e+00 2.179919177445403200e+00
7.788065755151418301e+00 8.690347526818936075e+00 -6.201366740181784465e+00
-2.094217868656154025e+01 6.273042110016141315e+00 4.557121948387575117e+00
6.234927053992584511e+00 -6.055558560485997610e+00 -2.777211809519416486e-01
5.643974736086503796e+00 6.802444616808367428e+00 7.986070983348758645e+00
2.836258959967470350e-01 -1.096752296836659823e+01 -8.943319686005666291e-01
-9.414609484374091508e+00 1.764675372721362656e+00 -1.057677113481832087e+01
-1.161974018569476463e+01 -3.015945272660181864e+00 -1.135290821004805828e+00
-1.298910193059897189e+01 6.472349203625506142e+00 6.681714655395180280e+00
-7.003886814156881080e+00 -1.014302816467219870e+01 -3.291035679875889741e+00
1.171213884608428479e+01 3.797215615858841264e+00 -5.176493151251969627e-01
-4.200668275494911619e+00 -1.041315675363670312e+00 -1.317064619684473969e+00
3.607178955189601854e+00 6.650932190450672618e-03 2.465060127733702533e+00
-9.539278099081192508e+00 5.184498591205565887e+00 -2.468429187535381875e+00
3.621059828531467240e+00 -3.573862002130311577e+00 1.225693180219072431e+01
-4.021054605965335149e+00 -7.973510092743889111e+00 -1.877639378435637596e+01
1.970184576549367517e+00 2.699040612652179316e+00 -4.535345296949896188e+00
-1.468144729414746052e+01 4.704547942619133671e+00 -8.885180708842892017e+00
-2.223908270189621561e+00 -2.348951856953957140e+00 8.931825021049387914e+00
4.151215868423007826e+00 -1.517190843533322786e+00 -6.722342320859001852e+00
-6.787156625026766754e-01 -1.194176049045605925e+00 -3.975344168506980136e-01
7.361136233275143326e+00 -9.816691226930430503e+00 3.158698483836067883e+00
-7.650084950163077657e+00 1.160479841010319824e+01 -1.557141774884421848e+00
-2.569609402868004544e+00 -2.775411211478344686e+00 -1.384259055330876187e+01
3.477548396103105066e+00 -4.504496441675972740e+00 7.690273019504689778e+00
1.360480007155322646e+01 -1.044498787842239151e+00 -5.216057323824220937e+00
-7.493283932868851416e+00 -3.820091727148104077e+00 3.941265619034551637e+00
-2.423530139589238797e+00 -9.696760210220536358e-01 -1.302111363729368243e+01
-2.590474954214729397e+00 1.035674856974562807e+01 4.569242374967837250e+00
1.164094829696605338e+01 -4.192233228674953072e-01 -3.221474386969442882e+00
-2.354194466024682075e+00 6.369391622095419869e+00 -5.730429105010489188e+00
-8.060765023451271105e+00 -3.016853897051360311e-01 6.275901465582474081e+00
-7.414935112105121462e+00 9.388806917584608058e+00 9.573479637378836671e+00
-3.566893747779445345e+00 6.017356374538167962e+00 -2.727299458911533581e+00
-3.967257705869074780e+00 -1.122298613588306004e+01 -1.538090721350808820e+01
-3.684857748370541586e+00 -2.012485034441868492e-01 9.798541906873722951e+00
2.473609987343710959e+00 1.202889584679878254e+01 1.127551360630637323e+00
2.353008198777529092e+00 9.261181261418270916e-01 -1.953991048434885025e+00
-1.029527711413205715e+01 1.420230009420707873e+00 5.187834100169657958e+00
1.567122177712374720e+00 -2.056553079435901932e+00 -9.510302783385098380e-01
3.538530333252665638e+00 -3.097201617962238585e-01 -5.626834142540425354e+00
-1.262690368115894302e+00 -1.807302136713718088e+00 1.982230365821095130e+00
-1.676708638923571826e+01 2.768431923589351307e+00 -1.601210532274096154e+00
1.252115808811235276e+01 -1.547155163125372823e+00 -2.434500516233039313e+00
1.009101425199722968e+01 -3.864693152254317976e+00 -9.351875700843322647e+00
-7.465702606716948964e+00 2.116010882987666708e+00 -6.488296014693598401e+00
-4.945108013099721589e+00 -8.196160186321259644e+00 1.517885707046113097e+01
-6.955676987322760851e+00 -1.982808288145288866e+00 9.465445858648399158e-01
3.431732882273851537e+00 8.452868879691319393e+00 -4.743364655276577579e+00
-4.707781250691717156e-01 1.378717289080956476e+00 4.444870987633146586e-01
-5.914821990930988704e+00 1.786650493049670629e+01 8.293739520237712881e+00
2.682384547658600127e+00 -1.843051406226866007e+01 7.453863254153242579e+00
7.539904962064071015e+00 1.708889896139644815e+00 -8.870749886379832860e-01
-1.409670198623637027e+01 -2.474701646611479511e+00 -5.570282926870908646e+00
-8.278644297772457250e+00 -4.323527398849771330e+00 -5.543727678183596908e+00
-1.467206884579112547e+01 -9.770859301501871874e-01 7.819979519430031445e+00
9.576784968599446612e-01 6.416416603636589500e+00 -3.817795847950170796e+00
8.025344298646412966e+00 -2.353393541152766666e+00 1.570597595068965235e+00
3.092523160694066853e+00 1.701913544247355636e+00 -2.488710055431087032e+00
1.694756605577402553e+01 -4.307413446639697163e+00 6.919180569352092469e+00
4.168166242290414658e+00 -1.410405474692373851e+01 1.017695479901262168e+01
-3.967911975374742273e+00 4.071327911355880680e+00 8.415505875168005190e+00
1.220251465993323903e+00 -2.586537560163508331e+00 -2.156462807839581775e+00
-1.006361578572380289e+00 -7.162224000539944013e-01 -2.648157863141623380e+00
-3.172875352626266299e+00 -9.303673150363621636e-01 -1.009213242800755417e+01
4.265178285137438685e+00 -3.381614832108866597e+00 9.577320978062527246e+00
3.848867268217533333e+00 1.201323347083306681e+00 -9.332771565868563712e+00
6.103231437007494264e+00 -1.478366949035716971e+01 -1.223350078269357510e+01
-9.374607276563995839e+00 -1.481756838834360401e+01 -4.592018763128067782e+00
2.181676216698011483e+00 6.152024831209832456e+00 8.340855315017751792e+00
-1.011289257406680520e+01 -6.594204199881088080e+00 -1.778680977548910080e+00
6.754317327649142833e+00 6.874904120150174824e-01 1.036050315305269542e+01
-7.946698749136193562e+00 2.630215493790103221e+00 -1.573733493164262143e+00
7.531406223034401215e+00 7.309640352592578161e+00 6.993081256603455031e+00
-7.160622038291201363e+00 -1.740574510522025520e+01 1.413547793897383897e+01
-5.600846093819754401e+00 7.781059444592238528e+00 1.387970628974474074e+01
9.686781908274246788e+00 2.477649598787564855e+00 6.866224935025839748e-01
-1.635709871731592102e+00 2.124893823205634913e+00 1.365727097572485427e+01
-2.013255296167181907e+00 -3.762197382740745111e-02 2.849473972024437973e+00
-4.809961294689039768e+00 -6.949601431047813804e-01 2.549788869325404050e+00
4.696327544484621974e+00 3.980721776256002986e+00 1.574827119030407196e+01
-2.609422057377211779e+00 3.289176493399153411e+00 1.166878260442856607e+01
1.019817396072299820e+00 5.371409785800898007e+00 3.462480957864601638e+00
7.155258620248375223e+00 4.470692839990166867e+00 -3.719672577244971468e+00
-1.017874773999146321e+01 -4.687012876235470138e+00 9.541521074859652174e+00
-2.013604866539818461e-01 -6.909086941789180925e-01 -1.061791830974974538e+01
-2.971347442370627867e+00 -3.465184116814153281e+00 -5.171260798899468547e+00
-1.334206195212518375e+00 5.093534699156585077e+00 4.743201285954645741e+00
4.240851340908399436e+00 -4.432959844632511803e+00 -1.061087352332895639e+00
-4.249307678195103577e+00 2.438360128765517221e+00 -1.039911887488237596e+00
-3.419599948220096053e+00 3.709496365925256445e+00 -7.648156178840738451e-02
-5.248835940582638138e+00 8.702831750191382554e+00 -6.103441303198158252e+00
8.311052382349938483e+00 -1.598554902108079467e+01 1.706167796795037717e+00
1.689286007697629444e+01 5.328816858700903936e+00 -2.079662443783787396e+00
-4.918841724981528607e+00 5.086964461801512627e+00 1.300193756461011496e+01
-1.088929555282367190e+01 -4.106029565992932007e+00 1.528266343452962195e+00
5.117344172635215571e+00 1.887488741370841328e-01 4.786027155458591587e+00
2.658305764623904555e+00 7.412337768796554149e-01 -3.523296384742210741e+00
-9.044423079976215973e-01 3.060396977577612976e+00 -1.170338346132720986e+01
-1.064856226703289188e+01 -3.177844275741332769e+00 -1.515406909131911672e-01
-1.188501498155645031e+01 6.829328784788102347e+00 9.767086938989145706e-01
-1.774118604995819082e+00 -6.949347404646782911e-02 4.166400321150034003e+00
4.954430543462907011e+00 -8.962656776752547572e+00 -1.633160659355562316e+00
4.572546833493723817e+00 -7.423964812195428031e+00 4.409996293462734585e+00
7.014075206848526811e+00 1.060081929491754060e+01 3.001739554085118278e-01
-1.051123526915630535e+01 1.050164754795202882e+01 -5.583703597827189391e+00
-3.312923222205844898e+00 8.366343305016384235e+00 -8.380192882176590530e+00
1.036336617810233562e+01 -9.624225106890687442e+00 1.928610383919535209e+00
1.365009766934633273e+00 1.694006120055227660e+00 -2.676083916120798545e+00
-8.768378914688176096e+00 -1.686595212072628058e+01 3.176231299469963076e+00
7.042014870034404295e-01 2.111690663955124947e+00 -6.287552028424718387e+00
7.000700363658651781e-01 3.069473536920699797e+00 -7.508287979698857403e-04
6.496693209533085600e+00 6.427992462903490356e+00 1.805887503248151171e+00
3.060875380764466414e+00 -2.479152649603410641e+00 -5.324562659737516412e+00
-8.838711776751905447e+00 -7.825890788097673578e-01 -1.077281121068123326e+01
1.019775436812662583e+01 -1.453553676827274188e+01 1.789322685721393968e+00
-1.396448230208858554e+01 -4.182977817916343710e+00 -1.837245441461688111e+00
1.030548066944493613e+01 -1.227019689635875999e+01 -2.303545282722515353e+00
1.181575451657430165e+01 3.310715512691025264e+00 8.228106428809814687e+00
2.998067330349762916e+00 6.426670291104222166e+00 -3.808246313781329384e-01
3.674446623893899311e+00 -1.451871070045164558e+01 8.471231621386555943e+00
2.708261226071504435e-01 -4.175904249228940657e+00 -1.780638157956209611e+00
-4.027716523137420346e+00 -6.969058824181145972e+00 -3.865972849930757516e+00
-8.081090762858149645e+00 1.271390497783282614e+00 -4.867195368126000510e+00
3.200850866068836620e+00 7.656923047037723862e+00 7.710953730590248689e+00
1.458606875864898678e+00 -1.069934537582996947e+00 1.335162199974770036e+00
5.206419706689802140e+00 3.207255333073594450e+00 -8.050803576237324677e+00
-3.369277898283058903e+00 2.065978910724595607e+00 1.652704335183809548e+01
6.471196684600653004e-01 1.593886180733839097e+01 3.295542207369243748e+00
1.092598464434580308e+01 3.606977875899906483e+00 1.595511591207748481e+01
4.548263918661363370e+00 5.146570095417755120e+00 -1.904232374581553033e+00
8.462124895399808722e+00 -2.312104688195596225e+00 -1.873142888308420950e+01
2.352896330907495059e+00 -1.350797449927557459e+00 2.660236630365928612e+00
1.475482931068512293e+01 -8.587558997799328964e+00 -9.920977719710039722e+00
-9.009885453513874154e+00 3.027242003800990844e+00 -6.539464691169705191e+00
-6.472661568830035961e+00 9.221062048246686516e+00 1.518548155600161209e+00
4.916286410800188911e+00 -1.239279149384731582e+01 -1.248103086648060511e+01
-1.409826231017955900e+00 1.067037745366026336e+01 7.391909774655228915e+00
-1.631588114770249476e+01 -1.048028030944982802e+01 -1.009263826816358822e+01
-2.185748743377875059e+00 1.080540726494800374e+01 8.995772194402140709e-01
6.582755250121739898e+00 8.642387402449029921e+00 -5.984071939912948501e+00
-5.155468835276408868e-01 -9.620327803132907363e+00 7.003398084491279540e+00
4.078873309003581582e+00 3.303034827938464257e+00 2.803914847707872138e+00
-1.838593064314462566e+01 -5.274271418108090081e+00 1.156020422223412325e+01
-1.886314585678183553e+00 1.118439917515614823e+01 1.358007126805812481e+00
-3.111661635663119263e+00 -7.517391025246087821e+00 5.534651806381033490e-01
-9.361883847441669459e+00 -3.492138468031581233e+00 9.360581294213716319e+00
-6.263479194089092594e+00 -3.314694085645007782e+00 -1.018913617594723320e+01
7.116527321350806901e+00 -8.197388969269544745e+00 -4.283735910151100335e+00
-3.771718601285813044e+00 -6.565169042665430332e+00 -7.974934708809459094e-01
7.914083306388898009e+00 -5.285730611795198541e+00 2.360116402271824843e+00
3.536287242035883960e+00 1.457029867712927818e+01 -4.914804885064718576e+00
-8.640768279107538419e+00 -6.458060562205198529e+00 -8.531514789683635414e+00
1.833487154283479859e+00 -2.627447333051657896e+00 1.691392517800274575e+01
3.409924808606828783e+00 -8.177348165749803499e+00 -7.426091766453195575e+00
-1.302337633145873319e+01 -5.405837343402202233e-01 4.454771672337890287e+00
-1.101106977344314952e+00 -1.789651346571364821e+00 5.354642390172812405e+00
-7.022847212702855835e+00 7.960962498914676111e+00 7.464886335845818399e-01
-3.881701436268586436e-01 1.316740480884527464e+01 6.227259341008947402e+00
1.079276025994268728e+01 -7.195380162645338196e+00 -2.327831652348796521e+00
-1.069882570846406011e+01 -8.601859878449742425e+00 1.177205204517377268e+01
-2.688405668203119325e-01 5.764054894842388421e+00 5.189513027717844729e-01
-6.875782643189954912e-01 8.412498735103556058e+00 -9.169912252264845520e+00
-4.651564780870204530e+00 -1.858097112653718908e+00 -9.297249208294648959e-01
-9.700259093380040554e+00 9.712273693950921327e+00 -8.696759675832234748e+00
-8.924459544484154350e+00 -1.596089412009934927e+00 1.017435275128105054e+01
2.455496746507251249e+00 2.479404065810295599e+00 6.484351333013275154e-01
4.650472073160908160e+00 -1.271485591524364622e+01 -3.063055252630941361e+00
2.810436008770314853e+00 2.496387493005859104e-01 1.673293588498999451e+00
5.829266297366124672e-01 -6.693108970399943125e+00 -1.214410838296727313e+01
9.661840265136896200e-01 -6.371593376068896752e+00 6.944566344541616587e+00
2.463337167016308893e+00 1.021022021866890839e+00 -5.429777998735699107e+00
1.460032791981147327e+01 1.256150226912716406e+01 -8.240350132424611118e+00
-3.966689535795665300e+00 2.106463030384261581e-01 -4.079386815369130836e+00
1.195576113280016450e+01 -8.269357273429699395e-01 1.580679850444312029e+00
1.077793623090806285e+01 2.101814588804190809e+00 -8.040450868952238039e+00
-4.137114598664764387e+00 1.560596199727098954e+00 2.546118604197599833e+00
-1.979254494640434014e+00 6.921962754496313597e-01 8.680098960598430224e+00
-2.200775306434697765e+00 1.054496118165220597e+00 1.439044128637870346e+00
5.901396293295336548e+00 -1.205615982596308022e+01 -7.289126094553943780e+00
1.272339813710965162e+00 1.095930837961113191e+01 2.635792645872773843e+00
-1.100524371659268930e+01 1.930193175860005184e+01 -7.030270213050147099e+00
2.293141318724868150e+00 -6.307469126720340213e+00 2.343018910195609816e+00
1.132367397545787036e+01 2.011814753601092409e+00 -8.267917701494862825e+00
3.896748365419184346e+00 8.542614791171969202e+00 -3.835329012257981951e+00
-7.019260187727513589e+00 -5.141003392954832663e-01 -6.647048934589798730e-01
2.875707649111129083e+00 -1.245848494440012111e+00 -1.808324588804849808e+00
1.205570872172780561e+01 4.258141287755733195e+00 -7.902450053354642456e+00
6.126558521157517312e+00 -1.950364633244296986e+00 -1.274855706032280622e+01
3.419997274479077198e+00 1.531843999322689598e+01 -1.106056773851030606e+01
-1.859193484676461594e+01 4.250485308482208957e+00 -6.838813406043472654e+00
-4.611560994343366637e+00 -3.567921556522115178e+00 2.572348757450530599e+00
1.769658283314467395e+00 3.396425055676454363e+00 -5.327495055264297896e+00
-5.333975585120039220e+00 8.978332334980157370e+00 2.777393012468980071e+00
-2.486337125332943376e+00 -2.258225379237595920e+00 -1.273150990904620139e+00
3.257112256096345693e+00 -9.629410498820426767e+00 5.194350176272247488e+00
-4.679043122540428534e+00 -1.118856995511784014e+01 1.116271530904159803e+01
-7.304295329425511518e+00 -1.554295228505579374e+01 1.032461873863668522e+01
1.760174749875991207e+00 5.495496990185561259e+00 -3.662151171238412939e+00
-4.291737566946143723e+00 1.197755844650922330e-01 2.929653701733279991e+00
-7.919902071683138978e+00 -1.684128012756984205e+01 1.562567858778398877e+00
4.962586179580176449e+00 -2.065181661127227231e-01 1.718321806903443161e+00
6.700961976507251450e+00 5.243097898403171975e+00 2.141135420583827997e+00
-8.894524033375976302e+00 9.108642070197292995e+00 6.926487838318950097e+00
-4.869505537850763233e+00 -3.094944756759775206e+00 1.069335351145834601e+01
6.858350580617942782e+00 6.208917774581129700e-01 -5.589615147936312312e+00
8.938518487128087386e+00 -2.211661033329198833e+00 1.205711124487029551e+01
-5.154669242038166566e+00 -5.425510282273311446e-01 1.116704659855673043e+01
8.910845222991633507e-01 -4.523686200604933205e+00 -7.991138258830713603e+00
1.895938875982501060e+01 6.286105173007102698e-01 -1.471380693720165445e+00
8.496031297219014178e+00 1.224409016721252685e+00 -7.085659439313616303e+00
-6.859241112822890507e+00 1.224075828474433791e+01 3.825759262792372439e+00
8.023108894871853636e+00 4.227860658207101885e+00 5.105058340575275189e+00
1.916411819705429620e+00 1.029762557849723814e+00 3.446718674761817258e+00
6.650772501327604225e+00 -9.794615501085178977e+00 -6.256999718411191402e+00
-4.076777010607566254e+00 1.433762238170129155e+00 2.235426466975052762e+00
-8.500455720682603911e+00 -1.485947009902093718e+00 2.050188435660802888e+00
-1.173357782501380875e+01 3.055627897926309622e+00 7.563875115174368169e+00
2.325608179878596804e+00 -8.744124474066527597e+00 9.208126513782216804e+00
-3.405200258004805303e+00 2.266808967461038993e+00 -3.283745143234638730e-01
1.908778083777870505e+00 -7.911198153236599140e+00 5.565274335499884373e+00
-1.435265300976040104e+00 -3.376832335912069993e+00 -8.580647231694882748e+00
-2.530077659039453142e+00 4.159833683413885375e+00 4.408617089516132737e+00
3.719146524090349182e+00 -4.959348708970634512e+00 -2.319205574500415423e+00
5.928585649722169393e+00 4.849888527098883628e+00 3.423445320905540434e+00
3.078956441409848921e+00 -7.794089579143898661e+00 1.486777281310566146e+01
1.245374921804088508e+01 5.594789318891126406e+00 -8.462027421432102514e+00
-7.604204549453404960e-01 4.188655025565904744e+00 2.683001073502085276e+00
-1.054784537522250210e+00 -6.532671134447586070e+00 -2.174622432358381374e+00
9.882106296239946630e+00 1.731816795761581318e+00 -4.370470318349876093e-01
1.823305056589212603e+00 7.374430528715251398e+00 -5.185537612231562399e+00
4.631198071642414149e+00 -7.046528031266610981e+00 1.645516055209270911e+00
1.147899055864304607e+01 -5.841894002312256973e+00 3.870323659202713262e+00
-1.016298236404148980e+01 2.220476242170421610e-01 -2.783659811696187703e+00
-9.695703997901290450e+00 -1.617187148138597763e+01 -5.712080128828847414e+00
1.489527795047998460e+01 -1.501223688326329908e+00 -7.127734385073158929e-01
7.158987430323392687e+00 6.213385236634101361e-01 -4.005870307891692406e+00
-4.136625144293490486e+00 1.850388483956146501e+01 -6.080901433009460177e+00
3.198040230762776215e+00 1.451641662414070488e+01 -6.933179442716781438e+00
-9.066762713595727385e-01 5.946426119392638210e-01 -6.951394471850557366e+00
7.411993095828711908e+00 -1.859229661159652325e-01 -5.374026767129263860e+00
1.670583492761018007e+01 8.460333674968459894e-01 4.546763058203657226e-01
6.402418910912640371e+00 1.296714453760906993e+00 1.223249768809542282e+00
-2.445422176323020391e+00 1.001328576708667839e+01 1.694025233207695047e+00
-4.023626661041933339e+00 1.369933362924691034e+00 -1.035852228619644766e+00
-1.043587853626333839e+01 -2.927112371324403828e+00 -2.887327997056492457e+00
4.232292673223246204e+00 6.509105560081400732e+00 4.041036359706733805e+00
6.653903913546855620e+00 -1.994689025382580860e+00 -6.450683487535210148e+00
7.169018922359752466e+00 2.523778353347897685e+00 -1.105853980736567266e+01
-1.253701039156677766e+01 5.234644993650261036e+00 -2.034598762958850671e+00
5.255614745584823444e-01 1.432102723834968838e+00 -2.099035327901739745e+00
-2.848881045569380710e+00 -1.320124188890832384e+00 1.504090767721307564e+00
1.323600912833098775e+00 -1.332408910301435867e+01 -2.886816011946139682e+00
6.440095876426100929e+00 -1.191219391719215759e+00 -7.011124917777859622e+00
-5.875002946345802890e+00 1.575583809537195901e+00 -2.043327083082223439e+00
6.128336752562558942e+00 -1.445190781426719306e+00 2.438098571674840898e+00
8.005713937753080600e+00 3.935470956388675390e+00 -5.092640951572685815e+00
8.391991799301712351e-01 4.944884471092738099e-01 5.521326602343033407e+00
-5.045360768352983527e+00 -2.086927119825531918e+00 7.192561816106191053e+00
7.445153830187513755e+00 -5.197249733441762665e+00 1.389581912220297921e+00
-3.013386019113330594e+00 -6.308408817094454335e+00 -9.512982374374368888e+00
-3.177381210304154102e+00 6.768241061264959058e-01 4.969950252828666315e+00
-3.944132369538436489e+00 -1.387220966888346070e-02 -6.526192094484028594e+00
-6.447961327102541773e+00 4.870036575096304610e+00 1.975028217745616654e+00
-6.332399561388974973e+00 -1.063634191023296260e+01 -1.375771420098589282e+01
4.033704400257312805e+00 7.215713044128013287e+00 1.910553984706625386e+01
-7.036617860312352479e-02 8.136937818905161990e+00 1.396650990206623533e+01
-3.726168690879161804e+00 3.801552454684193894e+00 1.022791579067505019e+01
6.931813558054437330e+00 -4.281026962949281978e-01 -7.201166054762057733e+00
-1.083726689618352168e+01 -8.993351578690144121e-01 -5.633103931851650259e+00
-5.059719956374205685e-01 -1.970738981272606338e+01 -3.169711847475574107e+00
8.502727161181232063e+00 -9.135691707645665627e-02 -5.696961921022247743e+00
1.459894551360174297e+01 6.596347545868579410e+00 -6.145039457449364306e+00
-2.083473668140291668e+00 3.429439492875212991e+00 -2.467616874541904259e+00
6.868719643385819140e-02 -5.305109475965283039e+00 -6.948619802294369485e+00
-2.704492292775117157e+00 -2.742481352234271696e+00 -3.591089640405018546e+00
6.012596128116145522e-01 5.579289595076000197e+00 6.486904954698262671e+00
3.100625416745939056e+00 -8.963644141815930055e+00 -7.887820359667279568e+00
5.002616921536403360e+00 1.283900914597072784e+00 -7.341481531884895162e+00
-1.917736718058143941e+00 2.579232106337184138e+00 -2.538590394711259357e+00
5.001003401468070209e+00 -1.032691321942798979e+01 1.495693932164121609e+00
2.141789423786842672e+00 1.936324192515477827e-01 -9.704753365720819147e+00
5.858199699365354007e+00 9.189548796550834453e+00 2.974034644878424949e+00
-2.090343016029735157e+00 -4.866152041129683248e+00 -5.335512846949943544e+00
4.175394588504272697e+00 4.167488674930456050e+00 -1.050318378381460604e+01
6.355568694800966867e+00 1.009319273610045897e+01 9.736692182705205312e+00
-7.104529742728010078e+00 1.015359540854544562e+01 1.307488574520566438e+00
4.232394205785083408e+00 5.492700081694962932e+00 -4.728678232746999832e+00
6.510893755767455104e-01 -5.599349947143385187e+00 2.639877128035926113e+00
4.053865575537043853e+00 -3.214168096037026245e+00 3.473443103117975994e+00
-7.786135720764160162e+00 -6.168336695949998116e+00 1.891383572521344547e+01
1.374267756690928377e-01 5.491616363046320615e+00 -2.692688336892383294e+00
8.321137848843658702e+00 -9.421727401053868078e+00 5.210271125335146358e+00
-1.056612180737818152e+00 1.105588979625802271e+00 -1.346124424118213092e+00
6.989148518581960179e-01 6.384415212438788068e+00 -1.085495723904647214e+00
1.602360644579080073e+01 -7.219568375771194368e+00 1.219031631791088266e+01
5.332169574643534027e+00 -9.369565705107360643e+00 -8.912064205044222476e+00
7.963729192281948421e+00 1.188973850887587425e+01 1.413140878770660080e+01
4.604509906345407799e+00 -9.329792495318878665e+00 -7.385492113592811769e+00
-1.591830354363760236e+01 1.317044688734434565e+01 1.082725740524731073e+01
-7.923375251205431624e+00 -1.050261418643097855e+01 2.428713961817806855e+00
3.418384843580688948e+00 1.686111141170771210e+00 -3.971701842796736548e-01
2.912174342093916124e+00 -2.308167857161613412e+01 -9.644722946092556981e+00
9.928256014725299394e+00 -4.533466588479934778e+00 5.387999485394739940e-01
-2.778328001838318850e-01 1.220146471887511908e+01 2.813014832223582840e+00
-5.763612297466759848e+00 2.118264411957648530e-01 6.916679306893941614e+00
-2.785646514059042733e+00 -8.175775948164771378e+00 3.465067729252038209e+00
-1.952997911962137678e+00 -5.833593083480637098e+00 -9.065914538222122232e+00
-9.032339676491313085e+00 -5.319222768257241718e+00 1.043276046174928773e+01
3.129627515652706471e+00 1.070959820895892989e+01 3.597653517827672953e+00
-2.833571261984063394e+00 8.204159509372576098e-01 -4.966623589082973744e+00
1.942816867461298003e+00 8.242732154861249771e-01 -1.132050122400076075e+00
7.845551561319739520e+00 1.506798784413209136e+00 -8.271611378558073824e+00
-1.123114106092700837e+01 7.263405421797454409e+00 -8.996499764090955864e+00
3.881498163432678616e+00 4.513178040221747622e+00 6.398540365080737757e+00
-5.836828842234985437e+00 -2.131772717612655743e+00 -2.809052793329955833e+00
-2.608859092928394463e-01 -1.324472726799536204e+01 -3.669585616737950140e+00
1.492277426017229125e+00 6.196559993304304292e+00 2.588383335710697342e+00
8.815345267622847203e+00 1.118139994861451214e+01 2.265340914059995825e+00
-1.069052668248985150e+00 -9.315987861367686779e-03 4.964583293698612287e+00
3.499562660367748546e+00 -6.341386940755122659e-01 1.293462177476924158e+00
-8.261497097528140543e+00 1.105930491999348675e+00 2.930539189930517541e+00
6.956857059879151706e+00 -1.082195615987103388e+01 8.399667102946871688e-01
7.182228208225531318e+00 -3.869232953644851314e+00 2.002391123554904784e+00
7.740314533742358172e-02 -3.374226279438029774e+00 -9.769753925127231398e+00
-5.744539051629373283e+00 -2.525500253342297441e+00 -6.319969689658325507e+00
8.267650044849636615e+00 1.159265562235337166e+00 1.563145832401805768e-01
2.478108184854939389e-01 3.868456121639101575e+00 -1.017885394476894767e+01
3.788369946457601500e+00 -8.472443201744500385e+00 -3.449806846696120477e+00
-3.308355067712540620e+00 -1.216787693077713861e+01 1.852207866987161777e+00
-5.478720508345944928e+00 7.513888290155958494e+00 -2.899059271748999134e+00
-8.960827097649480544e-02 -1.080443050132124494e+00 -3.507457027575622277e+00
-3.683114797993262801e+00 -1.316228298078256032e+00 -8.332151081075626908e-02
-5.225523973972930669e+00 -2.523268472957939768e+00 3.686406586553971909e+00
-1.851493108231972107e+00 1.066493036485352341e+01 1.131641973181567273e+01
-1.846226726520555772e+01 -1.445254272720332578e+00 3.388019059122277632e+00
1.701932800339711616e+00 -3.588228333831994021e+00 -1.239540068857312427e+01
-1.643447708926538464e+00 -2.836508678146070217e+00 -1.324124749495707132e+00
8.075036686170822264e+00 1.399109876109976947e+00 3.091915886518989520e+00
2.054980687617237844e+00 2.444296277854482113e+00 9.961032693908908442e+00
7.201755199537990926e+00 -1.228873294478533573e+01 -2.945587111465283403e+00
-5.203543728122516754e+00 -1.121103111316880119e+00 8.338130408399473836e+00
2.386811490477425135e+00 1.135024430108869220e+00 2.976236615435618571e+00
-7.675403210008768795e+00 6.434657598851607929e+00 9.990508174780581285e+00
1.146507242392451431e+01 5.725174724736895371e+00 -3.592555530073896719e+00
1.392179989443027033e+01 3.041699432604225706e+00 7.565276913922954982e+00
3.761565574708127802e-01 7.877238341600977911e+00 -4.449900007798279766e+00
1.151064567809421746e+01 -8.489649389690648862e-01 -1.034829517952368150e+01
3.769099337173446695e+00 8.172641447369460854e-01 5.177901684948383654e+00
-7.321069233741183346e+00 -3.467517353795967150e+00 -3.618246751289541319e+00
3.849527654022629086e+00 1.071958735718328803e+01 1.196474559116099456e+01
-6.531955042877631179e+00 2.046052919040523932e+01 -9.021072244379574334e-01
-3.626725591676194682e+00 3.198839594818805310e+00 4.497352380465215127e+00
1.191668346216529617e+00 -4.295511819778089269e+00 5.131273011328318034e+00
2.977710674033259952e+00 -5.251271292527790457e+00 -2.822642795337495514e+00
4.860455770957584853e+00 1.073259925032563267e+01 2.479489835909803652e+00
3.552919417181350958e+00 -1.490347819543640107e+01 6.630698791578733875e+00
-1.986532473851217520e-02 -1.800708384020901942e+00 8.820018047679219819e+00
-7.223333484770495083e+00 -1.703574151716596763e+00 6.014535287797748708e-01
-8.485459400059243151e-01 5.785523570828909001e+00 3.830787219731385029e+00
4.516232898646992844e+00 -7.016133009531394515e-02 2.138974259667833611e+00
1.686698279992339122e+00 -7.060485925100477900e+00 -4.290196595295246773e+00
1.397795471090601893e+01 7.273436092808930331e-01 -7.004326436489198393e+00
4.010366962718785899e+00 9.351163996926969979e-01 9.717221661264478172e+00
-2.749504650314796628e+00 5.462566606735872021e+00 -2.794657246152953078e+00
-2.850643055689330740e+00 -2.784920398472999770e-01 -9.917593954888749508e+00
7.375079838801664733e-01 4.251330469376747523e+00 1.361911483702755987e+01
5.114310396844502726e+00 -4.328180889102154261e+00 4.070059330515125140e+00
-1.660694064672085091e+01 1.058234841454849473e+01 -6.918889785448679497e+00
7.329047355908507200e+00 -1.542008880337516041e+00 3.255757038274379234e+00
3.997908830239503164e+00 1.227486202878607635e+01 1.748862824495886814e+00
-1.939556234532854306e+00 2.579086122122496771e+00 1.688976677963292516e+01
7.997960509411510266e-01 -8.201753282709303150e+00 9.636294556222241070e+00
-1.178105458867833910e+01 -2.087929715532196528e+00 -3.060626273897251171e+00
-7.592790445181523573e+00 3.356888218406433477e+00 3.028162526942641986e+00
2.258914878131915938e+00 -6.969835161551927172e+00 1.617154698299687965e+01
4.676688109854098663e+00 -1.205878836097503681e+00 -1.247124191752000932e+01
1.558601504860124942e+00 2.487920689873036384e+00 1.963015564217255315e+00
-3.749980791741752029e+00 6.276983024712817105e+00 6.337327816127447555e+00
-1.588326147267137056e+00 1.933501650756668022e+00 -4.446805131707459724e-01
5.436612996679728027e-02 -6.338844196583051982e+00 8.411669542787722165e+00
-2.761531374857540300e+00 1.353036920157347289e+01 -6.776124918145026932e+00
5.617961936433706782e+00 7.514710961042745829e+00 2.331243341733948871e+00
1.638909264095441021e+00 -1.246807899705755895e+00 4.366618237319158879e+00
1.395553877815297161e+00 7.999483540817469596e+00 7.537491512124260495e+00
-1.902638342063247279e-01 -1.298732367544651378e+00 4.166422363523740735e+00
-1.279208700399350107e+01 -2.098742298529613581e+00 2.796875903485679160e+00
2.271096258211036112e+00 -1.703644339142003972e+01 4.577434388093698736e+00
-8.647161186349437756e+00 1.426852934370964832e+00 -4.175813219764020978e+00
-1.137146438932686721e+01 9.230095511834717215e+00 5.589097883730523297e-02
3.850445671691741900e+00 1.017747523207185090e+01 -1.013750514701062144e+01
-1.361543920805638797e+00 -4.797335892948399461e-01 1.035940290505269168e+01
-2.505598331383766197e+00 3.591275344523040314e+00 -7.654647604277297290e+00
-1.617925085541423869e+01 9.632758486417422716e+00 -2.066440142034380756e+00
-1.964597503819288660e+00 -3.981162065317521037e+00 1.175414715455162806e+01
-2.523533396509187288e+00 -9.721193383707973368e-01 5.045046779236209034e+00
-7.852465009472060942e+00 1.001458750451650737e+01 -5.565824471980350019e+00
-2.654450870313706634e+00 -6.333736567504347770e-01 -4.179964970936761226e+00
-7.126781433448227787e+00 2.113883546513920741e+00 1.467691144627392674e+01
3.078349498520135952e-01 3.018081192505424948e+00 -8.239704499396456328e-01
-1.975950835775558634e+00 -2.845687080557154136e+00 6.478257058148521041e-01
8.845870724013132902e-01 -1.765135851749274343e+00 -3.029119992276857687e+00
2.306710384807725500e+00 1.080261458293536592e+01 -6.376664094283889028e+00
4.755582544865486483e+00 3.654943891461189143e+00 -6.818079018364565869e+00
3.564641584364597549e+00 5.736325680212685185e+00 8.030380056545236012e-02
-6.143098047239106130e+00 -3.137760316433876540e+00 1.030032996316923466e+01
-2.465583317996121071e+00 -2.248409892698437051e+00 3.685013391787922976e-01
-5.947601297586206037e+00 1.339865778880260150e+00 -2.325970981105044189e+00
-7.890501661254026189e+00 8.725346691394983978e+00 9.272217767177098890e-01
-2.910476506461372015e+00 -1.156996612529455515e+00 -1.830448189098737855e-02
-3.390791443306367725e+00 -9.108949293658971103e-01 -3.701445126016925102e-01
6.935110576916954983e+00 1.037894207567763338e+01 -7.966836167143367398e+00
9.917006785144588221e+00 -1.045072561550010271e+01 7.981948299856891360e+00
-7.130668394963660894e+00 -1.292904879982710309e+00 -5.202443146975709531e+00
-1.516728268355017839e+00 -1.048019657547444616e+01 -3.275536305727354769e+00
2.099422731181779156e+01 -2.488669359159312755e+00 4.484176771720140842e+00
-4.244345485623108871e+00 -2.855828116416377682e+00 1.496445325961750950e+00
2.989626381952741330e+00 9.575551155876480536e-01 -5.077181800849333015e+00
-2.637241212253390810e+00 6.044924849516873699e+00 1.692487581806276786e+00
-9.022706116702295276e+00 -8.223581432420228765e+00 5.979215114534671471e+00
6.204763582184650517e+00 4.081710369947508354e+00 6.966473543381298761e+00
-5.859036488542862742e+00 5.121773765330234873e+00 4.048993785487953190e+00
-3.753407591892867767e+00 -5.159292082926655310e-01 6.519584123436646728e+00
-1.173450044869315700e+00 -7.516136621694314179e+00 5.996614727758401209e+00
1.921653149372457126e+00 2.696766917741220126e+00 -6.590456311197034012e+00
5.352405876575723198e+00 -1.294610232431072561e+01 1.413055518204004768e+00
-3.016212875332184296e-01 -8.215966159905871535e+00 -7.197981403877608209e+00
1.924969029841239632e+00 -1.013774638606980716e+01 -5.739419056145566245e+00
9.365942822220999497e-01 9.722290386581866173e+00 2.847492941040503656e+00
9.140708435435151991e-01 1.376352322223472591e+00 -2.281914850313892629e+00
-2.892342456632875702e+00 -1.123366788125554194e+01 7.736380636683198198e+00
-4.376489289972001373e+00 -4.010713881736173825e+00 6.212079239424640242e+00
9.603022943807129508e+00 1.940207476951143040e+00 5.896778041248865954e+00
3.275676340986447777e+00 3.208744106923904216e+00 -5.041263470763026611e+00
6.282715086165625573e-01 -1.261917732910807111e+01 -5.036601045521791775e+00
-1.429420402461345141e+01 1.259202569299768593e+00 -1.193244754206403968e+01
-4.512198473977237612e+00 -8.422752853781151572e+00 1.173178413482171578e+01
6.979259668382147730e+00 -8.154147656442251701e+00 1.079995241457358368e+01
8.643577414123884139e-01 -4.478026677687890200e-01 9.075785128789107814e-01
1.184850046752062092e+01 -5.548617028069925183e+00 8.137007067176457165e-01
-1.446376842401774443e+00 7.060294311775495046e+00 8.989501487196347895e+00
-5.183083669236588698e+00 -1.072358484144645807e+01 1.484496746743990014e+00
-3.102952123319485889e+00 1.163922138286185959e+00 3.282428117943155588e+00
-2.193069158237756167e+00 9.469171345894973335e-01 -6.229892781452407213e+00
-8.965430066780447405e+00 -3.548015493714841706e-01 7.254509859189484544e+00
1.914167623030240861e+01 9.410918112186825724e+00 -3.839660783274429612e+00
5.927237885607192780e+00 3.515475475300240404e+00 1.228901970202017502e+01
-1.064010040602282992e+01 -7.509463996577626865e+00 -4.804456792125180620e+00
1.003627975949884465e+01 7.452368804331642727e-01 1.020171065466864491e+01
8.574632290528418466e+00 3.648540261907589066e+00 5.114702051643481795e+00
-7.035351276595434022e+00 -5.208744868302338515e-01 -1.235121674268467018e+01
6.559773352630315024e+00 2.182553060267051759e+00 8.655072837932939578e+00
-1.599391076628965358e+01 -4.646094350937969075e+00 -1.196146959848091740e+01
3.381582284675066497e+00 6.192242167589419921e+00 -2.598628266255304312e-02
3.041599307514687212e+00 6.619574279938928107e+00 -3.077805499565954062e+00
-1.918397705327662450e+01 -5.473334052942228911e-02 3.594935797241810338e+00
7.702172288902463526e-01 8.077886231563603303e+00 4.467968616871194065e+00
-5.506065426128439189e-01 -1.580892766487387746e+00 4.537216576179963212e+00
7.141398824023696079e+00 -2.325624977594750842e+00 4.528538364855022813e+00
5.233498360590121967e-01 1.175999531466262127e+01 6.480598980012620025e+00
2.384080813167461788e+00 -6.753598819886816429e+00 -1.523824056030168883e+01
1.141389511891522446e+01 -6.717077377958674544e-01 3.527074975898459641e+00
3.051445184866961036e+00 -4.467602036275508226e+00 -7.186132970712603374e+00
2.511573599859467265e+00 -1.890066055453121452e+00 -6.020345728333547974e+00
-5.360101801477620498e+00 -1.687591405460082128e-01 -5.434047915905654946e+00
3.974290700500944684e+00 1.228238359683575753e+00 -7.694734741605299355e+00
3.084595616502272097e+00 -5.035759002839340859e+00 -4.592954914675363653e+00
4.399451424470292693e+00 -6.319647900086008185e+00 3.397897677217971868e+00
9.644611767383580059e+00 1.626692469819246156e+01 -8.186504241437475571e-01
7.222161266199830010e+00 -8.428357057464059832e-01 -8.476805255644700665e+00
3.405701611429428066e+00 5.218293264606468362e+00 3.996377318888064689e+00
-6.978286506799750377e+00 1.712272817976326778e+01 5.676722008223771709e+00
-7.462824311388644993e+00 -5.627762195771712328e+00 -7.273273535926244371e+00
1.459629446240632333e+01 -7.584413776050538125e+00 9.294293255369899143e+00
2.461825661241280105e+00 8.511565387485610756e+00 -1.362222740359420037e+01
-9.949986108069479585e+00 6.444670113070556650e-02 4.542153445237159914e+00
5.082666551085407214e+00 -7.234471560192123007e+00 -1.908829144812768552e+00
-4.011807230242147249e+00 -7.074219549867534873e+00 -4.782891778711673703e-01
-1.358089082211928478e+01 1.146664153051611379e+01 5.783635513597349842e+00
1.106324175898288154e+01 -9.493190465914322473e+00 6.911915500165026316e+00
4.341525935004794334e+00 3.342885069315403523e+00 -7.553472111423179314e+00
5.153289965876012957e+00 4.594261153640601059e+00 4.415242437414731214e+00
-2.180671520850424816e+00 -9.165495145356962192e-01 -1.040745826956537634e+01
5.358401675438225098e+00 -7.399162204911266194e+00 -3.451342635651126312e+00
-2.017196162246922331e+00 1.738692505591508342e+00 -3.966263170428065976e+00
1.182222516495546927e+01 1.738506892726788378e+00 -8.247318548890360645e+00
6.973475718602091256e+00 -1.590037833983428683e+00 -7.085867470733956175e+00
-7.383300205063283883e+00 1.809109240861193513e+01 1.252802458290504006e+01
2.880865683042082459e+00 -6.786734980442632903e+00 6.403644941473478625e+00
-6.469346812806906488e-01 -1.030263114117529177e+01 4.768287771244360762e+00
-1.605562793045005066e+01 4.095417966489792505e+00 2.090994712279308221e+00
9.540207904206244649e+00 4.409794678533497603e+00 -1.082260697603546618e+01
-1.672237154841320406e+00 -5.318262482040417183e+00 7.795180681612158047e+00
-6.573595031892552676e+00 -3.597085671498623238e+00 -1.309535606597684587e-01
3.426793909289170159e+00 2.512708104856862690e+00 1.233093565035486350e+01
7.793111775616949899e+00 -1.204537150502832255e+01 -6.356690268337198191e+00
8.670355256459648885e+00 4.826377377027172844e-01 -6.155384391671440136e-01
9.402202606284609132e+00 -8.368587210878901672e+00 4.896073450813548611e+00
1.141679974014762955e+01 -8.028430902208238962e+00 1.892579095642501485e+00
-4.387085007641156609e-01 1.986001439281618763e+00 1.486595215433874628e+01
3.999801693728682217e+00 -1.740787599516704631e+01 -9.925129052710794042e+00
-7.134027474688507731e+00 -6.380154949452951918e+00 -3.713577874317414151e-01
-8.984467654760570632e-01 -3.431085896877551722e+00 3.384133571842084631e+00
-2.009237734038445300e+00 -5.233774774952716591e+00 -4.734151909547357207e-01
-1.084694135118270530e+01 1.183531491140256087e+01 -1.255298746148562827e+01
-9.655403620001044018e+00 -7.887236130212335716e+00 1.340341448579106398e+01
-8.818372466902191675e+00 -7.505597394197329741e+00 1.373901577819206388e+01
-1.090715224756590374e+01 1.240915660170074020e+01 7.092765095310612722e+00
5.688026481246990507e+00 2.171684630710315478e+00 1.297749129133054069e+00
2.654272666039990458e+00 5.145788668522270903e+00 2.843878911248977737e+00
-1.064208627954919528e+01 -1.635357379073733242e+00 -5.112423422397919914e+00
-1.838652323716171599e+00 -8.821835551502129391e+00 -4.540211799979853247e+00
3.148259853742026770e+00 -5.021782620094023208e+00 -1.739105522652584890e+00
1.291630265863142490e+01 1.222746533363400800e+01 -9.811251242278549611e+00
2.841837626352045065e-01 1.000019009288138072e+01 5.564852025196073804e+00
-3.155247946549951887e+00 -6.884347556273463731e+00 -2.355327685549122751e+00
1.592225484997616070e+00 1.953985392146111666e+00 1.732375412871328679e+00
-3.482803089521027129e+00 7.696957576571807458e+00 3.822561739201508768e+00
-9.618208457174612036e+00 -2.889628484339196390e+00 3.840557527381362579e+00
4.608533949269514096e+00 2.506570988583334714e+00 -9.424172872559591241e+00
1.783336683279389234e+01 -2.268742861075998096e+00 -1.142222753700809257e+01
5.410076608007347021e-01 1.925290076742662615e+00 -1.522059552445704789e+00
1.800777771737350719e+01 -5.625987305120615289e+00 3.206997012477432296e+00
7.340138997546814537e+00 1.812376999846163850e+00 -4.627164887128407678e+00
7.091852310959199990e+00 -9.958109822248607301e+00 1.407679192887526121e+01
-6.303676904068987064e+00 9.698778801642157887e+00 -1.339341200954289235e+01
2.471169549523204445e+00 -4.994549806692899496e-01 8.132946009494887107e+00
-3.682135603220999087e+00 -4.192658337866657092e+00 5.017458544633475626e+00
1.327326870823889138e+01 3.763732721285303201e-02 -7.309266297266286960e-01
-3.038617701621322276e+00 -1.872192503769601668e+00 -1.919171510673723269e+00
6.655582381119135249e+00 9.297433809049586273e+00 3.431023100510755430e+00
-8.454574176946764164e-01 -7.969634035960351248e+00 5.532330477441503191e+00
-1.600197654157849669e+01 -1.553217958897718409e+00 -5.725847743883828223e+00
-1.632942683058441258e+00 -3.409611403997982459e-01 4.048254181668026752e-01
1.371097240426681907e+01 8.832061957285974430e+00 -8.519169793737612073e-01
-3.110465433579666428e+00 7.484079320637341937e+00 2.325082955553651409e+00
-2.029543111233125252e-01 -8.445613400015444583e+00 9.141541587658144508e+00
4.625303215426802339e+00 1.928253576687814075e+01 3.513948297302979640e+00
1.405324427563411582e+00 3.247143170076979057e+00 2.729210955125922045e+00
-6.203985614287578443e+00 6.419504636475477533e+00 1.186581025453839899e+01
-1.032751119348167812e+01 -6.793309658914233218e+00 -2.965728607033615738e+00
-1.269678566172736112e+01 1.690743240445787610e+00 4.996044718174204924e+00
2.052274711516254957e+00 -1.056041707649758443e+01 -3.670705180343771801e+00
1.198134560212285482e+00 -1.039859694065052409e+00 -8.843620342624594954e+00
-4.978971201246858769e+00 7.544297753465849077e+00 8.264010486924343368e+00
-4.583641351938311237e-03 -1.452509409622841030e+00 5.019386194408312463e+00
3.664909764833381267e+00 -2.665634588644821168e+00 9.953870765261246589e+00
-6.823259663980224765e+00 -8.902541422823320616e+00 1.080608583045527915e+01
3.472631830458250413e+00 -1.049227741547345083e+01 -1.364407304828732315e+01
4.593166361477128312e+00 3.666059955505997614e+00 -1.341376964597407628e+01
-3.953010269668308929e+00 -1.544586663618038891e+01 -5.479924004607058308e+00
4.944727170983194142e+00 2.145382874063407552e+00 -6.240593453490673070e+00
2.384208647677384274e+00 9.414273418988774011e+00 2.143420177083172362e+01
-4.132801880074664425e+00 -3.429947367118223678e+00 -5.916979268362325683e+00
-7.360501681924791484e+00 -1.492020034001157214e+01 -2.811134862690233938e+00
-1.131914061248541215e+00 2.596886367720367961e+00 -6.199706563288223116e+00
-7.078733225780379001e+00 -4.683963486426088174e+00 1.480155012665845149e+01
4.072707127168172292e+00 -5.021890198321649242e-03 -9.524623147648721755e+00
1.348181232444251876e+01 -1.189251123195633220e+01 -1.235296883376322441e+01
-5.232505342049721619e+00 -1.725531383219465553e+01 9.582873345053590342e+00
-3.175785084939998892e+00 1.101934812595392366e+01 5.908408049229721293e+00
-7.928650873838779312e+00 5.128444074699834765e+00 2.607675045111608636e+00
4.327829311522278566e+00 1.728174503098878878e+00 -1.528920552409107358e+01
8.311379935629366500e+00 3.195052961769901945e+00 -4.223802412779687820e+00
-2.890886090909173589e+00 5.428840802674260724e-01 -7.121664013552501338e+00
-1.370030956540521849e+01 -6.779571665778684419e+00 -3.321847452202378204e+00
6.139857871440337789e+00 -4.887109052974540901e+00 1.599842221992772817e+00
-1.467655926185144288e+00 -1.283866209473020170e+01 -1.563167829880918624e+00
-1.189950193318856764e+00 -6.739317194981088832e+00 -4.790930279457431773e+00
-3.887508425207398144e+00 -1.940641476891469264e+00 -6.973951715251377692e+00
-1.103580668241590779e+01 -9.428980251863585238e+00 -1.203712370145840205e-01
2.088366059166137934e+00 -1.211695647977677703e+00 -4.536827664112831116e+00
-5.693963094615568821e+00 -7.987022841943272056e+00 -5.808420016378622819e+00
-4.934510222549177705e+00 3.360933116751831928e+00 -1.805199699347215914e+00
-2.185544430963818119e+00 -8.701965624149725187e+00 1.804448896898522614e+00
-8.120223766002963472e+00 6.886494938387538234e+00 4.222410874810984538e-01
9.310216642796309561e-01 -1.800968747172107809e-01 5.879163623035089437e+00
-4.051367272107657680e-01 3.656120963745468355e-02 -3.208994293936604070e+00
-1.613318830150058725e+00 8.614274525161695450e+00 -1.264187033828883200e+00
-4.666595915752238533e+00 -2.046252031819402184e+00 8.170156969148619552e+00
-3.172509807246081337e+00 -5.469332102189446765e+00 4.004662494451743271e+00
-4.562881491248674592e+00 1.919523753235470309e-01 2.786483172848542189e+00
-1.373220330710127079e+01 -2.568637231120094455e-01 2.431258240291988004e-01
-3.959315369754071723e-01 -1.508843249977184797e+01 7.752295126737076991e+00
-5.006876557952649742e-01 -5.095378171673808687e+00 -1.143949594094207045e+00
-5.501623991308841610e+00 -4.214125263239463237e+00 -5.377373610235533619e+00
-7.063252128574201372e+00 4.595305378237158678e+00 7.865041318474498944e+00
2.985038509558659126e+00 -7.795507441465320930e+00 9.136583156323469623e+00
3.350012822397264056e+00 -8.804196943462102354e+00 1.207305804590157194e+01
-9.215552789476548767e+00 8.626880849760004688e-01 -1.442800695765495966e-01
1.002164328073619615e+01 2.640985432828864887e+00 -8.352685263798124149e-01
5.366129715312155213e+00 -5.240751046388781198e+00 -2.297499714211005539e+01
1.769396562794698813e+00 2.273718920338577920e+00 3.074186609563425598e+00
9.201300831552179371e-01 -9.276770747824878427e+00 2.879300123742644768e+00
8.483700524752407546e+00 -1.714899570117284355e+01 -4.223565751304629856e+00
-3.484819023505896229e+00 -1.016852366960362453e+01 -8.264089019516809742e+00
-4.666797650695747812e+00 -2.041430724285528964e+00 2.046162395315550331e+00
-4.926689691718270758e+00 -1.297263437663276520e+01 9.338488066712361757e+00
-1.023451898307900088e+01 9.143420961975591510e+00 -9.886178553412539927e+00
3.106302321898359864e+00 3.164332627645441764e+00 2.076189998168518347e+00
4.292415101919377918e+00 2.869309179647515418e+00 -1.414026239747293356e+00
1.151651575259543669e+01 3.674604408815782985e+00 -8.034986432839204440e+00
-4.191408891462532260e+00 -6.704466948858992303e+00 -3.459409727814949598e+00
-5.708504050227009685e+00 3.857375803230931322e+00 5.812164203368521243e+00
-8.728016277216289254e+00 7.436328499596673858e+00 7.020945139537998259e+00
8.674462660960653437e+00 1.687152040912325290e+00 -3.182519217316701177e+00
-2.649848463849403757e+00 3.014206077020922692e+00 -4.891014414491197115e+00
3.715193033537115497e+00 -7.757102512223434942e+00 2.400534772646278014e+00
-1.147746568311667437e+00 2.833185334492483443e-01 -2.765730288528377656e+00
5.871377665705176163e+00 5.390476357812615582e+00 -2.289419042815016780e+01
-1.736605331892946191e+00 -8.177113299599897189e+00 -5.084272422749978482e+00
1.000695513636472711e+01 -7.057087982858734065e+00 -3.657381689649318091e+00
-6.976498565743177060e+00 -4.060480941505703711e+00 8.345545478931578387e+00
3.220285249674254557e-01 2.040869969384047078e+00 -5.045096388976794799e+00
4.699758071446358265e+00 4.996206166893371048e+00 1.930395470559630899e+00
6.448621662175694880e+00 -5.262588816752764131e+00 -2.178616379279657789e+00
1.095977601260802681e+00 1.766673459188536466e+00 -6.651680427476110324e+00
1.195111309942168987e+01 1.969302942300931836e+00 -2.634230637988057122e+00
-1.192256797568250093e+00 -2.842763720548576067e+00 -1.158411093020887295e+00
1.676789953133631439e+00 -6.211901333122019864e+00 -3.961215846848164635e+00
1.084960471619538325e+01 5.755505044731892283e-01 -2.815365773189118404e+00
3.015849374179026654e+00 -2.361502839472263471e+00 -8.712492897489756416e+00
1.416628259078301699e+00 8.747505994833124632e+00 3.754442734775006226e-03
5.555386225384194354e+00 2.271424202815585325e+00 3.040210974376226005e+00
7.962251151638973568e+00 -4.236571552633703774e+00 9.080095287885946220e+00
5.968319405429415525e+00 9.308532077738888688e+00 -2.688751306742863001e+00
-3.722934653619173417e+00 -6.353452879849276869e+00 -4.319391289233728060e+00
1.105676796675368401e+01 3.820124538473845810e+00 1.349298404661125161e+00
1.444210371306259511e+00 -1.078361180942062880e+01 -4.581872774480267863e-01
1.108196163489913921e+01 -4.816478208679510153e+00 -3.266464442596245465e+00
-1.383799513498881062e+01 -4.750443830518596422e-01 4.503172676583185208e+00
-5.212232860279060631e+00 -8.760130991835158198e+00 2.104573278221484600e-01
-8.263084974712526787e+00 5.932837677012335220e+00 -1.120016796545873206e+01
6.506448747457222126e+00 6.636846218210117776e+00 1.065135139477810711e+01
-2.155222428108286348e+00 -1.783617178624895994e+00 -5.212127667040855172e+00
-6.338998497927198272e+00 1.730580110828304541e+00 6.028477691967288443e+00
-2.825696058944937583e-01 5.092813846990862814e+00 9.012852838820441193e+00
4.173442916421301163e+00 6.713861112756320804e-01 1.878758667494415491e+01
9.522493155746033722e+00 1.208324790353057487e+01 1.629328445128948033e+01
1.021308051309154052e+01 7.456149424336143916e+00 5.836986673304151996e-01
-8.145473125760670285e+00 -1.095750357267903041e+01 1.634863515243928145e+00
1.236186725385388918e+01 5.758821603873794936e-01 -3.260503760672143425e+00
2.479844925679449030e+00 4.792718538631446812e+00 1.322801815408865878e+00
8.738069500833503866e+00 8.433585720228730098e-01 1.386052218370654465e+01
-3.369702128322501711e+00 -3.618159343620352075e+00 4.933527012198643646e+00
5.889628707724902767e+00 -4.140618853867295890e+00 -2.465399192602543810e+00
-1.034872889243235328e+01 4.754041271609888986e-01 4.467426771988691314e+00
1.175436876796748936e-01 -5.045406119049667737e+00 -5.803999281735602089e+00
-8.777818864079588168e-02 7.398839839758091230e-01 3.820404289868210235e+00
4.744108392159398946e+00 -1.522654788836329232e+01 4.407401831727880470e+00
3.511802298285310986e+00 -2.586085861489455962e+00 1.821579511087765280e+00
4.901456329678600454e+00 5.422929981540609568e+00 -1.827182388675319302e+01
8.718790810322059048e-01 -7.298550519782391000e+00 -1.033095285892603599e+01
2.439141529862079327e+00 4.952165236585350794e-01 -1.619684426437564495e+00
-1.787880479129202982e+01 9.346952090288153769e+00 -1.039480314816133788e+00
-6.265739294150844074e+00 -1.065651614295222238e+01 3.097295804309438516e+00
-6.484065037443263790e+00 -3.597720350004952827e+00 5.231788565931779766e-01
-2.098953859941076860e+00 -1.473524542208942201e+01 9.718568207970943007e+00
3.924555738879046185e+00 -5.735684828683162095e+00 -4.791481606137056204e+00
2.353300487150650877e+00 -3.580432824350880061e+00 -3.725549522389107970e+00
-1.076449155586838291e+00 1.633334491088958007e-01 -1.032248155199229522e+00
-9.562172354902743976e+00 -8.463053669429937642e+00 -1.882676708910912922e+01
-2.184466199035399292e+00 -1.193968441550475745e+01 2.294965682702946541e+00
-8.415249527545270780e+00 1.042251488672544468e+01 -4.185995181887363081e+00
5.976068952737888296e+00 -1.523699806520591560e+00 8.510136011485773366e+00
1.107660085188522459e+01 -1.747491896358736474e+00 -6.147927540260794688e-01
2.622366179500722261e+00 7.501671682498024296e+00 4.906338353467623037e+00
1.359919418577666939e+01 -1.915120663578581128e+00 -5.789709024031677309e+00
1.268176255201778169e+01 3.527068386987033399e-01 1.266932253920001861e+00
5.542841989000779623e-01 -1.261643852816637823e+00 -9.927948237645366492e-01
-2.995298554138482228e+00 -1.840278684137032661e+00 2.977699727028519483e+00
-8.859980629027967680e+00 1.650071739895477396e+00 -4.116069387028939985e+00
-4.257399831529630418e+00 -1.329670054444392591e+01 -6.329441405982259017e-01
-6.843624081714210661e+00 -1.687018221358086212e+00 -8.038725958155611195e+00
-1.084031836014160088e+00 2.751509999031402920e-01 -1.297601039666944178e+00
-9.697054677167512793e+00 9.053784206317988748e+00 -1.480680764323450083e+00
-1.101579582061175344e+01 8.852667385324753724e+00 -9.033339446572846043e+00
-2.303159042798447409e+00 1.133789907621806536e+00 5.299629530670940447e+00
-1.037419973205008006e+00 6.435532417434702168e+00 -5.964355327438221721e+00
-1.138210330895289424e+01 -1.831905417068477204e+00 3.437805067621774402e+00
-3.317452177916657696e+00 9.855054517346935938e+00 6.359476891304462143e+00
-7.500833524528935037e+00 -7.047924426566885003e+00 -8.325304883962248326e+00
-7.323206403146126142e+00 1.298005497379289386e+00 1.236313847316295167e+01
8.824917766011594722e+00 -8.285657463176063775e-01 9.403610265964291060e+00
9.899453661099148150e+00 6.299412866052036541e+00 -1.108378462184180080e+01
1.851601575316879078e+01 -4.155203812604276514e+00 4.705008725917916301e+00
1.939680173570602850e+00 2.092452291294851552e+00 -4.422000155371507368e+00
-2.253622825537047625e+00 -8.272522163370306103e+00 -1.765225397916101713e+01
5.541559577659153746e+00 -5.428125244468745558e-01 7.318613486994216544e+00
-9.965425381032606111e+00 -4.813287168700949858e-01 6.363934176797985565e+00
7.994712679102756070e+00 -5.157944419682623405e+00 -4.959751347864711946e+00
-8.842014399371546318e+00 -9.058788187856636753e+00 -1.984194777533543119e+00
-7.001863364339227402e+00 -6.875991736436295021e+00 1.874036293422375599e-01
3.041516512914525183e+00 -2.959376489899286256e+00 -5.682823377961194744e+00
-3.230640109613349686e+00 -1.359595823477656396e+01 -1.225274898307930549e+01
1.042755695618430067e+01 -3.959413929510540608e+00 6.140680480565038124e+00
9.287778766868626690e+00 -8.390589312440745573e+00 1.773004117941079372e+00
-7.911514618187899472e+00 9.097541049498401478e+00 3.469312845791282296e+00
-5.736173547793869787e+00 -7.924731388566765011e-02 -1.901224663690073768e+01
2.905467589244358884e+00 -9.184350645198485097e+00 7.972607651380822169e+00
-4.052678139095104548e+00 -7.809226405057981601e+00 -1.433487838871429076e+01
3.012807359907560212e+00 2.040643897221993130e-01 -4.679685445366701835e+00
-5.530615365713827281e+00 1.388830451045682146e+01 -6.369427932379051249e+00
-8.128700225192148077e-01 -1.200585440643018531e+00 9.846803104100269266e+00
3.420050251270201791e+00 -3.149090055290285406e+00 -7.209733294849670848e+00
8.017772381043098306e+00 3.970466152174163543e+00 1.157414388357849511e+01
3.788983760876031948e+00 -1.118263209657946256e+01 -1.141289160230018496e+01
1.236973927251191485e+00 2.362721277905363237e+00 -8.112770409116936143e-01
7.038270504140092143e+00 2.829930951415951412e+00 -7.127027137533177736e+00
-1.023143335129226905e+01 -7.528570092706591943e+00 2.954115810655139285e+00
9.066757800592585070e+00 -4.485612061986466337e+00 -3.935354979769805972e+00
2.674736570252060019e+00 1.058760365675433412e+00 6.049825977673510380e+00
-1.278785974866145558e+01 -2.508665629310753431e+00 3.080146343324742797e-01
-1.007732815480293587e+00 -3.247007462059288585e+00 4.051208328155411209e+00
-9.033418915310541308e+00 1.147971219527680375e+01 5.594408698259783819e+00
-6.355916697809914417e+00 6.379030686640942527e+00 -6.939771307469697059e-02
-3.038415075652685537e+00 -1.059967487809578124e+01 -4.748785542603473964e+00
-7.946344855145821562e+00 1.232411510851360958e+01 -1.996331393373793617e+00
1.519844300092540346e+00 -8.899115602675600201e+00 9.912871790064041733e+00
1.110585115419607583e+00 -1.044854087354138805e+01 -1.426964927930323412e+01
-9.680003525848624335e+00 3.689254520433376427e+00 2.581336452043247576e+00
-5.219013240196728631e+00 -1.868943527951252292e+00 -1.021949150597705724e+01
-9.207839780347552017e-01 -4.556752149144853270e+00 5.834495947652146519e+00
9.986534109332158238e+00 8.264264859003748853e+00 -4.939418682318200027e+00
9.865805167159917843e+00 -1.238048700724601936e+00 6.266234907826143674e-01
-7.506311039406721619e+00 1.062130127261482926e+01 1.332270417469583634e+00
4.104502691551019211e+00 1.867326536009440430e+00 9.864691723666958012e+00
6.010177960641326145e+00 1.039141414265666086e+01 6.048330340892688284e+00
1.364631831467296053e+00 3.373859954958625895e+00 -5.832357944782644577e-01
3.083838218036428006e-02 -6.525320388920871295e+00 -7.261609720144641678e+00
-8.115313481356253078e+00 -5.081594755769919480e+00 1.164966113803440351e+01
-9.398558691737374460e+00 1.287827079675292197e+01 4.099722597975515193e+00
-2.972201942999042612e-01 -1.144603141494022225e+01 -2.133036436867937979e+00
-7.471709944296328842e+00 4.075682207038125782e+00 -5.815577909297847903e+00
3.476652167190388276e+00 -2.960127666832252924e+00 1.857560359089049262e+00
1.418547577431797269e+00 3.727724711501985588e+00 -4.166125053607128592e+00
-2.461925884168539636e+00 -4.947433771593900964e+00 -3.573441820770314692e+00
-5.853579364621186443e+00 -9.125590883780068552e+00 -2.767851947698488857e+00
9.346782283874288666e+00 -3.737310023481215993e+00 4.108335200600270021e+00
5.558287772478324174e-01 2.572308748580522941e+00 1.464781300612484749e+01
1.764119118870796088e+00 1.632254979025554054e+00 1.433811185462135462e+01
2.003208264789867954e+01 8.682135188883309596e+00 2.456013253810000130e+00
-1.677547685119765219e+01 5.505520004338981366e+00 -3.860591593811334654e+00
3.604158024922124448e-01 -1.239456657424812569e+01 -2.009052963480144172e+01
3.394685797418594664e+00 2.620401136889674465e+00 4.005252447894582651e-02
1.763034601810052671e+00 6.886957325408745945e+00 -1.419294942506101886e+00
-1.400143654307163477e+00 2.608017373661636107e+00 2.343867550663133736e-01
2.216618100429564642e+00 -1.312790891055747622e+01 8.805132046538016510e+00
4.938685396947647965e-01 -7.934483374537359524e+00 -1.155205306949563493e+01
9.688782139238890423e+00 -9.810042872186441443e+00 1.797503434167633030e+00
-1.656562697477893309e+01 1.459649324499557865e+00 3.100092480659984329e+00
1.284803773395670490e+01 5.403673730239333395e+00 8.624932293375810133e+00
-2.288097005537588657e+00 -1.044982266794364101e+01 -4.948324277465644627e+00
-1.548416863023815315e+00 -3.311406682690512526e-01 5.770731357784184112e+00
1.133776256675722793e+00 1.097396413048850938e+01 -2.061312271474863955e+00
5.406740625286713398e-01 -1.589439644570056842e+01 2.497573540427351357e+00
-3.502680152838639760e+00 -6.221593457695797191e+00 -5.318712915603234670e+00
3.589541084984320118e+00 -2.006159584454870526e+01 6.390979555903564702e+00
1.224618019964567850e+01 -3.184137819506387412e+00 -1.042161481576761028e+00
5.976131278560908200e+00 3.141247147041172472e+00 4.771374500131305041e+00
-7.883046391271673059e-01 -1.381623190600423712e+01 -1.363384166616599946e-01
-2.676092082385657545e+00 -2.773965763320908717e+00 -1.194144240481217700e+01
-8.245629165355058632e+00 -2.268870395782549121e+00 1.068874994532166767e+01
-1.844636628654396704e+00 7.213500783640164116e+00 4.771377319230603042e+00
1.190694657336663376e+01 -4.937792023659280383e-01 -1.017840701720911412e+01
9.103126562101019559e+00 -4.102277281329946845e+00 7.352507734912002491e+00
-4.135315703490550554e+00 2.044331095650209207e+01 -2.827022627290602053e+00
9.289330546342340345e-01 4.372350995899011217e+00 -8.269241766116245174e+00
1.684278932757695557e+01 5.493699884648539644e-01 1.268334498135476984e+01
3.322838036040085985e+00 6.814334999331592257e+00 1.305288375989775984e+00
7.458389431250987300e+00 1.021757925169911374e+01 7.624134148041416204e+00
4.452020560379744474e+00 9.109160053268917423e+00 -1.181326620181236464e+01
1.105310370521279495e+01 1.731487550841150025e+00 6.089134198173911550e+00
7.532240454361724069e+00 -1.328759934390539854e+00 -1.079625708487417057e+01
6.293274477335488726e+00 -4.247450193271812502e+00 -1.485959804687919106e-01
9.461129588818957714e+00 -1.288570150671547054e+01 -7.939334282849105584e+00
2.090694328173039462e+00 -5.480855121366564831e+00 -1.503272009537074849e+00
1.064777787656869812e+01 3.504193483989582525e+00 5.542080386898676991e+00
-3.564425457552056642e+00 5.650835864248420215e+00 5.823129357785123084e+00
9.289153427625311821e+00 -7.440615806806468946e+00 7.334359215131144305e-01
5.948263871557886162e+00 -5.137593666573775364e-01 2.275327476804883453e+00
-1.973926784097984921e+01 5.968909256471938818e+00 1.968229787323697133e+00
-8.165382345835860534e+00 -1.216663173887711658e+01 5.429193172169363812e+00
1.564307951584310885e+01 4.593989830821309184e+00 -3.328404757757286614e+00
1.473194129374488348e+01 1.733806040926760872e+01 -3.604985420326569212e+00
6.851120780794031084e+00 1.494996498551328479e+01 -3.073810093697161072e+00
1.127398720546143629e+01 -2.817771272852927389e+00 2.368947790694754030e+00
-7.324319390898202664e-02 6.540787947910019717e+00 -1.256603435920078660e+01
-1.171541962883520682e+01 -2.158958536473397416e+00 -2.808618804118058865e+00
5.606219838027585389e+00 1.989482130611858857e+00 1.089857250006324207e+01
-1.570016953802970239e+00 -3.141806381108526836e+00 -1.208288042723673783e+01
-1.229249090835122793e+00 -5.856332814312534829e+00 5.824855754035734634e+00
-6.865699290189561932e-01 3.782483778672048658e+00 -6.781440634929931655e+00
-7.112223681267738407e+00 5.886315832870184783e-01 -1.345689805975046838e+01
6.858304107983038023e+00 -7.811431104947205384e+00 -7.484693112979543095e+00
4.704076143039226943e-01 2.982858581597377157e+00 -1.559492326659631445e+00
5.077688469499073598e+00 4.909729124816992751e+00 2.880548879036460619e+00
5.073591674768286097e+00 -2.054887720267247886e+01 1.792809121505746006e+01
7.448021496125130092e+00 1.616906770162409357e+00 -9.693705390273109401e+00
5.821207935394862032e-01 2.879810829263957483e+00 3.137509143949785972e+00
-2.246021462898046828e+00 -3.005031457207907319e+00 1.085649836264631851e+01
-2.061818851477115189e+00 3.252994129763524089e+00 8.397824797637006844e-01
9.505991731164566971e-01 4.031081514209748029e+00 6.231466851533575380e+00
-2.409729659874347174e+00 -3.478265949150640690e-01 -1.184157442580719355e+01
9.392170671387990666e+00 -1.786608258419224660e+00 5.901277346169231386e+00
4.459014170654249654e+00 5.469137681556636821e+00 -7.611609811494378874e+00
-5.242774381609798695e+00 9.332238195702151629e+00 5.842666669454623651e+00
2.207846298090144987e+00 -4.194603333192207018e+00 1.089981372250479197e+01
-7.547956897918357555e+00 -4.397558018243538314e+00 -3.468121380561540956e+00
1.031729915630040928e+01 8.210629401638453118e+00 -4.039395500315220211e+00
-1.541065567136929326e+00 1.647678673817646766e+00 5.098348375733414706e+00
-3.775481276207884207e+00 1.307301520117263394e+01 9.659800140127321910e+00
-2.279331387735158643e+00 -1.084105591737647778e+01 -5.920361622710770710e+00
5.635607508107752572e+00 -9.611203092801069658e+00 -1.209742218829814586e+00
1.301683255161323594e+01 6.698625771502212167e+00 2.912299146321385646e+00
3.697280104894093533e+00 -4.796138066722541282e+00 -1.799125442149948739e+00
7.514084906758574434e+00 4.903735775323431745e-01 -3.548795765837891025e+00
1.467876693289086543e+00 -7.068740921879318684e+00 9.385642796204619609e-01
-7.391469972279967493e+00 -1.353691131391875579e+01 -1.925298709081903481e-01
-3.776607037326142446e+00 -1.325444972028345880e+01 1.190553831576282917e+01
1.058121538527768468e+00 -8.832690477844721499e+00 3.019201903566862466e+00
-3.623161956052296073e+00 -1.016232808624850037e+01 -9.393051328764359553e+00
-8.545606263646432055e+00 -5.357315078929621777e+00 4.370454976386801249e+00
-1.007695343536145494e+01 1.231970990577479697e+01 4.076907678175174077e+00
-1.327750139048795130e+00 2.694040032823468600e+00 -6.988062577303184142e+00
6.923601580954386492e+00 7.426604192270057858e+00 2.688390703777285631e-02
-2.573045124813175377e+00 6.561948231491219197e+00 1.550672633195055106e+01
-1.611689775813823333e+00 -3.231233825812427352e+00 6.397149905269247760e+00
4.311742411778013206e+00 4.404257581151340695e+00 -3.639660531513249531e+00
2.309402893209535179e+00 -2.963979962298392556e-01 -6.802377105810376356e+00
1.531986707996978003e+00 -1.585392083463746715e+01 1.242058979115461348e+01
-1.119242534825577629e+01 2.836923667335873936e-02 1.363758344460931138e+00
-3.759337916228410403e+00 -1.437624505133068720e+00 -3.212280972970100290e+00
1.524124549155530239e+01 -2.772070018290392568e+00 1.343360803831673067e+01
3.469562728765677173e-01 1.720583498200968364e+01 4.293418734308733775e+00
-9.146959369698766551e+00 -6.190698979916290590e+00 -4.203205704251232078e+00
2.293895757089944087e+00 -2.461981837609510393e+00 -7.947571442315517487e+00
1.387374185020473494e+00 -5.996607518183042274e+00 -5.478426485541624480e+00
-1.844065993469230946e+00 -1.315888668683339624e+01 -1.412041688351931867e+01
-1.148671991328290121e+00 1.093995764587547770e+00 4.343056256065755960e+00
8.455329902739277870e+00 2.973386014839273894e+00 -4.700580955982147202e+00
-6.595206594302160497e+00 -1.611350125394514388e+00 4.410774186022755394e+00
4.668996162313076681e+00 -4.330106951400964910e+00 9.406205191697859291e+00
4.948197379183941536e+00 -1.485698420849621337e+00 9.351231945672219936e+00
6.093435305324939044e+00 -4.297744338012885912e+00 5.353330093324085937e+00
-1.342752571381559346e+00 -1.099077833267710469e+00 4.750592560182882451e+00
4.792041212076830980e+00 -2.816047593871450871e+00 2.294397812025421868e-01
6.570253385824114112e+00 3.110306923020424552e+00 -4.868016837344626424e+00
-5.433641959285192558e-01 3.968171272009951789e+00 2.981875493178244074e+00
2.679895288329590120e+00 2.368916068421671905e+00 7.277532598826987886e+00
-2.626388596571383349e+00 3.860114793681519885e+00 -7.567675861416296001e+00
1.085083984882215091e+01 2.264010878986411957e+00 -8.606499602525035542e+00
1.582894190356719966e+00 -1.867111127705762152e+00 2.944823409096675615e+00
-1.120205535331892754e+01 -8.780760832707349195e+00 -4.462845036189928005e-01
-3.379617775277347080e-01 1.347987890646163978e+00 5.078565885397877899e+00
-2.547093702557783335e+00 -8.654698468207143947e+00 -1.477662267415558617e+01
-3.841641665389496918e+00 4.792683572899771316e-01 5.300844413026752022e+00
3.835828081551374336e+00 -6.881711492992582890e+00 1.414524032977592150e+01
-3.411739044413216515e+00 1.980621087020673965e+00 1.047439955846697401e+01
8.343907869650881715e-01 -3.131695600713050531e+00 -6.749380796131678295e+00
1.437413674916142581e+00 3.669793019331074380e+00 -1.004065265814401586e+00
1.179293638050778270e+01 -1.342337336889649002e+01 2.234692793390645971e+00
-2.303084199391534526e+00 -1.157366974858689890e+00 -1.123759659026373114e+01
-7.653963054632959562e+00 -2.070898904513956751e+00 8.419618501802886845e-01
3.475432523416593256e+00 -4.595495928562042920e+00 -7.524321831850531161e+00
-1.253028775231469538e+01 -5.796139386604105326e+00 -7.709289359819346821e+00
-8.621851037563544651e+00 -4.587147235680091861e-01 7.036628195003896913e+00
-9.165286502316048356e+00 6.453465222284285652e+00 -2.495401121912559361e+00
-1.898394651950987111e+00 -2.085673503763607162e+00 -3.635803337924647494e+00
7.969270127634325851e-02 5.381824556497226408e-02 1.010246384202001302e+01
2.923082033268686430e+00 1.954248648445945091e-01 2.333719600382448967e+00
1.668412981697107833e+00 1.396473610751513217e+00 -1.483916230890730992e+00
-1.257996086326389928e+00 -7.981688486276753203e+00 1.311582341187085810e+01
-1.056340254410408130e+00 2.695306503213071636e+00 -7.134446047372180466e+00
8.535857365764803362e+00 4.253107927458672499e+00 -6.967534112005283831e+00
-6.180682383644064082e+00 6.620840121512514997e+00 3.105662131944515902e+00
9.429365695680939297e+00 -4.614790770066171000e+00 1.111175434180034571e+01
1.251842550637297258e+01 -9.185346150177533531e+00 -4.420115648113355000e+00
-3.407852670793807826e-01 1.585010516343590137e-01 6.713120868992569434e+00
7.037709057320472361e+00 3.242611312397577716e+00 -3.137725941784130779e+00
-5.980034139186110487e+00 8.423229053500119745e-01 8.038727541501272000e+00
-6.064001043641911171e-01 6.716036213293167911e+00 -2.077804585777851099e+00
-2.239336823006017330e+00 1.520135268617629487e+00 2.528502344200211915e-01
9.755890535355124626e+00 4.635544094498654566e+00 -2.999549913271069568e-01
5.560634523041361632e+00 2.538888212395463473e+00 1.006797921296987142e-01
4.365287073950901764e+00 3.947246521514937267e+00 -1.062405633923249937e+01
7.884459115165664223e+00 -1.584185884955323198e+00 -1.757863000461199476e+01
-7.543639327991093602e+00 -9.577136998993825756e+00 -2.950788507408042882e+00
-6.565783617548488493e+00 -3.484450696075518383e+00 -1.675623268109431185e+00
3.639547181064014314e+00 4.925084503161922811e+00 6.003400222754359028e+00
5.465322088738177264e+00 -7.888686594059739043e+00 -6.690786868620547168e+00
-1.267400480273699781e+00 4.292117178288684443e+00 2.570133948356045916e+00
1.278333228992651804e+01 1.459789592272138004e+00 -6.241842892518622676e+00
-4.853770978717032669e+00 3.724081373284946483e+00 1.354299124704867741e-01
-1.255750369689992318e+01 9.524613117946984175e+00 -3.656753145046434561e+00
-3.884909455258748423e+00 -8.322050666776712902e+00 5.104261182442972888e+00
5.448409972332358464e+00 3.277808121509206085e+00 2.463620478689796833e+00
-7.383820868635083023e+00 2.149844603891669870e+00 -8.289164735603188561e+00
-1.872963052397287775e+00 -9.538808434122364455e-01 1.240088699149136525e-01
-1.315805538303150790e+01 4.827081543547973475e+00 -6.395839816047077520e+00
-1.166765133150866518e+01 -1.499464613007833691e+01 1.138919502203723094e-02
8.864197168187892828e-02 2.705185398208314496e+00 2.058305436432991797e+00
-2.023287391659120082e+00 -2.788911875968351772e+00 -3.146252582615326254e+00
-7.028441768434702475e+00 9.496080204768027500e+00 5.152822610075944887e+00
2.607405238681800519e+00 -1.200625267648682382e+01 -2.922535078597102487e+00
-4.962006640070026009e+00 -5.598881873458699587e+00 -3.233109252828317182e+00
-3.111403263824823018e+00 2.152235025189078854e+01 -8.273616516609539673e+00
-6.464290584450172794e+00 -3.620266278805296167e+00 -1.209518773149690674e+01
-3.823154401400265190e+00 -8.033061115438641764e+00 -3.361915893176040449e+00
-8.536941424064050654e-01 -1.205168610950671670e+01 -5.071157168627771661e+00
-3.314043389923254090e-01 -2.314534376195430898e+00 -4.459459415119063408e+00
1.018894407531481638e+00 -3.101557623403457864e+00 4.386419294557537540e+00
-8.555042693263777309e+00 -1.002282772786497667e+01 4.977610692031185557e+00
-5.157344431481036828e+00 8.067351525750652286e+00 2.299593565431730546e+00
1.984790054699260731e+00 -8.010779206803938735e+00 -1.828668295977229352e-01
-6.557427362209275579e+00 -1.022174850984402106e+01 3.425352608775325436e+00
-1.072862079297056148e+01 7.104541197041374545e+00 7.439958689293121097e+00
-2.914085409659325610e+00 8.753665966952436150e+00 1.355047013046945414e+00
-3.716516774764379694e+00 1.138263048310012415e+01 -5.763311688206577799e+00
7.462137317426455141e+00 1.387661541911626051e+00 1.936207976822809984e+00
9.611702717108187244e+00 4.856838858069953524e+00 -8.110871754305833292e+00
1.039756851752184019e+00 -8.025860269064120089e+00 -4.911741236782481757e+00
-1.063104153324535783e+00 2.974471782118718988e+00 2.837401570506314363e-01
8.395096913236519409e-01 -9.357637456893405314e+00 3.590117371182359740e+00
-8.367004430990714337e-01 4.951676642568768827e+00 6.073049847195568063e+00
5.291216868460583811e+00 -2.051914137481208655e+01 -1.259634896640366719e+01
5.509464421511945709e+00 7.917753096568346471e+00 4.542973135578554533e+00
1.578217448640982212e+01 -3.179984617761034915e+00 -5.411458054559904696e+00
-2.952396238008116125e+00 -7.059205970926739626e-01 -2.700586739040634399e+00
3.859370109581926056e-01 -7.405739248153693222e-01 8.141287453547578323e+00
1.105314635836851300e+00 2.756255657937479953e+00 -4.679233196634297598e-01
-7.893516969844435849e+00 5.007421498479436295e+00 -3.525344792616536438e+00
9.352099988614833714e-01 -2.746707311089858550e+00 1.112973137123478118e+00
8.913544273280852082e+00 -2.604854619394910475e+00 1.070226666409361815e+00
-1.558268872469218636e+01 4.843239482908471283e-01 1.077408415717049550e+01
1.642909090410394013e+00 7.467375603277932150e+00 2.645532622622814301e-01
2.489607529432810384e+00 8.267224120025042922e+00 2.944938786484998516e+00
4.829145507235989010e-01 -4.579866524911248682e+00 -1.916118360811813082e+00
-1.003437605801033028e+00 8.965396933526767143e+00 -7.224108957773160533e+00
-5.059561633476297615e+00 1.800742090033404796e+00 7.454344932033145632e+00
1.179399612673467779e+01 5.867401510774242546e+00 1.179702057252717040e+01
-6.057467428040428814e+00 -9.961243026379101195e+00 -3.614912643398195513e+00
4.630016579491230688e-01 7.655912747532282125e+00 -2.204957617132157210e+00
7.853063470778641753e-01 -4.644300175253640361e+00 7.010911707302394658e-02
-4.354457680932626751e+00 5.256963712558039292e-01 8.252794630414379551e-01
6.622652706070792927e-01 3.740370715384726541e+00 8.117916673410428885e+00
-2.685883151909973954e+00 -2.542570536591118824e+01 3.435095229204156553e+00
-4.732264810952805156e+00 3.706540319646910664e+00 7.016393040210987309e+00
1.146678552112653238e+00 2.513374217020009294e+00 -8.584450033084863207e+00
5.498311429389827865e+00 -8.184988253823714643e+00 5.689787494259888057e+00
-2.661444544449093996e+01 -2.069259874516403475e+00 -1.012552735027754558e+00
2.233075829737033224e+00 3.144494539292853830e+00 -3.063718817416938300e+00
5.546792224723515297e+00 8.177305902876563337e+00 1.902858323962250076e+00
-3.156683475711846043e+00 -7.846406850653669274e+00 -5.447871331841543707e+00
-3.040913717494601265e+00 5.131116726328989408e+00 1.713730069836938696e+01
-9.471949575898187534e-01 4.508993667671430394e+00 6.892154212825287729e-01
4.032833894458308421e+00 2.121117138786132283e+00 -5.863690524137477489e+00
-5.462110524441579074e+00 -5.600614203618333953e+00 4.864365669013560378e+00
-2.179761668325137070e+00 1.706237559217948396e+00 -1.405396237746775689e+01
-5.678763995959855038e+00 -6.091926102473955495e+00 2.998022467199678243e+00
4.635936721615756539e-01 1.506311841393830520e+01 -7.849676570327282832e+00
-1.680969435468985651e+01 8.017423493530458245e+00 -1.122400769229487771e+01
-5.333579567875452732e+00 -5.703441973612213722e+00 6.884601515093530466e+00
-2.332734450494808875e+00 -4.436094897881135424e+00 -3.396705171590570949e+00
-3.949864819455131126e-01 -2.057805928480388236e+00 -5.440900752364679960e+00
-4.404476061742238713e+00 6.841559577639019452e+00 3.514926664330336958e+00
-5.809430120813208198e+00 2.086289916985036896e+01 -4.819417401989201544e+00
-2.081676091737784340e+00 -5.864289444509422466e+00 -2.141092130673584448e-02
3.967079591981399922e+00 -7.914444149123716521e+00 -2.163224298901084364e+00
-2.379747064240731458e-01 4.049834237737450771e+00 -5.422858918657645688e+00
2.350307348713944755e+00 1.024607191468244594e+01 8.630505648978131106e+00
-3.011123316152910956e+00 -1.317145728593790999e+01 -1.617673895061575351e+01
8.616138457333240019e-01 -7.956656352989550207e+00 1.077780986027450361e+01
2.211557779986499384e+00 -1.032788247954717420e+01 -4.743449907252487385e+00
8.099448224927915163e+00 1.634879946814363194e+01 1.773811854318678050e+00
1.292927328358833172e+01 -7.902407240599242932e+00 1.631113577434948070e+01
2.169452436042475577e-02 3.118880858848492643e+00 -1.014975498208703186e+01
-1.340851565230837039e+01 -5.589338658405428539e+00 -2.640458760425633766e+00
-3.965226261676640274e+00 1.497806668619534154e+00 -4.836991390438681648e+00
-2.217343863886590272e-01 1.152814036104259365e+00 9.430635834288805697e+00
8.384859909938329636e+00 9.352329843592530167e+00 9.502511015161658747e+00
-5.309643526951888237e-01 1.355700372003819609e+01 -2.431965636360071237e+00
9.239129081378480990e+00 -9.374293644626996880e+00 8.685996718931800586e+00
5.244382644026474694e+00 -3.580325682591154468e+00 -2.033385979464793714e+00
-1.172353660300708178e+01 -3.325951588681902216e+00 -2.858612262845917407e+00
4.473989520285314825e+00 -8.393708192742153074e-01 6.546172977994243247e+00
-1.961762338539102091e+00 2.590273589343961014e+00 1.654195983362416023e+00
4.875755501755388188e+00 -4.953059510156267997e+00 1.686540170805319372e+00
7.758338398846424511e+00 -5.442950188766675801e+00 9.961705633801711812e+00
1.563459000804362020e+01 -1.601936692625995562e+01 -2.619547652870516163e+00
2.856808622408597120e+00 2.687879051825910803e+00 8.505226095772203010e+00
-1.542089257241939748e+01 -7.605303667269329715e+00 -6.197645078397534313e+00
-3.826223996403216532e+00 1.506044842101931813e+01 -7.927044881763261941e+00
-1.035077469298504305e+01 -1.074649939016656397e+01 4.085661058311376159e+00
-9.180694924459738004e+00 -2.789404004940037929e+00 2.163510645629178164e+00
-1.381304587118179938e+01 3.033186522583984690e+00 -1.150284298048568488e+01
-1.399385171253576665e+01 1.671939409749733096e+00 -1.316434304034543956e+01
-9.897989182364360872e+00 -4.228978075973251372e+00 -1.039614982727188952e+01
3.184607649614091152e+00 1.447797308973899799e+00 2.674170631415847321e+00
-5.510791616007547411e+00 7.945533468405505673e+00 -6.218435667619274909e+00
3.817947703722243791e+00 -1.028377259964183565e+01 -5.055695456895534790e+00
-6.739787323521493789e+00 -1.136341555553409854e+01 6.073802148411420632e+00
2.316838570660227692e+00 -6.230995835144666373e+00 3.437665211216454964e+00
9.467271527117100405e+00 8.266226654996930989e+00 -4.410461147325910325e+00
1.813793287968458756e+01 -4.113253523786886134e+00 5.692184990405318779e+00
8.236036698120871691e+00 9.906033734955673964e+00 -6.294447991419274580e+00
8.697091003322457992e-01 4.192152808948618414e+00 -1.039311532709965569e+01
1.479099876609634379e+00 -3.016477425863119954e+00 8.792155390215754096e+00
-1.841786419241733475e+00 -6.479780403546246070e+00 -9.118055383973251438e+00
-2.523439484997448634e+00 4.207826198388452177e+00 -2.020347245407995818e+00
-1.341157932549386089e+00 -1.116280668121236275e+01 6.821566645800595019e+00
-1.024796172176905440e+00 2.772378281670810907e+00 4.369587065156166794e+00
-5.799421534814096724e+00 -3.044146375465499155e+00 2.627114023061469794e+00
9.813740741624807029e+00 3.790762372700014815e+00 6.772564427801203379e+00
-5.335956913561428649e+00 -1.373704794737487411e+00 -1.548653169586944545e+00
-1.396233493143384408e+01 3.074494994212625176e+00 6.996782372477477807e+00
-7.709429523103935367e+00 1.028300691209899531e+00 1.382743971983781428e+01
-1.090889138324759422e+00 -1.145767171995546718e+01 -7.031913370778322125e+00
-8.924745305642378668e+00 9.273776721818942637e-01 -5.299569849266118737e+00
-8.424293809284497669e-01 -1.185029216146730402e+00 2.363067916982048988e+00
2.413511610962462139e+00 1.122860064117041823e+01 4.529861894659927835e+00
-4.810207950694367796e+00 -4.361493054967543692e+00 -4.387603457399563700e-01
-3.387570762452164264e+00 -5.814644164703347551e-01 4.847604342417633383e+00
7.881758790751820065e+00 -1.701636715782225417e+00 -8.574568780510027466e+00
-4.866346777996622741e+00 6.157218966678943417e-01 1.663264756641483766e+00
2.971514520653560698e+00 -2.937477056709056455e+00 -2.376946556331645533e-01
-1.581410864422860163e+00 -6.871919582324159670e-01 -1.030697980933754643e+00
-1.276264455091732142e+00 -6.689592376282299746e+00 -2.241437052059737089e-01
-6.540830038718333128e+00 7.592231721906701480e+00 6.511694848811893976e+00
-1.142305212529811431e+00 -1.133822917814307729e+01 -4.227492556530211942e+00
1.366088670554222784e+00 -2.859485678749710491e+00 7.197539355504662950e+00
1.303337283904031096e+01 8.496712325082880213e+00 7.179572965416693542e+00
-3.273800583647694218e+00 9.575106014679832800e-01 8.754900384991719520e+00
6.792051301454512746e+00 1.294352309153546265e+01 3.362494742223034017e+00
1.079455971349827736e+00 -5.277246213465386582e+00 -1.233724914666220229e+01
2.191205119159259418e+00 -9.186212198543724838e+00 -1.021254131855673286e+01
-1.915673047863976919e+01 -1.152709834298396352e+01 -5.397423818945936702e+00
-3.752579281875977113e+00 1.483178197744598359e+00 -3.665554652781569445e+00
8.355950904863567175e+00 6.896647574996087604e-01 9.593888062944690986e-01
8.219050513724609486e-01 -1.117472044841292034e+00 1.229739870847833094e+00
-1.224425981503162397e+00 -3.976840270113993214e-01 4.419212607383548708e+00
1.389365460724827805e+00 -1.446288651532881442e+00 1.332491057445515992e+00
3.121173910230638171e+00 -1.256052673869066538e+01 -4.021677136390422014e+00
5.948133154009681789e+00 -1.186783165787653616e+01 -7.421001519791159406e-01
-1.675173881499064210e+00 -4.909172084106273815e+00 -8.283313169337326087e+00
-5.683002012771722455e+00 -1.011171514045993725e+01 1.249410571105661916e+01
-3.807897684890731771e+00 -7.277309842024369146e+00 8.174588875915966835e-01
3.608860479958131418e+00 1.153258431995460853e+01 6.683414821552502438e+00
7.167088288097634319e+00 -3.803896002236368368e+00 4.486142287699912856e+00
4.126756666641338889e+00 -8.004126439786116265e+00 2.208309886524487675e-01
-1.550181326887923594e-01 -3.458300908458248557e+00 9.585151113523080468e-01
-6.543326615252219369e+00 -7.615046696980011021e+00 4.596448579672880452e-01
4.271393030733394269e+00 -1.838879546236598994e+00 8.128624189693628210e+00
-7.826290412695044996e-01 4.811028565418941638e-01 -1.845609982934711679e+00
-1.839287881144039183e+00 7.060378007381990173e+00 6.023979108847252739e-01
-5.723907236972030077e+00 -7.636102256592734783e+00 4.295215675943068412e+00
-1.580506075863859117e+01 1.496286899443489471e+00 -5.955795011041690401e+00
-8.144012698548253049e-01 5.232355289198292070e+00 -2.079653220174665584e+00
1.688231156985940729e+01 -5.248005815131262519e-01 -1.129672787375850973e+01
1.185764951163222314e+01 6.292849241685073203e+00 7.442385023765578644e+00
-1.060185969203253187e+01 -7.194092916510586910e+00 1.884905328183942075e+01
1.155733482625415043e+01 -3.766368746471804752e+00 -7.346908823143682987e+00
-1.121429190847261559e+01 -2.775362895232742488e+00 2.821855805655966720e-01
-1.028309569296387238e+01 5.564992271616330477e+00 6.474697583097706044e-01
2.638450641840866417e+00 -7.382174918897915106e+00 2.869076079811317737e+00
3.736665957478988442e+00 -2.140780702226724230e+00 1.161660287059442576e+00
8.181291004131225897e-01 8.216310240279128152e+00 -7.131205302602743323e-01
2.587972762151677486e+00 -7.519129865627798281e+00 1.027388693292119015e+01
-3.632219546247565933e+00 5.488204183674830761e-01 -8.909638188729793740e+00
9.345178164714655011e+00 -5.921614773480230021e+00 4.702264757937657524e-01
3.895027619134726393e+00 -3.561591122583208868e+00 6.784756972350962645e-01
6.304768549143905609e+00 -7.080660950283953703e+00 -4.452944247989748305e+00
-9.931650448363303907e-01 1.198435617373810658e+00 -7.513485565189876869e-01
1.518933936270835972e+01 1.331530412697125065e+01 -1.393270949142451975e+00
3.852083933694848916e+00 -1.654431197133051512e+01 8.495578368179094397e+00
-1.104575949770808485e+01 3.559543206122241177e+00 -8.756445524084989884e+00
3.997631391435008563e+00 6.725193463757213941e+00 -3.735147666109035480e+00
2.583658923703010757e+00 -1.448298752525987165e+00 -3.676350715846953054e+00
-9.026933583138690764e+00 -6.706052328731440859e+00 6.042320419951052735e+00
-8.093571359919908836e-01 3.893779016022177686e+00 -1.553183004577394399e+01
-1.646282409099755029e+01 -4.797246187935359174e+00 -7.889549558929282114e+00
3.560799786954449875e+00 -3.324537327790876517e+00 -8.841130859437475564e+00
2.051825140064805542e+00 9.417609654278360054e+00 9.389331505047861626e+00
-1.045552077982117112e+01 -3.446763374289572912e+00 3.835323688585341451e+00
9.521722941294727960e+00 -2.256475560494135557e+00 -7.176657770427580019e+00
7.779050574054213740e-01 -5.993536460852261882e+00 6.559716487535843576e+00
-6.847608624318849202e+00 2.597532685652779616e+00 8.670903831249684446e-01
4.097087795899459373e+00 -1.116605386863445837e+01 -1.268430728070283742e+01
1.175296867528162004e+01 -2.265262337835435957e+00 2.490013247771424076e+00
1.264209391642668834e+01 -1.464478070046120628e+00 1.500611099095219814e+01
4.171413870716507155e+00 -1.797821822978392703e+01 -2.219086679739544543e+00
7.573735167856369799e+00 4.864401416086711727e+00 -3.165526370295491887e+00
5.526302194348374996e+00 -3.146667553489343572e+00 -3.629702891301056944e+00
7.114446606825599595e+00 1.075130725846889668e+01 7.881947474955516064e+00
-3.624348401444128065e+00 8.233157392856345069e+00 3.112885495848412898e+00
3.463358229005074840e+00 1.142140824939947841e+01 -4.452725120110588186e+00
3.161788134083066026e+00 -5.468843795679956266e+00 7.214320064875083816e+00
1.235215598841083384e+01 5.764507649044726456e+00 9.064479995924504152e+00
-6.918385556388678692e-01 -6.002114887673548616e-01 1.571680266889311062e+00
1.168832484909949798e+01 8.469008180833592192e+00 -6.989910766050010160e+00
-2.109096755385482691e+00 6.940220283515769140e+00 1.126930668463536200e+01
6.069659954599382345e+00 6.539001030474477005e+00 4.255327233970586320e+00
-3.895798321647117035e-01 2.764877399219106913e+00 3.417331982684342684e+00
4.226691115542528521e-01 -7.227544276672023038e+00 -3.201189505594936868e+00
5.700468543779752650e+00 2.120219773335214164e+00 8.068036054540785429e+00
-3.339141630843796893e+00 -1.289256762577228654e+00 -3.099748877502172650e+00
-9.818607735972179285e+00 6.605519445865898120e+00 -7.407113898573860489e-01
-1.177593056451755743e-01 -3.375404890035502259e+00 -5.177057874437481777e-01
-8.981385145366186151e+00 -6.118237116753903138e+00 1.595950921424039670e+01
8.182405444008807649e+00 8.707635671946018618e+00 1.548001086659840730e+01
-4.177940445773749900e+00 -5.379461514595072380e+00 -1.689080951150705090e+01
-8.972338256522220945e+00 3.868329857844468034e+00 -9.399573127054358324e+00
-2.319570050150925322e+00 -6.777138542066934335e+00 1.183228502698703899e+01
1.522748761751742341e+00 1.152054053840389169e+00 3.325404389052355913e+00
-5.386159067743419016e+00 -7.675210875007563160e+00 5.397719934083994531e+00
-3.062506339491124496e+00 -2.799246203614211392e+00 -5.503169052277581130e+00
-1.329527203496349674e+00 1.098286493609734960e+00 -1.063405076016380590e+01
-2.922082695094147642e+00 -3.276369500950110147e+00 4.626891746046523757e+00
-2.181965769949505862e+00 -4.526469712391099520e+00 1.008667868658207745e+01
-7.836946196638692186e+00 -2.741190374045666012e+00 -6.024489885198460293e+00
8.450327000036509162e+00 -5.683186456898116745e+00 -1.455153546480316473e+00
1.058806583242711774e+01 -9.974275059490949502e+00 -1.513803227503271343e+00
-7.405107719639652863e+00 -3.762293017084663127e+00 7.610889083270488520e+00
-6.125903726564526863e+00 -3.956357768370597050e+00 1.905081791830195437e+00
1.194620845830963596e+01 -8.298776363146879165e-01 9.766124125911202825e+00
1.177251027716026188e+00 6.909249798169172507e+00 2.096887262961177334e-01
-1.035153959438654603e+01 -9.503169240733637224e+00 -3.633591909290406985e+00
-8.272616195169909759e+00 2.752487687319399523e+00 -5.519135369682876657e+00
-1.462054930800736763e+01 -5.441389859406280394e+00 -6.754202602381931264e+00
1.434547002025823303e+01 -1.637381318913299211e+01 -3.916222378883556843e+00
-2.412359965844186327e+00 7.181900219531451413e+00 -7.351377995891950068e-01
-7.297998455659444161e+00 -1.590802469142796216e+00 2.255105874754628481e-01
4.168731731749713454e+00 8.677905178451627011e-01 9.548890265453838566e+00
-8.117687530101175275e-02 1.553037984466647536e+01 -4.575441347111146584e+00
-1.376726811887770374e+01 4.894031108345403780e+00 2.072908864844094268e+01
-2.805114089107984210e+00 8.718486167584309499e+00 -9.420296918709203382e+00
-4.842585270609226278e+00 4.972282957460439357e-01 -3.383665849799819103e+00
3.344167314169315564e+00 -3.683359679741914583e+00 -5.419687374337687658e+00
-5.759851425896056476e+00 6.434601519294020022e+00 -7.956732201914896052e+00
1.908376668362129935e+00 1.199896643987131917e+01 -3.636550281521715444e+00
6.967834834887258744e+00 -9.181402965853994402e+00 7.625057458368966756e+00
-1.255339633417823952e+00 8.501178021223326553e+00 -6.896527028217599664e+00
-1.437039323230435983e-01 -3.730133478132131142e+00 -3.689070635066649118e+00
-5.683666901196891885e+00 -8.401240541966249253e+00 -6.573690919038455149e+00
4.100451875562504789e+00 4.575523402264027872e+00 -7.511308254795471262e-01
4.024545355870912999e+00 1.102961669852148496e+01 1.865406411570614820e+00
-1.605208319434775888e+01 -1.519260871621242792e+01 5.547416194477017726e+00
-1.635847797857608865e-01 -6.793650995598736309e+00 -1.081975199375406405e+01
-5.918725317660402219e+00 3.644742993716733714e+00 3.497444345594061144e+00
-1.542519656803914074e+01 -6.985363820111325950e+00 1.186922094401638184e+01
3.423167347209388200e+00 1.290816342172350240e+01 6.976682253960302837e+00
1.447617490760909575e+01 1.596143464650302590e+01 -2.302168534151275203e+00
-3.194598839522909683e-01 5.940679909303620221e+00 -1.060269593196428595e+01
5.757724328311832451e+00 -1.341894649477761092e+01 -4.575622233433819797e-01
-9.748145933872953250e+00 -3.457692300110780881e+00 1.090253441151503111e+01
2.773883978327146504e+00 -7.387581638143154272e+00 -7.202627020525061319e+00
9.230449952088477517e+00 -1.510292902117010616e+00 3.372488824795120799e+00
-2.508292794022349420e-02 -4.922596931858907787e+00 1.304767519353799088e+00
-1.795899860442852969e+01 6.286157563253139458e+00 -8.574673657488755651e+00
-1.126877818944891629e+01 1.160854655878797459e+01 8.848989219053063238e+00
8.130306254046477665e-01 4.553376319672829631e+00 1.692659197689685513e+01
-3.639197179339785038e+00 1.043225798485636524e+01 -1.662490606103737889e+00
-2.712111611723406313e+00 -8.234775860542336900e+00 1.061899927934678267e+01
3.439057734039891123e+00 -8.193525817201679828e+00 -7.636962229774511890e+00
2.894389628734610476e+00 4.774818056894036822e+00 1.268988125131075684e+01
-9.301208214446841094e-01 4.484624414077786447e+00 -6.211877249729088613e-01
-1.290945665035999568e+01 1.103947451307708683e+01 -4.761245189352941942e+00
-3.227697798731679057e+00 -1.843053939773442451e+00 -3.121513819169981385e+00
-2.911701856762223706e+00 -5.497033900005365847e-01 -1.214442347201934114e+00
6.192463448271551485e+00 6.918290007737127212e+00 9.425406918845656179e+00
-1.384755943496582553e+01 -1.386986944353300188e+01 -3.550883377777943384e+00
-1.346623576577540282e+00 -2.064943942830108625e+00 1.352356473358202082e+00
1.706859952920082435e+01 -5.567088654655369950e+00 6.472959906841809108e+00
-1.798220461033408313e+01 1.022744372208274655e+01 -8.801647554053939615e+00
7.543825861641866304e-01 2.115190328528133268e+00 6.013222571884099033e+00
-6.828980296094568914e+00 3.264990158699184519e+00 1.006108083868115166e+01
-1.263449879012332389e+01 -7.915423871107543974e+00 -4.140843911076799722e-01
3.909013068523559120e+00 1.532812124526768294e+01 4.405496118037815378e+00
-1.628814635774256558e+01 -5.846182579809512170e+00 -8.295434808892130363e+00
1.831134374500606177e-01 -3.198331425863077282e+00 -4.638065121368351917e+00
1.071419555166936100e+01 1.977497860559071086e+01 -3.838165829460137957e+00
1.692652635465216715e+00 -4.061339946325253969e+00 1.566047182049652653e+00
-1.047446503536055396e+01 -2.682241558042501417e+00 1.418874608588671116e+01
3.349382964210827041e+00 1.064726636520269665e+01 7.595493774251250052e+00
5.790983737121981889e+00 1.535501684290608571e-01 -3.556119753223665025e+00
-1.433785109430616522e+01 -1.663432182795546277e+00 2.628187738714258259e-01
3.956833059544272668e+00 -1.042853085010490011e+00 -2.054360195067196582e+00
-9.357135796562692676e+00 1.275989527717864647e+01 -1.473863487928085192e+00
-1.086057362457596653e+01 -2.642344828768449450e+00 1.146122233428180204e+00
4.532186784411936564e+00 1.071717817504399095e+00 6.846261001850261207e-01
9.084154495923852934e+00 -7.358661301254106668e+00 -5.551926666783251640e+00
-1.121534585597090822e-01 -1.543033628169183480e+01 5.528255059761479018e+00
-1.657167226717024988e+00 -1.310387653806502684e+01 1.683962566401989935e+00
-3.611093182910973365e+00 -1.051795596064583194e+01 -4.222012608562502045e+00
1.003264403983688879e+01 -6.142570531452864913e+00 3.712904313990741390e+00
3.717300817132166646e+00 7.823645064892983392e+00 -7.670098041540167166e+00
-3.017327976343159968e+00 -5.680815334129961647e-01 7.270876819933524970e+00
7.876046356048968633e+00 -9.620980545625462454e+00 -3.712976581762797323e+00
-1.004116054703130345e+01 3.176486486464722869e+00 4.351784411123738039e+00
-5.775314645501511635e+00 -4.651758836406255426e+00 -3.055000904259676187e+00
1.139300798465190168e+00 6.707790306426659299e+00 -1.773095089414617576e+01
-7.753334157016363193e+00 2.541743328517807488e+00 3.665031073072816170e+00
-4.247126140862730992e+00 2.732671546338831248e-01 2.394969855769107259e+00
-6.046186403204409920e+00 8.856219667390286432e+00 -5.348881297336490093e+00
1.146895552576883581e+01 -6.923075807869324194e+00 4.013198223182484980e+00
-4.163042753229116322e+00 8.504837904688848482e+00 7.471650450083196837e+00
-8.717360214653523398e-01 6.878463485720593518e+00 9.257245594731450256e-01
6.405218160399624994e-01 5.278804316436288779e+00 -1.186859988332670390e+01
5.094262802928826162e+00 -3.612053260989090742e+00 -2.671030615244007311e+00
8.367656441268735534e+00 1.704322198500460628e+00 -5.391508863401345941e+00
8.454222384818251612e+00 -1.421344747754618965e+01 -1.579966155804723549e+00
-4.931692619699709290e+00 -2.216747806608055260e+00 3.487160809487727331e+00
-2.561226931856074376e-02 -1.240974087505361645e+01 8.050696359768082289e+00
-8.277685653301665170e+00 -3.730171996761270314e+00 1.137858029454273989e+01
7.305012705415549590e+00 -6.095143108761543971e+00 2.261043842521021308e+00
4.579789362765512628e+00 3.113131776649202376e+00 1.382749196614952680e+01
1.436903420568616196e+00 8.438867197196977088e+00 -9.257860892016808174e-01
2.240527705619020704e+00 6.189521352017054667e+00 -2.176193150028330248e+00
2.958140712370186165e+00 4.170442015143420444e-02 -4.982213834987087253e+00
6.114229390754832849e+00 -1.595655560491167435e+01 6.622984247623292520e-02
-1.074979777543858539e+01 -1.511539315332318978e+01 -1.068871644730104009e+01
-1.962749666664849624e+00 8.794190921461614963e+00 1.010323492970705139e+01
2.103063584279290243e-01 8.494266239846576028e+00 -9.206711791855349603e+00
7.622610152720598053e-01 7.112648460793467464e+00 -2.348723247176049522e+00
2.225715437421656784e+00 -3.618777246129688319e+00 3.821224304303519670e+00
2.479581442052686047e+00 -1.167449263095611300e+01 -1.968639295185923954e+00
-2.100549700831427202e+01 3.237852039551189165e+00 -6.187787672278898476e+00
3.394697392980939643e+00 -4.207946388631700785e+00 6.798492014331295463e-01
-1.099922798696485948e+01 -1.073151461344003899e+01 1.953969710388309577e+00
-3.065544443927448626e+00 3.798058499337499061e+00 -7.823059561221168412e-01
-2.182854477204521526e+00 -8.434198243628118874e+00 -1.650270180749422977e+01
-1.467865791858728175e-01 -3.018978619950361431e+00 -7.197539210287986933e+00
-6.730869870374282193e+00 7.501738381783765064e+00 4.569490743679478051e+00
-1.336135975043351110e+01 8.490959110163787571e+00 6.255865412527514380e+00
6.951663943247198496e+00 7.816669475081611473e+00 -6.856177894650795857e+00
-1.016174331056706848e+01 8.414061533664920489e+00 -3.737812018141158266e+00
5.830984136574349108e+00 2.035457858343189486e+00 -7.544550385819516869e+00
1.221248759367372294e+01 1.090366346010317145e+01 -1.189585778164688884e-01
8.898709610564857542e+00 1.661584211388081656e+00 -7.224439718821416001e+00
1.077268006539373602e+00 -7.244291456813798824e+00 -1.742361464121357395e+00
-2.504626297793082657e+00 4.394436682087389912e+00 -1.029614172644208558e+01
1.571410755495016609e+01 -6.630929401393547806e+00 2.967867967992027900e+00
-1.385423297703067647e+01 6.923849950246770746e+00 -3.118987579039270486e+00
1.005567911625712263e+01 5.030556525711861404e+00 -1.089643594012172478e+00
3.681771958423821767e-01 -2.697335033130447091e+00 -1.137484698803118377e+01
1.017590180867528815e+01 1.249144944860444895e+01 1.284052862023543351e-01
2.515805101714050807e+00 2.005211595121812795e+00 -1.041606626742022179e+01
-7.405581827469981171e+00 -3.873093250836251666e+00 -1.331065781856933938e+01
8.333002790536433224e+00 -1.869676756898699388e+00 4.696491680565360483e+00
-4.106411791848544546e+00 -6.496543552252409093e+00 -8.841629515362231517e-01
-7.026516308849630743e-01 6.064096580749327003e+00 1.108576738864857880e+01
1.007641162032783672e-01 1.074670649530735922e+01 -2.371313084629496082e+00
-1.634294391579071970e+00 -3.876985682727415394e+00 -9.486679424599927524e-01
-6.505450455758412076e+00 1.569877907142038120e+00 -1.505402667364664993e+00
-4.159797429984882555e+00 4.750768350626495717e+00 4.371786883401478363e+00
6.068884376603119080e+00 -6.700807025267384587e-01 -7.242925708671370089e+00
-2.223265152855954607e+00 -6.481088590214088896e+00 2.782938615072693689e-01
-9.028453770275564949e+00 1.432682345251797384e+00 5.215712645867575326e+00
1.451216356190285550e+00 5.712671637701979499e+00 3.275684756630217187e+00
9.106936304998463072e-01 -6.682027552184349517e+00 -7.444231893723800120e+00
-3.950582896977236302e+00 5.240342429393441970e-01 3.725649330896223077e+00
6.466286325662082390e+00 9.396661270937695321e+00 1.422666677488344966e+01
-1.962603332111725152e+01 -2.708916563489366158e+00 -1.248459516331146935e+00
-2.745636097502924144e+00 3.144470652828673107e-01 1.410414804806503497e+01
-2.339207563846036120e+00 1.062442204020686809e+01 -1.009383650344479832e+01
-1.552932845047081223e+01 -4.135954385275868894e+00 -1.532946308466708807e+01
5.650743840840032339e-01 -5.496875020302410819e-01 -2.012606161700576823e+00
3.954433498290504390e-01 7.107362592404390611e+00 6.244766883755713316e+00
-7.034903737185814521e+00 -6.777086837048477364e+00 -1.128442916588246581e+00
-8.042135647787155506e+00 5.502119659013675168e+00 -3.305907965256136283e-01
-9.816354166044494178e+00 -1.973777056693966081e+00 -1.317543537923850705e+00
-1.672298929315983562e+00 1.137658252152041349e+01 -1.399687969584638481e+00
-1.364248856076609728e+00 6.968108430208816984e-01 1.322369787243628281e+01
1.935774061013676661e+00 -8.339572649342429145e+00 1.770161908569822273e+01
5.147284713754306296e+00 -5.840789687676068986e+00 -2.478316774712443493e+00
9.584869676199661015e-01 7.330838903398968043e+00 2.792790647194774323e+00
7.666305689926117273e-01 -2.213210946931677015e+01 7.869918127634286442e+00
6.681189960142835282e+00 1.731077058685115411e+00 1.413762510321528865e+01
-4.330323092344856128e+00 -6.880853101371490199e-01 -6.670774291874021600e+00
-1.133983154903794421e+01 -4.818726761549634863e-01 -3.523155419243418685e+00
5.255491600583265033e+00 2.204319679622531503e+00 2.377015721279197358e+00
5.769919398212005390e+00 -3.457157215759566693e+00 5.166779370942036209e-01
-5.705516235979571249e+00 5.190522118908760696e+00 -1.010384812143427347e+00
7.842169010204218971e+00 -8.112069251062628550e-02 -3.215008324766022163e+00
-7.276740018276670163e+00 1.292485716222577574e+00 7.125396523742031363e+00
4.558742863969711401e+00 3.461048159828223891e-01 -2.880786195846659403e+00
-3.219608783669214436e+00 1.490258002975902052e+00 -6.272085845969772144e+00
9.953716420588632374e+00 -6.190664841323936685e+00 3.312057906732289503e+00
6.729897427283707323e+00 8.247524694583260874e-02 6.845603417759402731e+00
-3.605668354511112561e+00 3.050242692766268249e+00 -9.535915200096898303e+00
-5.830830890645345654e+00 -5.341402849525763941e+00 -4.091644740879092801e+00
1.223606779275723033e+00 -3.643906757497852755e+00 2.546791199541018624e+00
-1.563301470427674111e+01 -5.599268064991033356e+00 1.029611242056190079e+01
7.831686014008779395e+00 -1.170208651910184194e+00 5.945899684671026364e+00
-5.724738526357652901e+00 5.324361203344750715e-01 -2.602642176018574283e+00
-7.057211823379009097e+00 -3.457632002854975628e+00 8.483516208695597527e+00
1.389331487517961250e+01 -3.706985946641469631e+00 2.114204534381055461e-02
1.829554304072375848e+00 6.483857131010292818e+00 -1.523223805919387219e+00
1.065961426108719756e+01 -1.376841225068590546e+01 -1.466824522023699062e+00
5.850008482656779973e-01 6.138561089855338437e+00 -8.640255915088498995e+00
-9.946487860504028333e+00 1.784342259214725557e+00 1.019277995047471563e+01
-1.706466624139324928e+00 -2.966572876088524602e+00 2.337801571391843325e+01
-2.887500982250135628e+00 1.783142448779428957e+00 1.177207091423782215e+00
1.244126134288260355e+00 -8.575140088674462646e+00 -8.598647931081140783e+00
2.500944212812233225e+00 1.238159718664701980e+00 7.120694142083261902e+00
-1.244978299961854518e+01 -8.476934180161450172e+00 -4.464910312684583715e+00
1.574890922570589247e+01 9.343682554682164465e+00 7.631351660256258995e+00
3.306471459333812368e-01 1.101966431812777003e+01 -5.631611040537738866e+00
-6.828118961543339971e+00 -5.361042635604486017e-01 2.441672032713932072e+00
1.077847564292318516e+01 -9.972762247306141248e+00 3.697189996981229854e+00
1.494503429248755033e+01 -5.103639522195785538e+00 -3.162162533808503984e+00
1.682147016246425153e+00 -7.864786826942906650e-01 -4.114008327293518619e+00
-6.849345224340706029e-01 -2.310049262786981306e+00 -3.849205873248688903e+00
4.738422036938588100e+00 2.869303100253994820e+00 -6.790033455080238589e+00
-5.874357894172112182e+00 -1.351688578806774998e+01 -7.773748485236201766e+00
1.831011017816505770e+00 -7.536055223708557627e+00 -3.406159453383852842e+00
2.896634376741082928e+00 5.654808132144243160e+00 -8.329680015489772771e+00
-4.046782837856686577e+00 -2.633824016989896322e+00 -1.400128288946692479e+01
-6.823695647899707062e+00 5.302393857626326756e+00 -3.275517246354099576e+00
2.226651988510389923e+00 -2.556073277590366288e+00 1.447873570208648886e+01
6.340678234119430101e+00 -4.335769565518384105e+00 -7.591939610515709980e+00
-1.603005360283689384e+01 5.058788455290843089e+00 -4.808749339133283840e+00
-2.115282435948188766e+00 -1.548951777129996188e+01 -6.823198320311997023e+00
-3.867801534356670512e+00 5.462872408554833470e+00 -8.589434863193563530e+00
-1.260987338871397023e+00 -3.154639513931512429e+00 -1.070775015292979138e+00
-2.439181097399928611e+00 9.311323209317906802e+00 -5.248990099690464817e-01
-4.965000300387099941e+00 7.657649908039307896e+00 7.429681402706314053e+00
1.251629097999126827e+01 7.770477356808931368e+00 8.785050833835846007e-02
-2.962872879072286469e+00 2.785114294647934585e+00 -7.863945397114744829e+00
-1.814973201266950298e+01 -3.409761621679523014e+00 6.126364374322738726e+00
-4.143843506841792923e+00 -1.033841312934789514e+01 1.296096565024905978e+01
7.278708221637852915e+00 -1.030672042863942828e+01 1.603966333872232042e+01
2.886568305703399950e+00 7.472115002753429103e+00 -7.461861070300346732e+00
7.469227114814744439e+00 -1.192319186859447377e+01 -3.581338879828056765e+00
4.415976284424324660e+00 -5.042467218268157358e-01 -1.298993009116465558e+01
1.602249651458562824e-02 -1.210372413088144583e+00 -5.368187717220054278e-01
-5.350830538070336928e+00 -7.846285326077768296e+00 3.752230832171611130e+00
4.605696109481858258e+00 -2.762870220404910482e-01 -1.019574564416293150e+01
2.274679913493960814e+00 -2.342837053467125230e+00 -2.354020618372325124e+00
4.350918196489088174e+00 1.769676024558517913e+00 7.336837183402507456e+00
-1.435884136217130624e+01 9.998863299318268005e+00 6.930526612067620107e+00
-2.645358267048159018e+00 -1.768052617836157525e+00 -3.348548254589717832e+00
-1.000338774933306318e+01 -7.246033493115880297e+00 -1.615568400137787819e+01
9.995041651864453591e-01 8.262904700004053637e+00 -2.546308735303718596e+00
4.794880408234335256e+00 7.364201311208035117e-01 -1.094964658486782705e+00
1.391982942596292183e+00 -1.415623127796818004e+01 2.597993238151264705e+00
-6.897932065966066340e+00 1.547878816276429648e+00 5.305830884164907779e+00
-1.636626951099545257e+00 -2.733492600615947676e+00 -1.031439425351049710e+00
-4.986354754735446426e-01 1.253473134856314886e+01 2.945576257130101627e+00
1.086368921283377986e+01 -2.424687984375697436e+00 7.061628316230426528e+00
-5.618739273200287876e+00 4.048651577466568341e+00 -1.103880138582563397e+01
-4.880686888174434301e+00 1.171735440261770567e+00 4.592754764619127350e+00
-6.613695911047986264e+00 4.956663030064331288e+00 1.322940439465288875e+01
-3.972862457158428562e+00 -1.057937580004492162e+01 -1.481644048339161968e+00
-5.818387559575652013e+00 1.056232251174387748e+01 -9.145876349411997452e+00
4.702673499743183605e+00 1.592545639237567912e+01 -6.157257701226184210e+00
-7.725697700892282249e-01 -1.275041888155069891e+01 -7.674016335020640511e+00
1.839139628207849153e+00 4.061827340659093011e+00 -4.298168647268707510e+00
1.133488715393523272e+01 -8.815950420950754207e+00 -5.567306209344058843e+00
3.937390061703013089e+00 9.568613735416709787e+00 1.928830794928450487e+01
-1.919022907620564311e+01 4.779294111781564602e-01 8.276859484872439054e+00
-1.121565448423940303e+01 4.149876971511472057e+00 -1.221587279004663351e+01
-3.096696416861588030e+00 9.299519357603461600e+00 -7.828797063889660457e+00
-2.541923429433868176e+00 1.666284069182338845e+00 -2.010162222040583480e+00
-8.933192561827880240e+00 1.052180389621584133e+01 1.422101909086400440e+00
2.080193617868674849e+00 -9.642153236577303943e+00 -5.480051144209744152e+00
1.263134958698081567e+00 -1.271620184366368811e+00 -1.185920439070051291e+00
-3.127796363726957907e+00 -7.560632332757080576e+00 -3.492619229980951978e+00
-8.961403688438181803e+00 -4.252645928706757505e-01 2.668938945400899154e+00
9.648162567558661307e-01 -4.937518022673269336e+00 -8.118613909610179036e+00
3.100866712957902838e+00 2.007425763324622636e+00 6.146954173598110138e+00
-1.126487031229441094e+01 -1.017187623448176836e+01 -8.833585037322842837e+00
5.354513742486334493e+00 6.679696365999495455e+00 -3.295969076759177607e+00
4.413497057797489020e+00 3.084376799774440236e+00 -6.437771917385388676e+00
-6.534595784131436602e+00 -5.568651589147799896e+00 -1.664398507921226678e+00
2.467034426003050562e+00 -2.166535609228312342e+00 3.666860295277349913e+00
-6.267013392382404791e-02 -2.119455848164351064e+00 -2.571849313269876092e+00
-1.117698999355699918e+01 -3.915829573359481230e+00 2.731498611748858885e+00
-1.259378780340568049e+01 1.940514476649123576e+00 5.922805353328609357e+00
-6.790875722566835915e-01 6.650031374166055720e+00 8.996508452801844413e+00
2.106401468149841083e+00 1.621201662614017280e+01 -5.925028950028928598e+00
-1.043575349908245853e+00 -6.611672160701727918e+00 9.628337739538272544e+00
-9.718830016129418325e+00 4.158741074824441886e-01 8.587970562433449473e+00
2.960202356631792542e-01 5.054349294403828630e+00 -1.084479485068480287e+01
3.244463628382877829e+00 1.613096648654256171e+00 2.535331208916101975e+00
-5.957716377554840292e+00 4.048363495749463858e+00 -7.502341493060084021e-01
3.478558110260395519e+00 4.391031748621186281e+00 1.407588202571640634e+00
4.190399445327420480e+00 1.705319068988854492e-01 5.386051159370128794e-01
1.180648092604572597e+00 2.728917790839080038e+00 6.040703768382649663e+00
-2.017388245334100993e+00 9.165760021909592936e+00 -2.996909458008951699e+00
1.147140207299695547e+01 5.481759943614624042e+00 -1.879064372158457452e+00
-7.201046293498848172e+00 5.551796039720168885e+00 -4.623004227300936186e+00
-5.213686043341685838e+00 6.507715913277682063e+00 1.326703339948635829e+01
1.909223995682356190e+01 8.807023719371008141e+00 9.699523853775055215e+00
1.548300347370929586e+00 -8.833437924009425402e+00 1.304225342813922994e+00
1.082850687303985637e+01 9.360821437860428418e+00 -4.043728322210577986e+00
-4.375887630677976148e+00 1.632806594102940378e+00 7.366464442349376363e+00
5.812039027727161411e+00 -2.915230223055083503e+00 1.733832246148569567e+00
-7.203894719410222081e+00 -2.620270286907000479e+00 6.882442726973208025e+00
-4.538287453152143769e+00 -5.946151398854960801e-01 -5.015826942989277448e+00
1.108652785211169522e+01 -6.632575835538474074e+00 3.996942887309437697e+00
9.670753705695541713e-01 -2.192078852549810719e+00 -5.154467190633832629e+00
1.555959003295329449e-02 -2.010298679208461614e+00 -7.577721735889817456e-01
1.005867013432815682e+01 3.265802361522959885e+00 -3.621379168389839975e+00
-1.026996588948107525e-01 -3.685411789177927222e+00 -1.009074254430654882e+01
3.667749723679956997e+00 1.736735155429198207e-01 -3.286905618304454268e+00
-2.532320861096778231e+00 7.870129006942971017e+00 -8.442348315396921876e+00
-4.957596373102557408e+00 -2.422023737512294606e+00 8.657223211021106479e+00
1.166369251037760435e+01 1.390055899576233323e+01 -5.738283398786680145e+00
-5.933007524927090159e+00 -5.649313552062159793e+00 -3.963572107377654419e+00
1.784892110213565175e+01 4.080830405421109752e+00 1.058182496881340695e+00
-7.760253467498434254e+00 9.498093046452185106e+00 -1.713300206231513467e+00
1.224697851027560880e+01 -1.880278269124479706e+00 2.403546805552811527e+00
8.332136200742095156e+00 4.579070634406257945e+00 -4.203557466856019609e+00
3.386381096656834622e+00 5.258138605569049773e+00 -4.447247881033803196e+00
3.971182366192409052e+00 7.027078977983395314e-01 2.982405920872646554e+00
4.226882229363742027e+00 -5.648827660319549970e+00 9.539177794664352561e+00
1.140471266185000232e+01 -4.101233531493925888e+00 5.615331899098488400e+00
-1.088096910927038330e+01 4.585742565669308490e-01 2.922940583724235264e+00
-3.050079896257836154e+00 4.196742296630547209e+00 2.080132120558639830e+00
-1.090101753477653546e+01 8.870459748507148134e+00 2.444442039218901908e+00
4.037121607371990883e+00 4.523503901193738130e+00 3.093753396677634715e+00
1.147346100091614307e+00 -9.492562511283454185e+00 -1.033209147022591701e+01
1.292828788446940935e+00 -1.689411457981027986e+00 -5.656085500209480088e+00
7.063030682701636032e+00 -6.969569886313443874e+00 -8.231064696704811112e+00
-8.112348808196916394e+00 6.214699146586085909e+00 -1.480712115590730704e+01
-5.307509316850283376e+00 -1.132608481547560331e+01 1.611108644933065603e+00
4.502649153047154407e+00 -7.432644645703516684e-01 3.062921385616274250e+00
3.854174973254508862e-01 1.639326917651269810e-01 2.726596998134418914e+00
1.498838985991342021e+01 -2.493808463113878826e+00 4.135964504583164114e+00
1.239435653191568321e+01 -1.829655713574355858e+00 -4.237256763362592160e+00
3.013521602352647655e+00 7.339952942792451474e+00 2.619284938260564743e+00
9.867577636728752211e+00 1.630138358782332153e+00 5.957670531837300915e-02
-1.392700756291019637e+00 1.095065641737742368e+01 -8.973666220942181582e+00
9.145627089336917592e+00 1.875352678073378243e+00 5.131783990441838306e+00
-1.051928726178493712e+01 1.638327684607833135e+01 -6.118589900047725294e+00
3.965062593634749444e+00 1.751309813543890703e+00 -1.324071285801511344e+01
-6.846044505237530942e+00 8.607053232890025996e+00 -7.134141517712270897e+00
-3.438190113966708150e+00 6.581386198369999718e+00 -2.590313594011385501e+00
3.656813897363566657e+00 -4.537025901757721691e+00 6.701468230963492978e+00
-6.364676063637391579e+00 1.244478640045787010e+00 -9.552666221302642313e+00
4.716394307653245299e+00 -2.958895495824533928e+00 2.267485477098394764e+00
-5.311390331851405300e+00 -5.191453544826540867e-01 -4.224121880157009734e+00
-4.085534644410761196e+00 2.240507756608140166e+00 2.560933940021652422e+00
1.890675752942077281e+01 -5.260303427599427595e-01 -9.196524913888767472e+00
8.090654559358631204e+00 -7.676723326239562439e+00 -4.368157481856032476e+00
2.883011294106244904e+00 -5.147828561564907757e-01 -5.865045978986159980e+00
1.303157596961405540e+00 -3.247092992855176163e+00 -5.724124261396027258e+00
-8.397049997715214431e+00 4.077646860558969411e-01 -4.339747515759247776e+00
-7.372583029668763110e+00 5.968893438645945793e-01 -3.533872284464119495e+00
1.567923459453558488e+00 -1.445420207388228739e+01 4.086268165890396098e+00
6.960043865740708213e+00 2.370485055414872644e+00 -3.137640775651707070e+00
7.837039752751136845e+00 -1.217026243480985492e+01 -6.074584181649265169e+00
2.502265493679051822e+00 1.175823966035602730e+01 -5.588663827994411193e+00
6.653251735672529144e+00 1.556783953833016820e+00 2.623587610514094948e+00
2.387225276438622035e-01 3.181415002680660464e+00 2.179842694427679417e-01
8.009437160335886041e-01 -5.234654244019681713e+00 -1.239648003763008255e+01
-4.463032667757537375e+00 6.417753095560874144e+00 -1.153483383526863904e+01
-6.788920470602069490e-02 1.405906257999651521e+00 -2.207631302018157271e+00
2.863027948191503302e+00 1.041847337410596275e+01 -2.020080857139326946e-01
-1.580447300534114641e+00 -4.731809346960321072e+00 1.428748620892739130e+00
-7.532935481456167537e+00 -2.592499028822961460e+00 -7.486706119946727966e+00
1.212261996479470660e+01 -9.563856993824281005e+00 9.838831487489390071e+00
-9.973334577979655613e-01 3.253892806785019937e-02 3.260179190356284451e+00
3.346024236548882591e+00 6.569081589710378255e-01 2.368712314443205624e+00
-1.048832584838788407e+01 -8.348441442200998708e+00 4.937500728512449477e+00
2.068137476247923878e+00 8.680824284249732514e+00 8.871502099694312804e+00
1.536730367604376646e+01 -2.005782627614598468e+00 1.037282097843786444e+00
-2.876615351696120815e+00 -5.313416200069090434e-02 6.562778979158349735e+00
8.154901217968090421e+00 -3.298208144595853764e+00 -3.333106429582066710e+00
7.899016833256101933e+00 9.272253043500006342e+00 -5.230305157950122741e+00
8.232369213459882928e+00 -1.146880331618464366e+00 1.006708514369615504e+00
1.798926395988332372e+00 8.680432255766845628e+00 6.062645549453111737e-01
-8.973316576252593491e-01 2.464927295792538331e-01 -1.345888702355539124e+01
-1.411721282146450651e+00 4.626314779533063692e+00 -8.590796127871723128e-03
3.550436335080563666e+00 8.066697833893778480e+00 2.621117482759883099e+00
1.099126904176842245e+01 -4.016008278386937747e+00 -1.108041975106097787e+01
2.098554803630518162e+00 8.482135663025594852e+00 -9.192948800129556730e+00
-1.457694881884515681e+01 6.987287011076380949e+00 -4.430077924319001603e+00
3.773103381269232726e-01 -1.653342021868634770e+00 -4.168870345308859804e+00
-7.741038210091711669e+00 2.517822000723585862e+00 -3.612331729276057501e+00
1.504768835805089022e+00 -9.722363804417923916e+00 1.227092426797067981e+00
-4.869142959058069819e-01 -1.614583661610254905e+00 3.382114725338484895e+00
-1.947024164132175272e+00 -4.723464620330850572e+00 1.043359202555740239e+01
-1.405441379995757023e+00 2.011946782652472177e+00 1.251059603691251354e+01
-4.250492787289441021e-01 4.334782289459806925e+00 4.681101142701915130e+00
5.290640793146256904e+00 -4.176552597126049982e+00 -1.467381016442090669e+01
2.746552075511818458e+00 5.733847208581691390e+00 1.178726348471014207e+00
-4.634442018181713085e-01 1.030131434642105992e+00 -1.245830705942561067e+01
3.846198527481106133e+00 6.956152036464396282e+00 8.906010044456110109e+00
-5.791175078176133972e-01 -7.945565529179279274e+00 3.025460665459590359e+00
-3.336054684892630906e+00 4.932986098894900917e-01 2.246085480594634198e+00
-9.134396496117193065e-01 -7.373470505163207456e+00 -1.700152307689698217e-01
1.712593869227041665e+01 7.806211434550274220e+00 4.993872235526185754e+00
-2.662577265323670325e-02 1.696727756193226133e+00 1.444519979944693389e-01
-1.317294708057895392e+01 1.003214784737359899e+01 3.189886343692520665e+00
4.601040579144134668e+00 7.360315871074647021e+00 -9.097838802830963800e+00
2.644208199864400921e+00 -1.088324931095066184e+01 -4.330887989174545538e+00
-2.724666602494893564e+00 -2.804086926514638645e+00 -1.117098153366383295e+00
-9.746482665396426270e+00 8.401698499860938085e+00 -6.820305433965987874e+00
1.109911093669902149e+00 -3.049154703316171222e+00 -3.599774711841880581e+00
5.617034439550941727e+00 2.078544795330469874e+00 -3.129009054145987179e+00
1.407190095511566152e+00 1.450213003987167459e-01 -1.118889557010321223e+00
1.228510150241542975e+00 -9.485337619005607124e+00 7.500084603543337280e+00
-1.122857811096354741e+00 8.652803610410432000e+00 -2.592126099167532782e+00
-6.534240179828294970e+00 2.383505019391347179e+00 -6.592114279554911249e+00
7.276303092136485740e-01 1.339339475430133319e+01 -5.843847566747384370e-01
5.244657384584193949e+00 -2.193414858842933413e+00 -2.535967987044622518e+01
5.077828170778447614e+00 4.775924359380430140e+00 -2.713986435396301022e+00
-5.089642737240259507e+00 -1.773230440554656173e+00 8.794344512441817363e-01
-6.147591370407390343e+00 -5.028714003995638393e+00 -8.112241889566590203e+00
1.538201718694022979e+01 -1.059664628192726532e+01 5.580019681504245099e+00
-4.138755316777026572e+00 9.875232852817859452e+00 -1.061188796840275828e+01
6.750094119507527246e+00 -1.130482663521191711e+01 9.387870913807677908e+00
5.086746231049699141e+00 5.451703018161150993e+00 3.232581276924081592e+00
4.973800928084130213e+00 7.178034093944088978e-01 -5.420650277193297839e+00
2.913589617491485040e+00 8.718670021415054094e+00 3.211764262102301259e+00
-2.878792073515160421e+00 -7.958897731193030900e+00 -1.362194520160166888e+01
-7.018026692287798518e+00 -7.450058992467028851e+00 8.626694423546069634e-01
-9.926150786829074590e+00 1.346202445176739637e+01 5.104314234572201237e+00
5.753198955796419156e+00 1.219196473551888360e+01 -1.799312826441398006e+00
9.775709102578595378e+00 -8.696700943554434460e+00 5.453222917289962668e-01
-1.053603448981131052e+01 4.821853451048294659e+00 7.274971632089177298e+00
7.059959231200461538e+00 4.049654280312097399e+00 7.082321812296905605e+00
1.315908286675913708e+01 8.667106073256659826e+00 -3.389666642516372175e+00
2.166159050059844215e+00 -1.053577858032133996e+01 9.029228579755718798e+00
-1.435712734538870716e+00 -1.139287568762436287e+01 -6.770647228465350054e+00
3.343105046837115957e+00 2.818721120542138081e+00 -6.544057306663469298e+00
-8.712399916472639561e+00 -9.023658315348605186e+00 -6.248071356990848813e+00
-5.612020754637401687e+00 1.575723628316502101e+01 -7.414346774947332186e+00
8.574542097974543253e+00 3.287052003324801852e+00 -9.898356342948977371e+00
-5.936315067065144113e+00 1.127125726088717350e+01 5.543600289919455193e+00
8.730959086706841177e+00 1.326405734693677196e+01 1.079796051382179733e+01
8.284308919612625388e+00 -6.778875855532318973e+00 1.521853590079524920e+00
-4.877301212228613458e+00 1.067733486621597194e+01 1.438817989367223227e+01
8.454164374638226676e+00 4.276537448467116476e-01 -1.749804839318088445e-01
1.153285928062427246e+01 9.140125673844785581e+00 -3.157566933189224212e+00
-4.087545908788794868e+00 5.757776226789135698e+00 -8.172468970286946188e+00
1.205851706298260595e+01 -1.051081296216347205e+01 -6.912910045561394767e+00
6.823908532902344781e+00 -7.752053457426100636e+00 -1.881476576083968899e+00
5.696923048760488939e+00 -3.113030860647315379e+00 1.589543024717002417e+01
8.357717187692447203e-01 -6.008829786251886906e-01 -1.762051973348794931e+01
-4.560462367248189430e+00 -5.701690896602415570e+00 9.501649114691502751e-01
3.095147657830065846e+00 7.546522992014100595e+00 -5.940112370094265515e+00
-1.816977990912923557e+00 1.140829603380283785e+01 7.618567617028482175e+00
1.200420040688121937e+01 1.115509101086223076e+01 2.491657075562123680e+00
-1.030661366915621935e+00 -5.968506695371023074e-01 -8.526637893460717876e+00
-7.397067854376833118e+00 -9.837209685508774726e+00 -1.711895101444608214e+00
-3.480020366076435057e+00 5.607824342865706413e+00 -8.074757101140058069e+00
1.895496184777509896e+01 1.419265229291017150e+01 -1.103353417190061192e+00
1.764068377800008136e+00 -3.594734665465687318e+00 -1.449490159651459997e+00
5.062277595390746177e-01 -2.103916496977617623e+00 4.234806866987877783e+00
7.350161468444685653e+00 -1.266020121889049399e+01 -4.533507344732773170e+00
-1.604572074562997130e+01 -2.568347878141427287e+00 1.107350463719648204e+01
-1.986767193692587696e+00 -3.809619907877450085e-01 -1.544401356768401401e+00
-9.360677548589897867e+00 8.409431345375638855e+00 -1.510659260091782974e+00
9.753095201452072871e+00 9.760762435395575309e+00 -6.861478557746655937e+00
5.157676390934809341e+00 5.668552841708803136e+00 4.930263303069103209e+00
1.308636763828899818e+00 -1.689290444249750278e+00 1.036739797414450592e+01
2.459351938544861227e+00 -5.438899718816792905e+00 4.758608617157615406e+00
3.558925739501827668e+00 -4.838686907464384568e+00 2.643875437454923372e+00
1.154503833508047883e+01 7.269185448442564201e+00 -4.266750669282770025e-01
-4.419023932487032624e+00 9.225291232291522592e-01 -4.891411842601645965e+00
3.469351346879485098e-01 -5.969377593066782062e+00 6.269257835045545235e-01
2.137813378956752164e+00 -6.688873543983977932e+00 -1.226903988656849265e+01
8.617365433461838364e+00 1.369659416544213304e+00 6.675930129026793836e+00
-8.012023468051589603e+00 -9.195483135084421278e+00 4.826008039004846317e+00
3.055023086661006193e+00 -7.228262303912300624e+00 4.974419127164660392e-01
8.392829059642215039e-01 1.698309456138185070e+01 6.794341426262514583e-01
-4.223464622789310674e+00 -1.375819310234102533e+00 3.628579314250063526e+00
-3.112556079738774795e+00 1.766323062380023856e+01 7.103195805804375373e-01
-9.264460142475955395e-01 3.487325014521781785e+00 5.928427095420398807e+00
2.984960831528857828e+00 4.342760831536785382e+00 -4.125622759553682073e+00
3.644080280589145460e+00 3.928503295114462279e+00 -6.079334817159050885e+00
-3.231486321629629899e+00 1.144185837352378066e+01 2.750326551665633446e+00
7.410686414562310809e+00 -2.512707034258803152e+00 6.860917449479988051e+00
-5.870726087106213908e-01 1.370950563969428515e+01 3.344533468383336761e+00
6.130150699501637490e-01 7.589474512612604862e+00 6.081955754525958824e+00
7.520748288426095662e+00 1.541457851611583107e+00 5.877315926165429971e+00
-7.788131944603132739e-01 -1.483258777374152793e+01 -2.473556657111183998e+00
-3.080122394033371958e+00 -3.690265809231141336e+00 1.109218699624177162e+01
-6.909844721943445567e-01 -5.060956081612570934e-01 -4.820250910679434675e+00
5.113359544297807702e+00 1.092391290691967676e+01 -3.490030414370355771e+00
1.256673176265440084e+01 -3.581897740143267672e+00 3.440658621546657692e+00
4.530424759826300746e-02 -6.483021432530375883e+00 -4.980400211561231139e+00
3.831458170391818019e+00 1.843515813143985582e+01 -1.119941134893540635e+01
6.520444459342883192e+00 6.508906683787512470e+00 8.767690596782321322e+00
-4.810343392488019454e+00 9.374785995889636681e+00 -1.676275805406550301e+00
-1.322333711731146444e+01 4.353578216343036544e+00 -1.003132491166631546e+01
1.809633198721064318e+01 -3.813615538618845502e+00 6.513443351174076135e+00
-1.552803840063667673e+00 1.131047404277023327e+00 2.897080710494358335e+00
-3.345923836164597542e+00 -4.555846780697740961e+00 1.312482097741068054e+00
-1.071058445282098148e+01 1.219571947038453841e+00 -4.579028145667532357e+00
-2.338908918216168864e+00 4.077626918864406314e+00 -6.240377811754738602e+00
-1.469523371050554639e+00 -5.228027782096359211e+00 -1.589895254472206032e+00
8.649154396232082931e+00 1.231258546876164317e+00 8.834224215168800853e+00
3.010669556742529451e+00 1.141929719602004312e+01 -5.572760399318798186e+00
1.875012790793716988e+01 2.597604326544897368e+00 4.402449984157686957e-01
-5.414207497070691488e+00 7.026220820073986850e+00 1.689631647340673393e+00
1.014949165649255391e+01 -5.149012968410024982e+00 2.365332420432638472e+00
3.287692772352909021e+00 -8.372174061326630223e+00 4.966643272906191342e+00
1.005434637570475864e+01 -2.681045100709684270e+00 1.488238759505044051e+01
-2.419005635216495254e+00 8.294811180160832631e-01 -2.005332108317752660e+00
4.738531717844659319e+00 5.709992389837944549e-01 6.046154821477930597e+00
-1.044363750745214325e+01 -7.206237887175647394e+00 -4.039728279246275755e-01
8.084844701985181459e+00 7.571178075702531096e+00 6.108557844768544243e+00
-2.092302705232498727e+00 4.605655489310030326e+00 7.433316422586417005e+00
