  5000 
  3 
  0  
  2.0  
  2.0  
  2.0  
  2.0  
  2.0  
  2.0  
  2.0  
  2.0  
  2.0  
  2.0  
  2.0  
  2.0  
  2.0  
  2.0  
  2.0  
  2.0  
  2.0  
  2.0  
  2.0  
  2.0  
  2.0  
  2.0  
  2.0  
  2.0  
  2.0  
  2.0  
  2.0  
  2.0  
  2.0  
  2.0  
  2.0  
  2.0  
  2.0  
  2.0  
  2.0  
  2.0  
  2.0  
  2.0  
  2.0  
  2.0  
  2.0  
  2.0  
  2.0  
  2.0  
  2.0  
  2.0  
  2.0  
  2.0  
  2.0  
  2.0  
  2.0  
  2.0  
  2.0  
  2.0  
  2.0  
  2.0  
  2.0  
  2.0  
  2.0  
  2.0  
  2.0  
  2.0  
  2.0  
  2.0  
  2.0  
  2.0  
  2.0  
  2.0  
  2.0  
  2.0  
  2.0  
  2.0  
  2.0  
  2.0  
  2.0  
  2.0  
  2.0  
  2.0  
  2.0  
  2.0  
  2.0  
  2.0  
  2.0  
  2.0  
  2.0  
  2.0  
  2.0  
  2.0  
  2.0  
  2.0  
  2.0  
  2.0  
  2.0  
  2.0  
  2.0  
  2.0  
  2.0  
  2.0  
  2.0  
  2.0  
  2.0  
  2.0  
  2.0  
  2.0  
  2.0  
  2.0  
  2.0  
  2.0  
  2.0  
  2.0  
  2.0  
  2.0  
  2.0  
  2.0  
  2.0  
  2.0  
  2.0  
  2.0  
  2.0  
  2.0  
  2.0  
  2.0  
  2.0  
  2.0  
  2.0  
  2.0  
  2.0  
  2.0  
  2.0  
  2.0  
  2.0  
  2.0  
  2.0  
  2.0  
  2.0  
  2.0  
  2.0  
  2.0  
  2.0  
  2.0  
  2.0  
  2.0  
  2.0  
  2.0  
  2.0  
  2.0  
  2.0  
  2.0  
  2.0  
  2.0  
  2.0  
  2.0  
  2.0  
  2.0  
  2.0  
  2.0  
  2.0  
  2.0  
  2.0  
  2.0  
  2.0  
  2.0  
  2.0  
  2.0  
  2.0  
  2.0  
  2.0  
  2.0  
  2.0  
  2.0  
  2.0  
  2.0  
  2.0  
  2.0  
  2.0  
  2.0  
  2.0  
  2.0  
  2.0  
  2.0  
  2.0  
  2.0  
  2.0  
  2.0  
  2.0  
  2.0  
  2.0  
  2.0  
  2.0  
  2.0  
  2.0  
  2.0  
  2.0  
  2.0  
  2.0  
  2.0  
  2.0  
  2.0  
  2.0  
  2.0  
  2.0  
  2.0  
  2.0  
  2.0  
  2.0  
  2.0  
  2.0  
  2.0  
  2.0  
  2.0  
  2.0  
  2.0  
  2.0  
  2.0  
  2.0  
  2.0  
  2.0  
  2.0  
  2.0  
  2.0  
  2.0  
  2.0  
  2.0  
  2.0  
  2.0  
  2.0  
  2.0  
  2.0  
  2.0  
  2.0  
  2.0  
  2.0  
  2.0  
  2.0  
  2.0  
  2.0  
  2.0  
  2.0  
  2.0  
  2.0  
  2.0  
  2.0  
  2.0  
  2.0  
  2.0  
  2.0  
  2.0  
  2.0  
  2.0  
  2.0  
  2.0  
  2.0  
  2.0  
  2.0  
  2.0  
  2.0  
  2.0  
  2.0  
  2.0  
  2.0  
  2.0  
  2.0  
  2.0  
  2.0  
  2.0  
  2.0  
  2.0  
  2.0  
  2.0  
  2.0  
  2.0  
  2.0  
  2.0  
  2.0  
  2.0  
  2.0  
  2.0  
  2.0  
  2.0  
  2.0  
  2.0  
  2.0  
  2.0  
  2.0  
  2.0  
  2.0  
  2.0  
  2.0  
  2.0  
  2.0  
  2.0  
  2.0  
  2.0  
  2.0  
  2.0  
  2.0  
  2.0  
  2.0  
  2.0  
  2.0  
  2.0  
  2.0  
  2.0  
  2.0  
  2.0  
  2.0  
  2.0  
  2.0  
  2.0  
  2.0  
  2.0  
  2.0  
  2.0  
  2.0  
  2.0  
  2.0  
  2.0  
  2.0  
  2.0  
  2.0  
  2.0  
  2.0  
  2.0  
  2.0  
  2.0  
  2.0  
  2.0  
  2.0  
  2.0  
  2.0  
  2.0  
  2.0  
  2.0  
  2.0  
  2.0  
  2.0  
  2.0  
  2.0  
  2.0  
  2.0  
  2.0  
  2.0  
  2.0  
  2.0  
  2.0  
  2.0  
  2.0  
  2.0  
  2.0  
  2.0  
  2.0  
  2.0  
  2.0  
  2.0  
  2.0  
  2.0  
  2.0  
  2.0  
  2.0  
  2.0  
  2.0  
  2.0  
  2.0  
  2.0  
  2.0  
  2.0  
  2.0  
  2.0  
  2.0  
  2.0  
  2.0  
  2.0  
  2.0  
  2.0  
  2.0  
  2.0  
  2.0  
  2.0  
  2.0  
  2.0  
  2.0  
  2.0  
  2.0  
  2.0  
  2.0  
  2.0  
  2.0  
  2.0  
  2.0  
  2.0  
  2.0  
  2.0  
  2.0  
  2.0  
  2.0  
  2.0  
  2.0  
  2.0  
  2.0  
  2.0  
  2.0  
  2.0  
  2.0  
  2.0  
  2.0  
  2.0  
  2.0  
  2.0  
  2.0  
  2.0  
  2.0  
  2.0  
  2.0  
  2.0  
  2.0  
  2.0  
  2.0  
  2.0  
  2.0  
  2.0  
  2.0  
  2.0  
  2.0  
  2.0  
  2.0  
  2.0  
  2.0  
  2.0  
  2.0  
  2.0  
  2.0  
  2.0  
  2.0  
  2.0  
  2.0  
  2.0  
  2.0  
  2.0  
  2.0  
  2.0  
  2.0  
  2.0  
  2.0  
  2.0  
  2.0  
  2.0  
  2.0  
  2.0  
  2.0  
  2.0  
  2.0  
  2.0  
  2.0  
  2.0  
  2.0  
  2.0  
  2.0  
  2.0  
  2.0  
  2.0  
  2.0  
  2.0  
  2.0  
  2.0  
  2.0  
  2.0  
  2.0  
  2.0  
  2.0  
  2.0  
  2.0  
  2.0  
  2.0  
  2.0  
  2.0  
  2.0  
  2.0  
  2.0  
  2.0  
  2.0  
  2.0  
  2.0  
  2.0  
  2.0  
  2.0  
  2.0  
  2.0  
  2.0  
  2.0  
  2.0  
  2.0  
  2.0  
  2.0  
  2.0  
  2.0  
  2.0  
  2.0  
  2.0  
  2.0  
  2.0  
  2.0  
  2.0  
  2.0  
  2.0  
  2.0  
  2.0  
  2.0  
  2.0  
  2.0  
  2.0  
  2.0  
  2.0  
  2.0  
  2.0  
  2.0  
  2.0  
  2.0  
  2.0  
  2.0  
  2.0  
  2.0  
  2.0  
  2.0  
  2.0  
  2.0  
  2.0  
  2.0  
  2.0  
  2.0  
  2.0  
  2.0  
  2.0  
  2.0  
  2.0  
  2.0  
  2.0  
  2.0  
  2.0  
  2.0  
  2.0  
  2.0  
  2.0  
  2.0  
  2.0  
  2.0  
  2.0  
  2.0  
  2.0  
  2.0  
  2.0  
  2.0  
  2.0  
  2.0  
  2.0  
  2.0  
  2.0  
  2.0  
  2.0  
  2.0  
  2.0  
  2.0  
  2.0  
  2.0  
  2.0  
  2.0  
  2.0  
  2.0  
  2.0  
  2.0  
  2.0  
  2.0  
  2.0  
  2.0  
  2.0  
  2.0  
  2.0  
  2.0  
  2.0  
  2.0  
  2.0  
  2.0  
  2.0  
  2.0  
  2.0  
  2.0  
  2.0  
  2.0  
  2.0  
  2.0  
  2.0  
  2.0  
  2.0  
  2.0  
  2.0  
  2.0  
  2.0  
  2.0  
  2.0  
  2.0  
  2.0  
  2.0  
  2.0  
  2.0  
  2.0  
  2.0  
  2.0  
  2.0  
  2.0  
  2.0  
  2.0  
  2.0  
  2.0  
  2.0  
  2.0  
  2.0  
  2.0  
  2.0  
  2.0  
  2.0  
  2.0  
  2.0  
  2.0  
  2.0  
  2.0  
  2.0  
  2.0  
  2.0  
  2.0  
  2.0  
  2.0  
  2.0  
  2.0  
  2.0  
  2.0  
  2.0  
  2.0  
  2.0  
  2.0  
  2.0  
  2.0  
  2.0  
  2.0  
  2.0  
  2.0  
  2.0  
  2.0  
  2.0  
  2.0  
  2.0  
  2.0  
  2.0  
  2.0  
  2.0  
  2.0  
  2.0  
  2.0  
  2.0  
  2.0  
  2.0  
  2.0  
  2.0  
  2.0  
  2.0  
  2.0  
  2.0  
  2.0  
  2.0  
  2.0  
  2.0  
  2.0  
  2.0  
  2.0  
  2.0  
  2.0  
  2.0  
  2.0  
  2.0  
  2.0  
  2.0  
  2.0  
  2.0  
  2.0  
  2.0  
  2.0  
  2.0  
  2.0  
  2.0  
  2.0  
  2.0  
  2.0  
  2.0  
  2.0  
  2.0  
  2.0  
  2.0  
  2.0  
  2.0  
  2.0  
  2.0  
  2.0  
  2.0  
  2.0  
  2.0  
  2.0  
  2.0  
  2.0  
  2.0  
  2.0  
  2.0  
  2.0  
  2.0  
  2.0  
  2.0  
  2.0  
  2.0  
  2.0  
  2.0  
  2.0  
  2.0  
  2.0  
  2.0  
  2.0  
  2.0  
  2.0  
  2.0  
  2.0  
  2.0  
  2.0  
  2.0  
  2.0  
  2.0  
  2.0  
  2.0  
  2.0  
  2.0  
  2.0  
  2.0  
  2.0  
  2.0  
  2.0  
  2.0  
  2.0  
  2.0  
  2.0  
  2.0  
  2.0  
  2.0  
  2.0  
  2.0  
  2.0  
  2.0  
  2.0  
  2.0  
  2.0  
  2.0  
  2.0  
  2.0  
  2.0  
  2.0  
  2.0  
  2.0  
  2.0  
  2.0  
  2.0  
  2.0  
  2.0  
  2.0  
  2.0  
  2.0  
  2.0  
  2.0  
  2.0  
  2.0  
  2.0  
  2.0  
  2.0  
  2.0  
  2.0  
  2.0  
  2.0  
  2.0  
  2.0  
  2.0  
  2.0  
  2.0  
  2.0  
  2.0  
  2.0  
  2.0  
  2.0  
  2.0  
  2.0  
  2.0  
  2.0  
  2.0  
  2.0  
  2.0  
  2.0  
  2.0  
  2.0  
  2.0  
  2.0  
  2.0  
  2.0  
  2.0  
  2.0  
  2.0  
  2.0  
  2.0  
  2.0  
  2.0  
  2.0  
  2.0  
  2.0  
  2.0  
  2.0  
  2.0  
  2.0  
  2.0  
  2.0  
  2.0  
  2.0  
  2.0  
  2.0  
  2.0  
  2.0  
  2.0  
  2.0  
  2.0  
  2.0  
  2.0  
  2.0  
  2.0  
  2.0  
  2.0  
  2.0  
  2.0  
  2.0  
  2.0  
  2.0  
  2.0  
  2.0  
  2.0  
  2.0  
  2.0  
  2.0  
  2.0  
  2.0  
  2.0  
  2.0  
  2.0  
  2.0  
  2.0  
  2.0  
  2.0  
  2.0  
  2.0  
  2.0  
  2.0  
  2.0  
  2.0  
  2.0  
  2.0  
  2.0  
  2.0  
  2.0  
  2.0  
  2.0  
  2.0  
  2.0  
  2.0  
  2.0  
  2.0  
  2.0  
  2.0  
  2.0  
  2.0  
  2.0  
  2.0  
  2.0  
  2.0  
  2.0  
  2.0  
  2.0  
  2.0  
  2.0  
  2.0  
  2.0  
  2.0  
  2.0  
  2.0  
  2.0  
  2.0  
  2.0  
  2.0  
  2.0  
  2.0  
  2.0  
  2.0  
  2.0  
  2.0  
  2.0  
  2.0  
  2.0  
  2.0  
  2.0  
  2.0  
  2.0  
  2.0  
  2.0  
  2.0  
  2.0  
  2.0  
  2.0  
  2.0  
  2.0  
  2.0  
  2.0  
  2.0  
  2.0  
  2.0  
  2.0  
  2.0  
  2.0  
  2.0  
  2.0  
  2.0  
  2.0  
  2.0  
  2.0  
  2.0  
  2.0  
  2.0  
  2.0  
  2.0  
  2.0  
  2.0  
  2.0  
  2.0  
  2.0  
  2.0  
  2.0  
  2.0  
  2.0  
  2.0  
  2.0  
  2.0  
  2.0  
  2.0  
  2.0  
  2.0  
  2.0  
  2.0  
  2.0  
  2.0  
  2.0  
  2.0  
  2.0  
  2.0  
  2.0  
  2.0  
  2.0  
  2.0  
  2.0  
  2.0  
  2.0  
  2.0  
  2.0  
  2.0  
  2.0  
  2.0  
  2.0  
  2.0  
  2.0  
  2.0  
  2.0  
  2.0  
  2.0  
  2.0  
  2.0  
  2.0  
  2.0  
  2.0  
  2.0  
  2.0  
  2.0  
  2.0  
  2.0  
  2.0  
  2.0  
  2.0  
  2.0  
  2.0  
  2.0  
  2.0  
  2.0  
  2.0  
  2.0  
  2.0  
  2.0  
  2.0  
  2.0  
  2.0  
  2.0  
  2.0  
  2.0  
  2.0  
  2.0  
  2.0  
  2.0  
  2.0  
  2.0  
  2.0  
  2.0  
  2.0  
  2.0  
  2.0  
  2.0  
  2.0  
  2.0  
  2.0  
  2.0  
  2.0  
  2.0  
  2.0  
  2.0  
  2.0  
  2.0  
  2.0  
  2.0  
  2.0  
  2.0  
  2.0  
  2.0  
  2.0  
  2.0  
  2.0  
  2.0  
  2.0  
  2.0  
  2.0  
  2.0  
  2.0  
  2.0  
  2.0  
  2.0  
  2.0  
  2.0  
  2.0  
  2.0  
  2.0  
  2.0  
  2.0  
  2.0  
  2.0  
  2.0  
  2.0  
  2.0  
  2.0  
  2.0  
  2.0  
  2.0  
  2.0  
  2.0  
  2.0  
  2.0  
  2.0  
  2.0  
  2.0  
  2.0  
  2.0  
  2.0  
  2.0  
  2.0  
  2.0  
  2.0  
  2.0  
  2.0  
  2.0  
  2.0  
  2.0  
  2.0  
  2.0  
  2.0  
  2.0  
  2.0  
  2.0  
  2.0  
  2.0  
  2.0  
  2.0  
  2.0  
  2.0  
  2.0  
  2.0  
  2.0  
  2.0  
  2.0  
  2.0  
  2.0  
  2.0  
  2.0  
  2.0  
  2.0  
  2.0  
  2.0  
  2.0  
  2.0  
  2.0  
  2.0  
  2.0  
  2.0  
  2.0  
  2.0  
  2.0  
  2.0  
  2.0  
  2.0  
  2.0  
  2.0  
  2.0  
  2.0  
  2.0  
  2.0  
  2.0  
  2.0  
  2.0  
  2.0  
  2.0  
  2.0  
  2.0  
  2.0  
  2.0  
  2.0  
  2.0  
  2.0  
  2.0  
  2.0  
  2.0  
  2.0  
  2.0  
  2.0  
  2.0  
  2.0  
  2.0  
  2.0  
  2.0  
  2.0  
  2.0  
  2.0  
  2.0  
  2.0  
  2.0  
  2.0  
  2.0  
  2.0  
  2.0  
  2.0  
  2.0  
  2.0  
  2.0  
  2.0  
  2.0  
  2.0  
  2.0  
  2.0  
  2.0  
  2.0  
  2.0  
  2.0  
  2.0  
  2.0  
  2.0  
  2.0  
  2.0  
  2.0  
  2.0  
  2.0  
  2.0  
  2.0  
  2.0  
  2.0  
  2.0  
  2.0  
  2.0  
  2.0  
  2.0  
  2.0  
  2.0  
  2.0  
  2.0  
  2.0  
  2.0  
  2.0  
  2.0  
  2.0  
  2.0  
  2.0  
  2.0  
  2.0  
  2.0  
  2.0  
  2.0  
  2.0  
  2.0  
  2.0  
  2.0  
  2.0  
  2.0  
  2.0  
  2.0  
  2.0  
  2.0  
  2.0  
  2.0  
  2.0  
  2.0  
  2.0  
  2.0  
  2.0  
  2.0  
  2.0  
  2.0  
  2.0  
  2.0  
  2.0  
  2.0  
  2.0  
  2.0  
  2.0  
  2.0  
  2.0  
  2.0  
  2.0  
  2.0  
  2.0  
  2.0  
  2.0  
  2.0  
  2.0  
  2.0  
  2.0  
  2.0  
  2.0  
  2.0  
  2.0  
  2.0  
  2.0  
  2.0  
  2.0  
  2.0  
  2.0  
  2.0  
  2.0  
  2.0  
  2.0  
  2.0  
  2.0  
  2.0  
  2.0  
  2.0  
  2.0  
  2.0  
  2.0  
  2.0  
  2.0  
  2.0  
  2.0  
  2.0  
  2.0  
  2.0  
  2.0  
  2.0  
  2.0  
  2.0  
  2.0  
  2.0  
  2.0  
  2.0  
  2.0  
  2.0  
  2.0  
  2.0  
  2.0  
  2.0  
  2.0  
  2.0  
  2.0  
  2.0  
  2.0  
  2.0  
  2.0  
  2.0  
  2.0  
  2.0  
  2.0  
  2.0  
  2.0  
  2.0  
  2.0  
  2.0  
  2.0  
  2.0  
  2.0  
  2.0  
  2.0  
  2.0  
  2.0  
  2.0  
  2.0  
  2.0  
  2.0  
  2.0  
  2.0  
  2.0  
  2.0  
  2.0  
  2.0  
  2.0  
  2.0  
  2.0  
  2.0  
  2.0  
  2.0  
  2.0  
  2.0  
  2.0  
  2.0  
  2.0  
  2.0  
  2.0  
  2.0  
  2.0  
  2.0  
  2.0  
  2.0  
  2.0  
  2.0  
  2.0  
  2.0  
  2.0  
  2.0  
  2.0  
  2.0  
  2.0  
  2.0  
  2.0  
  2.0  
  2.0  
  2.0  
  2.0  
  2.0  
  2.0  
  2.0  
  2.0  
  2.0  
  2.0  
  2.0  
  2.0  
  2.0  
  2.0  
  2.0  
  2.0  
  2.0  
  2.0  
  2.0  
  2.0  
  2.0  
  2.0  
  2.0  
  2.0  
  2.0  
  2.0  
  2.0  
  2.0  
  2.0  
  2.0  
  2.0  
  2.0  
  2.0  
  2.0  
  2.0  
  2.0  
  2.0  
  2.0  
  2.0  
  2.0  
  2.0  
  2.0  
  2.0  
  2.0  
  2.0  
  2.0  
  2.0  
  2.0  
  2.0  
  2.0  
  2.0  
  2.0  
  2.0  
  2.0  
  2.0  
  2.0  
  2.0  
  2.0  
  2.0  
  2.0  
  2.0  
  2.0  
  2.0  
  2.0  
  2.0  
  2.0  
  2.0  
  2.0  
  2.0  
  2.0  
  2.0  
  2.0  
  2.0  
  2.0  
  2.0  
  2.0  
  2.0  
  2.0  
  2.0  
  2.0  
  2.0  
  2.0  
  2.0  
  2.0  
  2.0  
  2.0  
  2.0  
  2.0  
  2.0  
  2.0  
  2.0  
  2.0  
  2.0  
  2.0  
  2.0  
  2.0  
  2.0  
  2.0  
  2.0  
  2.0  
  2.0  
  2.0  
  2.0  
  2.0  
  2.0  
  2.0  
  2.0  
  2.0  
  2.0  
  2.0  
  2.0  
  2.0  
  2.0  
  2.0  
  2.0  
  2.0  
  2.0  
  2.0  
  2.0  
  2.0  
  2.0  
  2.0  
  2.0  
  2.0  
  2.0  
  2.0  
  2.0  
  2.0  
  2.0  
  2.0  
  2.0  
  2.0  
  2.0  
  2.0  
  2.0  
  2.0  
  2.0  
  2.0  
  2.0  
  2.0  
  2.0  
  2.0  
  2.0  
  2.0  
  2.0  
  2.0  
  2.0  
  2.0  
  2.0  
  2.0  
  2.0  
  2.0  
  2.0  
  2.0  
  2.0  
  2.0  
  2.0  
  2.0  
  2.0  
  2.0  
  2.0  
  2.0  
  2.0  
  2.0  
  2.0  
  2.0  
  2.0  
  2.0  
  2.0  
  2.0  
  2.0  
  2.0  
  2.0  
  2.0  
  2.0  
  2.0  
  2.0  
  2.0  
  2.0  
  2.0  
  2.0  
  2.0  
  2.0  
  2.0  
  2.0  
  2.0  
  2.0  
  2.0  
  2.0  
  2.0  
  2.0  
  2.0  
  2.0  
  2.0  
  2.0  
  2.0  
  2.0  
  2.0  
  2.0  
  2.0  
  2.0  
  2.0  
  2.0  
  2.0  
  2.0  
  2.0  
  2.0  
  2.0  
  2.0  
  2.0  
  2.0  
  2.0  
  2.0  
  2.0  
  2.0  
  2.0  
  2.0  
  2.0  
  2.0  
  2.0  
  2.0  
  2.0  
  2.0  
  2.0  
  2.0  
  2.0  
  2.0  
  2.0  
  2.0  
  2.0  
  2.0  
  2.0  
  2.0  
  2.0  
  2.0  
  2.0  
  2.0  
  2.0  
  2.0  
  2.0  
  2.0  
  2.0  
  2.0  
  2.0  
  2.0  
  2.0  
  2.0  
  2.0  
  2.0  
  2.0  
  2.0  
  2.0  
  2.0  
  2.0  
  2.0  
  2.0  
  2.0  
  2.0  
  2.0  
  2.0  
  2.0  
  2.0  
  2.0  
  2.0  
  2.0  
  2.0  
  2.0  
  2.0  
  2.0  
  2.0  
  2.0  
  2.0  
  2.0  
  2.0  
  2.0  
  2.0  
  2.0  
  2.0  
  2.0  
  2.0  
  2.0  
  2.0  
  2.0  
  2.0  
  2.0  
  2.0  
  2.0  
  2.0  
  2.0  
  2.0  
  2.0  
  2.0  
  2.0  
  2.0  
  2.0  
  2.0  
  2.0  
  2.0  
  2.0  
  2.0  
  2.0  
  2.0  
  2.0  
  2.0  
  2.0  
  2.0  
  2.0  
  2.0  
  2.0  
  2.0  
  2.0  
  2.0  
  2.0  
  2.0  
  2.0  
  2.0  
  2.0  
  2.0  
  2.0  
  2.0  
  2.0  
  2.0  
  2.0  
  2.0  
  2.0  
  2.0  
  2.0  
  2.0  
  2.0  
  2.0  
  2.0  
  2.0  
  2.0  
  2.0  
  2.0  
  2.0  
  2.0  
  2.0  
  2.0  
  2.0  
  2.0  
  2.0  
  2.0  
  2.0  
  2.0  
  2.0  
  2.0  
  2.0  
  2.0  
  2.0  
  2.0  
  2.0  
  2.0  
  2.0  
  2.0  
  2.0  
  2.0  
  2.0  
  2.0  
  2.0  
  2.0  
  2.0  
  2.0  
  2.0  
  2.0  
  2.0  
  2.0  
  2.0  
  2.0  
  2.0  
  2.0  
  2.0  
  2.0  
  2.0  
  2.0  
  2.0  
  2.0  
  2.0  
  2.0  
  2.0  
  2.0  
  2.0  
  2.0  
  2.0  
  2.0  
  2.0  
  2.0  
  2.0  
  2.0  
  2.0  
  2.0  
  2.0  
  2.0  
  2.0  
  2.0  
  2.0  
  2.0  
  2.0  
  2.0  
  2.0  
  2.0  
  2.0  
  2.0  
  2.0  
  2.0  
  2.0  
  2.0  
  2.0  
  2.0  
  2.0  
  2.0  
  2.0  
  2.0  
  2.0  
  2.0  
  2.0  
  2.0  
  2.0  
  2.0  
  2.0  
  2.0  
  2.0  
  2.0  
  2.0  
  2.0  
  2.0  
  2.0  
  2.0  
  2.0  
  2.0  
  2.0  
  2.0  
  2.0  
  2.0  
  2.0  
  2.0  
  2.0  
  2.0  
  2.0  
  2.0  
  2.0  
  2.0  
  2.0  
  2.0  
  2.0  
  2.0  
  2.0  
  2.0  
  2.0  
  2.0  
  2.0  
  2.0  
  2.0  
  2.0  
  2.0  
  2.0  
  2.0  
  2.0  
  2.0  
  2.0  
  2.0  
  2.0  
  2.0  
  2.0  
  2.0  
  2.0  
  2.0  
  2.0  
  2.0  
  2.0  
  2.0  
  2.0  
  2.0  
  2.0  
  2.0  
  2.0  
  2.0  
  2.0  
  2.0  
  2.0  
  2.0  
  2.0  
  2.0  
  2.0  
  2.0  
  2.0  
  2.0  
  2.0  
  2.0  
  2.0  
  2.0  
  2.0  
  2.0  
  2.0  
  2.0  
  2.0  
  2.0  
  2.0  
  2.0  
  2.0  
  2.0  
  2.0  
  2.0  
  2.0  
  2.0  
  2.0  
  2.0  
  2.0  
  2.0  
  2.0  
  2.0  
  2.0  
  2.0  
  2.0  
  2.0  
  2.0  
  2.0  
  2.0  
  2.0  
  2.0  
  2.0  
  2.0  
  2.0  
  2.0  
  2.0  
  2.0  
  2.0  
  2.0  
  2.0  
  2.0  
  2.0  
  2.0  
  2.0  
  2.0  
  2.0  
  2.0  
  2.0  
  2.0  
  2.0  
  2.0  
  2.0  
  2.0  
  2.0  
  2.0  
  2.0  
  2.0  
  2.0  
  2.0  
  2.0  
  2.0  
  2.0  
  2.0  
  2.0  
  2.0  
  2.0  
  2.0  
  2.0  
  2.0  
  2.0  
  2.0  
  2.0  
  2.0  
  2.0  
  2.0  
  2.0  
  2.0  
  2.0  
  2.0  
  2.0  
  2.0  
  2.0  
  2.0  
  2.0  
  2.0  
  2.0  
  2.0  
  2.0  
  2.0  
  2.0  
  2.0  
  2.0  
  2.0  
  2.0  
  2.0  
  2.0  
  2.0  
  2.0  
  2.0  
  2.0  
  2.0  
  2.0  
  2.0  
  2.0  
  2.0  
  2.0  
  2.0  
  2.0  
  2.0  
  2.0  
  2.0  
  2.0  
  2.0  
  2.0  
  2.0  
  2.0  
  2.0  
  2.0  
  2.0  
  2.0  
  2.0  
  2.0  
  2.0  
  2.0  
  2.0  
  2.0  
  2.0  
  2.0  
  2.0  
  2.0  
  2.0  
  2.0  
  2.0  
  2.0  
  2.0  
  2.0  
  2.0  
  2.0  
  2.0  
  2.0  
  2.0  
  2.0  
  2.0  
  2.0  
  2.0  
  2.0  
  2.0  
  2.0  
  2.0  
  2.0  
  2.0  
  2.0  
  2.0  
  2.0  
  2.0  
  2.0  
  2.0  
  2.0  
  2.0  
  2.0  
  2.0  
  2.0  
  2.0  
  2.0  
  2.0  
  2.0  
  2.0  
  2.0  
  2.0  
  2.0  
  2.0  
  2.0  
  2.0  
  2.0  
  2.0  
  2.0  
  2.0  
  2.0  
  2.0  
  2.0  
  2.0  
  2.0  
  2.0  
  2.0  
  2.0  
  2.0  
  2.0  
  2.0  
  2.0  
  2.0  
  2.0  
  2.0  
  2.0  
  2.0  
  2.0  
  2.0  
  2.0  
  2.0  
  2.0  
  2.0  
  2.0  
  2.0  
  2.0  
  2.0  
  2.0  
  2.0  
  2.0  
  2.0  
  2.0  
  2.0  
  2.0  
  2.0  
  2.0  
  2.0  
  2.0  
  2.0  
  2.0  
  2.0  
  2.0  
  2.0  
  2.0  
  2.0  
  2.0  
  2.0  
  2.0  
  2.0  
  2.0  
  2.0  
  2.0  
  2.0  
  2.0  
  2.0  
  2.0  
  2.0  
  2.0  
  2.0  
  2.0  
  2.0  
  2.0  
  2.0  
  2.0  
  2.0  
  2.0  
  2.0  
  2.0  
  2.0  
  2.0  
  2.0  
  2.0  
  2.0  
  2.0  
  2.0  
  2.0  
  2.0  
  2.0  
  2.0  
  2.0  
  2.0  
  2.0  
  2.0  
  2.0  
  2.0  
  2.0  
  2.0  
  2.0  
  2.0  
  2.0  
  2.0  
  2.0  
  2.0  
  2.0  
  2.0  
  2.0  
  2.0  
  2.0  
  2.0  
  2.0  
  2.0  
  2.0  
  2.0  
  2.0  
  2.0  
  2.0  
  2.0  
  2.0  
  2.0  
  2.0  
  2.0  
  2.0  
  2.0  
  2.0  
  2.0  
  2.0  
  2.0  
  2.0  
  2.0  
  2.0  
  2.0  
  2.0  
  2.0  
  2.0  
  2.0  
  2.0  
  2.0  
  2.0  
  2.0  
  2.0  
  2.0  
  2.0  
  2.0  
  2.0  
  2.0  
  2.0  
  2.0  
  2.0  
  2.0  
  2.0  
  2.0  
  2.0  
  2.0  
  2.0  
  2.0  
  2.0  
  2.0  
  2.0  
  2.0  
  2.0  
  2.0  
  2.0  
  2.0  
  2.0  
  2.0  
  2.0  
  2.0  
  2.0  
  2.0  
  2.0  
  2.0  
  2.0  
  2.0  
  2.0  
  2.0  
  2.0  
  2.0  
  2.0  
  2.0  
  2.0  
  2.0  
  2.0  
  2.0  
  2.0  
  2.0  
  2.0  
  2.0  
  2.0  
  2.0  
  2.0  
  2.0  
  2.0  
  2.0  
  2.0  
  2.0  
  2.0  
  2.0  
  2.0  
  2.0  
  2.0  
  2.0  
  2.0  
  2.0  
  2.0  
  2.0  
  2.0  
  2.0  
  2.0  
  2.0  
  2.0  
  2.0  
  2.0  
  2.0  
  2.0  
  2.0  
  2.0  
  2.0  
  2.0  
  2.0  
  2.0  
  2.0  
  2.0  
  2.0  
  2.0  
  2.0  
  2.0  
  2.0  
  2.0  
  2.0  
  2.0  
  2.0  
  2.0  
  2.0  
  2.0  
  2.0  
  2.0  
  2.0  
  2.0  
  2.0  
  2.0  
  2.0  
  2.0  
  2.0  
  2.0  
  2.0  
  2.0  
  2.0  
  2.0  
  2.0  
  2.0  
  2.0  
  2.0  
  2.0  
  2.0  
  2.0  
  2.0  
  2.0  
  2.0  
  2.0  
  2.0  
  2.0  
  2.0  
  2.0  
  2.0  
  2.0  
  2.0  
  2.0  
  2.0  
  2.0  
  2.0  
  2.0  
  2.0  
  2.0  
  2.0  
  2.0  
  2.0  
  2.0  
  2.0  
  2.0  
  2.0  
  2.0  
  2.0  
  2.0  
  2.0  
  2.0  
  2.0  
  2.0  
  2.0  
  2.0  
  2.0  
  2.0  
  2.0  
  2.0  
  2.0  
  2.0  
  2.0  
  2.0  
  2.0  
  2.0  
  2.0  
  2.0  
  2.0  
  2.0  
  2.0  
  2.0  
  2.0  
  2.0  
  2.0  
  2.0  
  2.0  
  2.0  
  2.0  
  2.0  
  2.0  
  2.0  
  2.0  
  2.0  
  2.0  
  2.0  
  2.0  
  2.0  
  2.0  
  2.0  
  2.0  
  2.0  
  2.0  
  2.0  
  2.0  
  2.0  
  2.0  
  2.0  
  2.0  
  2.0  
  2.0  
  2.0  
  2.0  
  2.0  
  2.0  
  2.0  
  2.0  
  2.0  
  2.0  
  2.0  
  2.0  
  2.0  
  2.0  
  2.0  
  2.0  
  2.0  
  2.0  
  2.0  
  2.0  
  2.0  
  2.0  
  2.0  
  2.0  
  2.0  
  2.0  
  2.0  
  2.0  
  2.0  
  2.0  
  2.0  
  2.0  
  2.0  
  2.0  
  2.0  
  2.0  
  2.0  
  2.0  
  2.0  
  2.0  
  2.0  
  2.0  
  2.0  
  2.0  
  2.0  
  2.0  
  2.0  
  2.0  
  2.0  
  2.0  
  2.0  
  2.0  
  2.0  
  2.0  
  2.0  
  2.0  
  2.0  
  2.0  
  2.0  
  2.0  
  2.0  
  2.0  
  2.0  
  2.0  
  2.0  
  2.0  
  2.0  
  2.0  
  2.0  
  2.0  
  2.0  
  2.0  
  2.0  
  2.0  
  2.0  
  2.0  
  2.0  
  2.0  
  2.0  
  2.0  
  2.0  
  2.0  
  2.0  
  2.0  
  2.0  
  2.0  
  2.0  
  2.0  
  2.0  
  2.0  
  2.0  
  2.0  
  2.0  
  2.0  
  2.0  
  2.0  
  2.0  
  2.0  
  2.0  
  2.0  
  2.0  
  2.0  
  2.0  
  2.0  
  2.0  
  2.0  
  2.0  
  2.0  
  2.0  
  2.0  
  2.0  
  2.0  
  2.0  
  2.0  
  2.0  
  2.0  
  2.0  
  2.0  
  2.0  
  2.0  
  2.0  
  2.0  
  2.0  
  2.0  
  2.0  
  2.0  
  2.0  
  2.0  
  2.0  
  2.0  
  2.0  
  2.0  
  2.0  
  2.0  
  2.0  
  2.0  
  2.0  
  2.0  
  2.0  
  2.0  
  2.0  
  2.0  
  2.0  
  2.0  
  2.0  
  2.0  
  2.0  
  2.0  
  2.0  
  2.0  
  2.0  
  2.0  
  2.0  
  2.0  
  2.0  
  2.0  
  2.0  
  2.0  
  2.0  
  2.0  
  2.0  
  2.0  
  2.0  
  2.0  
  2.0  
  2.0  
  2.0  
  2.0  
  2.0  
  2.0  
  2.0  
  2.0  
  2.0  
  2.0  
  2.0  
  2.0  
  2.0  
  2.0  
  2.0  
  2.0  
  2.0  
  2.0  
  2.0  
  2.0  
  2.0  
  2.0  
  2.0  
  2.0  
  2.0  
  2.0  
  2.0  
  2.0  
  2.0  
  2.0  
  2.0  
  2.0  
  2.0  
  2.0  
  2.0  
  2.0  
  2.0  
  2.0  
  2.0  
  2.0  
  2.0  
  2.0  
  2.0  
  2.0  
  2.0  
  2.0  
  2.0  
  2.0  
  2.0  
  2.0  
  2.0  
  2.0  
  2.0  
  2.0  
  2.0  
  2.0  
  2.0  
  2.0  
  2.0  
  2.0  
  2.0  
  2.0  
  2.0  
  2.0  
  2.0  
  2.0  
  2.0  
  2.0  
  2.0  
  2.0  
  2.0  
  2.0  
  2.0  
  2.0  
  2.0  
  2.0  
  2.0  
  2.0  
  2.0  
  2.0  
  2.0  
  2.0  
  2.0  
  2.0  
  2.0  
  2.0  
  2.0  
  2.0  
  2.0  
  2.0  
  2.0  
  2.0  
  2.0  
  2.0  
  2.0  
  2.0  
  2.0  
  2.0  
  2.0  
  2.0  
  2.0  
  2.0  
  2.0  
  2.0  
  2.0  
  2.0  
  2.0  
  2.0  
  2.0  
  2.0  
  2.0  
  2.0  
  2.0  
  2.0  
  2.0  
  2.0  
  2.0  
  2.0  
  2.0  
  2.0  
  2.0  
  2.0  
  2.0  
  2.0  
  2.0  
  2.0  
  2.0  
  2.0  
  2.0  
  2.0  
  2.0  
  2.0  
  2.0  
  2.0  
  2.0  
  2.0  
  2.0  
  2.0  
  2.0  
  2.0  
  2.0  
  2.0  
  2.0  
  2.0  
  2.0  
  2.0  
  2.0  
  2.0  
  2.0  
  2.0  
  2.0  
  2.0  
  2.0  
  2.0  
  2.0  
  2.0  
  2.0  
  2.0  
  2.0  
  2.0  
  2.0  
  2.0  
  2.0  
  2.0  
  2.0  
  2.0  
  2.0  
  2.0  
  2.0  
  2.0  
  2.0  
  2.0  
  2.0  
  2.0  
  2.0  
  2.0  
  2.0  
  2.0  
  2.0  
  2.0  
  2.0  
  2.0  
  2.0  
  2.0  
  2.0  
  2.0  
  2.0  
  2.0  
  2.0  
  2.0  
  2.0  
  2.0  
  2.0  
  2.0  
  2.0  
  2.0  
  2.0  
  2.0  
  2.0  
  2.0  
  2.0  
  2.0  
  2.0  
  2.0  
  2.0  
  2.0  
  2.0  
  2.0  
  2.0  
  2.0  
  2.0  
  2.0  
  2.0  
  2.0  
  2.0  
  2.0  
  2.0  
  2.0  
  2.0  
  2.0  
  2.0  
  2.0  
  2.0  
  2.0  
  2.0  
  2.0  
  2.0  
  2.0  
  2.0  
  2.0  
  2.0  
  2.0  
  2.0  
  2.0  
  2.0  
  2.0  
  2.0  
  2.0  
  2.0  
  2.0  
  2.0  
  2.0  
  2.0  
  2.0  
  2.0  
  2.0  
  2.0  
  2.0  
  2.0  
  2.0  
  2.0  
  2.0  
  2.0  
  2.0  
  2.0  
  2.0  
  2.0  
  2.0  
  2.0  
  2.0  
  2.0  
  2.0  
  2.0  
  2.0  
  2.0  
  2.0  
  2.0  
  2.0  
  2.0  
  2.0  
  2.0  
  2.0  
  2.0  
  2.0  
  2.0  
  2.0  
  2.0  
  2.0  
  2.0  
  2.0  
  2.0  
  2.0  
  2.0  
  2.0  
  2.0  
  2.0  
  2.0  
  2.0  
  2.0  
  2.0  
  2.0  
  2.0  
  2.0  
  2.0  
  2.0  
  2.0  
  2.0  
  2.0  
  2.0  
  2.0  
  2.0  
  2.0  
  2.0  
  2.0  
  2.0  
  2.0  
  2.0  
  2.0  
  2.0  
  2.0  
  2.0  
  2.0  
  2.0  
  2.0  
  2.0  
  2.0  
  2.0  
  2.0  
  2.0  
  2.0  
  2.0  
  2.0  
  2.0  
  2.0  
  2.0  
  2.0  
  2.0  
  2.0  
  2.0  
  2.0  
  2.0  
  2.0  
  2.0  
  2.0  
  2.0  
  2.0  
  2.0  
  2.0  
  2.0  
  2.0  
  2.0  
  2.0  
  2.0  
  2.0  
  2.0  
  2.0  
  2.0  
  2.0  
  2.0  
  2.0  
  2.0  
  2.0  
  2.0  
  2.0  
  2.0  
  2.0  
  2.0  
  2.0  
  2.0  
  2.0  
  2.0  
  2.0  
  2.0  
  2.0  
  2.0  
  2.0  
  2.0  
  2.0  
  2.0  
  2.0  
  2.0  
  2.0  
  2.0  
  2.0  
  2.0  
  2.0  
  2.0  
  2.0  
  2.0  
  2.0  
  2.0  
  2.0  
  2.0  
  2.0  
  2.0  
  2.0  
  2.0  
  2.0  
  2.0  
  2.0  
  2.0  
  2.0  
  2.0  
  2.0  
  2.0  
  2.0  
  2.0  
  2.0  
  2.0  
  2.0  
  2.0  
  2.0  
  2.0  
  2.0  
  2.0  
  2.0  
  2.0  
  2.0  
  2.0  
  2.0  
  2.0  
  2.0  
  2.0  
  2.0  
  2.0  
  2.0  
  2.0  
  2.0  
  2.0  
  2.0  
  2.0  
  2.0  
  2.0  
  2.0  
  2.0  
  2.0  
  2.0  
  2.0  
  2.0  
  2.0  
  2.0  
  2.0  
  2.0  
  2.0  
  2.0  
  2.0  
  2.0  
  2.0  
  2.0  
  2.0  
  2.0  
  2.0  
  2.0  
  2.0  
  2.0  
  2.0  
  2.0  
  2.0  
  2.0  
  2.0  
  2.0  
  2.0  
  2.0  
  2.0  
  2.0  
  2.0  
  2.0  
  2.0  
  2.0  
  2.0  
  2.0  
  2.0  
  2.0  
  2.0  
  2.0  
  2.0  
  2.0  
  2.0  
  2.0  
  2.0  
  2.0  
  2.0  
  2.0  
  2.0  
  2.0  
  2.0  
  2.0  
  2.0  
  2.0  
  2.0  
  2.0  
  2.0  
  2.0  
  2.0  
  2.0  
  2.0  
  2.0  
  2.0  
  2.0  
  2.0  
  2.0  
  2.0  
  2.0  
  2.0  
  2.0  
  2.0  
  2.0  
  2.0  
  2.0  
  2.0  
  2.0  
  2.0  
  2.0  
  2.0  
  2.0  
  2.0  
  2.0  
  2.0  
  2.0  
  2.0  
  2.0  
  2.0  
  2.0  
  2.0  
  2.0  
  2.0  
  2.0  
  2.0  
  2.0  
  2.0  
  2.0  
  2.0  
  2.0  
  2.0  
  2.0  
  2.0  
  2.0  
  2.0  
  2.0  
  2.0  
  2.0  
  2.0  
  2.0  
  2.0  
  2.0  
  2.0  
  2.0  
  2.0  
  2.0  
  2.0  
  2.0  
  2.0  
  2.0  
  2.0  
  2.0  
  2.0  
  2.0  
  2.0  
  2.0  
  2.0  
  2.0  
  2.0  
  2.0  
  2.0  
  2.0  
  2.0  
  2.0  
  2.0  
  2.0  
  2.0  
  2.0  
  2.0  
  2.0  
  2.0  
  2.0  
  2.0  
  2.0  
  2.0  
  2.0  
  2.0  
  2.0  
  2.0  
  2.0  
  2.0  
  2.0  
  2.0  
  2.0  
  2.0  
  2.0  
  2.0  
  2.0  
  2.0  
  2.0  
  2.0  
  2.0  
  2.0  
  2.0  
  2.0  
  2.0  
  2.0  
  2.0  
  2.0  
  2.0  
  2.0  
  2.0  
  2.0  
  2.0  
  2.0  
  2.0  
  2.0  
  2.0  
  2.0  
  2.0  
  2.0  
  2.0  
  2.0  
  2.0  
  2.0  
  2.0  
  2.0  
  2.0  
  2.0  
  2.0  
  2.0  
  2.0  
  2.0  
  2.0  
  2.0  
  2.0  
  2.0  
  2.0  
  2.0  
  2.0  
  2.0  
  2.0  
  2.0  
  2.0  
  2.0  
  2.0  
  2.0  
  2.0  
  2.0  
  2.0  
  2.0  
  2.0  
  2.0  
  2.0  
  2.0  
  2.0  
  2.0  
  2.0  
  2.0  
  2.0  
  2.0  
  2.0  
  2.0  
  2.0  
  2.0  
  2.0  
  2.0  
  2.0  
  2.0  
  2.0  
  2.0  
  2.0  
  2.0  
  2.0  
  2.0  
  2.0  
  2.0  
  2.0  
  2.0  
  2.0  
  2.0  
  2.0  
  2.0  
  2.0  
  2.0  
  2.0  
  2.0  
  2.0  
  2.0  
  2.0  
  2.0  
  2.0  
  2.0  
  2.0  
  2.0  
  2.0  
  2.0  
  2.0  
  2.0  
  2.0  
  2.0  
  2.0  
  2.0  
  2.0  
  2.0  
  2.0  
  2.0  
  2.0  
  2.0  
  2.0  
  2.0  
  2.0  
  2.0  
  2.0  
  2.0  
  2.0  
  2.0  
  2.0  
  2.0  
  2.0  
  2.0  
  2.0  
  2.0  
  2.0  
  2.0  
  2.0  
  2.0  
  2.0  
  2.0  
  2.0  
  2.0  
  2.0  
  2.0  
  2.0  
  2.0  
  2.0  
  2.0  
  2.0  
  2.0  
  2.0  
  2.0  
  2.0  
  2.0  
  2.0  
  2.0  
  2.0  
  2.0  
  2.0  
  2.0  
  2.0  
  2.0  
  2.0  
  2.0  
  2.0  
  2.0  
  2.0  
  2.0  
  2.0  
  2.0  
  2.0  
  2.0  
  2.0  
  2.0  
  2.0  
  2.0  
  2.0  
  2.0  
  2.0  
  2.0  
  2.0  
  2.0  
  2.0  
  2.0  
  2.0  
  2.0  
  2.0  
  2.0  
  2.0  
  2.0  
  2.0  
  2.0  
  2.0  
  2.0  
  2.0  
  2.0  
  2.0  
  2.0  
  2.0  
  2.0  
  2.0  
  2.0  
  2.0  
  2.0  
  2.0  
  2.0  
  2.0  
  2.0  
  2.0  
  2.0  
  2.0  
  2.0  
  2.0  
  2.0  
  2.0  
  2.0  
  2.0  
  2.0  
  2.0  
  2.0  
  2.0  
  2.0  
  2.0  
  2.0  
  2.0  
  2.0  
  2.0  
  2.0  
  2.0  
  2.0  
  2.0  
  2.0  
  2.0  
  2.0  
  2.0  
  2.0  
  2.0  
  2.0  
  2.0  
  2.0  
  2.0  
  2.0  
  2.0  
  2.0  
  2.0  
  2.0  
  2.0  
  2.0  
  2.0  
  2.0  
  2.0  
  2.0  
  2.0  
  2.0  
  2.0  
  2.0  
  2.0  
  2.0  
  2.0  
  2.0  
  2.0  
  2.0  
  2.0  
  2.0  
  2.0  
  2.0  
  2.0  
  2.0  
  2.0  
  2.0  
  2.0  
  2.0  
  2.0  
  2.0  
  2.0  
  2.0  
  2.0  
  2.0  
  2.0  
  2.0  
  2.0  
  2.0  
  2.0  
  2.0  
  2.0  
  2.0  
  2.0  
  2.0  
  2.0  
  2.0  
  2.0  
  2.0  
  2.0  
  2.0  
  2.0  
  2.0  
  2.0  
  2.0  
  2.0  
  2.0  
  2.0  
  2.0  
  2.0  
  2.0  
  2.0  
  2.0  
  2.0  
  2.0  
  2.0  
  2.0  
  2.0  
  2.0  
  2.0  
  2.0  
  2.0  
  2.0  
  2.0  
  2.0  
  2.0  
  2.0  
  2.0  
  2.0  
  2.0  
  2.0  
  2.0  
  2.0  
  2.0  
  2.0  
  2.0  
  2.0  
  2.0  
  2.0  
  2.0  
  2.0  
  2.0  
  2.0  
  2.0  
  2.0  
  2.0  
  2.0  
  2.0  
  2.0  
  2.0  
  2.0  
  2.0  
  2.0  
  2.0  
  2.0  
  2.0  
  2.0  
  2.0  
  2.0  
  2.0  
  2.0  
  2.0  
  2.0  
  2.0  
  2.0  
  2.0  
  2.0  
  2.0  
  2.0  
  2.0  
  2.0  
  2.0  
  2.0  
  2.0  
  2.0  
  2.0  
  2.0  
  2.0  
  2.0  
  2.0  
  2.0  
  2.0  
  2.0  
  2.0  
  2.0  
  2.0  
  2.0  
  2.0  
  2.0  
  2.0  
  2.0  
  2.0  
  2.0  
  2.0  
  2.0  
  2.0  
  2.0  
  2.0  
  2.0  
  2.0  
  2.0  
  2.0  
  2.0  
  2.0  
  2.0  
  2.0  
  2.0  
  2.0  
  2.0  
  2.0  
  2.0  
  2.0  
  2.0  
  2.0  
  2.0  
  2.0  
  2.0  
  2.0  
  2.0  
  2.0  
  2.0  
  2.0  
  2.0  
  2.0  
  2.0  
  2.0  
  2.0  
  2.0  
  2.0  
  2.0  
  2.0  
  2.0  
  2.0  
  2.0  
  2.0  
  2.0  
  2.0  
  2.0  
  2.0  
  2.0  
  2.0  
  2.0  
  2.0  
  2.0  
  2.0  
  2.0  
  2.0  
  2.0  
  2.0  
  2.0  
  2.0  
  2.0  
  2.0  
  2.0  
  2.0  
  2.0  
  2.0  
  2.0  
  2.0  
  2.0  
  2.0  
  2.0  
  2.0  
  2.0  
  2.0  
  2.0  
  2.0  
  2.0  
  2.0  
  2.0  
  2.0  
  2.0  
  2.0  
  2.0  
  2.0  
  2.0  
  2.0  
  2.0  
  2.0  
  2.0  
  2.0  
  2.0  
  2.0  
  2.0  
  2.0  
  2.0  
  2.0  
  2.0  
  2.0  
  2.0  
  2.0  
  2.0  
  2.0  
  2.0  
  2.0  
  2.0  
  2.0  
  2.0  
  2.0  
  2.0  
  2.0  
  2.0  
  2.0  
  2.0  
  2.0  
  2.0  
  2.0  
  2.0  
  2.0  
  2.0  
  2.0  
  2.0  
  2.0  
  2.0  
  2.0  
  2.0  
  2.0  
  2.0  
  2.0  
  2.0  
  2.0  
  2.0  
  2.0  
  2.0  
  2.0  
  2.0  
  2.0  
  2.0  
  2.0  
  2.0  
  2.0  
  2.0  
  2.0  
  2.0  
  2.0  
  2.0  
  2.0  
  2.0  
  2.0  
  2.0  
  2.0  
  2.0  
  2.0  
  2.0  
  2.0  
  2.0  
  2.0  
  2.0  
  2.0  
  2.0  
  2.0  
  2.0  
  2.0  
  2.0  
  2.0  
  2.0  
  2.0  
  2.0  
  2.0  
  2.0  
  2.0  
  2.0  
  2.0  
  2.0  
  2.0  
  2.0  
  2.0  
  2.0  
  2.0  
  2.0  
  2.0  
  2.0  
  2.0  
  2.0  
  2.0  
  2.0  
  2.0  
  2.0  
  2.0  
  2.0  
  2.0  
  2.0  
  2.0  
  2.0  
  2.0  
  2.0  
  2.0  
  2.0  
  2.0  
  2.0  
  2.0  
  2.0  
  2.0  
  2.0  
  2.0  
  2.0  
  2.0  
  2.0  
  2.0  
  2.0  
  2.0  
  2.0  
  2.0  
  2.0  
  2.0  
  2.0  
  2.0  
  2.0  
  2.0  
  2.0  
  2.0  
  2.0  
  2.0  
  2.0  
  2.0  
  2.0  
  2.0  
  2.0  
  2.0  
  2.0  
  2.0  
  2.0  
  2.0  
  2.0  
  2.0  
  2.0  
  2.0  
  2.0  
  2.0  
  2.0  
  2.0  
  2.0  
  2.0  
  2.0  
  2.0  
  2.0  
  2.0  
  2.0  
  2.0  
  2.0  
  2.0  
  2.0  
  2.0  
  2.0  
  2.0  
  2.0  
  2.0  
  2.0  
  2.0  
  2.0  
  2.0  
  2.0  
  2.0  
  2.0  
  2.0  
  2.0  
  2.0  
  2.0  
  2.0  
  2.0  
  2.0  
  2.0  
  2.0  
  2.0  
  2.0  
  2.0  
  2.0  
  2.0  
  2.0  
  2.0  
  2.0  
  2.0  
  2.0  
  2.0  
  2.0  
  2.0  
  2.0  
  2.0  
  2.0  
  2.0  
  2.0  
  2.0  
  2.0  
  2.0  
  2.0  
  2.0  
  2.0  
  2.0  
  2.0  
  2.0  
  2.0  
  2.0  
  2.0  
  2.0  
  2.0  
  2.0  
  2.0  
  2.0  
  2.0  
  2.0  
  2.0  
  2.0  
  2.0  
  2.0  
  2.0  
  2.0  
  2.0  
  2.0  
  2.0  
  2.0  
  2.0  
  2.0  
  2.0  
  2.0  
  2.0  
  2.0  
  2.0  
  2.0  
  2.0  
  2.0  
  2.0  
  2.0  
  2.0  
  2.0  
  2.0  
  2.0  
  2.0  
  2.0  
  2.0  
  2.0  
  2.0  
  2.0  
  2.0  
  2.0  
  2.0  
  2.0  
  2.0  
  2.0  
  2.0  
  2.0  
  2.0  
  2.0  
  2.0  
  2.0  
  2.0  
  2.0  
  2.0  
  2.0  
  2.0  
  2.0  
  2.0  
  2.0  
  2.0  
  2.0  
  2.0  
  2.0  
  2.0  
  2.0  
  2.0  
  2.0  
  2.0  
  2.0  
  2.0  
  2.0  
  2.0  
  2.0  
  2.0  
  2.0  
  2.0  
  2.0  
  2.0  
  2.0  
  2.0  
  2.0  
  2.0  
  2.0  
  2.0  
  2.0  
  2.0  
  2.0  
  2.0  
  2.0  
  2.0  
  2.0  
  2.0  
  2.0  
  2.0  
  2.0  
  2.0  
  2.0  
  2.0  
  2.0  
  2.0  
  2.0  
  2.0  
  2.0  
  2.0  
  2.0  
  2.0  
  2.0  
  2.0  
  2.0  
  2.0  
  2.0  
  2.0  
  2.0  
  2.0  
  2.0  
  2.0  
  2.0  
  2.0  
  2.0  
  2.0  
  2.0  
  2.0  
  2.0  
  2.0  
  2.0  
  2.0  
  2.0  
  2.0  
  2.0  
  2.0  
  2.0  
  2.0  
  2.0  
  2.0  
  2.0  
  2.0  
  2.0  
  2.0  
  2.0  
  2.0  
  2.0  
  2.0  
  2.0  
  2.0  
  2.0  
  2.0  
  2.0  
  2.0  
  2.0  
  2.0  
  2.0  
  2.0  
  2.0  
  2.0  
  2.0  
  2.0  
  2.0  
  2.0  
  2.0  
  2.0  
  2.0  
  2.0  
  2.0  
  2.0  
  2.0  
  2.0  
  2.0  
  2.0  
  2.0  
  2.0  
  2.0  
  2.0  
  2.0  
  2.0  
  2.0  
  2.0  
  2.0  
  2.0  
  2.0  
  2.0  
  2.0  
  2.0  
  2.0  
  2.0  
  2.0  
  2.0  
  2.0  
  2.0  
  2.0  
  2.0  
  2.0  
  2.0  
  2.0  
  2.0  
  2.0  
  2.0  
  2.0  
  2.0  
  2.0  
  2.0  
  2.0  
  2.0  
  2.0  
  2.0  
  2.0  
  2.0  
  2.0  
  2.0  
  2.0  
  2.0  
  2.0  
  2.0  
  2.0  
  2.0  
  2.0  
  2.0  
  2.0  
  2.0  
  2.0  
  2.0  
  2.0  
  2.0  
  2.0  
  2.0  
  2.0  
  2.0  
  2.0  
  2.0  
  2.0  
  2.0  
  2.0  
  2.0  
  2.0  
  2.0  
  2.0  
  2.0  
  2.0  
  2.0  
  2.0  
  2.0  
  2.0  
  2.0  
  2.0  
  2.0  
  2.0  
  2.0  
  2.0  
  2.0  
  2.0  
  2.0  
  2.0  
  2.0  
  2.0  
  2.0  
  2.0  
  2.0  
  2.0  
  2.0  
  2.0  
  2.0  
  2.0  
  2.0  
  2.0  
  2.0  
  2.0  
  2.0  
  2.0  
  2.0  
  2.0  
  2.0  
  2.0  
  2.0  
  2.0  
  2.0  
  2.0  
  2.0  
  2.0  
  2.0  
  2.0  
  2.0  
  2.0  
  2.0  
  2.0  
  2.0  
  2.0  
  2.0  
  2.0  
  2.0  
  2.0  
  2.0  
  2.0  
  2.0  
  2.0  
  2.0  
  2.0  
  2.0  
  2.0  
  2.0  
  2.0  
  2.0  
  2.0  
  2.0  
  2.0  
  2.0  
  2.0  
  2.0  
  2.0  
  2.0  
  2.0  
  2.0  
  2.0  
  2.0  
  2.0  
  2.0  
  2.0  
  2.0  
  2.0  
  2.0  
  2.0  
  2.0  
  2.0  
  2.0  
  2.0  
  2.0  
  2.0  
  2.0  
  2.0  
  2.0  
  2.0  
  2.0  
  2.0  
  2.0  
  2.0  
  2.0  
  2.0  
  2.0  
  2.0  
  2.0  
  2.0  
  2.0  
  2.0  
  2.0  
  2.0  
  2.0  
  2.0  
  2.0  
  2.0  
  2.0  
  2.0  
  2.0  
  2.0  
  2.0  
  2.0  
  2.0  
  2.0  
  2.0  
  2.0  
  2.0  
  2.0  
  2.0  
  2.0  
  2.0  
  2.0  
  2.0  
  2.0  
  2.0  
  2.0  
  2.0  
  2.0  
  2.0  
  2.0  
  2.0  
  2.0  
  2.0  
  2.0  
  2.0  
  2.0  
  2.0  
  2.0  
  2.0  
  2.0  
  2.0  
  2.0  
  2.0  
  2.0  
  2.0  
  2.0  
  2.0  
  2.0  
  2.0  
  2.0  
  2.0  
  2.0  
  2.0  
  2.0  
  2.0  
  2.0  
  2.0  
  2.0  
  2.0  
  2.0  
  2.0  
  2.0  
  2.0  
  2.0  
  2.0  
  2.0  
  2.0  
  2.0  
  2.0  
  2.0  
  2.0  
  2.0  
  2.0  
  2.0  
  2.0  
  2.0  
  2.0  
  2.0  
  2.0  
  2.0  
  2.0  
  2.0  
  2.0  
  2.0  
  2.0  
  2.0  
  2.0  
  2.0  
  2.0  
  2.0  
  2.0  
  2.0  
  2.0  
  2.0  
  2.0  
  2.0  
  2.0  
  2.0  
  2.0  
  2.0  
  2.0  
  2.0  
  2.0  
  2.0  
  2.0  
  2.0  
  2.0  
  2.0  
  2.0  
  2.0  
  2.0  
  2.0  
  2.0  
  2.0  
  2.0  
  2.0  
  2.0  
  2.0  
  2.0  
  2.0  
  2.0  
  2.0  
  2.0  
  2.0  
  2.0  
  2.0  
  2.0  
  2.0  
  2.0  
  2.0  
  2.0  
  2.0  
  2.0  
  2.0  
  2.0  
  2.0  
  2.0  
  2.0  
  2.0  
  2.0  
  2.0  
  2.0  
  2.0  
  2.0  
  2.0  
  2.0  
  2.0  
  2.0  
  2.0  
  2.0  
  2.0  
  2.0  
  2.0  
  2.0  
  2.0  
  2.0  
  2.0  
  2.0  
  2.0  
  2.0  
  2.0  
  2.0  
  2.0  
  2.0  
  2.0  
  2.0  
  2.0  
  2.0  
  2.0  
  2.0  
  2.0  
  2.0  
  2.0  
  2.0  
  2.0  
  2.0  
  2.0  
  2.0  
  2.0  
  2.0  
  2.0  
  2.0  
  2.0  
  2.0  
  2.0  
  2.0  
  2.0  
  2.0  
  2.0  
  2.0  
  2.0  
  2.0  
  2.0  
  2.0  
  2.0  
  2.0  
  2.0  
  2.0  
  2.0  
  2.0  
  2.0  
  2.0  
  2.0  
  2.0  
  2.0  
  2.0  
  2.0  
  2.0  
  2.0  
  2.0  
  2.0  
  2.0  
  2.0  
  2.0  
  2.0  
  2.0  
  2.0  
  2.0  
  2.0  
  2.0  
  2.0  
  2.0  
  2.0  
  2.0  
  2.0  
  2.0  
  2.0  
  2.0  
  2.0  
  2.0  
  2.0  
  2.0  
  2.0  
  2.0  
  2.0  
  2.0  
  2.0  
  2.0  
  2.0  
  2.0  
  2.0  
  2.0  
  2.0  
  2.0  
  2.0  
  2.0  
  2.0  
  2.0  
  2.0  
  2.0  
  2.0  
  2.0  
  2.0  
  2.0  
  2.0  
  2.0  
  2.0  
  2.0  
  2.0  
  2.0  
  2.0  
  2.0  
  2.0  
  2.0  
  2.0  
  2.0  
  2.0  
  2.0  
  2.0  
  2.0  
  2.0  
  2.0  
  2.0  
  2.0  
  2.0  
  2.0  
  2.0  
  2.0  
  2.0  
  2.0  
  2.0  
  2.0  
  2.0  
  2.0  
  2.0  
  2.0  
  2.0  
  2.0  
  2.0  
  2.0  
  2.0  
  2.0  
  2.0  
  2.0  
  2.0  
  2.0  
  2.0  
  2.0  
  2.0  
  2.0  
  2.0  
  2.0  
  2.0  
  2.0  
  2.0  
  2.0  
  2.0  
  2.0  
  2.0  
  2.0  
  2.0  
  2.0  
  2.0  
  2.0  
  2.0  
  2.0  
  2.0  
  2.0  
  2.0  
  2.0  
  2.0  
  2.0  
  2.0  
  2.0  
  2.0  
  2.0  
  2.0  
  2.0  
  2.0  
  2.0  
  2.0  
  2.0  
  2.0  
  2.0  
  2.0  
  2.0  
  2.0  
  2.0  
  2.0  
  2.0  
  2.0  
  2.0  
  2.0  
  2.0  
  2.0  
  2.0  
  2.0  
  2.0  
  2.0  
  2.0  
  2.0  
  2.0  
  2.0  
  2.0  
  2.0  
  2.0  
  2.0  
  2.0  
  2.0  
  2.0  
  2.0  
  2.0  
  2.0  
  2.0  
  2.0  
  2.0  
  2.0  
  2.0  
  2.0  
  2.0  
  2.0  
  2.0  
  2.0  
  2.0  
  2.0  
  2.0  
  2.0  
  2.0  
  2.0  
  2.0  
  2.0  
  2.0  
  2.0  
  2.0  
  2.0  
  2.0  
  2.0  
  2.0  
  2.0  
  2.0  
  2.0  
  2.0  
  2.0  
  2.0  
  2.0  
  2.0  
  2.0  
  2.0  
  2.0  
  2.0  
  2.0  
  2.0  
  2.0  
  2.0  
  2.0  
  2.0  
  2.0  
  2.0  
  2.0  
  2.0  
  2.0  
  2.0  
  2.0  
  2.0  
  2.0  
  2.0  
  2.0  
  2.0  
  2.0  
  2.0  
  2.0  
  2.0  
  2.0  
  2.0  
  2.0  
  2.0  
  2.0  
  2.0  
  2.0  
  2.0  
  2.0  
  2.0  
  2.0  
  2.0  
  2.0  
  2.0  
  2.0  
  2.0  
  2.0  
  2.0  
  2.0  
  2.0  
  2.0  
  2.0  
  2.0  
  2.0  
  2.0  
  2.0  
  2.0  
  2.0  
  2.0  
  2.0  
  2.0  
  2.0  
  2.0  
  2.0  
  2.0  
  2.0  
  2.0  
  2.0  
  2.0  
  2.0  
  2.0  
  2.0  
  2.0  
  2.0  
  2.0  
  2.0  
  2.0  
  2.0  
  2.0  
  2.0  
  2.0  
  2.0  
  2.0  
  2.0  
  2.0  
  2.0  
  2.0  
  2.0  
  2.0  
  2.0  
  2.0  
  2.0  
  2.0  
  2.0  
  2.0  
  2.0  
  2.0  
  2.0  
  2.0  
  2.0  
  2.0  
  2.0  
  2.0  
  2.0  
  2.0  
  2.0  
  2.0  
  2.0  
  2.0  
  2.0  
  2.0  
  2.0  
  2.0  
  2.0  
  2.0  
  2.0  
  2.0  
  2.0  
  2.0  
  2.0  
  2.0  
  2.0  
  2.0  
  2.0  
  2.0  
  2.0  
  2.0  
  2.0  
  2.0  
  2.0  
  2.0  
  2.0  
  2.0  
  2.0  
  2.0  
  2.0  
  2.0  
  2.0  
  2.0  
  2.0  
  2.0  
  2.0  
  2.0  
  2.0  
  2.0  
  2.0  
  2.0  
  2.0  
  2.0  
  2.0  
  2.0  
  2.0  
  2.0  
  2.0  
  2.0  
  2.0  
  2.0  
  2.0  
  2.0  
  2.0  
  2.0  
  2.0  
  2.0  
  2.0  
  2.0  
  2.0  
  2.0  
  2.0  
  2.0  
  2.0  
  2.0  
  2.0  
  2.0  
  2.0  
  2.0  
  2.0  
  2.0  
  2.0  
  2.0  
  2.0  
  2.0  
  2.0  
  2.0  
  2.0  
  2.0  
  2.0  
  2.0  
  2.0  
  2.0  
  2.0  
  2.0  
  2.0  
  2.0  
  2.0  
  2.0  
  2.0  
  2.0  
  2.0  
  2.0  
  2.0  
  2.0  
  2.0  
  2.0  
  2.0  
  2.0  
  2.0  
  2.0  
  2.0  
  2.0  
  2.0  
  2.0  
  2.0  
  2.0  
  2.0  
  2.0  
  2.0  
  2.0  
  2.0  
  2.0  
  2.0  
  2.0  
  2.0  
  2.0  
  2.0  
  2.0  
  2.0  
  2.0  
  2.0  
  2.0  
  2.0  
  2.0  
  2.0  
  2.0  
  2.0  
  2.0  
  2.0  
  2.0  
  2.0  
  2.0  
  2.0  
  2.0  
  2.0  
  2.0  
  2.0  
  2.0  
  2.0  
  2.0  
  2.0  
  2.0  
  2.0  
  2.0  
  2.0  
  2.0  
  2.0  
  2.0  
  2.0  
  2.0  
  2.0  
  2.0  
  2.0  
  2.0  
  2.0  
  2.0  
  2.0  
  2.0  
  2.0  
  2.0  
  2.0  
  2.0  
  2.0  
  2.0  
  2.0  
  2.0  
  2.0  
  2.0  
  2.0  
  2.0  
  2.0  
  2.0  
  2.0  
  2.0  
  2.0  
  2.0  
  2.0  
  2.0  
  2.0  
  2.0  
  2.0  
  2.0  
  2.0  
  2.0  
  2.0  
  2.0  
  2.0  
  2.0  
  2.0  
  2.0  
  2.0  
  2.0  
  2.0  
  2.0  
  2.0  
  2.0  
  2.0  
  2.0  
  2.0  
  2.0  
  2.0  
  2.0  
  2.0  
  2.0  
  2.0  
  2.0  
  2.0  
  2.0  
  2.0  
  2.0  
  2.0  
  2.0  
  2.0  
  2.0  
  2.0  
  2.0  
  2.0  
  2.0  
  2.0  
  2.0  
  2.0  
  2.0  
  2.0  
  2.0  
  2.0  
  2.0  
  2.0  
  2.0  
  2.0  
  2.0  
  2.0  
  2.0  
  2.0  
  2.0  
  2.0  
  2.0  
  2.0  
  2.0  
  2.0  
  2.0  
  2.0  
  2.0  
  2.0  
  2.0  
  2.0  
  2.0  
  2.0  
  2.0  
  2.0  
  2.0  
  2.0  
  2.0  
  2.0  
  2.0  
  2.0  
  2.0  
  2.0  
  2.0  
  2.0  
  2.0  
  2.0  
  2.0  
  2.0  
  2.0  
  2.0  
  2.0  
  2.0  
  2.0  
  2.0  
  2.0  
  2.0  
  2.0  
  2.0  
  2.0  
  2.0  
  2.0  
  2.0  
  2.0  
  2.0  
  2.0  
  2.0  
  2.0  
  2.0  
  2.0  
  2.0  
  2.0  
  2.0  
  2.0  
  2.0  
  2.0  
  2.0  
  2.0  
  2.0  
  2.0  
  2.0  
  2.0  
  2.0  
  2.0  
  2.0  
  2.0  
  2.0  
  2.0  
  2.0  
  2.0  
  2.0  
  2.0  
  2.0  
  2.0  
  2.0  
  2.0  
  2.0  
  2.0  
  2.0  
  2.0  
  2.0  
  2.0  
  2.0  
  2.0  
  2.0  
  2.0  
  2.0  
  2.0  
  2.0  
  2.0  
  2.0  
  2.0  
  2.0  
  2.0  
  2.0  
  2.0  
  2.0  
  2.0  
  2.0  
  2.0  
  2.0  
  2.0  
  2.0  
  2.0  
  2.0  
  2.0  
  2.0  
  2.0  
  2.0  
  2.0  
  2.0  
  2.0  
  2.0  
  2.0  
  2.0  
  2.0  
  2.0  
  2.0  
  2.0  
  2.0  
  2.0  
  2.0  
  2.0  
  2.0  
  2.0  
  2.0  
  2.0  
  2.0  
  2.0  
  2.0  
  2.0  
  2.0  
  2.0  
  2.0  
  2.0  
  2.0  
  2.0  
  2.0  
  2.0  
  2.0  
  2.0  
  2.0  
  2.0  
  2.0  
  2.0  
  2.0  
  2.0  
  2.0  
  2.0  
  2.0  
  2.0  
  2.0  
  2.0  
  2.0  
  2.0  
  2.0  
  2.0  
  2.0  
  2.0  
  2.0  
  2.0  
  2.0  
  2.0  
  2.0  
  2.0  
  2.0  
  2.0  
  2.0  
  2.0  
  3.2775384515455244  -3.7536667620843867  5.755844198496585  
  6.68633518807271  -19.213732788436  9.769042789419888  
  -7.703198903978912  -1.1352436405534716  -7.013627657448416  
  5.5124802411427565  2.8525548395804536  0.5134561470660016  
  -2.4700998400036753  -5.182675689786446  1.7971084649828444  
  0.8050756562556179  12.940680325228842  -13.787451475903215  
  -7.092020298737913  7.29802517722549  -5.1030892741544776  
  -4.627119389999814  -0.6688952595271117  10.071433298350263  
  -6.841352715347266  21.015190235778437  5.515163655011089  
  -19.890647301609224  -0.9740703195822417  8.46843294944886  
  15.713110923567248  19.88153807515041  -24.656880447281683  
  -1.7175940409964103  6.935185769639515  10.58921951688671  
  -5.719849612115855  0.7070766269258095  32.547515839583085  
  2.6169402335153236  0.3019144722213759  -2.6428607945681195  
  3.9113182894484715  2.3249969585529784  -1.1854175308678736  
  2.765950937336017  3.0817910235011117  4.0310660774939535  
  -4.099542827627234  1.502612581603685  13.464272888048102  
  -8.982043583278163  8.614147728488513  -21.168680388459553  
  14.81861733315984  -10.255704785005946  -20.401701032024988  
  -19.252912740853  -17.613315199779777  11.548771219894736  
  -0.4308343062244391  0.7812610980447623  -4.662802157702802  
  3.2574304584281424  2.7271714009681354  -1.477679945099765  
  2.969699445088352  0.4928013595606856  1.1639607354624866  
  6.483914695703015  -7.490512749183528  -22.416337700226048  
  8.629928468631705  -3.6076958641071726  6.136738536601284  
  2.409831372635839  -4.949971477151073  -5.350543980726077  
  -1.4643009865592513  -0.45204469239061185  -0.4772548270049158  
  1.524463382728536  -9.349149312594452  -13.144974959580132  
  0.20260525827986672  9.49290879938321  24.981593625036975  
  -0.6543463799847379  -17.870003152117537  8.033509223042978  
  0.48986412285529346  0.5398089877085701  -1.7749242935238214  
  35.32010860770196  -6.128789287398355  7.366137692073594  
  2.4045739251211007  6.478872576199676  0.15715117824444222  
  11.006404831848348  -3.494643313406885  -4.429225544872632  
  4.042085544565609  -2.02836017430435  -7.126653185885539  
  -4.619995963601468  1.2023460953758696  -0.8753874426528863  
  -6.578102573065688  3.943251117145114  2.0620296960640503  
  -2.152910919283834  -2.9870632466914198  -0.6750148670976887  
  14.33026523935568  -4.1172852947211585  23.494864042435836  
  -3.4432821994245613  18.829555606294672  -18.68559686444272  
  -2.6868932454465986  3.296272872409699  -2.0029025062955634  
  -8.467034391255385  4.063476366868531  -1.1866946790031858  
  1.7113968468659724  2.428400185577916  6.154255775621888  
  2.308802633133233  -1.8131151278863733  8.807754377397618  
  -78.12360943464715  -48.9421759574403  -74.44355099365637  
  -0.8311984286130253  -1.039812334147007  2.956559931267921  
  -0.7730005128671985  4.478864657785794  5.033876839999286  
  -11.29121251737031  -24.656012840003356  -8.233432966341436  
  -3.749947188266835  9.16705918137525  6.41731730924799  
  -2.5937368996904406  2.3056852907072165  3.7785835507157812  
  2.296065446057465  2.904292613235908  -8.154777298139068  
  2.3579370438419254  1.950629521401315  -7.906674223272456  
  2.3950171250174996  -3.4243773377036764  3.4472026050159155  
  -5.237967750607765  -7.16501841611819  9.890446498051158  
  -12.253053485093014  -0.4070985364069532  -2.3305374791392626  
  -34.17321450706714  -4.640162241453688  41.747265740363176  
  -4.971488914631234  10.85692968394463  15.588457294886636  
  16.174068119280406  16.13228550244495  -28.360750881993493  
  -15.339332701836026  -3.561892217163496  -9.858685359107195  
  -2.6052280437193054  2.003753724317012  0.32886035004350955  
  -5.641456855608122  -0.13702873919221734  0.40578186063355287  
  -0.45432367900734805  3.434408195469307  -0.96311078656551  
  2.107970985142934  4.860696056614441  -14.288892016059515  
  5.838726753549749  -1.5160334234454707  5.43513763139783  
  -0.33549892474430654  -3.825017344117068  -5.022163766987893  
  -22.270718658528462  16.937875982511986  -13.905663520300688  
  3.88485371957751  -4.205532265677099  6.589782336947113  
  9.514653545400579  2.982380134708651  4.315936884287987  
  3.5523458483375054  -2.4482548525881382  -11.828977623846352  
  -2.909702314745406  -5.775239509059243  -1.1921283340143174  
  -1.7577966278850916  2.7842833215184735  -1.2115719814781347  
  -2.4637914211936414  -0.7564548761331825  5.912970083225001  
  15.98458438660356  3.413204140778057  1.128858719145352  
  11.030483968542189  0.1479054918507744  16.514024083638038  
  4.764346036772037  -5.776427673786035  -2.5902599766836234  
  -1.7442080169855427  14.30561248820232  1.3654434334906578  
  19.01814946537177  -9.932099498998562  4.976620513961454  
  10.296457649075617  12.86989457944424  -11.310861764752635  
  -7.093487034247474  -2.6818179995591924  -2.3634759584965277  
  9.597306366572585  -8.840247244391234  -2.355523588082067  
  -8.481807302312967  12.079439073349228  -1.7179855784394626  
  -2.6447779039862342  7.160497911499429  1.88784502940675  
  -10.649805958826573  1.957203992521188  -2.4572873979298033  
  -4.158081020212344  -3.2305694352152283  3.859311406070613  
  -2.4070970252841106  16.14325271254827  -11.415670140784329  
  2.7881630132797963  0.9618809856969162  1.8834640075521012  
  -0.17551789627607686  2.7820002915653337  -36.94239719374057  
  -64.07894403860291  30.50179483303797  -25.436566049519918  
  1.571931696130175  7.016200258442877  30.526470154649445  
  4.173010444388337  2.086617345323961  6.970724708918816  
  2.7408169897016856  -6.545439339609694  -14.877220538219898  
  3.5408541246101946  0.413411238333545  1.2673946265866356  
  0.6976290616771968  -3.7955337024257116  1.4413410964122855  
  9.041956416698683  6.14651234243288  0.9104441701787741  
  1.8938817285856262  0.13734967477961646  4.930921225594033  
  4.473996533654218  5.858996174163754  7.95684239801909  
  -1.0219345682045176  -13.034583389219918  -11.341649955747712  
  -2.4138823557578455  0.7460505105693301  3.617402644601756  
  3.3556570694610643  5.549557496639151  -3.046505153156042  
  -9.01533361112683  29.31507787609628  9.949578402968434  
  3.706101064417316  -1.0240370798132175  2.7498530278010946  
  -1.4873151377976266  4.267113470075994  4.8329539787106  
  2.182711655589975  -1.3172580457627439  2.246488348581559  
  5.233999024383641  10.741517618703837  -3.1260842550492027  
  2.5015323337846005  0.4159645953538531  0.6712647494752485  
  5.340848304796461  -5.367128139455885  2.4082697740916488  
  35.68567075237526  -13.763801978875364  7.210814564208068  
  -6.900940415557444  9.538644059192158  -23.722491725976095  
  4.659764808238568  -8.501833557714617  -4.3051870045167435  
  5.168150119208511  -1.024677548556279  -2.1923214722289845  
  42.385758760431756  -60.251235743844454  26.598195558556974  
  -0.17794635633273773  2.358540193116542  -2.7823781107675294  
  11.016212583053843  8.257652214798334  -1.5083660075768455  
  -4.855870179210396  2.837739710820419  0.9601296893641867  
  3.0342200354880764  4.899136907651202  -11.654049319222176  
  -1.7872979445930128  0.1975416176094388  -14.796036123684145  
  -0.2098576069167811  0.900264026527574  4.5887567502205195  
  6.31440573945378  14.615807157617239  -9.885494224602235  
  3.2101589154556125  2.972663924341674  -5.88635879200755  
  -5.812665166122517  7.898791404116995  0.41538608426256546  
  5.023075775473036  -9.699433425809106  23.96955872512376  
  1.391310192079213  1.751225305094081  -1.3300739322664357  
  4.637347079792057  10.874487642445839  -5.881759576962205  
  -19.233793462388725  -15.508730267622438  -15.154132997815527  
  -1.5544274189752367  -1.7967273746571242  2.04188390450196  
  -3.8299882045307676  4.397223776753836  1.173769211067264  
  12.113862439085125  -7.665478976237769  -13.446818879672827  
  1.0184711886216413  -5.36285478223817  5.777976486792437  
  -13.208184551235966  6.567639951920632  -1.3568442268259295  
  -3.3596825121466014  -6.3477757381927  6.122775521705277  
  -4.010134323211294  1.8638346304532476  3.3669121260334602  
  -1.4437241515576686  -6.627380702224092  2.2367139063284767  
  10.765651473406773  -26.063054547044274  12.530159511937644  
  1.1932787642687834  -6.917044690592156  -0.2002837502110732  
  -3.7783281402523876  6.824076305321059  -1.9532903343906356  
  9.081232993638865  6.027250105832393  10.217013409398534  
  -1.2140903263400191  -9.484955262993003  5.766740049327732  
  -38.834231775538534  71.02259388256473  77.19151656683691  
  3.2676264639669323  -4.99962353611376  -1.5565544984095039  
  0.9318159907414155  -3.257577661357478  5.765356855887253  
  21.124133451957782  -2.886751504491578  -9.905801386949182  
  0.027762842899533405  6.770144553591328  -6.014423776301924  
  -2.1869728550736487  6.029479682961718  0.44297227678719076  
  -4.150752471533726  12.289893540746284  9.849206573113305  
  -6.0160554061907545  -3.0587346348152273  -5.152071829956407  
  -2.267481600606107  -2.5159529982449613  4.925772928883735  
  -3.862173020028826  -7.5822630516317435  -0.7900039681063981  
  6.685055292129661  -4.861041739214671  4.746198304611664  
  -1.9242462636486766  -0.7460115564224838  -5.623002973462169  
  -1.6818228488377651  0.9508815699859937  -5.576481075728627  
  -0.993209999950902  -0.6270935934985067  -0.41366859300657705  
  2.9200453012789236  -8.204377444070841  7.9610416304236855  
  -2.408602858250145  -4.636653954312797  5.198024929796083  
  5.256233237160913  4.584304229209188  7.503887659551865  
  -1.288642882259389  -11.830885345772355  -1.6453973814327558  
  16.84656048789704  -9.84841752949154  -6.834404321093776  
  1.1391565693695318  21.009606951729726  -1.006616761647921  
  43.953049752706065  2.0778285912662087  16.626295558769904  
  -0.5869663441537698  -1.4473806654628985  -0.1131109595845614  
  -15.100230386809816  -4.403788754089615  -9.550709928281337  
  -2.549775559617257  3.7498668519486986  -4.810846986103982  
  -8.582740543368743  10.113325225896356  20.225787736332386  
  0.7227347961177656  -2.866236803320989  6.781426006827006  
  2.149574075180029  4.5595869568170135  -1.5716607319566633  
  -1.1066072606667188  8.697356384275263  6.108199316933426  
  -13.044950364634355  -11.45911583671229  2.9197085273911996  
  6.611184100496223  4.047945786721534  -4.2845321049937235  
  -38.54736494188711  -25.32900689777827  -23.710590554217863  
  3.6425691862048346  -1.933767528555052  9.678083544446421  
  -0.45713488807626557  3.7835491077046375  -1.9236791277887764  
  -12.551439789685636  -8.625097212973687  3.690498790786479  
  -15.03283200014236  -2.1876763959046794  -15.497813492016864  
  1.1968987044246884  5.020925975296472  -2.468411071007555  
  -3.6260117437064654  0.1023343022694821  1.692923585428895  
  -12.872002735534219  -7.777411671246263  -1.1129057811863994  
  4.063586606238874  -4.742792835467656  4.4548625212222746  
  9.399510642181497  -8.616932125039863  -10.914955554912465  
  -1.2268761900156544  6.46000051387063  16.488967602709483  
  8.283905756587071  -14.615418199595783  0.8026427678859296  
  -20.64391557360167  14.968125956410567  -10.046309359046663  
  4.913500386537845  3.775451549148946  -2.2182109854516137  
  15.83317636850017  0.7853190231452489  1.5351965104146912  
  4.220907999930619  -4.337643672383251  1.6755517994567453  
  -0.15376182853191558  3.6690753239662284  -7.222439724195438  
  -7.644231768103561  3.31622470750955  3.7277436343893777  
  2.4343351206300117  -1.597003829574048  6.987601056806539  
  1.5167662366113863  -0.27390850227298597  5.6024505278236685  
  10.054161143207557  9.107507189539797  -9.175402488924664  
  3.5205066242371235  10.82958519558841  -12.441330619681642  
  5.719449332399981  12.174057439210113  0.761987470304763  
  0.3605535995724047  3.687600244008607  5.834155165783596  
  2.4598334289235897  -2.350176807570429  -2.2588271318288333  
  2.867356206981441  19.47562139930163  0.4109437442851912  
  7.4305382508477935  1.9600424083456334  -9.903567788835952  
  3.2725636788660872  -3.94896219760167  0.9057267035272542  
  -4.270261760788009  -3.695507274756179  -7.2779466784028655  
  -2.691520201005711  1.9639259174075177  -4.490929076311733  
  -4.586083350406918  -0.9040379393599257  0.5317292947144852  
  3.1973861847186504  1.4558945640110974  6.093565568040843  
  -12.276378440269825  6.162570578498275  18.390274982129093  
  7.910480062711233  -0.7244398392195166  2.0926116271888415  
  -0.3588494695040991  -7.9461269214928665  -15.862398234044816  
  12.343433708677475  -11.572981030714452  5.681116906916412  
  10.907517658578044  -0.1920737101719558  -10.303160421700882  
  2.6260775526614237  -2.0700966558923937  -0.7213857105978513  
  1.933718874005673  -5.094101239585597  2.03118886196644  
  -1.7890895065619967  -9.427714213330157  3.0226965386538027  
  4.340176069337656  -0.384310874090126  2.1616325867232913  
  -5.742750999873838  -8.263210677411266  1.1505471475349596  
  -2.686821271131728  -1.2287663102537019  -2.803820547478906  
  -2.259171039240523  9.748204301349379  1.4595848268354696  
  -5.014722756495948  1.3358630774579257  -11.036908116775944  
  0.598862091574415  3.061822952002076  10.151534423396294  
  42.04597310767843  107.95918829469207  -66.9755944822303  
  1.1045006258657049  -3.337505637404759  -5.063440685961195  
  3.015743677798347  -4.282847556481387  -2.623083049581687  
  -6.61857676069382  -13.808791455353754  -14.359700504837212  
  -4.80272265599994  -0.03823569027077789  -3.1158651281043808  
  -10.18828025997517  6.289463846636846  -4.04206355444935  
  -5.904890695606484  1.4464759544061943  0.7437143641962304  
  -9.957415821053797  -6.317262190191646  -2.104683292591934  
  -7.296676317517639  -0.3315578900966889  -21.258970346898966  
  9.303824307277134  2.8990676264680157  3.9981376738649312  
  -8.805566092656708  -10.302640838026639  -8.543719306201217  
  8.409629195372911  -2.8283042196625576  -2.062625340724177  
  1.0302826482323921  4.538778566612783  8.498568983159755  
  -7.162710649525522  16.944913742036345  7.577919456404007  
  1.02485056960123  2.4696396351092065  1.9107528376929885  
  4.632143833088663  -1.3698834929239483  -7.843861808192557  
  -1.8795482672862232  0.560063976701959  1.7504234885493195  
  -0.6208826405832096  -3.741790419071103  2.9371584469557757  
  -3.1775739420343516  1.7435749650761418  41.65467849722441  
  98.51194930593601  154.8124324713765  4.297044227456695  
  -1.7983970189567988  1.5618605218409662  -8.58088214766432  
  2.231158838912819  5.065390192402358  0.7675342712127861  
  2.362756727790047  1.1126423314193477  2.2173654778944014  
  0.6229553596692243  -3.3109900740925577  8.852951773134297  
  -7.314950668883812  0.8473385840986364  3.5044687709947744  
  -2.0983940119224185  0.865611472416924  -0.585664215108732  
  -1.1140841767023393  4.264669240254904  0.837645083305158  
  5.748085858921932  1.734579169693868  -6.632753799335307  
  -1.291841412444167  14.072134826908245  9.266984206553966  
  4.917729388603523  2.3706412719544536  -6.611116882931469  
  -6.204400530484104  -3.853902702819644  -5.4933953726489335  
  5.712743435649178  -0.2547749367052544  1.9929629497409116  
  -0.35694088860099776  6.315017680200489  -1.947480154309508  
  1.4870001563029067  -27.966972714412222  -13.601037813653594  
  -25.730980164198527  34.31046259551782  63.16873176650011  
  -4.508657964429052  -3.4052370164437717  -3.7171269308916277  
  -12.57156971151876  -3.94340744676484  6.939354109939855  
  0.9059279390171086  1.3155480180791097  -2.239744172082678  
  -3.7503748926226095  3.932215995602452  0.3903759431139619  
  -6.671282855233596  -0.6915439575717883  24.623414976289563  
  -1.0662033630938685  0.29448543516762665  2.596220615962723  
  6.53436485735293  2.8698733850934164  4.347282228724335  
  -3.9704914166724765  3.5620701025917896  -9.502012497088572  
  -4.967499247715399  -3.5001245287483216  1.9113164007099368  
  -6.438391422502913  -2.2815440063613184  -13.538514723579645  
  6.5554942834175005  1.2073100931884932  -1.9899881354825573  
  2.6216398713125924  -5.961317069893001  -7.219603622270659  
  -2.768209410529616  -3.7611256635959123  -1.5719864231619207  
  -4.197347002039473  -1.8091110706200195  -0.5618183649865494  
  -3.750172485404587  4.606526502065874  -2.527251205497113  
  -15.879765221477147  -5.305946826118514  2.024586857627595  
  -4.548495015143323  -8.708155763236503  -13.827688694269934  
  4.40317812910622  -5.162574267545986  -2.9388760773561327  
  -20.397772006182866  14.089149521133129  0.41330246060551634  
  5.252102996617546  10.051878269897562  2.931122840823037  
  2.4085434001144477  -0.5439074597745629  -1.9505667270506162  
  -0.052530613949015974  4.008771955157494  -1.1995739179911125  
  2.664255111062089  -8.719275680460871  3.5973914215109937  
  -3.1812779268380074  -5.659429976775009  11.294051224181327  
  -8.466813820694604  -12.4713696971262  12.999663185773604  
  3.3167823506697025  10.0634199839181  24.62870393365882  
  8.97752097820915  1.060019372349302  3.5258064681066417  
  -17.606219352576275  9.017073513312086  -2.060477427507566  
  -43.49133612360571  -2.530590724298659  -13.838642702198664  
  16.93488028016319  -5.480584723844033  -13.391547519274027  
  -7.762912731390187  12.738424288272189  10.94650900007615  
  -11.59609961843859  3.489059035106875  -2.489045665264739  
  0.919883769332918  -2.475469277717866  4.061099998063765  
  1.803571828439725  -4.150799848244881  -4.456393603928405  
  -7.451374696732646  1.7481632468674795  -7.75900883139712  
  0.6077222824317574  -7.931029717043695  8.174548130780709  
  0.558051097458196  2.416514018485492  3.9980088616671385  
  5.656442398886212  2.9607934227372272  0.7279971651079318  
  -1.4383432805786942  4.349219081617638  -5.078636314596977  
  29.596404990500346  -19.86741783780825  0.4689796425518939  
  3.2985252590517824  7.622305104341467  -5.414478621044788  
  0.9418066928132073  -6.866732678220127  9.72585999723049  
  50.86256430844465  59.89786341012589  71.0971572717836  
  13.904218560806667  -5.914688593256989  -2.3715233619370766  
  -7.732314621156984  -6.416958181585773  -6.401918632565335  
  -5.162473479614746  -1.7338242871142076  -4.442887991767442  
  -1.8997524095759881  1.1609025085037992  1.083501290745303  
  11.86760510235414  -4.781082027046192  -6.8423669262819695  
  23.94815423858914  3.971837885003932  2.2202215619802197  
  -0.5892178111533617  -7.926608092573891  -1.9258372842325655  
  -1.9750770290804964  10.04010844808244  16.68663097591166  
  -2.6018096009109506  -5.8944866113280625  2.4336920039364505  
  10.295820772284097  -29.139595115511757  -1.8963131769291763  
  -1.8578300664721374  7.159320230105728  -7.6019648715180965  
  -0.915768806536692  0.7235138055106469  -6.341530028185989  
  3.6241828970424326  -18.084293198697843  -15.993066553518364  
  -11.758730105807148  -11.595928237899422  -15.354158083603293  
  0.13120018332757827  -2.040160826645876  1.9202263873995251  
  -0.9219767840425385  -0.08201184646291264  -0.6623092440941498  
  -5.534113457304392  -9.1925614835339  -8.258834137800422  
  8.903235075202234  3.1755605883864244  -0.1317780847080952  
  7.644833550772248  4.316281044027327  -6.124128535581706  
  2.2187472920464164  3.7734583605668788  -0.036998420269932816  
  2.6539483826273114  11.05190178663777  -24.853420771070912  
  8.573473649512087  0.9229189146763549  0.49209150143913993  
  -4.047156146245276  1.736143174437548  1.0014782469390549  
  -11.89353627290387  2.7783998873567617  -20.453799929809758  
  3.9914817542142353  1.9355847110074098  -5.154502202143661  
  4.42920964986328  2.195802284663019  -6.84020757763998  
  0.38465240307478693  10.259743556822166  10.728408980577377  
  4.21531034022915  -5.780826077044401  -2.6316454879650646  
  -10.433598510407728  -5.646637377234993  2.181725339340689  
  -4.9148680980435975  -0.6840780745443846  1.3288372804622688  
  -4.157464716876849  22.453933661375704  16.0319082394406  
  4.692560296675644  -1.3702527294162055  -0.22150522567526926  
  1.4414204040939838  9.788860486638765  3.2980517821955933  
  7.958207686609095  13.766064687730074  11.56997551571779  
  -2.696567868060383  4.580970480214934  5.580525605455347  
  4.376196861415029  -2.7248239662077034  1.803536027593953  
  1.8534024277763737  -7.416739601389492  -7.262761026149249  
  -2.6090457255660517  3.3896116306575115  -1.9669918339475918  
  -9.302911222248104  0.6599640419759037  11.383044371192435  
  0.13819008758311774  -7.559256964364873  -2.478771437156548  
  -13.799056195303717  0.9501937477988508  -1.383748870325184  
  -7.955398473806018  0.120809554904972  0.44776892574246346  
  6.030338867095582  1.3432840400940627  -0.8853251175686704  
  10.717272347991003  5.526816001550347  5.526938430329492  
  5.458489291793791  -4.580736552926031  1.1377685705626637  
  5.615868060468091  12.497775353354658  -10.393549620840268  
  2.533144471860202  -4.718701234316321  -0.8770516936437728  
  -1.967229058422768  -1.5333921094517768  -3.131443752564959  
  -0.709358466564047  -14.745777443145876  -9.155236234365551  
  6.7802273256630565  9.437448229931674  -10.978910702450756  
  -1.6236141588316308  11.80207914235379  0.7465957207269842  
  7.973813153392423  4.734529250248956  11.221038498872213  
  1.045726879371629  10.96759490437153  -6.560675383516713  
  -3.32456966737112  3.6041090441597983  -1.1465500806662683  
  0.3907237570226713  -5.897962687252725  6.909679931438329  
  4.446631696218055  3.461799009959573  24.779483777627668  
  -0.15314565594799423  -0.4428477774756054  -0.016647693696522064  
  1.133635383627663  -8.19362962329494  4.474958387941265  
  11.882487318195118  5.907320410891025  2.044146555496713  
  0.0157995847639512  -1.2318304037379493  -4.483964154170504  
  -2.3424198202662523  1.6774785917827812  -5.850324221622499  
  4.170629042677433  -9.491231480852607  0.23935657842856187  
  9.246218892324414  10.061388574683948  -13.174686553120202  
  1.2698551717017548  0.9145521720901488  -2.2400970529257096  
  -11.616974327748432  -1.1152926236703207  5.155752724256449  
  8.323506156422214  14.379293684853376  -4.745739034928764  
  -6.413937918654534  7.5627852384191545  5.233656595236449  
  23.352991237092592  -20.17985019544438  22.171623107359103  
  1.356113320173994  -0.695305187903555  -1.8082887967176633  
  0.14650849488414  -2.6578375294615495  -1.7917842592245639  
  5.424111624626592  0.16054859064669616  0.6768506841059164  
  0.8083408773022873  3.4484725153574565  6.59835343433838  
  -5.290809226398783  -8.383405319185162  1.699560205304959  
  -2.827067796045671  6.105972204888203  2.4982492685383195  
  0.9784833392736835  14.34177986811359  1.2847734393377581  
  3.064641418568239  -2.302130066311521  -4.163644843639744  
  -6.151388405913784  -14.608465085199002  -11.410296025864726  
  -2.285112765440706  -4.686640859739356  -2.5363725027753485  
  -6.896319493774312  5.070309488250402  3.261498265824299  
  -5.9824311769490395  5.279169384527032  -1.4611492154892436  
  -28.20700952503082  3.6564503802229846  12.201747907779856  
  4.630960084801375  -12.237646725003211  -9.235210585466161  
  -1.4729725618269072  0.6998832884645925  0.46114755207270963  
  -7.563708400650967  -7.501034513322145  2.2148780772026986  
  -0.19940601220367124  -9.585306377258787  7.475404529963457  
  -6.245606253283689  6.767259382620183  -2.4861414756536386  
  -6.103620530445314  -3.9976465278161117  -2.7052500436756737  
  -2.480907705690059  4.698743372660982  4.854092802053024  
  -35.154226897255015  5.504057498793328  -2.325930365908207  
  -4.128674469751793  -0.5123892379540732  4.194632919069442  
  -5.465850289846585  -12.610507645519798  -3.6757074258337927  
  8.620566199595286  31.26473922173077  -16.365013015607296  
  1.3024775252303218  13.414269418088097  19.402749670027877  
  13.757065792619942  -4.778563162460059  -1.0169370379686498  
  3.1818239551241336  -4.646170256897965  -3.473532373598217  
  -9.780309761882306  11.164237415770728  7.431366873937235  
  10.40271710644894  -1.123686882857071  7.649948604638358  
  3.7168555324159  -12.615842816023155  1.7835185585948026  
  2.498051054797939  -1.2434147455410047  4.978798351243864  
  -0.40971447358152396  2.8339565406541922  -0.011586780385273474  
  14.047215244789797  -4.0461370163659085  -0.02245308162888149  
  -1.7180682170322905  6.061338374613443  -1.1883772358551636  
  -13.37431517966431  -10.547810119232777  9.403257545790046  
  8.897671735613203  -6.805121659291162  -14.788574742536154  
  11.400512047816543  25.17055860667295  -7.573706949854726  
  0.0474332562443153  -6.006861638448714  2.1817311279949014  
  -7.220074471042172  -7.462367720027828  -2.8558187785375924  
  -37.545594585190194  -9.354478760984  -28.30099249487258  
  -7.785757880321531  -1.7236296232656574  -3.737192391938729  
  4.647758864390571  0.024381760742042284  3.4682398790564255  
  -3.769336010416319  5.135981446534134  4.458802552756469  
  6.02498760803285  0.8009980962432344  -1.292357668014386  
  -2.5386673037776157  -0.5736910792817573  6.786386668900983  
  8.46219905692971  2.1574103503885396  -6.707253695924191  
  -2.0561601962222227  -1.9373463632422536  5.632927082015334  
  14.442439609222044  -1.5840303524305215  -11.815738582172672  
  19.27265966664021  12.797149347640971  -8.889953999586323  
  4.029255216899764  5.894777264814688  2.8719108559397784  
  5.862946632688888  0.3914641727004444  4.698376817557187  
  6.226168384336696  8.596162296083364  -1.4843731170454801  
  1.7078453179033921  -6.385307770252884  1.357735635957425  
  8.542173570536972  2.1955864702273056  -2.2257347029513297  
  1.5227846872054756  -3.708568320246827  -5.0847939350097455  
  25.640858933915506  16.17826291877355  14.894051067620586  
  4.931373530998339  11.267391201390694  6.379784150193336  
  -14.806681187244234  -7.898333688885348  -44.1045671062547  
  11.130562334803958  -8.389068967397243  7.369437208846701  
  3.119428545490277  -5.2850876120717745  13.316863069510244  
  -8.472563224918908  -40.37657392894004  10.954736428355876  
  -18.361867868006197  -223.51379024452396  71.03866768049802  
  -3.3309106604269356  -1.6841616766967868  5.959399972491221  
  -1.184589138543465  -4.87486527578718  -0.9020158552242253  
  2.666346550780904  -7.713689362094115  -29.02405185359703  
  -18.438103728986988  24.99260522208503  9.320743915193235  
  8.170699686442255  -0.29591239979182493  14.350743116282548  
  -5.672124657255059  17.640565042933652  -2.705217509360936  
  1.3991009983582683  -2.4585369810610382  1.3054090548713042  
  21.61631285417508  6.500069038755663  -5.614087217397041  
  -37.89287841237931  -11.85041373555167  -30.629258819683  
  -8.049723934987554  -11.758412411087155  7.335480872354698  
  -4.126615674433834  6.382649064545238  -1.2966283048159033  
  -3.2537138077720256  4.97930331717479  -10.445141117251751  
  -7.305055024909541  0.08187386111203482  -0.3650714959975079  
  -2.267959628618806  7.611432373895106  2.407433663137204  
  27.196413317281053  -44.96595453978807  -60.463783248373375  
  4.431387189322447  11.546900328376536  3.7789993821038004  
  2.458940606134338  -1.1429216507662847  1.2595620735143802  
  -20.936991130358116  41.6583364797548  -2.1843780657880334  
  0.39764736948843565  0.10822277464375049  -3.7917555444780637  
  -9.691930459336984  10.154216030469396  -2.6644378269223563  
  33.13131511239342  38.30213082550343  -19.501171118375794  
  13.65243212089879  6.625279176956927  2.0497426416635545  
  7.578865259244669  3.8936225507346762  -2.892591363010513  
  -0.32412431981505274  -1.3748082956268237  0.014924762174731498  
  -3.2741540175788915  -2.051167621198866  -4.075491306726953  
  26.247536999919884  -6.683365185097939  -3.017608893671249  
  10.54668782658528  0.51317186574963  5.577044866400763  
  4.611481811158849  -9.228070358781206  0.19329511333556598  
  -0.013604503317589578  -11.502192645293945  -8.412151620089647  
  6.359187334704417  5.675815671529912  1.2939383930066297  
  2.4743314903852647  3.136072346701065  10.4355923504131  
  -15.555122323580576  5.991341491732198  -14.698260639178631  
  5.108734467428745  0.9890310781025422  0.29168483288297575  
  -2.7765556122145507  4.398185564419268  0.7034546937645885  
  4.075204975090507  1.7029544161698318  0.7710194556243987  
  2.958229789812798  3.2250708471510716  1.773007930096182  
  -1.8727314318327362  2.935571429668028  -1.363220217846639  
  -2.2517471933454023  -5.197024906769556  1.142028273425929  
  1.0142793626307844  5.990761625737108  17.851544349231514  
  -5.083463472515477  -2.6216207010691783  -6.152502450573874  
  -9.22136887286364  4.589851997683347  3.0905922642018955  
  10.137354435219494  -4.750043089828361  10.941814050642447  
  5.798392285237265  0.21478179465967182  0.1949004273355403  
  -5.110379132390932  -0.38792588305394204  5.939026725493075  
  21.930709959322336  30.526356048366058  -27.35692476046158  
  -19.743738125429108  -3.755846425299649  0.13002399526962405  
  -5.325407489731723  -0.4024849658350097  2.822673450361987  
  -4.827647951870847  -0.9854262855513086  2.782314806372371  
  2.279892179238381  -8.062332600959806  3.136202425604292  
  5.38391468885988  0.7659424522593709  0.1559571774033577  
  3.496569120787048  -2.4833999568644747  -15.13341206973462  
  -11.618991583905814  3.070196763372877  -5.547448227031471  
  1.498375913460674  -8.829040506615796  -3.198470001674735  
  -0.7065063351793454  2.37178224379045  4.341441438690704  
  5.050481794931192  -4.410748876878404  4.083088726323306  
  10.960797086410281  1.3714204065709745  -1.5298544562752294  
  -4.092827166167674  1.6632059865757831  2.705567817397642  
  0.5554208758244101  -5.220852289798653  6.89550551057096  
  2.070128121332332  5.0338158194845475  5.879699323052772  
  -5.0593617728401785  4.043600543978909  2.1517145437131764  
  -4.102568303031552  0.2611952811806548  1.1697806243250675  
  -10.357552670724592  -3.60808424578497  -3.1025143596511926  
  -0.3434636320584643  -3.162212633801731  -1.6163622429986881  
  12.473520950071016  -0.18357593830613028  -6.869509417990693  
  1.2889491252342526  -0.5735591965671133  0.07009558148230641  
  -11.155184010807508  13.555636588880146  8.45069834641964  
  -8.889138859144008  2.285808229588169  5.840116863772889  
  2.7992438012206007  -2.3030691811981527  -1.8534961456437948  
  0.16201468942360334  -0.6254088297537514  -4.2200853246103955  
  7.618800648493044  -2.9140557719637346  -9.991782315153976  
  0.6901212268452456  5.932499832719091  11.72717953783514  
  5.613843889325761  37.77687223338842  -9.963517447612192  
  3.2083128895121704  10.166597865129122  11.586233428572031  
  -20.998091675631184  -9.342363954269436  1.2051115165513582  
  7.023965857874108  -0.347485825999031  1.8219589292903813  
  2.632377079710799  0.23233320057383358  -1.3767363829041723  
  10.264833630931019  -20.12979738332087  -1.919666045342432  
  1.3063202007100052  11.915274255153701  -1.0700161434038677  
  1.2248267424478985  4.954526820626727  11.55603364873357  
  -6.026321309005649  3.933059950180217  -7.619245321878954  
  -1.8011594780280449  -6.62751757928389  -4.926599098810072  
  -6.864199399239911  2.9852829319418595  7.753892952078742  
  147.18531872728593  -162.97649379690088  -68.45257364321067  
  -9.732214273416485  6.6397515729654675  0.5423959861912994  
  -9.499641847101579  5.283171936110527  6.927610246016291  
  -5.871836987853488  23.01698970461033  -10.387758649028596  
  0.8070632782594345  8.582263056004585  -13.885397036279942  
  -7.533344813756194  10.958894392041307  -3.4743307366443763  
  9.544889194497125  -5.3962866446843725  6.825647842982999  
  -3.6562188897853516  -8.099803077864825  -0.5119512336983701  
  1.2675322695478977  0.9069395890954727  4.155729787152702  
  1.3083070942493396  2.7034324767755127  3.350976647519164  
  -3.029514666908181  -1.0971484059738426  1.1951158228680157  
  14.701860195398096  15.321200394077728  -1.2635496292580881  
  -7.397971503833486  6.635022478366301  4.452876978134365  
  6.145293741482933  16.4713011124687  -6.177033497788449  
  -12.760904380544593  2.715594201493009  5.372956803343341  
  2.045243762613882  -0.9661352033987406  -15.549377314714453  
  -2.672237227325459  4.260786485742307  -0.756946390985276  
  -3.66701406593567  0.7401327085946787  -0.869861645929925  
  -0.26872774481201733  15.727389397199369  6.528309667358765  
  8.713796474438885  -8.231209764161553  0.8580926036010831  
  1.6197236629072964  0.4723606668693628  3.2208638966787193  
  -8.768090549517447  2.8942327659218674  -1.7537591244395474  
  -2.195153838635319  3.3534065275161695  7.757546482714063  
  -1.2374570026428042  -2.5524490698512117  7.837329564247098  
  6.548359856786118  -15.243293385521072  9.394276667286045  
  0.5780112332492998  -4.523852367218861  7.235664176887772  
  21.389841323153878  4.288007977837467  -1.9594677209386213  
  6.526761289953212  -5.3511730137613505  0.42253025464089955  
  -6.75715559441866  -1.4481670838776695  -0.7555332880904639  
  -0.3099919151770896  3.778030856713725  -9.54793564953749  
  -1.748550450135947  -1.752535032332878  5.516993983160423  
  2.3048416678234203  -1.0186576260052094  -1.8392257451395946  
  -2.482042500575428  -3.2116245663315306  1.6073478553048623  
  5.678895026480594  -5.940732623709871  14.950507708161192  
  1.8966204630609875  -2.306923914874693  0.7420621025550672  
  0.5537752019688476  -5.981959566090126  -6.90040073096095  
  0.4510165559363074  -2.8176901591655694  4.247669865227303  
  -1.9148837102750986  -0.5824417507782833  6.670438297795494  
  8.378189381050186  -14.135653993115387  0.00963684404306626  
  -10.324556621015002  2.0108058440737677  4.469267692811806  
  31.552095319524632  -5.071073549489483  16.845999701236966  
  12.017703876885486  14.285168441431363  -5.406485747622908  
  -4.560628810162598  0.9004788314095311  1.056581663570659  
  0.21469593374003929  -3.052921394859099  2.166279077896272  
  -93.81597518232113  -48.473765260124104  58.727403979996915  
  -29.145946099334644  60.59943961223222  15.228855767836626  
  -15.83109514563934  0.44215488420961135  9.99873231136319  
  0.8589274953051692  3.690504323951438  1.3684103798357972  
  3.167785112794472  -12.999974318352633  -2.7743111236771125  
  10.48490085726036  4.186061110817999  3.0096608387043284  
  7.630425963458741  0.7798951468588742  2.485443781381249  
  1.3539175315675946  -1.2924786697127884  1.0714142497008952  
  0.8208332581790212  -1.074366986718982  -0.6804854616264775  
  1.4952198038506452  3.2016168602162303  2.638841641410392  
  -3.2139468079633366  12.249688502900769  13.939001138300386  
  17.117367429121664  4.083915771072098  1.5090412215097548  
  3.9422245474301523  -3.8015488651775624  -5.6051401059646775  
  -5.179553481816631  -8.48329595202337  -24.083180622310902  
  0.4872016911260162  1.5994863984133836  1.7140027448045743  
  -2.994423909415711  -3.5771628389725194  1.1054608619932804  
  -3.414175444299323  2.6763582643421016  -4.085745060882378  
  6.153545192193308  -26.118380567013524  -1.680325566683012  
  -17.307051376870728  4.1011981456876105  -0.03716106776105935  
  2.383198098121322  3.471153731041978  4.873611603262722  
  5.63995119122794  -0.13687957920719113  1.5180020671399193  
  2.353859889692562  -3.449567874073778  -7.817785704342129  
  -5.970881648989631  -1.3380341256717672  8.119570680850575  
  -0.0879873873569144  -0.03158096482745239  -4.219322818497368  
  -4.993258367724627  3.049501637053457  -0.36432918495643135  
  0.8354085022374466  -13.129234786450702  -4.264069630608758  
  4.366454141936166  -0.8400397729880006  1.8900294314784942  
  -6.9085039592671205  1.126418545067263  2.668137249076099  
  -1.1336544628754996  -0.695854394782437  -2.9802783839693148  
  7.036892370164618  -2.5140740134794157  -4.795712881818102  
  -10.812165301173158  2.6195169501113105  14.902805055775783  
  6.446183194007791  4.857589714781559  3.534116163745703  
  -3.279690314370738  7.443886241725355  -4.26578628665289  
  0.3487933860541721  5.1571413816040925  10.36150631256262  
  -2.7768540129777173  -10.265051719907268  1.2568343363535994  
  -1.0913059586287328  2.7447814429926845  5.057394951791395  
  -2.3594332504566156  -4.577263109885536  -8.542050398084093  
  1.3102727823703797  4.753137168348105  -2.803697629676992  
  1.8031763209178542  0.29950290039897537  -0.9896394212783665  
  -2.06012767639035  3.2560900954304133  -0.5032570377205383  
  -6.107720736028815  8.3262102993268  0.001456818991326422  
  -2.3909297166205716  1.3636819556843869  -8.567653752266025  
  4.446168458437685  2.0333686380651095  -5.085636418739196  
  0.09433506623018716  3.2676431276257176  6.6879372908012  
  0.9310993025866776  2.1785627366642273  2.923365924392268  
  -0.3690060708552272  3.2454766841991183  -2.148384109328805  
  4.10710536748202  2.6101512499178257  -1.3878254757268738  
  -3.7720841615916845  7.959067726520974  -4.266121225757476  
  -4.978018696745864  1.166479212593742  4.247071924147522  
  0.3396153530614779  -3.1891876478447916  10.980784205099775  
  15.496210053958071  -1.2793001138351003  1.499728017210632  
  -7.486123034281356  2.7391986963213033  -1.1743704895248916  
  -4.5515705194676315  1.3090877160073198  -7.906365044636208  
  -10.711167355738759  1.5730556681267887  7.193222937081602  
  -1.7119891749014031  -4.3366875605915185  -6.555847108113737  
  -0.3948516154428069  -6.87130458319541  3.367506872081402  
  -2.6037453453630928  -0.741755601387299  8.332102314046866  
  5.982572221245479  3.8268485872817144  10.908344862815692  
  0.9022979085990869  8.081384056763131  -10.183182749986338  
  0.02586954297837478  -5.537085456266077  -4.5698811382242726  
  16.32865686327844  -19.641190234269096  0.5935672185033449  
  2.835511241478919  -7.784298911927349  -5.457130563547864  
  0.18676896051460004  -2.6837222716167073  2.7393179417456808  
  4.526386641469269  5.006645991904779  -13.239186155743484  
  -1.2953966200503126  4.233110175574353  -3.4301480930506196  
  5.287836475738719  -10.114477545546059  -14.237524017252053  
  10.655743940052123  2.1042842659479617  -8.889291778584218  
  3.4834954252376735  1.3598324891541078  26.914056268522785  
  0.1692095251319285  13.350877722588312  13.777294944240923  
  1.0906578878330457  8.105612537705952  -0.5516175675619803  
  9.321923460383037  1.4680061995686449  -4.454819881955283  
  -14.85487702045531  8.165195214931902  -5.069893683318305  
  8.178660977579975  -5.076531769611201  -2.698119289093417  
  -1.5569146811467542  -1.642180027211825  -4.497583128252102  
  11.744677297456704  -2.4738994310498663  28.403996105987982  
  -3.5693472874365826  -6.316500659019253  -11.725703279943843  
  1.042486364088255  -11.854152454737868  -3.323567974499335  
  -3.515815891217025  0.5689125037781138  -5.453523249956138  
  -0.11656611438196528  -4.079721062869242  -4.325692830621939  
  6.589553654032598  -2.049310822068682  6.78135830212828  
  1.8234578041142773  4.280165123492244  -9.340483721247486  
  8.514848502268155  3.5934981934262886  -6.1428933739568645  
  6.443392983132763  4.889902106462436  -4.964669256358462  
  4.996921100580463  -11.121549195880696  8.525489638000469  
  -12.48638590793671  17.563938854839243  -6.029332252556296  
  6.128990152995637  5.16181309118947  8.00415524497525  
  0.19132651860912292  -1.003955555910906  -8.542029450841058  
  14.653278226538637  -1.903828105609333  19.352225933094516  
  -16.82177491216013  -6.774351194167898  -5.433138701729922  
  -85.69806686918231  8.067919130700473  -103.32999900480752  
  1.1546474310601407  -2.4837719196678756  -8.39935562108286  
  2.5680027754033627  -21.88657680963505  0.979517772922031  
  -0.6751864872969113  1.1730732852407597  2.684654451054954  
  3.7676010386456187  5.5184640126363576  -7.758309529730234  
  -5.1783460616297114  4.260118550830975  -3.5448414242957518  
  -3.3586976157032646  -16.64334797833015  13.013442915974778  
  -5.363679061730675  9.13951500836911  -0.7475273703629733  
  -0.015689562206645365  -3.5376149675823556  5.169347076625341  
  4.083453241395056  3.730318440168593  1.5093711332852924  
  39.999162875190564  -21.838784838556144  -62.029031845053474  
  11.197520783920591  24.20017028915115  -10.152370592423445  
  -0.9676838189192083  0.5355690517736598  0.10798485180147102  
  7.214510271307892  2.5785875328563783  -6.161202605135024  
  18.300463140901144  3.5687810133084032  -5.311006321031576  
  15.979250793646653  -5.700482101796992  -3.2900886728372245  
  6.560890316255854  -0.9342116081936533  -9.93280246967572  
  8.348414044653206  5.677361350700707  -9.01535855767426  
  1.020778131775523  6.196148777501473  -7.634042979486375  
  0.016857614921498402  -0.8637790782634214  0.721384975398972  
  -1.3926479596588914  3.2309732959163067  0.1490868220001077  
  16.951114689067687  6.671864703590787  13.554636094378322  
  3.696865537300213  4.723475630982751  -0.713267587567271  
  -2.435288238873237  0.8432123945844605  -3.3893933642449543  
  1.4425953497957738  0.18404075638717993  2.644429320573864  
  -0.42012236253662527  0.8924951883696179  5.170526234436829  
  5.307427974826306  -6.591346553033594  4.140908710497686  
  -12.97137217161842  -24.640313872097586  -9.486313394001423  
  6.005313389236915  10.904903998468562  -8.372462710779464  
  11.433097390776902  4.720584174654839  7.286687215856797  
  6.839718160327814  -1.1145490063446795  1.680178993994506  
  16.196052123107066  2.6905151250561907  -12.02979606864649  
  -7.111900901851449  9.778237572421839  8.351815575972454  
  -1.6355399480031367  3.9629193101470994  2.750594126581295  
  -1.4651895759383722  -2.6605734031842077  16.265330720136138  
  12.813192358241482  -1.9310135785122446  -1.7391198934293624  
  -3.2161539265763524  8.983873482243897  1.2813910990241357  
  1.1752697397323981  1.73686521129397  3.3074920764523643  
  -1.1067480356972728  -0.47427363878801204  -1.1636900710883464  
  2.7166745112005355  -2.267679117616431  -9.123772253863157  
  2.3721076541592496  -4.865105878720278  -2.5998794563307657  
  -9.699336421765171  6.322400567893176  -4.8924683165895315  
  -3.927542110870744  -13.592343951086152  -4.549454209162859  
  -2.979775463742688  5.555463527563755  3.3096297441208016  
  -6.5637270998080774  -6.788242229133671  10.336756557137154  
  4.924428552516325  -13.363844822213084  13.279400702240142  
  1.893592748625807  -7.15418788800216  -1.771475804184  
  -5.758965146130381  -3.609551701503807  4.785540901224738  
  5.846189483130183  15.630790630152484  5.65400631416386  
  0.8741794592584046  6.624154623005919  -5.495373136331787  
  -2.7934762696358835  2.6411984413573446  -4.752538937595755  
  15.890740046832773  13.309116329321089  41.227196266194525  
  15.782382159603953  0.3004215501622861  -4.396770285071741  
  3.1504477160797237  -0.1153602507421045  -0.6668538257586891  
  -1.486039033258385  -20.592392248036447  -3.0181828768793757  
  3.2123458625328025  0.9192878437247202  5.568284535939832  
  0.7156807504899504  5.0034193043071244  -1.9261487219967126  
  -13.367765024527333  -7.850433854681825  -11.700895210149435  
  -10.465392952655218  4.04449472746382  12.005869191792828  
  -10.522030029419998  5.426876576888123  -14.5180733812076  
  2.8114496667679743  -5.523183118253962  1.2076934168630142  
  -4.6206380901893445  8.094286738607774  1.0004276226020623  
  -0.2276364180253065  -7.633301469054135  -1.6861166185173777  
  -1.6646543150178978  -3.483130858020977  5.423219494812453  
  -7.322770332952252  -8.783853888474084  12.379384224901782  
  3.742630013821508  10.617472046105725  10.345593650409365  
  1.6847796252008493  -2.7160033118447706  1.236457731435084  
  -4.723512693117299  -6.706050997794204  16.512369927268086  
  9.406466990916279  23.40767358856364  -30.06678932829514  
  3.723023404663353  -0.3667926998064311  4.134634317837414  
  -1.1334219120647313  10.519965487894279  9.06827891333845  
  6.990956847673339  0.3961359736850241  -14.047218385318414  
  -1.5295625560257031  27.86878611086345  0.9223101394900723  
  8.587052740765378  -6.788187338353946  -5.9124199908155575  
  -0.2992531145516488  -5.546863245970075  4.523342430487948  
  2.0884642991147935  0.6667865392727543  2.1976975348743024  
  4.294724580540301  -13.175964584732329  -2.5720199113464  
  12.2158933845262  -0.4809245081228108  0.9024463569698533  
  18.587365073329913  11.42667863198885  5.083216998532918  
  2.4256102099138515  0.6001747544122176  -7.331269971337589  
  1.9834957588997308  1.933380843423692  -9.710208994036758  
  3.9093111274310846  53.20684329641549  -32.21187066237915  
  2.146142539064275  8.37405876987776  3.0349240198109118  
  -9.613177027022207  -6.962526226520297  17.450508279072203  
  -7.984782083603024  7.95000009245871  -5.040338232514746  
  -3.0054389169306224  2.732154255947405  -9.34335434970682  
  -5.955057894088313  1.1300418546372797  -2.7567244577553223  
  1.5642424620736923  21.120598792618438  10.549465756534914  
  -2.3871504850975582  -14.33196059308899  12.562526063703292  
  3.256319478401049  8.606683279284113  10.389081282710107  
  0.6945826116467816  -2.288986103762608  -1.8523071394338402  
  1.028552638971656  -2.7704672976181355  -7.181576992112511  
  -4.487644369699837  -15.62693956191408  -11.659699435943907  
  2.5105067435153128  2.1772089197808304  -3.5862436641873474  
  1.5017440513751807  -1.5950512606152967  -5.004166182953296  
  -7.417739763131582  5.907053412254094  6.899635298096686  
  5.967321668422418  -1.2060606044906024  5.196998631867414  
  -13.448219412916623  -4.736909024338949  -14.559302652142176  
  4.800697182159115  -0.14539179151112291  -1.2588371864479364  
  -8.66512752739011  22.625703910991056  1.4457165023754934  
  7.780611710266323  -11.434792205373663  -3.320495409014754  
  12.813093696256713  0.9423018191336422  7.619503603407241  
  -4.114296447044786  3.6360813517197283  -4.943886124518383  
  16.1846218002337  3.1013235390274225  -8.307205664103805  
  -8.511324523558308  7.467666679314386  -6.030684371868382  
  -8.817515366922493  -3.1254266413703946  -8.444858332332938  
  12.815230831141832  -6.897474861749847  -3.613912070668781  
  20.72424325748526  10.501802996535456  38.77834148011981  
  -14.896141208055946  -8.096869661360879  2.4343808091638435  
  -0.5654002239194527  2.649442693422664  2.076378118538862  
  0.038366833308282826  1.853167683541057  0.623819243183249  
  0.24314107775659694  5.804220561447134  -10.119928158902363  
  -53.82534873857764  0.9603340786582008  11.311539886705523  
  -2.617978202021536  1.8350369728009919  7.644014942194036  
  -3.531830192031352  -1.6941796567642406  1.780773344737445  
  -6.780207302533866  3.3766563590423884  -21.320346528568898  
  -0.5227155033100961  -2.740721916657779  -0.6845466806297487  
  -0.306340844342069  0.6763035721339841  6.9343421035965935  
  -1.94866529754439  1.6957347811166712  9.28176314229049  
  6.95405466762978  -10.273900000997749  -2.049488876803413  
  -3.304362445314264  4.959303158304684  -1.655087666314776  
  -1.314248830056043  1.7399922426295016  2.5037957399951276  
  -9.55686740380415  -4.900596082991157  6.387930937960447  
  -13.222888742125837  -7.608798991428528  4.137523994401885  
  12.533410166307153  1.5506893114243765  -1.1805578132674892  
  -1.9603869081234322  -1.2659641901227126  -2.775721335439893  
  16.778518632646033  6.847616982643995  -6.34701227965573  
  5.978848708986056  19.45206129224953  43.87115667083493  
  -6.6013106415977605  12.049947330765535  -3.5840988398608196  
  9.824291232176881  -0.33581394616552634  -2.5778773845087772  
  3.43764228674527  -1.6218369101751664  0.3494799319385605  
  -7.169108499273833  2.1302343155709993  4.397868124559693  
  -0.5195441971094744  3.379082375083586  -4.291299654470679  
  2.6884268932784092  3.196901515980714  -1.12047005007349  
  2.0356061689680907  8.065770389242344  -8.112946189575325  
  5.846878318009021  14.399890583066961  3.347940768273376  
  -5.182227001513137  4.663206615578161  7.528044415009595  
  1.5870147094038494  8.140422595840015  -1.5870181467643136  
  1.1706223346196534  13.547853375815292  -8.010663060955098  
  2.8707436188045  0.03331638665823122  0.6793846211429186  
  37.90297542216638  4.954259415400442  -60.9500302111548  
  4.397908794569272  -2.6472800545385606  -2.9388726899024045  
  -17.667218653712723  18.324740566520703  -25.88197618303501  
  -0.7930182330444014  -7.387906927912034  -1.713862752354827  
  -16.95781315192039  -6.887837742493892  -5.0619667721585735  
  -1.0254491516169455  6.571162545938474  -6.234511846439674  
  7.612823036459342  5.002675119358604  1.0425525773280442  
  4.78624401144934  -5.633195541674256  -3.9822666866643233  
  -8.064335524098425  -4.806587344153794  -3.291027908353273  
  -6.315898428647321  -3.524510403263935  -6.267906038428419  
  -0.06647215268791838  -0.0027133382242353786  -4.82353452851322  
  2.7602626064025126  9.282468884098012  9.414340343243211  
  -0.1329238301003568  -14.494269132750743  -0.3898894925997457  
  3.2075050460637256  -28.955819638403653  55.89172002571159  
  -0.9769252836326006  2.9372658092048507  -9.098025089830491  
  -0.5022478802391948  -0.2956013631537259  -1.886305588208258  
  1.0645618038296627  -8.121609892618169  -8.59603276100042  
  -2.6513480155927938  -0.9767609544607714  5.165362587088649  
  4.075337283129512  0.6033679941161145  -2.8159972342978454  
  10.78164150744485  -13.827536828769567  -9.065594037712659  
  1.5009521170212914  -2.069982156780221  -12.469029736272086  
  28.921320650319892  4.018102697843576  2.774751093789929  
  10.581731003852328  -1.4584502271759838  5.574540464671762  
  -5.923250542644678  -4.054770142462573  7.0684161774805885  
  -3.5024316549418693  17.627433829030313  -10.510191994655399  
  -0.9494859941029711  2.3033625736945686  -2.3589837776174467  
  1.5644271954987903  17.0566541133161  -0.6981741975120328  
  -1.4064462663704778  3.299397382518356  3.2669605616421498  
  1.7835210522232139  2.263875402526274  2.886613555340359  
  3.328878156775085  6.428213676832754  -6.208768260201413  
  -4.2517154123223895  -2.574963408226804  -3.2681327774458464  
  8.026327118876951  3.90602060252599  -4.166157867492354  
  -13.667113904440338  6.21480365165658  11.664718067919361  
  26.135091925531682  3.1439856161214594  0.5293794061505355  
  2.638228297332607  -6.681958962807881  -8.773571486890058  
  -2.2515907011208176  -14.294724852724086  -11.048050459380454  
  1.1352935351762428  7.188359810405127  -0.12079711310223946  
  -21.014178330493888  78.86953515418013  17.96771119700822  
  0.23060584784921426  -2.470548903570228  -2.9533144387790515  
  -6.156264703161242  4.353146768801533  -6.079028631562482  
  -1.0426956951710904  -1.8184063049942851  5.772544520462336  
  0.9932465051942226  -4.862512568218358  -5.1845727985384755  
  3.555682251508413  -5.3690922923851  10.765989965807261  
  6.443342981409942  3.2493787772872627  1.0791370286269415  
  -15.123236456925117  -13.412833495023774  25.01786823007161  
  1.0609766262146851  -3.5141319009610483  -0.07215190152628807  
  -0.4006413827357018  -14.28681255692651  -5.449954068092449  
  1.5790915375635999  1.3587433474511794  -2.5136212164817557  
  2.9044743292579014  -5.509512557201118  1.1941628754814648  
  -1.0753278393864243  -0.48095635033773737  3.031462026917409  
  -1.7657172603053952  -5.051909496976356  4.568507479471846  
  3.7299830753126217  -1.4224086032093992  -3.2109764926517923  
  6.275035753276436  7.194280426644829  -13.519726437348444  
  6.027085058459007  4.4076659093090695  -1.0446386506207745  
  -0.9355090805162498  -5.6637683821878335  0.8463962525950692  
  4.19126895307027  -1.1943455025155922  -7.017209706024228  
  -5.762027898463339  -42.006813584942144  0.2946382971425258  
  -0.974205715049148  -0.3698637148170931  3.933270403335345  
  4.568346031048968  1.378730025635369  3.4240793235430074  
  1.9990576665917588  1.2456764317459184  -6.4942377920352286  
  -2.56464432564697  -5.509247778481322  -1.6301141519636868  
  3.093245471653374  1.3531755355359956  1.130401263866634  
  -5.8666513452184335  2.474539031143188  -5.812163539011056  
  -54.08960390901632  -24.546289498531983  8.31615132802969  
  13.872566723544551  5.552147682404596  -4.230305048240294  
  2.416934869578439  0.44304001072376625  2.3511646635406676  
  3.329469711071399  -6.099148517857164  11.08154858445842  
  -0.12556205747845178  1.8592991766887093  4.442162157434107  
  -5.622627536372824  -3.673849768030558  4.675155888258528  
  -2.0819334267342957  3.554162000882372  1.2368610348554037  
  5.849012127145725  0.5168156418494213  5.5360496945123785  
  3.468308747437996  -6.56775164577369  1.074613237604247  
  3.9748363511153433  -6.118449343894991  -6.690841580270631  
  -8.088659447299957  2.678330164501821  9.086065575298859  
  -1.6434478080866155  4.469964723141849  -6.628576065314262  
  -7.384164852066216  5.84158526964643  -8.320636521604413  
  5.454881590494284  -0.4181323796763601  -30.943250985698455  
  -0.6397029759522792  -0.15980989692187497  0.04215560110359466  
  5.222950073395607  2.6086665925859838  -1.9629980617338707  
  3.573951774139471  -1.5955236135825281  -2.5977954988799756  
  0.976067531913088  11.51158112108743  -5.729456741163021  
  1.277008500454491  -2.269214484855488  -3.061002625062404  
  6.670437573677174  -5.762104622700846  -1.1212129518295133  
  -18.55816805151065  9.759184638856459  -7.739412407085411  
  1.0082451823827305  0.8772594188167112  -4.053642556009444  
  12.424996026608518  0.25153292787603876  -14.295845330118793  
  0.12988311284992785  -5.897070542252947  6.247706460125482  
  -3.031796269715151  -3.3837782195215778  2.7449684887017995  
  0.9164416533618959  1.0468992886051316  1.5737769819463443  
  -2.0469033398323915  3.205736450747502  -0.7056686649642201  
  -5.624932117138006  -9.637979807387392  -4.5344869261447025  
  0.496929262141034  -1.7198039977722368  5.592796318729411  
  -10.527612391903524  -17.98996006055747  -1.8031809305271487  
  0.8969280300120313  -6.2454108127328976  -4.270444790481381  
  -7.1578772968077065  16.470399422863245  -12.765141310587241  
  -3.6972683362499  -16.011154496094886  -7.178992168130302  
  -22.10557906122123  86.89746555970049  -40.87802073063937  
  0.5757087674141833  0.006177025306642826  -0.8145841647513721  
  -1.7819121876174961  -5.572580721406736  2.8914031810668788  
  -9.171011285560253  -5.411363657571861  11.310697076011696  
  -4.499086380633506  12.639024043929714  -2.938661959914174  
  -0.34464887208532075  10.66737657494627  -13.237717758227088  
  -3.6989979989821244  3.8767698592990936  1.764667918599185  
  5.699313561230005  -10.055766735336977  11.357308214423442  
  -0.9727591850407497  -2.322318504922597  -4.196300591576292  
  -11.905781490156018  -6.607912435807202  -15.298999732070504  
  -0.8630571037973954  1.4894445148738962  0.39649560420389207  
  -1.9881655397357567  3.2024452916101  8.941189206697063  
  -37.422157796489586  22.210194482083544  3.4683087076043493  
  0.41424825552303535  -3.54185512838198  1.1474641839718878  
  9.973136695555828  4.35408937226258  -5.443477671735963  
  2.7401923882699903  -3.4444084829617303  -9.779935999485646  
  7.312124343312502  -7.291544434009018  0.4796331470879092  
  -6.425914679170463  -5.288076245736467  -18.912448866860935  
  3.1334771926476006  -12.205257745287465  1.8602568888209978  
  0.1784522649054267  3.2367060734953115  1.5083836959317798  
  -2.4483900669196355  -2.1738528928476826  3.714394128292167  
  -4.214480217362934  1.7372539668865363  -1.8706575152937968  
  2.2204005740013115  1.603326036608914  0.5223307321324216  
  -9.988682647801866  -0.1123283933173384  -15.11842749277513  
  1.8698345520789912  -0.5747747016310082  -1.052052884549505  
  -1.2941499891115416  3.418970044128961  -2.4067266362667468  
  -9.186440753017024  3.307128583613116  -9.671290350196681  
  -1.834712388765231  7.39252606696133  9.839064439309896  
  2.5652715847282774  8.819075521210388  9.486544143749637  
  -0.5981035799136513  2.504510617082919  9.816689513917522  
  -13.457114677872598  19.73793954224645  -3.4293726120729437  
  -5.2308483412526865  -7.183081164657642  -0.8081307106673224  
  -3.286444915193346  -1.7726824784467787  1.6293850957266984  
  7.664973982956181  36.67710311067492  22.634575310350773  
  -1.8829444978914518  -2.559724265998193  0.4769226754483455  
  2.2928403575346343  -21.2763186427526  -1.2085013159055804  
  7.06800934071549  0.040583607351741026  6.736239210721206  
  -8.909527498362806  6.747309974512293  -17.959513948635674  
  -0.47880226298151574  -0.8984745194320457  -3.8579409432624923  
  -1.450687297941214  2.0155729600523102  1.9317014189737876  
  -2.25674133287962  -0.9127648385252072  0.8556716107347228  
  35.7277651302997  17.426236891051946  51.39061590123438  
  6.948292470348448  2.7175231531117188  3.5191027221412  
  3.5944101986036623  9.33757564662267  -4.52529477159707  
  1.4734592134162523  -15.556014886137358  -5.51763508362176  
  1.1303208184718174  2.4911130783370212  -5.051549351360741  
  0.6175767248762472  -2.67235923174366  -2.0549764127671306  
  9.279038629439748  3.410985887141209  -0.7569139041206931  
  -5.905918254229794  -5.8041141891507735  -0.5109697360300297  
  0.0523669792900966  11.163011215006748  1.6138057578681673  
  0.9222703177659654  -3.9780541017425457  0.054051486435201794  
  2.202734659656448  -10.744144476139287  -1.948596796372385  
  0.05496860459924462  14.45941641068844  3.8112948576181083  
  -1.2961771270407072  1.3080988312386228  0.10062008472814245  
  -18.48898326921768  3.054910700053502  14.12776813087107  
  2.812815272605395  3.385310321172392  8.750746468885913  
  -4.272193326532329  -16.324444279443924  -16.90644689133013  
  0.3158587079966446  -9.486324899703725  -10.94682665098369  
  11.756980102714293  0.22736804524438217  -5.491159082566925  
  6.15151541316695  -29.19189454418996  -13.937995408578976  
  -1.1657742438419612  2.815702147451754  6.342612766623488  
  0.0038286791417547965  -8.163852651391656  -3.0934611474065052  
  -0.4067656231481171  0.9282404969584274  -1.169517979116298  
  -0.5358692998807675  2.7437470764584595  -10.516681710780842  
  -5.093666171201536  7.485839736275214  14.61073546642122  
  -16.17802557795511  -8.540667272611492  -1.194119219734797  
  -5.427769861995872  -8.674993644338475  2.534517793419814  
  3.9285852650207045  -1.1212439596825439  8.150433017838623  
  14.055927960198698  16.916770332359047  -4.186991474626349  
  8.883457791377786  -1.6999115158875795  -3.9088734466259276  
  -47.16726166843467  -4.623527309432447  13.117163393145509  
  -7.533299795579039  12.714978718934255  4.781091168251381  
  -2.0915021405643253  2.693044497571963  9.613770340102516  
  0.9959725433930806  -8.175402889463191  -14.488405849742222  
  -39.62199956122134  24.9218409804589  -37.35548114725269  
  -2.351064145327597  -9.392713941888337  -1.8235356605033792  
  1.7716843250638652  2.028532881830683  -2.297858789563367  
  -1.72102959500779  -1.4670533816349645  1.4497916712319907  
  -4.434940111688217  -5.409081979461271  -4.546408106545372  
  -6.638878271063214  -0.4282063556694593  28.197902315215543  
  14.698324338724943  2.6413656205460425  14.887248316620461  
  7.698565674027167  -1.2511394594474134  -0.3726987731088379  
  -7.968521823955851  0.5568268116419028  4.5931249966715715  
  -7.038443164872874  -3.0026154691952796  -8.101875826234531  
  -3.2570363937941638  1.3358936194323112  11.264610806733039  
  -8.182262871958185  4.698161795299042  -6.105478070133948  
  11.864475850309297  -22.809898092765465  29.35010607246316  
  10.532387168133962  -14.51157577779562  -7.000307598372115  
  4.210547601803927  1.5422833279196138  -0.036001558103311286  
  0.21807133497292322  3.2963776076791693  4.151387043437819  
  0.6962318209212912  0.28043860093101536  7.042816138622679  
  2.289898788808323  -9.638333685914633  4.211776530270083  
  -1.4944022643924555  2.6585874972935915  1.712315147629128  
  -1.941352469472023  1.6616849302795105  -2.075007147449526  
  -3.206401827023754  -0.5668358189888681  4.093531470416743  
  -1.6840931440300628  -2.8002378338065963  -4.561610024866307  
  -5.4636052774904575  1.627674510127274  1.8247716699210608  
  -12.737356764898161  -0.30572725905382525  8.911969150949691  
  1.2577611928934025  -6.263842966822661  1.0157172472228815  
  5.782311595912343  12.809654187003478  -3.300133888622659  
  9.290430955321144  -1.2100658700863907  3.2590594573686382  
  -4.63490018950884  -12.096699844784569  -7.010889179970506  
  -3.6925957670154976  9.182521274948535  1.2776446183235401  
  7.763993440577542  0.8555371041253187  -0.6896371683177223  
  0.3930129777005018  4.705608750583556  3.042727341660655  
  -11.022435979505774  -2.5878015891182042  -15.751664476213625  
  5.005600121221485  0.8463754962572143  -3.651937259102517  
  11.813779254172461  -1.5218759311521173  -13.3600203636167  
  -3.1058849025225337  2.0894176187117974  2.7276415954462054  
  -2.3245195886823007  2.9856464769555178  -3.2801940400174705  
  -2.4272051342744043  -2.165580194779998  -0.057659233262836264  
  7.151241478793533  12.641998602628371  -9.185294499713745  
  -14.983544855475138  8.812793028431482  12.44212784407362  
  -15.959492920845895  7.910270764865859  -17.0725872436238  
  0.6484065608494293  7.639347329178928  -2.77296210905946  
  7.310717762458159  -11.450199692006858  -7.098197146063119  
  -1.8464834872513296  -6.778674990560216  10.90149459883675  
  38.39376517823205  -23.244477427037655  -2.085965752759349  
  -4.11853255650633  1.180330520950402  -0.19517759268207724  
  1.5895654248401485  -0.8608680579280996  0.5779239266976333  
  -8.460937862810411  1.253698363521598  -14.922406888268485  
  3.109800482138059  -0.06845268108334494  -2.2363678219680914  
  34.66618172608193  -1.9551142881465906  -3.325165726835196  
  4.384969938981048  4.594587883282102  -3.9083782360490202  
  4.317636626090594  3.4655799743747844  -1.5381577827345938  
  -41.39743563076711  76.0828472013311  38.48016543329992  
  0.03635348168304401  6.840681285901869  4.422694764093118  
  -1.8135354031575257  -4.8871090235055235  5.139999861103864  
  1.8844856251021305  0.36263761477369977  2.4896810608699163  
  -2.1123678016979297  -8.900335944681709  -28.800135105101848  
  5.90372242884262  -3.396825370749251  3.4312003621071496  
  -5.303920747772343  -2.80348148902087  -7.572460905208589  
  -6.0787428946711515  -0.9442481485825827  3.9640180476314932  
  4.520544919865779  2.635721593346406  1.0355946286353515  
  2.9297483145391015  2.5249458908297573  -3.4430026095751707  
  -0.9983778419060622  0.9058805406865554  1.765891202916756  
  0.9998565512613792  -0.05942241749118008  -3.50142910486136  
  1.6866291090942263  2.8101531437565512  -1.0768077344917448  
  -6.295580008231611  -0.9856702226553714  9.21096623915914  
  321.02898666088004  -17.213025443869036  63.790707090301815  
  9.569881591552496  0.12084882738472312  9.237946568162762  
  -3.629209222139272  2.2716761232679996  -2.485880463680902  
  -17.606772518519744  -85.07387974157237  -145.20322851398592  
  -5.15022751408421  3.0587869157557486  3.029161809848328  
  73.14935776671608  -0.5860823516464909  53.29120762275725  
  -6.154934580105936  3.6356378755546905  10.442165257326126  
  1.6459583732337588  1.9547787389185167  -2.0475813228368334  
  -41.23682500674245  -21.445303467300914  24.500218672128177  
  3.3698221669737753  8.366105662152615  -6.814681391914986  
  -6.9709750803342265  0.6558904146962307  17.718857770834788  
  3.0852328324960756  -0.9332996175390856  -4.5227574180698396  
  -12.982220119724136  1.631525463058103  13.319945333164931  
  -0.0027864558241054898  -1.6125806788504289  1.8930532442016432  
  -1.8562688026660479  -3.935492510602986  3.838104497454416  
  -7.22484142207364  -0.44746164934825555  -3.5459024298555275  
  50.85635065968407  -5.2698296229919315  -71.78038642826685  
  -0.5334860169564533  -1.8568912883626256  5.159090271809139  
  1.9493108054639225  -3.717506785553886  -2.93834446943378  
  2.247700377395583  8.339866900655812  -3.7201341484192665  
  -22.648584934895336  19.479280282039767  21.37328430079302  
  0.12214801511163638  1.815410001893335  1.1181289586014924  
  12.025462109739356  17.172719993166172  10.815780921285167  
  7.428542339333318  -16.498148087975157  18.15479305055474  
  -11.823265861462337  -40.530573684269186  18.335438877649075  
  0.44832345382845873  -4.260787291887229  6.574875580300948  
  -0.9835694445348209  -0.4161463734906507  3.312372387931006  
  -9.221639462452123  -2.236325575049484  -16.034651302352522  
  -6.946786256952505  3.8268111015270443  -1.3050616728103952  
  0.811062166190779  2.0624395819390107  -3.354739752550855  
  1.028127601440637  -0.29035095278563344  7.4033829506854065  
  5.523680720691225  -6.9315270185000015  -6.303011521667424  
  7.619966904772008  81.8868584145989  -49.89835430594934  
  5.559828718720417  -0.6248742619365194  -7.308272529170424  
  4.266075104603308  -6.149141978404966  -23.473455727492016  
  -12.05303892228167  -16.513035853618582  2.6773416078933776  
  -6.847735035297048  -1.8374636525717891  -10.73932350004242  
  6.251749980625626  -1.0788657483514847  1.5820351405846165  
  11.536939816128122  20.01417442922889  11.965876472507505  
  8.639176131207712  -2.274787262894467  -6.472800916855805  
  0.7889687518627841  -4.792948103178783  -1.9737617036480795  
  -10.103302403022079  -0.2825021993407322  -2.4757920896390337  
  8.151404295923049  -3.3531429948510736  0.2205425543149171  
  -4.7874374448290595  -1.207325093143539  3.0470137638805554  
  -1.2996069729775268  4.118121436884571  2.68071890591336  
  -2.4237415640662205  -8.312310847472395  -4.213436220329511  
  1.6742098751178387  -1.5709765447763524  -3.648218666140016  
  -1.842272969998272  -2.1698208655760447  -6.209269120805439  
  -2.8491808269339267  -0.7645641833127534  3.17094761266267  
  -13.246867056668487  -9.31527333193189  -7.02048245964045  
  -1.2622716103565033  1.1203442725466746  -3.442356503115747  
  -2.535761690370158  0.8649520602700267  3.4705072092799223  
  2.7866198518343546  -15.101717514397281  2.4348156688507196  
  -15.176394587763788  -1.6312914199091852  5.598036926236165  
  13.055411475480383  -2.2852937644909694  9.54648498902736  
  -2.8790466644277033  -6.356001336800367  1.622522075089889  
  -4.572099840929165  3.170054986854631  10.682220268872728  
  -1.8841815899449401  -6.5150573205248135  1.5270118191524527  
  7.802328207945578  1.7446520491553918  -4.9260163947935744  
  7.022610516845461  2.951159299036994  1.409153027090214  
  -0.10926043207449246  -0.918338926838154  -3.4828793087436174  
  -4.622807185989621  -2.601228397727883  -1.53397562107964  
  -0.40992090443075835  0.7288750348314162  -1.9425221002529112  
  -0.10767352135934118  4.675894450773789  -6.51064003645387  
  33.370536667268816  1.7528399992053496  4.784512975105395  
  -5.483344084968672  -8.612641197320912  -3.886401978665809  
  4.696731886725812  7.825425335068264  0.3948470740701572  
  1.7611450668584145  1.0611033186405874  -5.562923013998964  
  1.6446793242536992  0.2616124540375379  0.7287724251061762  
  -14.724240567027856  -19.662075538655078  -2.666357567508476  
  17.63057565938281  6.4634061052974  -9.379518974989752  
  10.757799792856666  -2.0169923916066366  12.843821333110109  
  5.556002978813163  -4.5963210464090904  17.037720525054713  
  12.768830299978053  9.783797456690314  13.241329006622934  
  -2.202701546699716  -8.96032281431151  -0.7712232767123681  
  -10.174644859500402  11.618933904754845  -14.572190905290544  
  1.3097961415641304  2.937164244932571  1.4217542225563045  
  4.802427908048345  1.7317719691099134  2.2355462844448133  
  -4.854676819675259  4.614284096022002  16.47103499151121  
  3.278369314353599  2.9415020237102385  -11.846521133630388  
  0.7727246275434333  -8.103033869725945  -0.29048705846995  
  -6.821121415964153  2.228848902192366  7.642387045601372  
  -3.5922761407731416  34.28356923554506  9.48617262404144  
  1.6567276287048658  0.5032824766520765  5.002065375623639  
  -1.834420119898748  -3.99165348155585  -5.379201300858643  
  -1.1517390412747341  1.469872404470632  5.947506785129373  
  -8.684555862922334  3.8740319252486324  -6.2876238318258215  
  5.739968480384655  1.2166251996423303  8.891124275340445  
  1.0047277497409448  -3.6571999893934004  -1.1900897993265487  
  4.213780761077219  0.9612961576270223  -4.237604764988347  
  3.5491947776985158  7.59585744602997  -2.1617632821083523  
  -2.4161575325217814  -2.9665782528374964  2.414728790842892  
  3.243387148856463  -12.16103700969632  3.5716028643328217  
  6.975121233480118  -5.680472628498651  12.897336004367189  
  -5.4376551536783015  -2.778503547170093  -2.212419884315389  
  -4.626919562366145  4.598902449294152  0.12657602309376567  
  -2.421074058855919  -2.2097034742709254  18.705447063544035  
  -0.029989200939827886  0.828718843376256  -4.373451315316074  
  7.7149830641250166  0.05197652847825446  4.791200635254066  
  -5.826347116433711  2.233558635410566  5.984057361178803  
  -1.4173797207672474  -0.9907998039196756  -3.0935286596213896  
  6.560114414039506  3.9019013538409864  6.422069756491934  
  5.85044217891946  -7.8151879156219435  -33.25513449176725  
  0.22324350812224208  1.5562064083055884  0.7332655134845327  
  -3.98081433926438  1.7307365607485565  3.6899129047648795  
  -16.036111765066984  -6.230367231194796  -2.9445238283608206  
  11.082738712753015  7.3093515691355595  -8.699883402002229  
  1.0817199466075604  -4.890715986996255  0.020716445873915405  
  7.401174118049222  -8.235645131003498  -21.527434669933474  
  6.423747604730054  2.983139110136919  -8.949427551669126  
  2.486635376678173  1.1274977105504402  -1.833823189454168  
  -0.46049541352668344  5.148235826699006  -0.3411659554241332  
  12.673992077835914  -5.717390456943619  -3.6142493451322038  
  -1.2149489621088128  -4.602692873575011  0.08595981591742231  
  -11.223041447722363  8.22245342200576  0.06308309117584047  
  -27.036056826423067  5.119142192034078  23.09468845313315  
  22.237905684602794  -4.147638707602381  18.52050227771737  
  16.61166837492262  6.574546629844945  -12.811127021527243  
  6.59852360603813  6.092989054416627  -13.115376591862047  
  0.7316458181868721  2.4238455542734725  1.0801623787136976  
  7.117336585818346  1.03818575744976  0.8957208280198315  
  -5.441927840578186  -2.850955810510869  -6.079560537338784  
  -3.9887508182351956  13.443616337644743  -3.35279642571698  
  0.22331065050477067  -2.71717289479588  0.7062646557472558  
  -3.898032549440965  -15.822074851019446  -0.6270995883113989  
  -3.0103238427090258  0.9677420739510755  -1.0626559525440833  
  7.2459323259405775  -21.740785507612653  9.00035576916282  
  -7.277956452101486  6.996471733345628  6.122720130622466  
  -0.015527214884697478  4.611957754709414  -4.201594854415092  
  1.8691848623766476  2.0137807913256904  -3.4006998652362874  
  -12.676298204010589  -3.104744871600697  -6.698727346472884  
  35.651944595236834  3.0923373205309175  -24.98480653878991  
  -3.5438525041296396  4.246012459717353  -8.019794871190093  
  -1.3352079284282055  0.6244928454821778  4.619988585541216  
  3.21259882485373  5.352088381942113  3.8939232711212837  
  17.38040721655633  -37.21954516276885  -5.819728160821413  
  -2.10737700816136  -0.2603810651235979  2.6683455388321122  
  -19.193871348064548  -7.633785908891114  -32.1240267785135  
  -4.6396469234137285  4.669045050306172  4.166541221040991  
  -0.6710918126309354  0.697400954262942  2.0778341531218367  
  5.916838785012544  -0.27454818313180523  0.2984232137397721  
  -13.883027412563766  3.373183527847083  17.70306780766674  
  -20.50750206202871  -27.44347478195152  -27.119107242322503  
  1.8190572587408484  -5.631510812426495  0.4025326188771755  
  44.863990720411515  -39.5358441240549  -17.647129112703944  
  -1.388779586191703  5.41769632938407  1.3134383630521764  
  7.234636253533079  -5.077976074919244  14.468673106050433  
  -1.9032261174276008  -7.193124965525012  -0.7577497930507041  
  -1.574132204188188  19.650562345064778  0.14783242497025917  
  3.640374113898874  -0.38503752704787014  -0.5967053443764987  
  3.1624012996414614  -5.105608839706737  3.523515008349127  
  90.90294757461837  29.817402953449548  -58.02811121592903  
  -6.783785339990138  -6.0703674188532615  8.145818639327482  
  -3.072519937884131  -7.96905322307956  -34.50665981868284  
  0.397464054636571  -1.200242387366927  3.717699609893117  
  10.413673401335222  2.851206950878369  18.51121150220088  
  2.0176893569085363  -1.9610735432469704  -2.0569085296611638  
  10.372708991675934  -1.057265451994616  5.233963927572708  
  17.492449446599856  10.685051497633925  -3.6566968637829924  
  -3.393562826027198  -2.9742702098500526  2.417163945474328  
  2.9861695666313786  7.598491026846532  -2.7135108147769853  
  -1.4201614438745382  -1.4209117481653475  -4.750006747696137  
  2.150866049352552  4.065920977132422  5.182793369275926  
  6.649129172581002  -0.10846938449744219  1.0695971599981242  
  -6.313783716303658  -6.791832220213377  6.84996593782681  
  -0.6243877663353806  -6.176141274982014  6.265102627826243  
  1.1824723098689476  -10.398001551523533  8.57586254522401  
  4.025369394794826  8.249547061632484  -5.449742883087243  
  -14.05038212787578  -4.727478090992705  -7.742193991119073  
  4.179955259134776  6.035788156346688  -0.8192258149239912  
  -3.550215824184632  2.8673394473182916  2.523899570863248  
  -2.648739392910492  3.0872602229421764  -12.551378161185097  
  -4.472093248621145  3.750047745912453  0.1168512690274927  
  3.538428744683857  3.7209846701736082  0.32373950209894603  
  8.488710762464514  1.9657914153939053  -1.526718909490748  
  7.87204513546511  -8.826457774889546  0.2374618724271037  
  6.780596865493455  -12.43632603735605  -1.8158869418536125  
  -0.6098787073101168  -2.616630278357432  -6.5550214721123305  
  5.364480489316523  -3.9820962067095063  13.295324911886418  
  6.8849251531361615  6.618470435947085  -8.888844100290136  
  1.6745448264033842  -12.670702341614485  7.811817778340259  
  0.787877014273658  -10.492209036574161  4.857712913767168  
  2.6112704264449063  11.476174741570574  -1.394389908325615  
  6.978281973088698  -10.97469018853239  5.596090034277964  
  -0.668512586421376  -3.0574017306157883  2.2641937475370417  
  3.5673916385616806  -1.640445329716141  -2.552003397479608  
  -3.2025890977664484  -2.3821093438393084  2.1185609357590156  
  -2.8869013017952483  -1.792309943795403  -2.0192855631907642  
  -4.010039060942186  -1.1251155710899334  -6.604137282569364  
  10.363220042688953  14.067634610365953  -2.703227002011708  
  -4.940264586309108  3.6580180261448545  3.328515172495035  
  6.658784363836654  -15.320575179034503  0.3469320115931935  
  -4.091777295730555  2.266717396252772  -6.060492515427112  
  1.5808710421967493  2.428595870347874  -0.7247653148278923  
  -38.56577179858376  4.373171115800953  26.14279577869332  
  -10.30755434149735  0.22415538032531224  1.6045233559769931  
  38.94872220077989  20.238169630424625  9.237894386762795  
  4.899448883175841  -1.4858134988275395  -8.75652466610027  
  4.893327116162438  3.9749029772855358  14.701532841648183  
  -8.73843229054034  5.958111837603235  15.946028975335631  
  -0.07753154854471304  -5.461526443567334  -5.366907457884722  
  -18.445947091878946  10.296692152672419  -15.227083149832664  
  1.1971377192239765  5.11974722020079  1.1924801965916132  
  10.592096586883088  -5.692434256893396  8.927725162035577  
  -2.060609739392566  -13.579543456321701  -11.256002676895786  
  -7.248631456179789  -2.9493840147950867  -1.9103555193106005  
  8.083077986774436  5.938574005363566  5.042548673651927  
  4.590540935692782  0.9955169683512672  11.4533931598754  
  17.792264502272854  6.072029940360891  24.051577052178946  
  9.183334818042082  5.490718780498749  -4.2412730663112415  
  -0.2936518218151291  -6.945454293858267  -11.429342673066243  
  0.6722172431165457  -4.723026363849112  0.731661807272884  
  -9.136387538014962  -2.6433355623889065  -30.389280855684564  
  1.5010556588511688  -4.059389456122854  1.1748768207813653  
  3.702943178522759  -1.8120688177816715  10.151336372027044  
  -6.106310967828041  -7.833536617451119  -7.551753300627491  
  3.662600638846531  8.206420774675932  3.1834207365531992  
  3.654212014645976  -1.2250233578895724  -0.3565074826608989  
  -4.560261234524148  0.783881900525717  3.727795678673167  
  -5.116418330390662  5.352792234566084  -1.7835847232677162  
  40.72732211125274  -14.968028141834811  -22.503386257951398  
  1.1859493459586055  -3.4528915456815814  -8.381135345345964  
  -1.104290267375431  -0.8698588343402255  -0.5445396037755681  
  5.901215422376416  -0.6456708180433635  -14.074616512896972  
  1.8549560033160255  3.3643220043152127  2.708379861694777  
  17.402629029726082  5.433795604878355  -0.7960460475602839  
  -1.9241826388751246  -4.625020941829383  -0.6085833340610091  
  7.103494216371573  -11.22142628803008  -15.475225451344599  
  -2.403334818729489  -1.550511217226301  -14.43338148331126  
  4.699997208151649  10.938292059578128  -2.686751278434766  
  9.361340567905087  -9.76790335481583  3.3806749316314813  
  -16.099329540071142  13.932066929984622  -3.378206640297181  
  -0.6801164966140435  -1.1569215750721054  -1.7862479003625886  
  2.5695389121838565  5.170498937467631  -2.5310358934647708  
  -5.725730435375819  6.453899775585883  6.291580132085566  
  20.97213304653887  -7.430263154699231  -0.9380752155403806  
  2.3585363689106544  -7.0657161191561775  -2.370201989755953  
  -1.3395184221489251  5.157995277554752  5.006361793112375  
  3.610092233797073  -3.0956494211745578  2.047420670169551  
  3.6540265037793334  -2.3508807383943564  7.508434582321373  
  3.1463125652537216  0.30920401447251245  -5.22343590232624  
  23.89678707808824  18.464322629352452  7.657583840809467  
  22.614517381376704  -13.961189449513675  -13.100810580607982  
  -6.274511822880967  12.209281187402707  3.499950957095027  
  12.536341175955753  -8.897064497095124  -3.9680426892777168  
  -12.023670344495256  -0.04851079234950337  14.37129876295109  
  33.26544156271432  -21.583767799257632  51.95750592663194  
  -6.690565711154657  -4.640758341375377  -9.653000516168824  
  31.51034453444799  52.83436735386236  -26.635186072080856  
  2.644423766925559  -9.668813079746563  -2.9843377341403303  
  -57.07028881045965  110.08152993525466  239.29541834165767  
  -10.410346616419776  2.7685838063510015  4.687884156972749  
  -2.363714117359805  2.4821069781801306  -40.051183008955235  
  78.94445472152411  -8.01694748770125  2.9923596012090448  
  -0.18618782362011133  4.694493076291069  1.1422955974130544  
  4.000947274875728  6.27512158046316  -5.294055048651419  
  -7.845901300614509  -4.679124372685319  7.692675340948628  
  -3.3590440439130007  -2.6685688141784487  3.7654444578292443  
  -4.350393544851646  -9.862186748656702  7.6169347247743415  
  3.830368800279228  2.3711705702925228  0.30550566837237986  
  2.972050180439796  -1.9662415175608796  -3.097662403551608  
  -12.697715943781143  -12.131704193890064  0.5496246061319063  
  0.4813105867882006  -1.72328617484905  5.389673304980739  
  0.9918115792924297  -52.167813179588144  12.833384423867706  
  -0.3528761639041089  2.5382019741286586  6.674520153596697  
  -1.5377314327950946  4.7770494973577335  5.489882112135727  
  -16.291682941621744  -4.047249874001888  13.25020332498241  
  4.779311119347997  -2.48810937149358  -1.08547793828639  
  14.82892445509844  -14.85332765601032  -5.219113801774205  
  83.17763240042387  14.342963653870317  -39.72598044678241  
  0.9568749611018516  2.4702132536754724  0.1602415830253582  
  -3.6952373234340845  -10.397722059758587  -3.2305432996051056  
  0.6591977039456961  0.5882875368936656  3.315026864663286  
  -8.445692881283895  2.2715943596528243  -1.6374710767021998  
  8.235164622657251  -2.94857583959257  0.6605438823316524  
  2.709177486907255  -7.375469865959068  -3.822396017903828  
  4.184226252123905  0.12313070687809613  5.17909345249317  
  -15.948933146467754  7.202089931851542  -2.8507343607476656  
  -0.9836406555678817  -2.237204690207669  5.254348426285183  
  6.237649689563142  3.9586350748457253  6.462007285351237  
  5.746255578579071  -4.057958467537979  -4.455932103856764  
  -8.478557553639774  -4.501558160159714  -2.2892843234850555  
  -7.759753663335815  1.7856778007777763  1.3164511965014958  
  -12.667326230454453  3.8202217807846286  -6.035913529910277  
  -3.8920190562287362  -0.7032270339695245  4.2068849992080555  
  2.5012694034668352  -13.277084021346237  1.0030096879924923  
  -0.3821737832062221  0.06725874767290801  0.823807640842378  
  1.7362117798797077  0.8308532055365003  2.4376639278238765  
  0.4733269307176658  -5.868062032855329  -21.98229834976731  
  -3.994105508535394  -1.5783961902759054  -7.405720118013317  
  -2.1764264350985596  -3.1314069571077816  0.39964920090495226  
  0.5069419725784089  3.122020874646116  -5.088770794487682  
  20.78922379325043  0.3338423655081204  -8.617668147233944  
  -1.5536217351799073  -5.686085575219384  -7.493441455879952  
  4.018185589590116  0.30621440782350473  -1.1790608828876419  
  1.091293893618741  11.048935857849699  17.80863679286185  
  -6.742772189132551  -3.5190609740056185  -2.445285841094291  
  -10.20061634561194  6.718642353328233  12.617065943633762  
  1.8930850294135808  -0.10819917140884666  -5.74439331792103  
  2.215795792356249  0.14730956202184564  4.3563868519387166  
  3.18990974988934  -2.2177993469439987  -1.6218172462497804  
  23.787625988350285  16.80415071516757  14.566331761589595  
  -3.1272019299655516  -9.113592712395926  5.644093098740021  
  -0.94483254681613  3.139261613662399  2.4407430154648395  
  3.383291875535816  -6.792320214904458  -1.4019122552952303  
  -5.515912169824757  -3.666693367695354  4.756210249167133  
  -7.674036703725388  0.3360883993725428  -1.9931841143060713  
  1.641983896166588  3.786044788710062  -5.321145117869468  
  0.6025935458291647  -1.0242473295393897  -3.3724143873312413  
  -1.8722855623703083  -3.853533295257967  3.1206062577128915  
  -101.11633904125961  170.6176845149761  79.19955001393762  
  -3.2193583075922794  -3.109745648823364  6.607510447083399  
  3.4553172957098606  -5.81699362615583  8.37735401031233  
  -0.7385340931662497  5.528523473235488  -8.977421298586602  
  -4.46123760507116  -16.484168873162893  -31.848455590389456  
  7.087966141153564  5.010480166917043  0.8633297712032061  
  -0.5409259658499856  -4.2528516474690665  0.1874497605388135  
  -5.182117235709454  15.324393022643708  -18.999792711405807  
  -7.446412898488775  1.6649846258205265  0.9598596571118154  
  5.558714567144811  0.02196482409845251  0.9153140689857456  
  -5.238057371703271  -9.171978358417512  -7.510239677784459  
  -2.2475046151067186  2.678878680471935  -0.9242990102408216  
  -1.6896068961080257  0.910455283562917  1.327536449177274  
  -0.06139338251178288  -12.24051395276778  -15.856091896117524  
  -5.537569463847828  -2.137296863030463  0.5781346404015448  
  -22.819881330413494  -11.383325298542031  3.5851999288541676  
  -9.697780922376042  -23.955456631996196  -25.7244664263363  
  -0.39524579030065665  2.436773715562975  -2.2908225146296806  
  -0.986315169179117  4.512954351611079  -3.9708319441154263  
  -6.724958369894893  -4.846883017528658  -2.128478121339034  
  -3.019031027461832  11.887899193648629  1.264475579936534  
  6.0427044292426775  -7.574662443263168  -3.452823032926836  
  3.767510103903081  -2.943239149545093  -0.04680206581198626  
  4.948999131816563  2.3725895184236374  2.0228286436694622  
  14.360530685132881  -18.98077517328165  -13.249112216194332  
  -0.39916497567226294  -8.810995300734831  4.937205880170952  
  -5.661074355687999  2.7052283148410705  6.270783529478202  
  -7.07956707104111  15.428257728796419  1.5946506161228864  
  -37.0681500262904  7.476493393655652  17.77326386778043  
  -1.7147969755374743  19.12191404036022  -8.868249989632734  
  0.6734925896139972  -10.799499446858958  -1.858991753200073  
  19.187737155540187  -5.595279153464258  9.888882682669436  
  0.7601734416151076  -2.647416084916165  9.463284315352837  
  4.613741299557031  -15.484134988847906  -12.061329341939631  
  7.5409040161121075  -1.325418633901565  -5.553600232989324  
  -2.4838420130391134  1.644592190355159  2.8711854590870947  
  -0.09521235759646883  -1.0438004318876097  2.47821645194179  
  0.27790467192684487  3.5591654740375174  10.269474504344183  
  3.677243724970448  3.9890224910510597  -0.8470213533623433  
  -8.528675116519066  14.739395577997836  -6.88077655497011  
  -5.961131939394272  7.230676348931  -8.182470662040737  
  63.72745170886017  22.922208138177318  5.376087653442197  
  -6.4811225269078205  -3.8670148147291363  -3.896172848302411  
  2.517937529126717  -1.4483348797707372  4.573872247681057  
  -5.928872918130498  13.274496518713557  -0.03164145642700942  
  31.2752749783319  -9.862758129553068  -9.02673731725843  
  -0.05108329839970485  -12.212663545253028  -24.774092659362847  
  -6.997340367170779  0.08569635029121148  7.001946988199696  
  -18.24594929373917  7.391831600217474  -8.155252990751404  
  -0.9630144195425602  -3.77938369498881  2.8065596667927655  
  -6.760685815087806  -1.0272449148091782  -4.051321591907997  
  -4.556765762083063  -9.511926532746166  -4.8076757943714625  
  6.338753708667704  0.27391908873700993  -0.6493513754479885  
  -0.6930302187183159  2.945847088817116  -6.983082675149729  
  -5.238837359510471  1.4474036782478699  -2.3464539730919576  
  0.01577193234043274  0.41873647800232416  -3.0205953803845875  
  -6.9377061368413075  -6.820743573756622  0.6020362558508024  
  5.443676183064731  -6.322917330396234  -3.317100830792352  
  -3.5901860615068246  -9.695052803305032  0.35598535851327423  
  -9.144163243234765  1.8216236371827859  -4.109880185643557  
  -11.31457884118816  1.299341484277265  -3.7252918702032645  
  2.522149024663026  -1.142864376096964  4.156048745799976  
  1.0213181895925145  -2.864182385518307  4.20196591796134  
  1.5950888740622036  -2.6870861352199134  -6.340240543081296  
  37.068694372751416  5.265750751821895  18.748545445318136  
  4.925631544427882  -1.4457683042376839  -0.05443512719581552  
  7.521137349635554  -28.239349750806017  3.7520833532094335  
  -13.584575842218927  5.129248728316469  -0.9993322983260999  
  4.961533717151863  -10.06734610093525  -13.728958548204393  
  11.093039529198366  13.942484484592063  14.79329514328167  
  12.463422256178118  -8.356476287338301  -2.4566244598506  
  14.977290148436326  -6.551563900053929  8.328623154064402  
  -3.8636713009131225  8.558219909359094  -6.921583597375955  
  1.1373221109068135  5.580748222163731  5.336396583856879  
  4.154534221926574  3.1635866885409194  1.9113171709195773  
  -5.420777832815549  5.954808039866335  6.730005302737592  
  10.919588950970736  7.2282541597932255  -2.8662171398165928  
  2.0349375649846455  -4.305303765286671  0.6463570535561053  
  0.0004573531091259521  2.7261112335604243  -2.5511701905433695  
  29.17702164044397  -21.76762591392374  -5.9699717819328555  
  -3.507705078084417  -5.31761664353443  10.968434950785214  
  -25.68898701814401  -4.228132756916491  -0.8642710688200946  
  5.703604793293206  4.601958114958856  1.3648860670988041  
  7.66474295573511  -8.28043698470417  -2.7641246847374394  
  -1.656619585601082  -0.3018445523947966  -21.01874273540059  
  -3.6119638898677455  -8.912240890410203  -0.14308714986250834  
  -1.3328557886836958  -4.195548940123354  -2.281971239483843  
  -4.6644493747962255  -13.282356249454368  2.359457862692722  
  7.452102452424601  7.154933105157303  9.22682434821693  
  -1.046156035424628  -4.688504346358078  9.30867447186402  
  -1.6169713699013841  -2.521696313540068  -4.099907652348131  
  7.23097955727888  8.857194220059714  -3.8820941480007125  
  5.82852322953612  10.458328257324512  -8.43997123653498  
  -2.2656370593387254  -3.508001040366258  3.0770953867262785  
  2.645468916483791  -8.667659174273533  4.288606581441186  
  5.069402639448163  2.606514590898552  5.828833318252251  
  6.633815854024235  3.3730547209747095  2.8227157940965504  
  1.7888580915993415  10.192216304726477  -6.653045984468158  
  -5.0900384455358845  2.70937805132347  -41.264219942414655  
  1.7219586015177668  1.4485082261935252  0.7521134195111446  
  8.544981308889595  -47.14637143863531  11.872486561530673  
  -8.678769405717885  -9.445941675089982  1.7322539384871907  
  10.311496785757317  -2.414539378684527  -11.81930264804054  
  3.4230299817355947  3.7901008847585245  1.9924357064657965  
  -0.5630727528554643  -20.63328729598215  7.697641765762104  
  -2.4417793591659915  -1.5016038218023453  4.649761761407491  
  6.445202872161843  -1.6776881146351146  -6.332159655256116  
  6.478462952925472  4.847022777925293  -3.3673626888143766  
  -2.371457872415123  8.990830197713754  10.749185883968238  
  2.4442071841966935  -9.585930630273452  6.204897656177155  
  -7.147093010418005  -3.2712048656362285  11.26401548672973  
  221.34791852271263  76.96789085849228  36.10970799373286  
  -15.013988784429948  13.833999737242404  2.1727214177029306  
  -9.751774549033973  -3.1661331902431975  2.384075941304768  
  1.998155272209  -3.244876674388314  -2.699740968750816  
  4.6305409402023034  0.9260661047456825  -7.650890071879762  
  3.377057452422781  17.029228070346257  6.998616724310638  
  -15.39945425318103  -9.362896422025678  3.601198689389479  
  -5.921770633591263  -3.1677483664446546  -2.836323851497533  
  2.391218106819639  12.809586886816593  -13.286632081104564  
  3.3929954453029314  2.897761491299465  -4.04488169457416  
  -6.864961883627433  -2.918527208182704  -8.050696989514016  
  -1.1444537753034563  -5.026922263794706  -8.163694408991681  
  24.488689593168715  5.38235302803387  -16.061785484073898  
  7.8674943231942045  10.779957170257477  -9.439211927697677  
  3.5441409312808543  6.4617715542522705  -1.5954253824586573  
  0.38943510145923477  -7.623876952563887  -5.365752967150089  
  0.0300473764299671  -5.429856386087053  4.798817424017597  
  -13.480967917660788  -6.1209315778441065  13.415158857913834  
  -9.04549604167124  6.933357175736173  -20.24612624813948  
  -4.010769916844607  3.4925533990436795  -22.823953363383982  
  1.6094063933749543  -1.3786439817930751  2.7729284831282768  
  5.037779088946599  -1.6725809062848347  0.6288372351978634  
  0.08440977366375704  -12.618025564327974  -0.1106843670883369  
  12.321094473463317  1.7144503368551804  -6.92331356302598  
  -23.45313913465721  -48.63019892648296  -20.831278198930253  
  -9.579524750076542  3.623556236010525  -0.19614473485688416  
  -3.00125291476073  1.8805999774354825  0.33327505514643024  
  -2.111542612608543  4.888226041031099  8.013602788084807  
  5.267730062355284  -3.5433968435093086  7.1099481681531636  
  10.697213177846244  8.87907402630764  -6.233800065754924  
  -17.713103070373386  7.732678929141961  -8.15898425852868  
  71.06509779727165  13.510352567478908  26.557656156509772  
  2.52895424566784  0.12905913105228775  -27.827726240674853  
  -7.289389677300203  -13.250984728861003  -3.6287615222060037  
  2.1393951737630856  -4.992894460873931  4.11326024007802  
  -9.808083798844772  -4.348027907452287  9.009043843222631  
  -13.529120861941207  15.10846948995674  1.671851822351533  
  -22.57410190862664  32.322242729434734  -1.6480994030929623  
  -2.9823541659546393  -7.066772198086712  8.292640832331939  
  4.087554641471627  -7.4575240125534945  -6.287629945262792  
  0.4281033108347425  9.356008702451582  4.324320307821012  
  -8.995240314607413  1.3197305499820486  -12.346931844639688  
  -6.977928087107793  -3.435855364843675  -0.9299976550910607  
  -2.389651133187811  -4.108602758119621  -5.910252006317914  
  163.3894606067847  -66.0321493095213  45.22642721132122  
  -7.158606082314726  -16.508497871187434  -26.558881402697768  
  -4.106341884999783  6.125074731019285  -1.8901392946482798  
  0.6339596833063657  3.852295915862796  6.780763144044664  
  14.253490763159508  12.749219902668615  -1.710489743327959  
  3.809939529698601  9.560917720226792  1.768780624704961  
  -3.1894104826521645  -0.3285719130251742  8.715839088645414  
  6.42693131124263  2.8747772662599553  -4.740593304823781  
  0.6234465649354151  -2.446157436163277  -3.316246196352731  
  -6.1572279066403235  -2.457835274797868  4.789142836594801  
  -1.2747182671774668  -0.5688082896994251  -2.147662107227356  
  0.49395476651458825  -2.98443389317106  4.688826354803353  
  9.246029916632336  -53.42964330647592  21.703569638118942  
  5.575945140033442  3.264422136800125  -3.8706101967307176  
  -6.984882707119263  -11.530252002888137  0.5787980712198223  
  1.1590305558576293  -0.9075459191993427  -10.173342851174937  
  -4.262933494698662  -1.3136936954848792  1.5997878511730064  
  7.478809571013904  -5.260606226772407  2.9704957658635722  
  -3.189195865514956  2.131188593671248  3.8099322560657147  
  2.1378502585690287  -1.453994483338919  2.3613523745333307  
  -8.42910434892856  -5.451800671865402  0.3417440827269297  
  -2.5883065823148454  2.7402029849555203  2.5848920189332083  
  6.8794371892187876  -2.835683827594418  4.8145124481809125  
  0.7467138788237553  -26.223874659923798  20.4684818938704  
  -59.80842502422688  -325.4324368982946  216.66367386997533  
  3.3203626320144752  0.7636782808111374  4.211367127726855  
  -162.91966476513554  69.41542721754068  70.4851773494587  
  1.096460416765197  9.967191810614807  -2.3431930419502547  
  4.539563168327623  -0.10587630565696665  2.76789667392728  
  -1.6942242199395536  -4.566814887815951  3.0648373026588676  
  -6.236225346759408  0.29521697667415264  -0.3909191338781163  
  3.668857446477742  -3.550046765585548  -2.8739767544403416  
  2.4110105496928265  3.2833784342323376  1.6717627250691096  
  -8.522270877192884  0.023005501599206522  9.961023185827779  
  -3.957057977059444  0.05512931705739571  -3.1522183189920128  
  -1.414114029954587  -5.170901134387852  -2.2456605487590124  
  -7.2157407465346  0.9049508968073601  -2.0606435864430646  
  4.060968553399453  0.19096334403361379  3.5122662653419385  
  -21.596366841663016  -52.00521901668209  121.48879669175587  
  -11.951154015057751  -11.943427563706212  -0.09395719417448661  
  -9.39713596452271  -6.462236551337592  2.7982892092921317  
  4.416142111336388  8.078255614090546  -3.5570819172157555  
  -5.1501187227645  16.763248593950223  17.090533046535  
  -0.8144270783183557  -4.647181939411212  -1.2624164190073688  
  -0.2659707315568114  -3.7522818900296544  5.617439725431343  
  1.204504763725933  -2.540585717059566  1.9102189441876063  
  -7.842331351846549  -8.447657014866113  -12.032163206770152  
  -1.6637265753646917  -2.3845103045616525  4.082402886064611  
  -3.3866181866408427  0.6860770006332244  -0.7521362442978315  
  14.281413941704825  11.123313358881058  4.077262743489376  
  -6.956069972290155  -7.152844774089081  5.632836850927343  
  25.90113085673714  9.881184974386661  -6.7107235186430545  
  -0.4010518579668617  2.316940556420362  -0.5085768257448386  
  3.0727803361505432  -12.413454902410257  7.8719436341241495  
  -8.16626056138848  -14.581765793642044  -41.34225037543508  
  1.7516192880470465  16.618342503294045  -3.2905337146117675  
  -2.912315279794127  4.817618530992564  5.162964037518539  
  65.86104988652399  -60.197902661217235  -21.36881147857726  
  -4.24210564676411  -9.446838028922203  3.4213222928674796  
  5.741755124455334  8.46496084976019  -5.197834909119803  
  8.203208840826886  16.813374594467234  -10.391884448118581  
  -4.917926531444559  -0.10121194338096208  3.4460941088126837  
  2.3927922653199523  2.8668296311205284  -3.9092848421135873  
  -7.8500297538142565  -6.5323482107352895  -5.18596516456048  
  -1.0434499092980452  -8.784297935844808  -4.45912804903012  
  0.4945653158004788  -4.872655282334266  3.8204009930696934  
  -1.281794124871499  -4.77753542283863  -1.9037812682282649  
  3.922015623197225  2.226900816285668  -4.801562336371619  
  19.38326011601899  -4.748634659684673  -7.810732320038417  
  -3.9963232102264317  -2.046231160507565  4.568780454119851  
  -14.319708698162868  -2.040531515309403  -2.2050763676165652  
  10.77572181015203  18.392595541016295  0.06370990520882239  
  -5.758958972425189  25.323021862081987  -3.837615324631769  
  4.490588580860825  -25.41083052004669  42.50776775500257  
  2.231471200119632  -3.570795955758174  -6.526606007151512  
  0.9331340618582361  12.902131003162056  -13.866170819011428  
  -3.1452077284890803  -2.0985633901380734  7.507329342284902  
  4.16746104898332  -2.3319537892906026  8.888930038155253  
  12.469879762834909  2.2480308253257997  1.7545351506055404  
  2.7334813770125588  -6.387599842196067  4.09225021007066  
  1.4333650129753308  5.905545740599367  -0.6581421256034659  
  1.3673938598815323  5.488120435070715  8.03610528322345  
  2.3450097686999687  -0.7028232418091942  -5.3600307802475475  
  -0.55402598611649  -6.8267965932273755  7.722556783387005  
  7.067507438674361  -3.8646271719646257  6.808144980066147  
  -1.9115793493609212  4.31239310595397  -3.364723260973687  
  -1.4036254623332711  -6.167135493118979  -5.903123051687138  
  9.064798052141947  -20.3674358868543  18.439019314879353  
  2.8215591187532887  -5.304477122770795  -3.0528182899550917  
  1.5917298149724288  0.41218609931191774  0.5467376230170276  
  2.383529226783553  -1.408172837182148  -3.6011449035256664  
  -9.065616764541144  -5.299459844143697  -13.327387342114175  
  1.2503068357345075  -6.389854071181199  -5.105092331421481  
  2.4567390543079535  0.1893041469406408  -6.134376242359109  
  12.234513710088725  -8.668449996917095  -23.93086169295065  
  2.1071421087811473  -1.6085392721652547  1.0594174523015216  
  -7.260124567269098  14.436150724660147  -7.188779882933552  
  2.484039797869973  14.847758454204383  -12.113393523565387  
  -3.350586767850825  0.10381790271414922  5.708228822041228  
  -4.510511701106316  2.5778649130250586  2.1244940361650966  
  -2.826260547317522  -0.5503793089913803  3.7960028147110085  
  3.0368403719204  2.626842415049414  7.747830274491914  
  12.759235781331457  -7.397731323158714  8.58890429000629  
  -1.7024163251154083  -15.347412678450548  12.382739096807546  
  8.764701795558937  3.7363099170450655  -11.796862731813647  
  1.267362424456448  -2.5805616005872944  0.62216870392417  
  10.837868434389792  -1.5245107956590258  5.421660061737976  
  -18.50601506990074  -23.0630636303593  74.8380120454055  
  -0.24014233978230778  0.27377394451373444  2.6893578456802367  
  3.5919853986817567  1.173598364272047  4.934277978476838  
  23.62700830499666  -6.294899081199858  -30.9982548565916  
  -7.558765348279227  -10.986747413277557  -0.9471524255821708  
  3.2572080345789294  -2.3871341556838805  -1.9140039592837008  
  13.109638814934438  -14.93627903297192  -12.081325288176744  
  -2.7388721318972875  -2.1656123006848063  2.7758669138518908  
  15.538614692303286  -28.279722788399575  31.087086700097725  
  12.040956331708632  -46.029868585080045  17.142591245430364  
  -3.2980485550144776  -3.810847352503063  -3.733831453890193  
  -3.656467014754918  25.980614656083635  4.694052305861727  
  0.599296033054283  -13.507767254820871  11.218002068565946  
  3.447529982003626  -10.474660594689777  7.012418921365482  
  -4.841619044556501  5.206716988822105  -12.93650660495688  
  13.738956814782334  4.710825829140807  -1.157772747405789  
  7.949140299072363  -0.5195106320431766  10.108869471771204  
  -5.449081525861328  -209.4876147777909  -223.98700885307645  
  -3.3936958913100113  1.9437555249569949  7.529145898270145  
  3.757167724290401  -1.0945756241174989  -5.641975320092335  
  40.56539687018358  -54.62042055068667  4.210852433213477  
  -0.840714706326077  -0.48600805692843596  2.890027636075595  
  17.251948501273667  8.107292102317054  15.940644828957005  
  3.3533612235677475  7.458095743184511  -11.982340938750419  
  3.001897439476298  2.1351991841738474  -0.08176615774863782  
  -16.475550832980513  3.2687477989567006  -14.088716840322517  
  -2.5575979857430378  3.0648044278053774  -2.077951067341418  
  -1.4515782844306315  -0.9887610826178312  -0.43992608753084317  
  7.058765735883333  7.803622680611989  8.390088178021072  
  1.2040339397692743  -0.6880316416056648  14.078530647641962  
  3.939012878655853  -2.0905576780212733  -4.719261827333604  
  5.705577189007934  -16.8373937232425  9.01040810416606  
  -3.9693010569825864  3.139873663294308  2.549884100808639  
  0.34932636833124364  -0.8371389561302003  4.0476345313397015  
  0.28133662004147003  -8.883410720687001  -3.134612624536679  
  5.247145602198868  -4.79394426273099  0.15544948911870451  
  9.448068918505385  -8.096787507770081  21.123477644609352  
  -5.330816581188896  -7.256096784928068  -28.900071497005317  
  -7.705165450338449  3.0028024062600185  -7.4770415372909405  
  -3.4417442856467257  -6.8370450626082055  -4.297396401044331  
  -6.864615824666951  -0.5074872403344266  1.0673850046023143  
  -2.6051489109703385  0.7719901182509511  7.236804347827553  
  -2.8666902922463953  -8.360053094344321  0.11097115198912684  
  43.566890961039114  34.40613699189857  -76.29429706133008  
  3.4733210025999584  -7.698995606210557  0.4222813074964469  
  -7.598940974286391  -0.11816537570303623  9.89856370550884  
  14.23320764504518  -24.373373573386576  10.01206229870374  
  -0.8666716662942451  1.6427048613307726  15.376441289087346  
  -3.0173151155978353  3.485901248168864  -1.1767359875200472  
  -26.026883770438083  8.224522731037363  -37.74710912472932  
  34.40081102428908  -1.423464249295147  6.269585141891401  
  8.879609784818982  2.3567229025189373  -3.1436513275970577  
  1.548059406676548  25.225652295711388  -23.036369748500476  
  12.437739230589374  -2.745378228250623  -3.333470832837621  
  -0.9870015529705917  -20.47652943268237  -4.912302515353968  
  0.2930700283351698  1.6460059871426043  9.392481899808033  
  -0.32426684865979716  -7.4139286630358985  0.21962922502255217  
  15.058694174862588  -7.700881391278511  2.627342908324353  
  35.85458106164269  -59.29703233722057  3.3873341097873095  
  -7.713801223447541  2.9149079674192944  -5.750087971807733  
  12.48307152287104  -7.927930902811447  2.262400818391653  
  -20.91598208720427  2.6237008343788397  -11.1309523136165  
  2.8724860822068905  -4.5523829368184705  -6.078485111480528  
  5.193060184290391  2.0981939810325048  5.850481586499002  
  30.02444739742839  25.109482211456843  -6.990440090206669  
  38.14844448115148  -14.862133749716781  5.947595541134198  
  0.367973114538991  -0.7394556900528535  8.42908298642201  
  1.2999316910880423  -4.013807570450763  -8.626093758966503  
  1.8971435600020168  2.770140542122546  -3.615956781592893  
  -3.786842269217153  1.3324661938416658  -7.253664066737697  
  -6.559356438662521  6.467319678324724  0.4731970637864071  
  0.8111405980440426  -1.9004489631566297  0.5118547589652259  
  10.285574039945669  6.610904663809511  11.536984518464404  
  5.309973364117231  -30.588298016719516  -18.789956284089183  
  -10.161240713164824  2.77886373668285  12.934610255073625  
  8.510259199316813  -3.9671763551993036  1.4109752465538419  
  -1.776035397723769  2.216168129528641  0.20899958540468738  
  1.627367582586367  2.622882344567857  3.8864477113090996  
  5.741969951931099  -2.7717902137190364  0.563969880755469  
  -5.346684509068044  -0.3124683233267405  0.022808805304907608  
  -0.13186581088691196  -5.268698299960782  14.427655787816411  
  -0.43752815468781003  -2.520014974623953  -6.370525320299708  
  -11.721482003321638  11.812796161987182  -6.917658232863468  
  1.2505887330077095  9.959429477934854  1.6014263252437062  
  -0.7122891971011678  1.2411842452485702  12.098182955830723  
  -2.8244535243726085  9.833770201382858  49.2321252847317  
  -10.105197054303165  -4.283434086909615  2.1707169384269456  
  -15.648766392101512  21.852121897431008  3.727588094224692  
  -21.687773744382984  7.262969056544239  -3.380641845911483  
  2.904020272555209  -1.5325721953575309  -0.6477938683842527  
  1.6933955619581182  0.5070430515957988  8.748228944415775  
  9.943668230077272  3.7019832122531287  14.510694916655215  
  -12.531013823177815  7.086190562097726  -1.638451728127095  
  -0.5022824313598945  -4.138736065778637  -2.7448038726808064  
  15.249394284022472  3.134715781574321  -2.514299191605239  
  14.33918806122843  36.915925252228  -33.08356279946717  
  -16.776637734463307  3.014755917444455  -7.002784371433817  
  6.316110859322325  -4.743474662188315  -0.9958308356469375  
  6.554331076119565  -3.8980694532770745  -2.6929851691436046  
  0.8447018389293488  -8.222009062161238  -4.509100787467122  
  -2.0225163850784096  -3.253641912532949  -1.948875010748085  
  1.1431473934382488  -4.924081341211209  2.510738784656324  
  -4.2313170797216255  -24.430828799510685  -5.450073850183154  
  -2.5002948710082125  -7.123540952317997  14.520594763548823  
  -3.083646380048996  1.597942548809007  -2.8783514402817048  
  -1.7087454564099378  2.534401829987931  6.941192723972013  
  -3.7936530234223267  -6.66198343164471  -2.0786801887703144  
  3.2653879220830944  -0.3777963547623946  -2.7078487119452843  
  4.576596097983324  -10.730977109685254  -19.60663685960189  
  -5.224798250146785  34.07295261393665  11.199882997768821  
  27.759800985695794  -23.66965827352427  13.208890578249498  
  1.7030001217658186  -2.6413609676561345  0.13683328151200136  
  -6.114360924393401  15.669898385018595  8.124560045922799  
  -5.466584453554418  1.363566670984135  -0.14954680637998605  
  -0.045324791206169675  -10.926122340212176  -6.317952152759031  
  2.2104003166668966  2.470529290322744  1.9780906607571107  
  -3.7470036446148876  -1.3353608551042915  10.592095451142953  
  10.707493103246506  7.3535874402550645  -1.424094740063968  
  14.463706965338735  13.984575182726191  4.2662696525413635  
  -0.24399970940659096  0.6737265522405034  -1.702003119569556  
  2.910723640284308  4.377074092678755  -0.3685690416136025  
  2.216068372613942  1.9591273247882852  1.6225695244809952  
  -5.995753286976299  -10.146850492095849  -0.585625950691324  
  -1.1559081026224938  17.408115361412435  4.2332079154719  
  -4.382058643545478  0.16631258217991418  -0.8336435297881658  
  -8.007522656618175  25.978400575918613  3.653391404670252  
  8.508158428796943  -8.793528043724015  3.913802318942573  
  -5.855405669085587  9.99168988798458  17.57432552500175  
  23.549490061967465  9.169634997410204  15.917319114462314  
  4.336053932352425  -5.236380181598895  -8.11988237679178  
  3.215451554955053  2.7788868317405733  0.7878914366324438  
  3.6661493440219646  2.6437430242855866  5.612716503935036  
  4.844420905067793  0.9355294827107041  5.278448273420464  
  2.6898846970194206  0.45429315444991514  7.962024983705123  
  3.1459467749077796  -3.646535774400926  -2.8426411416361286  
  9.138985470499911  4.630989699005128  0.701352364012001  
  11.999199086496183  2.3895141424904383  2.0127093986168108  
  2.305707457294757  0.23834745102436403  -3.8287170288226653  
  -3.4077906547098626  3.2111372947310706  5.169483519088527  
  -6.9643622419943  -10.219480452870746  -20.843306270486732  
  2.591252463886414  6.03902868135162  7.257173681208784  
  -2.971685014201664  -6.1421881741904185  3.42603910260871  
  3.8825094605406725  -26.701510415793763  -4.2025059552625015  
  -4.418375883320562  1.0473254720937655  1.3164081654953372  
  -11.413035809785724  2.9113866192281415  1.3212653595449608  
  3.470345288252183  5.550580549101063  -7.83864668631785  
  -3.741863390377327  7.852114776108511  7.84404128831747  
  3.2535669023170897  -7.2921083898804335  0.2474658327828937  
  -8.962350484078287  1.932163081058938  4.621562153558828  
  -4.216193350601938  11.72632072138053  -4.300554931044602  
  1.8807009610973784  0.734747357327796  -2.580409956533359  
  -0.24367496973778718  3.1421105764120685  -13.149291033160864  
  25.566317058397942  -21.708502987314983  5.382867756568528  
  -2.8885254250757577  -0.7827087135004466  1.02374585174147  
  -0.060412678069215256  -0.9670132415298274  2.373826111838434  
  1.8889846094780576  0.4545054763509337  -3.1140261814648396  
  -1.30346789901676  -6.79378343119661  -1.229098793207864  
  -3.3091651378956786  13.652958636260609  -8.043126541696362  
  -13.439058285668725  -12.382792176622424  10.145085947364151  
  -0.9926225649564924  -1.075566430908837  -8.622479656866295  
  -5.847222410181627  -3.026061950351771  -5.28930725429829  
  -7.1584943200980495  -1.2503989792731898  -3.5481971486917474  
  14.863495688618602  -13.24486736177594  -17.416413871064645  
  -3.1340655849527517  6.665298826195894  -2.5037339627532034  
  2.2266727542668754  3.572949074918343  9.91456944004103  
  -18.856190929815  0.3788577042106665  -0.7720550370395436  
  -2.9864259233417165  -3.22578715709322  -1.3032516820401914  
  -4.4592256454835555  -7.710042351989346  1.9102897734815412  
  15.846972139480636  12.6839393827865  1.4062259151735335  
  -4.557817156463955  0.435380251225729  0.10005107896838973  
  -3.4170749378559404  5.172798013985866  0.47453433637466097  
  3.7166550428802845  -3.3593642773096364  3.6257395191315447  
  -0.17853259204480376  1.2150233578096956  -0.282311145313219  
  -4.499015457189483  0.5787039822041045  7.9806962931531995  
  0.8879020685303278  11.34115890194932  6.328024031941559  
  -14.427551793904975  -5.163625581041431  1.785529872682379  
  14.633585079712951  6.692816366286112  9.851371041404768  
  0.34359447769402174  1.8868992055542728  5.032088605890288  
  0.4190950579852736  2.5895054953673986  0.9751890996196285  
  -1.1021310687074106  -3.8733909599570344  2.0182898366466553  
  -2.0592127580798207  10.090521320381287  -3.39876404942872  
  24.80777995081129  29.28473947426767  13.734757136782525  
  2.4146349881350875  -3.8033067823817337  5.121532301142054  
  -0.3046057243252705  -14.267786537361253  -4.644478696201716  
  9.668202692627254  0.2714645000011122  -4.1329817588140045  
  -13.12962676522185  -1.2585480787928265  -5.876047293119783  
  2.5175476186959176  3.1559236513323317  0.0527137673698242  
  1.824102918763811  7.223651974755613  0.9111112879246213  
  6.160012287135433  -1.366535772601681  -4.733802393944605  
  7.295513626706328  -14.904348605924135  8.572053168182892  
  7.919484131929043  1.3351322168500397  3.0244972356365896  
  -4.983075229448104  -23.625881181248243  1.9179198234553665  
  19.97483514288952  -2.9610877974815795  -12.940592668111178  
  -18.22086045056216  -8.394190338438284  5.033313582532998  
  4.379311686156648  -1.5972449344909891  -3.8592061670821103  
  -1.1989366831391761  3.176071259432371  -13.340637692008666  
  -1.458232970771401  -0.10141496966298201  3.2136565585673713  
  1.9726334376089292  -18.502410275190268  -25.318575509537066  
  -9.390467235272018  -2.5466413767492635  -2.3959249860539606  
  -8.756763549568666  13.57217767620119  1.1014887407490073  
  0.5167823272399243  2.144816313042451  -1.888677009545735  
  -0.3602932088097559  -0.5835833282655171  1.6026304624984988  
  23.41630884415613  -6.518935991999136  4.046056372569306  
  3.7815967034297504  5.809656404492208  -4.206445420885207  
  45.52133724586398  -5.58647470473913  9.563442504906948  
  4.49625278689895  3.2221732133953087  0.5359897870395433  
  -38.96180558890535  -26.69566662910049  -91.31922208209168  
  2.839094077718447  -5.956984096247106  -14.767233188470252  
  2.9503986264015225  1.8885620244050947  0.08005356234358729  
  2.2137564684038087  -0.22074142952254291  -4.7291665216010825  
  7.6385346586760114  -0.8880613237685511  1.4258897672347843  
  -6.497360612585509  19.434710409235922  15.328700949104295  
  2.7286784447058805  -1.5920653268056795  -5.15924602367834  
  -60.073513696483836  11.287447168074992  -17.846339649801894  
  7.258332079268807  5.430160088038139  -18.318462744039415  
  10.071607105148388  -0.41855768191960274  4.023632075983944  
  -1.7511705195250267  -4.809698570961774  -18.056988330578562  
  -4.46715964339507  6.308731961341254  -30.07138047171387  
  5.053169745552688  -12.28250213759762  12.252600300624104  
  -1.491252493075147  1.9131958851139776  0.47503615378608177  
  -24.905405901533385  -1.8599428212679219  144.6225598750297  
  -2.9187468963902234  -8.861860868047113  5.159770295434548  
  4.974334786252672  -10.107467675881146  -34.89916922058325  
  -2.43555350331679  -0.16161090801658295  -4.860246330194987  
  -3.8100045052820386  -4.607606732116213  7.325563145468385  
  -6.536425939688162  8.208122912364948  -1.0764242078861648  
  5.648255159732452  -1.236107551981944  -1.421113609369302  
  -6.348072696420941  -8.989373307981111  -22.294079220403884  
  2.19709828175602  2.4817813063089225  6.933582272169154  
  13.313137951216083  -7.10400777104329  -15.558528874325113  
  1.130491219874171  2.6090856996974985  10.032997873685645  
  -8.318896322329724  -1.5390381100715091  9.322865529341016  
  4.293783492858223  -11.025169541591787  1.3168010832880461  
  6.716619370225136  -6.9148654464396975  -10.257618225063057  
  -2.9144785673337363  2.6783036739994803  -3.192931250971697  
  -11.039003589751198  6.546519867463289  -9.135865894724425  
  -1.020726569134931  -19.04267946815728  10.9289999608879  
  -1.4714474982004186  -5.281871206859645  1.232428194829366  
  2.0257691416807004  6.0471477236764  2.2717250584628084  
  0.7537773114966995  -2.5494359962264705  0.61713630390273  
  19.710817154158857  -4.001582706065926  30.50723998787942  
  0.34926760049720945  -4.851815948316766  -5.668033440850817  
  1.7341352487827664  -4.145550621392315  4.969751625547837  
  20.7924663847111  -5.281672054556834  8.652881285613754  
  6.750638912967795  5.645351582071865  2.5417929176845564  
  -10.021872544750714  8.905205455158598  -0.8771506688956825  
  6.644639640540042  -3.5071246489211845  -5.938511945732664  
  8.620890188228584  3.2365384683470593  3.8576150873675985  
  -7.063265228599491  -8.7295574295754  2.1476544731077887  
  -2.014308015468594  -0.843619401505879  8.56029506537909  
  -8.814695932927236  -15.729597880290545  2.2650922664254503  
  -0.19893356947001056  1.9760403327632619  -5.612273769963452  
  4.097352396059384  5.669712045808649  4.14866484320624  
  -5.29763429048815  -2.417115017832619  24.944174211795936  
  -5.406979485187612  2.801412766429716  -3.2590626436054544  
  5.075060174718187  31.813761642914884  0.37148936401770755  
  11.96682315464621  -21.670120848363158  -3.0455997267409227  
  -0.1108033740637411  -7.141416553687428  0.5275046209301525  
  19.08204231244698  -19.54645822977854  61.613966459748625  
  3.5690409629964006  -15.65916444243376  9.902256445437576  
  -2.982094108867992  2.8421836264350806  -3.1145519796195003  
  -5.408661178072929  24.405691051456046  0.01686363833283322  
  -4.931232407642217  0.5397314716917043  8.036262308441497  
  0.26963416744360985  -2.300009248487177  -1.6941212387899987  
  17.708892468106818  1.4228529411909285  -14.900890757419978  
  0.8983873807390561  3.3016319011254813  -0.12020753608914828  
  10.15683342648678  -9.675657555929465  9.251872641342203  
  1.9383486477253908  -2.3032612642399224  4.3069358904084085  
  0.3273952505375067  1.1767840151419044  -0.3115294152349691  
  -12.098207058401737  -0.6983095531373733  2.0896286538060043  
  4.7839006524074215  -8.877346644168245  -8.199592202790619  
  -1.8766658431976226  -6.778678519417335  -21.555312973897706  
  -40.08057700336612  0.4250621652401921  -14.03520463872061  
  13.950858539346576  27.42110401785634  -22.33911940615673  
  -3.7619391016859405  0.285701100850941  3.02548773017108  
  4.523614110304219  -4.894611204039531  -3.1732004292743  
  -3.759483205837139  9.950208009493977  10.694726068984798  
  11.592326531620932  -6.943550376655721  -3.1986974433297517  
  -1.2858672559090532  2.628111699486812  0.4824758745742582  
  -39.87239090311614  40.24937247393832  -55.515353395246464  
  4.875298418128821  4.104790176688718  4.419388931445775  
  8.773039068121642  -4.860201650157063  -5.909247574405226  
  -20.371399306989307  -10.409444942273332  4.055067678608679  
  10.21908071497072  18.622051598587163  -24.34579952217612  
  2.1004435175222156  18.486314558044135  20.72843362763314  
  6.140574812016698  2.975228467944226  -0.09410167094491455  
  -9.04203376120542  -19.47893931370907  9.470822965818769  
  3.080081332820883  1.8210499005592906  1.3088336714340392  
  1.7188402166645662  -1.779882040901354  2.67440841415756  
  -3.6774894241801537  5.31509339686984  -1.3189368531931303  
  -5.522913739371639  3.6460741480723633  0.11863515951767503  
  0.4149124783529096  4.222233348989278  0.4844651875282283  
  0.3667537360961207  24.861054647457614  13.565626703252615  
  -3.347130386902416  13.215662121125561  3.2553549994940374  
  10.332201719280903  10.220727038047634  9.642499442632579  
  7.050121308820077  -5.1681524582085885  8.48095252474299  
  -2.377573902338337  2.735103100708207  -5.251965982837751  
  0.86829592240781  -3.360995121218193  -3.2995708227578913  
  -12.6275451407506  -0.9822449455212994  -8.466279193035456  
  -5.450506879240108  0.41850646434364225  8.449237873234518  
  -12.291745429834814  1.6082476321552632  6.2004895171734  
  -21.191805774983266  29.27211695840241  -0.8059090024121044  
  -5.289258676005441  1.012210288730559  -3.9901111740813353  
  -4.791133855139183  0.1608771948955871  -11.43305396612631  
  -0.9105406627922741  3.776033674963935  -4.362417335382285  
  1.6014513831372674  -0.8603352027147549  4.392020911198932  
  -2.0221964442014246  -0.2672276291617281  -0.8973936603871248  
  2.5359396266817438  -1.308964772696975  -1.2286537766392733  
  16.564474506259  3.6107344763264795  -0.5100691070601266  
  0.14717229447104  13.464237142178794  -5.946657287997731  
  10.14302013597406  -0.9854227439376323  0.6828888102330549  
  7.599165879420152  1.626092381576507  9.956538177751161  
  6.042376943156498  0.42233735685842255  -8.456270168943208  
  8.80360168442732  -16.887042279330938  -11.257722324378877  
  49.12612399995661  6.086938549742031  -15.684998708665436  
  -17.3992332691966  -9.359507538658443  -5.247406295344596  
  -2.963642964901115  6.971424422936371  2.6890363551231626  
  0.6159819480431854  0.14774377044352313  -1.8048527823502754  
  -2.8151717721119347  2.4990808203173676  2.4701849063281194  
  -1.2545632332468264  -0.40216213600493006  11.877153105380618  
  1.3816287414168553  -2.7639235108249056  -2.8394022449581056  
  1.6228923544139549  -1.290535263239589  -4.490060208418327  
  -7.80604594428408  0.9337833334476234  18.035838708813294  
  3.619856402653467  -7.544394758440741  5.105426142983618  
  -3.6235678439365353  -40.69810360839296  5.692963883049172  
  -3.4899101736629725  7.717342301580702  -2.89424511654976  
  6.548301019258532  -1.5316232570513972  -6.697530134243968  
  30.535624322317165  -36.08000391416327  19.562626948173587  
  -5.770242226790002  0.18482229112515436  0.8323898840709406  
  9.642485832672762  -0.3968979372155967  9.176409098550613  
  -0.5872595035728047  -3.7464927477690484  -0.7312354896108845  
  8.4825573147564  6.477205565195253  -12.409554380095864  
  -21.766468908028617  -6.246017352198962  7.618987589041155  
  -2.1879148318302457  -1.6002142594444537  -1.153920272008435  
  12.813451625614098  -0.23868094109501378  -9.197383144170729  
  -4.919716708067893  2.9343920675138513  -8.919734828710538  
  -2.7097519476615646  0.6540065216931444  11.96023760827983  
  -1.558343290589621  -11.455269035168394  -1.094976939510173  
  -2.6200556293890513  4.6365759349861975  2.7888182657431666  
  -2.863584793082503  3.686030412663802  -3.615658742859206  
  -14.756962913347339  -8.864216177919532  2.3920802814320496  
  9.071553865711277  -5.464786602838843  -2.8981975856786786  
  -2.498012523460577  -2.1043142557009484  1.8207292620449842  
  -2.38573166732601  -10.100066780260338  -1.8339013114709182  
  3.811995955240936  -27.274477490583546  7.435618830203736  
  3.066205114236727  0.9472690570092008  -11.443266785510335  
  9.05368555370739  2.5908797780475217  -5.069758531908298  
  -2.5231915412075594  -1.6657866988942807  -1.3947392140729662  
  -8.753631722506906  -5.200480911358881  -2.0549842393660396  
  0.6757418452467863  0.5067608944683287  7.653779762809053  
  6.607648650821187  -1.9602177724516632  -3.1710012269849988  
  4.144219788181428  14.944665792399334  -5.427605342004031  
  -0.2852964531023589  3.2363184081363174  -16.51249835228384  
  -0.5351787911636589  -3.894636271470147  -0.22005852358715705  
  -7.273817984307945  16.88385182033551  -1.580226600323768  
  -9.541101497864469  -0.7592399083217388  -2.1093522323522103  
  -6.006477886667485  7.531229190220802  2.950217241839034  
  -4.033853401729134  1.535775060766817  0.6703434462705978  
  -2.236353205799051  -4.520425012360328  -2.7548867820362375  
  -0.4259404301077863  10.411110120997702  -1.810505236772936  
  -1.4281130843804275  -10.694604350476745  -6.589743691709933  
  -12.219186500650386  21.182211825309974  23.469069583320923  
  11.274872645003107  -0.5479592021579582  1.4100270182885202  
  -8.125423012932163  7.240217378452913  -9.754184550714387  
  4.17584755789779  -0.7185670055570321  -3.3103549228284743  
  7.391502174316739  0.686941549895072  -1.473836428747246  
  -6.710208442422129  -2.784456158622065  0.5583750286179386  
  5.139541969505762  2.6436748688913765  1.5994396545861134  
  -5.412414001275424  1.0009569144227892  1.196693743678691  
  -6.28420550620697  -3.333815671073217  -2.3471625342110394  
  -4.065885733814648  -4.004237977014664  2.390034218071325  
  1.8392890449147818  0.6897066906582041  -3.993195353251344  
  3.8482006271414155  -3.7994439908366138  17.180529470735486  
  -0.2983463959564733  -0.5005487227153963  2.2701523542398596  
  12.80668917061765  -6.65866808619899  6.703874175682335  
  -2.6224961859672384  8.353249284269227  -15.562119749956137  
  0.93485824606574  -0.3496746112488249  -7.795860905399167  
  17.140711992952003  35.636332328471525  -44.37679509437965  
  -8.485248726815332  5.428011961368364  9.511310871390387  
  2.4158095764154113  -20.720626678509905  -17.155426642635337  
  5.4583743005324745  1.2509037532752698  -3.5458237169094646  
  -16.004203021515675  4.165183623641003  2.3772612886336457  
  -2.8145900958679246  -2.806987605915195  7.469239564711781  
  8.672446926328629  -3.8189864072072304  13.23722572181113  
  5.303006503764775  8.202209822321256  29.988278632218496  
  6.640420658581864  -6.051168455372832  4.126465927289665  
  -2.570517458818427  0.5639727575297715  -6.097477498993286  
  -2.3062800988575796  41.179269827163175  -52.28762151789953  
  -5.2189018777589675  4.900534049314084  -5.643797801306172  
  4.538866497050565  -4.594976175517411  1.90012382174261  
  9.255497069199436  -7.249230394351465  -4.223452765342418  
  5.090305726736699  1.1315217698182263  5.582975364073846  
  0.11115270048963981  1.3895602723523268  -2.564256896320034  
  -16.31222634537695  -5.245071985028165  -5.579507151443964  
  -4.084033974169446  7.551296470092516  -8.846294677048231  
  -2.1244693125208176  -3.6610846182443475  1.7401388984337802  
  8.763827738337692  -0.42895875924948074  3.422251634475929  
  9.154430805345596  5.9080101117833586  -0.19980372463137655  
  4.485141908160254  -12.15553470048129  3.6345195347832693  
  6.8444743948671  1.1115547502006982  1.741891158554561  
  2.5258704081391055  17.18840971320029  -35.38247833518583  
  -6.424543642316278  -7.794257081301245  3.9214387657901026  
  1.2516659374613999  -8.875183810406789  -5.056035258962253  
  -0.3280887127183314  0.8414788568729641  2.1519613122645267  
  10.962524384314724  -6.817965451202573  -1.6779514793364936  
  -30.290979583177755  -12.276655049903272  4.11109424967251  
  -2.727492179595425  1.2907181552073492  -1.5723140766285706  
  3.240239604601415  -1.2531706378486478  0.8711862529040646  
  10.198737911092776  25.31608002751736  -8.703963613052759  
  -7.610705695618771  -0.39574948438624263  -2.440203469792133  
  3.5013664479460584  -11.076345645823066  3.526985704998484  
  -6.2980307870720935  -4.283118996735381  4.965090246796206  
  11.450090116404443  6.665213662956824  8.511555049883283  
  4.168151163394822  -3.2743899534995298  3.1335005338627946  
  -2.053258012899132  -14.315027973663835  7.0725188639411005  
  -2.039613955296236  -2.9041733262194236  -2.8683648418029266  
  -0.4622330917527831  -0.8866769048268217  3.1650541053289616  
  3.8494254486404653  2.9971553481829245  5.6943887186785584  
  -2.4403475390849265  64.67234808234075  -18.76254573367179  
  -6.2761981321617535  -2.131149841080333  -13.43183584550739  
  2.3979530156347417  -0.8900873820297069  0.6461016401905849  
  2.7004245286313022  -13.325546972198849  10.32049470898384  
  -19.637721033454206  11.442034207235968  10.904231106502204  
  -3.2498380316339754  8.729041294868521  -6.498315802259886  
  -6.697846163623843  4.014049027794711  -5.398574124687596  
  10.239689202985264  -9.360434710379751  -12.526161054670304  
  8.17450416523025  -0.7042081180840019  4.467612125336689  
  22.593483079666388  -8.732613425148399  -9.649322148737973  
  7.166450020130553  1.9646426268879986  1.0190963078213933  
  -1.10084448035183  -15.332757046274358  5.956995714254637  
  2.28878315997939  4.842685748864061  7.834072769487755  
  -6.519887967548933  0.3822477688145723  -7.538203216554409  
  -6.28918941494789  6.392139339199934  9.926467633670237  
  12.5733610192827  -7.351221907133057  1.8124697586641016  
  -2.3179624367951215  5.57205578676347  0.5312473036087016  
  1.0419247975463604  -0.005538614173530134  4.4151517729532905  
  -3.4532799471569686  2.8151189713883435  2.063051745849625  
  -3.2184764516505333  -6.0726505095030205  3.1141688373999  
  -9.561794161788024  -18.345715054311324  -12.939935926841553  
  5.865669561473522  -1.052948962400087  -10.729865098714155  
  -6.550655932043746  -5.235520211490592  8.436280947384638  
  2.8386624331792727  0.6607186532178588  -9.31830965960704  
  -1.6741570107612074  -24.07213566950468  20.30283178934847  
  1.4510304123470317  -1.1956713478184913  -1.8575367332835349  
  -3.9169668379912523  -6.578898821647788  -1.1890709326055  
  -5.7982853432035295  5.637896491009748  15.191710986536526  
  22.806661576738552  12.536116522182377  -0.6954012078890361  
  -6.792158017871612  9.070930634380264  14.626494492055311  
  5.646983883896207  4.607623751610711  -0.5644283556632015  
  -3.5475098129876534  -8.79773798392036  -1.0054779325894911  
  -15.554263480325256  9.611266512513822  10.93139163325315  
  -8.581865602463445  -8.641068298427653  0.9956211583881734  
  8.996974038354487  7.139729448376899  4.955194905559367  
  3.2597711441291164  6.9782024537180805  0.7192294515316812  
  -16.690657142492526  7.299958312987745  24.68679709350284  
  3.269402147501574  2.7351521869169617  0.3355611244721104  
  -6.62104820373353  -4.584099529329956  -2.290315617040116  
  -11.598956242662151  1.7000572020466342  1.5656307489218242  
  9.142958635228364  18.960672301760212  -2.8129946459191086  
  -5.8707131682307265  10.050134501972563  0.5240095691881104  
  36.22736837777715  -14.62198610519017  -11.691959244052157  
  2.3665763428641013  -0.20276031271479694  -3.4915948422992846  
  2.052296579272901  -7.225862946062449  3.1683530650215292  
  -7.410801260797049  22.092983929479207  -18.327621256340514  
  -1.5831394251637432  -6.652228063868469  1.0421530379705575  
  -3.360040585126175  -4.871934669759592  -3.0223210940125793  
  25.015929764679267  -6.753086090775068  3.1862044545082155  
  -26.8801560904547  -6.357588990239424  7.0313871492458215  
  0.8938718362219579  0.6962565105519712  -4.602637573682942  
  10.491525999461167  11.091763872965808  5.249701638837632  
  5.785552549770357  -4.7301399149768395  18.313167734121414  
  -8.296274376461916  -5.9293484900129405  -3.8964637338071464  
  1.0808552142144838  -0.8632655128590689  -6.80854877165689  
  2.2276069094994777  0.6548731094130908  1.8183002662738426  
  -3.5229857834325466  -2.4090395690064317  -0.2231661495583469  
  16.06054651579686  -29.94896727893717  3.9850682461449196  
  -0.006350616991082659  -6.177794383295364  7.789681045696744  
  -4.026041666267234  2.597101723497617  3.141159097525183  
  -5.496312137358088  -10.385239099197095  4.7711658046692795  
  21.940045635173732  -19.503598648495743  -26.32813921817889  
  -2.5649816331109534  -1.8743138051961754  -16.027170072484125  
  -1.4325616293739578  -14.619248872663302  0.057100983331722  
  -1.201231729526257  -1.3064173638854721  1.6702704074825763  
  8.436829723367808  12.427677726115204  16.147727958212656  
  -10.065710851247314  -8.397007732555887  -6.2187329461817065  
  5.610307603308199  1.7532240318364212  -1.6010992537260673  
  -1.7539007342283635  -4.566375369022093  2.3110861429901233  
  22.280496605474696  11.780033738782631  6.6227399267779  
  -12.379723824316546  55.82459208225863  100.29157224748162  
  1.346858756463091  1.9108672898882408  -3.9781278592281244  
  34.121224918765364  4.6113882128817405  -64.01992710337919  
  -7.929352546676296  -10.4071336013632  -1.1415361505196002  
  1.0495939070018658  -9.298540264276323  -4.592784049516332  
  -16.14264407846795  -7.526943274239409  3.5601647122008497  
  3.009261078564958  1.3191992678427453  2.7841349263509003  
  -4.394493163761481  -1.774162366656594  -0.43615094100741775  
  -1.3971226761956597  4.626627823822158  -2.732781865458128  
  0.18611094304955234  -17.298884871360173  -2.9198033716152083  
  10.981808047325243  -0.2719226915114059  -18.035857305425168  
  1.9718528422688928  3.5554526702848936  -4.2632575479926835  
  -31.739489082750968  -12.703661406115774  71.06424693563021  
  4.0458733778237965  1.178414118827338  -2.0670502279393577  
  -2.4155871937841975  -4.480867724316724  10.654523679892522  
  -8.321432389228928  -10.08177690274955  0.3142096051444723  
  -12.28592965209169  -7.5991438034296515  0.4744974381989801  
  0.723355936247241  -1.3163365961007145  9.08162743605264  
  12.602287860907746  -11.520204517822709  -6.157494093831587  
  -12.111134843617796  0.5819315462696282  -0.21095682100829247  
  -4.482610426366054  1.9166461444508125  -2.8598682705978296  
  0.29255667096219673  -5.022092460789426  1.3457867473626393  
  5.585570123772406  -7.500336600017687  -8.461359602168928  
  5.08244237279499  -3.8518385852510737  -1.4778726665019124  
  1.9950466857524454  -34.37602593435073  70.61905797837595  
  2.5810193034532625  -5.227385372668774  -4.71409395220151  
  1.1722018168702864  -4.452713726085861  -5.337779774994762  
  -14.966914233123939  0.894095532590524  1.8803189039200003  
  8.23551929296437  8.762694429293388  -8.565648523327669  
  -209.9830291901344  -23.87889836789426  130.72273926415508  
  8.881222220974072  -1.8597914200500332  -10.830222116088748  
  0.6077740832823352  0.00820545364411562  -1.8588844715202475  
  -0.24426823666350986  -0.054595501695871004  5.53735595026245  
  2.568704551465831  1.3234842905326203  1.3743446870564655  
  0.09043263046495699  -2.9684697156515525  -2.7193202332627986  
  27.859316823415575  -8.959940676180862  6.304740273742327  
  4.650247994159398  -7.877350610773098  1.6832641114827775  
  4.251544116223285  -4.282698072051672  -1.725688953179434  
  -28.24946646627243  28.11373151796294  25.885404979132964  
  11.41349733232881  -25.85969742988066  -19.679816242849203  
  0.4041048544802217  1.4525934309975002  4.6581609993003745  
  7.87027533917681  -11.16982780796157  11.29252878240013  
  2.840990088713682  3.9638979393059555  2.3324387264600452  
  -16.442116530345164  -1.7941846001600217  23.13934352302234  
  -4.223379805546857  1.6514620377598461  4.339601676724582  
  -2.8191343967842593  0.19381425398524318  -1.0776762279785066  
  0.7313941230239009  -10.452665580593653  2.6336242623953945  
  -0.051839531823592556  -3.6627660429857225  5.426584862314765  
  -12.443393451329797  -6.676633398158688  0.9808425499569272  
  -6.500691193958886  0.23502383594315343  4.0912299822879  
  7.8668172037937385  1.843364835988452  4.907950414478694  
  -1.6070350893447318  15.415803759359642  2.8479690237445157  
  0.9702832811501434  1.1338821136259563  3.2170745552471516  
  -3.9232006214402553  0.2940483823664605  0.06618251738529064  
  -1.1532433084552722  -5.305182755688406  -8.088386368175618  
  1.1926515296692408  -6.409028549948231  5.3298656585436675  
  1.4647521097826086  2.4314737805186235  1.1203357267319771  
  -5.040387971080095  11.759771228222533  5.545087517121471  
  1.463646480500116  3.9755316845162176  -1.0435913918055684  
  -2.6374490891283937  2.957315279636092  3.1644500085239695  
  4.190377016116158  2.200062666935298  2.36190787624193  
  -3.911025720869259  11.396654029309117  -8.83020022991199  
  5.8385405003606285  3.2709283298851144  -2.4968317825723507  
  9.240272555251776  -13.208999364745894  -41.980751066438586  
  0.1618906386274305  -1.5626734158444182  -2.1079413493226173  
  -6.739299023983513  1.8181317688904424  -2.716390696403067  
  1.737508978257856  0.1862357920617252  3.7643345906612042  
  2.6117497641930427  2.887136093765675  4.707055656717475  
  -0.9158989608636895  -7.347136847907488  0.2887810214388856  
  -5.1197458885045855  -1.281449213432875  -0.430919356723686  
  1.888288162383945  -6.114585727418384  0.036534202879202296  
  -9.069754283729427  -6.025371888791141  0.6374409401187752  
  -1.1759799749352766  -1.1128542635226448  11.910303470776602  
  0.194535367605713  -2.587214665283998  -2.2685309002579164  
  -3.8075913238012107  7.4143280174001776  2.5639031294809693  
  -4.258891830731931  6.291008478684364  -1.1153392233768238  
  -9.31738591019766  -7.099248618212619  -14.483014191388632  
  -15.231898278485446  -15.700923053935373  8.106656224025802  
  -2.180798985072591  -0.0635639121869538  4.885381784020046  
  -3.7173761908085767  -1.3147102279697878  0.08345140040872744  
  0.2811710283802197  -4.180450390927632  4.50617124149427  
  -10.045151404534154  -8.316135741952444  -1.6818188468787751  
  -16.73268680162131  -27.365175654076268  2.45156363205769  
  11.514524116936563  3.1117400058354057  12.618823984989538  
  -6.026351952719688  4.970571103411748  -6.805195532667365  
  4.662906365904291  -3.114778976174691  -5.246585220508339  
  13.20219879472013  -10.463746251833784  0.801166816983786  
  0.25582398191339395  4.851261651977041  -1.8037461671029544  
  -7.590388313334399  -2.353981572801305  4.064949884728468  
  -3.7160522418373345  -9.04487611760016  -2.1299500684985233  
  -1.7032451372050648  -0.46389018213993427  -2.013370228246904  
  -2.6662379250313872  -10.886331874231129  -8.915272836278108  
  7.02488758449938  1.7058480587910165  -7.3923492408127895  
  0.4661303000564958  -3.359396837844229  -4.835592343837647  
  0.7407143531917397  -1.961323913423922  1.5112390500750847  
  1.9801860485434826  -6.9861473934815015  -2.2654432669523925  
  14.266244900808186  -7.014130817154978  -4.937035522543979  
  -4.471841050936843  4.284096814812117  9.55415159749103  
  11.600145315495473  11.157466552898239  -23.3333997035052  
  5.03839346234129  2.0367494121048013  -1.1897626766934435  
  -3.060578279659842  3.497563143661811  9.49146927336552  
  35.091384721618624  12.096173113688765  -56.66787623702733  
  7.330753698831524  -6.330745804452187  8.435281049237298  
  -7.130961343075174  13.308595067876858  3.294978971226146  
  8.715818305985868  7.1525742615386845  -1.1666732171763259  
  17.648540796412313  -9.208750487039385  -10.825437292491173  
  0.3389497576545022  -3.2595266915546004  -0.047209996560436035  
  5.874115552012166  8.927507649257224  -0.5172869706894354  
  9.194553334814987  -0.6783380494428687  2.582755856265191  
  -9.749582504221536  -1.3090295022678529  9.577328755032259  
  -0.5544309246399275  5.153437164138983  0.5382215365303591  
  -2.7745605820805412  3.5265404684620845  2.345387494797031  
  3.276727595293421  5.718383640537001  1.0421757643877898  
  -3.1411497937182964  -4.036086974980464  -8.292470014842493  
  7.0160639414321775  7.155493481020286  4.272570119420314  
  -1.7975543378342727  -6.759596327353521  -0.37497102889685135  
  -0.08528556483162264  0.09253204036995703  4.010230614008941  
  3.9326064523997877  2.119831457979735  -1.0481210111098374  
  -14.511385774830776  -14.21290433126598  29.602950322576547  
  11.683231168210128  -3.442082631659783  11.619112673761462  
  -3.5930675121950153  -0.5783803278265682  7.351993073975452  
  -0.8309185142714037  -7.057771186373111  5.1111635949971985  
  -1.7951312663058665  -12.44034281148836  -9.47645262309868  
  10.99794003814134  -53.19440126056216  31.708949577764308  
  -2.2578747695916905  -2.989356279667122  4.030008977306319  
  -0.8947482381536668  -3.9392716056559345  -5.109182741782943  
  -3.20929237322521  6.582329463162218  6.820259107155368  
  2.2764443073290046  3.507102424012041  0.13983921695964055  
  -6.608604780204032  7.634374357871947  -3.278738345682676  
  1.095795154297747  -0.8797883812693502  1.0828666154888764  
  -1.6568138146458053  0.3924449623904261  -3.6082479646480747  
  -1.2896952802538473  -6.723230771501858  -3.132035796284053  
  -4.165119352366226  -10.560763514960367  -2.725936808597627  
  -4.06944477239115  -9.210170335629606  2.173230232913007  
  0.317027936095883  -29.461109297319  2.328849647975664  
  22.301877449646515  -3.402106783684225  4.995156314096118  
  7.1489902635538  10.206016239982603  -4.3290311290372925  
  8.571191437104645  -0.6785227161067551  2.273340660977325  
  6.922514073750468  -5.768614890335275  -8.403654961880562  
  1.5923272476113424  -2.8431370979158275  4.883550728191002  
  1.8695681486622466  8.671434558896276  5.389570478558585  
  2.8471866229486054  2.915318415510607  -13.453558009000968  
  -34.827213356575584  4.180720407093647  -12.965383748070225  
  2.870453281992931  0.7272653042667961  1.544783238913138  
  -8.7501420656099  -12.763627271627971  5.552206272204026  
  -40.90906883385448  -20.90737884911466  -20.989589457416773  
  -18.78598271386449  12.817350559897848  -8.19095921496407  
  -2.199954935923116  -10.906218079747449  -1.721643889098808  
  -7.17764245898714  -0.8760138899917833  -1.5619861952479717  
  13.612652055519002  -4.862263857705661  -5.916705569556044  
  -0.9955643200058192  -3.5145159094427183  3.9597291694723817  
  5.793386908066393  -19.564868426493575  14.66206021063415  
  0.4554007411467635  -6.989380042447342  -8.690603179794838  
  5.897459829714781  4.573712634531818  -9.285883811363643  
  2.064062426975988  17.35644173966861  -6.98487392354023  
  -9.120420889929658  1.852669565317184  1.6473700668952123  
  -0.48560904828265766  2.308461272023024  -1.1306516718119313  
  -9.793480309439884  5.589359308143676  4.359786720889377  
  1.306205959406043  -3.167916005820231  -3.073540580651553  
  -11.733865692436007  -17.485214482216808  15.727911480088366  
  4.684383166075664  -7.478583396660521  19.607199139999036  
  -0.5830533941873544  0.41945686206582494  1.2910104735757195  
  2.2022187777805575  -0.547300969497964  19.307321259570084  
  8.410956874662936  8.79851165832338  -10.238430791397011  
  -1.194121596978233  3.01403243002662  1.0459503771750378  
  -11.971353325119948  -0.2830309499484295  8.167055341186298  
  -3.0219610849149783  -11.413109889092905  1.6820620708745104  
  6.335659824634282  6.341818168345273  -9.78112278106793  
  2.9826983613010167  -2.5686604072049666  3.9381424700989047  
  -6.3150473914027945  -2.909738428249427  1.2861034095062303  
  2.1869622613441155  3.061204255668109  3.610149036669174  
  -4.947449423888638  4.73059508449263  7.25145579382244  
  -9.527326195210382  7.535770973908115  -9.857944971953495  
  0.09583269163500059  2.63547494118149  -2.8173600713631677  
  -1.2181908707310318  10.323966929788762  6.047214628101187  
  -0.6544674947982823  12.369461105418758  -10.848191467476617  
  138.255751656964  85.37564078934152  40.76015902237767  
  5.123027317846236  20.849918825485634  -7.518843952002209  
  0.8919865548607678  5.36530170404372  -3.08311553054421  
  8.266620860900158  -6.206599728405627  11.635288872070573  
  -16.112765525062763  8.834044114400077  10.290852678798586  
  1.205144311947352  3.7469746865071745  0.3197388409619058  
  0.003122583812116184  -20.613940109819016  1.09653125858293  
  -21.434042615239093  -18.255676231123783  3.201226733037181  
  4.167087511299429  8.136189710980606  4.291108082510623  
  9.365930637850747  -15.27637088486833  8.941030027176497  
  -7.456583469179522  -0.020969328130369707  1.4934036950048297  
  -7.588884584422847  -2.5069500637295556  10.19007704437489  
  3.0016446734657465  6.524074859856658  -4.713782479659245  
  2.6726646191270618  1.9216897036044882  -2.225249108512221  
  -50.9717384008221  -16.562848166403157  -38.385312268375586  
  -0.5996648348995605  4.872232942679469  -1.1938817220382467  
  6.920422212709699  -4.730665706547286  -1.2075933254622728  
  -1.5865783925688643  3.2179216839994007  4.971004686403775  
  -1.6192162626073472  17.289212466061617  5.705613319036635  
  4.522048251186967  3.899684391646443  22.61412678239404  
  -6.691932579706759  -0.22457671001390095  -3.0482157090647157  
  11.761077803007863  13.311900199167287  0.32362018891433975  
  10.203199419347001  4.754813248061634  -5.323402285009601  
  5.060998785479826  -5.275001990438739  -1.0822393309440013  
  -3.607497680376024  4.573800070865653  -4.121119047383215  
  -2.918606513631271  -2.4733489890258946  -7.288819567190261  
  -1.3132066495910526  2.338071173366401  -18.722567484621912  
  4.378413542544498  -1.5802939768209552  2.6157594019845045  
  -12.21364974288692  -0.44958860637425885  -5.417181990917437  
  -9.010959775222457  11.662917257894485  -5.382265948340341  
  6.163373423884827  2.034929176600108  0.010719118845327905  
  1.8457728936886721  3.92226201058034  5.381734922311959  
  5.12303564730016  -10.31975119858687  -13.644780402868891  
  -12.036476094164872  6.840916909234976  -4.01195631706222  
  -3.5586496805505745  -1.3102000868589632  2.2113101703346305  
  13.333521295899915  12.756251918858608  -10.741915392133375  
  4.2564987946103425  1.7296027237746412  2.291710146114306  
  -0.41910870942832523  3.970887311250273  8.695454902907594  
  4.03219773394279  -4.6784865607965225  -3.913173713236037  
  -2.650270424075526  7.9292179378733065  -5.700904125986377  
  1.3845419786750326  4.066088953765978  -2.184522199830449  
  2.3507042052784857  4.340997399821028  -5.502845365515692  
  5.274499610191848  -0.4154431537621039  1.4635990959885792  
  -27.11139703557982  -5.711375083285787  20.256996410069675  
  -2.990163911698284  5.111043705851174  -3.0954446236461526  
  1.1579836985084115  2.0023346389670005  3.0955185818215236  
  0.7189682107962415  5.185616434350381  4.7688575958976  
  -0.672623885628393  -4.192031267421837  10.014438137727648  
  -2.0568540438557807  -3.2318578017730135  0.898733324322684  
  -14.864223991754084  21.28649693983318  10.334956263142828  
  -8.303902001281804  -0.5039506782443148  9.319669465939635  
  -5.936191772282478  11.23093450645902  5.784093274269204  
  -6.568481183060313  -2.9936970978591733  1.0421317718604883  
  81.38449698109677  31.694929298000105  48.89399226080468  
  -5.9052019504273  -13.298091625389228  6.116470957279608  
  -7.113880911185823  -2.346703615137975  3.7544208635675473  
  2.937796660286097  -0.5715558377434262  5.115361691942135  
  -5.006838559982349  1.9992709378079434  -1.4181306907371012  
  1.8414331825471353  34.15986212290987  29.817011662283956  
  -19.04484551031049  -42.61164155525799  60.58214085360667  
  -2.7894134072219927  3.2240018097000234  -3.8815949271611316  
  3.5278111131783847  -0.017076187416358184  3.906474027123417  
  3.525596494091081  3.1784901665430234  -9.056096815859396  
  0.23474058885333793  -4.165967295344823  -0.42646430670751956  
  -3.9593427061991653  3.3565425458726175  -3.3004703306860472  
  -0.129002033138346  9.317081576539543  -4.607049236701423  
  20.88779458619406  14.051668910780975  20.1127515589165  
  -8.753234963915649  4.06304133867667  -3.9087665132456255  
  -2.715832307675059  20.083766355234157  -10.623499820539815  
  6.369328354671478  -3.618533482058293  -0.5121873495038947  
  -0.6486846629867038  2.1822935350033648  -2.7635823343226376  
  5.337884280625784  4.30988314030268  -1.4301632686737047  
  0.13988179057294528  22.230452016910917  1.7058604061853357  
  19.7987026406639  59.8845623135411  -17.892471726958068  
  2.886702966348512  -3.8276904058773997  3.0326905541233495  
  -4.97447254728142  3.396135939143436  6.39933391147408  
  -3.4499929985991087  6.353936774126212  -5.114264134637036  
  0.850266090578022  -3.4424782811369856  1.1292095973752354  
  -2.2374852929621567  -0.42409170136935403  6.336302661388115  
  29.792876871964253  5.702012219001693  -12.633678107478499  
  -3.5147642869121603  -3.2543340887671106  -0.9302546823151279  
  -1.095469912389206  -0.2845679610697581  -10.699334067908381  
  -2.4274251101263062  0.8727778513401643  -1.7424095948671612  
  7.727913339749168  -28.109970391846158  8.13506593918445  
  1.675285227755376  -0.43939520608920346  0.6599932921319769  
  3.5600504224428793  -4.246144026306033  9.969506850891857  
  8.032921735881928  -0.3157169990401127  -0.5472646325557117  
  17.38450013851386  11.954833634701796  5.072032969105455  
  -13.46828110392002  7.600796071635888  -7.835125954690543  
  7.927180970040111  1.8875182767226046  1.9292955973070858  
  -1.071801115403224  -10.134056468558212  -7.315690091941836  
  4.80623444214944  5.01082679158372  -0.674170198296562  
  -15.687742725667874  25.478137034371912  25.78450408963555  
  5.085189920183846  8.483506963225928  2.986344063590296  
  16.83469396045516  -11.760802889244236  28.802670456543872  
  0.2348462530469968  4.284503350005792  1.4335499886149972  
  -0.6796926574803911  -4.461821319771882  -6.381837854491093  
  2.1314971013276  0.8052181113932844  -4.147972725244269  
  1.739438420341181  -5.067127284522824  -3.5870084692127633  
  9.951349815956121  9.923684906476971  5.5040313990489  
  -3.542129972151261  -0.734018285139274  0.3010395287320103  
  -16.99777741618196  -24.235178159184205  -5.899025912602031  
  4.907665952934989  3.8776536041992795  0.6356212202097369  
  -1.0375186718002296  0.10111329105985242  3.317357289979997  
  -1.8984996031531673  -3.5839263628756957  1.5292792028986815  
  -2.73950058310436  -1.8403094972466403  -5.870726008946519  
  -1.9761561451984269  -0.8127857173558057  7.054358741782956  
  -1.7790199577876067  3.341232347850939  1.6545390496651786  
  17.505931327132647  -18.806261555225795  -18.20591772850816  
  3.7979171127065148  -2.0507768329618234  -0.6212842216805181  
  -0.2571716551872298  -5.745611132454089  0.44031912541454166  
  -7.872520792600735  -5.3251724866411765  2.019262344643165  
  -16.013279416831608  -8.775591478300294  6.687151230082838  
  6.205703141812367  -2.8154511586294015  -1.6711820146438376  
  1.671392865606218  -2.0042493507643413  -5.3763323708413635  
  -1.0462833885431295  2.7723816263998255  -1.1797185341782603  
  0.005501841558653765  4.268128660893819  -2.049360260939033  
  1.582674805315859  6.53885439661934  3.1010311295140998  
  -5.529548023785644  -1.2454647590849053  0.1420705712226043  
  7.433453321811111  5.057614797493856  8.592134763840887  
  -3.1197409028209484  -6.13900188163175  2.042298744402217  
  -3.1869658330920263  10.020815861647167  -4.370178763862952  
  -5.324308497904849  -0.040561481219824724  6.645580138846512  
  2.743493085492832  -35.38967473208528  17.979205350946586  
  3.496962630148825  2.737661602425105  -4.956732244751966  
  8.977509368959593  13.764262875986446  5.139460720172991  
  -1.4805227561487284  -8.93042258079457  -14.103131324377953  
  -1.975580646983668  -7.02654268184556  1.2359474251583056  
  0.428160864823003  -4.614117530030226  0.520241937257349  
  -2.079969465241574  1.0003178751358985  -0.533642849248685  
  2.4069756109642833  3.91141030036677  2.9268902542641166  
  -5.253682676526379  13.706091542913413  6.309901237205397  
  5.865424810065298  -1.8341342432475853  -26.40814495370148  
  -0.0970321347571613  -5.144559883465667  -3.511993138030706  
  0.7190180325935278  -4.753331940471885  8.287917671382909  
  0.9689273310222364  20.75852517285868  -7.876866975801845  
  1.455033130453782  -0.4900474653421786  -15.843598441090226  
  -19.020344990531225  13.82193685608085  -16.796074751559548  
  -7.518394832637323  -3.3528871859667158  -6.204073038889228  
  -3.8510148321542568  -0.08071132671682757  -4.9509766354891225  
  -0.021414865939875193  6.525226133776906  3.657774469467101  
  -1.9165673451255771  3.796952359976649  2.687291357503496  
  -4.588210242615219  -13.509157056122513  1.7508807938793594  
  16.95162124883131  13.793503780656085  32.48177395638821  
  5.907440096029567  -6.625623488862616  -6.191656658946153  
  0.06770684811896527  0.4492360407502515  1.5449652726739547  
  7.001737237795896  6.662914691312942  11.328769833734388  
  -8.08627968590878  -14.056072573855435  6.691609186135503  
  38.65080393130718  36.144730640061084  -25.97591584263302  
  -12.37496957362004  -8.10664853430442  4.392911710100809  
  0.4845264236072444  -71.0201120535463  36.21876454281009  
  5.714085261071366  5.754933239995237  8.560865669728447  
  -14.934560587390042  -3.466050075264516  -6.796282171089933  
  -1.822919217687797  -5.362600914609485  2.6775045106217705  
  -9.46827679547605  -21.165679739409004  9.37991421816544  
  5.716983188285485  6.247945916848834  4.690123481997787  
  -0.6637287056962133  9.496009363421262  -4.055673719951135  
  -5.51493464361224  0.6254856875091335  -0.042734575638247896  
  -0.8899874004854524  1.5870476157427251  12.649478481030432  
  -5.092715124938747  -3.2164166759164408  7.819619926706795  
  2.4728249610764763  1.7365307772459342  -2.157643993930823  
  2.751537140803307  4.748948926452463  -9.74103256738956  
  51.933505331855606  51.47351798664366  140.86206419928732  
  -5.56267879964073  2.101508195632552  1.3997896511284673  
  -5.164385755780508  -21.51007101603372  14.141425125915193  
  -0.8194216225899263  -14.42909708368019  -16.608557222898575  
  8.221649046307473  -3.2849682082050973  7.990155941232605  
  0.6391026053587214  1.8838309827500097  -5.033196484607848  
  3.2319484564601653  -2.1617209540864546  -0.7831192148097589  
  -1.0672373390464478  -11.570816147723995  6.494503144826043  
  11.43380592264934  14.009326480754353  41.997587615707445  
  1.0271141593534425  1.0636548892869389  -4.04358108500756  
  -6.360000110594503  -5.527357036707136  7.172342613948411  
  0.9363779403381376  -7.269221550441279  0.6100799794631762  
  8.242672712949618  16.741652300676233  -6.805620687892469  
  -11.431919152175725  11.78722540015534  25.66056048903536  
  -1.3571130835218932  -5.3530873318530325  8.978424063476295  
  -7.751489393421282  -24.92644362398774  24.06744272829806  
  5.77846269073847  5.144902938939717  -3.77882246564873  
  0.871141828711189  7.217618334530856  3.751689183575435  
  1.7049268919942024  2.336322929981488  1.0089060211920535  
  6.142726730690184  -4.879973752126896  -7.072261237512108  
  7.143488330873273  0.10624390424939857  -2.802991852333033  
  -0.3106861534991575  -1.9217143697662942  1.895040650049411  
  -7.674420843367425  -0.2330371565575193  -9.721675415131262  
  -5.450480739362038  2.526311481659155  2.9286644098747274  
  -8.225962801441602  5.3067735218702055  8.934716600271408  
  -2.692496157627472  7.247990115833851  -0.08896811039679117  
  -7.355534664941048  -7.727407996876931  -4.512169492312363  
  12.43487181895947  2.5451364852841354  3.1209780919854677  
  7.673939810691537  -4.7033463143820535  -0.40934956482206325  
  -19.22499879941472  -1.1589610833379398  1.5979374695158028  
  2.6585412968312907  0.2840741782061949  5.070237969684052  
  3.96236555193414  -4.4855566875732285  -5.529688730470788  
  -16.338530659441055  -4.101541508178619  6.3816031758106595  
  4.78231724377664  0.6130254797760981  7.146219651066806  
  12.649668518800045  -16.34679396992865  -13.439947424667034  
  4.844499733182908  0.5881699844426473  1.7904347872237627  
  14.441391520488486  3.789100546289041  1.2088161275761888  
  47.25170509216115  -23.27827404511116  6.4911748768596444  
  -4.145328084876746  15.062806756991499  -12.270566312018252  
  0.0039859949562597915  -5.18091709642195  0.9551427494608284  
  -7.293335729585859  0.4430133882337962  -1.2995062744065493  
  -3.8476217864453934  0.5526460539031468  0.853725398919471  
  -3.6641014273405434  -0.9378317476845357  2.160641503817022  
  0.3448473821204331  0.6625556500774511  2.6163359043060486  
  -5.861149594773459  -3.1765583188820448  11.637812640646766  
  3.99967527103121  3.3314190047141228  4.761254376977611  
  -7.890902668647269  24.913535646957353  -2.9622254377934096  
  -5.9360778217150685  6.087625683776499  -0.9770870155744179  
  -31.276380289801377  9.668897854666133  -52.98336002392444  
  0.39080674075565425  2.077089180380363  -5.720105547482615  
  -6.798318077755638  -1.555322923905164  -5.2219536642073345  
  -0.03890498772891182  0.16254776273238342  -1.6869981139098877  
  -0.8460843145308952  0.7049097499445487  -5.032230677689251  
  9.92001885763034  -12.793585283469337  -24.812098346734466  
  -2.8933285720750814  -3.0854845494156726  4.769931205677424  
  4.095541853525421  -1.0411796941851303  -7.31477306202138  
  2.265141010694484  -4.972123363323852  2.468378776055325  
  -19.819593130116893  -3.2876921925335068  1.6016333609758406  
  4.3090324977602545  -5.074329541089678  17.87970013734076  
  4.021697067118803  4.361078431703275  2.6381368767139595  
  -1.257779619410242  -3.5182809009374445  1.3015539270352317  
  -14.010680539506371  -11.165139859360547  12.249451402572316  
  -1.566299399287475  1.8439919385021002  -2.477179723084753  
  102.53810369616879  68.4150016205324  -19.683433396782803  
  -2.1166671758728177  1.0419663892348296  -2.025002036005345  
  -7.237224365787707  7.489758819267798  3.4386373023587726  
  6.7411149787325595  2.6133172824099025  -6.240323918663975  
  -3.549782682178666  1.0115512427390796  1.4917207194582744  
  -10.986552557809054  -8.81554205491151  6.006286700105941  
  -7.823290344966776  4.4625173861372085  -14.987916078266226  
  -8.980277710410416  -2.739565001309383  7.775077198906715  
  2.327291779869636  0.19243271986525717  1.9218241970247547  
  -7.235858706658539  -6.961684562281657  -6.575171097920155  
  2.950435594488729  6.650682940426025  3.7799675204782437  
  0.9171802578423981  5.039859561279327  16.592992108040335  
  -6.947405441168986  -1.3579205671613201  -0.6021882390889627  
  -10.400532608375027  0.6510373454963099  -6.634976864456258  
  1.2153233662662275  2.81708874154915  -7.706049288744657  
  3.133502362726675  -0.34751717906174634  3.239282026681328  
  -0.1662708284881646  3.9762825704250635  0.05907159748031693  
  -0.47172213919470446  0.7378565255639409  2.3116113353885264  
  -0.32159868276732245  7.954533516774436  7.769487085171507  
  90.65310253445162  -18.86723471711687  29.622592303575654  
  13.565835860828903  18.494869332584557  -10.784086218374858  
  0.4295161089246201  -2.2573536774769707  0.4140442472915732  
  11.957099293305687  0.948362695346264  -0.03129283278073398  
  17.683228939771162  -6.854470114582007  -7.064202451542561  
  5.998153187493869  12.89379314606446  -8.032638863944145  
  -5.095749203765455  28.14186812067791  -15.446117852805868  
  5.702273667452298  -0.6478340443848363  7.344861186616853  
  2.8358595271693012  -1.9481211950814221  1.0633449540192943  
  -6.987359422008038  -1.8695832905471743  16.08385024935497  
  2.580374653435345  5.65185953255723  -0.5852972582531945  
  3.8931367974664775  -0.9280357449743102  -5.675658596872681  
  -2.8731307499688605  2.0523717906103265  2.9607645736886345  
  -5.193315983274451  -0.2882851797531306  2.062211650513907  
  0.2183261131086046  -0.3076703519354757  -2.92690490765713  
  -12.542465518015055  2.8189970473913317  4.930145241652813  
  4.261397122681931  -16.59418711649023  -2.0381017741874183  
  -3.3333652216654754  -14.205496543210499  -4.84004453121409  
  -2.8106445748798086  -0.16971422299796188  -6.066805308834831  
  4.822076833989541  -9.426062034526797  6.250339151281372  
  3.477169481656714  1.8394651161308515  -3.5649131488808776  
  9.103246213885189  -8.494751983300313  5.727327848577556  
  1.7299146729710742  8.08106199897522  -1.3633472661149961  
  -6.157643772116732  11.66923472610674  6.584844634018774  
  6.2882092954303825  -14.775279989751212  12.595524171145106  
  -8.019470785854963  44.269594905181926  24.873136640601572  
  -3.273988215467949  -1.317172725816146  15.400794815568434  
  -2.6424524074750497  -2.2152656607542878  2.681288362581485  
  -3.639838350669371  26.404155923564645  -8.388149539519949  
  1.0485281345276536  -0.23248970954407636  5.194226209507481  
  2.4842470036572215  4.120961760206484  -8.654703647983453  
  -6.47789409326711  -15.117600729031  2.0698283264538815  
  -4.468960016966116  8.844700960396404  -6.569394514945484  
  -3.4266415806361867  -0.6605655184257762  2.3825036535807147  
  -0.26509898570453344  -0.5131586141716439  0.26423893990338415  
  3.4895817895692254  -7.299385852578136  -8.086250051148513  
  62.43849261612802  11.42959854240564  54.94513803747872  
  1.1413204215695476  9.061948516537717  1.3242105841255372  
  0.5074503348575401  -5.868641115061393  -4.91183577132573  
  -7.80031774951193  3.0801674098657794  -5.558344708917581  
  17.42468532310299  10.044483042145641  -8.861705428329145  
  8.928098089362063  -8.709981717965892  2.1872868760601962  
  17.04062430289065  -5.588367573961377  7.136874627511967  
  3.039417975809604  -2.2776828254690775  6.990717950597574  
  -2.894107874597681  0.36749710926752394  -0.2784203553752799  
  7.461328186609102  -5.357917445141753  2.312874320583487  
  -6.818480426620852  -4.328360052219358  11.607551203848638  
  9.974788364735096  -12.741229695549526  0.7506870347237151  
  -3.0760102644009106  3.651798974628125  -1.2196361877124973  
  16.148784214238376  -13.985817974721975  1.3121509081827833  
  4.178926162415301  4.146545814676979  -0.22178062969589787  
  0.9869106848360267  4.885283988492538  -5.39865018710671  
  -2.8173043550085013  -20.337892938371283  -5.858967127713363  
  -0.7780449049585622  7.025065042604776  -2.4305388450553296  
  -4.246758278308757  0.5741872227865609  1.5175363686913554  
  8.16269170424739  6.287995166516659  -2.2437397250603306  
  -7.139179147375405  2.9630132792559793  1.9227112871075276  
  4.984179994077192  -6.645744163008819  -5.613986977580681  
  -2.2766136156248713  -0.5772056890046597  -5.140096527784122  
  21.40853658031584  -36.651552116143165  33.762019388051264  
  -0.2821822952334968  12.97217640120954  3.9349116099529864  
  -10.303196638232901  -22.655090553744586  -4.640451196077971  
  3.640604102088075  -0.7736346886046279  6.479689445156583  
  -2.4642249104741194  -7.377856036788522  0.4638132723941857  
  3.617549912405339  0.48433512301854725  -4.888818746250623  
  7.880327271552899  10.148944336789734  3.0611189532077763  
  -0.256216327906337  -2.4933854375035858  2.4518722891889553  
  -0.11485925930135095  0.5821061176614877  -0.19355682817907385  
  2.203410813981153  0.536150290628166  -7.512210435647783  
  6.260981689610857  -15.32805583826094  -0.05170380390752327  
  -6.989511152585055  3.5913781259749227  -3.0455409455373026  
  10.427246856786088  11.799169759500325  -3.5628044601287825  
  -2.537927485460117  -1.9648634867652384  -3.2449745866670336  
  -8.14287818797276  11.389795502868239  18.057436213394816  
  -1.2411084363196336  1.4923995485171901  7.578994838373582  
  58.506085668151286  -27.05133290207181  -4.258834952423222  
  2.092050198852  16.816329689558874  14.910177137357012  
  -8.974348846601902  32.24834375269948  3.7242299135058703  
  -1.3620414960122749  1.022093381165148  1.6761455799502931  
  -0.8528799907756713  1.3308440573544345  -0.768459356868982  
  -2.909285751049684  -16.9834555002868  23.64547281436851  
  4.5810233948482075  11.040441253418855  5.62895234870692  
  -14.799042013793768  -5.428985136949781  -5.643902192718813  
  -9.38992270421013  -33.44373308878141  -37.70063264005545  
  -11.592012544080696  -4.188181862734077  -6.179131154164807  
  -7.704197195053123  -7.378838746908639  4.9394366831854475  
  4.424851534476511  2.0752190153592047  4.150667943021938  
  -19.641521892502414  -6.87453877547668  -8.90329804009613  
  -0.9202863059206253  11.220332437703188  -6.990838166731224  
  -4.818150340087744  -4.225925218241508  -1.8480276875163248  
  -8.39063738198865  5.247223665451435  1.1716029171964704  
  -3.618476757016395  2.8039071153921213  -6.856761032733878  
  3.3351997237177704  -4.7297071722414135  7.70231171902745  
  -6.974581684883926  9.849829887815046  9.008841141322232  
  -10.635869115229175  7.576500040326651  -13.831226327260936  
  -17.35541585985777  8.742470205520217  -2.4799935698129776  
  -7.682419175011664  10.731452883187568  14.577582200864835  
  0.18769748430179725  5.474236579140152  8.738209100183603  
  -11.891984855327806  -11.405040194500392  15.966708631543474  
  -0.04532551575501123  -5.784490458364343  4.214516023765254  
  0.9806355673622564  -6.873839464724239  6.324324838180218  
  5.173919254605696  15.857871611393337  -3.0704599836871416  
  1.2295180529343517  1.975262142756009  0.5499670233066952  
  -35.519395240646546  10.469185399182372  -8.992991840013419  
  4.970554187456338  12.971243721579155  1.0353927881023735  
  -10.178924289418308  -13.114950843532304  1.38378455337493  
  -3.6229298384820248  4.387372447004732  3.5037060705443976  
  -0.12137584992246994  6.215003367459305  12.298509097598673  
  0.9826810603509826  1.4051491074285472  -22.100373181137993  
  1.455975361856626  -0.3323431721950627  0.3408450324033625  
  -1.5888759496596916  -1.9009922932808063  1.2054104927427904  
  3.00155573938774  0.7833000134467116  2.460308894116201  
  -0.7202012349473175  -3.5150468488782836  -1.6183865410607914  
  -0.9748129829254417  2.411948891961888  1.4965239336921612  
  -0.3990150554821161  2.5372940756178783  -4.65396847035778  
  -2.0382991670316613  2.9687234206618314  6.742952740360622  
  15.128378491019927  4.011855254660674  2.170760423938776  
  1.526985575644665  1.5703483929210507  7.927299594293782  
  -2.863434766393315  5.504906733163873  -2.3514686766008306  
  -5.107716359833352  1.0193856314123466  9.733319320213088  
  3.3301895928974257  -1.6281011070501705  0.13789581965951161  
  3.099022618723603  -6.099431011911093  -4.493214459665254  
  -1.5907114868826406  -8.388084404530547  -0.1887122802585203  
  -2.9508072954127873  -3.3760039324834663  -22.63719025696559  
  -17.06185102290776  -10.028870021857431  2.3086836652684326  
  11.431987274667332  16.479329596032173  0.5931932431977293  
  2.0362608850908943  -6.194374797787318  3.1005509759050245  
  -14.62781148542423  -13.601965270736141  1.052513477830809  
  1.9220121470461369  -2.3443054664726266  -1.4279838848639008  
  8.24926201647773  -19.300957056365196  4.876164708321813  
  -9.939524647841923  -4.09102113015957  -4.9405848047426115  
  0.9520420517967826  9.654478145669957  1.5626002846614784  
  0.48651726574476006  0.7045797501599813  -0.7331447892702102  
  24.709443739731842  -7.903016763318657  -9.490010041250024  
  1.8564913765621598  -0.17411994168217085  7.249901765277487  
  54.674069435218854  34.48112157980558  64.71605156330322  
  -2.2938384442984776  -3.329163220364311  -2.7310211047623323  
  2.816477694501179  -5.234056510437247  5.173923106481571  
  -4.829590679870538  1.27202871634184  -4.069626245022388  
  0.46813332475381286  0.36966193829503774  -1.7248315076616827  
  14.817269259721035  15.693428527536787  -70.43831267420552  
  0.850827519549064  -2.1878504852482656  -10.326877675765338  
  -5.849024963366471  -15.190448506247217  6.2898719768871185  
  11.221464900726968  18.037114643993082  22.13140173503685  
  -2.179684276050236  0.598937776189024  4.050791583422652  
  -0.5344578397611689  -3.884911756177707  -1.0833456849876937  
  2.141521589491195  -0.9615621844304103  -3.4722011428924864  
  26.554306616926585  -2.5713629396096866  18.033883066206382  
  1.612220797379679  7.9734356248186655  2.1048331586422124  
  -20.087120915387988  6.701821758899703  14.670345724899326  
  -12.936853753011881  -0.7802691281496061  -6.8017726650759025  
  30.69108158541141  2.0029689673259163  -18.842716040577063  
  -1.183523800582739  1.864859262662913  -5.980177768518084  
  5.44992586976144  -11.581820045179255  8.399663596711305  
  -0.9426230202993262  -1.579236574274168  -3.680254312208836  
  7.0632259073457515  1.2436426296175915  -6.324815259522188  
  -3.6173631147446113  -7.264189474607506  0.21982870267367607  
  -0.466611409556735  5.063549917344862  6.139758995510403  
  3.938142423781591  -4.519830439762293  -1.9680527948346396  
  -0.7372068993420888  0.4440707198839112  -3.613885789183171  
  -2.547396283530509  -17.51539519054294  7.133416143442726  
  12.162139519336387  -1.6093765483557483  0.5950097972977514  
  -5.893052412572804  -5.265987015339226  -1.8115257817215513  
  11.65600286600632  44.776858316868896  19.048058152033832  
  15.276698285417545  1.7295006008504734  9.854711356296633  
  -1.2991023830424402  -7.085339965815158  0.9045324881434612  
  -4.195198898446832  8.176206438156786  18.20353214258577  
  8.472164185878423  -16.336737218008352  -7.551723804054041  
  -1.5808716163181884  1.0850801514555217  2.2052480432739214  
  0.39598373066928516  -0.8215178990403945  2.605912817963217  
  -0.17242830510599483  -9.155867491980331  9.076124985835584  
  6.108164509634601  -1.4038051313706505  7.824176378792153  
  -5.348636324825757  -5.6072872002508465  11.637362206422692  
  18.733568549777093  10.29805013085672  14.05314484783873  
  2.085038254662193  4.029977398039309  -6.916669504564936  
  3.6083584028168545  -12.938213070800325  2.6273889630042615  
  4.983950170024254  -2.148968110361118  8.25139676646989  
  1.440186849215066  0.7248896927564072  -2.8324384993417118  
  -10.144990286553632  -10.891673394810583  3.4890802601605526  
  -4.343858779785089  -25.205726699033843  -59.870650331095476  
  8.30839813914879  6.375122246856474  7.3652875986879245  
  8.096180150494401  11.112682888554021  -17.891772548189397  
  -0.6459955449380917  -0.5527585918421157  -4.205577496143907  
  2.676128357787904  8.373329891102452  0.23124614891111853  
  3.796775964217194  11.822486763657253  4.826970855941887  
  -0.43357157165785565  -2.321644836695251  7.435283892661913  
  -9.914346238605193  4.338766847650117  1.577847217758433  
  -8.466549064697293  30.48562427729521  15.952620502943471  
  2.577743441133959  -16.240671542162012  -37.71336099199554  
  -5.6208788012050706  6.473983517694115  8.131610831702979  
  1.2480152408538725  4.057054245125194  8.727974534202838  
  3.754626976744788  -1.756914347558638  -7.819128460016869  
  13.242172003794723  30.690515410817962  16.112890331199058  
  10.358989328149635  9.940157027122343  11.971444240365797  
  -0.3504056386694003  4.4895053819567075  2.826316780778406  
  -15.050045494557349  50.64281757004265  -27.831991841556576  
  4.143387103126591  -2.1257310182665723  2.4030562328686607  
  -18.02609956242277  5.936785040851708  -8.230855848333446  
  4.701216728790058  1.5127295982961528  -1.01668904881302  
  8.122833086709319  1.4474800662403582  16.179799034352364  
  0.6988030259338069  1.0109807934739103  2.7292962152132363  
  0.7153957767055084  3.794499349247363  1.7115192006343276  
  3.675701953208351  -0.32372494061613766  -6.377618341756307  
  8.678503917214544  0.5246676943703608  2.3829062938375314  
  1.8018894304433264  2.4862934219842376  11.871374870737723  
  -2.8224002246831157  4.966405883486596  0.5446642146170253  
  4.6837697004130705  -5.401233229790189  -3.7526061151573433  
  6.563400593088063  -2.2037728386742783  -0.557762307768437  
  -6.267530691226089  -1.6113884579814592  8.120885960252439  
  8.682113965115805  4.897939034688765  9.458644852995816  
  -7.852097626820589  -4.640451291373435  2.571347323306537  
  -11.114792664736136  3.923109354984534  4.2649722399475  
  -2.4034873003047696  -4.371126226943548  5.50381532870903  
  4.196685798977711  -0.48221763837022996  -1.202097701065941  
  -1.2000515343606735  -0.672015196301765  1.1635216153847852  
  -4.7727777476533015  0.6223542378564239  -11.561753495029883  
  -5.8089143048585825  -0.044878076010924826  -4.703149317424153  
  1.4069085227289642  6.619409827485289  8.297376624826708  
  1.8174845863672882  -0.9904582270108856  5.529946604216028  
  0.46202109346252485  2.8341401381319464  -3.5050775952711057  
  23.12135572115785  7.183898044912622  19.48836561310756  
  -2.6878492654751414  1.0285120610259761  -1.5586821855125923  
  -0.5632669799412241  -1.779605830175599  6.909756936622606  
  3.6421875224152105  -8.914754826535544  -8.722532452905845  
  8.211732948929383  -3.687091859168447  13.137037352319293  
  -18.235975502703017  4.795924408054788  -15.282172667123728  
  2.296660891665926  0.06989232710337448  8.231770426606223  
  -13.698744712045233  -2.1311788998685213  -2.712973119027573  
  -7.829616258745144  9.28400799129606  11.496014949628464  
  -4.085087591309705  4.490613953479876  3.5448262004721824  
  -1.7895149856480066  5.716764901080053  -1.1477167932150585  
  9.787976691308796  7.463887390106698  -13.409961047244659  
  -65.51696918489964  -6.621430903178607  -14.586687396722832  
  1.2797299787132737  -2.512945921110012  1.0124130428793925  
  -81.066167227495  46.52988554755623  74.21397139236441  
  -3.397005934820466  -4.4517132710318705  -7.219208709366917  
  2.211596852074818  -1.8761932807393962  8.19156152442728  
  4.509464336848564  7.388601176622752  -6.2340522270633025  
  -1.1097449040796712  5.7606870799503405  3.471951189785793  
  1.6712891709626623  2.755439783987638  -6.527301645710589  
  9.69132256435829  -4.204112804509514  12.90023514095443  
  6.372518432719518  9.076305485711028  0.3882654237079647  
  -1.737749198105621  5.083292106765464  -0.6943403395643161  
  18.35593475585021  6.893501868572596  -7.70979532234598  
  -0.8847368356128732  -7.563512597209398  1.6874866763349967  
  5.922698595332331  21.72582321173219  5.956657179181081  
  10.728915126288191  16.679984238622882  9.087858087538258  
  2.0990641833516337  6.4352902463057955  -2.9072631350963674  
  -0.290721396620628  2.5137407072731937  2.949022103144712  
  -3.960292756443526  3.4528381462084217  0.1031930318099624  
  1.814680539164925  0.29166906451711944  1.4683485451033518  
  14.18870196776691  2.060622573769734  28.53361726703554  
  -4.154612552295585  4.083159196360463  11.748886415012601  
  -5.9211383948895895  2.897292426842673  27.387434448074604  
  -16.68149244022494  -7.382023836172893  3.107450128431608  
  18.427165562395725  -10.978287525941514  -4.821590697112108  
  5.59011819275828  0.14031581246204422  -6.194854251353469  
  -1.9215360997910536  -4.058090662427439  3.8743292558892097  
  1.4119277088311863  -4.8012459707898305  -0.48325931872942607  
  -7.638397893435743  -0.8859461285650981  -2.8244714054345064  
  6.050632679702859  -10.22694408381628  -22.520632017134584  
  1.9273251894288428  -1.556683632983502  -1.6198414029822623  
  4.243046291620378  3.1235910641641267  -2.897750965957114  
  -5.202520443427556  3.3861363445561143  0.23823997758432375  
  -0.38659631886586493  4.070376512562989  -2.826140748784243  
  1.2516507120968625  -7.283195078161074  -1.1259836027506696  
  1.257867315098081  5.767836862902416  3.005890991388544  
  1.215237658792206  0.6182416853557265  -2.3708326311984447  
  4.845292918121197  3.3983700032906405  6.010135659237899  
  -12.538969782919333  -1.3774770095940072  12.358039236500584  
  4.989527546602434  -1.6549012759615385  -2.610885760310105  
  -1.4130570696769582  7.133237639204878  -2.379707539910701  
  -5.486247328308957  -3.6447995239432216  0.0761002434387618  
  9.762395801472346  32.35428858408119  9.664211151129429  
  -29.657374862722435  17.25041453451459  -7.30138741667182  
  -88.56312792872461  -6.22761234895842  113.24046200568952  
  1.7698335577920232  -1.0128170719645664  -3.9219510839620084  
  61.39900910544199  37.95404907471522  6.4602107212852635  
  1.319821485771671  -3.1232828559005084  -5.185466185938574  
  3.3594828378263464  2.573635992946143  5.795977831776814  
  2.613809770383804  3.721929549338943  4.171201318932406  
  -11.174498708905563  2.598473583299126  10.581174201254187  
  0.590794165448567  3.5683509156546194  -9.056712252912668  
  0.8657369498111304  -5.932049438336893  -24.1324613900327  
  2.4156068048768184  0.1289533912076832  -1.649533271817575  
  0.19198060533212388  2.858956681486754  17.87407659158261  
  -3.970233301190657  -12.842549782623202  20.006811582761934  
  -1.3068275978084944  4.034505912628106  -0.8735706864165729  
  1.3383567945049668  7.780341403492072  0.045249800541200993  
  56.495346857599294  -2.6823079127770204  15.06688191611094  
  0.3518984976652298  -2.5089717735391543  4.044115690153373  
  -4.0924188149187986  0.3305827600720851  -3.882929104918521  
  -5.387262161077206  1.7039413865667132  2.7732084453972323  
  -2.9266982064980485  -5.813071300651128  7.948689806733684  
  -1.7739809043065085  -3.2555141351288324  -9.97789921163438  
  -6.845465464379698  4.774150447287816  -7.0997107405889155  
  1.7989840031858508  1.9344459920895825  11.33352770731984  
  11.732142677158695  54.46564796487468  15.789209108596525  
  1.3593106882854689  -2.8017776302564545  -8.387088003942667  
  -10.573623045136681  9.011444180736127  0.28628962380827916  
  -5.385366626062109  30.9974496571885  -17.771060778104793  
  -3.507521913161975  -14.495420127715432  1.437315659862628  
  -1.3334613851886559  3.2150048269723004  3.7192335992907113  
  4.692993127025486  -7.881222357789469  0.927181363815432  
  22.730125355180967  -0.810660544377486  0.803110047773633  
  -2.397152960248341  4.273694725753233  -8.492373866296361  
  -2.8693467895173423  -0.7400903309150121  -1.3801997942035358  
  1.4220283212190432  -4.740871892031696  13.058393049035512  
  -10.88565531440925  -2.985645783155409  -12.053082555049365  
  6.907074141473158  -1.033274134967312  5.343786525285434  
  2.238285444418664  5.758428117933257  -11.903548498171267  
  1.5996289054694297  -1.2059774394207636  -5.2252567903979585  
  -31.399638552705355  4.472767749324728  -20.283172475233894  
  -12.399106056527986  12.46474543682404  -4.926228859863929  
  -8.02043848454683  -25.981020957031333  6.338495505607132  
  0.860761301308593  1.3852999205191965  -5.414781732813952  
  -1.7740998605115468  -0.8905814578214919  -3.3736104335214923  
  0.7383635138965025  12.884144897828788  -1.168100480979855  
  -1.0449209139366673  5.25281786708168  0.9418081677669775  
  3.3601636918547024  -21.466999520556914  -17.743222853982047  
  12.152513517377082  -1.5825881999048608  15.250964652103221  
  3.5329122225914213  17.269865022475642  5.092641847958316  
  -7.675115064941522  -5.808250682141814  1.1700118834646964  
  3.504264027930498  -5.11670647587967  7.531714404932178  
  7.657623209524877  2.428124678341255  2.421987552336761  
  -3.582590268938916  11.61267825294825  -37.799372632172144  
  10.296621289670162  -0.6275034398544136  1.8793550637244967  
  2.0639717431198905  -12.449535782362  -1.4344671975809018  
  0.9827788514232622  4.494086791918885  5.057199004650309  
  -7.151740837921468  5.327140018910181  6.806387888757544  
  13.976020033806817  4.898380941129819  5.865419517850507  
  2.951661784541378  3.6565135500037007  4.438861154717617  
  -4.739043037885436  -4.452689024413394  -1.3129048259252887  
  -7.504431569288588  11.248478130652027  -15.775644146827483  
  -13.268479282738358  -1.1257592286262064  5.557717240152732  
  71.19392802021287  24.99569009919799  -93.06658132701708  
  23.662496468223896  -1.0442571756852752  -12.744789090002252  
  0.5241624496916222  3.3167001933328075  -0.7757565916130217  
  7.8840140118211846  -2.1757539697616233  0.3866866602776285  
  5.457084141353397  35.60114615404168  13.873537233453126  
  -6.751928873474431  -7.638566186136521  2.0040590304863763  
  13.869964918087623  -14.854897688848009  -20.74180095086601  
  22.121317447175546  1.55431398082443  9.672678669850036  
  -6.396708539993565  -5.932194301796664  2.019351996604861  
  -9.95416796641653  -5.4147905517476485  8.418864585497225  
  -1.1949217139050745  -3.502773616997501  -0.8259020579259353  
  5.349079336355313  0.20898908193447333  -2.540016845929693  
  4.452614924067784  -0.5035638489270151  -1.0510747109168959  
  1.9575015595068368  9.2513571387918  0.3599881848777035  
  10.608195835834243  -4.168689401272016  -1.6457097140619268  
  2.9784861528434377  5.035303222287422  -0.8108661726595746  
  -9.38205299644179  -7.730196156434835  6.159810344181544  
  -4.624504026042347  7.947581700872682  -4.2522003944347  
  -5.272184170366003  -15.27403592215441  -8.362137782148192  
  7.300956063710083  6.783542252339305  -0.3931243344991765  
  1.0587665955837353  -0.2921734154259206  4.713856442516886  
  -1.5160112996649318  7.753798046477366  8.236984475343096  
  -7.226873929904373  17.377245391599313  23.36255550866491  
  -2.7083884471662936  -0.5373312384378501  4.385867064647145  
  3.9468864528086893  -7.485678898523514  9.275741250451325  
  -2.669143413881877  -8.774873002782204  9.781241374580262  
  -9.779048734369777  0.39053804249825097  -3.064894377224116  
  -15.282483791371899  -4.0020262879911845  18.332399058261398  
  134.10725043441653  -130.85320275198015  -119.08640791870667  
  -1.8352034041083387  4.480414109626073  -6.502760677029062  
  7.411449343834895  2.1823063251891286  -2.1091485038809235  
  -1.5337576701008184  9.379580613140929  -9.217939365482252  
  -9.353890984928475  0.6659600340372751  -3.577930623090819  
  2.0582485423319494  2.8703559244935652  2.8702882257212403  
  3.0329833217321305  -9.080683764461178  13.612490832229527  
  1.0427114789519927  1.8721943356511892  -7.523927961408884  
  0.00410417229110044  -4.604613810937033  -0.4774683709806369  
  -5.080194140045252  -1.1464960285842645  -9.3029718828745  
  -0.5002461469547489  5.959320660654361  0.03564274146726922  
  5.113293289836669  3.366315706838641  -6.690289109924803  
  11.682012971507595  -0.19201565284257033  9.688378691349731  
  -12.663656478336806  16.8247136042101  -1.617519427001257  
  9.84934704074249  -5.730785021163214  1.5138211987501038  
  -1.668437607303455  -5.6510106001196565  -2.498233280472424  
  -3.384453721060175  -1.57818844613667  -0.1377564312835968  
  -8.336768955416343  -4.684885768613331  -4.364030338486505  
  -4.187309564321926  0.009651354799958373  -8.935287623517034  
  -38.85928149791757  -61.75278272885098  -74.80852975847259  
  37.729717756317044  17.454065484614453  14.264649557135249  
  11.781033468190182  0.6647215725372569  -3.594892841016397  
  4.182770005772406  2.84577084492207  0.8133501236485345  
  4.086769730229586  -6.919392354607112  -4.342462868559189  
  -2.075933233077727  0.4961362573693317  -2.4945606656358277  
  -45.36138387051361  24.033623228499323  30.326838988360663  
  4.65780328094352  -2.5688686122289086  4.611775887677513  
  -8.419256432730348  0.46204585342187404  0.9710051154441062  
  -2.1269876054911854  3.490695706813982  4.491555996787453  
  2.0963267848102785  -1.8270141439368242  0.6171676605026768  
  2.640484064418381  -14.46417894380118  10.603046186311717  
  1.7068898220948934  -4.717545413757095  -0.340472597081303  
  6.613467274244191  -5.451386193217094  -10.828477667898742  
  -2.8241846185079553  8.310116032115426  3.494259473890869  
  -7.358119805745148  -4.138845995176454  4.561622576562209  
  -11.314983712737448  -1.9428209443729985  -3.1302560770664822  
  0.6474843019469967  -4.20350236658437  4.529782476141447  
  4.204028380823355  8.534260569750563  -2.25074411933463  
  1.3306072049754505  -1.200497445050426  1.051625912693769  
  27.971508735233844  9.580581625668552  30.139792417478983  
  3.6649711442029935  9.545106971531304  12.29644759420522  
  -3.729057709389217  7.001782950487138  0.19153991086945035  
  -11.629390325291169  2.196821238225362  -11.072548928204364  
  -0.5652241495923418  -0.37605987452177647  -2.9683411647045372  
  -47.90773582336096  39.678278924879315  16.696478698167777  
  -3.0259992121751527  -5.467191141018039  10.056104823229614  
  2.0621064334506642  -1.6705735942988185  -0.1899056873616703  
  -1.7484398710571951  -3.2969630573439237  -5.518881880878719  
  0.09304853673995728  15.601213448952835  -11.079263648006343  
  3.411028610781169  -2.278320343563003  -2.3405834009818847  
  20.419471739348985  11.989977366614943  -47.243118528548635  
  -17.72236363217855  -0.6428021052741999  42.42849531818998  
  7.300842349497784  -9.315069074950703  -0.8380675249282109  
  4.64574145284967  8.441001774865155  2.499079430933869  
  -4.658466789836695  7.182866348154262  -14.146471693993135  
  -3.041886260494284  -6.539045494588776  -2.769392873725475  
  -4.482843641115593  -0.2650640886386947  -4.9563799506776  
  -15.904610231322463  1.087326408126759  23.74335686667302  
  -9.81715679357182  5.311446277543053  3.1852681383963426  
  5.0939238598210785  -2.405785972829907  -2.3136231977254473  
  8.459165121385071  -3.7463312526699504  -10.342965147942111  
  -10.330092802172732  -15.122694218091306  -3.0097242493518133  
  0.3542570590129561  -6.0239215270242  -20.313963019065564  
  14.060754566529257  16.911785223520283  8.536415130975467  
  -10.399772174388849  -1.5812049578538327  -7.0354600030413055  
  26.353237188456056  -6.354964138611267  -5.745631467303132  
  0.46595250452155906  4.121505061229771  1.01131619992273  
  0.07471841892190294  0.22575001569148784  4.385449440104399  
  7.145653483852027  7.97861432103152  1.326863210947931  
  -5.765990420925011  -3.2730741136910977  -8.01057922090864  
  -19.384631627039695  -6.223349979315534  -14.13224068533121  
  3.3296735312044223  6.116829147310601  -0.7331697632825114  
  -11.299602422042371  8.25155782977423  15.78243948098991  
  -7.361315162777681  0.8556842665724983  -0.30066884432125424  
  -2.1326083778325216  0.5459633907185563  3.348486611144324  
  -2.2796562550516626  2.374562525184236  -12.72922122943678  
  5.80984343593152  -4.490383887361736  12.227592303736731  
  -12.783358923803249  1.8442843735623813  1.1564721249399643  
  -14.53388215999582  -0.6294481478119088  16.52553669230636  
  -5.194088444558985  -13.465727470401063  -15.081937075451975  
  3.0311103063340146  -3.0392024709820578  1.1882096968334364  
  -8.602132097100004  20.653190704620364  11.54671695756805  
  0.5767593186717723  -2.2946289023136193  0.2748492009935329  
  0.1962240374368133  -6.203908588124219  9.34773701512067  
  1.2934927715435414  3.6482091446170166  -2.8734778988338667  
  -3.6799723453857567  0.18192016533209587  -1.2443491848109007  
  0.4437565379718217  -1.015293192385458  1.5743350044214925  
  -12.136030634988305  41.72871807426273  -6.844429073217947  
  -3.2551368836464545  2.804995176869031  3.845133496494415  
  0.17954905853338812  -10.496730391798236  9.88870595405773  
  3.800171986201505  3.3075272726644616  4.128311608342275  
  0.7166941786335537  13.127421796894547  1.7174749378480294  
  82.65982942995988  -153.72908198499837  47.27122690772299  
  4.375192385075381  -15.45354485582889  -6.123515791763801  
  2.874255474150477  -3.271502511576309  11.632627177209532  
  -4.2207750265394495  5.106404432202774  -3.897926637214663  
  4.266508420466753  -3.4876410830228126  16.03527504535392  
  -15.423589431995913  -4.690438324947517  -4.1388742593195325  
  3.8842464712642486  3.5561819065893228  4.513768035868958  
  6.521451906076192  6.104871837746693  7.308107699821884  
  6.502750797530313  7.4520960030604355  -2.811485068517684  
  -2.1183219164774174  22.420228915008  10.296937791701781  
  -5.9798480640974025  -2.8942408473671293  -5.243472427179375  
  -4.339305590207861  3.1194286051222875  -0.9468105809350208  
  11.785619108256583  3.192675006734246  1.0097898736672923  
  -17.938556436004323  -10.784990868806272  -3.679421880749189  
  -7.240937553053566  -3.266429839503506  2.9733804407477202  
  -17.358203268395254  -15.823701826110314  -13.31231715257391  
  -2.4558910827129274  -6.171684610921358  7.052030218082154  
  -2.3620116713777266  -3.680093104840832  0.9586080794311033  
  -12.611728513820351  -2.9303411078086854  -3.4640034289151793  
  -5.019005728805628  -3.8440413171928887  -26.27663998846958  
  7.995526724348532  -0.9907657044064541  -0.5697957588455982  
  -7.855765842481844  -3.454387530668522  -6.7399251066136  
  -0.38984972810800594  1.424723455790379  2.9552744452779  
  17.384998266867587  -9.783328205040329  3.4336966048324853  
  -4.762068576216762  -3.5129110651300146  2.977905876934705  
  0.8392532218423954  -1.2208881798810527  -0.3775492493396542  
  -18.890455736609052  -0.7374640506007101  -9.497348706387642  
  -1.5306440978242257  4.182862276943154  -1.6716132274901567  
  -13.266865048755264  -0.23198696763575358  -2.672059442924648  
  -4.320896014372193  -12.106577045592205  -4.75052603971252  
  -18.93411863649426  37.117538575524776  -42.768550249153336  
  1.0704973653124343  5.473866456492982  -1.6577152573102418  
  -22.07947750825704  -3.218079138545267  -20.072120828015535  
  -5.864300457481227  -6.565847433614159  9.595947454559148  
  7.315134413153107  9.312277654259209  -4.0940835351908476  
  -0.8167604482631591  -8.76103006641625  3.1282681940338573  
  1.066414260165389  -9.648507238517741  0.7366977639772833  
  -2.0491180495614505  -2.900385516760335  2.7829829820023946  
  7.70665944459528  6.48069576016322  -10.631066733346291  
  -4.273543318709474  0.8406508555427075  0.7196832389937509  
  0.02155807694681267  1.0008494522278255  -0.4424075162671222  
  0.2901105458918279  -1.1476438561914035  1.953504149250238  
  -0.726165814176129  12.703052492105257  1.4357651298611083  
  -5.485209877800824  11.983961396071425  49.972329687589884  
  3.4732498004828645  7.77731066701331  7.102941015919736  
  10.769317377038297  5.605947111667767  -6.001266649202379  
  3.325148507626046  0.7360755267351342  -6.456527902791399  
  6.832058007886389  -6.71760316718156  -13.289052946266827  
  -27.053891467758206  2.344493049568963  -26.49255748112508  
  -4.408295872379147  7.6227867406373475  1.3473015379914475  
  -2.349904471728757  -2.2714666798324927  -1.6150708913618936  
  -0.8096816685872783  -7.013113002086595  4.479019850313288  
  0.03890933269027974  0.2787335186946153  -1.6465860443519886  
  0.6225316234174874  0.7358252390284217  4.16290784906803  
  4.021451094071974  2.8399443035984944  9.593620497828883  
  -1.3128783363743741  6.2450606635699275  -4.767562503175284  
  -0.20617791209586958  7.557976290600518  1.7275176454562102  
  12.791264600660535  11.162175771806409  65.40791466298346  
  -7.721734404946911  -1.9283486262439822  -2.1245537539606123  
  0.01225664492953404  12.745828824073406  -2.0378429630480412  
  25.979646279999216  144.23931756883115  -111.14010238252378  
  -7.497511605690183  -9.661924977786676  21.72154727208592  
  -12.87586926022579  -9.608717186934133  -0.3053271389384688  
  -4.2485639106167685  -5.3459485388617  4.251739184822096  
  4.428387631002923  -1.5357138658180036  -0.6787608317011947  
  -0.950322878261942  14.543663999253255  -30.481909922876216  
  2.8527211933918117  -2.7828188179954583  9.188595685301133  
  5.035284866125943  -9.330182266285112  7.768196591793369  
  -4.960974957740245  3.996708920922904  -3.961079132779889  
  -0.8103521372963369  -0.09010592342485799  -8.782753855332333  
  3.5065215871467657  -0.6223296974480775  0.964957466331836  
  -2.6394511577173305  26.472224293126814  27.007084904669565  
  8.67569730378697  2.7443418175240364  0.07066959346371784  
  -3.8415823004677527  -13.986848830411445  -22.112721737071627  
  3.8174517444604112  3.581253516946355  -1.3577054956690533  
  -4.251787584264884  -3.716929119358089  -2.4213155129560864  
  -3.3776828078378207  5.727158532364918  18.806590037458058  
  -3.0215122212342327  0.833980925951589  -1.946513558951572  
  -4.205974052778585  6.011757759760472  -2.598110785114486  
  12.514412015263565  6.488395968864524  -5.748526664571959  
  -12.68682426766145  -2.434518952072427  -2.571854757106744  
  6.07014090647079  5.61347079080715  -3.9532791276698314  
  -3.3604853859989174  15.05401900530982  -1.9580916382996945  
  -18.98525910112145  17.837866359476617  36.64726084680959  
  -8.730472134547798  -8.44389632736219  23.03187084908112  
  -2.5005303141786968  -6.747717832314462  -9.641104998685107  
  -18.988917738655775  13.169915250810865  -0.35037442445977207  
  -2.4793038764169144  -3.5157201794763857  -9.063822830411723  
  0.9354880331351855  -2.432247441079339  -2.0515473853316313  
  -5.106604191556204  4.426848703324158  3.8009664960070877  
  5.215911374775271  5.388905631292235  2.4661513755045554  
  -3.607169943987922  0.8552064947857995  1.9984415202224928  
  -3.5010594416329845  1.6659539934735696  16.1809733602983  
  -7.1382637299331435  -3.837372137934923  9.356302147237859  
  -5.900441564418777  1.6285506246996404  2.1086186279698467  
  -3.364175838496752  -0.580489036739019  6.330405105873663  
  -2.618147912041653  -12.158307394591438  14.11044428368858  
  -0.36496348330123474  4.903072401659237  -0.8513294605910516  
  -0.8695833766275145  -7.784403602144569  0.5180076502343676  
  3.6955974703363856  -14.49587645938407  1.1402736530836521  
  3.383306568942682  -0.8875475781138201  -5.683094836154167  
  1.4372848152819733  -4.517494451635251  -3.417404928245411  
  -0.2577525100138415  3.5959931250982176  -1.2641536597219878  
  8.830074403490407  8.718266412008266  -3.1333686810164063  
  -80.10738278730555  70.0073176949796  89.24328816683227  
  -18.419619537217265  -16.08027283476815  -6.038574364885673  
  3.9817354809432923  13.87024744929615  5.824870922676044  
  -32.124859534426804  -7.398378077279406  13.30385800624594  
  6.413742617291005  20.09963251239924  -6.046153309627455  
  -7.558979002221752  3.8507744783271867  -5.18699885589512  
  -19.06764147119588  -13.5413713772941  -2.958431860067406  
  0.4518412926244945  -1.5055519050969774  4.288880766904752  
  -8.626095181121768  2.336728634547879  -0.14796769907328128  
  -53.80212395525679  43.761415688565755  21.209028107915675  
  -8.749890166953698  7.874344492285488  -5.621094589243927  
  20.60209547763082  8.298735815815228  -6.899078675054127  
  -11.834184326027566  -1.0598517284493476  -24.61265541641266  
  22.194743229959904  23.7387389872551  13.377167951578098  
  -9.759756804498315  -0.7674474888566764  -3.1521890292120402  
  3.4253756930537045  -18.523141762399348  40.65864925053489  
  -0.171840695994785  16.704289809677032  -2.0420008995437398  
  -6.921035191548058  -24.60789699998706  -10.851895556451325  
  -2.7823309275254946  -0.3625021681231306  -0.5405997409188389  
  -3.933631678053314  -2.087065897039229  -0.03265425968221115  
  -2.887134670220787  -3.4505615904373017  -2.1895474064754454  
  0.6365795672125265  -11.03001796270085  7.323913606245927  
  35.02618067238557  17.637980915532737  -24.24638852699648  
  17.160391887182485  10.047634357755527  9.755111744679938  
  -2.7746624554985733  15.435609081377027  6.94719684307901  
  3.1079976838086885  -1.6486740005555305  10.166273930318342  
  5.543399726433678  8.53541035996321  -5.62869592566186  
  14.841097345808723  -1.2943475079289344  18.090966913095865  
  4.106462803163707  2.220954148220927  2.0717638075880163  
  0.4107611053900986  4.3782573793418  -5.27066236995181  
  -1.7135162128624317  3.345886436931937  -0.31906005944147453  
  3.056309237791259  -7.091304243752521  -4.279899728684444  
  2.1855382849966642  -3.6438433024156156  -0.29500275964137535  
  1.9513557795578602  -12.455253192217985  -4.437668499807269  
  -7.2288932132071855  4.853077920809333  -3.6922930892069425  
  -3.8458228982173335  -0.8012060678056097  -7.352390116589538  
  -0.8845820077243031  2.226130520947218  11.07769598264765  
  0.2208604333309902  6.889112775746052  4.765530356621852  
  51.15687155732799  24.751572374900853  -19.711516881079113  
  6.083644740566213  3.1898284282431755  7.4118640730297844  
  -3.771784363465961  4.084854163048623  -5.861487065043423  
  -34.86179864668147  8.30622507089586  26.64178070829281  
  1.5945341946916134  -1.6870444071557273  0.3860327427417465  
  -2.7050205604230264  0.5145804616007135  1.4446304288577196  
  -13.401323680747282  320.42775099881135  54.191750513149  
  -8.402868867946996  10.024194940614501  -6.690544262678139  
  -7.152993720649597  -1.1240233687433532  -5.611149304739362  
  0.17041253576949902  4.249527975947426  -4.836120940822512  
  -7.247195244985486  -1.1399093670121407  -4.760428800001998  
  13.086468564391064  -19.50413436420182  -2.0386458598327963  
  3.7723267564485585  3.000212606240491  -5.392283061321992  
  -38.48749957405975  -39.838577423998466  65.99981811673744  
  -0.017601506119267744  -2.298072533408016  5.243194179124698  
  -1.4292385239042722  0.635863326468811  -5.216620425493548  
  13.759474814925522  -1.818210721372135  -3.7680998998467614  
  -4.446598147904007  12.476673606728973  -21.841625840832442  
  1.0744901125528852  6.622312090282538  -4.32620785803698  
  -5.422729107021235  0.43936027648561043  -6.4329715254178526  
  -1.026348449783686  2.549559511099389  -2.307946135137877  
  -8.958996591351328  -1.552791095558292  4.3633180431561  
  -1.3708088047820266  1.6243883203897895  -13.787159056445354  
  -6.73649397834815  2.7485647205256902  -5.155151517293683  
  5.752822996022982  -1.409617868185472  1.0633986808094722  
  -4.515218477109513  12.874706293384701  6.666725589628202  
  -1.0673940281061536  -2.835604775970381  -5.414314482334594  
  16.288856419633465  8.55646686420045  8.951976377499307  
  -6.066209403721777  -0.06029811328676536  -0.45440412976573946  
  -0.8549246396311438  2.532140965276301  1.5291546316804963  
  1.104268797682744  1.2407570685051834  -2.39360460838146  
  6.109198460718763  -1.7691164230092213  -0.08556752927065282  
  -4.275658889805427  1.5412437089374496  0.04240504678635955  
  1.4613475954757327  -28.974586403703086  -26.468420295401884  
  -11.015014019913819  -2.60999120251645  0.7984097787321769  
  8.391531403935264  0.5635782624257846  -7.5467957123776355  
  5.971010442440722  22.649332389989457  -0.49687136385350095  
  -7.749559298135784  9.274449420217636  -16.987426111795948  
  2.517972355316321  -6.936390603042412  -2.951587472200405  
  -13.564040864763493  -9.232059634345967  14.254775837134515  
  -3.302272276009377  1.5434301342806729  -13.144570795596067  
  2.90564980815995  5.457509714356806  3.30605472856492  
  -6.412725244415712  1.8211978695248183  1.8288743669686645  
  5.286851564848246  -11.949679033057647  -14.429423636368426  
  -1.8980370486963918  -6.850791762864428  -2.7681126057497396  
  -21.79859778477938  -140.42129237782893  -28.24678364197495  
  -0.5397114227556815  3.8228123118051016  -9.991197545928035  
  -1.9410335670674357  10.062391330381399  5.9562992121578695  
  -5.333530189135468  2.1512912298631646  -5.08950110266682  
  46.416140302977375  82.43656330664463  -10.837386642078062  
  0.331379213463593  0.001278016899120689  -6.9468786992369775  
  0.28383263350676724  9.538265266261165  -13.084187379669052  
  4.666681517345229  3.644795023262152  5.273904452365659  
  9.537053094032355  -3.1524746693129306  -5.401133027634514  
  1.8485699361474537  -3.224275781901788  1.8654238685654616  
  -7.974555454574412  -16.523355665357233  11.626043802620007  
  1.9668739722130997  0.8576842564661521  -5.023156955525586  
  2.3371181521747104  0.24965418532781453  5.1290807480945615  
  -7.400780738754625  -7.488380479736497  4.06059488328069  
  1.0268364568647563  6.307904812712223  -1.081641845349274  
  -9.306222329147682  -6.759190668862817  13.155621849463301  
  5.381798369800247  1.6027914273214523  10.00190087396251  
  -12.3694421317882  4.769009597439145  -9.974001643591183  
  4.674070042532998  2.412924827908227  7.7200312133413345  
  -1.0896190266624237  -3.234507617407422  4.5736300392602605  
  3.7021548930610044  16.43003576960707  -9.42359528922005  
  27.236943402290976  4.96899558761949  -11.45419307518927  
  -6.815382162124457  -14.112558455871195  2.7653739070519867  
  -4.475966324405821  -3.4404157952279615  -9.976142766482575  
  -4.164625487279098  -13.012530371658475  10.73534967239195  
  -23.261144871266282  77.03940542385331  14.94162481836369  
  -3.719888849357375  -2.910140021890408  -3.088629029648575  
  -0.9472489812573389  5.99715778005706  0.2573466197849069  
  -9.029202875827632  0.1488599010955741  -1.692281702089708  
  -4.703131681439724  -4.3468164625437895  7.563002116786828  
  -2.6918347408701906  4.959921310529431  -2.725291687752195  
  -2.580055883662919  8.27508573363156  -2.346148619709014  
  -9.248870425318822  3.3383502515184964  9.184231317160942  
  -24.722127067269934  -17.76162131333317  2.8495036249191306  
  -1.4191000881059634  -8.300828420485253  -6.68885522873093  
  -0.9681017477599284  -0.31628983304076497  -1.9179180214882363  
  2.153126441196086  2.346546239240367  2.041195643343042  
  -6.555631244260409  4.431698592241328  2.7032701529949494  
  -2.779292890100894  3.909539531431534  4.999187348068288  
  -5.560493087433362  -3.75068193665275  -1.6865043384141796  
  20.104204793514093  6.188001540446427  -4.076842034402967  
  -8.405158755173499  7.737457244913957  -0.15060863667946545  
  -10.035079103238742  -2.5164250460581696  -11.128271598604357  
  3.962897276817117  1.1313588134921564  1.0194706948612957  
  -8.59747418691773  -3.6640826680299483  1.699174762566882  
  3.1034760453928727  -3.7084301123366674  -5.769070029227265  
  3.424200884355436  -2.510463060794186  -3.3478274220396016  
  -5.083669480557241  5.040465730617607  -6.90722430338026  
  -16.096228240283104  -11.550302339083352  -6.943244114826572  
  -3.7782288239652546  -2.3538973351497163  2.0086647574926397  
  -2.3740916592317767  15.428554983740232  11.44514489782891  
  -2.204237139058952  7.29688508109241  -2.9314855244921443  
  -3.8745500521963936  16.39928674710196  -8.033540190016712  
  -5.064721695761892  -7.2928602788767245  0.8617768008897072  
  -0.03722067986578416  -1.625718458693883  -0.27623660107018927  
  -4.350364353711565  2.0971829771061747  -5.030088844926426  
  4.4132456924686565  1.958672943763693  -7.301635432710581  
  1.380683559859473  3.1026353345621205  0.9031580949673412  
  1.259245628523848  -3.792436099417737  -2.2469519260185655  
  -1.022665513324007  5.9599318630954174  -10.729181049222083  
  2.81136281233497  3.89340851269042  4.644021542692651  
  -13.278332640694508  15.471199960188823  -3.507079251427414  
  -0.8474044731041349  -6.661377537044926  10.36308992537761  
  4.935392269107007  -6.070312851301929  8.434874684813279  
  6.017879229976327  2.87651777202275  -6.453450494334003  
  0.9443046537644627  -9.29748397520884  1.6372138336173756  
  -23.204235747486205  -15.733904389374837  -0.9403950216570393  
  2.6328867258092346  2.4516961921754423  -0.4039282009242868  
  -2.0293521101632637  -0.521718359858991  -1.6429143494852096  
  -10.615840324068428  -21.18575695228303  13.949304711335694  
  9.002455827532037  -7.0818596846111355  -8.493830416533179  
  1.503855577035497  0.18656623446813567  1.0918009308486887  
  -0.615163641219254  5.447747687173312  0.7971675104106517  
  8.237991652658224  -44.84045809610785  81.1107242505404  
  7.581626323739619  -6.551907811344599  -3.88803433968677  
  0.2805093241089189  9.299516943931774  -5.126743172113155  
  -33.56702803689491  23.014623991102077  -6.70963147518047  
  -2.8650393092843918  3.733051332996162  4.28981134840967  
  -9.545961186801202  18.87957085790988  1.0671522968693123  
  -1.2704789645550947  -0.8442371600276246  -6.369673075810927  
  27.81952711403117  26.85883168119589  11.345279703269545  
  -5.331470818056916  2.127365254334481  2.0632149784174576  
  -0.18130300703270744  1.5293316026986536  1.6610254434815581  
  -3.907625601338123  -9.409289626698977  10.466553319577685  
  11.183396708250639  -0.589043314164519  8.308056907536127  
  -0.8201885876602828  5.930176524285016  -9.163326497043174  
  5.647307429573521  -8.971995860471736  9.776903576722257  
  10.224246181664078  19.928978601689373  -5.348262238896991  
  -10.392865822362205  -5.2730393699239935  -4.507800921662204  
  0.23382021118801086  -3.124337511442839  -1.4416819377383443  
  -2.7595166470845576  -3.344286564052462  -6.511089537843671  
  -0.43343566422359503  -0.2686427748234721  -1.7043698784474548  
  2.227192224724137  -3.7303923934968095  -6.990480706504395  
  1.3105148228400263  -1.3995285735647138  0.9758531309149487  
  -2.598515080057914  0.6124175419883655  -5.291237999963949  
  -7.998544255798879  -3.1052903832247  -4.752438151836704  
  -0.46390884556729833  5.85927879059849  -2.8190529159911812  
  1.050965813365774  1.5446914448669309  5.565295578353821  
  15.032139918120759  -4.716136633634208  12.417209368005663  
  -0.8959251443697454  3.36662047764379  -11.623191963690015  
  -0.29530912128553655  -2.411263086762465  1.685847084129285  
  14.782677301923279  -10.473903771205148  -0.9945239454051893  
  10.567845483031014  10.119653612334202  -12.477637023531544  
  8.693335516713455  5.8482386550755505  -0.8921143347390601  
  -20.673689009817345  -0.570664597466901  -24.196577662958365  
  -11.551839009844006  4.733162099389874  5.003361055362229  
  3.199993530504918  1.1785518505032748  -0.4429129860104722  
  3.22982731465743  1.3239103033935802  -2.349456415664776  
  -0.6631737931436045  -10.417039861389465  -3.248189296204918  
  15.285661257447163  9.253917132853797  3.7697952954385747  
  14.620777167419511  -0.6928937469724014  16.58295303214648  
  -6.846859428860707  -2.558707995011115  12.906378495973794  
  0.45902160681612597  0.09289192038676461  -0.3820926144469105  
  6.179090079634027  -0.8094510395091649  1.8322419713198952  
  3.5344730435334917  8.262079961949473  -1.6279126764781973  
  14.048550775162374  5.401270832619306  18.952914146569846  
  0.6426275263748296  4.65072859794298  0.785728019397593  
  -7.629757833539498  19.946585645495297  3.4540846121353526  
  -7.84070140061328  -2.694681392618821  1.4628968994145923  
  13.364654550349687  0.7473546868160563  -3.5137898994675067  
  0.5681894325587397  2.6334073254279984  0.42873525126996265  
  -0.11182484796490162  2.3749130952785085  -5.070142960609158  
  17.794951857686847  4.278167033365253  -13.489792878580385  
  14.23437155726789  13.236265846240695  -10.536013543607062  
  -15.818449479703377  7.465243456738154  -3.6264966483612406  
  56.322846965181554  -94.09427698531512  -72.15215853909899  
  3.333032193534061  -6.593118980496605  3.925659402549945  
  -4.646033707651485  -1.8874245485394487  -4.301406111451199  
  -4.222998932894593  1.3832342798658661  4.123110488691819  
  4.3080901433571235  -5.982168705128188  5.034917343837193  
  -4.794720481773432  -1.766587559154334  -1.4029902896547881  
  11.13622618989255  -0.3080907739802488  -2.760814927393015  
  1.565127572344991  0.956450936331885  5.449872999638741  
  4.10825682463377  1.6756482275093956  -1.7002482726919002  
  1.132203916937908  -2.8114481670117533  5.336816232251176  
  -1.0289555093906002  -6.4598056550768765  -8.985176419216486  
  -8.569745274796922  -1.0818820031093224  3.139654865414706  
  -3.3261509664049553  1.7618857548506175  -5.122209326768086  
  -0.5168939532508185  -5.3842893182862985  6.865750665141189  
  -0.001701541298025303  -1.077861977755489  -2.542285310068968  
  1.4155236165846428  -3.3967994119662017  7.208169350642404  
  -1.4162343616361386  -1.4036714553331486  10.079489650772164  
  4.2930725097379945  5.6036306740185795  9.926158589865839  
  2.3323090740299786  -0.6290507467850522  -5.27707964022443  
  11.159765900606644  6.926013477054262  12.763588259968323  
  5.970907559523172  1.4722662394280643  -2.5686299910291583  
  10.532241104411636  5.0794789341509246  4.713582391962614  
  -6.283186314165673  -2.831459570031569  6.934765668361414  
  20.635234073796997  -0.21211651178457375  -3.4509992229437243  
  -12.117312692207989  5.872151971369252  12.841886519877312  
  -1.0781052207307897  -6.89651150901181  1.6980525269488593  
  13.920188327557437  -4.53298811316555  10.59936107329805  
  -6.319411710273662  3.6105061041491022  -14.097512099443442  
  0.33147055318851204  8.369963094373738  0.6707556574020844  
  -7.409909687745997  -1.9015430078175952  34.267365300552534  
  6.024929742903002  8.275926980332171  -22.01006828177949  
  6.024634575308249  14.360120046326093  6.042192816501836  
  0.4317596828752083  -4.668382993946438  2.6330044764033027  
  0.2731278629834275  3.9297152728642053  -2.6608559696760974  
  3.806302166752728  -3.0626752337276337  2.6915502175510038  
  7.630793955524916  8.105681657982409  5.672270300317158  
  3.911095575083135  1.416183983479401  -8.453925004847381  
  -7.18624680030926  -2.400361428133863  -1.0594900224881305  
  -2.836572686061588  -4.042582437397909  -2.192303237516319  
  46.38307013889326  16.046234601557153  40.02408367582446  
  8.180712924315763  1.6454553478785614  3.370071204896996  
  2.1888410045279665  -8.829507019361872  1.7884680431224576  
  -10.101814469250495  -0.6651475553453503  4.0621512448450225  
  -7.834720697813848  -9.069582547197301  -6.779408757851613  
  -4.830018611849026  -5.867704930040064  -2.5898288352456076  
  -1.1348507980828906  -0.22078479936057888  0.24749522842588523  
  -0.8248419054103708  -2.9996828597691967  12.53087489024875  
  2.789484606273922  1.2609220349236605  1.4905749566857422  
  -3.0806672308263203  -2.4069995261591597  6.804064886028382  
  -2.89748909676502  4.2537102150687724  -5.3093786669708996  
  -2.927251418341943  10.916269605127939  -3.9105627081411662  
  4.762363523471841  12.17215209499451  2.2621898902588393  
  16.852450571632442  -19.67134010364571  2.121577329619272  
  -1.3711952981584683  35.24478541975218  13.110020668864673  
  4.440574980684652  1.8054957649553043  2.335670243667578  
  -1.9369575310253504  6.725403395458427  -2.9966476207505783  
  -37.37109755610634  71.58132479297312  -22.505472461079577  
  4.380593218098111  5.440546666990461  9.435824613381067  
  4.642436218277819  3.511317603185491  15.346383328363615  
  23.10025803464038  12.789907929225514  6.167086367353091  
  12.166931083680744  10.864747594515599  1.6908699482152862  
  -2.040936437393081  -0.9670374742714106  -1.9604411460959354  
  0.9753260869749469  2.2748999805992263  3.341567396101289  
  -8.493583287473957  -1.5356015103266198  1.548696234476296  
  6.271827131851934  -10.067696401066227  1.5626493605611391  
  6.3735513956559755  -8.048656864856916  -1.8678894629920946  
  -2.422850538471067  -3.276852970504046  -8.00311275148181  
  -9.349404604203032  3.1818064345733066  4.574931651166233  
  19.400992275167557  8.285141058233355  26.742815623539393  
  1.6333737065373404  12.979606077015458  3.2319219065041787  
  15.376324610858136  1.9722585995543647  -18.146422828073558  
  -1.1230241644094265  7.923530499945901  3.1578570833699704  
  -4.713144479641832  -4.1665464838678545  -0.7026166148647359  
  5.3123687310486485  -9.77008659877378  11.689612996750148  
  -4.4170311922290635  -6.505596774047113  -3.3982222428591986  
  9.061232444470344  12.430188302693434  -3.496299230849768  
  5.224673497054352  17.429761115491043  7.974856737392107  
  -7.453175063297134  -1.7726400498678807  -1.211936292203263  
  -1.1465936875980804  3.036154472387332  -3.7979966879626796  
  -1.933861665995502  8.364216898193606  -5.966140373136328  
  2.2330046788869216  0.9762836092112305  2.3580423813618325  
  -15.713926518570553  -6.688347216158449  14.731127868149416  
  29.13502115923618  -12.634741831773258  -48.8993580048254  
  5.201679620695003  -1.4296000485281861  4.646098606192934  
  4.005998806962801  -7.440266243822488  4.0028593838763955  
  0.8565484903589836  12.600985023469185  9.217949768539592  
  -6.8937698409485435  -0.35750359568044165  -6.605567373290888  
  27.03013544630169  6.50893249564768  -1.1882095931704502  
  5.275580770595393  -4.064801804466204  7.084997378220713  
  -17.80551790545496  -3.056061439150016  18.692923643650065  
  2.941121479844114  1.1081878715468174  12.73285975055242  
  26.290365598441905  -24.95147417580925  27.074041890557584  
  4.244896063241715  0.044406067261748484  10.017726092856126  
  -6.504284184305589  -0.322723042432656  -3.562455661980459  
  -3.0484583638859304  -0.07574806635334125  -6.833009296859832  
  -4.616710074012383  -4.239309686492515  -5.646320746767212  
  -3.8730839348669157  5.971991593970545  -1.395964533973953  
  5.589563321416085  9.994299075218997  -0.7447130914668711  
  -2.198708553224361  -12.869773512771493  7.221189760048885  
  -0.18128796818068332  -2.8564801522330345  9.318898364886646  
  -3.064047583177632  4.698101702205126  -9.131872733649141  
  5.696186269385095  5.882224883799984  -9.638441675940745  
  -2.5358616657822197  1.3025155730932902  -2.4158963008283454  
  0.23714406071914013  -3.507717741822369  1.056000374389355  
  0.48338766045367365  -3.160877296248815  -3.1973932186518326  
  -1.4853003077367157  0.2959062058260814  -2.1554729462116415  
  -6.033121899110642  11.88156935509773  2.540156169059824  
  -23.243124354019702  -2.97041987231841  11.773790673335974  
  2.0632800441931884  0.5167659842101007  -7.666372097031854  
  -8.176840222940763  4.566451530577628  -3.9890578960031764  
  10.62319784198147  2.1021484221816764  -5.2229512350228  
  -1.8669522999026487  -3.588398413817155  -2.1884581100551923  
  4.15103469287615  2.550905363564875  -5.9088575266588945  
  5.1901937190866825  2.909267108848957  -1.4328485473453436  
  -4.124994609314865  -6.2688173016416116  -13.524444587466808  
  -0.6255772706943947  2.656567976278766  7.252614812519917  
  -1.408308485948278  -1.151413582203155  -6.558072016178619  
  2.0344726832678335  -8.204506544037748  -10.247351080556871  
  -7.373472649160123  -5.415248431327737  4.514329223021161  
  2.254303869629245  9.595494043387555  7.351428191094005  
  -2.6340634129386844  -2.2278631016821158  2.2916136813986956  
  -2.4566751575794825  -0.5479758542178278  0.5494993588688816  
  -15.78549160989612  -23.228446396832233  20.414923159485944  
  -0.36229608007072084  -0.18209245448665698  10.10600711890047  
  -4.511033398101189  5.879182019107481  -0.016888765051400387  
  0.729546866388501  2.9172145043150484  -0.8985341219308304  
  5.001382214862167  15.552546429363526  24.155002010453362  
  -2.9190829515631096  -7.802685811046543  0.22076858120213272  
  -20.11667286733372  1.3568650595961778  2.6161347866728377  
  3.9403939058818183  7.680823418091626  -4.044200039946749  
  -0.39768174577035054  -4.621780163748983  -10.94541425027981  
  6.149197601964519  -11.124257414180608  1.895805311535832  
  -1.3784587186468211  -1.5280555049491273  -2.606329853690765  
  2.6835727342064977  -2.8383452372058167  3.2287723496209715  
  -0.12112548898280147  -18.469427540041796  0.7476351595633077  
  -3.3354394963903586  14.826704802408676  -0.6316668563288149  
  7.875637937580368  -11.751442792908822  5.657143707779324  
  10.379177668882102  -5.008589406564391  -5.878763083445039  
  -7.818470721029278  -3.4342121734529463  2.0759453095576275  
  -1.0434701407240252  -0.5183795368580404  9.617579170479637  
  -5.167081930677338  -2.7819563458359102  -0.5464739806422576  
  2.403098807020639  7.858229339811222  0.3649020215995509  
  -1.2381131793830003  -3.5688314141872173  3.2103810098701637  
  -1.2450996575745559  -17.46126614830387  -8.958896788523498  
  -1.6808109659471258  -17.498684529535122  8.175887302565156  
  -1.21788468255094  -11.455424157931345  -14.387590900726915  
  -4.705582278028628  1.2197949457532145  5.715736406210918  
  -0.22275176287553383  -1.838327235125944  0.597747119064523  
  1.3389997392596122  2.01082719058616  -10.83106725069941  
  9.010030958128182  -1.381396270194422  5.683736940829438  
  3.085310982346418  -6.195113076588539  4.446515162578101  
  -12.120118245900063  -16.461218863765126  -8.326932284385094  
  1.6206070061213627  -4.980347958731125  1.7899955313693867  
  -72.56820059107238  130.19155539958692  17.130578215906862  
  -1.035124330226453  1.65549029573231  -23.995864995601643  
  -11.87276112520349  12.060846726080321  -3.071916630533382  
  8.036302043213974  8.412514682741788  -13.416354258037842  
  -0.5296488213505338  7.93972780157185  -7.807866122476298  
  -57.94158667375669  -71.6507301557848  -31.23725360265022  
  0.3290676420066302  -5.8294226002093374  -2.6750913232403426  
  5.128376850939835  -0.4595331346142519  14.98922961649948  
  -0.06336727206511147  -4.894713155779082  0.8199459252418524  
  -5.786074201729422  -1.3538533666571588  -0.1563072498710124  
  0.008316961090530694  -4.846456676822746  -4.9434185182634085  
  -9.500205448499875  -6.387094770256336  -0.2675803317126815  
  20.36612080242788  -9.301475849596908  10.096147552710951  
  14.373558983435338  -7.675413237055004  23.864137860215106  
  -1.155481415910621  3.914418247121939  10.24302398068335  
  34.60543061009727  56.14646601704139  -29.61446067032647  
  0.14892845422462195  -6.984931521954134  3.538683298959173  
  15.45722006647215  -9.214704245535454  14.009197010704424  
  0.07797322900475373  2.3616128940286765  -0.7804580460104824  
  14.337904517321185  -10.941080779449573  -8.765281055674139  
  -7.711367861892352  3.876643840448822  -0.4742880241593148  
  -6.1555269700937565  3.969121216805739  8.598829625879372  
  -4.345581960452848  -17.441569300680086  -9.681987823627706  
  -7.112635891860597  1.2443636176391775  1.362112496332556  
  0.3688934254354428  1.4544412914286413  -17.001982247687124  
  -2.9404841973238374  -3.893466187199586  -1.0353988073796672  
  8.288794557974851  -12.225277267100651  -3.517318877480769  
  -1.783767611491578  -3.267587624897538  9.751509022747221  
  -0.24297033491010628  3.256423296050739  -1.3176563773799006  
  7.4139028103614715  -2.6692629734519513  0.5805961236881033  
  -28.59877729416391  -6.031316595611287  -10.469043012799554  
  22.568932509631555  -5.01601832543912  -9.190091810063022  
  0.5338840125506193  1.3683947794878806  -0.11691809585919898  
  -3.8234002807150564  3.270376554252033  1.969133317652403  
  41.141916634610816  -18.087385521116428  43.08811510675385  
  5.138824743962685  -3.8094658370444923  -9.804437344291852  
  -9.696832653961776  3.020461715328509  11.165064046567378  
  10.812264668314098  -3.2992146012829897  11.317475158149634  
  7.1305379304009815  -7.980655624204593  -1.354117262236687  
  -6.504300679956974  -11.576805782994972  -11.087471675281968  
  -4.5749629525978355  -9.280351025154088  -2.0548803784488507  
  -7.821986376785999  -2.037888943010835  -29.864735736631623  
  -0.20178798127074077  1.5894900655182742  9.371901080655876  
  2.1313303418809015  22.12234693390284  22.17641125989678  
  -10.4548549285526  -8.941005673182465  0.45362166799252146  
  -10.441551822087797  -18.626204178120247  -11.37291566841448  
  -1.0851066682245172  3.0057878249196004  -2.9453088545690758  
  9.354670398472894  -3.105541947084545  -4.931427967794374  
  0.18710479446810077  0.7838165736469583  5.35786168301663  
  0.7639522081255881  4.978232130838231  5.566433423861224  
  12.248922180196471  3.3143761600574466  -1.7048755964945304  
  -32.57557992935029  -9.70528629043455  -14.673573990577957  
  3.9926417207982428  -1.7588751566686252  3.2756453407650996  
  -9.351703672647126  5.69003451493221  -13.320476008420599  
  10.24293143646411  -0.4197068361418052  2.145092827563267  
  3.659106537236029  8.335269766182108  5.3273286702268665  
  -24.80944328570523  -2.946353458331552  -1.10261072752141  
  6.751937190499656  -2.259331207715402  7.355128427415224  
  26.06901101052045  1.1090447234052503  -3.8086759998390587  
  19.919599740763704  6.774554635563706  4.149967822342999  
  0.10178028119520491  2.5068779467554934  6.132225266748672  
  -3.6023827260613293  -1.010373344908886  -2.7581080746480207  
  1.9415206550183044  0.483711385598351  2.145770345296144  
  4.659335384280641  -2.1919046912595608  3.3058856469594837  
  -6.068850386481726  -13.146993668694535  14.199776951214696  
  2.6738875777736393  6.676229988429261  6.754665164442973  
  -5.112924930009864  -1.594138202898561  2.2479935202305765  
  -6.775046397947504  -1.1613566746626096  0.1155025196670424  
  10.437934849534436  3.5408966515754767  -7.90896438450901  
  2.392365289872708  0.548212552429402  -1.6687569801547142  
  -0.46297335233875053  0.66848040142755  -3.799313169378238  
  5.530836380237959  15.585870512146645  6.675536015553026  
  6.311978502675271  5.729923900914509  -5.200297595334138  
  5.413259140354123  8.42849542564305  1.7427112830067597  
  0.7408044570008048  -8.70928188338179  8.583799300872812  
  4.508428376213365  -0.9312815176697097  9.724753014379612  
  -0.8704174424035247  3.6901745106936645  -3.6355485719732514  
  -2.555916894365893  4.8663452812014745  -1.23716308566633  
  -8.989910425555967  -14.080378205789058  6.080292025351998  
  7.720140389813926  5.852632191948848  1.210722401442484  
  -1.8152186475555843  -0.23873502877321054  1.3203492066997786  
  2.37207044868762  -6.777499407283751  9.007535233352646  
  2.350753831339837  12.255822045859345  -2.2605513564698607  
  1.2347060719244987  7.329441945313827  -3.0366438759791965  
  9.156854662821434  -2.3274530113301015  -0.9791842925975957  
  -1.5029029887302887  -1.0851346362983083  -2.7574249977253285  
  2.4698090419033627  14.363259774630237  6.414070544781206  
  -15.536526944312671  4.237574970333647  2.7096866953605656  
  -2.2889683785295833  -1.1874740479511197  4.037417638693135  
  4.222584515287556  1.543407147071831  4.689927645713823  
  -2.900052229039549  14.861139280588459  -19.36429388516851  
  5.216426278488876  1.7192365335004638  3.918778381325601  
  5.0497936309719185  -2.7134759855262223  -3.4231353128102775  
  7.090776962311268  -0.7392666768093318  1.0901662186301186  
  0.843891119407774  -1.4345133886024648  2.645776711811906  
  1.41578191386921  -0.9057298773935787  -0.05665940523693577  
  -0.32238327306594317  -3.154653877201234  7.164530082168353  
  2.4754756874012487  -0.6012456231186812  -6.844690376067844  
  -25.0023087532603  -1.0478736430173161  6.531799997421544  
  1.7965157099840492  -6.40625077712403  -2.8474386905523605  
  -0.9677532348611301  12.541051239022405  15.204398079965076  
  -31.431716567328376  11.020328176793662  3.7486815673230285  
  -2.3914716561107174  11.964834725444486  0.2700573589572811  
  -12.0014517146014  -28.01010760970316  3.8952767006673215  
  0.3060857065655269  -0.2599800276478434  7.167981311978146  
  99.19556007355055  125.72491622159683  27.46207744868593  
  12.517907371559344  -31.861701450777733  -19.323976854536795  
  -0.3108641118845731  2.9708415316544277  -2.2160949046856286  
  -1.8282532842624426  2.8559178626107276  -5.608853181242064  
  -4.2139985058884495  3.819381836440663  9.999670066229687  
  31.846911504114107  -22.122301364948417  -21.649187914234325  
  66.54037016957136  -127.8398041928996  -47.06427574414274  
  2.3925412376983184  -1.124454349530971  2.6418351025936238  
  -2.951397895125312  3.2353137974790567  -0.7989609435587981  
  2.1001899414548943  1.685092519927296  0.830852247718395  
  10.782673532241317  17.81241765004081  1.3683259778432446  
  -4.435654219127808  -10.924841010731779  5.019772955780957  
  10.386711149345226  -8.214531870464784  13.512536180775154  
  -1.9516147263685868  -2.094700160279349  2.725618227363023  
  -0.33441962786475193  -5.136916243914955  -0.06347953918598054  
  2.6784888734846977  -1.9625027945926543  3.7594684356107035  
  1.7810565364574822  4.597277771291523  0.14951595837547568  
  1.356478379354603  -44.705515205295136  -61.354354356233024  
  5.721915260670541  11.651501714895574  -1.1608419028980614  
  -0.528489811578849  1.805117368282886  -1.0660784768261191  
  -1.133305266207447  0.43754337730445175  -4.662531813083874  
  -9.371032161530035  7.472841986414844  -9.447510153033857  
  45.182675566972726  21.392508208774153  10.727379153910757  
  8.715846996221758  -4.87264306804516  -2.125123126147131  
  -0.0754538484627991  10.088327580011391  1.7304866869496198  
  -4.752451544254809  -4.920397931970265  -0.31181260862464405  
  0.45049228896119214  2.991268234940397  0.01205548667497897  
  -4.817202829965752  -5.9242762395395365  3.226586849726595  
  8.542685976671319  -2.782863217818708  13.15794167434067  
  0.9357568155779096  -0.43457315688523473  3.411972113867096  
  -8.602485979303276  -1.756716843018329  2.901020525057504  
  2.111773620193975  3.1465457321364214  -0.8151431318268001  
  3.180692115001159  -0.13665964989905635  6.76630142175772  
  -4.391630961211838  2.3145369718325286  12.647933188763005  
  -6.445190356901211  -3.123394153936254  -5.419795214929562  
  1.9850041427777754  -0.18931423578572168  -1.2555044625629044  
  -6.023670346484564  -2.424958532666806  -5.207270190027211  
  -13.926363013180096  0.3167742767037795  -6.04996575171943  
  -2.9093393583104925  -2.0337458789753904  -9.37099768268156  
  9.741344010964694  5.620726229722587  0.07272856316704224  
  -14.11355888223039  -12.45303066855084  -20.39968448126114  
  2.040203002768914  3.9843670938296967  0.04522165779434907  
  1.1404714244341172  -8.117930149926693  9.769648396913794  
  -1.7900753591365055  6.163370631221052  2.0940916971923893  
  36.06355694489367  -45.63017707224619  -53.216191385497766  
  1.9967695713551126  3.3336399069335187  -2.5735274337399994  
  0.7949067403883272  19.439019082339065  -41.366552891292436  
  19.319097137875637  -9.65293326492314  1.337117681898595  
  -10.049302805152111  -15.70425377859699  7.607540551921488  
  14.27086482294338  3.815005664332215  -20.244378484618707  
  -1.8993997246523122  -0.8089835242498251  5.650858676973601  
  0.1683865735657435  -5.356437479931122  -4.185440896679408  
  10.068338700366217  -17.137393118690724  10.86362455007635  
  1.94767758949151  -1.5435447154799986  1.4550479276820707  
  2.26348568548827  -7.925531823980141  3.4952403249197004  
  0.3595379584835739  -6.302677220582278  1.6943160538313018  
  7.296676255763699  -10.999616496889425  7.220554218210947  
  11.302983101194704  -7.100195267324046  1.8414139593003378  
  9.14309682047701  12.10128945376669  6.858698217145205  
  4.569455581192039  -9.298110462966825  4.867890440778343  
  -9.767703025533981  6.177572692831677  -3.3343608493093138  
  -1.2260425799752463  -7.6334467112816125  6.63738165055589  
  2.8157613037713523  2.0307589887035125  6.171152541410711  
  2.6605509362704503  23.94529932900256  12.312810943413739  
  -14.14460482623515  -8.718864177084605  -15.62393208429059  
  -7.3444313977555336  6.7878033106857485  -2.755638177192297  
  13.91649157916147  -18.43395805504869  0.23709821429235528  
  8.00786340198025  9.822718472806793  2.840727118634907  
  0.41599768676446147  0.434008852422767  -9.650200528460562  
  -3.975440123318451  0.5105849374905748  4.368034474796653  
  -8.725460230677946  1.7449344562626103  0.4053399272968031  
  1.206960084484523  -14.622552947144218  3.434436607247351  
  -24.013398539940344  25.71418697037585  11.433663952306228  
  0.2167472419905937  -4.829232936696723  1.4463309092244843  
  5.5764363522964935  3.9051226826875816  0.506552703908383  
  -0.2721277415087895  -3.5241710517234672  -5.035349365464216  
  3.5189993512823237  3.1756607851881977  -4.527018734973639  
  -7.872226010142202  9.03949237472649  7.738683607849139  
  -3.992996698482087  0.8316816665974928  7.670803693496703  
  2.0701164727841093  2.1208705117975426  1.691723802811531  
  1.8760262443413331  1.232011620096159  2.1653493813220543  
  -2.1782235262769123  -2.7325969747003684  11.669186104590056  
  0.07039606881336535  -1.494632685648949  -2.03438364335379  
  -2.040121382558586  1.7394806004095926  -3.709767032086621  
  -13.395521563948371  -9.17287145540934  -4.038036280908805  
  3.523060581420603  1.6094689460080631  -6.0796499110175235  
  8.602780954650711  1.9311227990855941  4.129349076300939  
  2.350318799820805  0.8149144165573946  0.15438809602717535  
  -5.411961207362852  -12.616868620730457  20.441680105429825  
  6.603727704055635  1.714306521021946  -10.885479804397216  
  7.292026650526596  6.417854903710663  4.625903021897271  
  4.461782861360394  0.20557342485707733  0.14830453088602893  
  9.43400672540788  6.114057348598659  9.701432216194878  
  1.1952889234751336  -3.3521669924716018  4.88614590868636  
  14.957915642252496  1.7554491128836174  -4.035530951946544  
  1.5610807766135382  -6.931940635685382  -7.2960535812849345  
  -0.10119113703803831  -0.9551053079733977  3.6776169875355875  
  -0.8959910870059046  -4.012321084722267  -0.43017408467018925  
  -5.738607593187796  3.835048636912573  -2.873202774132079  
  10.265703223103849  -1.642474452081404  3.535501283649454  
  5.141261187776655  1.417409281355366  -2.555956356507699  
  -6.0620629051742885  13.215744799527469  -5.537930576244403  
  -5.0297959072170055  1.7963371283541856  -9.772976148595443  
  -38.932613168481296  4.232309093003541  32.81801681761671  
  2.676912766443569  2.167008643336737  -6.193601603619583  
  7.464972372542469  -4.231465769481123  -1.1872428563433  
  -1.8154061057094786  -5.090061430948864  -4.598556469350158  
  -19.230007380738563  -15.304047595277806  16.481516095292744  
  1.9701822761633991  0.20059987339497873  -7.592067506776471  
  -3.572048633823575  0.7136888518945744  -0.8951278718641021  
  -21.548417300802676  -28.87263150038407  -9.901858760598113  
  0.883429484418762  15.692620836246567  7.97386437352225  
  9.88445268763216  -1.003702073042586  -1.3943622003905733  
  14.082651350364827  -6.035184341191505  -12.235878696439457  
  -24.599905931026594  21.72501556179798  -7.168143847307328  
  -3.889037809578643  4.411307973985884  -6.792428622086999  
  -1.2976017828271857  -5.936395148753897  2.5821846372822654  
  1.0525662546803836  2.0962930773414015  3.6619560968638614  
  -3.780466311289598  1.881188819490398  2.222435768962215  
  4.969749455023923  -3.1360472066183798  3.7609077250021965  
  -2.154548161958247  5.647106410134151  -1.3823929098324237  
  -0.25905813574123565  22.214704534021504  -0.8588588119726779  
  2.3254282101914425  -4.585818594927058  2.4254327098109156  
  -3.87012729351084  1.6965492811788296  -7.314279895830099  
  -5.627860308420227  -4.71089794355477  -4.8488021038634095  
  -1.048167634459373  6.267308672928165  -3.370978175008755  
  -9.09492160920648  2.6650810730530257  11.430188507993552  
  -0.7471885390159602  2.847398992346859  -0.7907204424187726  
  -0.3216180121988034  -8.490528715993891  -12.990475297991967  
  -4.803716512162817  -3.4201317580525137  3.5633754318344524  
  -12.71467015839019  -2.026316788652174  11.632301018561535  
  -8.277348883048825  -9.538147151914194  29.48336787995384  
  -1.0487303647991748  1.3005146237226206  2.9728166776672826  
  9.033023638224918  3.6688370160484878  -9.777273471584342  
  -5.471252738357424  -1.9799116867483777  3.220458835200744  
  -1.562592261222217  2.1312896572909206  -9.26273573638576  
  -2.477231003883458  3.48992174451241  2.344374402356122  
  14.755647591681786  -1.916073039557692  -12.269440036511941  
  3.170776360292064  -10.45853815293866  36.55286683904627  
  -9.619462053410238  28.489541277050254  0.8382759241908578  
  3.756427596615573  -6.251940550086067  7.5394398560423905  
  -5.949315187365842  -3.0305243627551146  -6.5178096502785605  
  1.709145570420896  10.39730878237077  6.309802149994082  
  -9.00917840587201  -2.396478550046252  -4.483321260951186  
  10.234959810210606  8.83876109297416  5.675349406857369  
  3.4684464943859674  -19.359592337978206  -3.031003989824534  
  0.403397625413532  -0.4328424474706578  -5.610718124858424  
  10.724921956313867  -0.06096476271091332  -1.5686267497398019  
  -2.0763000172353956  -4.365162378794139  1.6203664671402105  
  -6.44133305408801  13.793037992479555  5.664319926807232  
  -12.403347645754003  -2.053549580167287  -1.0516012117519418  
  -2.712222967518572  -4.176264916897341  3.635508891904352  
  6.229501103328209  -4.915347193721399  0.691878664102336  
  48.104375754802824  35.58632649353286  5.0902357163057985  
  1.9496900335992067  -5.140684909762702  0.4543523546721659  
  2.2005991063159493  -1.1536243444295768  1.9871591329839737  
  -5.048084287770102  -0.24800659336213954  -4.410669946436999  
  3.661452487608514  -3.959613131604254  4.241946708145889  
  4.114566672811504  -27.323483327029628  -6.137046714623516  
  -5.001430280576784  5.6525638039160455  4.368472659215698  
  -5.011405979082435  -3.4303853130041793  2.2911404070042787  
  -3.4881892507653123  1.460958790333237  -2.263538346365836  
  -4.471429076707963  9.550797828204482  3.616651886084399  
  8.189572181323316  1.2594696971431183  4.491760215845342  
  -1.089879168210205  5.168084240278208  -8.306172250565325  
  -4.338271590009782  -9.424897602555527  -6.076752537077809  
  7.853662646967826  -7.8830942269282405  -5.584537112940878  
  5.484788533157294  -17.195839675870538  6.224346936533331  
  -6.742818852296597  0.7973564778022619  3.1245406125109447  
  81.83178701932887  -51.77097463168457  80.40221498166179  
  -0.7274933395168665  -8.394756262095726  5.045480073667942  
  -0.45729332800690425  -6.00997662523474  -6.223663429675459  
  -1.9149766152058862  -3.729425807281931  -0.17369183598752347  
  -3.3367295247591984  7.17356633379856  -6.181202071369576  
  1.4443147357986976  0.5904062782985832  -4.023663722911099  
  0.11087348685194678  2.342588076432467  6.23566454187508  
  -1.264535689889031  -0.5376803657646498  3.3436612472199965  
  -9.137546589101902  -0.19918419493675898  -3.806644964816728  
  1.6077426279491225  -6.647967662943659  4.650385621002034  
  3.119670419323891  3.585482224629526  3.8034178507586476  
  2.5746806981771093  -2.4881971502102753  -3.7373614878562087  
  -14.840121649563445  0.3759735903173949  6.805008965875172  
  -13.57218630191784  2.426245353028044  -7.2203081535430655  
  1.4106909909734986  -4.464928868213417  0.38644226676199045  
  2.0359825434290064  14.717755314600494  -15.931359881438787  
  -11.381470423359149  -3.220278388642447  13.021336970305581  
  -3.9848852930894134  4.426792211598307  -12.386130795813923  
  -0.6001879242230871  -3.7543540066821346  3.727787464974665  
  7.6300282432007585  -3.7864284185191415  2.047183363442606  
  5.917734617937915  -3.6333427820403683  -0.09000228366088225  
  2.702247287516023  -3.7723136390607745  -11.501315557654419  
  4.74282606172777  16.201167774516236  -5.543492322336492  
  2.354037112099883  -16.956939790689102  0.11820880559945543  
  16.1830601644506  8.072051597627258  -11.566165810234798  
  -1.8385457497678328  -13.514124400158282  5.162015663446328  
  15.56735512582837  -15.161893721712268  -2.770150043942999  
  -2.878996219158614  -0.7979158788413414  4.124938195129718  
  0.9561150804032945  9.737397416464479  7.150948509932811  
  -0.5413089126302465  3.3800980429771115  -1.3444272080302948  
  -0.05713614960329104  -1.6118801294488312  -6.888120521223565  
  3.1213448708648643  -4.932340730288881  -9.53288931211629  
  -5.529777400723166  10.849632654506198  1.1640592465950717  
  7.207763812598787  -2.3891590996646785  -1.0151918268575955  
  2.2716725815294625  0.3872271250181074  0.37081234055357587  
  -7.530746352260848  -1.0566049772586603  1.5815337702051238  
  -22.428152528930074  -9.781313277248305  11.396583481036929  
  3.7030170408318583  1.7336162831887172  -3.3519012119362377  
  -14.783477137403903  19.594793108150174  19.138658292299244  
  0.9669855588036359  0.5892634127684491  7.01391376215873  
  4.72320611090685  6.7334611254564365  0.12655772655607733  
  -4.7417519865023605  -12.216169462311447  -0.7520204975825563  
  -1.9875737844001875  7.123132138749682  1.7272878424111253  
  8.814815407810366  -19.59621059191039  13.17495440992926  
  10.730339873842913  1.415939953746613  -8.942391053381952  
  -4.89575571233742  1.8711035359359263  -2.4329938601859804  
  -34.341593693246296  4.662674862447317  -8.33553079760166  
  -2.3283070862996755  5.239556465518738  2.5729508329364514  
  -3.1669156743052294  -12.25149790532133  3.3357361541096275  
  4.339473551235946  -1.2936300071832882  11.71357884668009  
  2.0784555499859154  4.008900011399065  3.807096533001306  
  2.1215411700543134  -0.1547738791145653  1.9223536377874821  
  2.42612391066215  5.0860489772769135  1.3861396208011292  
  -1.5557073870181541  -5.761727932453336  -14.244790426573978  
  0.3783966191966037  -0.02099997250014118  5.571047475475721  
  -7.999393567887359  -2.7075333430670123  -5.254244255968435  
  -0.7946946181595947  -10.269897961329953  0.19196204708804365  
  3.3283493130714796  0.41664962393416266  6.229959676467182  
  -10.405060592555262  -13.726475442797184  20.666892912147905  
  -12.284428516524613  -0.035057413983297384  3.1493784074993356  
  5.347662135502864  1.7126855343032799  -4.4559787305007035  
  -3.665124223785956  0.6674650828377398  0.543720988958334  
  2.001690369684376  -1.6218076533034442  2.773403173203549  
  0.35847275884447405  -8.866732358098787  -3.2244151371862078  
  16.736353497592933  -21.457676410095832  4.700661185019765  
  12.191633905059035  -3.1649849038269315  -12.499550948535221  
  0.485529689637939  -5.610167666967059  -10.651774907730106  
  4.211657920717673  -9.25180394699412  1.092376983689084  
  12.006525832158024  4.906255555051442  8.49057629333131  
  0.6014379293434917  -4.8263658106922085  3.927053263895021  
  -2.4788358795367986  1.7089668908649474  -6.709755870427847  
  -4.76059011401386  2.5855498230809557  -18.933761008093107  
  1.1773606431567982  -2.9206337256257275  1.1178967015521222  
  -2.164459872167508  -0.8445767171008657  -20.963154302368626  
  -3.039697896984377  8.452551719434933  -9.886386786098203  
  0.3869002569612476  -3.5621457820618008  5.409339994476953  
  1.521033327398793  3.561971589022682  -2.091681415628953  
  4.72005208677866  -16.090563945881343  42.296928287853895  
  4.869161843414105  -4.414411062697101  0.08684849635538931  
  -7.323813271981269  -1.0036906279793318  9.244082899278554  
  -0.7127523188237317  -9.969304843154752  -1.0984376105535574  
  0.8326692961287915  -6.599727761046548  0.6967362446561243  
  -3.742518958502508  0.6769291133049208  2.793256770366285  
  -3.5100869313578693  -0.9539063953818568  3.170660046028395  
  5.445313591621221  3.0732782055421515  11.07112047510309  
  3.2275377751115344  -3.7843076555048145  2.992818164585987  
  0.6595250218422695  0.18671940892784022  3.177638538225963  
  -2.114854516502251  -0.19453446722983728  -0.9348774689743324  
  -7.858136806327338  17.189551481329502  13.70492901703964  
  -5.3390169927944084  -0.7777002689415862  8.160263708117666  
  -6.633328457762357  7.699219220979211  -7.938076101770627  
  -2.9321682786130627  -9.853417756634064  2.838233285083928  
  -2.185096276290691  -8.309280158495842  -0.895123955135702  
  -0.05612183183887214  12.925534442706127  7.543490699929393  
  -2.6813136991162656  3.7868480367096096  -2.774144906584932  
  3.0951511326158156  -1.3580063753544311  2.8874203581407687  
  0.6830228169900812  -5.501787846913632  -9.647829891713995  
  -37.73233283857625  16.116638536901252  -52.819408788159144  
  4.151507914730843  -7.169174549930863  -8.025170533475915  
  0.7034347015010481  -5.714521827452894  5.01125644454329  
  0.08691946160172309  -8.890876150463047  -4.576097163487153  
  20.58187627919027  -18.331096881320146  52.71549799506458  
  -2.89978076521983  3.6807475480079828  9.22214498497163  
  -0.9198765753031511  -8.260753509407012  8.716580666203864  
  9.163771594828376  -1.6260387036293151  -5.345150247129648  
  -1.1098227310528097  7.1924338864126165  -4.1005960308126035  
  -3.5113726647872356  -1.2212554491259495  1.066769518922304  
  -2.95134035424001  -0.5615729159277392  -2.39433060525222  
  12.231263629201395  -0.6301699946413543  3.5519023564110337  
  2.7385432475765357  2.6548889471521546  0.18407618795688704  
  -3.751405768934254  -4.752307954121245  -7.6500968660506015  
  100.04683309807838  -1.4984008010366696  3.9148574344907763  
  6.585317507789909  -3.7781348870398013  -0.4604994846106893  
  9.11075375188958  2.8702247870378166  -4.971181316462896  
  7.19954031883857  10.418536788916997  -1.277116041274127  
  -11.152775585852714  1.2333105386608847  7.15148598434509  
  -3.5143398735422786  4.830987624411118  12.517783925770031  
  -22.926024175925736  -14.519663412597858  22.3755166829688  
  -3.157640940849245  9.204078218977683  0.7457033451630009  
  1.5949455186763402  -6.1125878897054085  -4.398918133253189  
  -2.9981138192370116  -4.373168454834508  -1.3357053189918082  
  3.9794589483784972  2.5073323226792668  0.3926878711156535  
  3.2987377922921897  -4.102251472704405  -2.1345906788154587  
  -2.8032600373351686  3.6559499734014187  -2.093162782365836  
  22.984491288058656  16.00316391056998  25.97352249588079  
  -0.17996543122698036  6.796220475989988  -6.811761932074483  
  4.971012192453397  2.4657476898570088  2.579170271055968  
  -0.03738765028481797  -7.527179335451406  1.2541138465345025  
  -2.591129764011243  -3.8530896307406555  -8.805012101237281  
  -3.416473407701274  4.7860213298575225  -8.251790605528022  
  -5.069419888855364  6.4713301865043364  -2.9827812376513347  
  -1.1498096097151855  7.887916375108179  -4.9658472337074855  
  -4.854905086525408  20.14213842321026  -0.9968052021427763  
  13.84479252276674  -23.313795069800186  -0.816788608237078  
  -4.56030736716289  -3.3261983165112685  -3.8941695242641785  
  9.396347464259621  5.476471884063971  -3.797194547279837  
  -1.9492723095670725  5.402735560536707  -3.6941728675808427  
  4.005302082150812  -2.169453950581432  -4.266842308142652  
  6.760346489259479  -6.82173311043191  -5.634538439454146  
  4.614939592734414  0.5395858181248119  1.1298556254302903  
  5.095793249508167  -0.07300985183771515  1.0094639425133973  
  -16.012299445764523  -14.505003724541993  11.465260971265625  
  -0.9964195949339081  -8.663604427401376  -0.3158127099568117  
  3.4506871825796286  1.0476738546165927  -8.176236092751466  
  -2.5566017945736887  0.5021333273300626  -21.74470660620352  
  3.3094678578651875  10.185812296823675  -1.9970371842612762  
  32.32780004511858  -28.070331462802827  -9.0100359634863  
  44.83734096750961  42.01548753651744  -17.007171987565716  
  -3.854393042520493  -4.4850681735771865  32.175395058951615  
  6.062022780034073  0.13210868095635847  3.275141574781605  
  4.353211982266256  28.085206772656363  -6.355827600390101  
  -1.71659787634493  -8.153462755199696  -0.05450934185444375  
  -8.39484787570185  4.552073674548787  10.840661544722298  
  2.601700432057397  -1.9933732609289514  -2.3124700741614945  
  0.2037090447971619  -3.903944531461011  1.87006017266697  
  -6.695894472731472  5.607237152247871  4.904615654775491  
  3.967570042677723  2.8126984062126366  4.145410624200754  
  -27.482213362653756  20.537909717146388  21.94255114083974  
  -1.3386857049845224  3.7727038298252236  -0.8725634441604008  
  -7.317862282404318  -8.134620045343599  0.6664900016830719  
  1.7180939818061165  0.892391641604502  -5.940220509110009  
  1.03015064618883  9.646648311596868  7.286713565265743  
  7.2972101281244806  -3.4021013809570153  5.164939431053928  
  2.7513813632974675  -1.5411196446629989  -0.794033395282708  
  6.925722798850528  14.506849579062788  -10.604424453068413  
  -6.656101850680074  -4.396821551707411  4.384664827487068  
  -6.9518586959188085  10.287122867416723  7.315780098783332  
  -6.716197588038989  -1.2412536189671335  1.0349801311439986  
  1.704893551426503  4.532000698150326  -4.114269840715915  
  -0.8440823537819055  -7.689454689274012  -3.6941677541744364  
  18.131413554754975  0.7764383749277435  11.457106989203051  
  -10.190056187296673  -0.03352686138259653  5.548640934976935  
  4.0564609722482325  7.606516451590696  12.735431445782575  
  4.406771950334903  34.731096643207074  -9.926280560313874  
  15.96824247858102  -12.561162453921478  -0.7022297694431268  
  0.25069442464932545  0.6915972253389254  4.519773818412916  
  2.656624664091903  4.709912799370919  -4.144461961975909  
  -7.394322366512929  1.5573993470911975  1.6887407581476848  
  -1.2466419058645726  -2.6291040002912585  8.709932808702604  
  3.206836111122893  -1.9504717145944628  -1.8513577983323342  
  -0.5017654907198417  -0.7565578000340855  -5.337979894607695  
  26.055475064717353  -7.199226582217741  -10.578905331205386  
  0.5062661155647559  3.599915083559705  3.820738615917066  
  -4.3763668711345005  6.714221524773174  5.224127924930237  
  1.7091100190525095  -2.704606348481365  0.4137593708438239  
  11.677977327523488  -0.7130002868268619  -0.7694665334861265  
  4.574510631504799  -2.2512719176105502  -3.9672646319349596  
  -13.011765758597114  10.911215653406892  -5.042009287383925  
  -2.290728519649268  5.884317977309559  2.527214973591552  
  -2.3379758100034107  12.05442521722174  27.593455992244976  
  17.937057379136174  37.41506901519639  36.08577766107885  
  3.4867161427836315  5.366784708718806  -4.247171463896005  
  2.8735236844657503  19.46560457779913  0.2844427000165186  
  -1.7562640714649813  -0.031780018355837464  6.442960958951691  
  -14.397635142246191  6.253504532984347  1.1731210384634205  
  -9.376700069268587  8.613723851294607  -2.005245790216918  
  7.370344606836268  -43.07797562837873  -21.68398519353678  
  -2.561593783574376  -1.179470576229565  64.08053857382554  
  3.8511198273814817  10.775862359772223  -2.127193922866222  
  2.1461195031470828  8.707437396598163  -0.27308949477557537  
  9.491548726852509  -1.3280085376220403  -11.155848162546194  
  5.676368960831261  1.2695503373107726  -0.3850770433741442  
  -4.972556626913161  5.812307999861384  3.0918766347052626  
  13.111061641364492  104.27411242505481  -67.02847651852234  
  -4.928878754319887  -1.6082240224250959  2.0373978941648536  
  101.4908272174711  70.16633887946628  8.057517494372883  
  -4.246173421776932  -8.418725956917157  8.913756491418392  
  0.09096718101938335  -8.615996663489769  4.131491497169372  
  -4.81127302612262  0.7683943124679369  -6.426939529238869  
  -6.044320445919235  2.225483483173497  3.0001805126954695  
  -25.3332263013096  7.693227395396841  -24.637378748848608  
  1.0507681033543494  1.7510117374697995  -0.5338724835562189  
  -0.7346718505109501  22.37596553063899  11.5806857285958  
  -10.907960556857349  -24.909603249814566  9.472330665067524  
  1.8925918675414566  0.5266313150432379  5.599607208020982  
  6.38561218942029  3.0606853167849954  7.299151896313024  
  -4.864742160741499  -9.98794468311429  19.49524774316952  
  -0.8534450246215  -2.9754173654473886  -6.182098379545294  
  4.793287016201115  -4.734621637068361  -0.5608667494911803  
  -4.350914076093856  0.09280651906432005  12.87129269688117  
  -4.908602805426753  -5.876913549826284  -6.665363079727961  
  11.631951841395864  -0.2603189342624874  7.9931308269932115  
  -17.535021168616407  7.1015510756779845  -1.2547694837198673  
  -5.094808654655793  4.987592598250518  10.977784582882288  
  4.264912188397194  -2.882410441620817  0.6107845516231749  
  67.91801271068279  -232.7041853194682  -7.446806932455115  
  -4.847447448672737  1.2521411244846543  -5.828975762742707  
  0.9645363167297176  1.312452805172602  -5.549684425271974  
  0.9860436655791862  -1.4597785360247921  4.196388719816468  
  0.10188141880382383  -1.6565016109202146  4.397714982619882  
  -7.662328413999618  4.128506714962862  1.7235446612536467  
  -0.2696502303040871  -4.820050192074348  -11.535702604613757  
  -0.49512128143779655  0.3065511405896924  -3.444102680375902  
  -37.90044851836668  -11.993039943649057  -4.917422835725611  
  -14.50243635506868  -9.169755288811333  5.670907569868152  
  22.131539301398945  6.7652675655179575  -1.9188842773836703  
  -5.149454485049549  3.6297782940539784  9.868588876065886  
  -0.20006900617307077  -5.959093396686009  -3.9949581335595714  
  -7.758808171212947  -6.070069520504094  -2.61633817876954  
  2.7942967428497303  1.8727067614116557  -0.556682304024234  
  8.44938555609265  -6.2653168112256274  0.7062158913122374  
  1.0252692814465514  1.409643883592883  -9.599776134739988  
  0.07273016554915429  -0.25395200385229594  2.857997212195332  
  21.765904678796804  -3.7814777248177793  3.1867114873260802  
  1.0836174278330593  1.315337526748488  -5.505407204069801  
  8.725679309689054  1.5581838736727056  9.109678719470237  
  1.2957269296850487  15.46015599287183  -7.351642282789514  
  1.7264741868584585  0.7110306233826934  -2.469743569822434  
  4.4745112550407615  26.054330314948867  -15.216454034688809  
  -0.08145066767500324  -0.26981019900361053  0.856819623879127  
  8.780824292625173  -5.783520414390458  -13.119799014905286  
  -3.9636586828251303  7.483378207402707  -8.167622010344765  
  1.466479139642954  -5.507980611643952  -2.376503943817377  
  0.31901223785804916  1.4519524758476787  7.0229856034892215  
  2.5068091659951324  -12.134568277419381  26.588169829949123  
  -25.212153105776725  -6.841042539648518  21.577482126808192  
  -9.608119093058182  -3.9979456935384623  7.542453433117241  
  2.7610971539680085  2.509400533450822  4.662693809884711  
  2.114091733734554  -2.682909228014829  -10.226772830481702  
  3.1391705039774007  -3.336997811113361  -0.2071735715741755  
  -0.02511730313788193  13.48087526322246  0.24088812413018237  
  -3.2175231024736815  5.322090131191177  -1.9247673928843954  
  -36.9090323246987  8.053027447511806  30.698474114335156  
  -7.830227715998302  -0.013337685591125784  -5.939844558671793  
  -5.223234060200307  3.8098906194120983  0.3802786419534105  
  -8.991601894368758  10.799712200373104  -13.641136813829183  
  -4.0811758147706145  3.6935433462347262  5.177346345728676  
  5.624212909513628  -7.825510687649579  0.3556380291677707  
  -12.256302190838744  15.825327596564957  4.769971994767806  
  35.31257009902436  25.320193582937993  8.28201467192684  
  3.915819705066167  2.537223053216566  -6.800598082555754  
  -5.035037535883519  6.470887801386191  -1.6732219861012199  
  -4.9602727757425376  0.10292942214451935  -5.835056009861253  
  -1.4859510523948605  1.4187618965616764  -0.29366306788924035  
  6.5850996802951025  -3.68367567116371  18.34183509758411  
  -1.293131500001555  -6.755020074169271  0.13672874697671333  
  4.211417525260305  8.395065491720237  -1.103243573420476  
  0.3937631571317684  13.477861870779158  -6.481067917552759  
  -0.4729331999132961  0.29977732906231136  -2.3698930354843504  
  -0.32338167757699937  -4.12000907730805  0.2010333843674909  
  6.202226815919683  -6.685350338242292  5.898908220864015  
  -2.3867337947412963  -2.409823731648198  -12.317383848946625  
  -9.5482241252088  3.588947718701708  1.8584029418689694  
  3.79942951669012  -6.900173291222788  -9.066579968830492  
  6.5814770644226055  8.291579256710948  2.1372780677589946  
  3.4074249868908466  0.3560575496600257  -0.4209265316961435  
  -7.274122009958665  9.716816502614632  1.5772079496178866  
  -0.9787723407192688  8.714642540874888  -15.798072926302957  
  6.007428097017072  -1.8665176899617542  0.08536121457003418  
  3.693878845060163  -8.456007927519336  -2.573894500142393  
  11.6012735613156  5.978985935277807  3.4493492069722307  
  -3.5757743341182735  -1.9560479424350805  -5.053399482590224  
  -7.039500808233012  13.638777528130355  5.212804506278625  
  0.41440284896046126  -15.099592888812548  -4.681043636853551  
  6.576465587174569  -5.005432478213499  -2.511869545732107  
  18.630190186346056  2.6666129421195652  5.143787215743339  
  1.923532220783713  6.881493296124887  -0.8863330304798244  
  -3.953943682508419  7.746210673252089  5.352341320444325  
  -3.4556598074205933  -0.8121775142581632  -9.856887976016365  
  -3.3890384407029654  3.7394609214045498  -1.1410919598443197  
  1.7728913986080983  5.184877354810499  6.868511476258837  
  -5.23211440657595  5.97728495398369  -6.064557000866581  
  -5.115709340107206  20.43156425971006  -16.932250831378443  
  -14.195632915036526  0.7326863401636174  -2.279189630369824  
  8.649145795672649  -12.25327717614203  -11.114978279780663  
  1.9274145677801493  5.017795482258216  0.41962364709022487  
  2.748249764193575  -1.857109720861198  1.2240136771599959  
  2.416331249830132  -0.6783964285050849  -0.684728710984057  
  50.689892996477  -6.332078512999797  -2.9393192653271045  
  1.448055700224599  -9.751851292340854  -7.094506059747263  
  1.039784818075234  2.8031712308950416  -3.573546655216036  
  -16.474889450328213  17.222985899460145  -1.4737252516090233  
  -9.400683151396061  -1.183462834353998  -0.546875060746038  
  -3.404668608876398  -6.739543111876151  -2.5387359703073544  
  -11.184046969385136  -3.002524333518016  5.295200131484493  
  -1.3310645860382184  -6.858126957105794  3.2805510571926675  
  -0.5139990934209097  5.042941088819561  -5.841260280803185  
  29.079555410334873  24.463504598791985  -48.25620395165681  
  -1.607106637503621  -1.488818651651781  1.5719890539048877  
  -6.138469508727983  -3.561011816580425  -0.5649328236752267  
  10.982791335290084  1.08335219016586  -13.219079042647904  
  13.587529031739356  -9.82437611449331  3.5516623099070457  
  -4.762702938753151  -1.232280016779158  -2.971333793614881  
  3.519896126987967  -0.8495312526027097  -0.33741820533435446  
  0.03492317995457085  -3.2953974582739876  6.676225212011186  
  13.991194313862527  -14.967643904026207  -0.663854221532778  
  -9.584718323417082  -2.174264515150644  13.854531706151826  
  -1.1839163224515175  -3.1061162069936783  8.174431676882525  
  2.3613421865846007  4.3775617324898  1.3857745326488946  
  -1.214857680728981  -15.821305439222401  -8.196620283528894  
  -0.8577825116282469  -5.363704343645227  -0.14462671447550193  
  11.493713619850277  -14.547882786331808  15.767289788364256  
  8.463735243676885  2.6818346216263405  4.939666818206494  
  3.5772259406556612  -3.7664303911493566  -1.4231243450968887  
  5.990572344341322  2.7014233868073836  -7.3987533781837715  
  -0.029295749241883783  -4.971657395881459  0.3933067717843631  
  -4.878072857856916  6.7055721381614495  1.9806835032599093  
  -10.882933012459773  -2.02128489649599  -8.158811807694896  
  -1.9072606203593327  -0.8814990495983913  1.7202074689111146  
  5.8197863503681155  3.4968440843034942  2.9073904618059476  
  1.361799642242018  -2.9419971030213947  -3.814767004725247  
  23.53515416582581  79.61959834115908  -8.843408506698667  
  -8.920974645684689  6.11212854756703  19.173614740488347  
  8.443508288366912  0.9032406420942491  -5.074507716461153  
  1.3721138364538341  -1.3945185045414714  4.162048003557222  
  -5.941095765325416  -21.906560529883578  11.693851426103064  
  2.855742306640192  -1.5230434903940093  -3.1285923663824655  
  11.388193382372544  5.165594419138425  10.858488583841297  
  -6.538361589017287  -3.9206145132957637  -16.698730772175132  
  16.793582499349988  1.1562643075442571  -12.570457291762573  
  -1.4798436564589346  1.271900443796382  0.017410103972461864  
  24.91746779333695  -392.7084893732374  -121.57482733385788  
  -1.7254523058414086  8.436383572557839  4.8090348903445514  
  3.0532866199874182  -6.203521361436516  4.875181833427525  
  18.50129780600394  -3.3562739793194023  -42.65005418914369  
  1.8089965396507512  5.792440658948998  4.147601836587727  
  9.655070526243597  3.541038997988667  3.748422457390585  
  -2.0211871550568943  1.110527171000733  2.382515788661112  
  -4.856881190440686  5.471788998885278  7.252082066495449  
  12.263653185487925  -6.742009079997035  -8.805877790108964  
  -1.913238751443515  1.8710667209607748  8.019549394265214  
  13.504222803393874  4.642630445978134  -12.462537805890005  
  -5.582495050398268  -2.1745724470018875  3.313439527808963  
  1.0563120595214233  -1.0760899323401032  6.240351512954177  
  -17.874181044865487  -2.0615001437558695  15.766905189824422  
  -0.661186311891192  -0.49330140553936486  2.133013869600385  
  -3.3146668680940157  1.4470383193140592  9.931003611403717  
  -29.052553173892242  29.068696561611247  -3.3030827334473805  
  -0.7273494282963994  18.87290946486921  3.0266385032598055  
  15.668969814330453  17.033103616147784  -8.166726848279598  
  11.880753742156807  30.620349247536286  -16.248886021385943  
  -22.37743458761169  5.114693449820891  6.519075721892192  
  1.8277522226090548  2.8216357326642973  5.714440723503836  
  -6.143666746205253  14.287858406417437  8.300401844105831  
  -17.705275515269808  -5.2424375903254  -22.469835003326857  
  11.649832540386075  11.583024289248751  -7.63533407033724  
  -6.874309631964086  5.5154880802801864  -1.5594426519020443  
  3.0195963914282395  8.314288127268366  -7.659053692380924  
  -10.892570992226688  -9.6930680376701  0.2566933469655564  
  -13.667848773535455  3.3516196000595966  -6.7282704712955645  
  1.3638156918164934  -2.1098522959622086  3.1787666911010093  
  -2.852962607529275  -0.4424646578524542  -9.658456516745986  
  16.716715444659844  -2.7473136064505934  6.967735668425402  
  -1.9292388288571198  -5.571088632282658  1.1002100699488124  
  -1.378720103536468  -0.08905974000547207  -1.492869522161613  
  -0.07556172758261663  0.4027047665060713  5.8845812387401395  
  -0.22625308624746554  4.9225871562229315  -8.253705183801147  
  8.960143851849494  -8.477444544777391  -6.182089774595958  
  6.215568436568529  0.2573888712272426  -9.284390662482211  
  2.191066879799099  -4.493809026369774  -3.188234999806805  
  5.125384264835963  -1.464430590693251  -9.925697679782772  
  -1.1003785912536577  -11.002125042837212  3.3239842637386054  
  -10.873083695485857  -13.46177440876209  25.431359343016748  
  -4.174394725074066  5.564673669863992  0.9073428526657552  
  0.4203832684424215  27.30550695392057  -4.730925830325884  
  6.1630963377849834  -7.1761649787424275  3.779187801336534  
  -7.192602817254252  -1.0283319294057236  2.016834535194133  
  -0.36552762591035415  -9.915860008980747  0.8482264184801384  
  1.1020131393539034  12.565819650961004  -5.6819667914229095  
  1.5784855914516784  -6.213480528621328  -0.9383292433777815  
  0.07504425530919387  2.981664853981519  -3.21299464528431  
  -32.13403762255848  -11.335379377885987  10.315074806402444  
  -12.65564623729446  -28.722150833778826  51.291665324220155  
  -8.50371367893579  -3.7057597460739493  5.870398228762633  
  4.9405171323216015  7.054823580352229  5.835960153793602  
  1.3525376455987879  3.94686128779855  1.2864200270643311  
  -8.755527735125106  6.807595777411426  3.667440313508183  
  -3.427053764451406  2.4638465845930098  2.890616098631877  
  4.212568570806269  3.257593642868768  1.7854959858971113  
  -0.20850467220647037  -4.158151640666065  -2.358667564104608  
  28.265680653794313  41.31780476498497  -5.6871080296201315  
  -5.396905375626904  4.440660151500708  -6.205470812321052  
  2.124955495987701  1.0639783108985337  -0.5677197234133868  
  21.891075817063026  -34.897488947662076  -18.46876505374613  
  -12.1830454786499  3.6799219803694467  -3.699897994912276  
  2.1385067770223047  -16.584911500753712  -0.6968252604376557  
  15.255098940426633  11.293071185780297  -14.288292967814222  
  4.359908953404461  -0.22098631871897623  6.201644430498487  
  13.43578379963465  8.835496691786082  0.6473365400535817  
  12.093953988819365  -0.7022495377087346  6.5433954150687095  
  -12.406392745494552  -10.697154282455262  -14.068565927847066  
  -7.153349565162398  -8.98702144147852  -12.576670258590843  
  -4.224429079549187  3.5737526075823722  10.532031809383673  
  -1.847653473103604  3.7823446857179968  -3.372920422260395  
  2.598585997024558  1.9111518896834596  1.6635596151701808  
  16.628317714521106  -18.462572109895977  0.10189140280310348  
  4.15623050407796  0.42340406559749494  5.79120927923655  
  43.82652358416882  -10.85819880324394  13.365295260624643  
  -4.318233547194185  -1.362807319201028  -0.973161444388707  
  5.104415318885012  -2.891840485849155  1.0633687891196206  
  2.918791157218673  -26.527868784849517  4.539293402127602  
  5.095081931667993  28.076342067791263  -5.3968632113532164  
  5.163198766515408  11.904518008548589  10.95926636501422  
  -5.76277119242399  0.8482724051078276  2.7574297868170174  
  18.976259879375117  8.166981546561773  11.894757400696939  
  0.5189467853311498  -2.280865563315529  0.6891684619458778  
  9.117295810871601  1.8116311276453758  -3.6957914638662253  
  2.789535215499895  -1.7056617439218418  3.5074767708375685  
  -13.509595630465114  -9.935805310742383  20.4348397817547  
  -4.300970067260334  1.0122343155836353  2.490048399792966  
  0.7082263332880538  -1.1034762299783503  2.022826431174367  
  -5.605379970647373  -0.41435462711860954  -8.444472980881086  
  -4.778990058701945  6.9686667566524285  7.326447363739193  
  -68.53472705221996  -65.27352720178033  21.284837887441185  
  -3.2334122703886865  -8.465662713411044  4.660714607992718  
  8.71505246260527  8.912652129180875  10.188677413173012  
  -2.2658145547127586  0.9901857541343511  0.6684120986414145  
  -10.338547226686755  -3.292783498018721  -4.470793421451547  
  -0.8363953904002371  1.8974066848014608  3.4859019975721304  
  -5.121102597256685  20.39011006426459  -12.601207963472962  
  -2.403919701673465  5.296834198519593  -19.756412224247068  
  2.694578204351148  2.693111575636816  1.0186475982372243  
  5.6877627642416755  17.360666005372376  1.366930113400834  
  -25.572863451867406  5.133461205114852  -23.632808414760344  
  -0.6896804958817874  4.794052948880772  1.9702406945922437  
  17.6573392580979  -10.671534145768  -2.6585861805739968  
  -1.4182600231191766  1.7085050399091866  -2.0757863690984095  
  0.923501175422825  4.713924237045091  -13.66584655185753  
  7.7593964078782705  0.9963295957188414  -13.343537953645772  
  10.386569232453263  -11.257388788863892  -4.516642192168423  
  4.438500563454286  1.0828029807886632  -6.807117345307873  
  -2.957004498079187  2.4540230074691016  2.3373837181300567  
  -8.591715634476996  -5.644793349096824  6.737903861447957  
  -1.2222243818223668  -7.049995093042326  6.075525548827226  
  15.975802292238967  0.24640620423761742  -0.7218098570500772  
  -3.4651990087280073  -5.429193576840885  -0.4422403722871018  
  -4.826087754874407  4.4526803521615825  3.838817299753193  
  -9.538366174024254  1.1663276414633497  -0.6817624756596695  
  -1.8092613078686113  8.765043222185946  3.847750418958505  
  9.45397602690994  -1.044390370350216  5.034105457532296  
  7.285132975621341  -6.406550625812945  -4.826472993169534  
  -5.65052236328527  4.59886244546203  -9.983363071487416  
  -2.6068464391742854  6.7156379499768  1.9536534777048922  
  -3.1424322792111288  3.171405569466334  4.297128430067663  
  5.518012926399761  -0.8890622150605673  2.6239310914439318  
  -19.818211195510607  -8.012468566515105  -6.964470718191807  
  -7.736906394069192  -6.060453543561779  6.893995835653528  
  -0.7565950352770214  -1.4653294035461804  12.097497854020057  
  134.26235753422353  -22.3903112938991  -87.48440890486364  
  6.041226333586697  0.971537473925462  5.295961349655867  
  5.856814040290093  15.918773347124576  0.2624578756473395  
  -0.1193196650374852  0.03282978701394715  2.4308427127688828  
  15.682937456957708  -8.343280081273605  -4.721382514930591  
  -7.20623523731901  -14.72014504149541  -4.991839309314117  
  8.865712173376378  -9.06621589885476  -0.059457426377587205  
  9.210641961090642  10.654236031357081  -5.226204537295858  
  -0.5838425772652539  5.062974936031623  -2.3150577546043816  
  17.20248233187385  -0.2735688136520061  5.730334338815965  
  7.5097508590351545  4.224611765422458  -3.9833023096615032  
  5.036969928983365  16.481527078915995  2.2360905146888284  
  0.2579285377931011  -8.668868089411147  1.5672844167701634  
  29.420870876677977  53.30174438645918  -120.86117766201161  
  -0.8708203170892487  -13.534294837712563  -4.569572901788541  
  -4.640671891785517  -12.424704258342155  -2.102251066439296  
  -6.901096241687916  7.019682036349261  -5.76728871687198  
  -9.480765611160905  1.764177574387261  -3.5745499863870145  
  17.107972478646428  9.777106130931376  1.5102699351252076  
  6.097593039005136  -1.985689225942235  -8.039179571696456  
  2.412055616967813  -2.409087171207723  -0.3102241890753705  
  0.6327619617725452  -7.897543814779021  1.1594943611549413  
  -0.7395030123185798  0.8685476706369274  0.667963630659841  
  -14.57724992128148  8.963972767234877  2.767440856117761  
  -1.2959212782812581  10.192040715652041  5.245086455633671  
  -12.700428826735624  0.1904462457943654  -7.986685876392436  
  8.740689705210182  13.755479571323068  -3.438801688053506  
  1.7702608355759006  0.384203067696687  4.6929955158241095  
  -7.490316387215641  1.5714297208176495  3.528711586788568  
  4.717880454202508  5.366842927304579  11.294917646139922  
  12.393504385203663  -2.7091697060694346  7.292465217986798  
  -0.21759197480616704  3.2646162640529557  9.241681772251743  
  -8.549763449121942  -1.4369898919394413  -7.54742096346741  
  1.4866759260039706  1.7627880057693945  -7.281551157427159  
  -7.519514665825417  -1.9215449555063198  -0.6765597791163848  
  -2.9917167828693625  20.78005067052045  -4.333557203051385  
  -3.1329701066670435  11.021707454465718  2.6500837719605164  
  -8.46097116770628  -4.842581039276185  4.411026351786626  
  -8.133431454589363  2.3453825977462666  2.8674315314800456  
  1.4872398769983592  -6.88389762319038  0.6734913504205458  
  -1.5691458172775794  -0.8415793682919419  -6.242998334415713  
  9.787633957024692  14.89249158321264  19.433458725005618  
  12.5909865919289  -1.82228254480681  4.7972628048065795  
  1.6267922390087781  0.025818185823050583  6.891903419365426  
  -3.2165899433154657  6.157021472992026  -1.8933282997872023  
  -3.615258898952831  5.79894441160059  4.342027518402165  
  -0.33884508816439285  -1.8158884733505058  4.817165432462525  
  -60.138558210728405  49.81523183752357  192.9591618892389  
  4.743614725682381  -3.447380791587935  0.13194475333491856  
  -7.959639528575279  -0.42793480869510775  3.4829989973058177  
  -3.894808232738122  32.41629418085171  38.160047994877885  
  -3.6977952121003366  1.5115978309827418  1.4376103498840909  
  1.4139171727438058  2.465831764336224  2.0645649168899385  
  3.1516945347111904  -9.410578983574336  2.2876806316863716  
  2.913428237064277  -1.635466567557778  -1.7335076005321675  
  -1.9829372489432764  4.749819989406696  -6.818870041346263  
  -12.799042642370482  0.5761496256498727  1.7323195331798196  
  5.820521576825912  3.8151237620487715  19.29774424520858  
  6.249570176277683  0.716432901160191  -3.327975060978873  
  -5.287798956044168  -2.3017207196559126  2.524234646648268  
  -7.655757479700245  5.134762552911967  3.5364169395213834  
  -6.5534940614604755  5.0850130338628095  -2.3909238440468115  
  -2.7313894720845275  6.5124477956066  0.3491525095381241  
  -2.3414616926779277  -2.9000463458983865  5.380362572034633  
  40.103707317295175  -51.62482462510657  -71.0562517579776  
  -4.618746978951751  -16.164337109425894  4.975573346091293  
  1.3901903526163482  -3.1533673784322707  1.2572302616972444  
  1.993506216533725  -1.6326904915479878  -0.785813362242531  
  9.779946886391617  6.161520249945572  0.822305656685373  
  0.851492296628032  -8.09919334853478  -10.29480779338467  
  7.616933402172849  1.599262675990244  2.449463530122038  
  2.377703896276646  3.190890125126171  3.272423330593851  
  4.94351842489846  -17.07123895072898  0.06402811700864158  
  -4.993875306582297  -2.316878312509854  7.361941765300644  
  -0.22227128531597085  7.017451403136194  -10.615776179199818  
  6.743587274713032  -1.1028545365131759  1.8743956321767619  
  -4.1389692267247655  -0.09212167018338036  -0.571914510692939  
  -3.371300549707095  -0.39886743100859084  -1.0066863967436557  
  -1.7996460145578195  2.9948251106755914  2.1023866092133634  
  3.9137872514456022  -12.635301808867899  13.15982190711086  
  -4.65703399525679  6.4180781324244975  -6.78893209739411  
  79.45106545956315  -47.34022924294697  160.7213270375062  
  -19.770608117629006  -8.832796875730832  -36.614209456643636  
  -3.6178748933116447  5.829182054330736  6.48999437980182  
  -39.86414272350132  15.405920199024477  -99.9864846315498  
  5.419597169962688  -10.690152111865178  0.4341405078590451  
  -4.674397078517701  -5.0459650008205115  -0.7723763120973094  
  -8.312113971332996  -2.356333962146701  1.4354957406226574  
  -1.184702614213252  5.185456219657217  -5.491467627630453  
  11.534654625406423  10.091877105323636  5.104895635607772  
  -13.356025268345796  9.233226134442544  -15.803347812468706  
  2.3113343931884205  0.4466006210933772  0.5480065195039416  
  -14.549668239660775  -8.389798873891834  2.8106379323566886  
  -1.9952330724132088  3.75835157514562  -20.823404840610657  
  4.493867989245017  -10.050733879871883  -16.495633092291378  
  -1.7740986258596285  0.7199934221374507  -6.319830280888575  
  -2.318165685283539  -6.600102284374246  -5.2903499560451905  
  38.5231987501521  -9.465042001875615  7.317560794951013  
  -1.6594549884924537  -12.378078118673711  2.3506831582585264  
  3.046364312204572  -0.38042740591350543  -5.099741620465497  
  0.83970845258363  -2.3686794314447104  -15.516368279430175  
  5.158952411572172  -1.088081317127411  -6.4946855482042265  
  13.818409977305791  -5.533920710081889  7.405502917887245  
  -3.501438371802025  4.009744084909359  9.677465664340614  
  19.01439682278102  15.229819566152779  -1.1108252315476415  
  -3.0700419348088572  9.613697031132709  -4.060467867220154  
  27.300760410862456  -17.123609985289498  7.430547572389958  
  -1.8726988769972401  -1.8628632260123075  6.113173567909836  
  -1.1796815437013701  -16.962236061353877  -0.28525061485404624  
  -0.9758179101731826  1.0615706110144263  -2.516107174521968  
  2.0860825516260477  5.332414368916538  -0.35333952493478527  
  3.252503527396242  2.554496381576903  2.5185070576917785  
  -13.088403685607412  7.264614197353482  11.90692774712159  
  25.384070248699633  9.46133237378268  -12.809993949933471  
  15.166704626161069  -14.883371841835782  6.446220218285251  
  1.1211174034594222  10.298172927307258  -0.12372921060078974  
  5.954203840844548  10.97665349877835  1.3606096734561763  
  -4.631278677817805  4.950809356263336  1.1002241822616057  
  -5.849192110209197  -1.4264683701949024  -2.9381671694043487  
  0.8255872929974188  2.8824108484498643  -3.413042074325805  
  4.181561514783702  -3.753675903964126  -8.273690997289009  
  -12.642941568769517  11.238692192514005  -11.164159921092505  
  -6.009725532552841  11.989172748356921  -9.786159080468952  
  -0.24609063545515167  -3.1160381964103507  -4.0839566199760595  
  -0.3726049614047274  -3.073549213278641  -2.0782863209003613  
  -9.181974347046378  -5.999457617112465  -7.110039474978451  
  -0.9826193186068995  1.590862756145203  7.972549446893564  
  -0.22925237851276026  -4.325167328102387  1.2297268448883423  
  8.3719722098485  2.2800180430384547  -5.992780419668634  
  0.8021141708364264  -32.340829665840495  -3.4718414687355637  
  6.567502326003115  6.863563390546509  -3.2394983992490416  
  -0.1998082357520145  -2.25743192401564  3.419049581616936  
  9.130194770795464  21.263368102522847  -16.70694358247573  
  -6.12962665486391  2.63662378517607  8.730596795976796  
  -3.6421993124264027  3.811238166096534  -7.7239165441134725  
  16.12835823652463  -23.139064179345887  10.67879013838325  
  -0.7340560347182458  1.7390006020215285  2.8968931531351623  
  -14.966157673627887  2.875974174125689  -7.785704637394097  
  -7.766982257704534  -5.146576075129798  -13.050892260598905  
  1.918281774150696  5.376499352920114  -9.155633500677895  
  21.64136350122004  -13.185441171345806  2.6081317126797297  
  -5.143608360195334  4.00831643397965  5.318651103969249  
  10.099916458401706  -4.948401734570689  2.655136054560224  
  2.0230915416339252  -0.8903911847009696  -6.252881566335528  
  8.752721807095291  2.5356922142105307  -1.6678826812783338  
  9.6076327357186  0.9944597371703292  7.779048314078248  
  3.1503910662580754  -2.062716590435163  -0.5395766161140546  
  22.918234665903984  14.262819427402365  24.592759347949507  
  -10.036258544688504  7.528493126296986  1.516930526232205  
  -1.6313357415400302  -6.688507927440286  0.9263132222244405  
  2.531956789123735  -4.652826771080491  5.565683296488558  
  1.2567353649709334  4.430013853652108  4.861782930816851  
  -6.780707776838339  -5.397962409272356  5.499862104909575  
  28.838953716705685  28.70822515579519  -1.7377670379707901  
  1.3268360448907954  -6.867500510965753  1.860165861684177  
  6.062773647407175  8.858529288929327  -8.201919017359149  
  -3.6697394832151957  3.123786764885061  -1.1151602624108636  
  -9.39234646567771  2.4236861835697883  2.694145289653705  
  -9.557071160029714  1.804126485861275  -3.552947703206206  
  13.144528647842243  -4.458172937690744  -9.820691371286978  
  -1.2749370369891735  4.125588321027875  4.297344250534671  
  -8.733233698982387  -2.0358200109685343  15.858279577719022  
  1.7991324014799706  3.971642482881074  -0.12883217017450052  
  -0.912274347346432  -3.0283227830349158  -2.758397391024171  
  2.4519097551613664  9.229735041708647  -29.974551076130282  
  -2.5402241671451358  0.8146933844703664  -11.517796744796236  
  0.9690726308328107  -11.74085561987543  -3.172601396606271  
  -4.944828285259672  16.125018079144358  -1.3127563241242737  
  13.884932749334885  1.2703107292207052  3.764389504836923  
  -3.5550228686280407  -16.62564264632734  1.190857568545466  
  1.2277307403277957  -2.376567719228421  -3.7122382704400954  
  -0.18598319346758707  -1.9146884976928418  2.2059192271336108  
  7.061397304031587  -1.5328047461923184  -6.4919906599234425  
  -3.7557545900861244  1.9274284277139293  0.7674553801734155  
  0.9334437727200152  -17.564901211549977  -110.03743889405492  
  3.578389241725358  4.917066225151372  -14.96466962874162  
  19.78755882053499  19.452867197955385  -7.95420145300841  
  2.843815010901415  -0.9286506333429978  -4.624160805448757  
  5.008176867139184  -4.432603687931646  -3.0328316310806684  
  -6.332144855560037  -1.4873140184841458  -5.615310993123295  
  -25.346037049428922  3.326399910404814  -7.8248279512321615  
  3.249209930160958  0.2207641263597487  -4.964725309526513  
  6.3519346233920295  -4.815326773248274  -3.8261610479223505  
  11.831542238700587  -3.4309608593496987  -7.253291282972853  
  7.118588941261829  1.755402316507028  -5.192912303222632  
  -1.0794441141824287  6.540374891821426  -6.65560942583215  
  -2.5360989217799363  -0.3935045799274703  3.9143877742747515  
  -9.186258122448505  15.846277041719208  2.775078576119793  
  -2.987895531142501  -5.027934538685833  4.498846932156993  
  -2.778686919679148  9.352163881629485  1.2219042490950227  
  -7.1395592611416  1.0939006241204297  -6.67674263378628  
  14.368889028891378  -18.969032390137016  -0.7183213084316253  
  3.8925521838881476  9.189936560720444  -2.2745281246124054  
  0.2697161880100336  -2.200465102901896  4.264919227456927  
  -3.4135194430778615  2.673749765843145  6.761518555992449  
  6.641804810006921  -2.025549444012561  -9.002525579689726  
  0.34062703929332017  -7.994885212828165  6.105247857761036  
  4.917058327519424  1.9731782015690036  -3.4902902238272384  
  -4.816758032699139  12.28637854598167  20.033417676100054  
  0.845776075075594  5.456251674629242  -2.9796991347368023  
  10.245929743811626  -15.055035837033989  10.304071871103373  
  4.909946677734414  9.875302394436146  3.16212313754916  
  14.761238425258766  -34.023514303726095  55.303382683933876  
  7.468570485584131  1.6911671884977224  1.4053752859312771  
  -0.6442988703471961  16.841512037223783  18.822653827582577  
  -20.58458236818232  17.382960480877447  31.693157168174473  
  8.527800633558117  9.10175153980752  -29.691090669456752  
  -26.17019725787938  35.37863219440249  -5.771749960323409  
  -6.869905426288326  -1.151579299880766  -1.8537906620986393  
  -14.979658784168219  4.937437273685364  -7.661276034844473  
  0.07808979131551462  -3.7057959139943106  6.2732976947212835  
  0.386945701949091  0.6721540014007573  3.8839010235412057  
  10.741313539277627  -3.821252969794395  2.9031590993313277  
  -3.230849449006353  12.260412454845998  1.7569214502700954  
  -4.495783114711126  -7.70977604884936  1.6429683657266836  
  7.229334040108501  -13.97492003242854  -0.9710305069158145  
  -0.020045971298494808  -2.656773688107483  -0.38646988916263003  
  -5.79442169118208  14.343124078034824  12.81518621010452  
  -12.263887901678334  13.867087611671359  -8.621122155176947  
  2.823899923051176  -3.1281307853289473  -13.615457342150249  
  -12.813357901558234  14.337397412626913  -0.4349109342928667  
  5.8537832515613735  -21.882745750322638  -0.7457877239211902  
  -6.330984080835046  0.04574933492547575  8.696022966316841  
  -1.846901188654475  1.5657682292088384  -0.8642797431578377  
  -3.6515091847594925  3.608762102811012  -5.799987007652675  
  2.2537474293874293  2.4686215133482254  -5.907314931630379  
  0.4047924034624078  -0.9878038781188144  -0.8424166010307542  
  1.309302098999228  -6.116581630144969  8.768054140396641  
  1.3849806320685452  -3.1577432586729706  -0.785613741730201  
  -11.181506936372097  16.310081689865846  -11.68410380067355  
  5.237754647942906  1.7053130683323376  -6.118049708420233  
  2.5959479105775207  -16.015978334444668  18.696661340613538  
  -42.133373492384926  57.621854226575984  -34.53390046651807  
  0.7696773809369476  18.05444724004519  4.889349493832592  
  0.8691715375034518  -3.362714579980806  2.399425574280899  
  -4.892593568652536  2.0661443232185763  -0.21540524248376675  
  2.6458020866827456  -2.1880977853299672  -0.03044493283402865  
  -0.7128085133116312  1.6923540610164947  -0.8179752250966593  
  4.07857840190625  3.336749916337278  10.225602634598392  
  -4.453675581848542  -0.6725213088968102  5.555054751286928  
  11.716758555406095  -9.514549619954629  -8.52980249640369  
  -2.764415174933131  -1.7341719871895018  1.3179541791834362  
  -7.357574984441851  8.671175214099126  5.687273862428971  
  -12.196285830889373  9.790967492640085  -9.656884231224057  
  -2.1015789627304517  1.9667814446303158  1.8322229934734382  
  6.091515877284398  11.46511457249097  11.06171581114424  
  2.7889421945076442  -7.268532709491517  3.7919823295370536  
  -15.744780444555904  -1.0302498998939817  -13.875592403413366  
  22.16695771941454  6.611519026775127  -20.684830150232788  
  -7.825415735217943  1.921925925622286  -8.628447464153519  
  -0.7747257482040808  9.794003777938554  3.7495092510616104  
  -4.007832723462295  0.6837662244675654  2.8655798521231057  
  3.603496991472411  -5.619154031402377  -20.280089564259622  
  0.6365143934116433  -1.052588473405929  0.04639921718242468  
  11.42758170163593  10.996426954935242  66.47191326548455  
  -6.031121862670291  0.933325210277841  7.673320821045383  
  1.2552817179796973  9.015455533554263  0.0029606256718675747  
  -3.761441095059244  -4.419401126012392  8.740413580469626  
  9.685824986726361  -2.178574877495324  -8.575380774600498  
  -2.3150571045902177  0.41381089675069654  -4.094142633086027  
  -15.217380316676373  -22.048831560418424  -6.56557868635496  
  1.0735867942462185  -4.313627788657452  -9.913508454456137  
  17.36993692029044  -9.90299203499704  -14.165803015975397  
  5.0195143019875506  5.949774968452097  -1.3087993880227995  
  5.414952604739368  4.5836008147555285  -2.748852914756971  
  -16.02686106909407  -7.685116955393019  -24.945067878461266  
  -9.69378790350356  1.702174626547844  3.393248808154068  
  -4.867401514721789  -6.822147599144829  -1.6032569544533353  
  3.656521840714119  1.2087536598965851  -7.498548776046319  
  -0.9997939006346943  -1.1931928684209947  3.4513698942190323  
  2.508162963626122  8.03486957834616  0.20724299730523668  
  -10.45491666848069  12.330066304967387  -1.549882501505967  
  2.978305698347029  4.8893522103024  -2.6163170916771565  
  -3.4470281363249526  -0.7682755861250032  14.042300838131663  
  -37.50284196569421  80.80341920027735  13.010357546089189  
  -0.757275968053258  -5.7817639138133435e-05  1.2154222080360657  
  -1.1591399642266271  0.9344809698303137  2.0132527637007707  
  16.602812416180587  -1.5631635037536924  1.8824405241216227  
  2.6834510713619992  -2.530781618347514  -3.7050448463293044  
  -2.8762232836037094  -9.053629069247588  -3.8180953248134424  
  14.446636789710432  0.2606803595954216  12.638304072848964  
  6.143326001872162  -13.68769944877143  3.000842142749533  
  7.254030393607733  13.15314759922547  1.214610152085978  
  1.0973454973574717  -16.485454763787107  9.896686414776337  
  -3.8857296282987615  1.4304513968932437  -2.8512462001539336  
  3.357922952689865  4.008057818050591  -0.43594372689201616  
  -8.00859010385624  -4.049682662962099  -12.921460173613232  
  0.2779071277096058  -1.2917498740473754  1.0641634769046127  
  -6.448397623726898  4.240749436777315  3.0180456392686175  
  2.2356964263168715  3.112516424557369  -3.6670475090534733  
  10.98151677859618  1.3366295869499962  48.055575048068  
  -3.1752517744966866  -12.272628975233772  2.85104585471507  
  21.4676300731024  -2.7977872157789285  19.048741601488345  
  -2.172576907191484  -5.727043195542811  -17.507998724421952  
  -5.5842603949569085  5.208983971428978  10.23733011522054  
  -5.085950064357684  -25.42042626042287  14.34103138678041  
  -25.085957819734098  25.864656571605394  14.291254683712365  
  9.70255863980587  -5.052118854556968  7.471668948372575  
  2.585559525076739  -2.7624342451841892  0.4760748483367651  
  7.268922250999973  5.773026965154924  -0.8399871550641587  
  -4.563722181790847  6.39813668915235  2.1252731876597637  
  14.80341680361701  -7.922374284412566  -4.738994469947056  
  0.38780852156695333  -8.415378691967721  0.6184777905542672  
  -3.9514321476536787  -13.971898328686313  -2.0375395926385917  
  -4.821473446503862  14.833014129554375  -21.973315058094293  
  -1.1955651800779048  3.484820886749629  2.469284614650886  
  2.6804604962160328  3.3403804926978187  8.2613689444259  
  -8.078669367451308  1.1961647098945594  -1.2789634063437854  
  -3.491486985998828  -4.669945695730642  12.429879145250256  
  -0.5436062192446863  -2.392838358937276  0.3500604814992242  
  -12.47997539186121  -6.144791774183272  -4.692301196542835  
  -2.056033663430838  6.745590388882255  -15.906312949172307  
  48.972253406959744  39.559063254729395  -3.1173177437350095  
  -0.3141402464371445  4.514430034857933  2.080728496736432  
  -3.4104703488040338  -0.8649180074085872  -7.170191294634264  
  -8.71151853917219  -3.0034587201170155  -1.8852196539329085  
  -5.06660711533529  -1.0590800081533196  5.500145288969971  
  1.5793334533516648  3.2286080032286866  -6.881252360356521  
  1.4361872621266971  6.986886501364884  -4.032720569077511  
  -2.9015584716586655  24.28272266180677  -7.998788824672207  
  3.3271741924581493  2.683639552699196  -3.7735343893396824  
  6.201434864342314  -10.871371212930184  4.375814487997448  
  10.829319651735815  -3.213159107076351  -4.320091982847633  
  0.4343072834368217  -2.9824704993158444  -11.321343733676024  
  9.978297112679384  1.1319407914601947  -12.78659134064334  
  -2.853467606402997  -3.471878821634229  -8.51027684926729  
  2.3216359485721068  14.471683627157727  -3.2176727466266324  
  -2.2533679077328554  -10.19696695263017  2.63299261297913  
  -161.53372823964932  -66.28710648907368  71.01967579798198  
  67.35512578646326  3.011394745403985  -29.379947798905057  
  0.740831700865693  2.361963944928295  7.971719843394493  
  -0.456752337571005  6.610893167850664  -3.1684053517168995  
  -3.156762567697816  5.661667349736886  -6.88657339617211  
  -2.3536930594325014  11.911570985733492  -3.2119359359576234  
  -6.80672110667634  -1.8856732348716596  0.825980028049278  
  4.546063613751864  17.554903963885945  6.991992480415751  
  -10.192906193084934  -11.69953172801945  -0.6819372348348585  
  1.7867834713285267  0.34903323144434295  9.16762422197274  
  -0.0715297240308972  -0.780657073361447  -5.107415404671728  
  -2.7676978302845976  2.621177155015972  4.623698926656419  
  2.4931390716856456  3.9856212197111  5.178770900371321  
  -2.0307640267227622  -3.9050028646245605  -0.7936393367732231  
  8.547561893349288  2.7342813290063464  -0.764102974059617  
  -4.6815879370255935  -1.0075300841739887  1.9251817776323645  
  -1.7689399079718  12.97079715707563  -6.081052984683086  
  3.282914654170955  1.9496506764768387  1.3428475846312267  
  1.1055095995899322  -2.1746616666326988  1.6185874036437322  
  -6.044279612569651  4.637505632775325  7.750239932510392  
  -4.1189442827188785  4.9176419471683674  6.738311420020204  
  -13.586307108926592  -1.6480195647781648  1.01217435250333  
  -1.6099127417218109  7.563226122018829  -0.6244969394798568  
  -5.089013772089341  6.473643741671739  -2.3873949867299733  
  -0.07602237207319733  -1.0080693714637146  -5.8244387763117125  
  6.875423579545435  1.5034135861836995  -3.6289661281289716  
  -3.36031987591261  3.988463775769169  -1.8442144565474956  
  1.7942397552556382  2.895058427684348  3.889799273863098  
  -3.9673317000593804  0.6075859097453518  1.8050141552287957  
  2.423884206725588  1.2673437075634075  10.497854737799043  
  -0.8856360785511644  0.28043356332128033  3.868179505666161  
  -2.719984164618239  -0.9688807204215809  2.445269919120608  
  14.230961979959254  19.82286167399196  -6.010483223858731  
  20.859030869052805  2.240376911145293  1.863584606231721  
  3.092811204355809  1.9754956523487786  -7.722068550104649  
  5.965615071643264  -1.4637850292128214  -0.7674537497071122  
  -5.121454562852117  4.438871186952963  0.38050659556149663  
  -9.00511475528585  -1.8709781655332172  -2.593180854398797  
  -11.55535942399434  12.802273831930034  1.0875494501360943  
  -14.296217260906108  4.5810610008883845  -3.8407362457719234  
  -0.8714002807214315  0.9666458403426392  -3.794655430011585  
  10.160673873845175  -1.5582137709004322  8.673036138388111  
  -2.3537203361355368  -1.54494887458988  -4.012195462324821  
  25.48450257660304  -14.418885996231166  12.643951567585704  
  0.7054396304919504  -7.372951502861958  13.643825508106408  
  8.984593772796567  -5.839416636769417  -45.512303859647794  
  15.119222010002346  -4.9908865762784105  -3.8959159471088056  
  -1.2755055751396163  -1.0433750941899664  -0.8403812098929005  
  8.088976374775045  4.880826721489198  -3.277588917194592  
  0.5810652160664235  -1.379579332488116  6.085860393164541  
  6.516477616324234  1.120832360683087  5.586676235796104  
  9.45093479268527  5.808544089079046  -1.9415273368187695  
  0.7403632745335386  3.745085724488102  -1.4612943733204857  
  6.903291001322856  2.9529085783414155  9.490632726697095  
  -9.788347162089465  -40.94971408196735  82.96038425721316  
  -6.241315351698091  -1.7015728354270991  6.404676425638793  
  -4.181481656015176  1.6773358316967095  4.982691439272857  
  2.354796397810987  2.7376928029952827  8.099147820422527  
  -20.571229943822193  0.8530118392418696  -7.121804526350283  
  -4.507173072057874  -2.204811642604836  -3.97067229675601  
  7.42294830422059  9.017214530643718  1.0043448879871797  
  -9.9972072153031  2.294797975912908  -0.7535931522913885  
  -4.9994394823955455  14.195596109855487  -0.11069303483485197  
  -1.9986919037180997  6.439917898764483  7.948470694767284  
  -4.520060164480623  2.462458544381977  -7.845324829291922  
  -6.017771129913698  -1.680193326829126  -2.7054781826137226  
  10.366188775892205  22.28988695530737  16.33021891691837  
  2.7688267447177077  -5.356957275943109  1.5485135990640042  
  -3.982201045912594  4.237320520160829  -0.314656031960271  
  39.17834299177256  47.785455638435224  -15.198605501874825  
  -0.71772814927362  2.5096201507495186  3.31722627191286  
  8.3334543914299  -1.5829815812309855  -5.48870793342778  
  -6.829150639772248  -0.45580599959942086  -21.403918326850206  
  -2.287944207881172  -0.8261047672072002  -1.897151632819139  
  -0.6916494033818803  10.925486645788546  -4.353825951367456  
  -1.2099563985123856  -5.140431597696651  -4.1768450911310895  
  -1.1858946505715993  -1.0142663849291196  1.9784923788052893  
  -5.44936818294829  -6.84876288472863  -0.665591148547811  
  -5.650129750939199  -8.287097650709098  -8.320736925261704  
  1.9379968279691038  1.0986490237899866  0.6536486243662796  
  -2.5123768421510175  6.638045210523505  3.6869236958787144  
  -0.49321775840027976  -4.6782742053046755  -2.516778257372378  
  8.703651269965517  0.11161415822294264  -2.91741804011878  
  6.579880412850522  -2.609878551674602  -4.6697547127282775  
  -1.6057129013447184  12.543569872461763  1.6143814449693867  
  -25.66289225799861  43.92915642272017  -6.420387864283628  
  18.527113540158656  7.448931564232213  -1.905931767463549  
  -1.5979597788567212  10.022768113622154  -3.0895147994662056  
  -13.006415509795978  -3.560532355149531  0.3651155249056239  
  9.66570646400856  -6.134817560061763  1.263657735800542  
  1.6810043081844346  -6.9939971010499615  -2.5353630686305633  
  -1.3081532384096053  2.4751270578657523  10.100083896106172  
  1.5462586828911653  -2.5063277637170343  2.0801110259341264  
  19.243013609505653  17.549300026169846  4.309237362720239  
  -4.7784207781203305  0.9598325730189513  -7.562961615356156  
  -1.1249321954680274  2.1616436460319117  3.2820477162217454  
  -2.8260999685784847  -0.5791769688898611  -5.996606492960365  
  -3.4458968664350587  8.326366515777604  -1.3550070435278585  
  2.4410103330898156  -5.376079699148751  -3.36268455486982  
  23.2062041285539  -7.203309618938575  -0.4852032288698126  
  3.1581520144691435  -1.3673638060421192  5.41148309975119  
  -5.2821887990408065  7.299332959967822  1.5815074195802947  
  -10.084895938409206  23.236243241564416  -12.989388072880425  
  -8.676522553202203  -2.029614223377057  0.25210933489575765  
  1.422852475481601  2.334774138557735  -6.891426454494395  
  5.2247015602278  0.6484074178134241  -1.2646051775814626  
  -21.421629390227146  -1.67670215280964  -10.12784087641201  
  -11.003644549582116  -5.385508199336465  0.5292010166896187  
  8.434063294125654  26.173436132162198  11.945142469760922  
  -2.8484437090162644  4.56738237805002  0.8968706632524781  
  7.144473611223068  1.0032585363400268  15.479296803699803  
  -0.8798066949281874  -3.392676254345632  12.37177947460527  
  -6.152152828814788  5.85037593883439  2.457591957513397  
  1.1771731541110595  1.407003480555705  1.1271169005148363  
  -2.2697786541708758  -1.9232869034898896  34.460114166229545  
  10.81000084966424  -1.3670434039780484  -4.172677992451759  
  7.339504289043597  -1.5806271500894702  8.78597117852831  
  4.185831364456858  -5.540871706200528  0.9316482054457262  
  -7.009029380211655  2.6081895375942703  -5.274225136955217  
  -1.5395378466367382  -7.844749716244566  -6.5192552179459735  
  6.462036483651278  3.0619636583189815  6.0899092698068245  
  -9.199461270612675  5.036179370029223  -21.30630251000931  
  -8.765070338209695  3.399966750424333  22.259767740827733  
  -1.178678742861081  -7.455914962939806  2.5587776560769573  
  4.992609531057724  1.035852917541443  -6.244428337437113  
  -4.601092427237532  1.431551936738383  1.1979571766620047  
  -2.5214727494860987  -2.0389229472778285  -1.1133492014582784  
  5.798904090495275  -2.153503047634662  1.6866767576439259  
  -3.5440180488305497  -1.8113364536488261  -4.649667280326077  
  -0.17937753371234239  -9.054111930045627  7.395740266257572  
  13.197660513316421  -12.722987945537716  -4.0335275920253695  
  11.70832290262879  -8.122956000904729  -0.43048584143650054  
  -0.840945380335128  1.0379601984618068  3.5396161650842664  
  -1.176564435309785  -2.3453863811109517  0.09795194459781162  
  -0.7581733001978538  -0.2246150252064318  4.47391319658409  
  -1.0883528874527733  17.011548681672213  6.121930372413107  
  18.99009170398705  -6.419830862390605  -14.472452783974258  
  20.723672711819273  -50.5366087663344  -35.54899692101304  
  4.467572258841171  -3.0639138891874973  -3.104227703974658  
  -1.109706329199723  4.6665724665933155  5.647469423639352  
  -1.25085541260613  -0.16667226238305677  0.7192262054756228  
  6.071888633507553  2.77313878165102  1.2035479466783758  
  -3.0468933427370413  0.4599984460604586  0.49955507587519005  
  1.2368246690320794  -6.774897196797499  -0.1515439355116541  
  2.0460051050174135  0.4529512150309589  -10.621113443757752  
  -5.213664016939842  5.141812030448392  2.650076522483725  
  1.5718427639885992  -8.05664937855805  12.007075014576074  
  19.133256722118883  7.22649972424637  4.606956586769324  
  -4.263920006216438  -3.5030162740435493  -4.338641348711366  
  -5.0459924218026435  -8.085971263762076  0.45396752939226603  
  -8.049905083007276  2.963085235778142  0.1989610184640514  
  6.934272821712469  -3.92287808932873  18.37055645565696  
  16.38388884562732  -5.533553874574734  7.193513613183823  
  -9.19275815245389  -2.449322314135082  29.17155288134911  
  2.186484270938035  0.8655930152581921  -17.428404283566955  
  1.1534430930656334  2.253209034850873  5.580282704641101  
  -8.613050914276313  8.040054911104793  -2.7454564726197934  
  -5.37332716069155  -2.539780346658019  -5.942706716187359  
  11.08910228982187  0.3230435423331233  -8.624860572542202  
  -8.947358316840921  -1.0663340794651066  -2.6523274603898512  
  10.563183260194347  -6.0428994520681085  7.071870884144494  
  1.1224245494256688  -3.4623936791439136  -5.156392181913135  
  -6.266880904912073  5.490736269155973  3.282005731758454  
  5.857461073160604  -9.407553475557608  -1.6773279708709703  
  -47.68197957778329  10.144838830070182  -21.541383598346187  
  -16.224008736807807  -9.575260351346106  -40.787690139891  
  -15.895151652640262  -3.6068965519215124  -6.067714303476897  
  -2.964455450299196  0.5333848364589854  16.71969261635102  
  0.9554231114156234  3.8121863120206543  -11.088115113651657  
  -1.216319266979826  -5.078150873699308  -4.764645543489825  
  -4.491867771513388  -7.511076627270267  -6.449018639043692  
  1.1975146376632009  5.0879616369182825  0.3718710644098771  
  -5.828848375723898  5.082801747562169  -4.4599983293879735  
  -10.122868548929485  -26.877526875527924  8.408689322328412  
  -5.467000464344143  -3.225513320604871  5.426106974566742  
  -5.085782139443542  1.2259552810176335  4.397645885574286  
  62.096195933215995  22.77673948338496  -13.277567695285093  
  6.57640602745116  -0.39148206738586716  -4.982452840958915  
  -0.5803938837994036  1.5596521880633  1.4405696258475524  
  -8.074846663480624  41.39474177092219  26.939326398059183  
  7.023277170958022  -9.779156805423758  -3.758168222463069  
  0.5550217294268153  1.414032041762135  -3.945250312205741  
  -7.041134695311268  -2.5273321185420627  -3.72615925375034  
  9.132311288204436  -2.5576192311845354  -2.2028289909728587  
  17.799952660722507  54.17569376241004  -4.712986747037723  
  0.6403156605279666  0.5300198552827692  -3.0323586682527433  
  -1.4311871231688544  4.082002695753018  11.670163298249719  
  3.380675905017482  2.5659975398664625  -9.811081037586403  
  -8.889546353479693  7.843043694944645  -26.619089973584718  
  -3.9492330996383496  -3.807549353520373  -3.4048995030911042  
  -4.026023023632544  0.2598066751517804  -0.03690672463670468  
  -3.2260247767704673  -10.434504503242637  9.466214665002108  
  -6.338526600523709  1.8010624368259711  -5.566012856267327  
  14.14222466178268  -1.611338728808844  -1.090804362404979  
  -0.6814661020689379  13.521072904769083  3.9405340565370053  
  -2.505274226866618  3.4361840647819153  -3.0545113997379105  
  -1.0108191407792333  -0.08004723549732391  -8.095759228143375  
  7.89808417594501  2.221457958571683  -6.191583682736588  
  -2.394573005160685  -0.8895259060208264  -0.5584281416504424  
  -3.766681920470323  4.472106824846469  -1.4403771198798956  
  10.487668877956942  -10.29821144540821  0.20070934076950875  
  0.07152122214755297  -1.4214333553541154  0.37724572502289944  
  1.7254051289167098  7.7319549647668095  6.499519091138213  
  -0.5557990564899788  1.8503349961728077  -0.5495182352708198  
  -0.21422015156773577  0.18150480646405398  -7.7632518357023  
  6.679041135480524  -4.6483446873574605  2.3925912279038335  
  5.667222123626883  14.551191585240785  17.70106983768122  
  1.539631859547113  1.2206561845922395  3.6493846395826632  
  5.975470208338218  7.547456860811744  7.761702236643784  
  -1.4977186070404163  -8.632589274933338  -5.215263839965873  
  49.05607944513017  -34.65035097809432  -35.920592965851085  
  -8.207645442379777  7.372022410051522  0.9995118751696311  
  0.3515891474106521  -2.1514514562330693  -1.8166423923456958  
  18.185719882100067  -2.5870210086214165  0.48778106412260996  
  -4.053262578499625  3.8007872640172917  -1.0702659766983984  
  5.47902991586073  5.952023141212268  -11.023386363191472  
  1.4183483846090608  0.829139595628564  -1.9297730831080133  
  1.2532057255556797  -3.581605559804119  -7.729447020503493  
  0.18888748765836208  10.656542033308105  -0.4795941489840047  
  2.906446784559264  3.6151361996204048  -1.363067792036753  
  -6.539292059085312  6.391721284629863  -1.8324887313421725  
  3.3801174967314074  6.263721709747368  -3.345566311677544  
  20.79216668715388  9.427654319824224  8.600512547251457  
  22.8313236178601  9.965752528383208  31.02144402699343  
  -2.3383888734132197  -14.70610894112489  -3.700499978833312  
  1.0231798086007238  -0.027399753735925587  5.318077998042604  
  4.960541856211429  2.828172649872003  5.782666455320983  
  -0.48337404654453536  4.064617629899626  -1.6307997486763055  
  -4.255466938414472  -0.3424468274544689  1.0783743089916624  
  -4.734853917410348  3.919973729912518  -5.132509600571271  
  5.6862041780141555  6.172460837354213  5.09547595340086  
  5.571979312943296  11.130899657871645  -14.612767874466554  
  2.444723894495616  0.028693860003649905  -2.180725182285968  
  8.379181140015882  -1.4712048831301006  2.400748907325942  
  -2.5272835310240285  -12.964851304008706  5.249053054598324  
  -6.607510291287997  -2.450272740406226  -2.2633652959501243  
  3.571867117502389  12.332434608615214  9.120483231658872  
  -10.955288298728458  2.7530894141568414  7.4681580356313635  
  -5.904450515767542  -0.4795583944564618  5.599832364383083  
  1.939134979118072  18.732587181350908  3.5482422713214152  
  -6.839321588608903  12.47349733771266  6.486356536190431  
  -0.9035418575039625  -6.195303735715591  0.06869639989697984  
  -3.4062441579414204  18.726250225713255  24.923823221759136  
  -9.948586040989031  3.9622583328240317  6.18441663239219  
  3.391996990201451  -1.3661561610726343  7.996655445803976  
  7.82479967247663  -2.0534532493675823  8.01605310649536  
  -2.7038850780915804  -10.29523230391301  -1.2535854265615094  
  -9.928164545352795  13.782267310985146  4.602095089019266  
  -11.249780592368765  -8.94931897928883  -13.404790304275595  
  4.689043491374775  6.086185335341671  5.123442052364562  
  0.5075713134996505  3.8708389601507966  -1.5303783321179953  
  65.4366275354677  -5.1948507314626  -24.24791394956801  
  0.8917135019980706  1.590011681918829  2.1760439160231684  
  9.134179706046  -0.4142024143921946  -25.024047670094017  
  3.072165114833515  3.5184885375619723  -0.9270331383422331  
  10.700175854414272  -27.46211127021914  -12.446875188237147  
  5.4381079493093045  -2.0804356769380212  1.5999198291776267  
  1.7022537549211139  0.3650659750961168  -2.8753520663309673  
  -8.572570525688281  6.840185317343525  8.021249414271239  
  -10.017824464133362  1.058772768713505  2.9591526713852163  
  1.7036026837918576  2.385828451740168  -10.211090094789084  
  10.816366931198411  -8.398210933979243  -6.798134905565002  
  -7.3453756575039035  6.763272577590564  0.4569367906783062  
  -14.280702238598876  1.0082501727988777  5.952909647818589  
  -9.760641628308697  -0.15290149617774768  -9.56768477175481  
  -1.4770037907157303  0.26537979925630106  9.751070581876895  
  17.13364062364364  11.430320230787643  -4.1440966076041175  
  1.8281873288941397  11.037215170296887  -2.3128044027453956  
  -10.152803728044171  -3.2673621703464772  0.706276334592473  
  1.836876653497292  1.8273911725986085  -2.83498823755453  
  1.9477780478292424  -1.081314749938756  3.3575654465806934  
  -8.410461406349347  -10.14005739931708  -11.976197922219797  
  -5.835030942870969  2.4207445772076968  -2.934977553319848  
  15.791980629550544  -19.169362681877715  -0.7960097895612896  
  -5.702620708300327  -2.924301186564844  -3.4628083268563685  
  -1.1900317500504174  2.4625325815825656  -3.881538587068643  
  0.7394622349729548  6.334834699485191  -0.7889080857282799  
  -1.595669790005871  24.023669009980512  14.014676017825776  
  -1.2235126957583262  23.036925063540938  14.39492969138936  
  2.4544581322224106  -0.09772303695114969  -11.380542289296727  
  1.2435432277550265  6.187635170193608  -4.497180833768034  
  8.211880116708295  -0.16454101870263038  -14.35895872392892  
  -2.578793874547366  2.518367366835731  -8.607836884531034  
  3.51275950398355  -3.713035729867293  1.945074474597452  
  -7.348578389413004  7.092159439134041  -5.233261630545708  
  -0.43747724070650656  -0.4333042179598  -0.9951756242325197  
  3.645820660251445  -2.0899603118428627  8.184388517077302  
  6.419547529133119  -0.6936032888717287  -7.3776564935355555  
  -10.610803045829783  -0.9693353347354573  4.3135849755561  
  13.17845381147175  -1.8532156364452919  -3.2373831940447246  
  12.65118579990009  7.7345863622082565  -4.922356060513158  
  4.593306864823088  -0.7423072867069052  7.590027770146194  
  1.7132614676093847  3.245687363495378  -0.06623170865937236  
  2.8480076194010806  -7.176911240615866  -7.293851118224167  
  -7.289489775039753  4.732781116780822  1.455946917422287  
  4.2736510865481145  -0.3657000224478788  7.193605995328257  
  -1.403897852442612  -1.1377540092704403  -0.5633387723631863  
  -25.59756674636582  13.850482744974556  -19.020493793258158  
  -6.901774755063131  -1.5356132594385552  -4.30378124162723  
  5.683783955577256  13.577560192018872  10.244186848383588  
  6.566023011086484  -1.9365634891560815  1.6307111408320536  
  1.3502943516431705  3.731457086623031  -2.2561825359051446  
  2.4477085466717785  3.784205211828549  -2.945661349938123  
  -5.1993691045508985  0.9242589878783684  1.129405534760236  
  10.355415821311725  -3.5562971477145684  8.668224891010745  
  16.56633524640158  -1.9376869517997717  -5.675394520571692  
  -3.4073173292144534  12.28318891350172  -15.119832249944322  
  -10.470566715171188  -5.353799591096543  -6.255465101172098  
  5.4251467214990825  1.9129017342831238  -2.4356621950713055  
  1.0149407885713144  -3.6091227382436997  2.058502564609906  
  5.298741091796514  -7.351063749472605  -9.783016193689232  
  6.818581967867171  -5.481585680758517  -0.5011897902965485  
  2.790535603272823  -1.7654662918406152  -2.7972845824146013  
  2.159186377332178  11.208622111924363  4.002225165467671  
  -2.8885829123151714  2.3689604050417876  1.1605249142608793  
  -2.6172118777055737  0.5584205562380994  -2.8725023735829542  
  11.83402147833082  2.954313706878208  6.025044996128334  
  -6.92218114222929  7.051446582478013  5.367984385763165  
  -13.44936415323652  -11.84363589687686  8.639022521895047  
  2.9842498475626984  10.091547848591766  -9.948760249367655  
  -6.246846584693521  2.400161453474385  -0.05298101409356202  
  -1.090626280718847  4.718996125233993  -10.147843181281496  
  0.5933684890720192  -2.4082343836198055  0.6702968563034499  
  0.6889135638060933  2.8582468079518395  2.617008740287117  
  8.606431811888829  -9.774802523980044  -3.3312995656310718  
  -3.331347209955136  -4.008854796956523  7.723452858306022  
  -0.6732759793836345  -1.6182635219503612  -0.823012262772132  
  -0.5317391234764328  -1.0233839079355886  0.07370964463376656  
  0.4928903794242867  -7.580879074379805  8.705383669535646  
  6.92203735625968  10.242668168642757  0.7358255764631532  
  2.5954336529961046  14.6297821073523  -8.491591041396653  
  4.379441512813109  15.690274291421346  6.954174327550806  
  1.7967756808580198  -2.6443839077084488  -2.2556756261409006  
  4.52774319831452  -12.978593651827586  -2.4335320659913293  
  -24.706509316470186  23.324237951539207  -4.783609757510941  
  13.482141991574673  5.649175791650655  -5.541624137797038  
  12.865844444325559  15.775609162261496  -8.962640007289817  
  5.564106540231395  3.7682571591505964  9.21387957851764  
  -9.848387011968976  -6.418915399482435  -1.926622501400112  
  1.1718632986533033  -3.521972770127483  5.787912101589393  
  -1.1560611545974147  -4.555710388862162  -1.2528454806265166  
  5.902497805429993  2.575745063135955  2.1714393418047093  
  -2.844223013487532  4.985583753710135  0.9116610100749688  
  -11.716330041712464  5.333599872689031  9.97751281393115  
  5.0627200250765645  -5.986771320163975  -1.9040985567112518  
  4.932964178793718  2.9102106187368535  2.5664966577252386  
  -3.07603988999572  -1.9979010896834173  -3.94257424399136  
  8.073081841811884  -0.8354936919208515  -1.4415057643492442  
  -2.3314953975503707  -4.386591399905604  2.0649856203527905  
  -2.9579705280427318  5.129313920319655  34.33841155231902  
  -1.0916863390270648  1.7930402636035931  1.5627493143582987  
  7.686137405672057  3.800295868418252  3.6902239730887394  
  -4.921036601567036  -6.674026608008367  -5.510461352561827  
  11.533173079238338  1.3657939903612062  -7.240905074212598  
  -0.14412227284687656  -11.207638255510814  -6.334451347612999  
  5.191493406064863  -3.5477833315523273  -3.006761707182908  
  0.2302681393469058  -4.2009392827302205  11.734551191243739  
  -0.43011423942104066  2.740811395087601  6.312220716538673  
  -0.7253155147083098  5.360902443716697  1.4880017426270202  
  5.383875731550389  8.653506410150932  -9.546615623729673  
  -4.930686468302065  -15.426206352663984  -0.24152901742855543  
  -7.741274676948753  16.744039988637475  2.503920080816684  
  -5.849211206610728  -19.147166369954057  1.1808281010737751  
  -1.8567292926622616  -2.6637925000691016  -5.621332682501428  
  7.823242685450531  -12.945159261041615  13.774826995530114  
  0.9999713027120283  -3.0029364684589464  -1.24196141924715  
  -5.911369576093348  8.089058206955384  -3.60263563768202  
  6.006420983442454  -4.192899004797279  -1.1394436817363018  
  4.418629957121602  10.222084318394264  0.5187939805294067  
  -1.558660257224114  3.3883141433350334  -2.547909311148266  
  0.5160650388600937  -1.0887005941762833  6.771422324846166  
  9.69420605419951  1.8835862286223808  -4.755199927019755  
  13.516244133937137  -3.5854854450656783  -27.432762249138445  
  22.332222284581867  -16.894080511517867  2.6345079263298956  
  7.775431420144911  -3.7415538688375434  -5.44457296559465  
  -5.666038411886962  -4.954635484310034  0.11996647429503932  
  0.5673560009584291  -6.480544422565458  3.112415293381566  
  12.34167127515088  0.5750398951477141  18.939979560270377  
  -4.88768837433574  -6.14429282240604  -1.937159677756955  
  13.959188499639701  0.30527050691504126  -3.829509876022056  
  -1.8039446219926707  0.15768624195632952  9.572783703985458  
  0.6495233076732349  4.813165181630504  -7.5040980830434965  
  2.29921466518978  1.7687852280176117  -4.929344473577193  
  3.508788248450613  2.5131019990802543  -7.735787176508739  
  -0.40656820373965413  -10.329207399618248  -1.9280723910170605  
  6.576934035303516  4.364281241796168  2.1693047644030963  
  0.8211314385552226  -3.1075055080164624  2.8683645705009515  
  -3.1927313764998546  -4.179777052219486  -6.516978276769855  
  -2.9281778128733684  -4.145476477680914  2.7892063764506867  
  -16.875472533448534  3.549781361278128  4.1123652414561915  
  4.159729012352353  -9.586042687710524  0.6977107719282593  
  6.235341062490322  -8.41382627038172  -5.066666400441349  
  0.3795574371781416  1.1878412004630547  0.206506523663239  
  -43.311191875698796  30.55155223959792  19.95884829648015  
  -2.9331836895070014  -1.9054465556360987  5.729864448415225  
  6.762499997584842  -4.016723726783475  -0.6298398480770416  
  8.230007443751346  -5.133597643907654  -0.7915433061781708  
  -6.650451543097494  -5.446579178287627  2.0108322672229098  
  -10.23470628294539  4.376294699097209  -12.110983707251597  
  -1.8517494163515942  5.243777220383642  9.64032025993756  
  25.80617566829192  -1.6278220796674219  -23.91587473038635  
  -12.807149988200365  -25.96373358253132  60.21553529336833  
  -4.736762030694292  3.4911493533639  1.0543866715604924  
  7.711838646878375  -7.091696731473933  2.0395522396345864  
  -7.166292982500834  -6.3276182633646245  10.438872233970516  
  -6.203085296188118  -0.9071561722376272  15.148416527752374  
  -0.005545284397028464  0.11376832656391013  -2.8183345944566347  
  9.104715347047078  7.466363381383767  -2.992795584164214  
  2.7502236610701902  -0.32574331484005553  6.6556428725527725  
  8.023300526091406  -7.177271843898016  2.219266701592808  
  -1.8102178467810826  -5.126014356694154  -3.29977407470634  
  8.95121996236437  -2.0607080655512036  -2.252061169534051  
  0.3171128932119166  -1.4265269939304774  -2.7436224731909613  
  16.877854099880626  -2.5822931689105704  -1.786820785902746  
  8.374652471787504  -8.287056884489566  -19.29726764766288  
  -5.478155549858267  -24.58213597648937  -13.629618214224246  
  3.744345594232584  5.022714530720313  -13.069506902978418  
  -16.38701922866908  11.463692821506775  5.647870704341926  
  5.168930550860628  -3.8876910461986616  8.59147666857594  
  -5.5620092581953875  8.108276744775909  -0.2967121421620398  
  6.10015676315461  2.0797695852862694  -9.325100993188991  
  1.6706379246900989  -0.619616132836508  5.20706445052133  
  -8.575795099902356  -2.5991485897515965  10.692925732000715  
  -1.8073263409473403  1.159057692306426  3.9537606982042477  
  5.290861297358794  1.7534234384961214  -5.677873780770813  
  4.4615031412262365  -4.30106223635136  -0.9592462336644672  
  -10.19077752563063  7.583364367693204  -8.238699277048136  
  3.754629629799961  -5.71480622750046  0.8577710344394276  
  22.477475345811182  12.45156194160456  -4.355372975701641  
  6.95688490236496  -4.4369505829385805  -1.386138430189711  
  1.3466719612977167  -1.2163535919720743  -10.758690223518729  
  5.772226128284028  3.4348081187530055  1.2128593301198722  
  -6.861461638089337  10.37739187010721  -12.677258626493105  
  2.7780874732722363  10.009280202113063  4.353480478910416  
  -2.172066391752262  9.48379953570254  1.0194800582987515  
  2.484515010165407  9.831713167938219  1.299029482911378  
  0.7098468511456376  -4.488624456071628  -1.3931756490168983  
  11.824041899505636  -0.6702167789741824  -5.917754626406167  
  -3.390697422974173  5.505387738880525  3.753220856840323  
  -3.6728333339082107  23.812004056836734  15.167993268455112  
  15.482768239820219  -0.5919612115148192  2.559135938524295  
  3.504999383687638  0.8477295539891635  11.695467079511108  
  -4.014185257755822  13.412110901415414  13.428056219057952  
  4.0492241847556025  2.388222743150639  -3.255367999420427  
  2.735871230810978  2.796469326399694  -2.477949072577758  
  1.3628613688769773  -2.390797895242079  -3.387328844368835  
  11.008563019283464  -4.173825388487129  1.912652243676077  
  -12.124081951478026  10.594599923204276  1.1138740170121348  
  4.442202410616917  -2.86036565072303  -0.08625113651731843  
  -3.036559352658323  3.516566698463551  -0.5569720573437977  
  1.9509199377136386  -0.03394804552590799  3.5240492642404204  
  -4.242147577053384  1.5208762013059391  -4.6185750337787725  
  6.121187522321995  3.3248633399710075  -2.8710234297437913  
  0.9159001196929716  -6.822569256080862  -2.4820225327597383  
  1.7589545237124478  -0.1357332448290149  -0.07718984931553295  
  5.449256133801079  -0.8109649607289131  -0.6581124466342002  
  2.505929203867791  5.065601706479408  5.506693058250013  
  0.8923362823259579  -9.469885184368609  -0.5678433174715868  
  4.821482926449724  9.899348724931233  -0.9090213703738639  
  -3.6282361417620814  0.11603056538831141  -7.521858167019344  
  1.7012763926383936  -3.7128798737790487  4.032537385903549  
  -3.8008338747012314  0.7527549896501943  -13.958062732320709  
  2.234545039001648  -1.5225922535476546  -0.23229044529156428  
  -22.842519418531516  -21.08716123952697  39.75930037284141  
  -2.282152818214384  5.060068817577684  -2.688233973641445  
  37.078760667741506  -18.438586656293044  7.08227267771012  
  -4.27000018033892  -3.1443691180729174  -7.383772504393784  
  -0.48042420924921403  7.256182910068831  0.6711091237852476  
  23.666331396697665  7.268679329903278  5.398075001332362  
  3.7675430614916037  0.5890949062763577  -0.5774386089999585  
  0.5246414535215912  30.98903383751805  -0.7825470890539991  
  4.374304012610371  5.99062575255759  0.08600628074313449  
  3.912374090792958  5.034039805346824  29.049744071909576  
  0.5733537525564203  6.450952402888543  -1.563750520356097  
  10.095645702747259  0.9299510990961561  -2.8784273198594943  
  2.490781981833476  -2.2944141633602846  -2.037724247303596  
  6.844499628926681  75.8908549089136  22.718551694233085  
  1.5743282715935818  -8.316139671172436  -4.233128466593741  
  14.011373088210563  -20.16672814610738  16.176062551555837  
  5.008442752956196  4.4643337968340635  -5.815259532575869  
  25.242450486904545  40.22546015000494  -20.103658452418617  
  -8.965342187390673  4.216408421475965  3.733849431010311  
  5.059759051125356  -11.45102288831801  10.60033043847742  
  19.02420895814986  -14.355875990458918  11.862177127120464  
  17.293919416900227  22.026395131145872  6.3974256460279495  
  7.317841701174852  -11.042644660518524  0.31109855532005753  
  9.438693598806033  2.4728768411871767  5.071731284186914  
  2.2635000029655425  -4.851454846443466  -5.324965785750522  
  -7.523168812945526  4.437507240272  -5.659463154384231  
  2.1853051207776604  5.364374951213219  -0.1739096271474176  
  -3.935595187703949  2.048537357732302  6.110618801757975  
  1.4269491595518882  1.4650224839836745  -3.857180778280497  
  11.725527314847758  11.761933506255605  -11.235044922594717  
  3.0468200347755015  1.3811636062513515  -13.710539611965796  
  8.111215361330284  -0.5541342691013181  9.687265797329882  
  2.4107357320181886  4.805111301956609  0.7701638563294301  
  0.2983184556698221  6.060252768124732  0.041786601397306444  
  -3.8418922900339427  -1.8662755612190398  -9.307079559622386  
  11.470781949499152  4.295029835127291  0.7335637445494665  
  -0.5730934022632153  4.643373673471977  -9.626940543793582  
  -13.232459541799672  -1.2031328624439053  0.7911604179521462  
  -3.960158944325155  9.418804838989887  8.857650503536808  
  1.6945118639651005  -1.637789203695373  3.1252696426225755  
  -10.713684588198271  12.322112359235453  -5.732338488741658  
  2.0514806805400783  3.388745134081904  1.9163869274414094  
  3.0060410020660493  7.52162036687119  1.0177309644547825  
  5.584851370516194  -4.115498907410191  5.899327481343283  
  -1.5397797949387628  -1.0721336072854124  1.1189500015806149  
  1.0238805312571906  -0.4797721410865106  11.646379836860183  
  19.00547121699476  11.00716188336901  0.5670322931632793 
  -14.605926871948046  -11.254627519318536  4.496811485564911 
  8.640680731150912  7.342006088508943  13.355982388719525 
  -5.774289230796509  10.789240791938312  5.228917027765866 
  -0.7316798052990425  11.808252917727557  9.466308420690693 
  1.565565478264813  10.979194511525183  -7.8152529478719615 
  4.894815219379657  -0.6919393404496732  11.6726779614924 
  -1.213461708131404  -1.0040824677361566  10.292457620006038 
  -6.576922328096724  6.353644121450258  0.051866352175478796 
  6.870268568704168  6.8790924316472095  -1.8731319320898951 
  -0.6990852686307986  -22.859021423554516  -1.3815571647238734 
  -3.834849946105181  4.4204208838094905  2.2105832709800612 
  23.44246278095106  5.900336462715689  6.647111600817814 
  -2.5772819276347154  12.601383560270763  4.861516713722074 
  12.89001474155013  -7.272143421067089  0.8314900153119538 
  10.016225253362403  4.482294842245703  -5.466619075070444 
  -1.436491059579121  -3.552143357496669  3.0949291416749083 
  1.7152856069957754  -20.21367104293153  1.8533406820366285 
  5.518146311087333  2.33173967337346  25.24198771218319 
  12.821660572171172  0.08869589877064318  -2.33142896041921 
  21.38812944021517  -1.4969665215093388  -12.963752077088905 
  -4.1918925279162975  13.536384800697626  -6.1597433038243885 
  3.7314619859727394  -4.036390196261512  -3.267204653030384 
  2.7481403152427775  0.5214960659361184  12.510357644365602 
  8.020435065036542  -14.311357296625223  -10.883354200006242 
  -12.064282412711222  11.660935537165932  -3.3673579207786113 
  8.955489393581265  1.6617078829975955  18.935615787274667 
  -3.023114310529104  -8.379739556353421  -8.583144410706117 
  -7.255375623634156  1.8415866516416992  -10.385715784618215 
  0.15354558014485986  18.286799202984934  3.802657820263506 
  -7.870340245161882  6.192039863161046  0.7921127798282853 
  -8.356053184824377  5.824070149007047  -6.942490156005887 
  -4.589088733364065  35.022260719945464  -6.668436779766125 
  -8.675755957315872  9.266546131780972  9.873962741236474 
  -14.879011269967828  28.95929125308124  3.3827389608644434 
  5.887974506706598  19.798145345725413  7.1916096256977715 
  0.2593030616364326  -0.005227791909572018  9.413576322913727 
  21.480868441262793  2.383730509403477  -3.036358774526831 
  -1.5026999429765846  5.333212482845502  -8.995778556705165 
  -18.16644277790777  5.6303945636847965  -27.81335834655475 
  -9.991419640849319  9.276181974815588  -14.28558683738052 
  10.248286468481087  -13.954448336885008  20.984575803830854 
  3.793691895005827  30.86742005356424  -7.922872629892055 
  -1.7401171971130374  -4.651908632654218  2.078204883412084 
  -3.0859876783216293  -20.316629134903152  -4.2007897758532895 
  5.956977897318129  -11.235634923673995  -3.3238645346149625 
  -10.669402665013115  -5.792377339300505  4.174784174559271 
  -12.346799240264295  -13.485676756052996  9.03610984756518 
  -3.0055916716428097  -0.3969989619091654  17.815983534829424 
  6.93555738848086  -0.9520163302328492  15.651903310949093 
  -17.79500820637175  1.7886683765569085  2.956004136998427 
  -6.435730827690116  1.647319857729994  3.0890687073178675 
  -3.721790401311698  -4.270193255993039  -2.5648104453674883 
  -4.569717784151257  14.130402377533787  5.771276229493773 
  -5.600190860706533  13.715481085366662  1.0493041785855979 
  -16.54859174701324  15.704852769879054  -14.623061809990768 
  -11.978909563049333  9.668066190385101  -10.73293020350546 
  9.555346729285656  -0.6036102709947964  8.491953302284516 
  -3.4087420889164908  -12.220523391623189  -18.359893425529428 
  8.294566468125128  27.397734535475053  -0.2629972364722646 
  -11.249758711109715  -22.41893238938157  19.48256071405276 
  -7.022592567662721  20.594697942228457  2.176154761674065 
  9.271644726570024  -21.552710517153525  4.454534609827413 
  30.06140103585116  6.922991395586628  -0.7286196597353878 
  11.443955687350229  -13.251315834123394  1.1876183980857211 
  -26.217365923299727  -4.0744348651888735  2.432592910465236 
  11.775881545591018  -7.855753120005254  -2.8933886427304563 
  15.746158013660978  11.733159428900693  -5.647818000183001 
  11.804657586509274  11.386757648687388  -6.147278396454822 
  2.8210618637781946  -8.518567985462756  -10.407416174441158 
  -10.495125957339084  -8.250936182349022  1.038094870671281 
  -5.735451445959299  -5.757859691853958  -11.527968066508159 
  3.0633999926490354  3.5958871814199926  30.144052793188116 
  0.8097692031167171  1.6122469123877592  17.87513934565789 
  24.500873824271334  7.189234673190178  6.3509021529697565 
  22.852063082424007  3.8804129209619482  1.0537010530567397 
  -0.493696616372085  -1.6546107405909536  -4.395412800607512 
  -6.148951293833675  11.797663437805275  5.251374745504155 
  -5.490171259126347  -16.09572212430337  -18.9060452347095 
  16.86574855363012  -3.0767107839548156  10.566697509919996 
  13.102165051105288  -6.416648479674183  9.086938690455785 
  5.196827101592894  -13.433705280169633  17.268574761371212 
  2.9254422119425803  -22.451277542254203  6.277061264035689 
  2.509355040130084  -1.4416075689179964  -27.541152896278376 
  -3.7597430402796945  -9.983146571159578  -0.15970980185169167 
  8.682796272502026  -11.250176423733018  -12.647023906581335 
  4.8379563339151455  -15.044101944267688  -4.516216377320243 
  6.047307927231795  -5.834215097397379  -8.606742271874971 
  -3.329671338324981  0.03818204835100896  -1.1004829018724527 
  1.8460742397378227  -18.74168667080818  -8.754295641077286 
  15.956745000638087  2.268588607826538  -4.313325482475522 
  1.5014002675478757  3.703218828963072  4.6095124453846905 
  -6.312719396866298  8.418470539867752  -12.569972223520438 
  -20.028102997768777  9.010058411317303  -2.4543173558826314 
  -1.4790700500057357  -0.9727292478065437  17.980784884858092 
  12.139293318589708  3.425152900739853  9.455899123447963 
  4.146247538078298  -2.663513027911448  -25.21250341524972 
  -12.045842317394456  18.62876230009462  -13.758115853273951 
  2.7300227601190175  0.9464015067509329  4.085105065138638 
  -20.09137984833405  12.073617683984798  -6.6693975691531495 
  -12.544547441726506  -14.0061557772718  -3.3752820646231974 
  2.2800384810901955  0.15270533993600405  12.276242328742091 
  10.038285077344561  10.707918143343605  13.333589580819107 
  -8.989540072624333  2.6056207677626135  -4.70458639077656 
  -8.866410660824911  2.2160369152027797  17.56002725059443 
  -7.065642907868283  3.4596419124957634  -7.233602166862089 
  4.3969331178203435  -21.76092952216935  -4.439229776093882 
  12.836908233228636  9.42832465862301  9.28990120939249 
  5.870691417203716  12.060552512873434  -17.15117971138905 
  9.583823263081236  1.9680839232086866  10.09947780278874 
  3.7065598722641027  -4.007893289254543  7.152869924520095 
  20.80636631486152  -7.989169135004911  -1.1259227024932972 
  -7.656485595781467  7.219788581962629  -9.032483230785564 
  3.363439779117188  -4.921214096757003  -2.8209184169292008 
  -1.5141201967882125  -5.663718008921552  6.581001720586091 
  2.0599045171322405  -17.385089157284146  6.93248439259988 
  -4.503781357117171  10.039478721394444  10.013412880331767 
  14.547923458485677  -1.5558378833148652  -4.23875474018065 
  10.754844861526191  -22.079671654751515  1.1503672634520659 
  -9.420635886829464  -16.28583436455612  7.545614567192309 
  -4.604479854968612  -12.175187021899387  3.2539309500655533 
  17.01083444661524  18.17188580788026  -9.208029096206248 
  -6.9342250469336975  -1.2386703438735074  8.039339270669188 
  -4.755066276939957  -4.551344115335823  4.826872188730155 
  6.127957500019549  14.938866905783277  6.937543426622953 
  -7.038610928845738  -6.132651421669618  13.531921547778683 
  -10.120040445646087  8.055609973613137  -9.952674311651059 
  8.590284087161406  3.105542498730436  2.325051488119503 
  24.651025485966247  8.04731733686276  8.864085680666363 
  2.2570292034904833  -12.44080443463891  -8.448180863319422 
  0.46859259679847365  4.362516331244967  -6.396956440010649 
  7.485682116026822  8.688918364465698  -16.529512678774317 
  -4.927439366533579  7.549032756480753  4.950667164981697 
  -1.4707650175280889  -18.177534232389363  0.9198235515537876 
  -14.773822234661596  -10.759651604683151  -20.132649598932954 
  -8.610779127750892  2.8010002540645527  24.733364904723825 
  -11.954980197149972  1.451338609655646  -0.3420484620418558 
  15.167808133488201  -6.483751638535416  10.826876834829399 
  6.522416620175866  -1.7327457770044696  0.7173913683380659 
  12.489948315785883  11.86438558011263  -8.643201444148069 
  4.332658889001654  -15.033189043868521  20.91500702614904 
  7.450107864957253  -1.7793855491866624  -13.171589043501102 
  20.07759910629619  -16.246767055111256  10.334119624216214 
  -4.215087105970596  -2.8620066576275742  -4.3478643907351975 
  -4.619663813353164  -6.3986766677973765  5.600985820347252 
  16.635334290563307  4.205365620605101  -19.603803831055085 
  2.401343034633474  3.917040108987831  18.729718664804647 
  -25.858522387058777  -0.8753588576905654  4.032374039402226 
  6.192559953707953  -9.737461357412323  -34.121113867797845 
  -6.291304530136272  3.2840561778859705  -20.072338886562456 
  -5.326460299763011  -4.8834094867637585  4.8987782354010525 
  -3.6473095698431113  -2.7536650123576987  6.59829079135879 
  22.774942118755224  16.64505676659067  -9.49647574042528 
  6.263224793314969  2.4030444492018868  9.678519503439738 
  -25.418277302234248  0.3646724057034465  -14.973961315560455 
  7.200178635754373  -0.6391761766297883  -1.8821077628587537 
  5.541843453359501  -0.5840477708537751  11.240392256065427 
  -16.72786479724441  -4.650192536827189  12.14202271196482 
  -9.228213165709205  19.88785013411085  11.059043568308963 
  35.192782273554016  -13.101801811483151  10.407594770315514 
  -15.116231901149433  -12.616424904908518  15.757903617270493 
  14.213444316476263  8.069901427614782  -1.7179337464924271 
  16.98267195231263  -18.94686229357494  23.687921689708016 
  4.838786955245931  -7.6328165680166356  8.553952198739735 
  4.5670556817781245  8.364128912145492  -16.933984246756765 
  15.396412085160765  -1.8522797114029403  13.169679100496461 
  -23.688142928941605  0.9293068707935755  19.207906074861835 
  -3.1460363238522495  -8.880889583563905  0.3208867497784002 
  -0.7458073237758471  -28.894307435307894  -7.91009532850195 
  3.0386630740529585  17.704829248931123  4.45129796545954 
  7.015401895834633  -8.791460529036163  -6.687719309146776 
  -10.09164935590286  12.454508052899817  -5.6568108823083625 
  -4.622827514245674  4.827773833069049  2.1963557756148187 
  -23.718117428014597  -15.075539657743  2.4235445990106177 
  20.76307060182405  -11.74392026353453  0.07600477096548545 
  -2.3292653917736836  16.31959511103549  -13.143229221117183 
  -2.087506403996414  2.781250100625821  -7.055411773507516 
  5.143467327361595  13.60199067028696  -7.233395326796143 
  -11.540297298584212  6.287952946248999  -6.275567994991707 
  -10.981942317325421  -10.801858053095225  -10.156400060816999 
  -10.787626194726437  5.740281292974458  -9.11947041360287 
  7.055128207293591  -8.526289399694372  -3.9209171994447076 
  6.824347563346532  -0.35175863264975465  6.273635861442572 
  -16.113161769356157  -6.619154705945151  3.7594409947638323 
  19.85236592705116  -2.867270323181923  2.984687158043478 
  -4.37161531503041  5.371839228036963  3.9874048775911426 
  1.3451846493062831  24.464578222886562  -3.649345842123427 
  -0.06637672001384647  0.7751110355629189  7.3913607677776065 
  0.76019852114998  12.260527211080202  4.97679983050624 
  -0.678375402667133  1.9797890093344703  7.786780727632406 
  2.2568485204523046  7.741834488722213  1.5694674755644034 
  18.892559658428144  -9.339779671488621  -8.34832539315794 
  6.2400995118362745  -18.683762340165025  1.520370876140033 
  -0.05615430595907269  -13.464002159742144  4.298613039661314 
  15.821412315270168  6.696677119969947  -11.368059353385304 
  -1.3892100229601405  -3.961404657732539  7.511223026114154 
  3.912070308433159  -12.997249066183437  -6.0774772884627435 
  18.14605883188107  -18.69921137789199  12.391518010432174 
  -4.422935659595295  5.8697397136945115  -11.591819000191816 
  5.053537710392892  -8.288826518773263  -5.958677479322025 
  5.1829450214607  -6.923953576950344  -16.418733399181747 
  5.4127886827487455  7.29192235940559  11.939903217349446 
  -2.725130823363811  0.8275546700154753  -11.45507906562407 
  0.523610213700588  4.426781077538297  2.7017011525354615 
  -7.878978916755045  -15.320249498554082  5.83387663608235 
  0.8266915001404914  -18.383524301648045  4.673249560007997 
  14.46335125998918  -4.403347209446041  8.035725972996321 
  -9.890875440589507  -0.15757945732727738  2.473082590717753 
  17.098815120188025  11.850608540705883  2.420645575488234 
  -2.479826390278501  -5.817843961238563  5.540481085256006 
  -6.132550401190594  -6.497636116918018  3.6711218822404765 
  -12.928618768613813  5.78996190571596  -0.23897474938614915 
  0.5624712697345589  3.2398307453088795  -40.495455425926856 
  -0.8106727454764512  -8.480925011051678  -1.8230978458913247 
  -17.899182716446756  -20.103378561855273  11.300726933145649 
  -34.33032502046768  -6.940341561267868  -18.296920067498057 
  22.833295241474772  -0.6251074704651134  -14.50923797579812 
  1.717580544545192  -5.591493755035485  -2.728333023277129 
  9.05321108348645  -5.6467803985478175  4.754880260180438 
  -8.110290703574409  0.9989621183629118  -1.2279133161266103 
  16.209271947113084  14.00565232193831  5.411918757896268 
  4.610376052874804  -7.733629105313346  -0.6991229790981922 
  11.443736139802432  14.883387941381276  -16.90473516900377 
  13.622650558112522  -6.84778772584352  1.2894759751296339 
  3.4275275938888563  -3.13846591076142  1.8394282031245854 
  -21.77674968241584  1.2437455699671918  13.318768596235493 
  1.3411717529026306  4.732556065540532  -15.677676000233348 
  -1.9671506577522664  1.780246094298371  3.5842333386901557 
  12.98182485670126  2.6093309442364028  -2.844985670679504 
  -1.864344315789446  -2.1611551174921  4.9177010901278795 
  -9.06842727685325  -6.596305158273271  7.207475347886302 
  -4.6357879986721535  5.484279313429824  3.300877173203716 
  11.192141942675697  13.14869562487606  8.70603706183702 
  9.41678832084002  -12.440492020747296  1.3471361180159978 
  -4.694385585618527  12.149652113060828  -10.746048414809861 
  4.358879906074264  1.9246492462336184  -10.677180772621838 
  19.774164899615407  4.6733627216206886  8.19594691292593 
  -9.74307686010987  2.852508141216839  -0.4334037440396466 
  -24.033909657712286  10.256300681115663  7.459725305621839 
  14.422086233226333  -12.049351875244447  23.64956184008899 
  7.853550408816151  -3.33590364315255  3.1100216365649964 
  8.940244420245312  -3.941883914584364  -0.058201414488682886 
  -27.181844684128922  1.2162112103427787  -19.449220563765177 
  39.792866382707174  5.23055653653517  13.84742985617147 
  6.578110936407955  3.4818131741353486  8.880445371217716 
  -8.802189013249965  9.256682591728143  -0.39583454915501165 
  2.9348862719673603  11.552417927048628  -18.24446078477988 
  -16.152014594150796  4.4304888123416495  2.464205602381078 
  -11.114899302493322  -15.923883222724973  8.578684608676694 
  7.525238579468556  -5.648235069543354  -16.03526980040182 
  -3.4596507864595494  -20.44870502975682  -8.57677143536872 
  6.767062947179801  5.677252971869861  -14.69334895251098 
  -2.941062975428665  3.633327882219968  21.998986449293433 
  -10.338379450979524  -22.42601750233499  -7.411140364920975 
  8.988695420846536  11.670562551651187  -9.851328068896605 
  -6.007569746058521  16.41810340370326  8.103391187122963 
  4.666658297988519  -16.35476619511306  14.608283294327613 
  -5.710960539027221  9.862029967824164  17.06200249047743 
  9.604534494872055  -15.814967570594991  17.420280557599618 
  4.858011542881594  -0.4612306945176869  9.851516800260116 
  -4.836823946017619  -8.120851814545384  4.878753763865993 
  14.828215963908962  -0.8948373937424204  1.3968619815987 
  -8.302627093502204  -7.5605308512806335  -4.161160322852343 
  3.1284874746072453  -9.218608269972696  -11.418160348031238 
  8.458395731236802  -6.707050599673029  5.884953360675852 
  13.645706598025003  -10.072113277421963  2.31810243020927 
  -1.1836285882077706  10.486551793026608  6.1659273324226636 
  -17.52550600065043  17.239031524743663  -10.998688663478443 
  13.990375148057732  13.296145418797483  9.58189591937258 
  -0.7298510028164175  -16.91373025866194  10.492219888133679 
  -16.988003715473432  -4.444502744315683  27.442487751401934 
  17.10361419858599  -14.55928689600961  14.276440876634066 
  -8.920058278436429  -8.794791161817988  -1.6766963406665605 
  10.366214489442923  -7.260732742158024  18.06028312255368 
  15.428478891159804  20.66029668680358  12.434759423095946 
  15.612689308275948  7.802249141760949  1.9305597822179064 
  -2.2749988028582546  4.089438867426372  -2.933106217917406 
  1.4140803230325485  5.904313695602796  -20.324109486487323 
  -8.645006855555726  2.846627957493099  5.949214284488585 
  16.018619962198372  -7.024477500438048  4.761065843272647 
  -6.561074723941282  -3.802158434467012  -1.1556520180766414 
  -17.754091214248493  3.5782525584641016  -5.440465278156359 
  -9.118629115112201  5.932718731535563  10.625473511006577 
  -16.762685932901718  -13.473143227900122  11.520610459220718 
  19.596683549290944  5.142854742005704  17.898880526541813 
  -2.0103244745407967  -6.8441530242307245  -7.53991982609384 
  9.15076206510954  -2.0533060704267556  11.463221309546643 
  8.332543056962708  -1.786866811156805  4.253153142897123 
  -11.51037068817707  20.826990093117203  -0.864384007558234 
  -1.9372602152924336  -2.1824356584795557  1.9874530698139024 
  3.571677487772776  0.1487355239391762  9.013201449738284 
  -0.6441361007074532  7.721800848358965  9.321280341142547 
  -2.933130680616587  -2.956451667386114  2.817620335882545 
  -9.054032585999565  -7.173719113972047  22.08199735962501 
  5.888887513302601  -16.842796578741286  -6.24254224315764 
  -3.208249210539742  -0.15560148471578675  -8.3942636728864 
  -1.2379101330577476  14.556261279778305  6.887613734404021 
  2.32047585648906  4.553531615427909  7.601591819248471 
  -8.788054407859509  -19.097204781335638  8.485680100940167 
  7.38802589062375  -2.833900171394255  -7.832582700877969 
  2.3886311138342102  19.639743971971864  4.379691924095776 
  -6.9253460544068215  16.204155029158677  5.601218698037326 
  -8.343845944471646  12.565734576267651  1.5698592464301928 
  -0.702686110257692  -1.9609589644120755  7.216350510484722 
  -21.9006416837734  4.951370858944897  1.8166629929446236 
  23.511913743977193  3.7573405287871484  -17.928052417661913 
  2.595191293202022  18.117015746984734  1.1255167454077364 
  -0.7750848159831116  5.435721791107453  14.174045924769112 
  6.880645292633974  23.454095671273073  -12.949528626080934 
  0.4521605141246306  -3.7173591957531618  6.275188709295867 
  -2.31858346393343  -2.6234757059166243  4.718087120465347 
  0.45896547236577384  9.112413629464486  -9.019525496992916 
  -2.3787582029525427  18.384460730318196  -0.9492114229735673 
  -10.539458281992877  -13.341750804915423  14.323893190491747 
  -0.029822713241262767  6.770155931908724  7.596855717486676 
  8.47805114366014  9.485589776384057  11.835851929635632 
  -19.942949592493534  15.770171648714237  15.611962130157725 
  20.24333110157574  -14.519680084542877  23.988417825521385 
  0.8971120535709558  0.27859386885467596  -15.217069024779176 
  -12.075262425515747  -29.989534080603885  -8.586971990351998 
  -1.1674184375806156  25.709318654541267  -0.29396658532222414 
  -8.40430286532013  7.546566075153322  1.9568213340848513 
  13.466257283914603  -12.587690897632077  1.322722839225246 
  -11.470608488436174  -16.795099491452884  15.670067785465312 
  0.4375297862700849  4.2723719193622305  7.998624130844493 
  -13.702453394053093  -15.981333911292381  5.513582615785873 
  -0.6822488382189051  -6.299672435434274  -15.908592096120897 
  -3.186492624561599  -3.4107645436383067  2.349746855376595 
  -9.48657497455748  1.7719314870844696  -10.491659614408759 
  -3.8451021312333413  0.28727844213446463  -7.546103971451731 
  9.768731948539315  -16.774773698573803  14.034212766027329 
  -0.2768197378337408  3.7296473436000253  1.7295465294955321 
  -5.587810427200962  -9.771313139636522  -14.718821813057321 
  19.69332217636865  8.031941379248389  29.514798102283198 
  4.455829928460861  -13.203538709443158  2.5009675783968204 
  2.561804735306067  -19.0957815479009  1.580414733910144 
  8.643792721762965  -9.727734384846231  -6.806875268603143 
  10.999253634384921  2.6159489521160673  11.98098022370205 
  5.809258322384405  -1.5695185432411602  7.0297954322797205 
  2.08727244085944  -2.6543854952013652  -23.709738924403336 
  -1.0398370962929948  0.7795140465337891  -14.46914040644233 
  10.04507065106998  -8.946027637846724  -19.171530098226196 
  0.10239120613004145  8.07056839106352  9.423686106156167 
  13.899320983662056  19.63226478563466  -11.65308266566732 
  -8.518077811042712  -8.080799079948152  -2.251648535414415 
  -7.549915559234328  -0.3758752196434883  2.188225377879455 
  3.6618011404313537  2.0330969687608405  -0.5697529446287645 
  -31.256726493201413  3.479089198259848  13.282073583860077 
  6.581045269158008  0.009479431173012755  -6.801493032695369 
  -29.699764348210017  1.7676652234860046  -4.8971280433277276 
  -19.679687628032276  -9.576043661571942  2.362585790827568 
  -17.21664715709632  -3.0343292898971184  -12.49364722830092 
  -19.43350075656826  -9.277259253844031  15.907298748186854 
  2.9879983577526454  -6.6718218698788325  7.1539099731162725 
  -0.29111510862632717  -7.185602370763954  -0.8872868161419643 
  -8.315702424974692  5.000316518785504  7.338549336029907 
  4.332691883439252  15.805353681781988  1.6520065436468665 
  12.267905960848752  7.814200605546176  10.371242801955757 
  -1.7393477228965224  4.092346433465932  1.292409783966574 
  -10.497971986807947  -6.54703891481398  -4.065465440190488 
  4.617413214800716  5.49046632996582  -0.8706142648442103 
  4.888724165782216  4.837742500434287  1.191816990143259 
  -15.60587544779996  4.523115345902104  -9.688977938791796 
  13.793124237363076  -15.072181512995158  5.227299878347069 
  -15.649477186692478  21.547895196754986  -0.28870656525634125 
  12.325831200460213  -6.551011833728091  5.47673853190068 
  4.225741586911741  -18.876234964263627  8.168852216587126 
  12.150498806943698  -10.383595372638077  22.2823656069844 
  -23.806885758912383  16.339702779106165  -11.123611256692145 
  -6.155102163014819  -14.348300272143618  6.004367790177416 
  8.000864898535179  2.4002227861331513  0.15539356445993938 
  4.86904746202929  8.220578995111493  -4.5118081748715895 
  -0.6354439727104544  -14.553779595509628  15.079175421575721 
  -10.404279946077594  4.4533940139075865  8.193444963668338 
  16.31455433621253  -20.45512028433365  -3.188121457110397 
  -24.57378913133355  -4.2102538993569105  18.66669822774566 
  -24.145496924173017  17.489225558180014  7.260958748551843 
  17.25561920566453  -0.2609707142206139  3.913785581790677 
  2.0251627496723126  1.3157962853776817  6.283667796755377 
  -18.284294190039862  -1.629887369761191  -6.943617067132332 
  -17.180721164923945  -13.168132004205544  -10.312501168931243 
  16.259017989616893  -3.71821699974075  -14.334803907623847 
  -9.131652751258988  14.234827910289724  -4.82295209579231 
  2.639299289104412  13.015682522569357  -20.018847709807815 
  9.41365052429355  5.076333563420762  0.04413636410740591 
  9.860061474487248  -19.128459725070943  6.762279176089824 
  -11.197079687681455  23.954966989119477  5.123647965627543 
  -7.341723348857269  -11.5599459444879  17.869678535333538 
  -2.985287696226934  -5.413761173032865  -8.8798121261015 
  4.431927920272866  -2.993202933031771  -1.4569566791182098 
  -6.447779061700543  8.77928037431004  9.294833609814738 
  26.960560239550418  -19.876552745847473  2.786474772197357 
  -8.644465228884886  1.4525804012678283  -11.862746055146733 
  2.929685329358405  5.896549411952463  2.275344226286934 
  11.195053557978575  9.72928156515005  -3.0957283580226607 
  12.497309229442916  -10.93511689782248  7.788743536962418 
  -8.513860356612808  2.8309588040882825  -7.3233832436496415 
  -9.555310634699342  1.0689468584485402  3.6725933068218106 
  4.583126807604009  18.097302890201934  2.2736218594642583 
  -1.466552904621742  -15.911803534097631  12.041782628998998 
  -7.136516883115792  -15.592414658327085  -9.100206778735933 
  11.294629431765497  -4.986633171415471  8.966847267099098 
  3.171154733881167  0.19064958805890458  1.7148229126662071 
  -26.708505030337314  14.76434920558703  11.5818970861365 
  -17.817201659435558  11.886553368093423  -1.8464433974807768 
  -2.7037815790764204  5.738005567438442  20.82233784957585 
  2.4310889040791395  -2.771658392829057  0.28177173146353973 
  -4.021354905605652  -1.6411996990058781  -0.2799263031698889 
  12.792008033581359  -2.0685068210792434  -0.13971343279535728 
  -18.148892442551137  13.553870966467555  11.206163917761398 
  2.2855932911577783  21.105602740564898  9.319417048739075 
  -2.4463674542024063  -10.970237428496734  0.23066693687643713 
  9.38986136071728  1.5057643731139374  -20.114621084411592 
  -4.46178028281066  10.092305626339906  -2.3886701719817145 
  -4.112412606706929  10.336017130095486  -1.0727061386752388 
  -7.796079926976613  15.417018428756846  -17.30924897115059 
  4.378609141621667  -6.403436797248228  -4.9547069829430415 
  4.893665080463897  2.340563896889601  -1.4936292034815026 
  1.172851054675804  -4.203428497819133  11.019560394756702 
  2.116490223719569  -2.3943318229358637  12.90397461448719 
  5.149369137776662  10.716346852637779  16.919276078978516 
  1.8372365840978895  4.227555273701028  -12.212340546632399 
  -4.126498072902613  7.545027860622539  -4.042273933975967 
  13.067153563719174  18.238547671707742  9.42570689584169 
  3.0762004396849947  3.8631850611859377  -6.7437629162866655 
  22.686044274306763  1.633760219694879  -0.9661092030326474 
  -1.8124519790841294  -14.3533757500534  -9.092266970088579 
  11.342865640488617  -6.927027770099245  -22.839829395747678 
  23.902499891812578  3.5827377737754804  -16.75305042102691 
  2.143795727199356  6.162791277984457  6.54045123700144 
  0.30997378841866413  -7.224278163584991  17.556083681403116 
  5.15588304238057  -15.782308624461676  -1.217231058857156 
  2.659451185126306  2.342789633862084  5.869711056335101 
  3.539273198784117  4.331487549422626  -18.511569674024443 
  -14.027830263784978  -22.151443414302122  -0.009773213941538286 
  7.2315452241680065  0.3279686976314156  19.970303859045913 
  -15.593514652440696  -3.065323055427932  2.930845867931453 
  -2.9797386350839163  -2.8156113438684547  -7.7700585414302825 
  -1.5105661537533264  -15.373852430573654  -27.168760862414995 
  -11.498235334067688  -14.746643631431942  -9.8274877002646 
  -0.23591090881146215  3.7975028759062375  -20.933009030327746 
  -0.8229173820824973  6.507003451777931  -15.578640522206522 
  -1.7210755064013854  1.5280757504743752  -6.9595236021193205 
  0.08785330415563503  -2.3376077986276123  -6.8038418183713905 
  5.040913238134279  -4.245825126176384  10.353483101117579 
  -7.27761402751548  4.935063992470842  -14.071982728183816 
  5.354711220495541  -5.133892034297248  8.508971466856131 
  15.304351878221372  3.999088452040948  -13.352069045008598 
  -5.039317666735946  5.569566158866502  15.239053044564008 
  0.15196921481258124  -8.148732951118074  26.69348479824223 
  -0.9521503511161656  5.180971228971232  4.126606465481671 
  12.2327446668555  -9.33801292550596  7.230464077071076 
  -5.99237396436532  -7.350303896531878  -15.34267343194952 
  9.696890674799585  -5.578698091239282  32.94541880885793 
  19.778644152309784  12.289330298313086  -3.9834834949352094 
  3.793608461348906  20.305297860860453  -18.80002232547564 
  2.9543745027781054  -14.065214624645352  -6.165114365747403 
  5.174434045950216  -8.508079307255043  0.6657514284054236 
  3.7221667068301207  -25.62828115837269  13.46308257385857 
  -14.051981525264814  10.31746650394745  1.7386361247811353 
  -8.034047765709003  -5.299065470007228  8.984964872207081 
  -5.849286559051477  -3.014337605881502  -18.70177711152651 
  15.863841242639834  10.635962632837472  27.250964320535108 
  9.267210157722525  6.087887394406874  -1.4900274447039936 
  -11.867899746830938  9.120954622932114  5.914459836479103 
  -6.694401168358696  4.294176325141614  8.596960420491882 
  -12.267897491272281  -7.431230670086761  31.626367519731875 
  -3.827474992080194  -5.583040360853139  0.5910572770895638 
  -11.83445918432953  10.571861977935459  -19.909727662798403 
  -2.9238068091060816  -5.754653407310105  12.410451378859898 
  6.019279847148957  5.583149517872884  -26.06147528812732 
  1.5010455015985444  4.285535399040066  3.7725621570997396 
  -1.3954605440338872  7.7864096264199905  14.731744090007123 
  15.194170290326273  -2.915932477203144  -5.1983742299778655 
  7.324266686586056  3.8016776900040354  19.866754825643188 
  -4.033916949556222  -17.66954727794194  8.057744976879231 
  10.977270518563936  -4.627644220574817  -2.774533656602983 
  18.677260097180657  2.919875273970033  4.660975375036328 
  11.81659100508104  -21.884681840434876  -3.0157488355478415 
  -8.488033753780964  22.475315171401103  2.672834549490093 
  4.4851858678367575  1.8129710799183412  21.275538182793586 
  2.152710444582787  5.160437554263485  -9.280253905586255 
  -0.8304285072581633  -12.056702392088566  6.353679831378696 
  -1.2384902741132144  9.202019077596582  0.3121015361590222 
  16.476078247934556  -16.122948355449076  -2.824932652043247 
  6.045032193962502  6.852415682031966  -1.7071381332862507 
  -2.8839710523942843  9.166578872044747  -0.5864642974893215 
  -19.222456636592952  0.8894853364177353  -8.17292454500443 
  -20.53011289010387  12.24455202120982  -13.345479709334994 
  13.184121423015641  -4.208379033780821  -3.3966673066182382 
  10.452858095875628  -6.807076897978064  -12.376903212310278 
  -12.408845613076119  14.847962027670347  -15.484554910534888 
  -26.59865308918535  3.5219269298018356  -10.901371095306828 
  14.264919687719862  -2.7125998143773047  18.16884409644472 
  -7.022610025986177  -11.10558364868074  -21.151229677638185 
  7.326195439996748  6.189850159817796  -2.527882821790812 
  -6.062416271478511  -15.781407850653538  12.370264848914532 
  -9.458475642141648  6.588245608833945  1.3732899590854912 
  -15.56731334843973  18.393233041178323  5.005435631357641 
  12.415206301986608  6.19583504935004  4.977546471148084 
  20.714997677355043  14.06918739047617  31.974387446391194 
  1.7234758886051218  -22.230104867838943  -18.045673254571994 
  -8.988774366624707  -20.834999899980165  -15.465379801772247 
  2.0847528035756993  -20.76473018965523  18.895627541424272 
  -4.666444931810348  3.5028168438311575  -2.3516164082530464 
  -8.214140947881253  -25.188388561400554  -10.034807578546795 
  -13.786551451668153  17.481401434535254  9.279019578601137 
  -5.722092676239731  11.511920603031378  7.959854261476431 
  -12.943068853480293  20.69974678388447  -11.375846091636285 
  9.555181312697993  3.1109338621552096  7.095688310051338 
  -0.7954281488756592  -0.46044994269393996  -7.244775657888968 
  -10.788531484956653  7.535798103961175  18.48934894127207 
  16.068507703888397  24.055936880497022  9.775066084855707 
  -5.644214793387359  13.146912354430093  1.6546805980419985 
  9.670726508649881  21.341270267948325  -1.1336143878974703 
  -12.864331482876787  -5.927968495079096  7.492877398838203 
  -6.7345013622922165  -5.4622133469636625  16.285622235726606 
  -1.7268590363279355  10.774240395054969  6.682504642694631 
  5.268632253838701  9.063410719678453  10.233488040802007 
  -7.190426037574343  -0.9324304142478986  -12.745708499857102 
  -9.04075030903078  9.59782962903983  0.4573711135827969 
  -1.4437090117150397  -20.397015996217146  -7.620723827385829 
  0.2485039960112614  2.887192109257955  7.591428630613996 
  -2.030001563130717  3.0099058671719536  -4.33891295346652 
  -8.981241414558369  -8.930931953103883  5.505541811859748 
  -4.803555070127797  -4.280088945104398  1.7429866420738447 
  -11.63807076088135  7.054419376186888  9.663562875721409 
  -16.836187743024926  19.30728435922434  19.315257959323446 
  12.97249177807074  6.802255364337502  -19.515202541296517 
  -7.475494067997811  -0.29634810457277666  -16.43740379188022 
  8.745388024116295  25.393882542240895  7.019404609566603 
  9.320293320150705  -4.554596598938714  5.79569242306795 
  -2.281808019950743  -5.585413273708655  4.1668736093834715 
  -1.8586052441788297  0.34054145546085607  19.55345958233605 
  6.265186923673973  -0.7167583528512068  3.8618809843188484 
  -3.246305086722486  -22.195072910685607  -2.59611285767223 
  -2.5456199753441737  6.656652481586022  8.120085031688003 
  9.963353835639607  2.4261929138148424  -19.42053736065996 
  -14.841049254563607  16.86067551874184  2.977226303280739 
  -11.268752417980718  0.09804045659521095  14.193599697080819 
  15.2558792815448  4.045750039589961  -6.4527291719871105 
  2.3750340176680056  16.598198130544098  1.7157742152900617 
  17.497285580278252  22.528553991826787  11.949369417495053 
  -30.359279267693413  3.054673503833914  0.6536087530362373 
  3.6132548366909396  15.907343378931017  10.428781045421811 
  7.890680517819855  12.667292122842065  4.062693947761822 
  10.38692164121307  -8.855444984364105  13.334616317908443 
  11.776027018458462  -11.697912146268772  -17.172603176799033 
  -9.086222669319206  1.4454824231811443  21.761569581618406 
  2.87803657743058  -15.369742500388995  -8.12424842455148 
  10.608568409056762  -0.845476786889789  -12.195764793109227 
  -0.45049392713274  0.2814596714507027  -1.4716148727441678 
  8.151482949141583  -8.859388575123896  3.753498705450278 
  12.297824219849772  -8.333033378033237  -11.168785150839128 
  -8.200189868789133  7.6952481800355725  0.008703116347615336 
  0.07869039931648024  -14.124247750913373  -3.553528284298614 
  -9.643409400788043  -3.4040439492421437  -11.62531247614918 
  5.116500649537243  9.236404974203618  -4.853812894220413 
  -3.704865275004473  -13.276518714813959  -4.95066575555087 
  -17.000001357506832  -4.9423156024907495  -4.798437711757089 
  -9.450042178044004  4.28129531741862  -9.16811824756324 
  8.916483161386134  -3.203236291274824  14.621182848123576 
  1.8725582344847385  -15.018779209985102  -14.067868443553886 
  -1.3657706268598873  0.9224856709391446  -7.6942839125016835 
  8.05289657800868  -7.895715644062121  7.682290654184445 
  2.1366907841166056  -2.5888664530665215  -1.6973456703813554 
  13.600025040021267  -12.787527350467435  13.205941416959643 
  3.1738103668079307  19.02235915022726  11.753255958954309 
  -2.4154678541822814  -7.753564257793601  -2.5032325797286936 
  23.657011942807348  -13.554691861942459  9.15915712730224 
  -6.767022765075822  13.592699199859315  5.182323935954601 
  -1.407280544553684  14.302851227234628  -6.678548643325947 
  25.616554241470816  4.704580761596809  17.263238157319673 
  -0.3460490685853287  -5.890118383469032  -13.474707209706976 
  -2.870837813944668  10.022292165354918  11.814601533670867 
  -3.790407202518255  25.89249708670679  4.609674459395068 
  -14.514015246964593  16.130089488231285  -18.748327404590952 
  15.98762431320793  -1.099963915725728  -10.064094919427708 
  -24.381540206439816  -5.863678661845094  18.524285386881047 
  20.75299460453227  11.269193893370906  -3.231493725622426 
  32.00480820313921  18.62350496098293  -11.99566173239945 
  -10.58595651574081  3.1076968609197317  12.5649237749952 
  -15.28255534623882  -4.349038737990311  2.652529267032435 
  -7.859228033532541  1.7373119953618334  -26.993192243266844 
  -1.4759868359725448  -1.6288427007571717  12.796000087287183 
  -13.651189635262673  -4.495647830443102  2.0398653350851177 
  17.604665081568054  31.93136474300535  -0.2709123814311029 
  1.3401015095361637  6.731469035866358  -2.1980180728185275 
  3.533525316085966  11.361693581785527  0.5548267854404945 
  4.45300197345595  12.812659705019296  2.484412477562137 
  -27.691074188650035  -9.929601920203147  11.375615965536511 
  13.290621540593758  2.165939641451306  13.77809066269353 
  -5.350670538144471  12.988771388613513  -5.476890524078604 
  -1.5220390684629714  4.3943912341608655  -20.68632376000391 
  -5.679325056407862  11.270469684671404  -3.1657894276286367 
  3.076472810625138  2.213881471413307  8.8841637267132 
  11.036119808487022  1.7109833400063597  -2.1437805120272033 
  30.284392191145656  -2.040134629359988  4.547158210077991 
  -21.17065693852002  2.208986369980158  22.935779566047422 
  18.2151457032246  -10.601974473099915  -21.610966608713785 
  -9.337800396961429  10.24398633160272  -6.625195629799223 
  -9.82890964989213  -14.77952435711686  -17.58563041685224 
  -6.497746984674083  8.388262489712645  15.530549168856417 
  -14.103076595824092  -1.5751910872416084  -15.177725391649698 
  -16.692098123896184  -25.534305216438206  -4.93197268125531 
  -4.907382565661159  10.715103607897834  14.348742286848047 
  -0.32325955926612937  -3.536273976418003  4.148448390672266 
  -2.779770492125018  4.862932474595026  11.561802347618098 
  -5.527740052831261  -8.121854171882783  -6.568502487181402 
  -6.140879551606313  4.619005545362426  -1.7452092528540797 
  8.837597550443613  4.302721068037812  11.945380807169338 
  -29.169004070678966  3.7973366949179304  19.314552636531815 
  9.420763084365886  -14.766734428077907  -13.762155201928712 
  -4.376362689001344  2.389097657997374  0.9587339033918583 
  0.5913869466955278  0.145821384296365  -0.23266194883287478 
  13.181480379868972  16.75720319734602  1.4765644582409254 
  -8.966326423594825  19.501159609565118  -10.402126031147603 
  12.22096800753157  4.007295581129292  -1.0127077103906612 
  12.254952337983116  -6.640113652841394  0.7844805261283735 
  -16.23516372847767  2.5419099946628716  5.434516065435048 
  4.3817224270557  -8.856548440814455  1.970549571865628 
  4.513103628841609  -10.309261000778486  4.79624462638634 
  -4.938502147072822  2.5806645446863556  -6.452811544012358 
  11.514411741554069  2.541252906926862  -14.918284708477323 
  8.608012750592602  -25.851542844385385  9.238416646300688 
  -8.459967314704613  2.3910720965240078  2.767578062496307 
  -2.074194991992354  19.311520448960383  -8.904601378289145 
  4.692183085847015  25.351552416973192  -8.026703472403497 
  6.689889911716301  -1.501565252039651  -9.646263022523637 
  -13.448134733130628  -12.710558171481257  -3.207514243010721 
  13.469354502486114  7.4042028133584745  -9.877910092292653 
  6.0793989930440695  1.8217481096981736  13.436404238495644 
  -4.033230605885644  -14.080389623004704  -9.791172462312835 
  -0.9151596415564707  -20.204498721806782  -11.478420219279352 
  -6.314129519899084  -7.917602094513924  10.884174253773375 
  3.597576812364897  -6.166361203381109  -5.514414352390308 
  -13.685406067703541  -10.78021926684124  -21.169405686799088 
  3.3527099771719953  -0.025894775339843072  33.780392914336836 
  10.851200963958567  -8.791281494501337  5.589407793961111 
  -13.00508856288315  12.586778848429043  -6.0960340810162394 
  -2.8753672627667837  11.274045463891223  3.895084947057632 
  8.287647521599485  -2.7674092318053463  12.687758763178499 
  -4.3816551783693996  9.99775337201004  -18.00985899669279 
  2.7041250989265646  -3.7741746144439365  -23.631984297176388 
  2.016479350530078  19.08896121220995  20.880704848270017 
  1.5298405536575512  15.369270545574127  -5.470846290386968 
  18.27596421071209  2.371488477978778  -17.576380868372613 
  14.087389334823609  4.973887951262804  2.8234342924439515 
  10.016273991090486  -4.977783245236139  -12.640858042262975 
  -2.582331647033186  0.2564130335215648  0.7031401107648426 
  -8.79858708059345  9.767069236444458  0.35763932113353275 
  15.43144048993849  -0.06524756754485293  -32.049503802603 
  -0.6607329484491519  14.84141606204215  -8.187129521805534 
  -6.439368981555307  24.88521510742561  -12.413845790009617 
  -2.259379240918441  -12.315768315642323  1.8531624892197414 
  -1.8083918821908564  -1.4015063652904227  -0.3802986931496003 
  9.11494340147683  -10.60070897907588  4.54516759896691 
  -2.5196273056344305  -17.527176709655333  3.4325950389770243 
  -19.63245159578815  2.3986279675781756  -21.68138220743723 
  4.674833208472599  15.942585526245734  -13.419939536625954 
  5.932239817795786  11.379639715966556  -19.180454054840194 
  2.8406495014140454  -16.05579021024261  6.673663941243691 
  8.674931159898955  6.8387946223488125  -38.53681821237235 
  1.9720241529402605  -21.595031053137177  2.15833575315454 
  -7.8262482162845455  4.802995065126288  5.902813172786953 
  -2.868677039058668  6.306303916425208  4.9721206546025005 
  -3.3139308579939626  20.614454003289527  -0.032271202686124455 
  -18.697346716721842  -4.143822589228861  4.705795115915374 
  -2.668489135884623  0.7088736622048261  4.254600589871052 
  13.308539586768221  10.512762776897567  5.859153786015854 
  12.837579092349891  10.210575720788068  -8.360858578434843 
  -14.136464206121063  11.895350338034854  15.153415800211283 
  -6.707699057654828  -1.0251240674766982  13.64167400736626 
  0.996468007530858  -22.953001069976498  -14.870683662934262 
  -14.84303446045076  4.694874189257523  -16.90597093482007 
  -8.843595451140798  4.92292221989267  -4.971555291463096 
  8.765079812986766  -11.378704130204051  5.346507969201774 
  25.971648616847016  1.6917672785908526  -3.2433606616407387 
  2.0805661820097052  -24.383769957014056  2.3016007403456054 
  -7.5894133906998364  15.43499205007313  -8.844411978311042 
  15.311016068480045  -5.4510008682503  -0.04429022852163056 
  16.002406174628735  2.756230015262329  8.54554107720996 
  6.2512779310560544  9.566640003295028  18.53100865106632 
  -11.077034005557376  12.61838837972233  9.606566463288809 
  -2.034338391345828  0.34114525871292584  7.563103589004945 
  -13.482970386164869  -1.0547891664873046  16.356771558987 
  -6.8583192756892775  7.152669347779985  -0.3524902138563268 
  -3.557641455665174  -7.21888767888013  29.467752037097103 
  17.345329847392495  1.5621902552366793  -1.630222663581356 
  -24.369962712744545  -8.219964069157694  -16.13056837258429 
  -5.64211102215981  7.384302288624436  -1.6072752909047836 
  5.766307618051233  20.222484424805696  -23.611528794843718 
  9.720927853993734  -14.244832615182979  -1.731787284250238 
  -16.120451200995056  -7.851518185265057  15.20960575641784 
  22.275459387529736  9.604058345704138  -23.98579413354609 
  -3.011981590528773  -6.804187446716036  -6.798655061199267 
  7.364481311292806  0.0383992751537406  9.622644555124575 
  -14.371011329466858  -8.979769473795884  24.71059498367585 
  -8.61563197001862  -2.0958986221451386  -6.802338096043172 
  22.51098768131522  6.3665288870720875  -5.326760324001936 
  -8.112083916885256  -21.597251803400628  -2.063176212812291 
  13.11821289461788  -12.838378592497593  -9.263745699631052 
  8.006301487221128  -8.275834783050426  -18.06952702347548 
  -14.870659017306188  11.322882450631493  0.49992541250501693 
  -1.1964988772529699  -11.246073250749745  20.608103875748657 
  14.91991403193719  12.157832067734882  -9.505955886112863 
  -3.7543691176719856  13.35381293058252  -7.635488806078998 
  18.739325271903756  35.31225701605139  -1.6595126646180969 
  -2.267886013149675  4.033416527309677  3.1815045189367623 
  -1.517088030208153  8.574676963090036  16.0351692379693 
  10.914609379563933  -16.65577835166316  -4.004520477197628 
  -8.012615640331857  4.483576325587104  1.393147630008059 
  -12.642444730489926  -19.817838296691697  10.085116940787811 
  -8.636536437908582  -1.7225528582427156  -24.223031969187502 
  10.091870712920151  7.537134993914292  9.079140927323932 
  -1.8073878209185077  0.7958284725823718  -1.4518143145185989 
  1.5589562405185262  9.23625994052007  -5.165414790183333 
  4.033703042462102  -22.28266723379204  0.5966960964920305 
  8.308442033435854  5.950410450442541  0.9826720766432825 
  -2.5650581272762882  -5.169850086134297  23.41230102762139 
  -5.302516041961846  13.068638347276986  -2.6970753766408877 
  12.665384596570817  2.384170359973715  -3.4569645458659695 
  -15.834744865848219  9.08096374186957  -5.055694948322924 
  7.964796599245653  -6.663598853495851  13.388727911021315 
  12.784473435003308  -19.553032746423856  12.981934853099535 
  3.0272293522984164  11.02628447849654  0.13920233015891292 
  4.465188940264859  -20.882876039436162  -3.3339454349526005 
  27.300791389231957  4.072836171642039  -1.467010400395278 
  -13.353077227971312  -1.602409344890307  2.228127946955368 
  -7.836123048136515  -13.26519754968371  9.300431582750267 
  -0.8206161585274893  3.144442276659307  7.726448242204503 
  2.857327235938151  18.594251651167482  15.033655106684805 
  -3.6623525019763226  22.27875850137887  -4.75847727163488 
  11.367364162698774  4.145656280096038  0.5885481359503675 
  18.681458170357445  -7.7774452346496075  5.939527805007427 
  -0.7227522128526612  7.395191889888814  -10.637503744413616 
  8.960160322364871  2.5657570366329434  -4.2394224456329646 
  3.63837607699686  11.361825394044217  4.912507600176128 
  4.858991467076313  14.876790667564519  3.3325183503988827 
  -18.60445150890556  -1.5814002278665602  15.487297034155898 
  -9.969211095598872  -4.961383364403977  2.5136042335231203 
  -4.85222608606581  -4.322456573379022  -6.036329269785415 
  0.8080834075526987  0.015795008162565606  11.645793874860136 
  12.081753145150083  -13.254466311391818  35.97026453789256 
  1.7405140009172124  10.162353464375876  0.5379031945712548 
  10.1312657788168  -5.850787520458304  16.68696234946222 
  15.986961657795048  6.144413231642069  2.452048197450706 
  8.044837920191798  15.350018925448568  -5.030543735198902 
  16.540353242277234  0.5153935515816306  -31.12689351449926 
  2.397931150233325  -11.33652689102256  0.31460654429904306 
  -26.07890414535449  16.459725760429443  -0.450936481928326 
  -12.314121466435193  -23.21435394662671  11.357293283151359 
  1.864381024545963  2.1688275776143255  12.32420235386315 
  -7.361884098945055  8.555442371091264  -18.509824447667263 
  14.656879944030972  -4.349552303084969  -7.138127683624644 
  1.2198286270803835  7.885287154122198  12.303896750462973 
  9.29567169792607  -23.489667754118166  12.537701379286888 
  7.715624609547932  -12.129993916279732  -2.124242648579611 
  11.196204299123474  12.18925331331661  15.897797361124727 
  -24.05611934472021  10.422962681458015  -3.5139533655306403 
  7.115452975987672  -5.965831681480131  19.817009082204642 
  1.786571960961883  -15.045132182725059  -13.041164700732581 
  -5.282364034348864  2.1281760616751377  -5.861366606943665 
  14.713139147869704  -1.3049691779564139  7.470265786329872 
  8.533293153311178  -4.521305290468502  6.665579543652099 
  -10.645465145011766  29.77583554448694  5.956751433506881 
  4.2578056733511005  3.1793549552663465  -3.9519088220717307 
  21.465354897688098  -3.809775904153882  10.07194804879799 
  -17.205640254228744  -3.8495729752928565  1.7058832044853445 
  -8.460555853588417  -7.321651808294427  -7.691019244790827 
  13.132056707175034  -0.18158675307937291  5.035034512830593 
  4.556175240795049  21.252735780111532  3.66499612188548 
  9.932948879170453  -4.302696551008434  -13.101298615360252 
  -3.0130574528460063  -8.23017087564873  -7.195277879646585 
  9.329303794516884  4.596658096597498  26.3934115885365 
  4.98490129146228  -16.126689400619735  -17.713780666744633 
  -9.118405483215959  10.385327257948223  -9.675067194639032 
  -3.09162422148633  -11.792550640114216  -12.616818353744192 
  -3.523169276053952  -14.038664992748565  8.896023037543902 
  -2.841790739833937  -6.773819341720865  3.9316850962966483 
  -24.798754141554312  -12.750591408670454  22.19192441041371 
  15.163237763916904  -13.312091105952842  -12.93980117373263 
  -8.153266491650905  -11.654072859812382  -18.224755940066363 
  2.600838290795612  6.297350018136973  -4.629161891182234 
  -11.114979016194791  -6.73597892353359  15.36235858185623 
  -12.318868608891602  -7.029091645753859  5.559666970212126 
  -6.476406728327174  -0.013062155736417478  18.864965910454515 
  10.923560796918022  -13.103180032690915  -15.422224947884198 
  15.268060668586331  2.16961355562494  21.29098941065807 
  -6.149979894706397  20.95195771401924  -5.035757246977834 
  -3.7061868005760865  -20.064532841290443  4.550533237264203 
  -25.159502753822885  -18.804437695288616  -5.682801036107468 
  10.363170628888911  3.6448453968418506  -0.035966501596027385 
  -27.23483071546005  -3.3060541029965096  -23.353244012596285 
  10.429810379398345  -30.54239949445619  2.172208659610282 
  0.45926471139931574  16.986454789011578  -7.501423448931453 
  6.6801411970028814  -0.44724155943630584  -2.689988586566101 
  -7.355556009093285  22.536079764620965  -4.5218601081909595 
  7.694917929840809  -5.351535805166995  1.6890079530340618 
  -1.6568350328513728  0.2118796952932904  13.837791852369474 
  -16.858077172786032  -15.476111402119608  8.848870726741373 
  4.66838622096222  6.049375323828152  20.368294376761213 
  -4.450022439465049  -3.4043010835114575  -0.47972302113847554 
  -9.858713645642554  6.90631132029667  0.027557479254155606 
  16.902701008648176  -9.946759766559213  1.5724818845095425 
  -1.9468082697207874  -4.1318377450165515  0.38857213384345335 
  -8.099166459153418  17.480845925754885  -7.646495427164046 
  -5.022119821579889  8.92475684634538  -10.015528050011756 
  27.70098177730277  -7.13125710406189  -0.12217000605159284 
  -13.608062395185383  -6.767789064688831  -29.114146659131368 
  12.226301306092438  14.926960478696236  9.498548427888565 
  1.1920724628043484  -11.835505849437146  5.378894508988349 
  -2.4415583630658637  -1.9613150783947677  12.259727773425277 
  -1.113355176241468  -2.6242550822701407  3.5352268757781014 
  -17.298223875848283  3.5845390247452746  -18.80679791514023 
  5.78931543192191  7.604548089923684  5.638250070824206 
  5.288351555740152  -29.218539995544116  8.48151864906403 
  -8.559532094514365  14.59610426269262  13.710954631981576 
  5.399541701233926  10.299190030071504  1.697785270167535 
  10.164384739787852  7.227055079492696  3.29886915628944 
  4.1038913378098805  9.464573836323122  7.114793503540065 
  3.3375244293782433  -23.279730766235524  11.559160024357814 
  5.379698849489004  5.970053754883207  3.7788026371240053 
  -4.127381967340887  -8.978575216394688  6.54561998530728 
  18.64778365067357  22.084509204983068  -0.5875728428820761 
  3.337974232129501  -6.46906591711495  -18.189730749235544 
  -2.8636709667708984  -4.044018615198918  -1.9899453882179934 
  8.74963063931969  -3.8650322864368514  -5.931043680811353 
  8.072969568160847  8.18598237334878  22.3546154020882 
  -4.146977943607484  15.325392316258103  20.82878783615358 
  19.73035633878819  21.69733677114095  -11.664010014924473 
  0.10198167344432343  -7.260245833492229  3.6714419020044144 
  3.041735283029731  -1.840850698551057  -13.91723967000855 
  -8.38997684432787  -4.89351738153212  -18.03399560859103 
  7.163646223160387  -4.1717723866626555  -10.569262383097639 
  -0.8631496291324569  -2.5599165519299216  -3.6445897381160943 
  11.372547716441598  4.213424872141915  10.864525589773782 
  -0.44399437002136466  2.3712875210934596  8.076485447678209 
  -8.501838839646405  -18.560106837726114  -4.160028139482238 
  5.696531092507329  -14.617795736604092  8.657383829061502 
  -5.67564194151222  -22.32562444442921  -8.857664803370692e-05 
  6.057558000721628  24.497330601615612  5.590837485282144 
  29.255323635551274  11.338565277952586  8.278652734255648 
  -2.4614078942676794  5.069646328866363  -2.963815616237451 
  6.757386643929017  -4.590151294873968  -15.653803208634843 
  -3.630677765513367  8.743442502100429  17.69830794231252 
  -2.702507584470623  -1.7369676463397927  -15.773321795195852 
  15.201631877578272  2.743425806390171  8.36141861965109 
  -16.441733505083757  0.6921407159637418  11.760964786240274 
  -6.244576404416264  8.597655236864375  11.768986993601509 
  -2.3620989031759008  12.698446962623091  -4.910140580417412 
  -5.279344237521662  -1.3692252913414564  -3.318642763443274 
  9.673288589456567  -6.4706005548448005  -11.494403809326313 
  -22.50396790895497  12.372608252795699  -2.0052494694541854 
  10.815338392577289  7.724447950505449  -10.778782935484536 
  4.63930727866435  10.217894913842194  -21.441173340071114 
  0.397924895741435  4.143199437843943  8.295557098376594 
  26.898700054670552  -6.142521882640828  8.887578696128069 
  11.580864396970725  -18.384060127171004  5.319922066578415 
  -16.36360890930941  25.248083412598042  0.5687458309646982 
  0.4872701568148304  -22.486458356883567  1.7425125191361237 
  8.997675953324936  -1.8143236211654767  -1.969972173677717 
  10.34703480318331  -4.315554948501218  26.748112435502964 
  11.98924884793536  1.5286662902169599  -6.945675279509727 
  -5.3135538526813795  -21.054417296873567  6.485507122180247 
  0.667767751586661  21.797265298283914  -1.2699966249252486 
  -5.923766256283937  4.004135276892869  -12.263374343692233 
  -4.9096999401974255  -11.692385139173775  2.2711086330749053 
  0.14473910911253493  5.966733496742349  -8.752001188927705 
  -1.8474159577802511  0.5649021850059789  -9.006372388934304 
  -19.198285897400645  3.003433540493191  -0.33528743483065254 
  -4.647228307318505  -6.628092227959274  1.1678159487939759 
  17.333185912416912  -14.98987988432119  1.7083575411906426 
  -4.932983659356133  1.9408492508119357  -8.089427038423434 
  2.601590680738846  -11.647299222405682  -0.30909171197820656 
  -4.367394423714772  -2.500701264127136  11.672121562893098 
  1.0714944782677938  -11.347050058566397  14.091757147785152 
  -4.195637427122821  -13.884414027275911  -12.632894806211423 
  -2.540003515185122  -13.595964351223506  10.270550114482628 
  10.849323470179423  6.713597538250405  -1.72622936258265 
  -4.206807577405642  -7.924400317056242  11.267065848205258 
  7.596665544075259  -1.9153267163819254  22.655931913957172 
  1.2199956788033715  5.120270611985369  -15.56640937919048 
  15.805740496550033  -11.2731081368382  -9.578068792122286 
  0.07452813362852623  8.00606478250694  7.531638915318882 
  -5.607407385198135  1.8015971819437102  10.278163516372823 
  -1.191922796440421  14.704799310045217  14.438936933431812 
  1.8403959169206223  -16.142780868608916  13.828512419059933 
  21.19992645583119  -0.9048008583360347  -16.88727887473319 
  3.4391094814365832  -13.242316598123736  -14.575423453851288 
  -1.4630599146432772  -4.676519858788259  2.8039559045839466 
  -10.123159232286186  5.303861812847163  -7.50226189738565 
  -12.52394363498481  1.9682540061835214  -3.012708308112853 
  1.5705137695869769  -3.218454589524727  -5.944923304089604 
  -7.6753527147050775  -0.6384848370501158  -6.932241038851214 
  -0.42176500510287585  1.642058949290284  6.117548202374401 
  -4.551905628982623  -21.791591084666244  8.689184283126426 
  -10.99198736549954  -0.6118711790589036  -2.4919817314272423 
  -4.610476289541711  1.2159400347054008  -4.61808946878792 
  -15.200850715606363  -17.88745394397696  24.008217185220197 
  -21.143894928203576  5.57800540445987  -25.060669289931244 
  -12.443729589682329  -9.680140425355468  -8.605136794648859 
  6.489754105657361  7.496821676161233  9.012320214441823 
  -17.343511219165244  5.417910414630341  6.56583544559331 
  1.918383605553557  11.996442555724768  -16.131655110241923 
  0.9232711280693369  -24.43273147215605  -8.815112641193005 
  -2.4337725476572545  -4.49072418496645  2.791963371711222 
  -1.4303305381733138  23.764478979727922  -0.42413973564817853 
  6.764954582553679  2.134038958104195  -0.09269288421440088 
  -5.1244446481630295  -9.937253654132219  5.725124734618649 
  -13.632395737269444  -13.93871255023341  6.834584345895955 
  32.74961649585116  7.618502064624497  -7.626675318565851 
  17.36917407494364  0.5716825832620709  13.428233617617698 
  4.461572571505236  -2.2572567454491237  3.7251065289128107 
  -6.589405424177028  -0.8996642942080306  -5.2642777369564095 
  6.4979864058397006  6.938398799142533  -7.9982631091988985 
  -25.185240987963912  -4.1051104513990175  -1.1750120410841747 
  -17.917955438805865  -3.3637650233045404  13.620300562111865 
  -10.22113380159063  8.311562021807466  -20.996689220104635 
  13.805335968486062  6.425683327310503  -3.884712426072528 
  1.7354923422588084  10.341725158546973  -11.055583920672275 
  -1.364099484434683  -8.44063005746038  2.9192386979677205 
  1.8701831781477856  -0.09202684481619235  -1.2808674877324626 
  -1.856781458636295  -1.0539554747310917  -0.3584844756456711 
  -0.049552090547036055  -12.889873194305913  -1.088195251035483 
  2.150654129056108  -2.671647044799123  -0.8727242539133458 
  -5.850308079077879  -8.124633427642982  2.331774640777921 
  -6.670374483146472  10.529494372945045  4.006477215317478 
  -1.9059490888666795  27.247128487012432  3.06555202705733 
  7.604894572251462  -4.276474692091713  4.375218655784743 
  -1.420991712744563  -10.544873634811735  5.761794801192326 
  -2.1091278605768626  3.8495505809154227  16.28595987511949 
  -5.892876896410762  14.185748772870099  1.8172971792941228 
  -15.686331970078992  7.48396326785331  -6.213014567032779 
  26.430632920876644  1.2638827292352723  -15.067060478255556 
  -6.749956627459775  -13.96217259721143  -4.65944886237526 
  -5.883988211570114  6.731173041273972  13.001998083339387 
  -1.7548738966831394  2.73152929116292  -1.7515407703617911 
  -32.568216539465084  6.712738160457015  -15.477181527541676 
  -4.609596743858859  3.8074176394463892  -20.47471064684117 
  19.187337294272872  -12.021285617991104  14.214636274877073 
  10.09145437286486  -4.767991247494029  32.10643774378769 
  13.579864495147511  5.498325142883737  2.6696466330911512 
  -9.348991282525699  0.8498093042997371  4.425346476235972 
  13.326179094327772  14.333054002770746  -3.7213354219443424 
  -26.879659862576542  10.98796764858921  1.9504787134644115 
  14.933586915138296  -1.3602702492141405  1.212305773054237 
  15.155502857903123  18.89129066023484  2.743814464244991 
  8.203895700419139  19.873070020096854  22.34172146337136 
  12.247597333065999  -11.069158990828566  -11.17093134852559 
  -7.174599612826201  -1.9048739237200334  -15.914305367850258 
  -4.807404546153364  -2.7861318883205684  1.0089234325657068 
  -9.128112332622596  -6.36806467710597  13.363462398764739 
  -18.38255793625572  9.113494277483554  -20.009952288291515 
  12.442383166290153  20.146479611965464  12.857286593743373 
  15.687146082986375  5.555317227341537  6.33082283469173 
  -1.4565683210238187  0.3512410686294356  -12.47021654487826 
  8.606046827753863  9.139671469004723  7.306143257957348 
  11.398524569957205  -5.892140158259287  -22.542063341842898 
  18.795036781390827  23.521725509304414  11.948687076005365 
  -9.077320973893684  -19.476395895511974  13.793074496485437 
  -21.091481578900677  -9.824131072044839  -7.631594043337453 
  -7.495425766351412  18.685950050821493  -0.9721602941653458 
  -1.1639353444120595  9.535343191205397  5.997428876757571 
  -8.37611932736416  14.889064958898429  -17.40807252413772 
  -5.9650937430228685  -2.1373783304040743  -9.30302350468293 
  -7.576886230526323  -4.1446770407827485  25.255760092029668 
  -7.07301895461028  0.29420095808028535  -10.391898321711505 
  -3.4010052905492354  -4.221813624385296  -2.9097332685070545 
  9.109305924744044  -0.30946553057263126  -5.515095422440154 
  -1.1801302098705542  -6.392630959012091  4.13330837931717 
  -8.267644257377556  -9.66861270265947  -3.0123117183522403 
  13.790544470604654  12.494899385599984  -8.003292885693517 
  -28.200512180074348  0.9784757682815324  1.9663417667476277 
  6.17584888981869  -14.613147460326934  7.906064139977405 
  -11.674091413726973  13.994212725568975  -18.80244275137287 
  23.062806083546434  -11.21240910378096  9.861178760188617 
  4.867032243442462  5.112647578858035  -14.413949464795449 
  0.7484322115459975  3.949958716076003  20.270214767660992 
  3.1955568081898464  -3.1483428167195227  -13.662007527305155 
  4.464123233387813  -8.09507815583007  -0.28096528399840637 
  16.122915352523925  -5.999869480952082  -0.10874052874921905 
  19.642039720774175  -1.4037244051991689  19.182055447360305 
  0.511029652883116  -2.566758663932109  1.5213635423799108 
  -4.635002244983688  -7.969117562406177  -22.277930465499868 
  9.963829964702198  14.261475595137634  7.16367073726638 
  -17.496918391247952  8.080255705136954  -0.012435254665938249 
  8.286418767951156  23.31972240307847  -9.641598007276727 
  -1.903784730827873  13.924583026657624  -3.340931426022629 
  2.1775971692506344  6.602871413164951  -2.5136735647130712 
  13.307152979433381  -4.478957841926631  -7.435581997168215 
  8.105702663435325  -9.022207233921907  -11.749524185311477 
  17.36142061710559  -15.001761068480588  -2.6955212754433036 
  9.76824902664603  -1.7505552552176553  12.347473374153106 
  -7.154242220395555  -6.985562116495849  1.3172262846273113 
  -8.935190026236228  1.603587777334932  -9.794777241990113 
  0.22662663145873546  15.431866580019507  -6.271477409376839 
  7.597584442134051  -13.038111040928253  12.734876296646128 
  11.133861300631057  3.446466588968507  18.500649577041905 
  -8.10885616578664  -10.767850529279391  6.984178190249846 
  2.528414699045389  -14.00792038154699  -7.9150643461744545 
  5.755162522380615  -5.247351563465927  15.158382789473023 
  27.058717955473597  7.550647210813905  10.939814641874099 
  -10.67165562575118  14.404679066810758  -11.953681848011872 
  25.359281710580838  16.607390533611873  -6.459930339691109 
  4.495628106809308  0.688534489834773  10.042638966100657 
  -2.9930619133838596  10.17798060528475  -8.78579930953035 
  13.332844768169283  -2.8240980764747023  28.513126876707485 
  0.41682971600060653  -22.233946490007387  9.379640929694473 
  -5.925587704952583  0.18531012510071637  -0.015910332415722563 
  -7.014870075940982  -3.2537705368124334  -8.822380136364119 
  -7.049809771243819  12.699705340270366  16.539751725117338 
  -11.342542582043716  -6.657013410995428  -25.08725723012053 
  -6.313398367466138  -0.5825880882166361  1.598996240442464 
  4.600800033372555  -16.552403238895344  1.9073564939140162 
  -13.55212063461762  1.1651903483861037  7.888723818478181 
  -3.266751924467025  -1.208879124959184  -14.13636826431589 
  10.183334046443871  -12.538521754946325  -7.309469036251183 
  12.304131263099029  2.2994579168535  13.42565802142848 
  -11.693522427283096  2.7380763138326376  1.9775934786937928 
  6.332160211352887  17.69275156911944  -17.178416064201667 
  -5.54401481127207  -7.6445323395817075  -14.509244463730532 
  9.62718586493193  2.8098917606125444  -12.88581650981268 
  0.289958164587732  12.945838458782577  8.409497957265483 
  8.788305045430688  7.729987583009636  5.7514677521835 
  20.213666241966404  -17.90606485915584  19.53542624753451 
  -8.888955960286562  12.508445074707844  -12.271587184606071 
  9.211032670291278  10.380260674929437  -2.4019381433011744 
  19.008444029136975  5.278871530045779  15.440899498857338 
  -6.195597378180683  17.886088643657978  -5.197332052612362 
  7.910694775690034  -5.295751864861581  3.472753141900897 
  8.558580985988385  -1.7135471641561097  -29.432539081247885 
  -12.528188642051315  -7.418459921701091  12.22402281820446 
  -12.964065448713106  -7.596854927932376  8.309883802481421 
  -4.544997593980832  2.4926573257470293  1.305869186902648 
  0.05111276263645604  -4.450885371422206  -4.512402599389461 
  17.083064878631735  -1.6984240412393337  -4.237137138386534 
  10.025568709130907  -4.637153390511248  -4.295934580489235 
  -6.390217172379975  -21.720843854561995  -8.722977036744984 
  2.4349602311835437  9.608920056813776  -0.60102970615926 
  15.109600413260644  0.36199895759544276  -1.5752629584952456 
  12.096094208045406  -17.534603113353867  12.108358608921792 
  -2.0553480526328887  -24.884905553366576  8.05255095485002 
  0.8151457042319689  5.666684679074359  2.323756721702697 
  7.684321968443942  -21.911687279614775  -21.350819400906545 
  -3.906882846678633  -27.914611016243995  -13.540104134519092 
  0.42627526683045097  0.3839154213829822  1.7324591066729647 
  -2.7011900991329885  -9.158517427330787  0.5247848365154328 
  3.107533136224629  -4.173812372586731  0.3654317376875098 
  -6.428735266989288  -1.4779909468132695  -4.33652661112186 
  3.491104099716325  -10.545597776553645  -19.4661333551563 
  1.7877287907579735  -4.271114932855099  2.960292616030252 
  -12.844411127047822  1.5037660188517314  -8.160776713609929 
  -16.89840632061374  -11.977526019918667  -9.11461625842009 
  -21.70788358247024  10.823391215622474  6.621210851581659 
  4.654473620716444  6.65767175409508  -18.775990003939064 
  10.405823265670552  7.167109083713685  8.162356280134283 
  -1.5472801984846574  10.22371177092045  -10.81603165383769 
  -5.4840800916073436  18.621582150997693  -3.7327443362085018 
  1.8224410389739112  -2.0367754982759494  6.085320481759111 
  -10.984231956101949  -18.44942158541155  -2.728462704054684 
  -7.208171255939893  -3.414300495226766  -4.497564625557577 
  -39.23044286542046  7.90683436718345  -0.6271472521449827 
  -17.516437300423444  -2.4366636147312875  -10.009786612338786 
  -12.302353636700104  -17.39239010029639  -1.5767007010942171 
  -15.601711561532264  11.443004212987235  -2.360069705217305 
  -12.443620088880694  -7.815915240669189  -4.643871062945425 
  10.72718210350233  -1.236710909346903  10.007100384034185 
  -8.947006291943683  2.2870163991655854  15.299941286692748 
  8.99855151399187  1.1074267919924814  -21.441750018933945 
  0.2036391542154269  -15.102871799967275  -11.223529121523029 
  -2.718832450250977  -6.462132800189841  11.544789736250545 
  0.43571286868575954  3.492462032630713  -2.9103657370431706 
  7.3520712474095955  4.62854819329142  -14.050810008054697 
  11.492240507104496  8.864242043912553  2.575941899315201 
  12.650833246887554  -10.162964723194074  5.516919519399684 
  4.043917557025132  19.601678805114826  -20.237591148348976 
  -3.9728770886114124  -5.02520613405474  11.19206761829457 
  4.034679716250243  2.4828274877531515  1.553099667921425 
  2.1026948608025253  -3.3457386284089896  -1.8266344907160263 
  -3.4745643792972274  -15.01198674572831  0.3573752800493863 
  4.1224087924749195  -1.335167868343479  7.869639946675869 
  -20.39636340317854  0.5264370861393254  -14.689985319742695 
  2.3828432918418505  10.078378576860171  -7.100698838604037 
  -7.5709953422181755  13.78241302300682  11.619137839981304 
  1.8721176959702672  0.9958935155838697  -5.493927884900355 
  12.709595800568538  7.9941372382822395  3.2826877570349997 
  -5.320590141612761  5.861276354708613  6.242355614038204 
  10.669416310327943  -8.61187419010372  10.46144415505429 
  -2.761991147193696  4.578799594373715  24.049567941431814 
  -8.401256172152575  -22.958725918272517  0.5776425669796843 
  -12.78088711353515  5.559832749183732  22.972084607478198 
  -0.206332811977989  -4.769805753075196  7.199592791796695 
  16.798330269387503  3.390214910018314  -22.13929055645476 
  -8.048533890863542  -3.32659518100613  3.2591302180446045 
  6.765591456228545  3.1984462172629016  -12.227935238946428 
  3.2178665096376355  -12.969285453333546  -4.218630167411572 
  -20.46297090125476  4.064823096436962  7.201343153459251 
  6.992755020948984  4.814056306860482  -5.0349951531184 
  15.568076135036616  12.927786665967048  22.040385006858774 
  11.58636188016425  16.6147099299293  16.875569871313008 
  -11.145690501539926  27.675884970697872  21.215628539432846 
  9.452971353779086  -10.563448009584787  18.07832776684986 
  -3.8737129676785056  2.536265608743364  21.38365859951445 
  -3.793572452532118  3.443713008949594  -13.915913654491034 
  7.290236859252652  13.077431120582126  5.712303215377872 
  4.422057783601848  4.044950555501129  11.040383422924823 
  -9.549869153259413  -2.118508713338184  9.123641317190243 
  -10.091800119292397  -1.9276895617894845  6.238287641684593 
  26.209359994835  6.345260581905422  13.487779848202253 
  1.1249919631671972  -5.297335794535855  -0.3073195864106553 
  7.586321148394703  -0.34796507958769146  -1.3587941363083325 
  8.208606172962892  -10.808520844693737  3.3175136552678333 
  7.766012525075163  5.43982241192472  2.1787167583506615 
  16.30841030223117  -8.849121773649223  1.316937944340899 
  -2.4819638097538808  -0.31765580022202455  11.355877826945342 
  9.997641963042268  11.023377390463933  -1.798402949799664 
  10.88118289926234  -5.971175103329611  -6.079617179479598 
  -24.316483947829376  -0.776840757602504  16.527886846399383 
  -3.604982550454757  -0.41304227583630876  4.252377969966492 
  21.678851057157402  15.449200864861226  6.445662371772592 
  -33.72301057045347  8.005162896225919  8.336314814090576 
  7.178692448475739  7.3575793442611195  -0.07390477789735737 
  -4.500441896313647  -3.1289514896901274  12.19090514654547 
  10.151223600504327  2.2738913001580987  -18.37133811634301 
  -10.778159620317444  23.691562955919586  -0.5573423486861274 
  -18.285721731326216  14.723237975191763  15.906163752222653 
  -12.565927779028078  -5.256861775801376  -3.935528362432537 
  18.388467827362575  -3.714288519887328  5.303020404165985 
  3.608303110394849  10.195068044826147  23.400253237164932 
  19.50967512623774  2.9013769242607332  -12.306160693684676 
  -21.106258771549278  7.288116646124922  25.561032479953923 
  -2.2712038357352524  -0.5751709882783153  -0.8682951660445553 
  13.05722432295347  -5.674004459043817  -12.653832864099318 
  -0.8440295805469412  -9.640713062153193  -24.85162688352146 
  -1.6248905857033218  5.3896623721821175  9.212895704018495 
  -0.7039482729279787  -17.631994586403714  12.861899086425895 
  -0.5543694037702814  3.633193551937156  9.613008327954237 
  -23.09659620278401  -7.1462255063725735  -19.657696224521352 
  -10.409240116832116  -4.446094411795625  -6.789963734442656 
  7.1563842737103185  7.969743002925458  2.4396141592424754 
  -25.93417611188885  9.590352372096099  -8.155933169171616 
  31.02312909306842  4.788315843110596  0.17585082906388733 
  15.348073293579432  4.523882752736577  -4.229710255603212 
  6.745171213050116  -12.360213342072639  7.301826572657118 
  -1.7809105832807384  0.9226515285441427  28.46804086590604 
  -12.064918888487512  18.116227597772927  24.7796495284569 
  -5.508697713026746  12.210405841844679  19.685506187149027 
  6.259263206399194  -4.365620696098245  -13.209367924178352 
  8.20103612482796  -9.847478352180394  -14.056745027542146 
  -0.44947097016509063  3.2270450655521445  14.146239956647833 
  15.628505496098068  8.751859023927409  1.6864675877163045 
  -10.64050762526748  12.035836574670872  -24.68241169529434 
  -10.430544919390636  10.564983554560976  7.059104292744136 
  -0.4222480411691756  9.960866987103012  -12.453411497495134 
  -4.362032817750682  0.01430477525234156  6.095397876174952 
  -6.9413837096481155  2.239256735959237  14.188774952600825 
  -9.546973766952837  11.588757661641743  -13.020574133524521 
  1.8626496143423468  -18.528154000101935  -3.936200047615459 
  14.014035002732562  13.738956096842164  2.4339628881062167 
  -8.776301849603476  6.877110143146199  2.574621645820864 
  7.896290359839297  -4.398721741858537  21.915792594013215 
  -1.7458066111209956  -0.7623898118205256  -0.7132396871030137 
  -8.729899270341184  -5.95776216384835  2.8052893306153766 
  -15.303021409691384  -8.353738629133925  10.367746304438606 
  7.719285183873507  -11.10832017505295  2.774070887514864 
  7.056107149429564  0.8528189238058282  17.096193282595 
  -27.696167761124936  -7.692186347488215  11.931934418836954 
  -4.938125112124338  28.437471922774865  -0.4460313879088824 
  28.023938212104063  -9.048883311496153  -9.131005957633459 
  -10.618532211420938  -3.7087599176584383  -4.9715930770022245 
  5.759193811932565  4.396079497736669  -0.4960327977996661 
  3.2862071004198246  3.5113074659327856  -0.68191614616559 
  21.697968903990294  5.783837240563941  -10.381540583048297 
  -17.345875349348113  10.475045565263345  12.550572379705114 
  -0.143438174340688  10.542353964173074  6.050569483266832 
  -3.678916137918938  -2.2976039559334027  9.528534989696066 
  0.45749328309507703  -5.315024337872886  -28.1428068143059 
  -1.2802051795719083  -13.41374269399667  -11.435022253168182 
  -4.203702354075582  -31.547842892546086  -12.242738920078855 
  1.8041918208094359  15.575623805361914  -9.192021684807543 
  -8.116923755606784  -1.673137506265208  -15.050397010184586 
  11.24185215393282  -1.8236315280200286  -17.40089032880619 
  -1.8144555246812788  6.1451208913804205  -10.948079606945985 
  4.23149739666009  -10.441334201573897  5.397604118707883 
  -0.8909659572578021  4.062385603972877  8.6181469980313 
  -5.7173827872880425  1.4215953555040293  7.11333463733688 
  9.750274038184235  -11.013170751460832  1.684016604351451 
  -11.993377157616532  -0.6302585180119372  2.1170672994921373 
  8.979731093578518  -4.094200049959835  -7.087900008435786 
  1.3828475651331946  16.976925804869  -3.4688820129987166 
  4.229727080901954  3.7212620476724916  0.6095343199669688 
  -5.950416728926426  -23.264226045674977  12.745765706419345 
  -6.472400521125972  20.738926355204658  7.615994598779244 
  7.590153292291452  14.342216052393828  -1.6527192585115962 
  -9.310862397389611  -20.01215403219032  7.683964175183165 
  7.694535118623522  -3.7429948613428867  2.0364167449860315 
  -4.53152293534416  -9.287099998048316  -2.8884250509777916 
  -17.00673255784518  -4.078504063217836  -14.47703827074513 
  1.5531852056411197  -17.20778683687229  -19.534780937816777 
  -12.78202175394028  10.71784638483958  18.598343193283842 
  9.13138928849716  12.754541850691501  4.929150395322396 
  14.72346546797021  -14.745996821224669  2.6615708217396925 
  9.870576131458975  5.177296808982687  -10.968652595705978 
  7.2663577025817006  1.1664887932754973  5.3002111587289695 
  -10.01412288382528  14.8070591931713  -15.362458046290726 
  -17.539013721142652  -0.5274478463901252  -7.1965489792514425 
  -13.670419397374552  0.07245368602601629  -13.31706911655601 
  -9.142861177017783  19.23531728250632  -0.9100042336483815 
  -14.116476136414311  -15.44052926455593  6.070827440324749 
  -2.1243291992106603  -6.307927275286859  8.333133814113394 
  4.689754614247611  3.238067756217191  1.2313033125162267 
  -28.203730235972987  -14.150833953192869  4.358025115711814 
  -3.6973716077149446  -2.0547358327924043  1.7009993464443693 
  -2.3890782073732804  -0.41116207929290094  25.594524706438904 
  8.582110218427207  -27.432148108091663  4.050093198236508 
  -15.980360270468559  -4.404683634096067  -13.35461651007259 
  -25.506980756143598  -7.977454184956257  -15.3116783124766 
  5.141359289939264  8.615291722105322  2.0132262491962796 
  -26.504759465982787  -20.83087952183293  -7.777495730687481 
  18.002802745124285  -3.8109629484657295  15.03381893036961 
  5.048116225237694  12.8677042384723  7.465120047021484 
  -3.885333493443801  -6.28711614234324  -15.908848217883627 
  11.891867092966896  8.38499154674241  25.002041942115866 
  21.551412672465375  0.9268465003373871  -13.497975534364851 
  -0.28787400576513644  7.124764639938899  -6.4126890407432375 
  23.829463483132105  -5.13079720871758  -25.222686352744482 
  0.28710032136282415  0.6982582444726578  -3.855052828003803 
  10.36542231285776  -5.348027503178564  12.27202410389738 
  5.308353436709328  10.01499482086579  8.357368856708806 
  7.77533469607125  8.068634192596155  -11.078398501700335 
  13.257402084347  -10.998078441068015  2.734832225093384 
  -15.426980388245058  -9.9099649121783  8.19276316360877 
  3.9011421616972872  14.788261000036801  21.823423446653926 
  -2.843842246185235  2.187494321633502  15.283759139154174 
  3.895068237267919  8.752401071945588  12.291173210302599 
  -10.956662549243122  -6.736077553863059  9.228752524762927 
  -4.163328653600232  -9.176688712777116  24.137325070110446 
  -3.5419089141135016  -9.525773152407266  -16.336237863678885 
  -14.036429593934773  18.782811302872236  2.384551426062001 
  1.2009631473852551  -19.00824675975596  7.113896272059026 
  0.8513885219170241  -2.0369058776641507  7.072402854455667 
  -8.126446746079559  -21.103525458107157  11.843030485334966 
  2.4906040923576125  -13.146649489608743  -11.674906268028119 
  20.406555921924426  -2.7594188401547757  -4.502354467743055 
  12.18072846422591  4.458872527409336  7.597053079564715 
  -22.442391359052394  5.755273422525853  19.572155000660562 
  1.6141061341376988  6.682876036936299  -19.786434913824834 
  0.4334092446007948  -13.067094002892352  7.6789366085442685 
  -2.2505166977108275  -3.40344796642048  1.3759913028255557 
  16.01935474691515  29.424951839995135  6.5999917008187525 
  3.174491002296024  4.096597728652653  -19.974528811325534 
  -13.167862436385352  2.57610660149806  -20.766551898091052 
  10.530072190225642  -6.527228522603485  -15.171502028722092 
  5.037348931482304  4.279496531874586  0.6827318355122486 
  13.598334181523958  1.9075094523257297  -14.196365387185478 
  -7.1800538950350425  7.442279808671833  -7.748145776155652 
  29.681325928029736  15.640045628952755  16.133330664350343 
  -20.05244746906064  -10.369882845936692  -16.471716015980395 
  1.508159335050046  -8.637102299098865  1.7287145625083673 
  2.2588103153619388  -6.860764605739913  3.402298673097954 
  5.947228768608236  -19.927254827164344  -14.885136941086381 
  -1.8189024429535805  9.281780620316587  3.349513015941849 
  8.232974835650559  -6.131618185473878  7.412402749271376 
  14.343830115377523  -6.032397663157036  20.648185924886274 
  18.60466834438931  3.896665540129235  -6.2201609686475505 
  23.2448415907592  21.197821883712187  2.58351843359351 
  10.80491914405677  -2.5250107914527598  11.305667479467207 
  16.449054163808633  0.6852404695690426  -2.3922953425032114 
  1.1486664329220242  0.11268497886524206  2.5524694148566973 
  8.144106741239073  -23.62412428280892  1.7400791531274158 
  -13.283256576101499  -1.920052026510209  23.465453972239438 
  1.9804541818728938  3.311801340016456  7.367118704366552 
  1.604720212061931  -12.271146145272406  -0.8719399436946627 
  10.074807212158817  13.184523779482548  -8.618974055134865 
  2.335842589854117  0.21186913455557438  10.31052276480976 
  -1.7478913111633003  -6.926017803443774  11.830407688522504 
  15.379023060057952  16.968460994030714  -4.277409440246987 
  -1.3001370214141241  7.771678479839174  -17.96455945042593 
  -21.21179070745314  -14.383978457192407  -11.66701531911579 
  -1.1410710214700734  -9.26820446474807  7.668423847021311 
  -35.35187952780385  -4.952153963671097  4.603827604318647 
  -14.676812256451926  1.5785517281116834  18.235850146126825 
  3.295958791226289  -0.25115188486645945  0.011138120404089479 
  8.90653094113315  -7.449032538432412  -10.50323087887765 
  -4.945839143329791  12.652955741248109  0.8864339630662701 
  5.614970057084321  -0.05545616422393819  -23.65070395770238 
  19.86177271807941  -10.126436890393279  9.938399988172153 
  8.580994386436814  1.1139672595187062  -11.447976228482657 
  1.0717600133026604  6.130953728323547  -15.869910196577719 
  3.671708429600328  -1.5166296880042738  0.09068733455386381 
  -24.549594883885057  -5.8584231969504295  -9.988033740653254 
  9.53677974526977  13.021844280278836  -2.1318847776444723 
  -3.0691402481682806  -1.614262482616501  -19.88562887183787 
  -8.242682336785757  -2.6172607522865614  2.563153472654723 
  -3.078402078719307  2.110346231498604  -0.026528033009104255 
  13.470527463211011  -3.6549056838849148  -6.663839832373562 
  -8.999784920045382  -22.098579769853227  3.0101336578664433 
  -0.17161479368924623  3.9508150832210354  3.9311838931189773 
  5.9192506427585885  6.5797584347206595  -9.77337098671512 
  5.0856150051463  -5.523265595302862  0.4556929639522887 
  -9.927375189707773  -2.694619280865801  23.212458609466196 
  0.03927814781514163  -4.1347120023205965  -10.84359832362426 
  -32.6879191996892  6.578239444060668  -13.899138549253493 
  6.858996436826314  4.024827754607298  -6.3862239336672975 
  -5.657120475086712  -3.4886587006478735  2.7718936557360903 
  -8.212100350778503  -3.579955632804113  1.1227559654651937 
  -6.041529834702407  7.061043094244269  14.694579717372754 
  14.656343704219275  -9.78222197875018  -9.424854992255701 
  -6.818748939251041  -1.2314335036745658  -1.5545793186145995 
  0.3176291509008322  -8.252256786146281  13.951816346931093 
  15.93054004266389  11.928574295583973  -9.445259056806538 
  -7.369438611364713  -13.155253704178358  -21.39072624391784 
  -24.23346470186936  14.1409075066099  -5.631479195087291 
  -5.268224009163419  7.120249619166833  -11.631309486912741 
  -10.754048520450983  4.232738966037711  14.585449259652782 
  19.64714023539884  5.070600372054585  5.96126169493711 
  2.1954091708426193  2.6064241930624696  4.667322136495353 
  2.9492223008303045  5.542064298461175  -13.765097541741 
  4.846926486876926  26.362110678037933  -4.971995300654493 
  0.2416422979154663  -5.465703367001636  17.729767188947086 
  -4.819032781926698  21.516289030056377  4.661800867380162 
  11.340941361826854  -4.234144046973192  7.244119144909976 
  1.3941580732637135  0.8842660514306018  -31.03455348847038 
  6.214151376294312  9.793791681960531  7.259287266698649 
  -18.94812571541748  13.43126580169947  -4.4688136508797625 
  -1.7760085147789113  -9.45155930066787  -13.888044554160011 
  6.753568173671699  -20.534148499405447  9.372745555314006 
  4.10355612282597  6.4292926051236465  18.973716413273667 
  -14.452244368935265  8.260587145858302  11.052850260554976 
  -7.6794811289005445  26.315885443456395  17.555344990451182 
  4.38669424928087  9.761912824509576  7.401757024741866 
  -0.1888884020662841  -0.3006014062300938  -9.710086751586323 
  -1.7049588199413654  -9.868560569207295  -2.5551890584254284 
  -0.33108975798094575  -1.80572524815152  -6.211549915031173 
  7.710519830396117  -6.973964433957283  24.300516257788562 
  3.333785896714131  15.43521516029177  9.80236683559595 
  -5.308878916660634  11.152756163549853  21.142398579092763 
  -6.134551909984033  15.081646858193219  -11.350315418536118 
  19.25589826379469  -0.27010556499585037  0.6231244839625286 
  5.79959338486937  -2.9108686958438197  -7.825999769492448 
  -0.9478276984418423  10.953708222181955  -4.601817835723133 
  -0.9958004174147947  -6.07237779624805  -20.899135445651265 
  10.787337997692081  -2.074657719287276  -5.174721618865332 
  5.800083073234818  -13.448773380804706  -1.9190715680235795 
  -3.5991312102917727  7.623712263748026  -2.5909328287208218 
  -13.304416536369205  -21.491173725790937  22.927819380883808 
  -12.263352699506365  2.323502487818328  -7.576387679185165 
  -7.019955440986117  -4.621000472872109  -0.5425326044609659 
  -12.502136492664654  -2.8332257936155707  -3.240805820098193 
  17.206149972291783  11.83659253990121  1.928551322792002 
  8.698611734044851  -16.591323276303058  -10.970944581157223 
  -10.973587625962761  0.16152885970263767  21.321573864610677 
  0.2564515987233754  15.768053224627142  -8.27759025185558 
  1.4691097982294983  -2.2755246173155683  12.636370938983276 
  -11.73275382253001  -1.7150685942642376  -2.671017822808806 
  -13.272449165206822  -5.508350205915786  16.50058413716049 
  -4.128736632145954  -8.536918494053028  -1.311732754250713 
  4.84878581555513  -4.515669818602586  -12.95188360067271 
  2.891139005694243  -1.4819925568687966  1.4385501212212881 
  12.680356845729678  6.537542303597531  -9.635347012674783 
  -4.535133137149777  9.165044029473888  4.39757150140611 
  1.864457240624623  -4.43717385444749  -4.63537922927538 
  1.5641561530457642  -4.186209361146304  -3.7409340010446392 
  -1.4096097005891772  11.296304419967596  -6.4455220054998055 
  4.42978030753678  -10.823455152675523  9.534769260875818 
  -12.423121087751618  -6.630412534373377  0.08945518058988589 
  3.6449937269894708  -8.886362060339653  12.184135676288761 
  -8.085902597103278  9.813806511613693  -9.441305614821765 
  -6.222316992689822  -7.5725319327491425  -2.79826532718324 
  10.697286099948407  3.0491988051719656  15.55022673788545 
  22.601273316285344  -20.407719282225326  -23.437700684195775 
  16.657808040854942  7.181113213954064  2.911590175608537 
  -7.5502219303346125  1.564451770437271  -9.821933758091246 
  -26.187999011135005  -0.6936541063313604  -4.422797486973062 
  36.854363270275314  3.160935442293545  -1.1011255135618265 
  5.752148183602651  13.214824189412836  -5.696805628415118 
  -4.045263149452225  -4.483382777533492  -13.600591955250653 
  10.33418140781357  -10.689151033447704  -10.371751684396079 
  25.075066511213233  -2.3980956655918244  -10.644240894975262 
  16.370668307515565  -1.4634334707925456  -8.360280921220475 
  -0.80303750054263  -16.991769110899593  -8.488817691975028 
  28.176094869699757  5.893061402558649  -6.837239413642014 
  17.285318483658962  -5.54478574584265  -14.751560171171544 
  12.200061764165188  -1.3318440680640522  5.176157913832794 
  -3.734738093664837  6.267931375748949  -5.604480471482762 
  -1.5727370399582026  5.013945086292243  2.208466881716643 
  9.88713291504112  14.57805877322593  10.473704829165506 
  4.098036779136957  13.313790693995237  1.1717156627524035 
  5.435420030717372  12.73494848533878  0.46792554770892036 
  23.95039649502953  -8.447529994290901  16.410552333737844 
  3.7972590637169534  -0.7605555797660951  -12.985481872064716 
  6.196910606827141  -25.09572294332844  -5.621441313036203 
  0.7171763970657772  10.14952078081386  -0.1542681029202912 
  11.046393875308292  -7.931035868369094  -10.475164662583962 
  1.8976999457685744  -0.4397864784447048  -5.209843900108881 
  5.318924614828003  19.3741474485492  -5.477245635130176 
  -6.895574200221997  -7.1253934763150575  -1.2777501429566156 
  -7.052380418775761  4.960334435462606  -6.58592878188916 
  -27.570650051472015  -6.662649331984304  -26.54800988943917 
  3.92450994735582  8.450835393889772  7.893778518866578 
  10.061174062846195  -8.435622979292276  7.4496291627249125 
  2.184754244488323  -18.281069569564877  -6.626482903399352 
  -11.582334577734873  -2.306227228133068  -9.812260296666928 
  12.602945873914518  -7.727832423785768  1.8485513238119111 
  -14.430595148649111  -3.6200565496684187  11.566697155353646 
  9.020825733944747  17.004219485424354  -14.304405090959538 
  14.316281911835663  -27.88866639635316  -10.67738975717234 
  -2.0977392228473817  -4.545360850694955  5.595507576758882 
  4.471228319059491  1.6734484174057211  23.581174459227732 
  -12.267897974096023  -11.048207561053621  2.8320323000123744 
  6.974610234958358  -12.73023043187307  -7.257369273169315 
  4.067543190113006  -7.082950283115302  -0.8138993624970767 
  -11.659917822784266  10.670829926172212  3.585437369372833 
  8.939941284674967  12.424258076923246  10.713476322510875 
  17.72652773739291  1.2158522789543411  -4.380883904991624 
  -9.697876545014266  16.143616586243727  -9.169722676986773 
  1.3607302861233685  2.5259102377396587  -1.7583760125262757 
  4.7609513589994785  -10.64707364391758  -9.185257142599873 
  -1.4163452528309302  10.947594552930255  -4.744537641747036 
  3.0851888080265844  -12.556482504404302  -9.85588460789074 
  -15.212257323065145  15.521884762278292  12.876238256864987 
  2.4095204586089616  0.7686521754497637  0.07944868288108556 
  4.1031442337528095  -2.8219362308278697  -26.25379939413457 
  -2.9761308522186716  -17.717668468314745  -2.2768102593756296 
  10.867994564436932  -4.4528244215538315  7.13861572735406 
  -16.27552119214577  -5.0077708674437265  -1.9902395716221717 
  13.692030824482382  -16.076194942213625  3.3714845478132354 
  -17.592995546985296  -11.44079642284981  19.100584970752635 
  -21.53665303804756  7.161233605336133  -4.986614215242937 
  1.9533472898514415  4.2295245910440995  8.093523252947646 
  -19.241904364535824  14.52265708768839  1.7013625484427461 
  -12.615031228118598  16.411227956915397  -1.5828335111004217 
  -25.947970995627823  -14.198427073063131  9.426506161124315 
  4.514418334863858  -0.387304668364174  -5.432465050800088 
  -8.728188897821763  4.973884273682757  -4.410696600812389 
  1.8867986798679806  5.288794269066702  16.430879182114754 
  2.932200977473082  0.8422134417332064  -9.822128727730558 
  -10.259557262377468  6.146486523160692  -0.024271818098064987 
  -14.464142783760508  -11.525337818195018  -6.228452985195687 
  15.64405227833697  -9.32147680565884  9.298359524326875 
  4.622735904309508  5.925627111936446  -24.081713374317378 
  12.361683252209986  -11.451610112819516  -8.782342828935128 
  -14.881536964299803  -0.6305553810900096  -10.804601983993575 
  23.9178892305741  -8.109386248585395  10.957579832631257 
  -7.706330343159268  4.135272590159482  -4.195650515833047 
  10.010834995026467  14.883610607015935  11.165963765164102 
  5.917227069808286  -1.7991469100105577  -2.019191793707467 
  -14.159524959971204  1.6297746277528202  6.537752935998331 
  -4.600742943254606  1.096052103222345  7.575399702145237 
  -15.35420387351832  -3.7251024650492925  1.6958268584691045 
  21.138110254462507  -15.597509755968577  -14.488216403742484 
  3.9570344171666645  -22.752664868923105  5.8197322005948555 
  7.530952963176282  -4.813786744704383  -2.5704828117024756 
  21.18263020406482  15.547026244314496  -15.81264212144141 
  1.9644335345089332  -12.21306993641524  11.20288012571133 
  7.157425694262434  -10.150585961224936  0.011714418751895134 
  -29.88618029429375  -5.437220998262592  -29.163077545410086 
  -6.161832011492755  -5.028429814879669  3.7533836043591107 
  -32.63118303301253  15.191264739712699  -9.849198029387242 
  2.8689732200541136  -13.520853106442628  9.176237187456094 
  -24.752525411005923  -2.7903273295227504  3.444067411694431 
  6.399987385117008  11.7618328143162  10.300983147970724 
  2.968493417626643  -11.412653394650492  -1.5369636333642525 
  2.700351711530982  -8.808500939954417  -3.089555953692205 
  -19.273973707687677  12.34146397011248  -7.667892344168428 
  28.1537135937206  16.06020705229939  -3.7098246460519846 
  4.304981369535195  4.583165656595757  -4.237574032447289 
  0.9934700942566134  -13.243541305444976  1.068107954803854 
  11.451031337456694  19.63902928322711  24.953090407540866 
  19.164753758511544  17.873409785323478  19.772043625409825 
  -1.6028515013364704  15.132737616277556  0.8744559185163325 
  8.085920015812585  2.7644823598283192  -6.678211439175825 
  16.07361928534955  -8.934560742678588  -4.586591722565748 
  7.1802327787830835  -1.987894555097371  -24.074814106955795 
  7.585889420250806  -5.543955354662251  11.483216602437649 
  -11.402513685809913  8.694692463648988  14.963857197204847 
  -7.814686612437704  2.3015620936753707  0.35191506014004614 
  7.423060074866095  -6.18185293611846  -7.001955535582347 
  -16.20248900470733  -3.272271097418003  -6.52921107166758 
  -6.025701717731954  -3.876853498687061  5.520822339780828 
  -6.147775143086117  -18.06071867544343  -2.757076979810681 
  6.604994552707932  11.074747687684148  -4.300893878010625 
  4.93052925147422  7.2729991714833115  7.1697130255064465 
  -10.765899307148286  1.2169251927630855  -10.436070160187036 
  0.7044900525930795  -6.932583708065468  1.4500358882988824 
  2.3286497133981876  5.723824664933244  2.474354970053784 
  -19.83771388818602  7.184014197661856  -4.837165097606916 
  -3.202824813007557  -10.402204386547936  -9.666209996990585 
  -11.604622743208802  0.4478358168649112  -22.697005636586322 
  0.5572712547507637  -0.4936556667958394  6.251555236269585 
  -13.677382555740792  -2.0817346045097187  -1.1791223253066743 
  8.95711467551942  7.10601755904507  -14.255996142059583 
  7.663936215098212  10.641505334882353  3.3712405585987844 
  2.5775099561488535  8.020881366135715  -6.513451400178504 
  29.924152297470638  -0.8328576987248112  1.280141571823009 
  5.6453111582487825  -3.9648897775151277  -14.658243524458966 
  1.8080756574731247  13.780795106895065  3.4470868594679156 
  -5.086067862593651  19.678955184861927  -23.99550990078486 
  1.515549344663594  -4.070115486553692  -18.36559236815282 
  -0.5754268433925571  13.706259039186467  11.537150606257686 
  4.272609919264536  -4.447959066075101  1.1962295904626328 
  -8.614352667629618  -17.2143240531299  10.25055332664199 
  2.4904944687608057  -13.642037003147944  -0.7653189057937012 
  -5.6063761415819835  -8.328741318085228  -12.911918761377601 
  -13.85068723577919  -11.884715807262099  21.22316930692656 
  -15.55119755040358  -24.699120676722895  -5.971947939880613 
  10.688852535157437  19.93763762092989  -19.54473210354722 
  2.246545800191258  1.8691914721774248  -27.7526887635191 
  1.4647106424508578  -8.796522376499118  7.517674381495925 
  -1.7297290367943778  0.1489432630053384  -4.672270261754328 
  -1.2399656555496155  -6.539771112290171  -2.6296142421604403 
  21.694042287076872  23.169084852360772  7.167415453217807 
  16.7163162301101  1.0609213790335277  22.356985133460267 
  -2.4730721082781137  19.500281164499135  -6.043521042985909 
  7.041887941158146  -11.370350578194426  6.396841464425913 
  -7.587622856215286  -6.820737972286843  2.384262848188918 
  -9.167486019430198  -11.698953240947919  -1.5878994855767579 
  -9.802421302025907  -14.168140383851824  1.4653262137067298 
  15.420783859989474  -2.444410134184963  -3.659898337011315 
  -14.428805580791511  10.799380975094795  12.791773999223468 
  7.17911494653547  7.6013051611429745  9.434420351331228 
  -13.473915909416101  24.926668348413475  -7.085735539933907 
  -12.772240606387857  1.8259126673252126  -13.534957518977453 
  -14.836628469741125  -2.7063087320578956  13.450999226974854 
  9.174845103572647  17.329014032812598  2.639224133907088 
  10.338764872601223  2.7611246817143265  12.537802400636664 
  2.0638231277161703  21.981875200855203  -0.47439325664924753 
  -8.74004895456542  4.975541090443036  4.809726294199206 
  8.802125998292984  -7.185750655196734  0.3203916074302125 
  7.977051938467337  8.766780940961944  23.96443750553334 
  11.716630280815977  12.519038213441311  -10.088844659808297 
  -19.546066636120948  -5.308692348087462  5.541742404825581 
  4.847883982084597  -2.044877816952507  2.1858532609658674 
  11.160673054969966  -12.168347296653419  -3.3086624841795325 
  -16.630019817779047  0.7059640235054088  -3.509361365348901 
  6.6135825944335345  24.044459514316713  -5.899209194735527 
  9.489749190688487  9.964295760427087  -3.251281984703397 
  5.607238532543165  7.241367050765944  19.75453969361178 
  20.315446983424998  -3.4110197175304116  5.3109559925189975 
  19.573932747204367  20.105100327439402  -8.343202325095971 
  14.600413723924738  1.6994342253391337  3.9763435493638193 
  -11.427372213455092  -9.704772480532519  11.291945654952123 
  1.2461762361622506  -6.20691025050375  7.435225261580796 
  -10.204717514147601  -8.250754284558806  0.27314800231820324 
  -2.6859872170780545  8.649700634687166  -1.0269689824126125 
  -12.066841517084216  -3.8067792628660397  -10.331706897851143 
  4.722803529857674  -15.500008348695154  18.32628020553031 
  -21.342026082909452  -8.814411351856053  -11.81902500929685 
  8.349547398430792  -10.064266569020655  -32.6152138335921 
  -2.9826409491116395  16.210503827974854  18.573305085208354 
  1.4978749080743234  -5.760268015664291  -0.7843005686224916 
  4.697278953835732  -1.1531938649974647  1.2637974021239704 
  12.201250615927036  -2.612888226403571  14.36816540114234 
  -8.767927082342968  -4.224073585824569  -3.3916854216330585 
  7.205499734523626  16.518745786225914  9.448077237621208 
  9.855274417501427  7.643007346595243  4.392222339292387 
  -25.363793241098797  5.531645799614329  -10.850418508937066 
  16.93941066687906  0.2154965847669991  -2.4303983825539253 
  6.454537003929993  2.184235996316559  -14.937376133507007 
  -14.620968253629028  8.5714113245975  18.633864648638696 
  6.236032106267663  -5.092177144532815  1.0165372900291172 
  0.5763988922351619  -3.4582376220926374  8.837221583194673 
  0.6027392146441723  7.430689398346157  -2.9474814549057835 
  1.828302298468758  5.032724384559117  -7.176092138541525 
  -6.994343798506553  15.021006119159047  -28.502989186723976 
  11.237357702104864  -7.9572186717148705  -2.3346757834776635 
  8.92566603014511  3.3358842156048487  -5.764180428888832 
  -0.9840400308284291  3.1335012456346765  6.452607846506722 
  8.210052289114643  3.864216044954754  -12.735630089524891 
  -15.579743000349637  2.230269354920308  14.984170709823163 
  -13.394346690701086  -1.8806483729448882  3.392908103855669 
  -0.17958029693750102  25.66287908810987  15.76365538311837 
  -12.007880386858906  4.692663059003782  12.173108665004046 
  8.268689953674128  6.9989151176736115  -15.832638541623972 
  -15.04052575246322  -0.4977702376610659  11.683882511312213 
  2.5114003668943643  1.4814056083938552  -2.8408969480532758 
  6.595916109397842  -2.0804256449008074  9.922525110850236 
  11.63863874407464  12.407144013654376  -6.304661802764611 
  8.43771751208265  -23.66468828461748  0.6524407616628181 
  -1.5170621420824308  9.676583872991518  16.76834282884458 
  -1.6245539479928224  13.691824694010817  6.5852714947875075 
  5.068290798116147  -12.038078015771465  6.356526158996206 
  18.286568181486366  5.746379525482852  -13.214760814208786 
  -9.535511443881768  -13.59571680841783  13.923601652803068 
  -9.662911399823507  7.089656439272293  -17.59303324180813 
  -19.753593442138417  -0.8533754445606385  -16.553321678957108 
  7.3677049257432055  3.214431616216187  10.030336602000828 
  3.322076978543861  -22.63420739316937  15.592785806525775 
  22.21633793297741  -13.766875074269187  -17.593219822128255 
  2.0281693984955624  16.883516168007812  1.1682927302274437 
  1.6008948486651267  6.538886451132385  4.810139297228279 
  3.9194477186637866  -6.775659885740975  3.5856147381180583 
  13.147532513965597  1.02280796530899  -12.170818621545816 
  -16.594978682601628  -6.421552065293815  -8.451631887663703 
  18.94370059222807  -3.9287566024869114  1.8967771718515967 
  -5.6152450851165465  13.422165364834068  16.02868484495869 
  -7.759557133668483  4.523988931976217  10.4661950851638 
  -6.2645723727014655  19.486613658710496  -11.31804719966852 
  4.57947662799739  -19.56578427357748  1.6720610666991471 
  9.374639209529509  4.7888572084732814  -3.1314039383423626 
  -11.336534013141707  12.92839863169587  -4.590285563360408 
  -7.631077463465795  -6.785912245849766  10.565489226769863 
  0.8134397819128344  0.45704835031771546  4.934074492147244 
  -5.14804632620212  -30.072380283258585  8.802599890543052 
  5.921579752879448  -16.416336835058583  -15.620686554358585 
  -18.20858347971739  25.729691322828828  -5.064877355119762 
  -8.039140321066798  -11.394084663676153  -12.759959679101533 
  17.400460910072667  6.91617075276758  -9.19269919198102 
  -2.4010810028527643  -4.760982185174361  -4.465330747085691 
  -1.26412894324701  -1.281070532215903  -13.287102366861642 
  19.281425663910962  10.546068289256066  -11.265454801272515 
  4.664186886805905  -17.591729000511677  -15.446323305255188 
  -5.688247643020914  9.021056348634037  4.701595629353354 
  21.358709725514874  12.978520457690921  14.778829119973574 
  -0.32736306618799654  3.111166891440855  -9.239050942748028 
  9.063461524171942  13.433294684122938  -10.82120681431549 
  8.72820657262246  23.56220101724292  -5.998077066066175 
  16.315761624168235  -16.969961883428194  -10.97708570854247 
  -7.74623627700581  1.0915776883847468  -1.3857413482509011 
  -4.058423418411753  -8.194363052753989  -10.00058209851763 
  -2.659066583991076  9.515369074456821  3.3840667610107884 
  -13.540221366364289  -23.152449624635096  12.078579806412552 
  -0.5634848225311853  -6.631577085474588  -16.018488117042427 
  7.752603126385277  -0.2752092948075955  -2.743163598801425 
  0.9689479379564856  14.277855090110322  8.06412723243679 
  9.983940339989793  -2.609377384176215  6.503846497521601 
  -16.42828201049823  13.098646919090708  -6.662187248322576 
  1.7220973305904839  1.139348763938321  8.658812389428428 
  16.90138853442016  -9.229210618326851  -9.120939203017459 
  4.600104379415951  15.239651893615514  18.506771102486375 
  3.897226217867523  -3.0210751949251424  -2.2983957577395633 
  -22.118287037965104  17.11711168257721  6.733259042337503 
  6.232526244059351  4.595676742750782  14.8458202469262 
  6.022376157945671  2.7752187556997487  13.388904848922191 
  22.871701934222852  4.398216462206091  -17.491703041176162 
  -18.06384006368797  5.897742628265875  -1.2678880116430715 
  15.739558185973403  -4.342447654605516  9.184252746520952 
  -1.407865092938731  2.763114536418895  -13.574837466156685 
  -23.39513353693795  -19.003068600366117  -18.411174344232247 
  -24.51209183173826  4.647437432931102  1.2667508923844184 
  -27.183117519908052  -3.688970478643147  5.632853439440076 
  -1.3729231492421656  -8.273536522422877  -14.58426451250688 
  20.697226724790376  10.622475417714524  12.891370264043276 
  2.059015208265631  1.057319221464204  0.47593069455416126 
  4.414522785604082  9.25698979716012  -9.325245848222293 
  9.20602530601349  -5.648184113570478  -4.579197779842156 
  7.593693016607956  17.233725775153406  -12.279663670474731 
  -18.57668827909492  9.250979154605115  17.319772003247714 
  10.035382279588116  -9.83707950114063  5.007636327159856 
  1.8797405003936314  -12.94071685519482  8.068952264350745 
  -18.249539344929488  14.233390423208872  -9.79922497961601 
  -1.3248031343810327  -4.06127189340936  3.4485090009545214 
  -19.759427202901364  4.435382917627089  -8.603165786822844 
  -10.924341036136058  20.179137058093044  -7.360362871392628 
  -1.306578696651017  -0.39683981892818215  7.00237830282634 
  -14.578658512063905  6.164995567009368  -14.25791776198319 
  -6.982995681239306  10.212397517772873  0.6555574359536608 
  -15.161527847909557  7.002977528317948  -4.892410945690423 
  -11.398941950504678  -14.663366001278499  -23.289501657515068 
  -2.803999319354416  13.0367557334622  16.436185016442483 
  18.414630167922102  2.9082151158903913  -0.8498005831432935 
  -4.0931450511138525  -14.451251440320641  10.43031499111475 
  16.012289531582915  -2.795162902032897  0.8950435654869596 
  16.469515564207022  -1.8594183275092082  6.793438727134685 
  -1.6011640773348668  11.448228685497696  11.709736043233175 
  8.935359172307637  -0.7270786469687696  5.471719066655 
  7.778988701336582  4.831365990127891  -7.523445196007709 
  19.51819800554277  3.2526777334734223  0.32760312780438566 
  8.781931073884609  5.6554248217417635  -4.048053988512062 
  -29.673155163491767  -4.24713522623514  7.381867906255578 
  -23.49377847536106  -0.8007854000873541  -1.220253963206483 
  17.184874454119285  -2.867462328622232  -1.3879365594195825 
  6.768743515292965  11.354245625372883  -11.133386875682758 
  14.169889444938509  15.609295299146874  10.006159098620554 
  14.759235374126828  0.5243901077737556  19.38608475013986 
  6.071220001147104  0.8585961699207083  -5.80384802459449 
  1.2271267840228117  -1.2544498358663507  -2.6671725367041397 
  15.082753683310386  6.117049753185857  15.71337650614689 
  -8.454873205370838  11.126161586788887  -14.073489827048189 
  -7.3290192653832  -5.425208913956073  7.129053399961745 
  -17.48232068462373  14.208981526703878  -6.26097328699257 
  12.699018891965896  9.009042742171646  -2.560034647118853 
  12.474837671914884  10.41001172410853  -8.561660616397075 
  2.915329555087758  5.197203219282763  -5.1325671340337236 
  1.4829097454296585  13.278492811494791  21.24717537997959 
  6.504988311357057  21.284366759675336  -15.098658878923935 
  3.2780439134457118  -3.018346670828645  13.581793166423973 
  1.3125785232418987  -19.028994704482436  -2.828070469069749 
  -3.125099353050426  7.517134220614175  -15.320493775728922 
  -18.27513782264224  6.687664800646394  5.204967648300332 
  26.91816908124274  15.00839518323965  23.477815635428733 
  -16.20996558002057  5.533676366735572  -17.601660409636985 
  -2.6824196588565274  -4.711334189607641  0.23275407253400104 
  2.334253830199813  -6.570974671054021  -10.954777227756267 
  0.11594937458682401  -6.426337633401072  14.29093281367372 
  -4.4937702451403405  -15.219830657112084  18.20510352300839 
  -4.44091212246188  1.53915762501127  1.2087808985336441 
  -9.018009385095295  -0.22112781372203708  10.893744467815862 
  19.23399462765402  3.6482463714013433  -3.3198892742989283 
  -6.7645530657143995  5.908999311062131  -2.050600034260576 
  0.9508945029449936  -16.626519946250554  0.5018359592242913 
  -20.792894149902438  -1.028252249554572  6.91163320184275 
  0.03923033455932746  2.4153046293375064  6.365039197008808 
  -17.510450408773778  -0.2319984376741234  26.643561581298112 
  0.006549345134008201  10.370590615292787  21.73801618763897 
  19.44651237959509  2.7997272102123683  21.08207502761998 
  -16.89248054920492  -12.992231322634703  2.932758947543701 
  0.3908429409890031  -4.693493536051783  20.184766100427822 
  -4.143702487997384  8.606715296699479  -16.083878284094755 
  -7.88913272124273  -9.413670338441356  -9.932991707466265 
  -2.0475638737860167  13.224248375985656  -17.896797065923828 
  -25.99482136065278  2.487445990904832  -7.886143363334019 
  3.3085448943537927  -9.575035667152312  0.6023550170490926 
  -0.44012994941440137  7.846125895538558  -6.965037571242109 
  -9.817838436262123  -20.272332694860584  0.6135541346207165 
  -4.088929656111191  19.60999946971127  -1.7827322202966365 
  0.8705452297464317  0.6629667278427952  16.933403837569763 
  -14.355702773860095  8.630199213343895  8.20070121948209 
  0.8679896016405698  9.923317804340124  8.854946566202377 
  13.391393291384928  22.158931304641158  9.538455494597068 
  -9.627773886036675  -5.972286060917154  9.715875601877146 
  12.176624783172937  -10.358800316211452  -3.7145291774788327 
  8.62266995233773  -2.44413050209355  -6.122967840690983 
  4.77765268759867  19.226202996289388  3.5043572377547236 
  16.999927636439796  -11.855170625020923  -3.6817137762531686 
  5.147618563930641  10.46326065585294  0.6735908908438668 
  0.9475122472005585  -11.221085744449686  -12.739194873681392 
  -1.0394604052382155  7.973993609588683  12.292488556363237 
  3.75010628686852  -18.0524821208936  -10.915776193199024 
  -16.511713452217442  -0.1489189686078716  3.6213597486996827 
  8.326631885661627  -9.473871889859076  1.9019246602603201 
  6.229750561676391  4.603476477555758  3.690055386714502 
  -28.685826724237916  3.906056208724483  1.8780293938818704 
  2.570058741923625  17.503909444708388  23.675517789725568 
  -2.5595056686291566  19.847576515240114  10.557444119866219 
  24.71144599393632  -21.211467509917597  2.4314637670157326 
  -15.078166810148545  0.3322493331646404  -3.0928460687525523 
  1.7454404135740482  -3.0497473896056757  6.795022670089706 
  -9.079225719067798  1.0090761314028938  -2.6988033490115866 
  26.664618780211875  5.16804636865929  -16.729154826889825 
  13.72784445685516  -2.5751405609732765  -2.7758499068463123 
  -5.373451539086054  4.451017715349584  12.574917874076485 
  9.7697701347565  16.847893045058623  4.400782006891565 
  -17.308024178629754  -9.92342106285782  8.58751341903448 
  0.2788411667053103  20.979735446969634  3.4562590368213955 
  -5.8686281353308605  0.09858838787510925  6.04900080492016 
  -2.264211269726708  -5.977000358874307  8.60334630009138 
  12.169629157779656  -10.102270980226368  -2.629152348184198 
  -18.05278907525655  -16.61919773966441  24.4339940080324 
  -17.236456474320825  -15.11125000971802  11.491090825713444 
  -6.417895027843193  -3.487573719700917  -7.050244172933496 
  0.3522779764472917  6.231865633269097  4.234566936974461 
  16.35291890630062  -21.059925459939915  -19.00690535815728 
  -2.5232006658582065  -10.522200215527839  -20.395517255251686 
  9.553229605246356  2.128440333112779  -16.514632643505696 
  2.868134137096001  6.939018485968734  20.973402684356017 
  3.5720095887055288  -23.180453174920647  14.684056467414345 
  8.803080774459808  -1.7160936769614132  18.578291153603242 
  -2.5359950079651346  -7.877103758919709  -14.681466378301728 
  -0.4524517784875688  -2.246530289564097  -14.958747221655981 
  3.304573581364776  -11.715401074187845  5.390881084796565 
  7.914414556263466  -2.2782429494221974  8.519584958898134 
  6.1067172692650855  -9.17789035908584  -0.5342595235763109 
  4.090899919542024  32.81878482911589  -9.090808224393143 
  2.725871680949544  3.515568394261537  -6.729064515529926 
  -4.591795222049882  16.239345442459562  4.219246517663745 
  -0.3294127445768811  -4.054787390204475  3.492132097641021 
  -19.49699757670859  20.90817891903295  7.473881987263999 
  8.417847914639234  19.870015869016502  -13.873537256364527 
  16.23208563859806  -6.142029519131003  12.336818286706396 
  -1.5755472388833178  -8.953611010071011  -4.970783895266216 
  -25.638227501594862  -23.102150910768025  -4.440091463635809 
  21.694970540542613  0.8184747398532806  1.0822800416180314 
  -5.123154518069518  7.0738016054375485  4.075927315504266 
  3.950612076234114  -9.828718561333867  6.554407513215618 
  -9.23119189825887  -17.89311542583268  -2.9043829123808043 
  -0.3711526842199885  0.42256962277163107  12.828594497941681 
  -1.8947222154706012  9.167686727377749  9.476059376118961 
  -0.6542891737270096  0.07904015407676207  3.6888173036350898 
  -11.016740256165935  -10.486203545940356  -10.193649166687994 
  -0.60783150256709  -2.2880335427230083  16.730893588533224 
  -21.754509719924634  -2.434751056447667  3.002503610322855 
  5.325939980316882  -7.735531167519662  -19.347110812312863 
  0.3858260748273743  16.024037570922157  -15.65530240066087 
  13.736074137887224  3.116165730323826  -28.271150855902423 
  6.292164146742722  -5.4618112797810845  10.694977663753408 
  -11.947219905745808  -0.31276852517482023  0.41845448778020083 
  8.478985047808308  15.788514943295867  11.880908005265168 
  4.211113747408211  -12.571588675854084  18.957144322140618 
  8.966190175671054  -16.987323590352744  -5.535336596150749 
  -1.9676322266357964  -21.716215857249374  9.973476668418087 
  -13.449363726393003  6.592060150788308  7.113835305200167 
  3.237188308089199  -14.446310923658078  -3.679729367461873 
  -6.974368780613031  -0.3647444794748255  -5.178251670110067 
  -6.952199465117109  -5.809898329038322  -14.675503270299442 
  -5.653778259747091  -19.159529588348295  11.487119098745138 
  -5.975439212592288  -11.20984638426607  0.1513007642141902 
  -14.260869305535516  8.6086401281002  5.139111330861772 
  -1.528147035022796  16.959622047186944  15.735602564478977 
  -2.0791608001184967  4.695364510477314  -0.5553258653272736 
  -5.455502333499529  -1.4993442492802118  -13.746186275417418 
  3.925684375965662  -22.86422674364703  5.576202862425589 
  -1.5812198815240734  -13.492896757996581  2.854729925391907 
  2.0742120776845203  -0.2054631922193559  -5.039410352969089 
  4.063154270787481  2.7370025177365576  -3.795936141316545 
  12.207840729277468  9.929413363643052  5.036176562609327 
  10.260724531806753  -10.37367890940212  3.8242070674250916 
  0.1897198672655549  0.978591815635595  -19.950217124122076 
  -2.245741416726507  14.746532231979279  -6.05169698706718 
  19.52312754637751  -5.477845607649546  3.13289050149508 
  14.626399052917803  -11.865834605837561  -16.600766647472224 
  3.379352090760897  -4.99194477624449  3.90384647455615 
  -13.304036250904645  18.51744409281578  2.666375039229239 
  -3.7578663476370355  11.151847972231206  17.28599729577692 
  -15.628595665831279  4.153305761439497  14.99168383862506 
  -2.1543280598784724  4.752840912430476  2.794157002865213 
  -8.388832562783977  -1.3358631550507707  5.557863634657187 
  8.27292409657015  5.315211018865968  -27.976131292449644 
  -13.539892971464713  3.8804355633876475  -1.1499000239222734 
  20.03911097982457  -22.094221336786518  -5.050714957151248 
  -23.07982282049519  7.861617014743109  15.940417131542853 
  18.528316197678517  8.084859357066668  -10.801583647980653 
  -6.15615942335123  6.290556056968588  18.992607388897817 
  12.330826371319407  0.40646478255374147  17.560995015121755 
  8.501584249519569  11.821705079520925  -14.845895144686022 
  21.900699106778106  -0.6791975715574533  8.405473720144995 
  -16.882677463826756  -5.773059793526282  -11.570818464876016 
  11.37382704982206  7.731191803225399  -4.248865580896411 
  -11.48935292356472  17.73291266457694  13.391056211894199 
  0.9133235500883657  29.06427253842482  -3.806327033475872 
  -5.116349555183013  -2.3066552093420896  -3.0043115566048497 
  12.666892457332413  11.770508527081738  19.936229116566818 
  -12.595702432737877  -2.7555129498898983  -8.258485789077708 
  10.841164991967426  -1.3569552455904674  -1.8497101825324318 
  4.446763187475554  12.896657431849407  -17.82199914151643 
  10.12196838177268  -14.117929961723307  16.938455850006058 
  1.8283589486314358  -20.177644426361724  -5.134315973952986 
  -2.6133660562456056  8.27118682286376  5.027282467882044 
  -10.504025666292552  -7.0753058628495475  0.5911058708201061 
  2.0983093510316397  -17.810049556645527  -1.0278682557747798 
  -14.043978504513452  -8.919791037717909  -18.60574219298898 
  5.1110051985297815  -8.625501046415105  -12.59222627289158 
  -3.815497270545225  -0.09691775369299868  14.62454221300385 
  -14.817313486924643  16.0289515505466  4.817319774625274 
  -5.1914503281359305  -6.353409804865821  10.182266677132768 
  -11.789745912089215  7.931793648286405  -9.117436225766827 
  -7.096610798160151  21.69480596267259  -2.997344644498087 
  0.2927509544574664  -23.0606668331352  10.148635439367599 
  -8.666155943341238  -0.5202926816183896  1.942231860384221 
  8.037589686755098  -22.74155567911178  12.6239903276456 
  15.75137138975664  9.131085511913247  -5.73175248008856 
  -26.557906477253876  -0.9458751594876035  3.904523366073953 
  4.455923401945863  -0.7876802154472055  12.42142256399027 
  11.69569978642415  -7.470183364078312  -7.104933469518268 
  -9.715547897795469  15.579087661456319  -1.3725075951680106 
  5.740020716055865  -3.9892128933453317  4.229065054040493 
  14.74407170676742  7.017233043335157  8.471956422383911 
  14.820589750968097  -25.665860033087696  7.5034413940259075 
  -26.07753679283121  -6.755210106735683  1.8509827859877712 
  -19.488369486913257  0.6096264524365564  -13.998981623078828 
  -23.5553410995901  21.084140665492225  -5.037496784787563 
  1.0591626754808285  10.142515178019968  16.658367550187567 
  -6.314437326393311  -17.4926307134603  -1.0881277012349653 
  -4.585035146318136  3.1655476360231942  1.9551326225333026 
  9.733688048307481  5.479288144444968  3.282034287371214 
  -4.168946247483074  18.24898721557018  -7.7520014092543015 
  0.275276444329127  -4.758436708431599  -4.413944778319419 
  9.050174770838725  11.789215944013588  6.753129832085702 
  -7.910333212863577  -8.218340802546265  14.748078824718194 
  -4.480132495363658  3.3156500425757702  2.7932970073853127 
  -15.970346697875293  15.02971677920297  -16.33654436349647 
  -2.522317070817121  -10.451739037060372  11.817331806452692 
  -8.11540790181048  -3.445588159680551  12.871705257817744 
  13.501398303123757  4.162449891532372  -13.49329762868913 
  9.634101814461374  -6.283669204230986  -8.406328398110112 
  -7.354164438707205  -0.943469167094963  14.18495201799786 
  -11.140152373546897  -4.695347393162404  8.367485457514755 
  5.3532067111782835  15.127440886512225  -19.96539183505243 
  11.791136076174803  -12.71497445724369  -12.470822736811073 
  -10.369593260197824  -14.299488286207122  -7.976129579750951 
  10.364263027625409  -13.875454446034269  8.285478642962971 
  -13.31084586305396  -6.6366701518934805  2.4766574445133367 
  -19.147545646351283  -11.674519574725178  -2.353118775950268 
  -10.593691905754495  6.874788281702101  9.060562029765427 
  -9.95966141475602  5.178513398322152  -7.052844499086395 
  1.5251911791768882  -0.50374872234557  -7.114518882647034 
  -4.592015274288176  -7.743968220927601  -17.37156348025765 
  22.267882653940777  8.337609272795968  -11.53999182891567 
  5.238017400895988  -9.870302961166624  2.4545743260657593 
  0.06726389783806286  -12.840370194804207  1.9479595020225076 
  -11.079962556461654  1.2150553072156738  -7.342749917355177 
  -17.092495872319084  6.870135431467155  -3.365655752814918 
  5.388981703458882  -9.085822145568839  -10.720723125392022 
  -14.765000489105494  8.247387142639008  -8.033399247398096 
  16.411372562418855  6.373607601776213  13.710389926699388 
  -17.66799643595307  -20.163363573095832  2.7109396568945368 
  -12.457367113508493  3.880255520799663  -5.645496198713861 
  -14.061442253225835  4.440426160617116  -11.045708968590896 
  -27.299846137470812  -0.28214478069542087  8.320328879244858 
  1.0619726254784088  -7.484255892598652  -10.772852545919573 
  -12.484137148819295  2.1872168954234943  -16.221202484189337 
  -3.895051520700105  1.2648742855609734  4.659891257016461 
  -4.933159744198462  -12.492580764118578  25.789179367901227 
  -9.675970383892217  -1.8173894012497394  6.404451528948038 
  1.3354066739351536  6.717050852740062  -9.112129911732872 
  31.51430480231615  7.018549023171487  8.719888835084484 
  -2.0318095204718154  -7.895716341519625  0.9287582680042669 
  -19.540199485888778  -3.4994132779386784  2.874194517662955 
  -15.327821313337745  8.707446561540843  -16.118313388943786 
  9.542383080390142  17.021669624363504  -10.553133740518117 
  -3.7573669492924577  -16.182800209116312  1.4018702812427142 
  13.846173106376648  17.402149419459676  -7.809051441354949 
  -4.844634359871439  18.09534268925087  -18.70756562189291 
  0.1800953533864297  5.219794216962938  10.59880787462695 
  19.982273074536415  1.7043920018083987  27.1935285966461 
  -8.35103754892125  -12.728816566037013  -5.121250710255025 
  -19.327641893551686  -29.602904429079725  -6.371438204209657 
  -12.110753049028409  5.299986245243523  -16.93321761798106 
  -26.754238508526736  3.493550939710078  4.234271582939323 
  0.576097602525366  6.886983904724095  -4.402356866393044 
  -11.259597346639064  -21.457304139111915  -14.453028411876712 
  -31.98266127368929  11.101814197165075  3.6278217936661017 
  1.9406223002129748  3.623687837318878  6.278493026609969 
  -11.865026784913512  -8.274952412768345  29.375380175620965 
  -14.403845247050018  -32.073562809877835  -7.4293442219373045 
  17.859488095606565  -7.1059614119010455  -4.575427737742552 
  -0.731031594188791  -27.776550796612383  -1.94917685070151 
  16.608317124923317  8.458309798857707  14.04546119913078 
  -2.199536374193253  -5.663034473483057  5.119498086650682 
  -4.468643530598608  -11.021137255260983  -2.7886466399288636 
  10.01746343406751  -17.35890211105428  12.242340316061831 
  2.668723577417504  -10.859466219840492  10.931650662064756 
  -8.046291340696563  -11.714789238720975  3.8944412406405706 
  -5.772731545308572  -3.684180138172837  5.002182908032673 
  -8.1178159442477  2.5472787953782636  -13.298755162131219 
  -3.4005213852285925  1.1029774689171716  -9.521031333454324 
  -4.225189406160615  -11.231939733340388  11.865081011369481 
  -14.494227579812247  -6.142684181145104  -2.9411639452610205 
  -2.22294101834672  -14.59834992363818  -17.691059910334623 
  -0.2233885443185704  -3.798768179577079  11.874583626874124 
  -3.5393245482321998  3.1943531947635333  12.834841743238167 
  -0.5138008077919595  -7.419399959159764  -3.8039877711251333 
  -6.710379886529366  -0.10195861835787387  -20.808347824902928 
  5.786977777307827  -2.133861322934014  20.666216017302727 
  -3.345290218818054  -3.706181747869569  0.2703155506347317 
  -3.850502770199107  -0.10668273618203078  -4.207087039462976 
  0.9413932689334102  -9.70264881538476  -20.054711743463837 
  40.86942172989869  15.614924091296233  8.777473380917797 
  6.360745297226495  3.858863470525788  4.996738899368742 
  19.694052348855106  -16.36697818436581  -12.758673676535933 
  -8.506213682359208  10.726576408639755  -11.40069450650364 
  8.196341469144395  16.48949541613202  9.289631614545184 
  5.476492084463486  -3.4302561081620717  -0.6369014206204376 
  16.281418791810985  13.826412519774502  7.708212944208229 
  7.783294800185109  -9.908204815514287  -6.925473189347936 
  12.059186488896573  3.4756428134158135  -6.503851819599544 
  -23.799232329052202  -24.15514538763795  21.433788363102508 
  4.4482394872928035  -11.144815841063739  3.5427576892859203 
  27.597853029010803  15.301210894380862  4.703734433421371 
  -7.000918614932499  4.316306225498512  -3.708746129888621 
  -7.308054091715895  -17.88551295130675  2.412465317788506 
  24.556312567232784  13.834212125006223  11.246204480596973 
  11.87640858797137  -27.64949317411425  -10.76786353159988 
  11.138831815789699  15.457273490802875  2.819030797392207 
  -13.980268749429506  5.05796236445075  -6.0907675709225195 
  2.159566877043746  -13.497043520297748  -0.7693185955556232 
  16.118352249308614  15.51970720240095  -10.629423915320887 
  -15.776063816305792  -2.2530277025107535  -5.674422492852106 
  -3.135951640250471  -9.401920348074706  -1.3809402307179182 
  -3.4351714707387293  -6.724607109076711  -2.8528536955024975 
  1.4084988130671379  17.277217164931002  -8.483288231948707 
  6.7883408602010045  13.566949925528531  18.696066809393173 
  -1.688525641039743  4.157594786206024  -19.545930000082052 
  26.911999477920357  12.004004554552841  3.3033833256460188 
  28.022063624801156  16.88541278741759  -2.0937566632981732 
  16.28105655885975  22.05652008380626  4.409196560378383 
  4.293689937817936  -8.448247928934856  -4.5402669281467505 
  -2.0904579358197743  5.637578723134644  10.66732304870161 
  -12.154789362127023  6.505309747315327  -6.668554026964693 
  -14.85295758656754  13.773921597838603  4.7199117384721045 
  -3.888997622027881  -21.765324093263946  -5.21182198008991 
  11.562211629410562  -9.28532022726702  -7.81984016485614 
  -5.994624077821062  -1.3794673820424956  2.319964362584735 
  -15.069148396768599  -7.580743527958742  -8.267288633168846 
  -12.442576614277392  14.483410039338912  21.33250600466327 
  17.080397629860975  12.555918196361125  6.756759440928346 
  -14.896387143458712  6.84583872334183  -8.510344456237274 
  5.783506952249392  8.623013303619032  -8.117196411921988 
  7.373868163741118  6.526346740277549  3.5328476353998526 
  9.209836480918607  0.8868326495478479  8.978425836892148 
  19.643709623350304  -9.011156982803275  9.370619039434635 
  25.926104336876936  -11.464901605981755  -14.133152783357835 
  3.5970467366045438  -4.224450300973541  -4.990511522257488 
  13.365092748383837  5.273073959394205  15.08273377891071 
  15.807528656663003  8.2092469512384  17.62977671434422 
  -0.09803303164746287  10.261272214034477  -3.1487373065612374 
  6.484307173464833  11.746567122555698  13.565978613071385 
  -18.290068103459635  -6.883556100238082  -3.8396946889946966 
  -13.992003542625087  11.320528277242715  4.178546683385834 
  6.543485592178423  -4.33445170262414  -5.361631044078897 
  24.124474701198675  7.334657696683364  -4.14427856435438 
  -2.827091836258401  23.756448088379752  0.026037914943859253 
  -6.002425520553452  -10.258441579135589  -3.984184823136849 
  7.945605608173402  -15.46314415111544  25.83048571289977 
  1.1937452789308012  1.8018448133084046  13.164502061526099 
  -5.603412291733399  -3.233602597164737  24.14702501376103 
  -3.8807258806216627  4.441963980609086  12.9870849496885 
  -14.91811735788715  20.02449381977387  10.266068768070074 
  0.6260680279042092  2.8358359329205998  9.346744026012688 
  -21.960658958449123  2.4228658139675807  0.6230327029135521 
  -11.396313032157845  -17.632077721473085  -26.451520213089644 
  -8.41477591263599  23.64079496903407  8.092970290421505 
  -3.217188212581641  -16.91098168203143  -18.46438194754955 
  4.6017370707547345  2.317073545973129  1.421130339858114 
  -4.712114206590779  3.5266944790074968  2.2535343942821013 
  6.369359331184596  -7.071224271551344  -4.447651100253501 
  19.225097856371754  -1.1111518473158968  -21.33453097025095 
  0.07885306987797064  1.6059003410950152  -8.124483837822778 
  6.008808913109644  10.224863580619484  7.394159071268567 
  17.47931500140791  -10.304343516647076  -16.47874865394761 
  -13.662974209139454  3.516041083969392  14.78918125534591 
  -13.152590692267824  -17.4327419950235  -6.785451851055598 
  4.024007033795559  -7.83218362845678  -13.723038928448338 
  10.302413969806956  8.39504262380442  -3.5923934538157227 
  -4.321921363040272  22.73376318050008  -9.189337800445925 
  -3.567846298834128  -10.840886023392342  -1.6533084229413115 
  1.8980478548263335  7.89599258435671  2.3573914131331954 
  11.345372371174042  8.161745222821128  -7.633281559621355 
  5.207352099673685  14.386144618112185  12.717501237755648 
  -21.28891956198039  1.2552785354405094  -15.755577782634333 
  6.417625625820683  -28.38885856957627  17.326598399277177 
  -19.930995959830486  13.427464906669055  5.016080748455621 
  -1.6969735317370849  2.6018639211070274  0.181939617783854 
  -3.7135915779647015  -3.9938420690008707  -15.435788146954174 
  -29.66616103398366  -8.258897835763156  1.4292043495327929 
  3.5946496630597946  -8.485339880908382  8.408643503587125 
  -4.465880652023676  -7.185969368535272  11.380138308268238 
  -2.2031769226436206  -18.040639854810163  -4.124042221627494 
  -2.1949486859312617  22.700381480794302  16.188180580022582 
  3.8020298950485496  13.160040784151954  3.3727228808274887 
  -3.6273526728429712  4.323439005554651  -3.20007239894623 
  -6.834592538279019  0.9799428504772665  -0.05382777518005907 
  -9.572421027181285  18.5169871111002  -5.55336554298174 
  -16.779688278718663  19.151836312249944  -12.727036294419444 
  14.186583862398951  -12.227299475594085  20.59510845272275 
  -14.840635779358513  9.91670506228227  7.493711757877119 
  -15.809672252751177  -14.562544307328933  -23.944986322267486 
  -3.4977075471135266  -7.2018443738834605  4.299221131739644 
  -3.2848470971075403  -8.453402897969902  -20.448622046166463 
  0.3078178785094645  -3.920405624442563  -7.27927232786025 
  7.286233855270175  -4.518038644936726  2.9413824152853256 
  -3.741123979120276  9.136052093546203  11.423353226837287 
  16.876166480625763  1.8498472486475808  -6.3090368348150205 
  5.380220196860192  3.014074821637857  -15.792142291039983 
  7.612860702085885  5.975957273536905  13.119448009782555 
  -6.786549085112781  0.7356974477142761  -0.06848876571443156 
  -3.3627649544075187  17.27446185174411  -8.212268824520553 
  12.620560939882196  -8.029207995659624  -0.5132491091684815 
  11.230991519473577  6.381067352870388  12.151704819278622 
  22.719949141649195  -18.418413127635976  0.5411890073405412 
  16.034089227669412  2.04088006549481  -1.7173521412257795 
  -1.1426685280375521  8.865977997028539  6.451343501596949 
  3.890066285073612  5.592255978118249  -12.89932025992803 
  8.675574790458386  8.976515347587368  -2.3820988549612623 
  25.892584391504485  -15.61092864926765  10.053947299615897 
  0.5905473446243883  4.726812751900205  -12.0014181102245 
  3.4004193205958675  23.50190749805184  -11.661097818245963 
  16.533023363044702  7.3777733750570995  1.776459025479835 
  -4.898370787854389  0.44522810977065064  6.48271139288155 
  -12.512197986994899  -14.022302078473283  -0.440523746865015 
  7.614322073317117  9.715746193362008  23.825631082551293 
  -1.9099779315547416  -13.131550534221736  -14.603123061367505 
  1.3660682257305503  -1.0750413277760245  1.439663469125755 
  -16.812468502200637  -17.562640438020985  2.879954606710762 
  -8.335893948984593  15.366715267998783  -23.59474851263354 
  15.41400644260353  -1.5225013446310494  4.880232289275704 
  -11.859742962920052  -12.633969820260768  -0.5313665438578113 
  21.644807469059447  13.273932430180363  4.605670462758112 
  3.1900045812081537  -2.0737173231633474  5.617290816714198 
  -7.835098357857778  13.723627786226412  -1.6494331729342069 
  -3.5268156330412057  -13.923322741225599  -34.25953271532862 
  14.488711220930382  -8.87670491662279  -4.855084206337427 
  -0.9251816148506958  -4.70284938869418  -2.654519320527 
  -0.7221973470396867  -0.38255823576510906  -7.127650714782589 
  1.4130471428703157  -9.299913821406816  -7.003844459440041 
  -8.013144212321267  -17.769540918599724  -8.123671019506865 
  -5.611223011728462  -3.899792481913394  -11.372189384958816 
  9.887667062760915  -6.96475106767882  17.88160791689603 
  -25.017716989497778  14.23264038033051  9.90934855284766 
  4.422109945133546  -26.617529599789467  -25.6357996604471 
  -20.4610653730103  -8.490393939574897  -12.751576384232312 
  2.1441374412388305  6.401921015428351  1.2833567073176793 
  2.222422982435506  -7.902701700550418  -21.645316407211915 
  -10.181099047786962  -3.691503257877329  1.0058917450306284 
  8.343849552579336  -3.5034116206223334  -2.422672841160592 
  23.53075588386587  -3.316805148743604  7.404686827268798 
  -2.1971656357152476  -2.3192441072728758  -10.822558186265855 
  -10.085996876215122  4.658143411575731  -3.74287950240606 
  5.903960848554671  0.29548322510105773  -27.235864106714782 
  -5.263994490524755  16.334417845604875  2.4651064698088088 
  24.782840937162714  -4.72557744240699  26.332063167215818 
  -24.893577783035532  -4.674184148196533  -9.906477464309527 
  -3.175074391996287  6.6097221928772765  -7.836311337265426 
  -2.675190245939897  0.103838920232166  -12.303645250093 
  3.618915006835797  17.884708197989095  -0.33159525538362106 
  10.60684440433494  0.4136364195709906  7.583551873960599 
  16.662474611938574  7.311661957949732  -12.438174034330293 
  15.610233984682372  -4.444138949867923  -15.011789154018333 
  -3.446710763142726  -23.60992016398174  13.813179722043962 
  15.650511042835342  14.19909968183214  -9.456502912432873 
  -4.430978532677442  -3.3904162883691207  9.701555903223472 
  7.1161201648292245  3.2547972926143305  17.926770997165676 
  -3.2987447114692783  -3.967553600220535  -3.4492402320882407 
  -2.857824692821049  -24.304742352315607  6.769764714381779 
  -8.14586233396389  7.511203966377723  14.551071257193525 
  2.0159772469955652  -5.684382796486381  -14.548800198994476 
  -6.1265354579217  4.386214284959594  -2.373751798903152 
  -9.587808469488671  6.168338193170912  -6.977521502182937 
  -12.19379256452128  7.350976668472364  -9.27176114263964 
  1.1879020813472778  -1.5802041138063214  -1.6174106855763464 
  7.510347209589942  4.018736259109901  -5.504115172620983 
  9.129915596494673  9.259339815862099  -2.7097283461269988 
  1.3884955019095546  3.9217025056439283  12.90834786381681 
  -1.6538695874656875  2.906067940924458  2.955166153056705 
  5.599691933669974  -6.80607242485079  -11.721681145442975 
  -10.110149118952403  2.6521135398583198  -25.916784293842646 
  11.589713040958687  -5.572340723217231  -9.033177102927407 
  12.948474472646218  -15.371035042718924  4.615243746728504 
  -20.14354822408021  -13.397390314854414  -5.54390913801779 
  -0.8127907283459441  20.774783702018944  -11.972267319510733 
  -16.11930721902503  8.021123261289246  -7.702919109544286 
  -7.459834969657971  -3.13680114929159  7.28567033004532 
  0.0427290764429975  -5.934114412195259  -6.097720640597844 
  2.243018596810286  8.664093007616534  17.07564891598529 
  -10.56475236504925  -4.323519056164839  -9.779773130879779 
  -8.000607797521967  6.3885533293216135  23.362582037687652 
  10.303287323098091  0.97278194528083  -5.025847365484493 
  5.977700699161269  12.46815558843379  21.099014583551533 
  8.0237080926754  17.958356762531807  11.655033751022268 
  9.998578744300382  -3.949531880193329  -2.1839140027295745 
  15.790604387198112  1.8272344691399318  15.370613255104486 
  -0.7865675534176114  2.178658176494298  -3.0049775731873543 
  9.26486448974656  -7.024889643049038  21.450006293887483 
  5.139909178027844  7.59740547272815  -5.916293100691241 
  9.251932276444771  -6.540756167319258  -0.288171583091687 
  -10.263190215374305  -13.563033547460753  4.510895782192186 
  23.674026499630415  9.922395384640083  25.97378835914183 
  -13.606198181093081  15.904806087892329  -8.179584311444737 
  6.767833278728089  -2.7191067400045315  -0.5146143596582679 
  12.202010112630507  -6.083117648489255  -6.171707120477368 
  32.309127215518544  14.753366409762917  -6.784075671053689 
  -1.887683038594423  19.56989561407539  -5.393035092019865 
  1.9066370861322772  0.11777030812220313  -4.563656408918224 
  -5.377739684429814  -22.470443029580377  9.334076363338548 
  -6.3690588055967305  21.40753971374304  -9.245435875440611 
  -27.666408600315574  20.674405185952452  -10.602971412688557 
  -1.2090252687828595  2.858841226344925  0.07700112402446062 
  -1.0452576831449758  -6.842933035446634  -0.14609321304079334 
  6.948790779003718  -0.06318467049489  -5.339614684050438 
  6.698400594376976  -0.705239976737341  1.5904178960349507 
  -15.973127547112156  6.6684217887602735  -1.7596116096357928 
  -9.52676761180045  -20.395289792062233  1.7083290578926478 
  -8.643875467295237  1.2289807388099083  13.610450444407618 
  -6.755708142477771  -7.824308396674472  -22.618914533140742 
  15.56544075173278  3.359764323372673  5.236167372743758 
  1.0967580065711007  8.845302811707363  -2.7642015435055924 
  2.495885115556334  -11.83328544251226  9.41323141630362 
  2.188666590478188  6.736625963775403  4.117296057061391 
  7.586506049291782  10.55438571040252  21.0638482416463 
  -8.421522548256444  14.000410326274862  1.474506413731733 
  -3.496616703465706  0.017548497716057775  -6.508224767863298 
  -5.222302941859179  -5.19397017057184  -14.63550262760888 
  25.79828295846794  0.9556920754654886  -22.16363504506554 
  1.7137578112345104  0.7768449312765483  11.773686182384871 
  -2.6200609817091833  3.695879406004651  -5.852702492664154 
  -4.811009885613689  -7.915779818737095  -6.5342337089671405 
  -4.819661365628569  12.929808653127981  12.646561534241663 
  -7.085677588471719  -3.9511455889562987  13.101294079123862 
  9.612030014970383  -25.462609883015254  -15.997013878492957 
  8.098862248942197  -18.7644240102283  2.204993988567894 
  -4.259579196532233  -20.046832110728673  -19.355548471782487 
  -12.419575319531674  6.664952829442319  -2.2160063501864817 
  1.681012478905654  6.637609256130588  24.03119737228481 
  -8.279662632426087  -6.105720374106218  -4.233622513075692 
  -13.462103428468668  -19.273032937024748  -0.3163569564239641 
  -2.5113418970105976  -11.164043112652433  6.694925133767484 
  0.6517555941508143  5.723327731445836  -8.08081716803094 
  2.0323230911185677  -1.800581600381514  11.413167063275484 
  -7.65434538813946  25.706748341546838  -8.326936246106571 
  -4.37752338388997  2.463546579409995  1.303492510313068 
  11.608176446194975  3.738513253445688  -26.067435630671536 
  27.5882319364207  -12.307051220675651  -3.888705328951399 
  -4.334069816454999  -7.792322570245902  -7.2708371706996715 
  1.1925874224685464  -0.5212153620950456  11.095985415611397 
  -11.712877242992551  -11.474437673082145  19.044026437274198 
  -2.1893271688266687  -8.386384118751009  23.271356769106053 
  -9.578754423752514  -3.833586442906507  -13.16572122788285 
  4.163335453894766  -10.873700648284132  -4.857925838758551 
  -0.1158813027429559  -3.395391567380275  -3.01068834645295 
  -13.018623378227884  -2.983379484039011  -15.492770890607522 
  -14.816657270567188  -4.190792228397208  -14.762974179904461 
  22.59824751560483  -14.115467556415904  1.2302274992903777 
  28.614398395388047  -11.904977926088094  -5.023372654932852 
  -11.462262990243504  -15.572326001897002  -11.164998270879503 
  -1.948668819519953  -3.203116060700063  30.35356381671558 
  14.222278714649308  20.791575664435086  -5.7353690438606435 
  -1.7153447911446298  -11.413635492086048  -20.277049144413258 
  -5.2211179345255125  -1.322927618518474  -6.154743461007594 
  5.700518829208646  -19.53529413821383  7.3987100421790855 
  -29.27576646510145  0.20794087926277147  -1.5069740326986087 
  5.901898158834814  10.573101429355084  -9.912779660838698 
  7.559104113012209  13.51779185768842  8.612684999586053 
  -18.174498945321293  4.389225209925556  4.908528068629796 
  -23.22786302804461  14.292981706043395  -1.9612786999630474 
  5.622657791517757  -0.6797290630469548  0.5821048969413894 
  -6.039113157652202  -8.952643028535716  -10.520566229598291 
  3.4730610354786147  9.186300060242283  -14.071619540068273 
  8.600096817957834  -3.329842989678033  6.048659950604385 
  -4.695444235450966  19.425440720163365  -14.283972374773317 
  -17.49381320492938  7.617947663350749  -12.114021148467852 
  8.859113964456206  -15.037344427698311  -2.4677451148934026 
  -10.546781305064965  6.928379914190731  -14.009784969289095 
  -0.047504080096437515  4.689341180415424  1.8709088808807055 
  -16.629997620746103  -7.395984364382898  -9.6271870599116 
  -20.208067550591085  6.8168478008319  -1.8930985319126492 
  -17.91712513504686  -15.623063767197168  -3.5944115529304073 
  20.900003047393387  3.7861023826613636  7.696616470787405 
  -17.47243863439442  1.4305440131511997  -1.7675610248241571 
  2.4586190548898843  -4.4475653815464495  24.02425484230187 
  -12.515902190519709  -5.9667787793978615  -3.2167094324471313 
  -3.1848756008611048  -21.178726524496373  -11.015330380176694 
  5.9408743634475405  -2.415231887732322  22.021434896345532 
  -12.076814500419335  15.518304337370818  7.944971950218136 
  4.580105706704378  16.153015373877896  9.919483627510395 
  4.387103970145012  3.548395872533531  0.4227898378800293 
  -10.481899376765305  8.809737204761053  -0.6306769150936156 
  15.383274162128783  -22.35833608693317  14.424001636775225 
  -8.916026486154678  -4.018476136527031  4.61454176126202 
  -3.5586151556941585  -5.656145926351159  17.04552721187654 
  13.325773237687438  -10.811999726847507  0.9238556334384355 
  -1.1889124516884597  -5.018528193849544  11.994996304873935 
  2.1402755517857432  6.559350895498161  0.32303781953365585 
  -16.87871433999436  -1.0360474129605612  -12.01271856532621 
  -4.695656127733941  1.5403018750026896  3.510480686178746 
  -17.10596739861194  10.288554892633734  17.093003415426224 
  0.945551283804625  -14.898201871906851  -5.6534912216842335 
  6.1308251433845395  -1.1889170248734355  6.828776077661972 
  14.257362864498301  12.045641054567495  -11.83810471976637 
  -10.649495175569275  -4.196301055277677  7.214842979582269 
  -8.076908136106288  -1.123617198500876  8.623853184716115 
  6.306847279655044  -3.47771748996987  7.210791766144873 
  -8.515782179964381  4.051027726094248  1.0112222226408945 
  -16.480559860541717  19.32244693763238  0.46158056465996045 
  -4.1308147931094545  5.254490358508528  -25.757010597356583 
  -14.580032469227758  -10.189976927685034  3.750211830243918 
  18.637526041832878  13.588574134171264  2.5927829246169862 
  4.475897354479315  1.11995479838264  31.46901299612933 
  18.714713326230147  1.4745638923498725  -12.286171877789139 
  10.200720284862511  -2.5879874860315897  13.283825895709786 
  -5.655439023843111  -0.2194138217065388  11.068660845888083 
  -2.4115659048445264  -13.28332774268386  4.630088833503031 
  14.648254670136845  -3.5697146530699952  -1.7473717807186173 
  -6.485608017419406  8.279629607294215  14.549230267197647 
  -12.298799426800999  -8.319988520560209  -9.778720878913198 
  -5.3869237302067425  -2.5933802813970352  -0.9928526441177283 
  -4.527280400414368  8.201130872247603  -9.308787587705831 
  -6.880679849826509  2.2651092874208834  -8.945769685376664 
  -14.253880571388622  -3.530818126392226  -1.57232322845485 
  3.945760226291618  -7.972800556515476  -12.358237603593983 
  4.510748696815991  -12.148925822934599  -0.5319329437053123 
  4.264485499564679  -11.02949556427773  1.0008392278914207 
  -3.9725241216705296  -2.024986524573493  -1.4915781903928604 
  -7.934378415461625  20.129767565541677  6.1174924682060166 
  6.540201450701027  -3.2335266312042177  -16.280188941757793 
  2.4825638884316885  -24.61162609930649  -10.377125096842276 
  1.5553279766776793  -0.014224272080990592  -7.442123072738244 
  7.851092425047976  -6.340883413360617  -1.4050736030948636 
  -0.5335766595658258  19.90583196470851  -3.0623624302882 
  5.5870284729810935  8.672077650789232  -10.322242885842897 
  3.189041749228108  11.342462698879592  2.1353401569494417 
  -2.188683670244348  -9.17604746276076  -6.060678534520896 
  -5.739105432288505  -4.450582917721046  3.8675305956680877 
  -0.11990685009830389  11.440923801702834  -10.382882322548442 
  -15.511810481447295  -0.19005937987741464  -11.99949557504616 
  3.3290886392500574  0.8837553946058809  11.249219100525348 
  9.062568445752829  -5.1956890814746854  5.736826987959557 
  -10.948888871125408  20.89648302250394  -20.982940475224048 
  3.714879171903494  16.56429099217995  -9.930105143770389 
  -12.085671571067724  -5.5006691682123146  -1.548931862526632 
  -9.220462735210107  14.304157898868691  -5.35744044345103 
  5.55379862554318  6.229010379014386  16.346529568988093 
  10.902360838015149  5.18394403332355  -14.472783405566423 
  4.6583642017092455  4.772874029994709  -5.866134972653022 
  -3.328379621763906  -1.238974665767343  -5.504773457131885 
  -3.9772493948793786  0.6038356352108025  -1.1397723343472226 
  9.216478203028329  -23.311180004294528  -16.270266412650997 
  4.4093897662864014  -1.5857823455266886  30.42566740786869 
  -5.16143945498979  -13.078255606208028  -0.11409032037590293 
  -18.139301819819636  -32.004162560194885  16.12401461326127 
  3.9232333073576777  -23.077575302994262  3.337938515742172 
  27.111348800911408  11.128011620377974  -23.794992701848127 
  -4.675444441755734  4.359635777857021  -4.518382224274379 
  -22.77341832307904  -13.220383544155345  -16.735789167863096 
  -0.8446408684671486  2.0694859118691227  8.467803207336502 
  -21.63181866870401  18.857665541173084  21.84505007371438 
  11.110267584788248  -8.295864221109909  -0.9940607755226036 
  -14.578632286999058  -1.7927810364956325  -12.968673510443866 
  3.531841603853571  -7.6080132559717555  5.399934954677782 
  5.5327054283350146  16.009055241706914  22.081569588938834 
  -5.598751548046488  5.140851490963328  -11.734063191998533 
  4.4640296192354905  7.716561134294772  -2.588294936849477 
  -4.8871542741613725  -3.9358968351886214  -2.6599525951126823 
  -9.273878204683975  8.464935608889464  15.452951800050277 
  6.862482106146298  8.165695977821898  -7.195292708497086 
  0.9412458502940845  -5.6176691418054  3.2569013891352383 
  -1.2934579871452039  8.52436803797303  0.4992295538600454 
  6.500255922658015  1.8727551898588786  -10.206426971713203 
  -18.034940745702418  9.218289773509179  -11.41476230049813 
  9.269342004067076  2.2483978937251226  13.573465682417101 
  0.7923775576894877  -5.776439964247361  9.64700988517687 
  -9.738783838188333  -25.222976097904382  21.097967547522135 
  -7.38869334059921  -15.261783800891585  -3.1470888622090123 
  12.028656591535363  -5.478596996909586  -7.865316619586387 
  -3.7196690613145202  -5.611488534385873  16.169121005843625 
  -0.6532355605961526  10.069743785136152  -20.91507358517531 
  18.887278835152628  -12.418427673308306  -11.425706262508522 
  -22.604662276530465  7.835633577233732  -5.651196072551914 
  10.034144196787057  -6.507898612650192  -29.923005402757084 
  7.043111591501178  12.673352297414047  8.969663164355122 
  4.266846179583879  1.691298468839575  5.894426467502971 
  10.22063584812854  15.547178174378411  -11.062385724819777 
  0.477284233404818  2.71108636945166  29.723503006750395 
  8.449059233852148  13.991060313953012  -1.6603231630143365 
  -13.863076028237742  -1.7337966575856028  -9.051313867270645 
  -15.53679846512629  9.6418392548391  -2.9609940563872215 
  8.74074940302342  -17.866549380840095  -2.138240298164206 
  7.545852431735692  -8.107318242124366  2.1896688950800907 
  1.0226455706069542  -5.686761101356228  -5.338255191127339 
  4.6544373599012605  17.419615851280515  22.444968339570043 
  4.489877284138555  -6.811540255239934  2.8027545768803415 
  6.942347083933501  13.812837586283765  16.517058778359967 
  -3.60844227565052  9.411134120021664  6.657206439797928 
  -12.757467239468792  -16.258108698401863  -8.338416335235944 
  -17.112234004342557  -15.993083924073126  0.002421945335192198 
  -3.244700256464183  -0.7647686747836778  -8.26326282827927 
  11.63413449080657  -4.964905943321434  0.7254006743958722 
  16.004325352036894  -23.673937226476884  -8.278737936886518 
  -8.213761563116178  13.823356527008729  3.9136285289625254 
  -0.5060873053196763  12.148878873103529  -0.27960668226596613 
  4.326708948576753  0.257295775410849  -12.557045038509003 
  5.368077895898114  -18.46757276496452  6.804575422550787 
  -8.146312810491617  4.131596889158041  8.534996513985675 
  20.831719291650657  3.9602179094609067  -34.27452993131478 
  -8.31049927438909  9.533560880947883  12.609725453318388 
  -12.933173653737631  -12.979299366167318  7.30741754483307 
  -19.105056741313895  19.553252830766322  0.3419326497325158 
  24.263769428825324  -30.19394999021231  10.127985731712588 
  -26.901545720049143  6.2196802211649445  19.828910276807683 
  -16.381802419199847  -7.218580303293741  -0.3603353359868869 
  5.280905933145852  -27.060125468969467  -9.096949165325944 
  2.627600299747913  3.6646690210190087  -2.257690644858182 
  10.018940429333382  -15.51565067034308  -10.047686263051187 
  -19.54650452188173  -14.36919834059298  33.79039623721661 
  -1.915009889387774  -11.238117619531971  2.504338577777054 
  11.80336605198426  15.366107682912757  -15.48461400896139 
  -4.8873196754032655  -17.695278217525267  -11.330480033850103 
  6.72468210205694  0.06558560807009893  2.160625005369074 
  1.2812309044900019  3.353296936050407  -3.073327279670854 
  21.713356372642803  -4.176398329182285  1.9575399324038414 
  -22.340658613349298  -2.3684441367697335  -14.029697783106082 
  -18.231008400788987  0.49438528332238446  7.491612617911499 
  8.061802008610899  7.126966709509004  -0.08317232252574686 
  3.608935474477278  -14.90048338704318  -26.236929430680135 
  -6.45008064521618  9.710045819965341  -2.5780424161159337 
  -9.145508367401229  1.0926756120673902  -19.81992270218472 
  13.948427533007832  15.407096600073267  -4.5580503856932255 
  21.310767311496953  4.761029341419907  16.632919322485826 
  11.940750459762205  -13.978968205901301  18.321183190870183 
  9.033742878890756  -4.301895390131484  -20.31524673123689 
  8.390359681827155  -7.684578597281044  -7.5305114190698355 
  7.664441746127184  -4.369837634779247  3.982753308054101 
  -3.672593545273494  -4.483608588457496  -16.621181460811613 
  -2.7126286817164633  3.315500078083797  3.815971827991458 
  1.7588400787606455  -18.928664797299916  -17.58234689341589 
  -8.977242912984064  -6.972076513532458  -2.5833924674908673 
  -6.877657781016574  -12.263450872074774  1.9469934114331915 
  2.310355615859793  36.496220998263745  -0.7636591123305115 
  -17.262369752938326  1.8158718688608344  3.640855315018745 
  6.329849083888547  12.278953738754531  -0.5685354555471392 
  -12.713171171334455  10.383556960794317  -10.935598066214958 
  -19.392450064895694  12.757971104047416  -8.221331800377365 
  -7.09820388713201  9.69986512277827  1.338069894667208 
  14.787359732368218  -19.93309978854855  -3.690676756626043 
  -7.575585582799696  -0.7638574918708453  -0.7848720440862313 
  -4.645201910390325  11.12464744877188  -28.657928176021105 
  10.786251335676017  -1.36260473728003  15.25207637190107 
  -3.531575556619387  6.120987716171084  -14.599508219075023 
  4.60683687529445  -1.6190881670365607  10.638570887528317 
  -3.125800938090784  -4.008457466153848  13.974233124979472 
  22.550393522702866  0.8519601361904455  -8.035625539947013 
  -16.927866566202482  2.0273987001883107  -9.263452560398338 
  -8.331553061324074  15.243165002218262  3.006706008992295 
  -7.077799659039818  3.9629951345984615  3.6472075151976044 
  10.453923347238172  3.4426396344808077  9.875475982783424 
  -5.161491008939533  0.1835760962401574  0.23718872255957696 
  -3.3346659600800117  7.762222035807866  -2.349940542872703 
  13.742804436938897  3.291414260203606  22.757392657872924 
  -10.304716416187214  -7.412756705807413  -6.139467645091294 
  3.9877627551987493  -2.2807366623363827  -4.027177093631522 
  -1.4725171937811603  -2.4321317280914467  -4.531002192955682 
  -6.9699822568508605  -16.77302145843934  8.435428214325611 
  -8.893793257330415  10.375891085306032  8.243203022923966 
  2.715150590248965  -3.392193334205362  8.37196409946015 
  -4.462167797847342  -1.6896521623070244  6.588468127106743 
  5.842285292625244  1.3107690409848718  -2.328889492939479 
  -5.860526017168676  34.055861953637866  -6.64777944902346 
  -3.7625970532388395  5.4210202748957395  12.417307149540951 
  -9.672729673954922  18.74134915373001  8.267942106668308 
  5.566495340583343  6.553000653588993  -9.723568797725031 
  8.555212271289102  4.497173816238801  6.872559209332217 
  2.561263935077206  2.9992377483818204  -0.423972757363424 
  6.022448280036641  -11.333402715365413  -25.35547398816396 
  -10.823462019541411  -4.830481722222318  -16.113317040820867 
  -1.5757754993567121  -9.859437311992432  -14.62626375303903 
  4.659007164742058  16.062245326943515  12.348242126659978 
  11.23048238745428  -20.450937317909627  26.739907668831005 
  4.554561081407836  -1.3952271805942402  13.033414678491058 
  -13.840897148769454  -0.2665417331325403  -9.680783799120302 
  13.60582618719216  -9.167928990325391  26.866426637989473 
  17.441910495253534  -1.3382738560746772  2.9369499157646226 
  10.14841697053116  -4.173972951518523  13.515569727909755 
  4.131606107260487  -11.061312903899163  13.07370465018266 
  -5.230694858708431  -10.748866405125254  6.002803573126166 
  -10.37903190337399  -16.257757391865344  5.54901486258765 
  -10.027059458013348  -5.205087808431981  -21.377414160342205 
  18.82972522654865  -2.16699594017284  -11.453557715133451 
  -5.586676309396353  -18.226366855075085  2.6031932329921057 
  -7.718626992940945  -9.605652696273951  -2.113743583550558 
  -4.29498135887774  18.14814679444152  10.208807996766033 
  -12.005436235365377  3.17337059117583  2.2530119497737453 
  34.029129448875025  3.9343490608471727  -15.633845934978508 
  8.548803785241546  -2.0978268237542586  10.553624756048714 
  -15.559124269879892  16.953961087198913  -17.231717553538434 
  -12.239827187410473  -5.911188829690605  4.299120357155099 
  -8.111010694386334  -9.97714343738748  15.414163376511818 
  9.054135969722562  -6.187197289265955  5.6235895951445 
  -5.940427444855665  -11.919453107014316  7.611489375290406 
  14.375787356509651  -14.945816802425753  -0.12271272782480346 
  -19.05528787027221  15.84752263752552  8.461662633009318 
  14.848513764941451  8.1763105864039  -6.426841794584548 
  -6.634531161139544  17.062648720744274  2.1993063721412436 
  -8.978642626799202  6.248941583980351  -18.64979783416863 
  15.151395894849967  5.317040663649357  -2.6893931387755123 
  0.5601372882688389  -1.0312045936907723  12.250040823242546 
  -0.377171231149038  -15.853978093924606  1.3025065568829755 
  -9.948219088045741  22.52964908725739  -5.590927697894314 
  8.518146040027325  13.283941636501769  6.828604045097248 
  -7.875085876009502  2.751385912607898  6.505147604929317 
  -1.805069816063874  8.324494029022299  10.11443318846346 
  -23.65506637078019  16.6259238568318  -11.36277598259801 
  10.965193271075545  6.986297168241482  -6.677708222340669 
  -10.94400489923114  0.33678566351769706  0.6500913065778843 
  5.413107069487087  -5.449415714231519  -4.648300233169859 
  -10.018859824809192  16.173579743017484  7.9585773708794845 
  29.03833024356536  -9.47183694152775  14.630968133747613 
  11.548996402957824  4.202851143147576  14.861914791853929 
  12.166107560413128  4.5370252877323605  8.766155034197698 
  -1.2237557366295793  5.596844061459931  -13.417983078331998 
  5.276611050720426  10.408416915042562  15.900895595721769 
  -0.6494240542760574  19.506708832185073  1.827560347299035 
  7.425014034314946  2.032737968778659  12.416683444945019 
  2.3821644163557587  6.410665962467369  -10.66838532252444 
  -6.123775894781208  1.6367648018512115  0.8502570098058043 
  13.127613875092019  6.084224833739807  15.014132782756707 
  -13.389170800798787  4.974974700030806  -6.089199060789992 
  3.4389920992428293  0.4566250704031491  18.069061367228567 
  0.22554247457832108  -14.926173244233954  -5.552021280020382 
  12.755379568871913  3.861824282766369  -24.719901579769783 
  -7.606251774923497  -4.9976067105164415  -12.437931526373799 
  -3.8863897485491914  -1.5888617278509851  9.03440106184563 
  -3.3439232102280196  0.9601279381337458  12.348695658989731 
  -2.9544859308717863  -9.452661197344618  -17.53144165359584 
  36.99816938610236  1.1884239607633944  14.173946213450035 
  -2.692454544186802  3.8129119203604875  8.670892460849982 
  -2.404157600063438  -5.1445393253058285  -5.5002901888306726 
  2.8862084066844313  3.9110885851089026  -23.780313373711927 
  6.016606047380801  10.584336730404132  -11.489757599945822 
  -0.7847634897624093  -18.370173266896657  11.580474629673839 
  17.772262714883407  -4.16090766121359  -4.0210767869190525 
  -10.121777876009837  -11.682978718878779  -9.514662256500365 
  11.594221725861692  28.665400004314325  -7.255917030629179 
  17.380069930903673  15.893258005947098  -6.062975747043382 
  -3.728171390161905  -3.1069083501357486  18.252176400677648 
  7.943461558030115  16.966184802585204  -8.137156244376689 
  -19.299508160362652  -20.062499152647273  0.2004193979635951 
  -6.950942798877658  -1.1752738610729534  -0.4958583678103244 
  9.359510067400354  4.5828915130547525  0.07636787780460128 
  -8.538622188906324  -7.031551050761423  18.059691285763503 
  14.286276378988845  18.63554560606358  5.91001150029874 
  -3.1571445227983617  11.971212500678126  13.502890524664018 
  0.3466730531030275  18.41047973112569  10.390199360998386 
  0.9163708812993521  9.722016323660627  -9.003016868532699 
  -9.248856822466498  -0.42942172769469655  7.168252379241732 
  -4.7790091778030686  4.721823261931341  -4.616487322390365 
  0.20742854005822134  -0.5082724452006828  -10.651668689834716 
  2.596491684943487  -3.0424941289972054  0.5550184929251606 
  7.083994565545108  -26.31661754418737  0.4329303544611009 
  -2.333003882853719  27.878253173738276  2.9587236630030493 
  4.4113409598028746  6.432839387672673  9.324700361110844 
  -19.727100631356898  10.202122221194076  5.384391611546579 
  -1.0183434629714223  19.92931211482661  0.8966545163582208 
  -11.752675697223173  -1.271106970643208  8.286877065056187 
  -9.5538775273209  -3.890974100827473  -4.648132480223764 
  -7.887911971509677  -4.422864559367656  -18.664420555474624 
  7.192196761132358  1.2177152461568574  17.128330924234692 
  -4.021604574849664  -0.26525289129654384  -3.660103146215869 
  9.64424634879338  -7.800901044870997  -7.71155282155549 
  -4.222024270824124  23.54745508947533  15.68970873513665 
  -15.76805899887449  1.9469908258083755  5.288615634764389 
  21.51788041392816  -12.91524054518147  7.741708735799496 
  -2.538948861387389  -18.501975112547342  -15.298824006362809 
  1.365654100825131  0.642279196024613  -12.001115336716508 
  8.557593100777732  -7.0988437669678435  -1.5611757420622303 
  12.552566407679432  10.777357280251985  -16.00459850627112 
  27.813164719694004  6.455628692995538  8.942538393647167 
  -10.666315527324441  -11.042403643786072  3.5845695679779195 
  -10.045637685135754  -12.210406791980084  -6.815085922193271 
  -8.607713193354192  -5.194846770990598  8.252313993979586 
  16.014657115263407  -3.2839726652114636  10.086508154345818 
  -25.801832601644712  -3.719174069861687  -6.21123197301536 
  6.167310009878606  -10.888873878820547  -5.875928341289621 
  7.962451869119456  -12.26822594835982  1.379799330469435 
  3.248501220755228  -1.1046860713606368  -3.467407011428555 
  -3.244507381404928  11.501349172433919  -12.477562209902572 
  -13.384590347809024  -8.557075166711813  14.318887669290817 
  -3.6985109205314637  2.4011094031926126  3.9420375149840394 
  3.868607472193294  -1.1551810301766705  -6.5153322167054295 
  -11.41733268277597  -6.883053612078706  -26.92075035405589 
  4.248519639194896  -20.872985075977557  -15.201173091385124 
  -3.947814276329188  -1.5212616463788988  16.013487471291544 
  12.909217206903666  -13.3830258463861  2.683697183649086 
  -12.737633305109107  -7.2948743305828225  -7.027331602356957 
  13.664174379061812  -19.866397686030535  -5.368652760718898 
  -1.4080920764929261  6.304532335634779  -11.450649645456688 
  6.057233221176682  -2.1925222130104114  -1.1823031024869233 
  0.29931403080285857  -8.40452471736561  2.568658973869703 
  9.759319400618901  1.914550092339068  -13.984906493198622 
  4.421435207375536  -6.213260885977196  -8.91761429279073 
  13.099682824232772  5.686679195614079  -8.699322081191236 
  -3.5557793620733547  -15.528556863098602  2.4798209726630716 
  0.730054114954037  12.784473924908879  4.585631463038268 
  -10.491387416611099  -30.131232381396227  10.871567097594761 
  0.35396014530589176  -0.41057088832318817  22.276612355380866 
  -6.960131927903923  2.824146683811321  1.3139415061436333 
  0.28186051952575936  -0.7220398033557397  7.728008809445409 
  5.993580832345483  -18.470681272006427  -0.605962714464152 
  0.15714869640931253  20.002663707456925  0.024919510136428184 
  -0.3343447338972664  8.761402445607043  -13.9008986916997 
  15.846085690070083  -12.513114738960033  8.289037342631099 
  -5.893229184454669  -1.6137645617184126  -10.978948682040583 
  -19.781170943466158  -2.0064959119783223  -9.401105741905901 
  22.98261732539506  17.723965879769256  -0.008133429187256527 
  -10.03838326933091  22.716583961460522  -6.179519565144413 
  -14.89573490275627  14.159865443321328  -3.319900286573747 
  -6.2198556529309785  -2.0689696420584216  -11.977551493038854 
  -0.30950220775981085  14.641453404615099  -13.065867947638631 
  11.983768325628555  -6.0369514922028324  -10.326514266040215 
  2.06530589674256  2.0839492088742246  10.652245144189353 
  -5.031315257572275  -11.261374185962026  -5.708180624597013 
  -21.215638726455737  -5.729373492258101  3.9710885274001932 
  -2.395897127245692  4.165990195569563  6.794713876161567 
  3.2567317717285227  24.79620311047151  4.442294772218239 
  4.763382237100519  -3.1106685687340683  -10.137292903160436 
  -5.043350296148832  -0.3110527038538408  28.37248221355881 
  -2.964849989161405  5.9325110924641535  2.0968337759600204 
  -4.567200830122257  2.428441483186983  -26.57827895095746 
  10.830181846015082  -4.43962814537438  -10.111277832883516 
  17.187445861850367  6.635495177149316  -2.6844208673545733 
  -8.229453311427632  -11.981593125561854  -13.101820931808836 
  -2.416872614984095  -7.9529673985240015  -11.133807046552493 
  2.119788776262162  -17.134668923520753  -1.6170792780928647 
  -14.963908348120079  -3.4584018550198183  -9.682778637641148 
  17.432161664100356  -4.867814617331109  -21.102639374210817 
  -4.522045410916584  -5.8219482589250635  -1.0379712820024591 
  3.233354171339354  -3.409991431982214  -9.55379361216478 
  -23.773597763922005  1.1215521228575114  8.015031858680334 
  -21.751791733311393  0.9671244235970551  -10.656454999092212 
  -8.09100595491986  10.958650260250074  2.9526804061253378 
  -3.0403132138812157  -7.706340850138665  -1.5201205629158976 
  -3.7907463953324547  -7.688334443527349  6.010286268259946 
  -7.856511161434051  15.679140785511484  11.58813657347007 
  5.239368161771759  4.845131408281878  -5.7986715676149885 
  -11.029083385516518  9.880686553309703  6.796687385453702 
  8.614578085318279  1.2652623913836638  -1.3143757966676521 
  -2.6562892214006815  -10.044149451051235  -6.768479247104945 
  17.32191437368808  20.023852796946645  24.548137168639624 
  -20.975908517948614  -13.674220905345521  3.2217516502516843 
  0.6432071505393264  10.13702110081802  9.27179900443566 
  -22.313013168106778  -9.307021372444028  -8.025986899554933 
  6.631584106594771  12.717836401232754  1.0941361770661504 
  -7.825578097201318  -10.246744750193749  3.573841748279134 
  -3.732322925825805  -10.886587795353389  -18.163162981602557 
  6.678873504422116  -4.899965630685454  -3.383203414109139 
  0.2857198658106643  -5.275881374725551  5.246057617942968 
  11.328820948452888  20.98478629525228  7.140785491285068 
  -8.10346549121085  2.4587780237773758  -5.017478294924743 
  18.274509842452975  18.30866626606206  5.775048818902403 
  13.664961869341301  -10.54971175832287  8.349809054632443 
  11.26349709994739  2.5256493863194542  -0.8219542979729321 
  8.031625124654058  2.826053887568279  -7.657523037969202 
  8.40103940917672  -12.238631386459172  1.3670927941773963 
  -11.893431777976973  -4.772668920056882  -15.44870691907586 
  10.456957819643772  -12.983526614326236  12.597503687256276 
  -4.773079283473328  25.48836432139098  -3.663441776554256 
  -13.887401850745388  3.2125401049231166  -8.894546464246197 
  -11.041736571249565  3.2676537712486837  7.9462882978577 
  13.217392752491666  -3.2856675370633615  -8.225354909715465 
  23.33996964579874  9.258267983787752  -6.8804711987472436 
  0.24916409865670155  -12.623274931476022  -16.43725233321951 
  -2.611186526625465  7.250207532523106  -4.454262816884549 
  -0.8565746982605744  -18.853431671331553  16.274116180120348 
  -10.617371246918331  13.807411870573052  20.670301493604597 
  8.01770898546642  -11.777740110106238  14.087900382951124 
  9.328313819734943  3.5017242867405036  -3.2742991806306763 
  16.836024954314308  4.008503878144642  -1.8108411164742106 
  8.915330006343634  -16.813337069150293  -6.875152192241804 
  -3.2714206172768714  -7.897694225085139  -1.2839350672252647 
  8.84432457044271  -25.478073207190892  -6.667894645339989 
  -11.746806561542357  2.2995723507448425  -8.744030831234467 
  -3.117554629913411  -12.81423213102797  17.20787829294793 
  -7.938621028422738  8.652532333231793  20.301294948391476 
  6.614143003995575  14.066496314185681  -6.94611195675646 
  -11.455191404540749  -19.147225807438634  -8.978661886344542 
  -7.219146967961701  16.69938103536086  18.972607505736296 
  6.943111524772614  14.464236279420424  -1.0555103270104864 
  8.846821327390474  -8.815553502781198  -12.86329826970909 
  4.01422317401015  1.2954277281204836  8.667851282162765 
  -22.354870389684706  -16.799896869770013  -3.2104120817886286 
  -3.3942950354398946  -12.776633277810502  -6.463801479763746 
  0.30789292231832655  -6.492024715950761  20.7102653330296 
  13.278223507682661  -14.626919891293738  0.056551198792902074 
  5.685047021582957  -5.010943218376063  -16.361822033452544 
  23.12299017910643  0.24382395024027775  8.033627025804737 
  10.150349002753005  -8.4377742141453  13.426677210297392 
  6.023648506819331  2.3301831117589127  -12.631093273578463 
  -16.62853301015965  -0.6876465830514596  -4.182672978220884 
  -8.125309699596658  5.09566211379395  -2.563182695196156 
  -5.63181212793769  -26.847201356054672  0.19058124090281783 
  -8.69316623526239  19.67932474273996  -6.4426444710728905 
  0.2808067996718026  16.75618323295692  17.68470280435151 
  16.222395803093413  5.918743048582253  6.222258980573238 
  -12.68907228667314  3.4541518032137972  9.236430830836166 
  -7.6021045016532325  -9.877801375095682  4.3903788027214 
  1.7426718570690485  -0.5977251081796163  -12.715318715203573 
  -14.46664757121187  9.81956165977467  3.7189703283231754 
  13.186030356025965  2.763897528630626  -3.221891073274212 
  -12.348096520366997  8.304034467449542  -4.665429264305408 
  -6.166800078789902  10.299334189305208  8.806736445693272 
  -12.376138365177011  7.027426595202692  -9.129689113300662 
  -5.660006910967055  6.295607444539385  -20.460656046642953 
  8.450309134263776  -1.3252783583016754  -4.152653091793518 
  -5.9791556176479075  -4.236900533272632  -16.18754609180666 
  -3.6871060921805032  0.22560973686190308  0.29289934936875806 
  8.342596798342823  11.065242920849336  -1.0003767866510722 
  -0.6540630469445867  -6.313692587815009  9.664203731961145 
  10.985404255011133  2.7772475723452463  0.6396187751065366 
  6.216022980293886  -8.644858175417593  3.682352095288579 
  -2.6026168849911224  0.8479511353645439  0.6835831752753082 
  -23.833471253979514  6.401398821724541  22.887167003733826 
  -0.165106397404845  -6.3033164807905795  25.438598313268518 
  -11.805076899268979  -4.133578180433334  -17.69217192906744 
  7.7529937416567805  -10.800711191721454  16.19738183929818 
  -0.7390147486967545  2.057685996796506  6.254333908516831 
  -6.7037393134542445  -5.183320697390408  26.807031847610858 
  2.795575892177042  -8.324873916843677  7.424134760464297 
  6.064450017861717  -11.516531620227275  12.338581928470456 
  -3.8622444981367194  17.31924627314076  -7.538557678681554 
  -3.912866192897785  -1.621664242636277  0.5263949864275898 
  -1.0447692356545926  1.2993467940532284  7.475542778000101 
  0.1611432828837265  4.409775773934368  6.730064095055238 
  -13.268132404249599  1.700933040437419  4.305319912497088 
  17.813504773967004  0.47239813622113846  -3.268996422253755 
  -8.753443184335913  -5.3280409112046225  13.880739960303293 
  -0.406312583219094  0.3221013575721373  14.27310014208604 
  -1.2561565223413307  9.207278759350496  16.256999166857113 
  -7.064435500104668  -6.907367948386683  18.744337375382507 
  -10.476836015331633  -4.014414237762502  16.73965472768696 
  -5.085262163569277  7.081453543428736  -6.188991043419076 
  2.427238169788516  24.131773786305043  2.2831601480042263 
  -8.434761467858772  19.892174987375824  -19.786890501814124 
  -9.074573735897687  0.2721534133094367  -3.661393667077212 
  -3.164443740701983  -3.261463712345456  8.959630083996117 
  -4.376993881512452  5.223430027577306  5.96196899164822 
  -6.299716604126589  -13.752486362344582  4.050956258865676 
  -12.238145259037717  -11.156653920202965  -18.693907329927995 
  1.3736224243169717  -19.0419196376917  9.23889833957143 
  -16.807979869376105  -13.755673575171894  11.491431305573299 
  14.40205588680633  -7.960921550571575  -1.6893081962041223 
  12.466330809989874  26.643629921162375  2.2764985531433135 
  -7.646150896571086  -5.914859164788668  -1.7787391188850517 
  -19.547030091290583  -0.2429188426793854  5.608081597806452 
  -10.448108619191604  -19.43423754158435  0.7958634535820823 
  -0.5085726436139502  5.844436175589291  -12.89903508537829 
  11.490039059149053  -11.46362812737826  12.667784962823468 
  9.87456248076871  -19.769545618814142  -12.823704111193237 
  1.9134191351116119  14.169879419925325  11.683284418048897 
  18.75681633440599  14.129196801182106  -16.669842504773055 
  -15.627082847488907  -7.622592026743711  -0.9237655506485214 
  -6.305418597676491  -19.868883641542492  -17.14722128109259 
  4.307750720147681  3.0048550096830122  -0.8901192105823617 
  -5.4989818260178795  9.291359570329103  -10.453358594689622 
  4.3986739876325265  16.61585762175751  -15.451394808120053 
  5.067405655902465  -2.4144021829810596  11.46619989671435 
  -13.98802796053836  -11.161409112108414  4.877734782172144 
  14.383620577875773  10.36840713284209  2.8628076788105408 
  -25.139363790888527  4.241753959892428  3.3777267650513854 
  -15.794069919603658  -11.764281242567474  0.09642169805556176 
  11.633750822843478  -12.155350627396972  -1.5739322773451565 
  -14.703063410185427  -0.7290622534385588  1.563128640368085 
  -6.04114869407386  17.39165840454576  -7.048486193593666 
  17.102960730668276  5.41041479211152  21.3701227399279 
  7.654397727954715  -8.89928680428665  1.9272570170706789 
  18.15543674622241  0.42964911148368634  -19.27666762049213 
  -3.5972160073127135  14.323699870927069  -14.438927064392098 
  -6.717580159733323  -7.461498414578794  6.364153205466967 
  -11.168660854897682  -16.826754187252387  -16.599930437131412 
  -0.4463596640975493  -5.174030626334362  -2.7445295052022134 
  -15.795181237894592  -16.582293314586995  -15.409572632327771 
  -0.2066140064427419  -12.072033304793267  -2.213119580588023 
  -2.3783015628896584  -15.272596662364533  -8.591980536942867 
  9.28990470499039  -9.353562831038516  9.329619603503252 
  13.098392493687756  -7.8652362193502166  -7.8084152664773265 
  -7.401325632558446  -23.030333413060493  0.9735754988160277 
  13.295142125855676  8.305316089806384  -2.7366241680822085 
  -2.3094641271943415  -24.683081911646838  8.494211408482661 
  12.248336890330034  13.501804388919382  10.699071596850871 
  5.100286819898149  -9.173807680638031  -3.8586492484470156 
  24.60687043731741  18.346507430346744  -15.117773650299588 
  8.4892983340234  -0.29812706167381714  10.321792452774543 
  8.312801591580493  -5.351815270623746  -1.3268987409191164 
  -0.6708309482387698  2.2122133290880486  10.333328555883867 
  -9.255875680381491  11.671128920141987  7.0495719349750425 
  -0.6045702153728326  -24.235359911092075  5.7568360346729035 
  0.17021623055341772  -0.7397674207259498  -10.580194273795417 
  -1.9422972609924045  -11.138760063266417  17.873565406189147 
  -1.1929998457094908  -14.94263076539417  -13.62833202811968 
  -12.217812825442214  -9.227974610707106  -5.292776402976873 
  -8.221735669632574  1.8389998859756262  1.8345896910300754 
  8.609377083752847  4.126162554441492  -6.747581032214189 
  5.174478652425298  -30.50035457947357  0.04507839012221971 
  8.921987603523277  -15.915104963921094  -7.2758134831943515 
  -20.496585679423937  -6.85580845371396  -4.406649909656289 
  -13.727465547595122  1.6434974952791537  8.000936952600126 
  -7.811804110448862  7.614973637056676  0.5303382567852303 
  -1.454433146167466  -14.83427627662308  -6.3464155162838845 
  -4.308207394683916  14.909424661288869  -8.980229045184823 
  1.9860293682199124  8.981029606870838  -0.1309615906358217 
  25.77502262481455  -5.726790460586568  -16.51924689841897 
  3.6660592689566838  10.36237275536273  -0.5650319041194928 
  -2.3518083893256456  -1.6311327187314526  -14.360974302383134 
  -17.838371057635165  17.755926271885716  10.308785994768044 
  -5.939772683389582  5.3290160494341325  2.165986879980828 
  19.095887298893537  2.7232078003504387  -8.437111135223452 
  8.308821158578708  -8.856284171501942  18.91604840143426 
  -4.461837848810806  -2.9411573050182542  -3.1018245305193166 
  -18.936703043225368  -19.687359973230578  19.254661753598793 
  9.901683950816572  4.266769739985026  -3.7342939958094408 
  -4.665639399130577  -4.666640234408318  -7.130942336422775 
  29.514060057667727  -20.632380605547194  4.130327699039466 
  3.6615959467502237  11.543661637960382  -0.5789790112173577 
  12.646787309812776  -12.108902438371477  23.856504077272277 
  6.2203740367877405  -12.919448612604894  1.8729392548316701 
  -19.28763876478446  11.49245349787732  5.843400985859994 
  -6.808055049878889  -0.7606431164853941  1.5890748691701568 
  -14.730304851363105  15.599255442376649  -7.315453121018706 
  -4.300364044537332  -15.08252904848519  24.62839632131041 
  9.6444667515895  1.8656584805842482  5.544019183626027 
  -31.260265861701093  6.347850306496007  -0.6065203275930169 
  -13.123293657374564  0.7821654043796726  -2.6711120814429647 
  9.19132279034196  1.4817463331007554  -8.329666889334655 
  18.133701586426394  -16.988720191493957  4.234213647789888 
  -4.020844684604788  8.020350177749583  9.813943695275606 
  4.563495084721206  -17.59672040037816  -6.824238539346747 
  -6.351683870294596  4.197768492359342  -27.487216699189712 
  -12.766131013641736  15.158726320751406  13.013605605973941 
  5.502412433867574  4.75986462252048  -0.31860276532990595 
  -4.592372806341799  14.988136149006268  8.919909671347956 
  6.66576840564726  8.421876001101575  17.319396128036775 
  -6.04999703803983  -17.802222479204268  3.0092143252409302 
  5.403381145367034  2.071595986378872  5.51770880823104 
  5.138810247204056  25.7866013553114  17.4292435829528 
  -0.9587766211061683  -7.237439160596929  -0.6873072452873984 
  0.10080141380720532  -4.898545522586393  -2.449954749636626 
  6.352468749230815  27.8409278330331  -20.86650259032691 
  4.921585676813996  5.581143372549852  -4.799089921208406 
  4.074347734060079  6.634313916227139  2.0372884794008232 
  23.725466743918776  -20.65709995250573  2.6725767560478277 
  -7.720014958761949  -6.481532967930352  -11.052489092562288 
  5.484303781182185  8.24874990877892  7.047440886060028 
  19.9442502521472  -2.4956321504792927  14.440369341232072 
  7.903355367738743  -1.8969131349972703  -12.540733927609118 
  12.171778178913083  31.555851651868593  -2.593271780256378 
  -6.115214596699979  -5.296013456594776  1.9751009699742135 
  0.8272385268546392  7.087165667197821  -3.927713133553718 
  -28.130481257197673  9.95949745022933  -11.567532195923473 
  -2.363176481925316  -5.988114015345866  13.08524300238017 
  14.198908135718627  -4.21852512688646  11.375868778173192 
  -20.64206394677453  4.46678894052906  22.467575611482975 
  -15.358726832820759  8.337351450086546  3.506858818110364 
  -16.31210782429574  2.190708680882239  -10.158148923247435 
  -10.746209629175906  0.24150158107298136  6.18059943275513 
  18.121494233436255  -3.2571856067396094  2.4926550839891486 
  19.70853251953354  -5.610726536381852  -21.159136611010812 
  6.42846293267249  -7.80673489546695  -13.450656588449611 
  -13.633571063591809  -8.026496210435315  3.5063026083176974 
  -17.232427335021903  7.131594075312066  -7.0100122718138085 
  14.32888670025193  16.184125877373795  17.941541565810525 
  2.279663699146713  -2.08772859785226  -12.557842842980566 
  -11.764841690618633  -1.313996803039437  6.785642150465074 
  -4.337146416281895  22.27296333925197  -5.980134757716233 
  32.977840501806334  8.81036762594848  -0.8073180255899303 
  14.788518942327967  -2.862305663524285  -13.2263035278665 
  18.443104572335905  8.510186954337433  6.14648337327828 
  0.1778819367652043  8.254423908506094  -0.24869261556971176 
  7.684199536301979  2.882587217525094  -3.448251832334891 
  -25.18408900617062  5.133128719231208  -11.869146767516682 
  3.235486542892225  -8.885057278091164  -6.104412069356437 
  9.609870876663408  8.204266951308629  -10.721096268752538 
  10.392199672584312  -1.0164248325784127  2.7979563071140046 
  -4.366140966366314  -3.8830375012976983  1.6719422352800397 
  17.581183395928747  7.053175083843619  12.163551364811221 
  -25.20505961819112  -3.2794580758790857  5.974774938134587 
  17.660685823657786  -11.049777538114066  19.852555783887198 
  -2.5272933611579806  11.35957833840686  -26.363374054739342 
  -7.692841878455822  -9.688175030495557  0.011235948313589551 
  2.4105015605442275  -20.812372262274895  29.81206741354854 
  -3.017184408461862  35.945511126022694  3.842293300249387 
  -4.250969920506009  -12.633046172899066  -5.0536673341985265 
  -25.30409510225357  -5.989359497975279  0.9512883138148719 
  5.910634721532311  -1.587762251855981  3.065941485457455 
  18.200733557671217  0.3652134193739249  -0.7771727046719688 
  4.083594642413347  4.198917125269913  -19.529094729197126 
  10.521248539439597  3.196495596252757  7.866647880019314 
  13.332354757451949  5.84090447870384  -11.588389639887255 
  5.976702779122098  24.83761746297521  8.313965473383785 
  1.4359261784757247  -10.086759991071661  -0.3300782507095516 
  -14.411533797397047  11.295187453234728  -10.333444466070839 
  0.9111903775274464  22.570093623404947  2.693090045776234 
  5.545063474287077  -11.260643562698798  19.87430665616392 
  1.6426271506272292  4.419183110307722  1.983784076776745 
  0.21260579484965353  -2.4383732935835654  -11.218511614907033 
  -1.0594654016956606  20.534251871760386  -3.341591828692877 
  -9.11659999194603  3.1830626597971694  -10.060939556807211 
  -5.306607704654137  9.505426842025475  10.739015512836108 
  -28.775316166281456  -6.67474308497747  6.275341343553088 
  -21.582590803268975  16.711918409904108  -9.906974846647534 
  9.088731943935255  1.8435575591363786  -4.171820462567659 
  -2.9183398029125653  17.401586953294707  -3.80728993307661 
  1.2870222046125859  -2.0246828407121735  12.752052506783004 
  -12.843733996757317  -18.11718035930289  -13.113814861753147 
  4.105949313597537  1.3454555466408182  -10.345657233966788 
  -0.4106433535786718  24.882111904631785  3.9573787852464637 
  -6.666475734924861  5.925803574521865  1.589695494844503 
  0.4614655177640277  -10.209434027924313  2.877737242914966 
  -3.742202294103929  -5.246846725416089  -7.64213719749721 
  -15.414282992823917  -0.8224970540293199  2.8229540295031925 
  -4.000995390914315  2.4618564556702225  0.28961597431174435 
  -2.758538265514919  17.80311353390843  2.5242142399110157 
  4.005120063423743  -1.2328235639441967  -0.43727432219713364 
  -13.202362702356462  -10.204318127503203  -0.002209544425886023 
  -16.64968997755164  -0.7148279214663678  10.82020518131247 
  -1.0784971188505093  6.721794352029647  -0.8100389005158025 
  2.984453142426317  5.4907857423861675  -23.683719517702272 
  -1.451855152762925  7.3710495540905105  12.869143350132967 
  6.715685270274814  13.923679661694464  -29.781745210587367 
  2.6255716183597295  -23.79651150922877  14.798263731414977 
  -15.230900537750514  12.574697168591278  21.65386113431178 
  17.87346515357438  -24.679185938882664  3.62117815286484 
  -6.531396765559144  -12.452445117443931  16.623419975535864 
  8.04930655007303  20.699821744341715  21.326973967196512 
  6.7849237695478255  7.098632126717036  4.5933816551002735 
  -8.983270231385125  7.6341977138580175  0.5640617546593081 
  3.9055655068992596  -16.888674157599564  -8.940588471295086 
  -2.4869664481886953  -17.678059100196872  -19.8160467527423 
  2.4443315634184386  24.8075124373517  -13.9400168156343 
  -12.918793085301518  11.83612415893384  -2.4335750296332663 
  -3.6547271129290246  -7.026549679691882  -1.7493483422634615 
  -3.4357879379887137  6.735457029112833  1.09087234894504 
  1.2832911292721683  -9.609668197692436  -13.965417160318598 
  6.485512985829972  -7.719973350211322  7.936929852881502 
  -16.58030762653272  -9.353774294743586  -8.01502943536526 
  -9.054904008962941  2.4554865100546337  6.342736713242697 
  14.566162362157547  -2.3657326596202353  -13.524571284232707 
  -15.083656971183911  -9.674599922059803  -4.532339869724982 
  11.01053232624303  30.879717355844406  4.434866020290515 
  14.123035441315462  1.9838338630377381  -6.475255890576458 
  -16.490284373126443  -13.959027255737245  1.5452630223236654 
  -8.389241927543482  0.6749839171124662  -4.583222980945355 
  -1.2930645738528894  -6.182929346015373  -2.027900080887048 
  -5.885333612131839  -7.591393451693128  -12.996540337954645 
  -7.162875567783462  -11.746326651940814  13.948251983866621 
  0.01675998754836297  -3.594221379725881  -1.1337499548824066 
  -16.275406377366934  -9.232558764869186  4.502687197449456 
  7.138490697847044  -5.684644392685946  -4.473620165346904 
  3.256288239749855  -15.68342216358021  -5.703498447870264 
  -10.274990193006973  13.003715372640631  21.772067343074003 
  -4.398824922269959  6.674764115390012  -0.6901233529890356 
  -1.4682724004364252  -6.3521196539533555  -9.98796149034638 
  -17.319782681949338  5.700436418695164  9.682965160389944 
  11.775995535507121  -10.45190764563182  -5.899104457523142 
  -1.879171724177066  -1.9381366398803745  -17.719588408579238 
  4.2757789503952655  -9.644371423327692  -1.419287455392085 
  -2.238329226337596  6.1107558239258175  14.147027025555065 
  18.71277933446282  9.522405329956321  0.46031182857207736 
  -0.5792117982479305  17.144294830026443  1.3292983688096862 
  7.749762350633468  21.892753935594232  -5.104708109237549 
  12.656948348340519  -9.534551878062658  -18.470456813132106 
  -1.296817100562986  0.9550523525221103  -7.563011727662154 
  -2.1761004596319204  21.553453337269918  1.064489152877439 
  7.7240092143132815  1.420129302128615  -14.479572223668423 
  -12.26314176862761  4.747308164426216  2.074063603756326 
  7.898254029844751  -0.5955481228507304  9.142623497768728 
  -1.6135181526656264  -10.212453778497204  0.7491291206446815 
  2.794452120804492  -7.189600578955792  -7.341282040348647 
  16.14070010865058  -16.385895477445704  14.61704779034758 
  -0.28015619271436193  24.64875649323518  -1.220951360415503 
  -7.745000235012325  -2.2655085821295344  -3.7473312894202 
  -9.162029352454413  -24.777024080426372  -13.555257651193726 
  -14.275051348445555  -7.20138025113675  4.579617174691629 
  -3.039296504586546  6.792978797750315  -3.196875042639658 
  -7.0126687691793705  -10.447627744038492  2.2651803078681745 
  -14.343148072766514  4.735884979697674  11.288671992769707 
  -12.993233557409445  4.859107738282602  25.228748663938756 
  5.6187468432489895  7.292532152929346  -0.9522594927701716 
  1.7307423314518884  8.64195797662308  -2.815118763369934 
  -4.833749161901558  20.41302036006824  -12.720678954210454 
  1.5517104717583585  -1.924367285903039  -24.028002764125148 
  -7.163070115491815  9.48979399077348  -10.893829025335622 
  4.713291724262117  -9.911403006080162  -15.034900674471077 
  -4.728045722236373  -16.05296233022118  -10.097384556444554 
  18.074618087368815  -4.002387044533565  19.766537734282505 
  7.394044564323721  -15.71358789039984  1.8398690794245482 
  -11.714667499125207  -7.782661760745479  6.5845854407739 
  15.91690040637537  12.058734764020063  -9.770610123428977 
  -9.32775456961035  -9.726603354328086  -1.4479584660917864 
  10.576723485885754  1.6967662246194206  -15.845464343912113 
  2.2844549297900962  -2.1391940866687422  -15.767688097767552 
  -12.153033999538488  10.981943225852007  2.2717202098617926 
  13.106315906353895  23.16541526405323  2.6631436648375484 
  22.20462210960334  -2.6894083581791217  10.660615070561564 
  1.8107590318769737  4.003445632610083  4.358639818371355 
  16.272539675123703  -16.73879958844386  -6.250587260507763 
  -6.709874877634842  3.036100454442756  -4.229469051662287 
  -1.2722071888444004  -27.9123971600322  7.358157112763807 
  19.1161658624506  7.999160663519049  1.9794408436808122 
  4.1026459591204265  9.152144559473422  12.615135887106588 
  -18.072972204712922  -4.525795732616968  -4.018133950068274 
  3.3970689630321798  1.466112206599839  -25.719527149864007 
  -11.492127326199261  -7.3421489768480175  0.2641766655472384 
  -5.004717139181484  16.08380367927066  0.1118322842229297 
  -6.192451703362907  -15.114065014378376  6.211193606411645 
  -13.606750170068453  10.23631470147071  1.9389777097526297 
  8.312000968535546  0.37015026258931916  15.360905309231644 
  12.276165450659782  -33.57318714948638  12.362045535801494 
  5.345916810302276  0.037187700218913954  1.8189192201848952 
  6.098297568297938  -13.573232520595777  -8.804954718242383 
  -16.619230004726713  -0.510157285343559  2.8604739516966378 
  16.653018333273298  -0.7716565036364653  4.6356998244859415 
  -7.659156228461217  4.145204862262768  4.479251448604137 
  1.2964420935094774  -2.1286743856461223  2.514534043345415 
  13.99777699975388  -3.4490313293001256  4.713234784605785 
  -12.686456616275443  -18.053836877879533  -14.886101704518689 
  16.21531266349348  -3.9789622080656435  -2.3623316662420173 
  4.553245784791689  3.2611877195067254  -4.722596376013173 
  -1.401982352672547  -2.8325255705064207  -9.577012356415057 
  -8.986240434963939  14.112117484929119  -3.0926648943769623 
  -4.1600526661539545  -12.835317847544419  9.039267911069711 
  11.275822264269655  11.583281610266212  -1.4635481472726632 
  -17.67165124174767  6.764739673854926  5.812827115202396 
  -16.5893564997836  -21.364623384412297  6.301859619829039 
  12.21374230833145  -16.153309635529677  22.03478971824382 
  7.878246841155098  10.210923077054522  -6.0528136373704005 
  -9.78163623972193  4.555958237036334  -0.06761390796125474 
  -19.69646165721165  -0.41913779687425723  11.525511202515471 
  13.822921511343036  2.048595126998504  -24.803979569990886 
  -1.8106224307310246  -15.020370319878456  9.237676437754535 
  -0.44873782456895484  25.797064672118893  -15.988368614613448 
  3.2444153065314243  -15.881445195092464  7.8728028895165805 
  -10.494098689194105  3.147318962524736  3.8001591068456446 
  -1.3559219224427073  2.150548169032898  -0.12537479639518506 
  -17.389338761002495  12.514305315121192  5.250905161569843 
  18.06537230055385  -1.9033671508377206  -11.063425779819017 
  18.271379758699485  3.4797446028993897  7.688300207921709 
  14.69278414046295  -4.437852056074304  5.2625722188757065 
  -14.552180725617463  8.307295831108101  -17.269362992132788 
  -17.315462691772247  3.281658795499176  -14.651126126402684 
  4.2974241637468475  5.972420406500764  4.851920993353224 
  -7.408191722349964  -3.9534976351900526  -20.27012725556442 
  -1.0715191443596193  -3.3062074471617318  -5.895470706847794 
  7.68177452969316  -15.737431991298225  10.910199990857878 
  0.8414860794102592  -5.535364890232592  10.60263671769538 
  6.146609154482778  -6.412113525176768  8.62931424920074 
  12.583674251924212  -19.266577362773848  -5.811296953808739 
  13.845670965087967  -12.63347432319473  3.8578098002656103 
  -34.9798673372851  0.7751774698351661  -16.080707867709787 
  -18.21644692903963  5.8290266823768935  -8.492648420093126 
  5.019337465224906  2.9945171800156016  -16.02815582294815 
  1.9652154734360954  12.250363513925965  -19.31483230530814 
  -9.346174577141438  -11.942011750280757  13.384518800086989 
  -11.346775106629002  23.25966787968163  -0.8656276793589561 
  -6.960258701225826  1.9278940054348523  -5.768735886551384 
  -12.32542865391047  -6.806863650198504  -7.078116185922404 
  1.0698685835650623  -14.864640352031884  3.758835045531747 
  -3.5922062720894408  -14.915223364197832  -13.594536352107234 
  20.07480798157472  -4.088285591253361  13.737103108520035 
  -11.564009698758644  -8.909010575637922  -6.4087717928029395 
  -2.610166930732406  9.971942289905618  0.517972244976194 
  -24.14157694394062  -4.030257042726881  -2.8788887250192103 
  7.843336377123924  2.7943861123429823  1.8385982763112962 
  0.14886329710033447  -6.421323355832997  -9.917127795383285 
  4.580070608736652  -6.0377577258330115  -7.555952657405748 
  -8.91240866258952  3.672300303476931  11.453457891333544 
  23.92616155740904  15.845101689186288  26.87239298524564 
  9.80120849010872  2.6627603638656194  1.0584646191369325 
  -0.08647905158110374  8.77789420799478  -11.599543149092463 
  -3.6858336084282506  -19.280512312772373  -7.4113911485378585 
  -6.1594913337009825  -10.44335986320854  8.850623568857541 
  -14.224037880336299  5.393574158857387  -9.328212330133633 
  7.352169458429813  -10.383614795947063  -9.821355142739526 
  -3.7399242903680516  10.196938797233656  3.758647503513406 
  -2.796110097770585  34.0303341874777  -0.050677340519304066 
  5.770301282381284  22.032541947900764  19.000605717168337 
  -17.30619127862249  0.8483034948248831  -12.11413619615613 
  -2.355279748583813  -20.988137375410503  11.623141686451579 
  10.150452844573028  1.1125756855284412  -19.199121456941352 
  25.037735653971932  1.4157273587574506  3.9670550364960406 
  4.507816585162143  -1.620441972625384  12.340272770132056 
  4.930573763713643  -23.328765882214384  2.7178522839982104 
  -1.9869970661584946  19.609470369498577  -7.775509095006506 
  -6.340626614975036  0.5057934175637016  -4.976538503329197 
  19.33348393703984  8.515384837130874  6.549183968571193 
  -13.901884441920966  -6.977943423964175  10.247329863142221 
  2.3797363908017743  -23.11386705385376  -2.661529985532492 
  27.623079142830708  -8.520098464321643  -2.890435077711684 
  4.96602127200993  -1.1072136821481215  -13.16649484327475 
  -11.312839477461386  -7.323565617302099  11.130684187090132 
  -2.869753069985574  11.999055345618855  -3.8502721233367083 
  -1.0405973022684092  15.334332826158882  4.265071507617126 
  17.08209978683464  -11.99706311367617  9.430061926200512 
  1.598257549836844  8.699558440200038  3.4072397700307646 
  8.225663679800487  6.170780185409916  2.821822404549791 
  11.419955198435627  4.698040519616162  -12.352326190466046 
  -4.745127909024204  -7.6726784906964856  4.417973919888907 
  5.498191952968404  7.174159779904106  3.44655162490373 
  5.643195784145067  3.715001064143039  4.687043378834288 
  0.2858109954870617  8.921811566089227  -13.751235626635138 
  -26.62311067571836  -12.44599633379782  3.4176160047606197 
  -7.898033868442434  4.458231215501141  -7.2077277434944 
  3.987578375020428  -9.40612838184667  7.449013981158048 
  1.7586902403613063  3.699933188185773  1.0003214877864233 
  -5.331044937578396  -12.40856998514062  -15.853968024072794 
  17.24268501778342  15.329038154408334  19.374592818192678 
  0.6975614214118178  3.851090731009796  -0.9438822367900717 
  -13.696228086407185  14.960605491286108  -4.30748440559811 
  11.776862849967788  11.027132759357755  1.2338614181283796 
  3.1652391145299283  -16.912244400745347  -16.63304485437825 
  10.324189098564505  10.197237450534514  10.244760055037688 
  -15.9389523401145  2.417698231336232  1.969143099566069 
  6.032600244581406  -0.596885028150799  -7.0436462825179085 
  -1.6448851810607061  -5.545687880937824  -13.214977975008258 
  3.947567569099464  -8.98867703945302  -29.58628282807605 
  21.638748239811797  -7.173973190253242  -8.893707073287855 
  -4.58548897947493  -1.176992237318267  1.495825114925475 
  9.151154870362873  -6.609576735886745  5.889528109124825 
  -20.766564328680097  17.855383909364917  -7.858730682823994 
  3.477514279033554  5.877819190386697  4.082101646024246 
  10.471621329465664  -1.4969744184926383  -12.604568086072755 
  -23.679730811941152  -4.23771814699154  0.37763614964588504 
  7.63165337304602  0.5779856945398779  5.321225056034936 
  -5.757903211229212  2.639326759958263  3.3222533630995636 
  2.640723340578018  3.9030158468883553  -1.105618042918398 
  -1.3774398086351338  4.63085312934074  3.2811194435042976 
  -8.078411417871694  -13.520737437080378  16.324237863014222 
  -6.14837698837317  -13.587068979233418  -6.2906023565264935 
  -27.916605578111295  -2.228054001304614  10.199347331233938 
  11.484081138593906  -5.414276929128727  7.34207805756942 
  6.022738044192791  13.493395951785375  17.411974701637348 
  -16.49048509946502  4.215820549631941  -8.755254743534701 
  -12.981245525397934  23.398643022190925  -0.44335691969439744 
  3.5819326259643467  -5.459998743591634  -9.853297766330968 
  -6.645413670141775  -4.570946194209403  -5.097912956785544 
  -13.6682095280466  6.803877959455651  9.760584075189302 
  -1.2733142120619085  -12.424768956025444  14.493027099460596 
  -16.888653175846855  -0.5108993799030976  6.477407050087464 
  2.0403889167364406  6.85117331822274  11.0261495463132 
  10.768717539589364  7.473797809755077  -33.8800280384403 
  -10.9452322876091  17.452015075358975  -2.7114132776320625 
  -12.869275026030381  8.227841746326634  1.991277587394198 
  26.77535667206859  -4.962235093461265  0.5068735315500471 
  -3.106601612311824  10.621344088516034  -2.5126574374307413 
  3.9377069243115925  -0.8029774885828581  7.484623986203159 
  -15.790822944581254  -8.209961622862933  30.172829220424102 
  -5.062252875102718  -10.22803312475324  -7.712414976922559 
  2.630687342877077  12.587195598280745  20.95984716466801 
  -5.006553877092452  10.664900496361101  -5.261617256813753 
  11.596794038559782  -17.807507889973593  10.168224640447258 
  -14.43042218336907  7.170221240777399  9.765791874069492 
  -3.040099548447352  3.23061773632541  -7.531508054129448 
  -5.103642662060739  -1.1156267578988486  6.760815520118305 
  -8.015608779885964  -15.758432137196971  -6.62552041540612 
  13.125093639412842  -14.678700741750998  5.849186602878366 
  -18.67913740917137  -18.739193779455974  -12.28058075601457 
  -12.11644599758743  1.483099478003127  -14.246816356582396 
  -5.463142795873503  7.735833957425046  -18.87783139385146 
  18.303461906801008  -13.249676555203674  -25.521008288171817 
  6.632302345472307  3.393370001571372  23.071062726485998 
  -0.38701129346560964  5.522095195063805  -0.5210084297453432 
  -0.3727207173575952  -12.452348273503784  -2.4430841948286726 
  16.614720268589558  13.13984191093898  22.40790475468149 
  1.9976463788489358  16.048777059746797  -14.37435599958573 
  -10.5421913865801  -16.47380169162373  -15.77965577603505 
  -6.465339061711053  13.893106777748606  -3.2794674876762993 
  4.39125460577484  -11.932454773481629  -1.7248205847856308 
  -16.3435931969455  0.49964579315708657  -2.016079235980767 
  16.155140091596095  4.423047815374237  13.159903171099677 
  -5.454678672970953  3.499591492123285  -11.189392528495803 
  -9.091163786904822  5.8564361670814575  16.5274148611347 
  17.63469260275701  12.73027543206259  11.999891674608229 
  20.805688322900362  -0.18185042875962135  -7.520358973288592 
  -12.932415371286684  -4.315451739174349  -21.128062019624313 
  1.4440429252057934  3.7430605190027824  4.817322321588361 
  -6.284732618447694  -16.840988491844524  -0.4665204319216009 
  9.047003191220735  -7.9235516368414345  13.08032028700899 
  -18.7398208475929  -0.7255619098765655  7.196940958597124 
  -15.517749918029791  -10.591305958867386  8.164608103038876 
  8.066475222728506  11.046418141103166  12.930358954527426 
  -8.517391145306753  3.8736474385344324  8.44998253032053 
  19.03907502426574  -1.6536090752674606  -3.4637841581483557 
  -0.744669499058087  -5.00456556051748  -20.83879441569523 
  -8.426699264255355  -4.3864325030866596  -3.5331484954619006 
  9.220621701562862  -14.052819536554  1.7022021275697763 
  23.57629733567644  7.270315540455224  -4.763765662681699 
  -4.335088134396447  -16.157313127591483  -23.077487583906542 
  -4.346923925990736  7.24995813521092  11.123074669822165 
  24.827440076909877  15.940568487191074  17.931719815757813 
  -3.533200167375841  -2.6971541313643224  -12.978452250975591 
  3.9802169710921427  -10.069949964912734  7.491443970850636 
  13.377057334400646  -10.205517295941227  21.79526707188418 
  -9.468072681431032  3.378000566740043  -1.877899524249903 
  -4.684460807702288  -12.22605249206519  -25.52275732587815 
  6.852655035571491  -4.876727759588563  11.770054438057183 
  -8.852215179142869  29.15696296967042  3.1841995481007226 
  -24.77552806157536  4.197979611485875  15.192379237504323 
  6.184380023200552  16.38474575017942  -1.6202066592585478 
  10.57234254655137  -18.976110510358914  5.02837934298161 
  -4.6633306330893  14.691243909158965  -18.161965317736005 
  1.2817198370624232  3.619757752983594  -4.8377650895838205 
  -18.885555208672162  25.49278808152596  -8.138643993438066 
  3.753890755129463  0.8603329455930347  -1.8544578868381767 
  -12.205684671054966  -10.755598217847133  13.638375124841344 
  17.814274654099055  -4.31959826527604  -10.166496178881417 
  2.1489484167359385  -3.1723608909646006  -1.2296328733152948 
  -10.035479528275737  -13.204391015198917  28.16721268384139 
  11.946803457737131  -17.18265029451396  0.7274857324178837 
  24.304269452425398  7.189129583039516  0.27780838881217884 
  17.906847539694084  8.842708626011976  -9.557377987076265 
  -18.16615260266002  -7.975578096315662  10.899842021367578 
  8.410284892775511  4.643461847298439  -3.804690069589709 
  -9.9037738248681  3.610126171595578  10.220284231659326 
  6.279279464985941  18.848467016216244  -10.665873141626102 
  0.864007583011654  -4.7465539021624945  18.135981714666755 
  -11.818044018710795  -8.567864453395764  -2.392949386898712 
  0.2756584973185913  -8.891614268459156  5.58497739469827 
  17.002054817585186  3.433721125163874  15.23613797007771 
  5.066890601470049  7.513637491075065  -8.483371594814551 
  6.504549325198651  -4.411831858743077  -6.268973749296269 
  -13.591598749975502  -17.94693783232973  0.5818809177783908 
  -0.9860837858940281  -4.815015188485281  -13.505623166166346 
  -2.1294096701269667  -11.492451016134826  -3.2306104786025602 
  -3.1579718848117078  9.774398048759311  11.311140609516748 
  -8.28702662443282  -6.484013655617998  -7.859159357700483 
  2.9035445262202795  13.308055140366552  -9.372925468947223 
  -25.866055150866572  2.3341884961401926  15.326089519654447 
  -2.8852401593387293  10.311752752763205  6.722990525062587 
  5.1694964591019525  -5.054904765094347  -11.788538202545395 
  3.3164944466249526  -12.748365572968048  -3.4526614645195597 
  1.130081832861748  8.689232168567365  -1.6921224614148898 
  -10.667222273921473  -24.437078918968684  -1.701829662123253 
  -5.922413208995192  17.328564372198123  -1.7556941696484625 
  -17.46938499976952  -21.034144772037862  -7.715028188838848 
  14.372661558152428  2.361938291605112  2.45859494010347 
  -10.432637037617912  3.072051454049773  -9.27805797089816 
  1.8654438322943216  -0.6641161709856171  2.163095624288276 
  -1.8574666056786695  -14.54472122641398  7.357053110015716 
  -3.3247353077962716  1.644149326593362  -12.021513136604023 
  3.7806929839979313  -10.1061501953293  2.336780657021556 
  -16.545769885121832  23.837715642751807  1.9927274413588998 
  26.231993265606945  -3.1838969888899107  -20.610473270046374 
  5.876909959268215  -15.234462688205662  17.75989459024246 
  0.9542051067868724  8.58590760624391  11.441169559874131 
  14.88433806879072  16.32383036190272  -21.71924205361271 
  1.8542019751788683  -3.1745422099158165  -9.782421527019729 
  24.037195852304976  30.068361839970372  -8.307245553333328 
  13.181579701512662  -7.09660707278128  -13.323116357714964 
  7.7894598350619475  -0.6306436741028449  -17.27254500435803 
  14.109096501874836  -6.422894521860974  6.974752225450904 
  3.307582200287787  -7.751189455482966  -22.31730668934142 
  -4.218321579785697  -4.859113315866074  -9.843072593317313 
  0.20976263862274233  5.230617152675745  -21.805608356064685 
  -3.1684380975466553  -1.2704383084205046  -0.33965726877155633 
  15.131817867441676  -0.8177740233233137  -6.557893793900642 
  -24.443961936402715  7.051784098312536  -3.8428477591214665 
  -7.834529085311427  10.682387299912577  11.236880726471055 
  10.411906240127987  1.543438355030478  -14.676653173467036 
  4.32678629138763  -15.309180148788846  -3.3749490735241094 
  0.5313699776683783  1.4948217305448894  -1.10614843451629 
  16.33128634398546  -6.1631046931380915  8.291958464431186 
  -14.276599353218888  7.9767432959800715  -8.763512320101677 
  -7.34343661536966  15.94604465971252  -26.116574247610156 
  16.768384410160984  -11.272544984562131  2.429127515126247 
  18.481223217579096  5.433639666191912  -19.62999192549137 
  -11.928644211041666  -3.049548364385574  -12.673626663378228 
  -9.916246514833032  2.297000853507031  21.881526646464003 
  -11.042045638730352  10.767856874624895  -13.201086262116517 
  2.993407605081697  -17.55878920562666  8.38031843407497 
  -8.7864829352858  -4.736498200023782  22.97890421222779 
  8.530270244849039  8.965289123088997  -17.170096256448016 
  -17.239297500922643  12.396922593991867  7.399121614824938 
  -7.456589569515181  -9.44885149646838  10.635845202473778 
  21.428396953425096  -0.6074449928980612  10.996040709257807 
  -19.538572813003146  -5.719651148144986  -13.217218000558422 
  -16.298687458240995  14.554374526599206  14.949318936527225 
  13.593281593721477  12.862343442161439  1.26643824361539 
  -1.6417760032102675  -15.034588295982541  -3.037317977898756 
  -11.39552733347744  -17.330240776855202  10.383370245840457 
  -15.943098997747306  -8.24683776305465  -17.41069673957046 
  -3.828007167019759  24.839920212382573  10.330918150992073 
  -11.562092967057705  -10.137142248097506  -6.6404252918463875 
  -10.762053275286284  -1.3908319864087906  -3.8492758172647523 
  13.708971065185954  -0.7472417138884754  10.835577178316942 
  1.5480890056859202  4.440198751292553  -10.650817742716661 
  -2.623005343477974  -8.909231101541199  -4.557614566153983 
  -2.4203918211460036  -9.206201674446364  -5.024619107609196 
  4.880833594358073  -4.315479016817209  0.04285896568854624 
  -16.867980963579292  10.31424336832782  6.9303088836878795 
  22.44109210888336  -10.052806550113061  -1.367289294290518 
  -5.31065945063788  36.18331321279216  -7.693971489656691 
  2.376312751820153  1.2996800094235914  3.731492231549042 
  -2.619763336240236  7.108187182870197  -1.818812390626211 
  0.7234077965592337  -2.8606629009854134  -17.793734612583457 
  -14.091222893487469  -13.920432756718501  5.798492319275837 
  -7.012969284633973  -1.3964415090169071  -5.795584487772095 
  -36.34063825308552  6.545439591581952  5.553889596171581 
  -4.80661964580791  4.207292170597029  -2.7508326713568945 
  -3.295473510854861  25.37083633306618  7.072322941383553 
  -2.871777270774148  -5.8471216392706085  -2.811392579317765 
  -9.60686140584255  23.11558011974507  14.35064477478594 
  -5.155585267769384  -2.505391914470815  9.169585598297553 
  -1.0288201769561467  -21.890671985765916  -20.868435676856805 
  3.5175330386849577  3.2098917438752657  -18.596603700532587 
  -2.6128803457547276  10.760822301061795  -9.66474527402648 
  -3.5108727657914525  6.275449106134762  -9.503715370276508 
  -10.01211168680859  -28.616886729098468  7.2217108202226274 
  3.886016669390305  7.437825243148111  4.060409224943553 
  13.375750752606423  2.640237133674201  -6.0711559694075525 
  -12.886603176606217  -3.0236572189942823  11.22690260406456 
  9.5190087875112  7.803628627493768  -8.238226524777506 
  -17.143925196151528  -1.1766695916660352  10.118013075666981 
  6.975173323144921  -5.808364917659793  8.19563987029124 
  17.138856233878222  -9.965252237704128  6.243728523649186 
  2.782561011592089  26.7046686140252  -5.526425946971519 
  3.8785182041542225  2.6926253030032363  -9.989312388470262 
  -12.164525446644287  -6.775507496541426  10.149110834617957 
  11.68967199174784  3.6613047814903927  -8.779648584381333 
  -9.292200726628593  -6.940919954245133  -5.617918273838798 
  -2.658274747874585  8.350616811027006  8.139207292929301 
  5.966368976993556  -22.880085225475607  -0.6726691665149329 
  -2.955204918344563  12.037451377178785  5.3701558977186306 
  -15.365130009542721  26.946193579227767  5.127266133803904 
  5.926944148226841  6.630327286310097  -6.504928617580529 
  16.618092794718343  -2.1904921835119953  -8.038383182276203 
  1.407607903641959  2.752381580924278  -7.629153888049847 
  -1.5404477539795325  -12.377525719948483  -8.241593888015826 
  14.916593691954835  -4.9222847052204415  -4.660041846526186 
  20.293763472730717  17.10229945748826  2.0668690293798124 
  7.574707197435628  -6.04984999601034  -14.041734510240715 
  6.761379457269166  -0.7525593372652981  10.193502562850108 
  6.2258359145776785  1.9747879544884526  13.421214609018017 
  -11.507677282877097  -0.684448185135933  -5.841459476278596 
  0.47318139710987467  -10.043710396348303  2.3077447722040163 
  -4.821384046870765  5.188184199491187  -1.4209030360527088 
  -10.38947141365583  -6.762682300407265  4.678930477844324 
  4.393043100022716  -11.78600122207798  -5.216783303464651 
  -15.107647377727009  11.846394054752004  -11.454234836243922 
  0.630348661246436  -12.754638949902468  1.3072846950396642 
  -21.169494587690238  -0.7169066742625314  8.50437614036953 
  4.467450895539711  -4.400405481164182  1.8677678814208107 
  -1.840393802768256  -6.795762394865789  2.4632989258219693 
  -16.031173619917272  -0.4191135980711009  -14.746849557115333 
  32.07670714736139  2.372178766887303  1.7427232906934036 
  -3.0221994744457246  6.2238785687314895  -1.2750019143968074 
  3.224320149748003  12.630706755132227  3.058558889007669 
  -1.4662203994243541  -0.12169515175130971  7.252080853948297 
  -0.8478096482091114  -12.616579331596338  3.503518870812817 
  -23.318949380413148  8.761947417510955  -5.009645126824511 
  9.798780995709931  10.858117675629703  -5.875472366333944 
  -0.5190380834007389  -4.9595992553021455  0.44436898383944373 
  9.819708217210108  8.728440215658933  -0.8825041317560145 
  -0.3283161257302214  -1.459353554726908  -3.967830946836927 
  13.082106801041009  2.3836102237961807  16.14101467997009 
  -6.366858335934595  -12.410231759959684  11.814943033916814 
  -4.895877014722972  1.8171353900064968  -11.479385307037747 
  6.715289700447727  -4.473231019757294  12.55448433027289 
  -5.568186114806385  -5.48564112691859  5.660404472863554 
  -1.1148480078210954  -3.661853202324395  7.0473554335086055 
  18.151712189062803  -3.109166644966874  -0.7814805308023974 
  -8.481326784996954  4.623727497962725  0.8025914299631284 
  -20.134470331720614  -9.493801075459304  -18.82062140695068 
  24.523003369186494  18.58210269644267  -3.1846532766739992 
  2.2845202011285974  -22.93641542693513  8.495756469914664 
  -1.6040129578647029  -13.647566995353058  5.485674254841515 
  4.091479511683928  -4.410869142333874  8.746918972192425 
  -8.198757754322038  -12.42233106112366  22.068921491344874 
  -12.833191698692474  -5.964316961991988  9.785845165856934 
  14.600988345127645  -27.378397978038127  -6.128586034020575 
  -3.071890714429171  8.229067146535675  -15.93534735192319 
  -13.136130256887009  -8.299567789250453  -12.858035887080746 
  -15.816184295861728  -18.337866981208535  -4.992836151049596 
  -4.8404709514494995  0.9692088718450347  18.486718877138255 
  -7.763775199982359  10.72156991019468  0.998178519739229 
  8.503795717399422  -9.722086026195907  2.7050967932987686 
  16.858132615213037  -1.0731601209013537  -8.549077985161718 
  -11.983917083915431  0.9599352138049276  -26.86750149285268 
  -13.93119941537599  -30.886030153420077  -11.020940593178628 
  -17.089402600680714  14.530910895028828  21.96530268208066 
  -3.3241016795095435  6.1186714593008755  13.792781552381019 
  10.633643037147172  3.729364331878127  -1.779214789207908 
  6.130087674582114  9.218335307399354  7.071352548267298 
  -5.156260718600642  -14.478756265083543  10.270633929196586 
  -10.974158097631697  4.166676887231692  6.561522070827684 
  -5.874103741970096  5.627910661873414  2.758542770916797 
  -4.387157972948885  4.187339993626753  16.156452331828145 
  16.806161697789943  -0.7742773786612681  22.727494465423092 
  4.158999212665827  13.828001654405409  2.686513382065991 
  -30.980836868290154  -4.556670714262925  23.160337232911868 
  -7.510996925373183  4.252069037567482  -3.211983182834155 
  -18.430519136766442  -1.591504563397362  9.115693813912456 
  -5.550698436805818  -2.343086553588518  -3.4406908345565443 
  -8.103865991196761  16.821963746125782  -2.6321958189325083 
  4.637238583713533  -18.91373136241527  12.088485253191465 
  3.166772671319763  7.730767890980376  -9.519971962470638 
  -0.161082303392596  25.55222266341728  5.3258859888574195 
  -20.793997899120548  -23.13219445229173  3.6574704380663707 
  14.096855737634227  -6.297249621822524  -3.4361194681761162 
  -1.1110865981562645  -6.219141327049102  -0.1293459206853115 
  -8.429298258342389  -10.962760723994677  2.836665895103099 
  8.53100652477311  -3.8454907568643963  -6.53585135753206 
  -6.211457587979546  -18.258819803009022  -1.7794582738903484 
  -9.884638517512954  4.6519713972864  -7.715458725454936 
  12.772814590894868  2.493390651437519  4.088389919385963 
  -9.531415597824235  -27.14806537708193  -6.824693779083753 
  -3.105659890293793  5.06913123851794  1.2009278793814158 
  -4.490258400417346  6.411401546214198  5.4882822396018485 
  14.906819303635348  -11.92373733334549  25.04905451789317 
  -3.7429647069146865  10.00598925063053  -13.274130049681085 
  -4.029058212385434  -4.43204923735861  -18.203768260226127 
  -5.529203676592748  -2.420085715300145  10.513602203378387 
  6.9937152698021485  -6.074469614750714  0.9735182397324322 
  -26.524012980832403  -6.546267199105495  6.746057208444203 
  4.865704257152453  32.263537432803275  -17.517492221878815 
  -8.913329825159087  4.975466528821514  -10.65174122774678 
  0.7916278464276042  10.97194776141142  -9.29193263208861 
  2.2892181268806997  -6.960856210793877  -18.883889206057983 
  -12.639279894117735  1.9992485999786629  19.416250329226347 
  -1.6205514056757624  6.037002434421145  -10.335070117772023 
  3.6865335945310362  27.316829746359154  -4.40566627655933 
  5.478728676330579  1.5305928482735156  13.242587863078663 
  -2.9864455882171925  -19.737002628772384  5.5698057293459815 
  11.676649977101656  -12.412265970178117  -28.298718772323348 
  -12.806895583746094  -13.22084487522408  25.628436023654654 
  -14.696129543393232  -4.779747483471603  -14.76283210755025 
  -4.575115977598414  -2.0452855128570464  12.040206137047353 
  -20.43654244306054  -13.102399037957085  7.6620927699365815 
  -0.7464369464406446  -16.718291990192622  -3.992839886218266 
  -3.172245858668446  -8.060814113592388  -4.309778869943443 
  -0.6422235670520976  -7.292811254371769  2.1451358164859764 
  -11.983231086137444  -1.3994981778549254  1.7701479773145867 
  -16.48664000582408  -0.42034151875054676  10.48065804671595 
  -0.6743473062068923  3.5566777028898824  -24.039264012157965 
  -11.966960791705576  -9.670197965152337  23.408670849260446 
  7.1203773093055425  -16.02766475920311  15.37233339898666 
  8.663418753459624  28.208529524649236  -12.260947520438108 
  -1.0567282820150212  1.6423250103084102  -9.466110139256536 
  -5.022385439859878  7.370129153213508  14.748518053853125 
  4.145145776880219  27.744934972052373  8.945657654929581 
  -4.824790591667993  -4.518686686395131  1.0614767297404484 
  10.711438317621154  19.15332826937481  -5.238705433031829 
  -3.9812825889365206  10.415416092168378  -12.433298291179183 
  -9.245888506870175  -14.203155403853286  19.428249270381276 
  -0.00033213920746644616  14.097824578212272  -30.80756984900694 
  -3.2778889314577837  -1.2470883526194902  -10.817338097635535 
  -0.30974076950954693  15.617018460719402  -21.08795123120226 
  0.040438617987401296  -6.6946942595539385  -1.4283774685321058 
  -22.874495012715546  -1.5058690459700983  4.474010635673357 
  -3.620176648339827  -0.33706268472685036  0.8450494917675827 
  4.603536558415096  23.124660639396556  -22.741049157796503 
  22.43901876714485  11.894660854814862  2.6928748251124657 
  12.465139062398155  20.093998051514  4.834757458520951 
  4.224894099437762  -14.390834841942146  -4.2426873693483556 
  -8.076341811735139  -21.9717821276216  6.60345671385581 
  -20.49406271826401  -6.235373233268292  14.88506196035438 
  20.89338869121163  19.76374413489719  -5.711127499946592 
  -6.739955218224538  -16.076439484717703  -5.002370062125822 
  4.895852769102093  -17.03695776381241  -2.986179069276926 
  -15.945182222139586  -5.452695322231525  -2.852124126583695 
  21.55362476547096  -17.581975048531024  14.963936761563444 
  -6.082614802322591  -22.21341670439438  -1.8499068383822077 
  -20.463275399299288  8.96072129144391  3.475378944583054 
  -0.2850757779154514  15.000495305766766  -16.101036142714072 
  5.197190123452645  9.63056936919584  3.7698255906793294 
  17.46865767298098  -9.300381714773351  -9.567892903440976 
  -6.5984068164165  -5.645175937337958  -2.3753325025462604 
  1.4062228842852251  -9.934221005616724  -0.9752863657687932 
  -19.029676520216615  -1.5753899606893496  -15.854753922753043 
  -15.96628042359268  -10.381487724120325  -6.285863260546862 
  4.6242583250096265  3.005927055298869  0.04822204266629958 
  10.943635042247772  18.03528535456425  -8.463929911891134 
  2.2308578874892073  -0.5749406530455669  11.284446820328276 
  -2.0607587517041894  2.9993921136970676  -9.016914424313859 
  -1.8878189589509013  11.360084187801597  -6.791576864320686 
  1.3221345454402509  5.032950563221392  11.041573908726665 
  -5.520201510539574  12.88653464890865  2.0073722912554754 
  -6.951394500313631  14.625002889265218  10.808110929752605 
  -7.300810537254092  -4.810186483550179  -15.372364443160533 
  -15.274967714046694  -5.34277262989055  -12.715202105950741 
  -5.2057558390345555  -7.27801165231914  -5.487223116746742 
  2.518275763587747  21.50574586153168  -26.595380535395186 
  -0.7987690679181805  10.025410309796351  6.216091761676034 
  0.3556245516199435  -8.275167050676789  -6.914503968801327 
  20.89577454980738  -1.8647216730234317  -4.978544378143245 
  9.0673021467795  10.854382379516268  6.4560151114092825 
  6.259789281288097  6.017965003880975  -0.15410400531831583 
  7.503160044941354  9.781383285808738  31.52476575490506 
  -1.5804924669465314  -7.059097429904407  7.581608782020234 
  5.598375045025799  0.2022825489481068  20.836447422698456 
  0.8426595593255444  3.185628331584784  -2.9837669079858413 
  -7.322326784645615  -8.950656782328261  -8.666669495320306 
  -4.311985934394044  0.04691157927391498  1.4642041008952804 
  3.0184986226913146  -1.9348840710544013  -3.211292686943524 
  8.6952353558486  -3.063523663471157  -11.897686184328853 
  -2.271571858777012  -17.768935961052303  3.5688784929003337 
  17.917164871333746  12.248047523491563  4.899382110489122 
  -1.222586469706837  5.444575177412942  -3.0784692059387573 
  -22.41490231533039  3.3494976374055874  19.178626008276606 
  -10.387659758364066  -9.149408090136472  -6.476965150236553 
  -20.715444915130373  1.4605344086722711  -3.941913755358769 
  15.78631246429154  -7.489624973042926  -13.940267560970295 
  3.7376953533458606  -2.4575833708764536  8.545613390063128 
  9.296435525411438  -6.500368056114297  -5.552079654262995 
  4.379321897832195  -7.457501944694103  6.622461572457195 
  -0.4998253006713781  4.974337078255059  7.89077587783174 
  -9.476144324667791  -30.55000941579095  11.707299120453612 
  -11.149803788872202  -1.6563700400486012  -5.774879365982961 
  -8.57162324238079  -7.37031446359069  -3.0299013580779612 
  -1.1433790814844291  -16.310144698725775  -4.185539783538498 
  -4.720081285385497  5.076305855422303  -0.656445953080457 
  12.746209451808303  -1.2425568166455796  -2.417512075882725 
  -10.627706222231676  11.540810372175724  1.3852984994554907 
  -17.029044483026993  6.9953762715190315  7.692220655369385 
  -4.368831421535951  14.816327197639241  -7.551796976133476 
  -20.898339090491554  -6.279817673673343  23.515332379591406 
  18.686781468484398  15.657375156405624  0.7961677230344589 
  -9.129247781595447  -20.672580263732286  -10.181127653388325 
  2.320988573320375  9.234084496059262  -13.257560273296846 
  2.9222385274075138  4.297756276776967  -22.296457815484207 
  -5.462716471096208  0.8337197032175956  7.879853814283421 
  -5.7591599293047295  -2.358606735006904  -4.697935551993575 
  -14.688894598689766  -12.75809934765364  0.29350769480376665 
  6.689377099395755  -2.1146561629374903  -21.33036435044242 
  0.5881984365412527  -4.7098777885663194  -0.7302099512246485 
  -4.729946261899978  8.999709285465833  4.757480073240678 
  2.780965032978801  -0.37968295769647326  10.310582189029434 
  5.419540932830533  -6.096767199037361  -14.808951033582451 
  10.742028586296483  -12.260761061105313  29.78412314188559 
  6.707337506063497  1.1092809317430163  -10.038487850166504 
  6.376724258326627  3.6258774053645144  1.3196434270145103 
  2.3694105067634736  -0.49462348125747635  11.423247110957808 
  -10.850390169475244  -2.1675878120801295  30.964853326439982 
  8.523655925155827  6.023326624134276  6.02259107805995 
  4.89557135350785  20.57698309706594  -21.599423040657634 
  4.098786203482097  -10.412528550664751  -6.298956668691023 
  -6.1474602660098245  7.448773601072018  -13.08387691361106 
  5.484113518683693  -26.97834202033849  7.32947167742783 
  10.260977920623107  -21.664373160761034  -1.7533353394273625 
  1.7059256622687877  4.607204546124002  -4.056722699806147 
  -19.855782257219122  -4.55569299041657  -22.52270247777536 
  -8.142798660959016  -7.266724989863017  1.7994063540585428 
  0.7183811784924834  -20.900027127240172  1.3240171452937153 
  -12.130054943690089  -0.6388012737378008  5.7014999446578996 
  -15.163441194674123  1.1349634733766671  -22.26951612362518 
  19.60662104987331  14.44781286539976  10.267510160974645 
  13.173355588192127  -9.739288711431621  -5.7092309800059144 
  3.0695906005741227  2.357986761328668  -0.23982608112103446 
  5.430676566810221  -9.645994826085202  0.1999117289136108 
  -5.680270207630622  -19.425570959043476  -7.53535579913492 
  12.902360390284162  -18.757857702098033  -8.107987296228604 
  -20.2255874081469  10.170473046522787  -15.466986155072219 
  3.0739827457954982  26.94202063780266  -20.9285081404414 
  -5.1429813117608525  10.482842047374515  13.693185801226072 
  17.109700800617908  16.232524613644046  -9.596859300014984 
  5.889694660498719  2.468065989678838  3.086551262933328 
  -5.500789775091265  8.357519453487559  3.4101146237827438 
  -8.608418799716626  -0.4503474749765467  -15.161348815328788 
  3.73435945818164  -5.815711741288973  15.34977951296569 
  -10.857979162839559  12.152674617348795  4.337461849883396 
  5.932289072319019  -21.11660186702868  -2.3214232401297967 
  -1.7409293850323462  -1.9735576515767463  14.94965484466066 
  1.6493882176530956  -1.787118936445026  -11.418943155915013 
  -19.55915302602601  3.2104124532504943  7.454778479667774 
  -6.000954363919799  3.874670068144324  12.738718133577835 
  11.201083346975679  -26.383580826686384  0.5884203925912985 
  7.362014176244539  3.556378898949583  -15.883853872004204 
  -2.174541703138414  3.60628535247815  -6.222958542393293 
  7.104949101759601  1.1580475717413505  28.241186171699663 
  3.3715871963478263  -19.920419866763527  12.647989322178313 
  17.310777953563555  2.1162893731109977  8.022185424263022 
  -11.66655668437224  1.54542550264565  -8.1923882978671 
  2.5703365636101014  0.5682693950613865  -1.5561483474603333 
  1.154959494800755  -20.984125725038478  -0.8663954805472251 
  17.15879924492481  9.994223454597952  0.004415674682583625 
  13.54792450374603  -8.487921654676605  -1.068506737110588 
  8.18228928996609  -2.118621684702944  -0.5873763302534161 
  -17.09657712844897  18.093809151295417  9.593505145528798 
  7.148562117972948  0.4645444337181351  -4.928590310080398 
  -14.289804612992517  7.430679862082902  3.0436689660530933 
  -4.196474149659494  -4.769626965400888  29.276623332899046 
  14.800149603284593  -7.949161747501014  26.567432992213288 
  24.237536049844284  9.988182853236927  11.565851023751588 
  -7.8890556117221555  8.481218829267592  -4.185255436332632 
  12.444144658438452  5.0045561468386754  2.2747192970089767 
  4.214281768753601  5.897439163745966  -12.084137674743353 
  -3.7105929057592464  10.525335089645274  -6.595923190569445 
  -23.191217981317372  -17.36888624657657  -0.08439926426143365 
  -21.023080468020602  8.80325170905954  9.177231579771048 
  -11.486750389107339  2.0751067406440398  9.155812992758369 
  -16.78905390439091  9.792239070438992  0.9558669483917176 
  10.387993475723187  -0.7709568875351189  13.027597627682844 
  -20.613306629681702  15.767833922498061  10.710526372490445 
  -25.89214283308997  -15.547831517758562  -16.184443097692782 
  10.614128915956627  9.664815425375659  15.233168897426614 
  -12.764161721695618  3.6554759018321357  -2.7502230650492128 
  -3.2872988765482796  7.8154607407228465  -8.79416678446308 
  -18.55529919344792  0.6115188097712131  -16.239248023671227 
  -6.831734549826604  17.607805164113717  -20.43202332472859 
  -4.988722895739644  -15.393026543745215  11.652544108237622 
  -14.138319565049397  -17.266070325649732  9.291168728710472 
  -5.3547744773582036  23.313345878840444  -5.459723972773318 
  -5.23638005939824  -6.43078375021278  -5.279950976764018 
  -5.203957524987787  20.423204657540612  -3.559563154782299 
  -9.099714228805334  -5.20855475258924  1.9073819550873152 
  9.699612489017728  15.79805707468011  0.08829663158463275 
  6.653928787622034  6.777861194951286  12.25654616979082 
  -13.2577081531059  17.62920439412656  13.21362848349363 
  -8.264787375193489  -12.478064567670174  -13.9501906236216 
  7.935403738275371  -9.991413932058338  -12.836388510661084 
  16.28137113956409  -2.5724090021607338  -11.74202273332929 
  -1.963100123154536  -13.567146530909834  -3.4832826130113768 
  9.970937975934907  4.791162756183541  -4.176120237390033 
  1.9038422518855005  15.05966183801405  13.012086432014694 
  14.928730328472673  -6.233572274017889  4.991212363053749 
  10.208108324646537  -8.788155162673952  3.1394861749180936 
  3.661727574469986  -0.9115742209226859  6.4667860186254496 
  -3.781269234299217  -11.10469847702232  -11.808857712304155 
  5.525198753424044  1.7944764027122868  16.2550867443184 
  6.515921067024124  9.578773559678023  2.297654280492774 
  3.850390893959068  13.354768002565963  -10.223746808282211 
  -0.19318253588176937  -4.359774841131067  -3.361900922341879 
  2.9565635559450496  7.471296223649288  9.65936062591415 
  -12.380747848980054  -4.8409800841617106  -13.698164762518456 
  -13.736925736731003  0.2670230177998555  5.887122289975114 
  1.9574064097777777  -6.742099138234371  -9.953741750077707 
  6.754556514802537  -10.178157809107123  -7.093321753774626 
  5.844217220876839  3.4583941731303094  3.9407528041841906 
  2.176940979572471  12.597210516433535  1.1828763211450897 
  7.25115095296058  -6.794534723840234  -1.0393670540254678 
  -16.249358303930798  -3.4709591519889766  3.5638192587468733 
  7.850640983240433  -2.126929793255419  9.470311162055935 
  11.872351137518645  -6.950618231420546  1.21777623716112 
  -6.399451513163794  -6.037401720589325  -1.4848408907291364 
  -6.158180205577796  13.130920422294366  1.0942521227680253 
  0.877093734150941  -4.897217746569737  -7.720917899204016 
  -23.246876151307923  10.11240816970071  -10.137480092868588 
  10.754790974579546  6.128868921755393  -19.016390844084125 
  -24.549873435502928  -10.965683380728736  -9.283032023250103 
  -17.78429864074328  -2.0900844556262914  -2.7009148640887655 
  -13.750111665311254  1.8907057112261805  14.905385925575994 
  0.3693420878306898  -1.6637932450389485  17.47504519492126 
  -0.6684238076361656  -6.975195986485129  -1.9308780667121719 
  23.30767113751398  14.406434355178396  -4.16136589392828 
  4.733473482916545  -5.352209923306582  6.693955451256686 
  -15.863707151566237  12.492576142250622  2.367876143375452 
  -3.0606315479406074  -0.04164582803907587  4.915322478174928 
  32.753946483611124  0.23484857608090054  -8.268306311592532 
  -5.841754435476138  -5.188653530077478  -24.544131248698132 
  -4.139592608269226  3.269256244826754  0.6281910640764065 
  0.4563549186442  -5.898096603279688  2.18101354823433 
  -27.42475600763308  11.123746845761211  -5.075537327056398 
  -6.349870371980373  -21.787116320341422  -7.390539788986644 
  2.8638587205409674  -13.631469729648265  -3.8627964170171105 
  -2.6987122468130207  1.9812980996843963  -2.2400098772152157 
  4.549065493025818  -0.9015990975254836  9.90257139406097 
  0.5543453743058518  7.752392239722506  -5.6100415216066715 
  -11.22199012896627  4.10520733298851  -8.843383469699667 
  16.022456265860562  8.640235602815753  -15.917558615304321 
  -12.859562549704803  -11.959207696073644  -7.790283585204822 
  10.249112022142349  1.882923466451814  -2.4962229293853273 
  26.51583844198195  -2.90198939849405  -3.011827877581154 
  11.134253548321169  4.762766522565238  22.17610199729497 
  3.2224437957058036  8.280913513749892  20.790467165113014 
  -1.5431187093828578  9.671135576904607  3.9074707241934266 
  -5.40362988741792  -2.7487113083654395  11.012831383361902 
  4.402308425664597  -6.812729687671742  -2.126551546601675 
  -9.383320339692958  3.7994694903010973  23.750112767309943 
  -5.44434098035845  1.4444117558832088  3.64352947679073 
  9.742280567201336  -17.472963511920533  4.844370507556508 
  4.6480929270106675  -4.264025721227616  -6.105221285944903 
  -14.392120341948772  0.2901950134894805  13.502165927751248 
  7.3125345311422425  22.887798238624185  -3.930094625127725 
  10.780853525742346  -19.944473267702506  7.890127267129536 
  -13.00648250867362  -28.883035863022616  12.216672724461164 
  -10.995020030172096  -7.052719490813053  -7.728627348325641 
  11.206633341699366  4.296680832614341  -17.165343907301967 
  -3.497651455897991  4.731995770879401  -26.997894682144736 
  -0.042517625582972535  -13.36634971919422  -31.439173272787787 
  9.0856711146422  -5.2181604864678635  8.025384338062599 
  0.7362915641399242  -4.2678359418088325  -14.561120814484687 
  -1.1131075978298866  -4.790694969941028  7.098215857859629 
  -11.88042136418197  20.487828086970403  -11.898436188173047 
  2.804726131160455  -7.162721605782626  -2.616969563207569 
  0.9264394438247673  -1.1373356796771656  10.578976491595581 
  6.770380703439467  -28.50648883604595  -2.635522580214026 
  -14.993127212466073  12.027385374134871  1.9562781436317922 
  -1.4187045353975603  6.194204172405107  -6.729686800166064 
  11.148141783126068  10.496705721877703  15.865573579883304 
  13.24600779435846  6.420897545620754  12.704953169042318 
  -3.183304924215973  -3.4130025804119732  -4.441940207895086 
  -9.313921619262254  19.37951182679254  -18.883594706757037 
  -3.7656724771885925  6.579123060847549  3.660748060675392 
  11.44410993070509  1.968566267798921  30.9376382603423 
  -6.598097108750715  1.750755643032009  -1.803052639692844 
  -9.655850627474434  -14.60471615192868  27.1790062191652 
  -6.158796545712079  24.222061843270744  15.176667935966657 
  11.948052596909001  6.005871481656692  -10.021898994087008 
  -1.8271162068519184  21.591178605245887  1.2628169976963122 
  1.8237554721853464  8.503009427354572  -8.381761508938622 
  -1.0255989194784476  11.413584991054226  -6.498729596966263 
  -27.858953711784974  -16.62977978421391  3.368956778165767 
  -14.708939650403373  15.752207249106009  -3.844214318184469 
  -0.8073634662710121  7.507206222198761  -6.976761794922902 
  -1.7643781456570438  -19.460348947557687  3.8616322168576986 
  18.50120598648842  -1.296032391952283  -5.647547830001511 
  15.267521627408199  1.28268383377845  -1.6454007706498277 
  -20.321463687717355  5.141823203433918  -5.271848566067155 
  2.3023760135730487  21.39275053795025  1.5096160853823948 
  -0.7472239074130428  -9.805119282511008  -16.628576512170053 
  16.578915873396568  16.123607964709837  21.431048267139253 
  6.236678796738563  1.8754375963514678  19.48104784669266 
  20.885902503776375  7.630078832385959  -24.140245953267467 
  -11.669435345431468  -13.40209658579969  -7.7356764008032535 
  -3.973333300316055  7.863109591653521  5.952499643024071 
  -5.224397220237938  -3.79545933274038  18.35975857864985 
  -9.894437340482082  -5.412765091137322  21.325315734840224 
  -4.279950462748531  -10.82403655731814  11.952645216735121 
  -3.2165834535144713  16.12780311525593  -20.643096534871454 
  -12.775977921128952  1.1746905313589506  -2.760303114446146 
  -4.8285187169423  -13.370718878932271  -9.531176049728561 
  -3.831718643630777  -2.7655549027707966  5.847923015120581 
  -11.338606436565597  7.540373700361563  -2.1018406331556294 
  -1.3186206445685402  4.447442898935485  -15.42816120136859 
  0.4147416512207174  -5.155165281232903  11.015899347466075 
  -2.0868448808946924  11.663666711867497  0.7964122603721491 
  10.352931891092895  -6.983058811749711  -0.5279050396159037 
  0.24188534652769825  -5.907020912782884  -2.40643464155978 
  10.265555937380825  23.21270015703749  -2.4773864500729967 
  -0.37611518312667214  5.672725501487713  -8.347096321506939 
  -0.289234345997531  -6.883039092415508  7.682349328301081 
  -7.736149853684223  -16.457912832472434  3.272488418436816 
  -0.6304960342275051  -2.971742006629446  14.69088581475241 
  -17.06549599060183  -13.411428142051427  -4.207940068861168 
  8.906382844332716  -25.504852667735374  13.41131546199805 
  -10.404501652640638  -11.2247186832477  -14.548097731851541 
  4.735105014575684  -5.917708276730542  -10.086692830647927 
  -5.116616010869514  -3.8135077429996893  2.682819882018633 
  4.824240992535632  -17.12907663977981  -28.180289760307524 
  10.103105262430427  -1.0547122683898011  -1.2288623063598465 
  -2.0205626913938053  10.236331878536776  -8.046520721884741 
  14.638075979749207  23.06167562274285  2.2958623047495603 
  3.947581746279245  6.354753136460305  -0.07815853038286309 
  0.916853899446348  1.6247114387256958  2.014156222467792 
  23.87226345279632  -2.231405772203656  -2.2967806864709877 
  -4.362092180582033  3.7676037332258128  -19.647586819540162 
  -0.35899884089950773  -2.03152604745043  3.9464751976966435 
  -4.670905137432945  4.402927208484864  6.985957164025879 
  -9.809399659867797  0.7733709973354962  0.8734479552389265 
  -23.057309533422867  12.848908851413077  -21.4970166587471 
  1.752065257029155  21.98893242201549  7.597329454324811 
  -3.1968851830977285  10.721988561567537  -1.752149059330517 
  -37.86518027310209  -1.4878516407720463  0.3361296740408769 
  17.10512625177432  13.634237887199735  -0.8640906792432692 
  -10.417175251284478  -24.366091701850216  -3.6982148506912216 
  -2.029093859710825  12.004740882659059  -11.177657980749483 
  -13.212990997413215  -3.2157899622511112  -6.889124050305307 
  -2.887812058155269  10.945436294479325  -5.311677640992823 
  -10.710037332143951  22.53534020897684  4.128011114842821 
  -4.341151750039594  -21.18478392799596  11.526809923422618 
  1.0406035513538703  -8.440270607585527  15.68277307288858 
  15.34130985172936  2.119221013495921  -16.2753525986383 
  3.2125136427066288  -4.172531516606611  3.019432885333812 
  -2.5295816797122797  -28.954530298675756  14.322931030854708 
  -3.437006920249155  26.7059559575018  -12.052460278731731 
  -0.24351311051434854  7.382720294204761  19.914161657445092 
  1.4917459472081178  6.351923389396476  -21.997353618566144 
  -11.242215005694373  -21.61875543959331  10.574722089175113 
  -2.4036817508863564  -11.715963442179836  18.598999207671802 
  7.060957725665293  0.9388479876467279  -9.405997838799362 
  -8.80899221615991  18.103858251063436  -2.7676326646241725 
  -1.3236714829731182  -7.991924019670256  30.43346490091344 
  -1.3516028251051186  -6.695966228892344  11.313892179256975 
  -6.088252005132878  13.573215631919242  9.145554905552405 
  15.851803869322659  -2.948148153333687  3.81918778512813 
  0.6201849483815861  1.289926549213884  11.425804558580651 
  -14.081885318797271  -14.11963117962902  -15.775510018844129 
  35.09479458573521  1.8650940618915448  -15.309131919972177 
  0.5864380431526145  0.9206300062152103  11.79249629583473 
  22.041246326524483  3.3373951347494977  -5.985100178310141 
  -8.195424086535743  13.43937491326792  0.9072229908330126 
  3.6696759018322935  -23.414296986798263  18.91727395953743 
  3.2008071930247817  -9.086494445069247  24.44143037718824 
  8.447803230736348  8.099516327175989  8.62450704618045 
  2.6878271865778203  13.131561900456832  -3.806797978475974 
  14.925173899051513  -15.560452862814563  -0.8971540925707175 
  -4.062622414287796  -4.244565232598016  24.831645246996583 
  11.040721751472862  14.355279243052752  -4.89398976784539 
  8.196544220716474  -12.172357441228248  21.777649533438467 
  -22.990531390624668  -0.4996326544869484  14.772018542628937 
  9.144023084721614  19.420305178295724  2.8033028534018505 
  13.984399721917859  3.4469585015233903  -2.263554356512249 
  23.271154757213814  -1.4829630552226898  1.139232852677124 
  -3.192082678136791  -2.0004997829070637  -1.6535843302434596 
  -1.0057342629752262  -12.014287676629133  -0.4673745288078415 
  -12.959532668921938  -4.873424598895129  9.966832606852451 
  12.047331095280613  -0.5311135771280749  25.67452454111723 
  -30.154340602056315  11.251138763481954  18.04619917433358 
  -5.215557736897609  8.175499697926993  0.8404183980672081 
  -9.387042197924767  -1.3555258512747759  -0.32575136396955695 
  5.502628480813659  -5.201992958676723  9.02679037425429 
  27.745638380029064  4.6174784909197415  1.026845451976957 
  -4.044948769455391  -31.930691302197825  -18.94902092753183 
  -10.723494310104401  12.896887857878893  11.589952381391862 
  0.2089067205077127  -19.404355583646158  13.228818424329667 
  9.500471164829737  10.603217273874028  25.13644848173733 
  -6.460644979292416  21.43681868055463  -17.539885919082288 
  -2.353075692043382  -11.799617732941057  -8.643198865947841 
  30.977218473352888  -6.79577744880827  -0.35541184670344617 
  3.653774296176976  5.378879877702982  -24.57247403299774 
  1.87263945676212  4.022746930777885  16.354905583124218 
  13.121961315231149  -18.768541277498972  -4.58142950331031 
  -0.17693426014792668  -8.260530741958155  -0.21105288890795534 
  -1.6561294509086069  8.019079227259514  6.018855001804582 
  -14.033870749404613  -8.13863519638348  11.481211158526808 
  -2.9645594158807542  -2.0367730939211004  2.3244186300501872 
  2.8791934828513654  5.678434803304674  2.0369927538430876 
  -2.6520224246365625  -12.713839075140262  -2.478678306165512 
  1.2180458042250777  -14.844757079384669  -9.357759107872841 
  -21.971517332857875  10.322656060898423  -5.02695685255703 
  -2.454804337633417  12.324053045970793  13.721030512484166 
  -1.481412193203823  -3.346997748502781  2.322997332422213 
  15.349750323970909  -0.15217740320695813  6.976240845521568 
  -9.183931709290514  -20.62843373592467  0.8885276136157634 
  -12.033526972763536  -1.4259182356710771  17.904644434060806 
  -5.105189405773776  0.6212199306802324  -1.8988105656217225 
  9.683475817267256  -1.69829824028382  -15.48905234284368 
  -5.992599643985774  19.007683407998353  -4.583603862861052 
  14.377670641453049  3.8442870420490167  -18.67757092891803 
  -9.507869610745338  -4.359123316153609  10.0005486437133 
  0.28916951399046026  -21.23607867564437  1.2193647369439977 
  -14.065684974231448  -17.270322194933943  9.494419434124254 
  -6.0571701365031165  13.30926128438094  14.532640259136976 
  -5.817820751362194  -2.4078803249708067  16.229894328002135 
  -0.8924148676215958  2.1077047631479027  -15.380923800811056 
  1.0852887789781482  -4.314169777645072  9.342115483589879 
  -25.519787438343343  22.067896172453523  3.6657186041327416 
  11.245192120591351  10.143749915692567  -26.456867979676883 
  3.8881288657102093  -28.269185900950248  7.225625942589681 
  -5.025303957784926  7.971216727279581  -17.485247257006318 
  -2.516309661094634  5.641943077848225  -8.77815003613497 
  -2.7824739497083355  1.1372501946382032  -25.18939668632967 
  -16.62289213913471  -8.469431489625107  3.879155377237308 
  -0.30521444285418964  -4.818174409616045  7.226687369927716 
  -5.4274479747903035  -13.20796232313762  -0.31306105071758605 
  -1.4004683943305714  -0.42440222356761065  11.38204876046995 
  14.865861935901997  5.129274354794207  -9.489686330154392 
  -5.630927899836076  -30.953000570309168  -4.144872380997232 
  -1.7601066527842948  7.970133102706651  -28.702361232646123 
  -0.6996214570096192  -2.357403396921312  -2.3695114804393516 
  -8.849298671473026  5.0185676061796185  18.43649042155843 
  -13.705814913172622  10.078264965556228  -7.936065474797528 
  16.279627595888602  -11.224030825907851  -13.488368595329248 
  -18.41109509373372  -12.127868916997253  -2.0778365791247086 
  4.409327401018221  -2.56752884516796  -23.72522051605104 
  -1.085804675751996  11.238256367319549  -13.269475181534567 
  -17.742702978762747  -13.163617459876928  -9.387305929891438 
  -11.338057552502729  4.7336368198103  -11.433286302873988 
  -16.055600585991993  0.8705626837048746  -22.212640293970498 
  12.225108262209433  -2.209104237861253  -2.4903324847298975 
  -0.027240439299600475  -5.902399995360204  6.708388957637083 
  -11.492823295052528  14.653871896674238  4.989365838498215 
  -17.376172560079034  -4.336576425992875  -25.36097553306267 
  -4.476483879197458  0.21832370276258825  -4.392601909570855 
  9.2396645366761  15.247045970699025  -14.09142554956205 
  -4.357671852084916  -5.953255968908331  1.9822872824634112 
  -3.16676343597733  1.8337285414819833  5.676338617142094 
  2.2811244373129895  -0.6974165778902266  -18.10636829775383 
  15.749496191321969  -5.148061830011745  -3.5626502948816325 
  -25.122230753206804  -10.875226437896426  -6.310878129552926 
  13.236291269023935  -3.1189952278519963  -9.009078817274355 
  11.758210875808198  -8.528847681455861  3.088257719770381 
  1.002612272073679  -7.192676523877955  14.536404554037077 
  -0.11655108955414774  3.2288023066946265  -1.5619318892850316 
  10.754834071804167  -5.843234076039219  6.642870344143479 
  -4.532392086922337  -5.174035220024585  1.8866899936953638 
  -8.880510346787215  19.898184733062273  -7.3403760535848095 
  -3.5840792268659305  3.5739850419291535  -6.0417506071171285 
  -1.2857319216630763  10.703334025856662  -7.645304090047839 
  -19.075656982718172  4.81580906744279  0.6030468753113504 
  22.57712582331365  -17.118893348417235  -7.964564476489903 
  11.86907680371918  15.08806087622305  -1.4187042613708476 
  1.2242658098980244  10.244317036399805  4.404382090343633 
  -3.788504053880793  2.159682909823302  -6.469283663960514 
  7.978322880389058  -19.17959694045164  -11.662092835135914 
  25.746960791635406  -8.613275359151144  -14.256221396761163 
  14.463548497674966  0.2613964116516861  -0.6479809105817347 
  7.1293906100990645  1.3714377029628828  -4.445108527576054 
  11.499766369124513  3.2370131869758425  -33.6452523661774 
  -4.212982438735238  -11.839028371698193  -0.6220951039762614 
  5.2294780016631695  3.812795303263037  -3.614277662505089 
  -0.9250016211878898  6.467168011677634  10.45393726686469 
  8.775557804871331  19.623202220357033  -13.876263615864072 
  7.363288809488419  -0.264701728006928  1.4908289403591446 
  5.703883331169345  11.400447346139115  5.48006901990767 
  16.725623065388934  -6.577055635878015  11.421941896568738 
  11.244202581762861  -5.721029989866256  -18.039399129880874 
  9.272761213196759  -22.498337733616733  -21.14698584343971 
  2.347387133319587  -32.12243699582372  1.9410556269081893 
  10.67450700692365  7.251384600042063  -2.353170716940611 
  -0.6997540621968434  2.2047557364994255  7.475236021708722 
  2.546958251227588  15.197911681554798  15.241236212987975 
  -4.682781813641901  -10.210270234068988  8.342269455957071 
  -18.701074312511206  9.759627921205562  -9.728152146730375 
  -10.155369619513886  3.126355595472515  0.11920768293259427 
  17.247345196871777  21.03821709434175  -3.8837041161786447 
  -22.228607598177007  -13.30876539576509  -7.925032887362121 
  -12.518803944313817  -13.264658877254368  -24.184550950397334 
  -1.2695861407082079  -6.029718399263195  -3.394837522038122 
  0.07079418252498423  0.549049717782885  -8.844740235417277 
  -13.57623539976397  -9.332742663853798  -21.363445588716512 
  -2.8906234227723235  -24.304230433588614  -18.614475824156944 
  14.833283071893  -0.3711463329045394  12.31583923231168 
  -11.881285124115704  6.2320144620714135  17.191945153434254 
  -20.093588455303266  4.912601155802838  12.648797839623857 
  4.188673105416455  -19.126340259822822  4.346945596658485 
  -6.5601740196725595  -0.3087854342346045  -16.324338754119943 
  -12.366779057589882  -10.453543533023979  4.955190032918469 
  -10.410643697902142  20.968536834193852  4.194077608325684 
  -17.269262796849485  -10.43079563684592  11.217397469462345 
  -11.46352110732065  -2.0270288584072453  9.079049324496523 
  14.273427448718499  0.08072480804327813  -3.8327815198943314 
  -5.980935132495599  0.17419462593771534  10.498971182073728 
  -11.847792871423028  13.603580939433972  -9.661992529979806 
  -12.675739073098264  -3.7244246587833607  7.280530184262456 
  -5.9495496071067  3.2700476282181206  -3.433966956340197 
  9.437225427356616  5.851222759914267  4.520704898914861 
  10.08128174330333  -18.962288079458872  -0.008029360522053134 
  1.331833758557884  -5.281372330622281  9.794059137000607 
  15.949315353739399  8.233236833985462  9.447072119735015 
  1.7467523682550534  2.500161525659686  -2.4482684087713116 
  -16.542088110450134  0.24464674951274426  -2.2543661848550296 
  -3.062906399030601  -8.283674734928981  -14.804578359173842 
  -11.771639949174578  6.39899726426611  -6.3229248670628895 
  9.779536881298169  9.234440287577486  3.635315474754475 
  0.20305234092170232  -5.211663898594937  -2.2645217187873716 
  -4.741188567325615  11.322352293621632  -16.697220407410196 
  -0.18153701372486492  -11.028827212373821  -4.6578004001137305 
  -0.9459915196825723  10.543879038299622  -14.49201160035427 
  -9.460973700903516  -11.78518357684942  5.104708097041237 
  3.3619078725689278  2.238188098424751  -3.7438808227485714 
  9.545703894979953  -3.591664865819586  8.275331027839481 
  10.686860274374366  0.7333671596883724  0.787882593760128 
  -9.051593283978072  -6.61190706564408  12.730811611777089 
  -1.9012071006561162  32.27285864003426  3.3223296095219603 
  11.120493814487036  11.084318172634445  4.70517507536543 
  16.412647347860773  13.397170022492626  -4.761000084534914 
  -2.5251641936141755  -14.961132830023107  -5.529130668964356 
  -1.283088086839197  -1.061021861416373  -0.9419606185577806 
  18.25480759992528  4.660201922159922  3.1331330787886804 
  -0.4376281116114236  -1.0234691392068611  -7.818946468944577 
  10.800188831506887  9.917092375950075  6.823877858389106 
  20.94916472270028  13.264800228061462  -8.366010012250085 
  0.27524736267541816  21.514805976377435  -6.491798223159467 
  -3.972650288391551  -16.443282911063502  8.187973508469426 
  -2.45193142194494  -18.484754158773633  4.954947787649126 
  -17.510440100796764  14.122995185048762  17.96408312281926 
  7.794273084049326  6.286721707017137  6.268857762631878 
  -4.960461712901533  9.051458359668676  11.166003393493494 
  9.615166157569291  -17.513238129268675  -6.189625337956311 
  -11.49035785242512  -0.024733938846706827  -1.3233996029483117 
  -5.1459345071033695  -3.27766739089203  -8.176173774342388 
  -0.697013889486461  -15.747049451066307  8.11733070115981 
  -7.4891334627537125  -0.5629399025279301  -3.5716507782954237 
  -2.4526723108371518  8.746320551083537  10.270860687100758 
  -10.55336607778136  -13.206094236872028  -18.997664996288176 
  -2.651928904365035  5.569939463836009  -3.7237878335635988 
  -14.067145846270336  -1.1494994596330352  -3.0996088089062805 
  11.82021963503815  -11.990192137527863  -0.7907753430764808 
  2.758482147053875  -5.935735664190262  -11.237771193289772 
  9.247367683789886  8.465819692451534  -1.3460567198893145 
  16.408274849979165  -14.179946382365491  -10.388087036267084 
  -23.942210812571332  -6.15276722448809  21.13760059101827 
  2.7188228669398007  0.7258244959838016  16.51097115317967 
  7.976330024602554  -16.810043136219313  -3.4821648847710853 
  -13.847185882226968  -4.113919933502412  -11.324351880918996 
  -9.508203261799908  -4.398935193405016  9.847711869324716 
  -15.532353361812596  -7.267997813932793  -5.150155550796128 
  0.5562184108254351  2.233566566463507  2.2282611144613895 
  4.693554133579805  2.3675127277128234  23.401825206648617 
  8.203387015277539  -4.517215950363091  0.45119988307319664 
  -6.333140004740161  -2.636849604688386  -6.198220464445844 
  3.5879761334717934  14.392772813826435  12.866216193529077 
  18.909109802096598  -8.42340832825288  20.687038786941496 
  13.092348760706912  7.701957225168819  -16.717296242312734 
  13.512801815337452  4.113466351228015  -11.939409735894257 
  -4.7144733963969445  -4.142622569656501  -2.986975933179172 
  -7.901776910803569  -5.500173603409207  5.526655919484249 
  -6.847168235638326  -25.08183441217194  20.551159433069408 
  7.657667263578698  7.5143874696294874  -22.036393059366205 
  14.120382646132294  7.990423960833383  -11.814863302263058 
  3.246258336548851  3.4904289489129616  -4.784708948830843 
  -17.280560107949402  -24.339147352502458  -5.291804460029705 
  11.095424697232191  -14.1765282430799  -12.029460026914695 
  0.4315254198820715  27.80369326498978  -5.217823621940854 
  -11.909894874683891  -2.9509933161442214  -25.778251536070044 
  5.696836273916485  -3.5580346541186403  -6.924020008304738 
  -6.639219812077866  -7.722869221346213  -14.312345588884343 
  -14.22677018266923  1.651729642492019  6.508542111205994 
  -6.685327287552141  7.179565167703773  12.793043770177464 
  6.955582330567968  -5.129714515815939  -4.790361534062773 
  17.08698372076806  6.755858604044417  -13.202360228054088 
  -3.8301992367964766  8.453660263510324  0.3197949436976764 
  31.566978484246143  3.059344435770716  -5.007555743905521 
  12.666824465043634  7.034426862183411  7.265695554470888 
  -12.756772977959265  -18.613731702402827  4.312146930696838 
  4.465954579750793  8.653310719278123  7.841139919201311 
  4.587873036268325  20.402457251386235  -9.237768286136884 
  5.492573896614401  -23.278452151907075  4.9118762228529045 
  7.653989469759152  15.904135901342825  4.992043379176529 
  12.37136385017065  -13.428265220900094  11.980762504537573 
  -15.901183896055937  -14.624270795395777  22.834417316350248 
  -9.482039039486736  6.873974112098625  -3.281002388997129 
  -4.987065334060896  -31.27455364631979  -6.919681668273698 
  -24.589978975702227  12.864760321054415  -16.127018473186137 
  11.701294222072598  -4.044190285343626  -2.56712240206537 
  -21.915545453109562  4.1652313085838575  -6.179956546656199 
  7.826269507953395  -12.439026526578346  -4.864887071645902 
  -7.000670884666331  -18.300812529236293  6.5948211195872375 
  -6.8530824746375645  7.594508617875549  1.9925654519779847 
  -1.9972496600483172  -1.603061933619858  -18.807710147009708 
  -21.63226055093386  8.423718423475627  -4.090652852446714 
  2.625489516384338  7.5627731197584485  15.567994290918413 
  -0.6182163572323838  -1.0179964724724677  26.52748466691613 
  3.3949406336014296  1.3770167932624382  -3.8706654272707555 
  3.023891352535129  -2.898432716413285  -4.995747467893184 
  -0.20875346169291015  -9.095090893382858  6.055292551407001 
  1.9568821023887688  -6.48454007245155  -0.2977311763838914 
  -6.888126326162574  10.506455209873478  1.799370496430256 
  -10.101397376533232  25.140202128939528  -0.7452290272954799 
  -19.905742411244546  7.500740667456237  -6.64758053758844 
  -9.905967590385263  -16.13864361692177  4.476053386741113 
  -3.9752818027815993  3.6729240978204727  0.12196620325977511 
  -13.026630753201996  -5.687586891103033  -4.104495864122584 
  2.8690558954881995  -7.988984112593801  -1.2735556094987004 
  -7.556884231374586  -15.792776946408901  3.633783997929121 
  -19.971790601707156  -4.119845948422583  10.979148919350315 
  15.879209220264462  -22.216081254975542  8.77917441296627 
  -0.7765916119944354  4.1115370496017425  0.02461590958343225 
  32.54231877131299  12.394715308029653  -6.507800792032739 
  14.5855391586978  0.8828436145021502  12.5544252218271 
  3.8494662239116946  4.962388237631695  27.671607347447093 
  -10.452826912349442  20.663842632707063  8.550444591863663 
  -18.774828813661884  19.860091408032204  -7.470729270119225 
  -1.262641550656011  13.68392052397776  -1.4877624552672457 
  -13.522456227523785  9.771731594195142  7.775026368516273 
  7.004153128266255  -5.560856782794813  -12.458178324767982 
  -5.315084875771915  -2.101662031934218  5.292990712958796 
  -16.918555700424463  0.9632338890467665  3.2885855964410236 
  -0.47313711274544606  16.732178615303273  7.52506281425443 
  -1.1649515132315096  20.156950559008912  3.590833370808979 
  -13.883769998450852  6.703184091094352  14.502761238062185 
  1.868668192313585  10.805648094955895  20.584319909465805 
  -2.764722190243688  -2.612275117792389  7.889799046948515 
  -2.992925361683239  2.7558106656772012  22.955627995351502 
  -10.511330387028561  1.8499382699240567  -24.607256124522408 
  4.750521358697556  -8.079571130483268  2.3927753584662814 
  16.3976016620229  -15.490183341373985  7.7061361032339635 
  9.92390036585368  4.105251174658241  14.323173848714102 
  13.285350071898717  1.2547112774916134  15.71268713439063 
  22.189637359813112  2.9034071888261916  3.748303162232379 
  3.7934100463250737  -13.678914403418675  11.323882400569317 
  -20.079904879788558  -23.03859064473958  10.204981122540827 
  25.068832071591114  0.2069051720332947  13.604488651533407 
  6.602366189392771  -28.27195655654931  -0.942079713765072 
  -10.102017259760435  20.400207142084827  7.19837612054591 
  7.295280435420783  -2.5211301275290325  -5.637536286750576 
  -16.02821685415219  -3.2632522713238057  19.73937697887162 
  -0.6002242009965851  15.235905338019966  6.442699219671959 
  -2.1405141858812167  7.456404995931001  -25.189055601721474 
  -15.49593008066952  10.435664452060118  -6.448478688661378 
  9.819099929180735  19.42281369493113  1.3539839945750136 
  5.035822161503511  2.5177364804460445  -1.852601592345269 
  1.5690691200342177  -0.4228176083320116  1.4148028464048394 
  -7.147124009513234  -22.96345241257213  14.483882005271973 
  -6.468135386500481  12.781520396612613  -2.334389919567303 
  8.21060882171091  -8.076238517900107  14.553223762703304 
  -2.8069218320211413  17.273794791853472  5.005973807601687 
  8.238043963421546  -2.881194675933888  -11.139301799118535 
  10.27930819889218  -3.595877938580289  -0.42279619803962687 
  -15.980018846436298  -3.518095755063328  12.659054874076567 
  9.630191504655592  12.545123930327202  12.158814668688125 
  -16.280035155770488  -10.758658890397847  8.47195801439229 
  7.34340008494922  2.5997540445507665  -12.129694952279541 
  6.677257888241751  11.113890371247766  5.170370698265666 
  -29.418217917853415  -2.0088362163986413  -2.869086726949797 
  -14.901874486996896  18.658187730908498  1.1836989579781187 
  5.4692176989258305  -1.384711205549384  -11.73184688500593 
  -20.015563761755057  -10.503100350573016  -4.296036486904955 
  -2.681811842842075  1.2015541633406714  -0.45601971774784644 
  -3.411706085558777  -4.052429801571866  -7.93857098645591 
  10.028700536770224  -9.441289684751222  -1.3096799588581693 
  9.90105966554753  -5.502737445863369  -2.742939983402145 
  4.250981294763207  -21.59133279814494  4.317784722211566 
  17.8650334873699  8.624290767756994  3.881361657539166 
  7.844944374565755  18.052909335647332  2.925548724689671 
  2.7295367873636747  18.6908667039121  -11.576411232156092 
  7.8448051770348695  9.730680219063528  2.217331648771968 
  4.585320849518155  5.756682087848184  5.55281332543888 
  -15.128801684307849  2.8668563597425467  6.963469148485148 
  2.5205313655030746  -5.753361697939368  20.433176514936093 
  -7.091943327726065  25.114066696022206  12.496882034811021 
  -7.370908777664778  -1.8715784694576203  3.4855875602779816 
  -3.7219449241015514  -0.5444840698257215  15.418494254809355 
  21.2678439114107  -10.583495376392658  17.691498668868764 
  -15.28192105145133  0.6968833443592106  3.109614453419586 
  -16.365655602580926  -14.108125818513663  -0.9094288005296313 
  -1.1772362377614012  -10.572490443881716  16.00272972598068 
  8.926960200869932  2.0322603273758473  -11.02468505778055 
  -13.934943978386563  -13.214944207224065  -11.902167984337591 
  -8.927288641695709  9.099707094094613  -15.738671883981649 
  0.7566313826098556  -3.659030639861037  13.495319976551002 
  10.97456082395832  4.3616551420579475  -11.97549332838373 
  10.83049627578793  -12.654096754219301  18.092254660550015 
  -13.323438126639576  -3.81533727575881  -11.317368979718129 
  -11.849719372026216  0.8055082487454862  20.284466387585862 
  -10.17522151829988  -0.15906086202514622  -0.33362568325949327 
  -1.914061989036362  -5.564266650420072  2.870430287077334 
  12.937056864930332  1.9455535070984384  1.7153456399554725 
  5.65204136931615  17.006914215501006  -2.5212015812754474 
  -6.365070391294972  -8.86035381773886  8.396423270966698 
  8.541565284617844  10.534292408844564  -10.835515199829478 
  16.96210812936558  28.329704970579158  4.621895696924689 
  -15.397824552010066  3.0627553456762953  -7.595280571119535 
  3.9429652439131417  9.483906098378059  -4.913279078390647 
  -20.426615063808953  10.61069128120221  4.027994586527797 
  -2.6952867686346775  -21.694983503678998  -12.03887996893751 
  -15.371763023689276  -11.0473912016264  10.93790034244916 
  7.763742098656587  2.454949207482949  -14.404123010312828 
  4.875803505684427  8.996116438133276  7.485689965557932 
  14.028604066592004  -10.209664562122402  0.7164167530386222 
  2.0702279137366566  -15.304524480769352  -8.17385867096068 
  -0.22496358338147626  26.08116970302425  -6.51460026798276 
  13.328929355506855  -15.345722721616061  5.8427970801088325 
  -13.575769982430261  -1.5311798117593158  0.46189511837647657 
  -15.596365399964807  12.06919405936547  12.658818151682915 
  -26.884617309795566  11.450278591764862  11.293496233700203 
  0.912708541455482  1.6828754444808935  0.5695698940815889 
  8.907732560445377  1.6791462118146234  -2.157647108982032 
  9.349049084746014  14.534311645598908  -8.030136139586487 
  15.185637799944153  -9.473209135049165  11.078072984903283 
  23.37605697877627  -16.86909011454243  -9.378377158085032 
  6.494559513438075  11.3717213575298  -4.809652278682149 
  -7.309986909680292  -5.507290999565573  -12.73133622643842 
  -16.866521010342726  4.478926105403709  12.495367880009505 
  -2.4036515780294607  14.93692664708829  -16.459208818554494 
  -2.895545986309545  -16.487492274990682  14.257630309809329 
  -1.4841653558530616  -4.379221796191626  14.87244572520721 
  2.367450859547739  -15.064713797835344  9.722886774536267 
  12.897982867727444  -9.527862174090101  -2.507177738632459 
  7.3968013418281515  -1.0800405220901483  -8.06143605261008 
  -1.2527868616685853  1.4981446452374079  12.915809047794397 
  1.282763197065801  -7.566665410298846  12.046019760674248 
  -7.338863857540857  13.632296736934316  -1.8149549987810176 
  6.940658579394079  -5.383575859699721  -8.098900945452964 
  16.46641254655741  16.917294292199077  9.544766311683292 
  -3.025081660705591  -2.1163861696921455  -1.1779027696428648 
  -10.671991925367832  6.464998488021875  -1.7752063298889023 
  1.7844935666442263  -26.69124562144069  -10.727780952371603 
  7.835911992879237  6.290539956230554  6.848341197325817 
  -2.4315624258633957  -18.271476499564802  -9.392570791565403 
  -1.0605542684396638  -14.764676660708123  -0.7259568127303423 
  7.326498327840601  3.040149592985873  7.803624458712756 
  -9.29564400590752  14.281527268563162  4.99446527333964 
  -10.78216111388578  3.3382585876990998  0.12702715602347014 
  14.443346011300564  12.274244684238822  13.805938390484378 
  -7.08584172430986  -3.110858552491714  10.492167045813593 
  7.692921861122691  6.27893463884477  -5.178101275028931 
  5.626955559133667  -21.616578491428953  -0.4827971217864717 
  1.5169828045333924  -3.487129907914809  -7.66527815403187 
  2.9435450185308105  -7.302508515218987  11.721194456470563 
  3.461839617027023  1.1415686378566194  -31.318038755064133 
  5.244487900056613  7.602250035514233  -6.720539252838425 
  -2.2188362135331285  2.180270912127793  -6.431568555329097 
  5.340169761958943  3.072062370470461  1.7209216765436635 
  -4.87520580282964  -6.971239933791315  -8.261845133026911 
  -8.493402949275287  8.53730210338044  15.81659696514129 
  19.652239396361217  22.1797134698861  0.7808738483701116 
  14.729585005847344  -5.140120738871445  -2.6463142229864594 
  0.37124269343241395  3.377884455465643  7.181890300262576 
  15.225795696888941  -9.214619259378647  -11.450603575432512 
  10.450124899719338  19.474099122006105  -5.2340354709653365 
  9.224553777105866  18.63979269066535  3.096196286626374 
  -8.928950967675036  5.79663707465115  -2.7329660242701053 
  -14.583591040980606  23.983856034237128  0.040089968288042885 
  -12.694255801310785  -5.454547292357536  7.088113148189893 
  0.07996900414514556  3.4881070940220966  -0.2832580661536419 
  3.5159380488505736  0.6250746143981728  -11.68016893901578 
  -2.559014134900645  -13.860443490196243  -19.510763820921635 
  8.508790721290165  -1.3778691449668636  11.360720998007075 
  10.496297717065943  1.1043031755248902  2.829461872562601 
  24.249354690615768  15.24401909053279  15.791914432988394 
  6.654779966181989  1.0597663753444442  12.655583761156754 
  11.888021900051847  -7.9387203511501525  -16.05525201823781 
  -20.166152212856638  -12.618139030024718  -3.5546563522217296 
  -19.797482458247966  20.08602319549133  -11.520603304977566 
  -13.355160797345615  -2.305722026063853  -26.555830118017198 
  -12.210997328672278  -3.4501963444446804  11.981205041351025 
  3.571378380223716  2.545169557201083  3.634220547101389 
  8.848119058602448  -0.37204075671718295  -27.587587294391813 
  3.3094098929149407  5.94769754820063  3.6024759796638905 
  1.4903833767980383  -8.668727701688887  -1.5022559811731593 
  -1.3901653130514844  -37.29448978847694  -0.8932615130613829 
  1.3958760804049424  -5.201812016376669  -7.084090318709569 
  2.836856607793085  8.505132269406513  -6.703394978038347 
  13.011250676961467  12.747649432257383  -4.879477776714964 
  -4.639316955440176  -3.6154316598161254  -1.5954728952050543 
  3.937181662727089  -8.18158565013496  -8.412675159111725 
  13.506813637140613  -12.166402421034848  8.763835144042158 
  5.991492848706618  -0.09232201448086856  13.577332046080981 
  6.150057198930032  -8.82294589563538  13.998053550798423 
  2.868125110357041  -8.48710229834861  2.7079794589422184 
  -12.176763928004666  -4.138086408787578  10.700470467768085 
  19.73718124271368  25.887210982742335  16.10764680711707 
  1.8427647777598832  0.8864058292074275  19.854255297913316 
  21.494209562538312  3.9164962422195475  7.5567267252490415 
  -8.858103647965946  -4.816663638882337  5.606025260135929 
  14.065364404474694  -13.910386693785947  18.37218504981921 
  -35.52923033273633  2.116935583970801  9.864926508351036 
  0.46379202889376503  -15.857209343109924  -9.113743086777292 
  1.4556244230688415  -3.579675709076359  -34.03169126693826 
  -2.5590697851958804  -17.615672877224497  9.19748316366725 
  -1.1843935204601392  4.504587508767216  -17.299872525169008 
  -0.6648102990169934  -12.731659665599164  -20.014880493294076 
  7.557483280234972  18.150676496124017  11.089419987638033 
  6.199054745509066  1.3851461980598794  -33.72137139340219 
  -5.923168586788349  -1.939699781068468  13.952215723014815 
  23.593705584620615  8.719701618060801  -2.3914639381090317 
  15.852963319003663  5.406836980874649  23.78002641946178 
  10.648294994372568  24.14231594612594  -15.29042902367638 
  16.31187211140335  9.666236581827539  7.61759259029384 
  3.3572146244622267  -13.21498643871575  -9.199018133948632 
  -2.4776325874291105  15.888703065785624  -9.054670142170444 
  -1.0707094723475556  -19.566691487552212  -4.369012064141606 
  -4.293137882619478  5.43649292738604  -33.777907173360035 
  -3.4605750258712145  -11.722066814625334  -13.658613118217152 
  -8.739665326987266  -15.89569775895601  30.843494522175696 
  3.2906349656412464  23.743519049511097  -4.954905333639894 
  9.615500594915465  6.770099037934392  2.311200167109853 
  16.970899440440427  -13.727466634998766  1.553085259165181 
  -7.632538109831816  -6.022826489569995  -8.155223494447531 
  -3.246015189014555  -16.76416487128763  -8.743261983585361 
  0.6767221518857925  0.18863016917103342  -12.314260758347013 
  -8.971577979497683  0.4093361978862589  -3.8370561624486847 
  -1.9524853346411757  -8.181480878734162  22.303195144219902 
  3.1346478726521565  16.2070771907332  -17.58602954160321 
  -11.69303472472345  -12.10141652393698  -23.243637841477085 
  -2.4854985444142805  11.305258249388643  -14.509761727323758 
  0.9983799620665502  7.975098954425649  -12.226548446803559 
  2.1253704147824797  -1.7116926017138574  6.9820001752140906 
  -8.872180145412582  -10.343441730895744  8.08738996716975 
  9.29092882234103  -7.831631511618423  -9.5143494411872 
  -2.164006549200183  3.4587084951246756  1.2438258022955244 
  16.314099804316854  13.691207727799666  -26.647901523253886 
  7.932673275987653  4.980307735642219  24.945430557898487 
  11.317921651128612  -2.2878320848860345  -7.292166812790791 
  -7.5809564915379255  -17.223309589637978  4.471388332098289 
  11.748044512099595  -11.488714464472345  -0.5280894016205482 
  9.77855718899567  -26.661066657363747  4.982014465707517 
  9.08183218468457  5.829899843606367  10.887222181195051 
  6.735003965354674  -9.143270638288216  -0.06390009282119177 
  -2.1522873975126564  11.065625883516674  13.394817558685311 
  17.962798673908292  7.531505401595932  17.018028942463335 
  9.776311739780043  -14.441930332721114  -13.677702233492727 
  1.349985711933831  1.4263573103518081  11.660745750980109 
  0.20026930295549186  1.6461845065437009  1.392788918534482 
  13.789665917482102  1.5015483500129325  -2.6550079413080088 
  11.154177733880326  -20.482270261520547  -8.128302560989006 
  -4.062845638463263  -6.44167212104891  9.431868396385651 
  -11.969394861220527  11.827835852860229  11.423396460892459 
  3.9576631296562588  11.282582552283808  27.51636941751681 
  -0.5762530323842376  -17.67370432878506  0.3653980988310518 
  23.983339505202757  -5.3983472514024164  -4.733914067399374 
  -4.317311525007416  8.57513782644476  3.13113887135634 
  9.418985727677478  -1.4739662355138126  8.310978177140969 
  -9.635998999937105  2.6918078827064273  1.51350216832597 
  -3.4659884955887676  -1.9828516598156873  -1.5611702793757534 
  -3.2442176688768347  -8.113872548362403  -12.792449346932047 
  13.268125525743793  16.211314716766317  21.48548082988354 
  -5.302528913382664  4.56257067760166  5.033621195597851 
  -1.4187839102981816  -0.5424941379717739  -4.9474695922368275 
  27.237351243940335  2.2164998597750425  8.306573182012523 
  -8.172122309899818  6.31039983589184  20.206361494016658 
  21.596333555791972  18.810169542668948  -16.16236924874697 
  0.26684761234782933  11.522643137927913  22.896649479947698 
  -9.539078189406919  -3.601434478112299  -8.716565053389068 
  -9.597160840874816  -5.48706190932308  27.395682252973277 
  -0.2678169614259714  -6.576158884968996  6.895646744688892 
  19.69551051845635  2.5304292598433835  6.022953874337666 
  11.70077741438744  -8.65806833765053  9.83925421069118 
  11.044376605238924  -14.254644009086519  -10.574135709660382 
  -7.755104725913933  -7.724982725381634  -4.0002569374026065 
  13.480146652040768  15.773748074791715  1.022693828898278 
  2.937630686095112  5.43998958594776  2.6005490491844188 
  -17.94774979331353  8.032509553244594  2.0156230354315605 
  11.519944539318853  -2.7339562241222755  7.923508417772877 
  2.1257377117714085  -0.8511431278414148  1.0310041815620639 
  14.076079854464123  -19.380960743230855  -2.709245653628225 
  12.047945802885009  15.63247305506796  -13.022497410469933 
  5.160864622265261  8.548215056434103  7.364928083022222 
  0.16559193918980114  -16.327386472809607  -6.6442846810571705 
  -3.4839707587552486  1.9506509620967287  13.589605627017113 
  -16.86945987061887  0.10682010941690373  -1.5209148766031264 
  -2.825890774063601  12.201896561328729  25.539429948520453 
  -8.090557340886459  -3.11236545118912  1.0680223259995623 
  -3.214174453811488  22.949668607606228  12.506281812476983 
  -7.161299514291537  -2.023564182525268  11.780673703265446 
  -22.26444094561013  -2.7005346085514526  18.049249510808504 
  10.244113145616444  15.660943612363043  -9.335890830362278 
  -11.512123125083894  -10.910328344474783  7.31930939265807 
  15.67044195817981  5.369298238569896  4.373003996381166 
  7.701099137143123  6.305684793275566  -0.8485750505245221 
  -12.609841268008246  -21.608806823005086  20.30204944307549 
  0.7628893760598843  9.953771775588471  11.587739692996701 
  9.56967457754983  -1.922392223162682  17.599207466528284 
  -12.090625203307047  -2.882599100711021  5.28178946193611 
  -7.649800429943227  -26.821944525070272  6.860621820569158 
  2.865895439494565  -10.391469306458387  -14.65646591171036 
  -8.474469239651244  12.229682409661727  0.47994717701844997 
  10.66726996306371  8.404900891659155  -6.565437428336621 
  6.527716297518673  0.5434244413103811  -26.096779813963856 
  -7.297187162151175  -13.36967294427918  15.28731529735619 
  -20.508587687726802  -12.389720743802743  4.774383099733637 
  -13.411753920912131  -3.2274468823837097  2.053145140664464 
  5.157025417945006  -4.234271714105611  -12.296814834879338 
  -6.842896076993134  5.210622935486337  -5.921562992624596 
  -1.2310607373388425  19.961819044476144  4.84844354485139 
  2.6971642792583475  12.069455147035459  3.8553257963876946 
  -5.733041311499384  -1.9371168017222542  -3.20393700725039 
  -27.136117892857083  11.893724028027671  -21.17367715001344 
  -12.334504545596522  10.651348199498194  0.09727426110439061 
  16.151253281054366  8.973567433552311  -4.740676738970841 
  3.5241486620240154  3.229513675688588  3.0568534319533907 
  -2.1757855517677758  17.583222915164896  7.665019661539728 
  10.510337005914472  -12.73650029184306  -0.6363407907861532 
  -8.790097402326223  -5.2475482247138325  -12.645598634948795 
  14.30041276041822  5.942929830525405  -8.329436182175353 
  2.5759770438988765  -5.310434760829534  5.298920492750001 
  -14.387635905994872  -7.28932313335187  12.265953560260327 
  -5.566977170010798  -14.428231561686017  2.3166877131674495 
  -10.466562977990861  -4.71465930753734  14.609108129537889 
  3.1053968507563896  2.4809970971290527  -8.343732450044916 
  27.6675507635428  11.637651226588915  2.2861410886795728 
  6.7549382847780395  11.21719497415268  19.232715222611617 
  16.040153381575635  -4.107941451673375  6.228193464377723 
  2.027016644969265  -4.109381291834166  -11.410311064214277 
  2.8186995667727937  15.013811313285961  -2.826142563751436 
  -26.24420054845078  -2.9817719688307265  -8.250262177539277 
  7.0702464008432795  -5.015383903680282  10.488681703854256 
  1.1146632470210731  -13.852469631063228  9.556455226289476 
  -15.755137294684822  -22.457648231700684  13.816661076306044 
  6.513065866778326  0.495948519177357  1.0858693832421977 
  -0.8314443994059201  1.3299956220019278  9.00721101671465 
  2.32632317192005  -7.039303410993222  -13.77207269774612 
  10.981169476200842  -18.266890325711074  -5.166157509093653 
  -0.3234483829359126  3.1156710278408193  4.358308863163695 
  -2.4301625479570323  -11.591544808414719  -7.563092891500801 
  3.279167474822801  16.153628832898658  -5.5676810124101 
  9.661027070725405  2.415849911101149  12.171155248736923 
  21.140347209243277  3.181624417145856  3.103319663981164 
  5.754282175146062  -12.387272992995111  -9.126648839975338 
  5.45879531642032  -6.131259660631044  -14.936161357727027 
  -6.172730333241323  5.667645847773432  -6.83220924260187 
  -1.9777022379452704  4.246201514239521  10.551288033165946 
  -15.880533519770394  6.993112101743136  9.45795850064719 
  3.222765626217898  -6.396845922341293  -7.73192563396753 
  4.602675935552853  -0.6538938100690833  -1.4096491800546158 
  -6.915233651304309  2.4899261004325948  9.620575612432363 
  -3.5101143947744546  -3.1705157905613386  -9.174421853375632 
  17.36258415113032  -9.345650296661022  -6.47896519237104 
  11.551758850256235  -2.8067317079852034  3.940569289635734 
  -4.465748954530698  5.040989581525984  -0.5063655294056666 
  4.520393655310467  -1.624108844128483  -14.295393912610475 
  -11.550966106007243  -4.877429040466668  5.028478133437837 
  21.20811788332191  -2.359450080801107  2.679719606275678 
  -0.35125038354755117  -12.747188472342394  1.4354836360392773 
  -0.8740446237834741  0.2952023153506775  18.162387239099427 
  -8.416356473677595  5.46593906075692  20.944314371195283 
  0.13398973851559845  -6.301184501727747  -14.283891986050937 
  8.023447286885622  -16.61640971152546  -0.7329455018607761 
  -3.6014750904872286  1.205632039305751  -9.31754139308186 
  1.192526189483167  10.562334491400057  6.042271452499861 
  8.378650940797456  1.9479981757774882  -4.083535622280318 
  -10.999532516467987  -3.2617676285820294  25.434662112369804 
  -5.525708603524734  1.0780411603136018  14.028834233497308 
  8.49885835697405  6.48183067887512  0.30244394298909166 
  7.171716309951193  -4.330136709828312  -0.8102716156502141 
  -8.419795026076217  -7.165833753140618  8.392268421424069 
  27.47408529800738  -7.68910879231672  12.224711189446253 
  18.518687549886113  9.525095421175294  3.8261248694919114 
  -27.388875530679574  -3.2047628272764754  -9.610535990036183 
  -5.430496734548107  0.09551956984031221  -24.252885897723104 
  -7.177445438103158  0.3373137985721089  -4.288223342026472 
  16.372997564010557  -7.121066633026225  29.828520570648198 
  -7.887545119071582  -17.350283893238323  15.04538397366551 
  -10.724239199321717  3.494781541097958  -0.06704761892387412 
  -13.809655084114025  -2.693402072635752  7.368351946074962 
  5.122963129151692  12.544086280020432  -4.158909207436709 
  -8.959007663907434  -18.260614926046774  -2.5958770936225637 
  -5.554268785832393  -32.067825101033584  -1.1265443955408214 
  0.30257889110845754  10.003984121832787  -17.834314296171577 
  1.8624503876939211  2.074348679771238  1.8033460509918582 
  5.128550476950184  15.74397034936473  -14.403405922998939 
  0.6045478061003801  -11.671089338544254  10.19849183321284 
  3.0824024912264223  -3.6365213474918447  -1.1234232034750755 
  5.068469404722788  -24.99680213245552  -18.15029576805259 
  -10.605112289029329  -19.880230240031576  1.9820695396420067 
  -3.8425355240610917  -7.420711172824448  12.225140669886171 
  -16.964154328414818  -1.96676646560612  16.206879976367595 
  -1.6215568637770506  -18.056562297901984  -3.6895564375830654 
  1.1110789866897148  -16.96820680556793  -6.823422188042498 
  -12.753559559354743  19.715845000428832  -11.088113840068003 
  -32.74731930852391  -16.147861560919594  1.0027636558894482 
  -0.41036186270212827  -17.103532241514603  -4.072396121241343 
  -3.026569052782236  -1.9849926757046763  2.3519893222349877 
  -1.3587660003306286  -18.329953387192568  19.229848421290153 
  0.7601359027524739  6.7926087802538255  -8.957529070776156 
  14.297585821239894  2.941281896876909  1.808544040981599 
  13.25141751586743  -10.840353645182933  15.087534885689141 
  23.559846104427287  18.621795037725477  -9.605206048706556 
  -19.5474278393393  0.30933001816358846  -7.0784972189789555 
  -0.5558144868211002  14.543208823364715  9.769953771448872 
  5.118923095472259  -20.837394717901788  -15.151151971379893 
  -11.53298220993494  0.39991600497999796  14.983803371211406 
  17.542650310741625  -12.91718391031109  -13.380191871578766 
  22.48364038742244  -1.42904521769354  4.1633521287219155 
  -9.708408096838948  11.574281796245144  0.529684247657913 
  5.57641128088563  15.847582437642572  -22.42259306126616 
  3.9490073993166113  9.012910463129453  -12.943788137034753 
  -6.317035973848623  -9.392060753899145  -12.149320194393916 
  -9.859453958511992  7.357052256087163  -1.3631098913727215 
  -5.691469297449309  13.202547191783326  -3.290367076689629 
  -10.597251228766138  5.7316468073409235  12.342012661301032 
  -1.485914173545519  -1.6580266727354303  8.370909604210372 
  14.363183405319282  -1.6826265892857022  2.3742840444572946 
  6.861920017266978  1.101283714608909  -19.632329320782798 
  -2.4108983340197736  -8.846336871899425  0.6512982071742479 
  19.61924447738981  1.5413658732469016  -6.4465429562669945 
  2.1380316943835926  1.5269290348184783  -2.1516008044341426 
  -3.179552885615031  18.719971700873764  -14.788787755566565 
  -3.5738899542482816  8.660940700044252  -19.95575905730665 
  -10.953771219371745  -19.61577922288361  24.710295824400614 
  17.13059435021978  16.66919468439088  1.7314116029995537 
  16.620431497143517  -3.4996936180876697  8.12053614171341 
  15.155069612688495  0.5266063157246702  -5.543711760633457 
  10.95579373108891  -25.153381221546685  -8.989891808069775 
  -22.117757557339953  -12.087107416928571  24.379192972230477 
  -3.2700737817443195  10.153100886168662  7.933982268542728 
  -8.544455932628432  12.038023062402214  4.217971775453606 
  5.836005981098756  -17.092273128160315  -2.0628696854672617 
  -6.630021638127798  -14.461876939612985  4.014837642724754 
  -32.75451376733284  20.39646439297331  8.556069840825959 
  -0.013808449817345511  -17.355367999302175  -7.4999232131562685 
  -7.455935153941924  1.457576958441128  3.7230121666878744 
  -3.5640916555040967  9.110434591752314  7.016712253404704 
  -14.015688231677062  -21.580378957342322  3.1264709310581353 
  -6.558161399074436  -3.2604974345734945  17.309668025220454 
  5.162584009409814  15.358437382858277  -6.521486227966014 
  4.051985449938602  6.637004356494363  0.17267214341778153 
  17.083334604373714  -19.427244428936785  21.47635165590325 
  -9.472195829321727  4.758359829951926  -9.607434494839135 
  1.8684145963471153  -7.130037064376345  -5.735823446646199 
  6.330080566092419  -5.988252844287956  1.934457809533822 
  -8.836031619702496  6.825929642698711  4.115016536342369 
  3.024976476730504  1.4466546183219577  -6.179543747829784 
  12.681897253057477  -29.720722257795423  -3.132228854577375 
  -0.6777696968248154  12.48869483896334  0.11256388536358512 
  -0.8272172957204976  -3.4334273147829526  5.31383070066954 
  -4.117284590304066  7.195876564143763  1.0711054950151104 
  15.696007554266131  8.586404347186065  -5.282942107180392 
  0.44388839981517353  5.985810496117354  1.9084854347539575 
  -13.125847365779327  3.902465725018499  1.2011535607550385 
  19.908589142853213  -2.3142606999432953  -3.5247205346056165 
  16.163801500955888  -7.107100622572438  -16.761085429469023 
  -10.351475465794534  -6.6263570566873184  -3.4492681038303004 
  1.778234442850288  -11.244314142239793  4.151921040315537 
  -8.564397851342102  -0.01030012393045273  -6.955287291852415 
  2.801238179800764  30.10419025213727  -12.982833677159844 
  -15.789839759883153  8.550417190414498  0.9002471997874556 
  -3.0379861946345614  15.446246065287623  -4.306970872878586 
  -5.476381122360105  -6.699613317276183  3.810962426286582 
  20.010855440143857  -10.406551516945168  13.79159044405158 
  -16.260117603978287  1.9672991925957226  2.801510460397494 
  8.320123204076339  -10.11865507593806  -7.115879028478034 
  -2.916004880407293  -20.162547461750183  -5.8030441755353666 
  5.385017638320046  17.451025194160728  22.498928209677597 
  20.521758529624314  -8.691397696899907  -14.809075261998478 
  11.235308860883096  -9.052972631173986  -0.3769224381540988 
  1.9476790936057315  -11.140303385922927  12.083653259306418 
  -10.130498996564146  4.442008319409456  0.8367925936609059 
  -18.495367844169394  -14.629459045274073  -7.3519315846124496 
  -1.2331663986559975  -8.229131341986998  18.894314780271696 
  -1.6502888021894366  -2.065081526054448  -24.928862978199973 
  1.4921516730556266  1.5545358843282027  14.40771500078489 
  14.868393633448619  -17.589042253601445  -22.521984592322987 
  18.408887879056163  8.738183172998022  -17.57187563379326 
  -2.383545770635704  -18.001674336232885  9.541896347843947 
  -17.73739153428324  -15.303259555375396  -5.794599532864496 
  21.330767725632086  -12.03845804164238  20.134232343968424 
  -14.110117165712618  0.9098714466699742  0.9754618946856112 
  6.774321941053489  26.99572338439175  0.7987034941294251 
  8.636634020432588  15.698568912315741  1.9228918868456908 
  -7.051514915847671  7.397529613731803  -19.09670924237327 
  5.089953262949178  -6.603574177952501  4.116225742182097 
  9.431732606443067  8.359934332414543  2.968687931135256 
  21.76893813001387  -28.732200197853967  5.8699127282785275 
  -19.438878225126626  -3.223668736554029  12.170761579562807 
  -3.909843280836291  -23.52206858826949  6.277959585615563 
  -22.948548752500663  10.162908361807672  -9.262072504212211 
  5.708785440857299  -9.35401963090975  -7.925378627540191 
  3.5884829194540693  5.237079276103852  4.797202932741916 
  -1.8971313359240176  3.478096848936231  5.2133841169460755 
  14.782887367900894  20.181804792855676  -1.0788110661057448 
  -3.7178330968492643  -19.902800160908352  -7.618475758482359 
  2.5599858271448905  6.585994331922128  -1.9489631113548656 
  8.851497771623972  -7.772555843427931  -0.9793395661956468 
  -19.54072882939543  -9.442620767677118  11.316416775336767 
  2.5279788390669578  8.320943029806266  -2.497435613852273 
  1.900918138065147  -13.263687153118891  10.66571679680388 
  -4.25726171173889  9.830660351775794  -20.618260064808638 
  -1.6406064888268816  16.046313552708018  18.47257328062737 
  1.0009537244112983  15.372312752626316  -20.2528717354995 
  -16.082366731843308  6.019541043018651  -1.1311235921719838 
  14.709690909084927  9.736229403642396  0.45034328547805474 
  9.382994016533543  3.2744600669613293  -19.91845303367078 
  -2.5900947459368937  -12.854857998642752  10.178941052327236 
  2.0800690842608347  -1.177246734161642  7.139033875973704 
  5.062429984413976  -2.742813289049881  1.8489096062346804 
  5.676067778306832  16.825141231608725  7.058676477403315 
  15.508110265885808  -1.4863131060540624  6.358515836451087 
  1.6324470370335202  4.491835110879721  2.5524878881111293 
  -5.933122433807752  23.860980641457346  1.3712511179601754 
  -15.808608307070433  10.997528702872678  15.794039151218385 
  23.100625862957322  3.283608184601154  1.1294485418235867 
  12.785994042952394  4.237578095556428  -22.42046696187192 
  0.0721089454587923  -0.3985549438768806  -17.780311900944273 
  -6.565871009449938  -6.241876496344119  -5.60895448667909 
  -11.23659086397509  -3.832545947875984  5.166512179713911 
  18.953174747119057  -11.364212985585189  -16.31036459272034 
  0.10486206028305803  -4.158694296148635  7.576585764839863 
  -0.5095659478217273  7.022721912055029  -5.135150224844836 
  -0.36539066422596184  5.929087616910871  6.13388944730481 
  19.875375591162854  0.6683547006088593  -0.40805763669014583 
  -5.2124750717396005  17.26076259332307  10.790353868889213 
  -0.5421353972723026  2.658666822764062  -3.7742332005215937 
  7.173831868750696  -17.873176717699405  11.106615330842812 
  -1.377822963346634  0.08182515067660762  -8.248903619810406 
  9.605638068424694  -22.38443534083563  6.11024993841838 
  12.169714914204452  8.328316475934733  10.578968014877264 
  13.362757048883328  5.386372790614678  -7.493199151269813 
  8.379492615406708  -14.957428277024523  1.144708495254192 
  -18.0866027944444  23.74283967336269  -4.795962660021214 
  2.1098434565534854  19.581054178213318  -5.110863816955191 
  1.8347483847419999  3.6016715022321386  1.3398314988685704 
  -1.0991713794703124  -9.735470658374469  -13.594446129130617 
  -23.339727291843865  -12.110900007448485  -2.1006531211775337 
  -10.754290834162854  2.3043698355556006  -7.591496490838663 
  23.191331015814217  1.139097282279367  10.271167488363375 
  13.072018059962422  13.179082612253787  -30.130808427533626 
  -14.473903255430255  10.934252196948819  -28.933047794055632 
  20.101012723846928  3.855277094841643  -17.637002542797585 
  -7.262210353027908  7.195966531775625  -0.1587811131345802 
  -4.079772723407705  -2.9956922263660855  -11.325236919068356 
  14.768218859284541  -16.296311749208694  -1.1530387879600912 
  -5.193830335748202  8.003756278200328  -11.1664391461378 
  1.367543376000207  -1.1677130465908336  2.214174156207609 
  10.79781384883458  -5.20959428320482  -0.9097464046451368 
  2.14946372746729  3.5482093191179893  7.946445971958191 
  18.842586660049857  19.697902477891127  0.8369780556640921 
  -6.065198747103258  5.478733282627532  -10.03792581517769 
  -7.412914702387031  -10.892860283077097  16.039685055367343 
  11.76596676000744  14.366937368372804  -2.3028998743389115 
  17.416985219422774  9.403232571481794  -9.668901920833685 
  -11.716538726017717  -1.839964323653867  13.93037443765064 
  -1.8285104007712154  -1.3741257443567763  -2.7242161625529606 
  20.12712607168778  13.549882528855042  7.697112361479236 
  -19.64551861398447  15.272033241212686  7.079396727912202 
  2.9314251885583396  -4.17353297918581  8.451983879339764 
  -1.445858922291325  -17.11288380100281  12.785466594962116 
  12.035967683280141  -18.80039926671347  -7.574560034960554 
  -11.29706154303743  -13.498452055576633  -18.8261806584426 
  -24.109632296399443  3.1552633824293568  0.19753918899129927 
  -19.661502289333626  -11.427824142985108  9.165015158683078 
  14.917373054550865  -2.977014507383027  15.83736120593088 
  -0.639714429600009  3.7722530297823456  1.899387465107915 
  14.263933515991921  13.262447310002484  -5.407875115799769 
  -2.28579092620873  12.535862693213975  9.12060176429257 
  -0.4294700590128633  -7.451601671522055  17.32816571266903 
  0.3044241423263093  3.9072540662186976  -11.70054994975119 
  -19.260710586408543  8.518898937746078  17.628885035077037 
  12.103064291605417  -7.823554643982798  -19.063876114563644 
  -2.743582926048865  11.469015291144583  -0.2838556383382046 
  5.853372399860536  6.358505237670175  1.881608790014683 
  5.937759969747475  6.236601969607538  12.482150710014432 
  -15.599067904701064  -14.862759693909544  -3.917449878724206 
  11.621782397767754  3.374433809245464  -0.1137100608348728 
  0.7099028096685881  4.445171591941931  11.167519867821555 
  -2.5965597221514214  0.0011039370617049308  -5.451878524339216 
  -2.0172805944544607  -14.276368531918823  26.844829225876033 
  -0.5042875171750448  -9.345728875529096  -3.6737542265902414 
  9.803350574611466  -4.680165614230862  -12.051255068520481 
  -0.6011996787927923  -25.855941173911  -7.429809583224339 
  19.815346685916925  -18.88831760682607  3.807394307777134 
  0.0937035504616225  -13.362820805614035  6.4476932490749554 
  -5.31395565820767  2.019525508784002  -0.6181319847680136 
  10.335295462326117  -7.6407737921919585  -4.886215341678039 
  -13.835209154457678  -3.4449592238509146  -13.636463957119142 
  16.430051253426505  13.0941697750034  5.041313836522624 
  -1.329225823098103  -15.138124918342907  -5.391688751814698 
  -9.714791098058654  3.5114965877746545  9.02343690075826 
  13.898416183762098  -4.683660289097499  -4.611131380459673 
  4.441809767279725  15.148989210925672  -14.658641355850133 
  -22.262468916235722  -4.1427489149827785  6.122604807909454 
  -5.9758850882715455  5.889741869724169  -14.647496055516262 
  -9.85387391992284  -15.395236395919794  17.40198748198583 
  -9.205684703415987  8.401176831316633  17.599441868615255 
  -1.1762077616347812  12.491790524245754  24.85739759313288 
  19.604917145262927  9.978856581816085  -8.33979861786857 
  7.843186890020634  -10.690174809779327  1.4694222844886038 
  6.330606228367976  -5.039173980806056  8.16260789006672 
  -5.5975147290027065  -8.771002291102329  -28.311777693004583 
  8.381226927934224  -12.832064857667724  -23.81425795337454 
  -1.1104722523950448  13.670868519163214  21.375009763389777 
  -10.397779364484416  6.542549243002669  -2.009243917329575 
  -3.0967802526940473  -5.886799679488379  -5.119630847663772 
  -17.054044865915923  -28.86791750531687  9.326527304857695 
  -12.32419471017635  3.952798686599032  8.726085136932975 
  21.669100534797657  -8.005565745365713  -27.505674766065297 
  -7.460405530875395  -3.2643866129331145  -0.10915884290698857 
  -4.812596027034554  2.922141937352364  1.0378860322408687 
  -8.344210005133357  1.6807355264157107  -8.220884865610799 
  11.172052956937195  0.7046331261020607  10.923303654092592 
  -12.314392433544143  -4.878437387382651  3.1072354013095835 
  -5.22390038960832  2.790547174320551  -10.571772181681217 
  -24.619230361748414  -1.8779502006890252  -4.286769828454052 
  -5.2407605818355485  4.946680087096454  0.7076127122826444 
  -11.51552767402955  -22.761231995984247  -14.668899580629716 
  0.2643230183408667  -0.5773246774579822  1.3761036630834265 
  18.10572620308842  9.31716702124731  2.438112862212589 
  -20.806324606905303  11.014352222821266  8.217124719422396 
  9.906984581203536  -1.6745454061438665  -2.2796372096291595 
  4.127306025680871  -2.1014215001320014  -2.3098930294687623 
  -28.58986676039321  -14.769913906917095  7.1452570775906095 
  21.115096830310176  -11.211285097464598  2.0006290197729637 
  2.4021711300829094  -11.565795807303838  11.776627115729484 
  -4.355180032730632  8.584686003131674  -3.060660722429647 
  -15.903022315245419  4.234257246525228  -24.70581704969843 
  -15.156217061312116  -7.991497063663891  -4.9707840280499 
  -14.424408844947637  -11.420152833947757  -8.858946862277515 
  -3.967774671471747  -10.373865723738438  13.364307648219285 
  -0.5381963458411622  -3.9320844645371515  13.024029791651845 
  7.213017056409099  8.926452022821264  2.015700682232729 
  -7.410447148401975  -11.062838125710146  5.095410317008544 
  5.039308737673789  -0.7333071850941655  0.66368153375626 
  3.9273333103900434  -6.270895387033063  2.0589006996116628 
  -1.20186679266461  7.723492626346282  -11.21210069808713 
  19.429646799025846  -13.671211803454423  0.004565058206312944 
  0.5233528310592642  3.7470843145645256  9.348403713664979 
  -0.14221395386085836  7.552247154672552  -8.028909867607613 
  23.20999346241426  5.146279663730164  10.03545022976511 
  6.166805130782815  16.85055099361121  10.195757108402853 
  -2.9839668994227817  -5.381400261141662  2.012100428718227 
  -1.5092910236597314  26.533203983545555  -9.265563719735011 
  10.298660061862844  -5.22896188608824  -20.328319204140772 
  -5.090485169728227  10.825796714839694  -17.11370226418517 
  4.453107240398116  0.5856117478227725  8.095066010046711 
  -7.695385433258587  16.997365973687852  -14.215431672499738 
  -7.348535825819758  0.48119093646965583  -1.3214694623221155 
  -3.2291512073821638  2.138865615512567  19.628208086962296 
  14.126647146771795  -0.03675216907039301  -0.9185513398377062 
  15.79564850439273  -6.364870275985491  5.731496823407857 
  6.740616149013039  -0.7186842698244138  -11.994446592611618 
  0.19642035746628514  -2.070835734187006  15.634803766555695 
  17.22451836719656  -4.876246262597969  -6.962358745756901 
  8.22455942123067  -1.2713460410878246  -0.4969917588982043 
  -6.949876178986627  -24.871092086084726  4.277750633023634 
  12.650809335688807  -19.596629815767066  -10.881437266028392 
  4.393052638585186  4.665738020693188  -27.17754738301714 
  -9.068815324590934  -2.092717889761951  -16.309214279513867 
  -5.174348230165678  4.188176742667359  14.160852877189537 
  -5.402311865590305  17.693056938751813  -16.275417320710993 
  8.168651251632857  3.748867548554938  -0.3800405912444319 
  -18.317137870322046  -13.680041136231349  10.588525575957132 
  0.6877779078075794  -1.8213305176351278  -1.9961339884881624 
  -3.631469154610685  5.060779546886992  4.7337859087889935 
  6.341531317453573  -0.7653495165423738  -8.174595548118608 
  17.7839948563473  -8.198611547267461  6.884980412704508 
  21.80496974244431  11.729202137703856  -4.808382473069089 
  -1.8054438734639713  24.091447738594542  -4.101307053396835 
  0.7071571622726037  -19.554208075696245  4.400994324502603 
  -6.163328308794707  7.600946335847695  -6.162074990270823 
  -17.566706404850358  17.920709698054566  6.778496469862981 
  -4.1888301662555945  -6.394056225216568  -7.840150571393904 
  -2.741852115434501  7.334164616560519  4.290907038956374 
  5.876412144846082  3.049838531848443  -0.4885105101989627 
  19.283289379339998  -0.895102053610151  2.694476846365654 
  3.4413855989289845  8.049012534699413  -0.2592794670139427 
  0.004021852461130083  -2.073014836273638  -3.58006413422576 
  -19.78316594135723  -14.97578142044899  -10.771344696919837 
  -7.717866531063447  6.768535510201878  -2.6051085346846943 
  -14.779414934612884  0.5528630140242682  -5.587813604236374 
  -16.122749564047975  -8.745635934825598  -12.241159177102304 
  4.380594250865466  -22.498954428928435  -3.9811059986288746 
  -11.617535721960596  5.332026401883147  -12.253727242278297 
  -5.302113189043524  17.870061301999442  -23.535041769688863 
  5.178491860590523  11.50236226565545  4.4037225071466235 
  -6.636698737062057  2.8009314830730845  -7.407341285616162 
  8.232937977847552  -3.6283214960917025  -9.549086174396693 
  -21.823544043283682  -2.9801750524240207  18.833712282519954 
  6.9363547143444375  -7.248420545532098  -1.1197298393396722 
  -0.3790939312398353  -1.6044636847330167  -0.14257186144466222 
  16.662437731979292  -5.288875139493741  0.9397851170179327 
  -4.104989811873555  -16.528279933764786  20.728587555346806 
  0.04977511387281509  -11.608912742166508  -0.6062580497799185 
  13.906170761284379  -12.514603367214082  -1.0738543341869524 
  -9.32689401100329  -15.137538862696175  -0.7674430393031947 
  -7.776644755070352  -10.34723893113207  18.697285475067336 
  -12.622632430467288  -0.7953939291212296  -0.8121811739220715 
  9.806347495715135  16.250239528744853  0.7403866527854593 
  2.242085435760977  14.90848333555444  3.816136453814445 
  -4.633844343856714  4.463566341044726  -18.377221400851795 
  -5.34746331204498  -19.27938355338018  12.965194353992365 
  12.285230774615096  -5.439321831290654  2.764490286488876 
  4.418289894533754  -19.10048485843233  -23.22837512989611 
  17.326757941467545  5.316277415338015  -4.344421879171559 
  12.033261379533636  -22.281425635217108  7.682847681802407 
  4.220144675861068  -3.9970263245533983  15.01102237810114 
  1.955008201262961  12.597741542378554  -8.625794568926661 
  11.911162802551724  18.037514500214275  -10.436942582251945 
  -2.552573280036988  -10.831537675729722  3.133907706797051 
  20.5216483617714  10.5917410104797  12.455337156150451 
  -17.589941438994774  -18.816108622182146  -10.673027217971379 
  -5.140408937792429  -3.388229295538208  -3.366550974923693 
  -12.616798952824062  -18.700893207938698  -13.678006647016508 
  1.9592147024204358  -0.735682587929041  0.23741440118527085 
  -6.887319617078291  -12.26059302633669  -5.651376944908376 
  2.072676786347428  2.866679101931172  18.057638786147198 
  -10.377300680814807  -7.639074812465786  4.059558868088298 
  -2.0719618851252175  27.563875071274246  25.15454635064487 
  -16.950823755499734  -0.9150944948419893  13.505978712463579 
  6.1679941645923675  15.989712630063368  1.844022942564417 
  1.0575371362603976  1.6317943438325913  -13.873768714256633 
  10.391338593147585  0.027536707976145696  1.2212022012992925 
  -3.9252177219064164  31.629682862918195  0.9363625615643111 
  4.509533032591089  0.9814335747773637  1.7627979973566907 
  7.2019331863038145  -7.08943715607979  15.276929520605531 
  -15.104882114413437  5.8984016759690405  1.2509975346387003 
  -8.93575116693849  9.21158925923835  18.237695235623445 
  -12.093265256042532  -7.279684514175037  -10.323174070400388 
  11.93185139262115  -17.50585579433921  -9.105529322145687 
  -10.87246764113419  13.65258428136358  5.444471788570885 
  9.924442394421359  2.7627748372930947  -15.695400911496991 
  1.008052370505825  11.761505445839214  -1.3849771967541533 
  -3.1985448265461702  10.79808039906367  13.33386462333427 
  -15.796144751719199  -28.518892646471123  8.110723385280505 
  -6.341675926586859  9.7776036294528  -9.620069133347343 
  19.324890849403577  24.20958666781377  -24.204998009844566 
  -14.089547864884056  5.633835054646252  2.4348732479892927 
  8.100410846657606  7.328544775116666  14.407796455446935 
  -6.382804220414449  -5.701342493917817  0.768783063558758 
  1.3141144284879744  1.9949600839207853  16.427522998582308 
  -17.139199434278815  -1.2938304591734844  7.1299471516465545 
  2.6185503710640483  -2.335241669885186  22.230275475364984 
  -1.7707746697385236  15.973552272470702  -9.443866252148307 
  -24.78493973581207  -3.538067650592362  5.981727765778659 
  -4.917780857497282  0.8023782267862984  -3.8864091257452915 
  7.722836419114012  3.7456560289977054  -13.700660897552137 
  2.862547872486148  2.973848010818115  -12.4235559153574 
  21.614191248291363  -7.558550736875588  -15.50946142295156 
  24.31798650026434  -12.055502862966602  -1.350617946810393 
  2.09486021947123  -4.739181784182354  4.600470322912678 
  2.331388134860155  -24.9510643950175  16.034599854229235 
  -19.130090979099492  2.328365762230573  -23.966357623439198 
  15.569519024540563  -9.790251757527198  -2.819772667090991 
  -12.176658990891323  -5.31297401031056  2.353657756491464 
  -1.2128613780557995  -4.344095172200443  13.139775235453902 
  25.290981596555937  -17.662783305971473  -8.150956461339355 
  4.043730762866759  5.919838377377709  -1.0534189912171932 
  9.34550344103701  6.532573313475638  -3.29611754249245 
  5.5689625053156115  -9.837111761439818  27.416589229526902 
  3.2132379713661154  11.939351562829588  1.3744004996888874 
  -10.366830179132302  28.876092192957042  -6.0351565871785695 
  14.280343107356268  12.150929704582959  -23.006507081539315 
  -5.207812337171808  -2.5210959882365693  -6.019673386329023 
  11.082342999484915  4.545382477479725  -2.23960563139437 
  -1.2730945210061104  -2.564518045605182  5.2887135084124495 
  -0.15059012083291093  4.376418561968188  -13.577395279515484 
  -0.26354409854876  -11.73844422831045  1.37549928420302 
  -15.836355045546412  -10.183441941415136  21.146828884043387 
  2.4103885908872322  -4.2074570127076045  -0.5682550634257395 
  2.665489130642578  7.33237721064349  5.110886295668226 
  -12.91788952736972  8.568219490904703  3.8554090403867516 
  3.5329593222766835  -3.6190151813231957  22.38644802216351 
  3.4058019640931345  -7.6904170252076165  -1.1326350348115164 
  -16.723374925813715  4.8211922438375066  9.584927589264181 
  14.314078295224181  17.63793877959537  17.76879696738889 
  -3.622367333657584  -17.748509192845695  -16.294297273667038 
  13.082979799775464  12.517164513381386  8.620039707383288 
  4.558569366673863  -7.46777162587574  -7.036370525207713 
  -6.886655540272062  -10.501961206680344  1.693405805497557 
  -0.7587524740048962  -0.9151008749171763  5.717257873882372 
  -19.760130318286404  -6.24246854810023  -3.917233878749533 
  -1.6751902530404263  -5.536280590283922  2.6831778807387163 
  7.361303715389425  -0.027330998290021995  16.50123394218742 
  6.168571467126984  9.159702110980094  3.9983650625871885 
  0.49511021357651813  -3.152914859801121  -4.8592899251028845 
  -13.439752502094322  -1.1666097536254163  -17.092961757350604 
  7.263363077991235  1.6191128521222042  0.8877567540267788 
  -3.932137987894858  -8.300679185985363  2.482539412273204 
  -30.872320259493602  -7.618348628337761  -8.903268120192337 
  -24.457922827084385  12.029352782384947  -0.10210252418337032 
  23.27738291511832  -24.1533006082156  6.265629391647083 
  -18.715846633969658  0.9852755477265173  -16.63524560574264 
  0.9027489215559374  -21.192030881350448  -12.061461661631645 
  1.4045691389008739  -13.068716538798219  26.479675995550988 
  9.436182026745268  4.262742033332202  -14.93419136416014 
  -1.049632367575008  -3.146380616163592  -22.156843844918797 
  13.494044106688207  10.394869733898966  11.517739540292096 
  -15.648555443039232  7.407773087166508  -14.722425119984564 
  -9.136143818139393  15.655168554012151  -10.257287545126966 
  19.254857672158185  12.971861893605425  -2.3069588597633155 
  14.705904232202155  -8.846590872170852  -1.5183848205629107 
  1.0553547200004578  -2.018465171047776  -4.491210248536377 
  6.3398508232910995  2.33180132599496  -0.38023556601781994 
  15.673621160438685  -9.337106895083224  -8.748353033270527 
  -1.7338015550296102  -10.955354329123617  1.4874644689705572 
  2.621068246604197  -6.415365327519789  -5.72724605490108 
  1.3053648755953549  -29.04608114318048  -15.829319108037414 
  4.196348520810835  7.596076591539556  17.10991794807601 
  3.1483726474058664  -10.945242385180741  -15.014936433359749 
  -1.9701082914498038  6.7234979400705885  8.870163228570297 
  5.670990986263465  2.0084914260789386  4.433867985073265 
  11.209879597893407  16.543520519881596  -0.6887123912103145 
  -15.188242419351921  -29.039506389471182  19.07858479762278 
  -4.801688906577659  -12.542044032300241  -2.7804430657173325 
  -9.18720281892432  16.218842488569994  -6.843370998233581 
  4.689361889104209  6.672194714403192  2.6334663057414835 
  -15.513491135817036  -3.0115758553564222  4.971061900551345 
  13.610434602240245  -3.579245010028656  -24.1872742475822 
  -22.770365303874012  11.59379441457515  -12.495601857675364 
  6.662453684676028  -18.920114470666928  -1.6937056355460827 
  -16.29972076231492  19.380755392861005  -8.269394839442306 
  20.211072538866954  12.957018361882582  4.739661890470852 
  -8.365801309484304  3.8197528701417274  -20.446658399408722 
  4.663382678634963  8.260799223848473  -4.639760957943975 
  0.5333756784343132  13.526746907311647  9.645317060704867 
  10.78579429122487  -17.258582582136366  -11.140521492719094 
  -4.433663190392929  6.917415811307091  -2.1081818651588664 
  2.3029627378808017  -3.6467127384974525  -5.1990879781137975 
  -10.380676585289049  1.0587630405711304  10.398290705256944 
  9.57307080080323  4.687030680500275  6.25741207163028 
  5.840352840684986  -15.221917521022  -13.689360391703058 
  -7.933700919986112  -18.5867634979907  -15.811404949809187 
  -11.615151964690032  -34.2951232178939  -12.32175453344249 
  -6.125967550454496  -12.200655839141834  9.311252383510041 
  8.601023149250064  23.163284348093246  -4.242116344788982 
  35.82767975081764  -8.103684960385904  -9.453400351341612 
  -6.218439188989582  -3.892241609949  2.638822432215595 
  -4.7308087374925  -18.450470530560484  9.98193749262232 
  -8.595739322294184  1.020095466211571  -9.883188594222807 
  19.404196262370817  -12.154916129232857  8.736798853494733 
  2.187025899630861  -17.799545781057844  10.542095223189637 
  -16.90251033192407  -30.298024088085416  10.82681227792096 
  20.458687267194755  0.17480816346979652  -7.186992586209447 
  -8.215507538985891  7.294377102176497  2.87736958936703 
  -7.958248503108163  2.0299372972610796  -4.247954204369399 
  -0.49703006116020654  22.659452071921333  -16.17992173931831 
  19.19591342762864  -4.101217633173781  11.422564494356918 
  -5.860401833392863  4.1441773283520424  7.508571269387721 
  -4.380768516005495  -9.006576237502552  -10.01582534679511 
  -14.841577738874811  -15.52318603759484  5.4937903480068435 
  5.917940534113506  -11.260173577907297  14.176722633135897 
  13.857040732843934  1.5736195922842193  -12.651453830397964 
  3.0314895177846988  -12.688399591373669  12.440673448551763 
  11.105909988973382  -2.546301763392897  1.022264991196722 
  4.066942564828544  4.365418275885127  0.8605580271402476 
  1.0683855141762735  6.950724463215839  -12.413074970372515 
  -19.310923411265325  2.7045017382508223  3.502890351042438 
  1.491677237642945  -9.305583907784245  -1.1094915646221544 
  2.1708876960145504  -17.926717961626345  0.805581117500084 
  -23.790191439604932  18.569030249185687  -1.0168035682649745 
  0.05961753789631575  -13.94939356491749  13.347249093675332 
  -16.382261638577603  6.124844387830372  -4.7267727005833855 
  5.48084226009058  0.5739634412764393  0.5024605701807382 
  -15.731298159063224  -18.155278013345125  -6.837327194155972 
  -11.506148420906554  -8.969750283293376  12.26058374984517 
  -1.9793617011364615  11.062056892312816  -1.0345591234552656 
  -3.320841302018221  19.75054269249374  1.5093400932358485 
  2.291447264494728  6.836057308799212  -10.058412708058299 
  -5.592108888759687  -10.65128588638254  6.287822967351524 
  -16.321252773232057  -16.964127906516378  -5.843902417617988 
  7.490824152827728  -13.924929153703841  7.721789419590169 
  20.180672063629398  -7.906183157262678  -13.600418468907796 
  -6.624963919555913  -39.32009941825167  5.353377768566118 
  21.519913079286688  11.634903582217223  0.3874116464889562 
  6.982608379120525  14.641322703079453  6.024918533877358 
  -7.954327632948172  -2.2389890833308828  7.570082734439165 
  -12.608519808627934  -2.4615432611962285  -3.9032303547144904 
  -2.048096429898967  -14.949691359952299  15.593019904756963 
  6.974295381040806  12.23890269172247  -8.859576028806037 
  -11.288708860232488  -12.918237759980798  -0.40982984272145667 
  -18.545036654175878  -13.383175376856531  7.105367305968766 
  7.827331319032549  -0.8834317017399479  -18.86006230637015 
  -26.611137697961112  16.94309749607402  -0.5317526262199305 
  -5.47510218838094  -1.7026174856766738  -11.694338147763391 
  12.887246728837667  6.034976593423458  -8.073290766992278 
  4.166615783322456  7.668070705428111  -3.6740594662270314 
  7.625598209228993  10.943888757497831  -15.31708130637381 
  -13.453899212009594  -5.7206946596753445  0.4211106130882445 
  0.3702929814013696  -0.24804652394056842  -6.474352100923057 
  5.958949191378559  -3.5716248943438043  -8.707422178800178 
  -0.47127806985334064  -25.22019201796935  9.190092778911573 
  -2.8278557079378395  2.223894840046716  -14.436727724351512 
  5.4276171646431175  7.85309155836712  14.942680434887816 
  15.821109369525546  2.39091664825317  1.457780975375351 
  -6.377544269563886  14.559806429627832  0.7098861413174478 
  -17.358071584647877  -13.765141382806213  -20.887951633233257 
  -16.94684940251796  -1.167612362894334  5.325213193917841 
  -11.724637032798862  8.872191560373537  1.2422198281994965 
  10.341977142198731  -6.151064486170138  -9.03890843209142 
  1.393756154441873  7.846513939759225  -0.9747596462203361 
  -23.895315851634187  -10.391895608940489  -4.040070916579317 
  11.987387664796783  -5.39074729149086  -1.8863174843266943 
  6.444241178882251  6.223460021689848  -3.5383993280996227 
  24.029335932179972  -2.4721726500182517  -8.8151481523844 
  -10.371446138063142  7.868643844479254  6.481823537365145 
  -0.08589998663167153  4.441765975764727  27.362222889578405 
  -5.779147461706174  -2.7142983587245237  -26.921886895053053 
  8.424701190039015  -11.00952471372145  2.2388849050526543 
  -2.5525138934510996  -0.10019345024427019  -14.065287808666719 
  -3.6630682363371863  -2.9240716901177906  3.6893447899617104 
  6.205974183993365  3.491499636082761  -13.464576067203845 
  7.88599680731847  -16.091684197270933  -23.66643828520213 
  13.177260999755218  6.405735488560888  -12.50273858489426 
  -17.010430034868843  5.655360983955866  -23.62303194435364 
  -3.236788842917305  1.5649458211511738  23.422254674421126 
  -11.496882446122525  12.904743264660942  -9.81619111952257 
  -7.744482803221872  18.799579023093983  15.38966412012963 
  15.992094540239934  14.992206913915528  14.19602166903664 
  -18.371200535628017  -21.56891705242483  -5.3108754504957005 
  -14.81103349406275  -7.017441867598078  -15.702203549837808 
  9.833939636808989  -11.073694253549535  -4.376308697184084 
  10.660856154987531  17.572710110733205  1.2023539161919516 
  -4.029141759726167  2.9691611089011465  9.205122330835662 
  9.80811005804255  9.81737657294884  -10.592429984885264 
  -8.160115799740169  -0.5917168925068615  4.966295066796442 
  8.198434609472393  3.89542890441282  -9.382774204029685 
  8.674715209609234  11.295615130648295  -3.8662340323603246 
  13.498863588415801  10.319601667098262  7.055778122783531 
  -1.1439670192346392  -9.067903333335165  -6.806648253864363 
  -8.02137300233946  -22.424446247828797  22.612450295306825 
  0.5342089492733946  19.62272246611554  5.512954238466401 
  -17.11961808057669  6.6712126010322255  -17.96084913594552 
  3.219939994706618  2.4807923878152085  -15.265519588978504 
  12.651332439380683  9.855665362146299  1.4219164412211114 
  0.5483030259377405  -7.122411868366516  -16.70256272399876 
  -3.317753709786657  -13.567895640374056  4.968546956787896 
  -7.4835544541484635  19.06013474851023  -10.961918654871766 
  14.147139107125987  -0.9875651831756889  -1.0488853870647736 
  -7.41412420238745  0.6580062067637669  0.6198242209586333 
  -7.040811483992608  -16.210471501955794  6.381686577689844 
  9.53552881991914  -23.211859950325177  -1.0329336620140983 
  1.166991659271351  -5.207682860610394  -6.463331271167131 
  -0.8366423033777618  -3.8682829032222963  0.6757964699572999 
  -14.055197373759528  -5.152418268563647  6.642630195073614 
  10.424351401577251  -17.57857846617387  -2.2565805893257225 
  -11.155546527041055  11.970322513738708  1.4273200419781968 
  14.320856368972215  -0.8833229279185866  -11.098011597825476 
  -21.220298041240067  -1.524420651262519  -12.413513955982648 
  6.395433273014748  -5.1832041156873725  16.878713700624143 
  -5.130517608619466  9.448114100061245  5.938314998574039 
  -1.6039611026646436  0.774749886007176  -15.189529750454534 
  -8.8569668429974  -12.062184595826631  4.726871938893197 
  -23.336601733962954  2.2370221989812817  1.0412303680236514 
  -0.909038729843027  -5.544398757556098  -12.15408271266853 
  -3.7823713741718987  6.465108856197493  1.25196940734531 
  -7.936100025197303  17.76234868283574  -9.574678437563776 
  12.476298753725395  -25.840814425076136  -23.13031729282221 
  9.878521616373115  18.353404122186404  3.5924921168400465 
  4.057433508906196  3.3028679011859206  12.005122238587296 
  22.796697434082144  -0.4103284604142817  14.580714901281542 
  -7.524365048679766  -17.263027186599817  3.241417562197351 
  -17.004121136650912  -5.448955618286251  -12.609686774833644 
  12.208554712395877  0.093457961957506  -4.779609357264304 
  -0.07207095890731045  -11.352651180197327  4.541503115739064 
  -8.335395677690661  2.474197997318628  10.284404742342067 
  16.045259389243547  10.863647607411599  -5.08802293793006 
  -10.708716448590183  4.2672193748453  21.304966736232846 
  -22.571544994334285  4.6555958005573475  20.151075700409518 
  9.111201453284368  -20.178146254838754  -5.571379328593461 
  -7.865828707001708  -0.9238362515326086  -3.693589421978927 
  1.2179035701195877  -8.009334268592424  13.17855982777162 
  -8.97714925198472  -21.599948683573402  6.184387615681381 
  5.041159978062134  -15.853931065721238  -2.8516101895905512 
  3.075493131355479  -3.211931182981404  -8.865219954246722 
  -3.0998166029560426  5.477229006593214  3.0267715465007425 
  -5.744989227081983  1.345458731875711  7.541887009065816 
  1.6530580954213676  -19.15886559604599  24.390150677266313 
  9.076793459475066  11.458562481695369  7.809127040232937 
  2.7712853988460826  -4.5036537186862535  4.208840237346444 
  6.077626323212894  -12.448300634894162  1.368013175787337 
  13.25871720146691  -18.493634262553023  5.934997300460737 
  13.420368353136384  -3.1739471053057793  -5.44083200195966 
  4.967462649135385  -1.8547105918906306  -1.9594351062276714 
  -12.71185959031966  -13.22713414962196  18.604677971045053 
  -14.763144335903569  18.246552967584773  -11.643903060080309 
  -0.995488401071166  37.84643711746223  15.453515926937927 
  -8.740465695904343  12.717467781596351  5.475362379575141 
  22.774434135471786  -11.63168590563139  12.557568625732342 
  17.958284876706397  -24.212172660343075  7.431619768188449 
  0.13399487104338326  -0.6599655053474307  -7.475574574380137 
  6.659184832601611  -2.5468033929797063  7.6432278290441715 
  0.06601935289929589  8.996747189897428  -22.378565630569845 
  18.370966441531905  -9.677701944249854  0.3995825857008092 
  13.228998179210624  19.35173485083485  12.894660926477677 
  -6.419195913441858  -2.6214351076775158  6.791385146535353 
  -3.1284532982015283  11.581404679034474  -5.43623714224032 
  6.430061187729604  -3.8772126101336593  -21.84650222155861 
  -2.8119502377906604  -4.084129613815048  2.028849135041071 
  1.044802859230658  -14.31154518669021  -9.327131613616869 
  -0.8969580215932731  9.353331341903337  13.66620581632829 
  -0.5013143369974393  10.7826787389486  2.9168532528729285 
  -5.39446176195225  -0.885271449287016  10.831284137369956 
  0.7309090199930464  -5.544103601171317  11.920876454307647 
  14.629703366400674  -8.049787647492625  17.80943570511255 
  -6.607723414741318  -16.577178271534446  -9.099762579458247 
  -18.60694467757419  13.770316874903868  4.40031758841179 
  1.5281951326119794  -12.024411369224488  8.874876193607674 
  -9.535832477218765  4.654985636550357  28.35855172486181 
  -12.077939872122803  14.889319578075488  16.16206708013383 
  12.285925703280661  -10.275423815859767  4.281375073814849 
  0.18668140647108464  -5.540390382119941  13.540325480872712 
  -12.88006838486172  -1.9624311978408602  -6.887877531374461 
  6.567599879610139  11.238922532928763  14.89914804377494 
  7.630179878928042  -1.738071078538874  6.70295869857612 
  -9.055205940397483  11.133455482952309  7.205807928773223 
  -5.111209665639201  4.169542207865673  16.08423958264186 
  -8.875209394523399  3.4887893449417  -6.9430748250846 
  0.4181247841691429  -23.23335285307321  -21.112210426875862 
  -2.1732441700941605  -16.889319167639368  1.0531989501327867 
  1.7836948694210482  7.400216189971095  16.954674637923812 
  -10.783584009646269  -3.7316707696321356  -11.967354176728985 
  -10.927044763831855  2.312304291611766  -16.455979344207307 
  -23.26253597969796  0.8348333365819192  6.230943988904846 
