  1000 
  3 
  0  
  3.0  
  3.0  
  3.0  
  3.0  
  3.0  
  3.0  
  3.0  
  3.0  
  3.0  
  3.0  
  3.0  
  3.0  
  3.0  
  3.0  
  3.0  
  3.0  
  3.0  
  3.0  
  3.0  
  3.0  
  3.0  
  3.0  
  3.0  
  3.0  
  3.0  
  3.0  
  3.0  
  3.0  
  3.0  
  3.0  
  3.0  
  3.0  
  3.0  
  3.0  
  3.0  
  3.0  
  3.0  
  3.0  
  3.0  
  3.0  
  3.0  
  3.0  
  3.0  
  3.0  
  3.0  
  3.0  
  3.0  
  3.0  
  3.0  
  3.0  
  3.0  
  3.0  
  3.0  
  3.0  
  3.0  
  3.0  
  3.0  
  3.0  
  3.0  
  3.0  
  3.0  
  3.0  
  3.0  
  3.0  
  3.0  
  3.0  
  3.0  
  3.0  
  3.0  
  3.0  
  3.0  
  3.0  
  3.0  
  3.0  
  3.0  
  3.0  
  3.0  
  3.0  
  3.0  
  3.0  
  3.0  
  3.0  
  3.0  
  3.0  
  3.0  
  3.0  
  3.0  
  3.0  
  3.0  
  3.0  
  3.0  
  3.0  
  3.0  
  3.0  
  3.0  
  3.0  
  3.0  
  3.0  
  3.0  
  3.0  
  3.0  
  3.0  
  3.0  
  3.0  
  3.0  
  3.0  
  3.0  
  3.0  
  3.0  
  3.0  
  3.0  
  3.0  
  3.0  
  3.0  
  3.0  
  3.0  
  3.0  
  3.0  
  3.0  
  3.0  
  3.0  
  3.0  
  3.0  
  3.0  
  3.0  
  3.0  
  3.0  
  3.0  
  3.0  
  3.0  
  3.0  
  3.0  
  3.0  
  3.0  
  3.0  
  3.0  
  3.0  
  3.0  
  3.0  
  3.0  
  3.0  
  3.0  
  3.0  
  3.0  
  3.0  
  3.0  
  3.0  
  3.0  
  3.0  
  3.0  
  3.0  
  3.0  
  3.0  
  3.0  
  3.0  
  3.0  
  3.0  
  3.0  
  3.0  
  3.0  
  3.0  
  3.0  
  3.0  
  3.0  
  3.0  
  3.0  
  3.0  
  3.0  
  3.0  
  3.0  
  3.0  
  3.0  
  3.0  
  3.0  
  3.0  
  3.0  
  3.0  
  3.0  
  3.0  
  3.0  
  3.0  
  3.0  
  3.0  
  3.0  
  3.0  
  3.0  
  3.0  
  3.0  
  3.0  
  3.0  
  3.0  
  3.0  
  3.0  
  3.0  
  3.0  
  3.0  
  3.0  
  3.0  
  3.0  
  3.0  
  3.0  
  3.0  
  3.0  
  3.0  
  3.0  
  3.0  
  3.0  
  3.0  
  3.0  
  3.0  
  3.0  
  3.0  
  3.0  
  3.0  
  3.0  
  3.0  
  3.0  
  3.0  
  3.0  
  3.0  
  3.0  
  3.0  
  3.0  
  3.0  
  3.0  
  3.0  
  3.0  
  3.0  
  3.0  
  3.0  
  3.0  
  3.0  
  3.0  
  3.0  
  3.0  
  3.0  
  3.0  
  3.0  
  3.0  
  3.0  
  3.0  
  3.0  
  3.0  
  3.0  
  3.0  
  3.0  
  3.0  
  3.0  
  3.0  
  3.0  
  3.0  
  3.0  
  3.0  
  3.0  
  3.0  
  3.0  
  3.0  
  3.0  
  3.0  
  3.0  
  3.0  
  3.0  
  3.0  
  3.0  
  3.0  
  3.0  
  3.0  
  3.0  
  3.0  
  3.0  
  3.0  
  3.0  
  3.0  
  3.0  
  3.0  
  3.0  
  3.0  
  3.0  
  3.0  
  3.0  
  3.0  
  3.0  
  3.0  
  3.0  
  3.0  
  3.0  
  3.0  
  3.0  
  3.0  
  3.0  
  3.0  
  3.0  
  3.0  
  3.0  
  3.0  
  3.0  
  3.0  
  3.0  
  3.0  
  3.0  
  3.0  
  3.0  
  3.0  
  3.0  
  3.0  
  3.0  
  3.0  
  3.0  
  3.0  
  3.0  
  3.0  
  3.0  
  3.0  
  3.0  
  3.0  
  3.0  
  3.0  
  3.0  
  3.0  
  3.0  
  3.0  
  3.0  
  3.0  
  3.0  
  3.0  
  3.0  
  3.0  
  3.0  
  3.0  
  3.0  
  3.0  
  3.0  
  3.0  
  3.0  
  3.0  
  3.0  
  3.0  
  3.0  
  3.0  
  3.0  
  3.0  
  3.0  
  3.0  
  3.0  
  3.0  
  3.0  
  3.0  
  3.0  
  3.0  
  3.0  
  3.0  
  3.0  
  3.0  
  3.0  
  3.0  
  3.0  
  3.0  
  3.0  
  3.0  
  3.0  
  3.0  
  3.0  
  3.0  
  3.0  
  3.0  
  3.0  
  3.0  
  3.0  
  3.0  
  3.0  
  3.0  
  3.0  
  3.0  
  3.0  
  3.0  
  3.0  
  3.0  
  3.0  
  3.0  
  3.0  
  3.0  
  3.0  
  3.0  
  3.0  
  3.0  
  3.0  
  3.0  
  3.0  
  3.0  
  3.0  
  3.0  
  3.0  
  3.0  
  3.0  
  3.0  
  3.0  
  3.0  
  3.0  
  3.0  
  3.0  
  3.0  
  3.0  
  3.0  
  3.0  
  3.0  
  3.0  
  3.0  
  3.0  
  3.0  
  3.0  
  3.0  
  3.0  
  3.0  
  3.0  
  3.0  
  3.0  
  3.0  
  3.0  
  3.0  
  3.0  
  3.0  
  3.0  
  3.0  
  3.0  
  3.0  
  3.0  
  3.0  
  3.0  
  3.0  
  3.0  
  3.0  
  3.0  
  3.0  
  3.0  
  3.0  
  3.0  
  3.0  
  3.0  
  3.0  
  3.0  
  3.0  
  3.0  
  3.0  
  3.0  
  3.0  
  3.0  
  3.0  
  3.0  
  3.0  
  3.0  
  3.0  
  3.0  
  3.0  
  3.0  
  3.0  
  3.0  
  3.0  
  3.0  
  3.0  
  3.0  
  3.0  
  3.0  
  3.0  
  3.0  
  3.0  
  3.0  
  3.0  
  3.0  
  3.0  
  3.0  
  3.0  
  3.0  
  3.0  
  3.0  
  3.0  
  3.0  
  3.0  
  3.0  
  3.0  
  3.0  
  3.0  
  3.0  
  3.0  
  3.0  
  3.0  
  3.0  
  3.0  
  3.0  
  3.0  
  3.0  
  3.0  
  3.0  
  3.0  
  3.0  
  3.0  
  3.0  
  3.0  
  3.0  
  3.0  
  3.0  
  3.0  
  3.0  
  3.0  
  3.0  
  3.0  
  3.0  
  3.0  
  3.0  
  3.0  
  3.0  
  3.0  
  3.0  
  3.0  
  3.0  
  3.0  
  3.0  
  3.0  
  3.0  
  3.0  
  3.0  
  3.0  
  3.0  
  3.0  
  3.0  
  3.0  
  3.0  
  3.0  
  3.0  
  3.0  
  3.0  
  3.0  
  3.0  
  3.0  
  3.0  
  3.0  
  3.0  
  3.0  
  3.0  
  3.0  
  3.0  
  3.0  
  3.0  
  3.0  
  3.0  
  3.0  
  3.0  
  3.0  
  3.0  
  3.0  
  3.0  
  3.0  
  3.0  
  3.0  
  3.0  
  3.0  
  3.0  
  3.0  
  3.0  
  3.0  
  3.0  
  3.0  
  3.0  
  3.0  
  3.0  
  3.0  
  3.0  
  3.0  
  3.0  
  3.0  
  3.0  
  3.0  
  3.0  
  3.0  
  3.0  
  3.0  
  3.0  
  3.0  
  3.0  
  3.0  
  3.0  
  3.0  
  3.0  
  3.0  
  3.0  
  3.0  
  3.0  
  3.0  
  3.0  
  3.0  
  3.0  
  3.0  
  3.0  
  3.0  
  3.0  
  3.0  
  3.0  
  3.0  
  3.0  
  3.0  
  3.0  
  3.0  
  3.0  
  3.0  
  3.0  
  3.0  
  3.0  
  3.0  
  3.0  
  3.0  
  3.0  
  3.0  
  3.0  
  3.0  
  3.0  
  3.0  
  3.0  
  3.0  
  3.0  
  3.0  
  3.0  
  3.0  
  3.0  
  3.0  
  3.0  
  3.0  
  3.0  
  3.0  
  3.0  
  3.0  
  3.0  
  3.0  
  3.0  
  3.0  
  3.0  
  3.0  
  3.0  
  3.0  
  3.0  
  3.0  
  3.0  
  3.0  
  3.0  
  3.0  
  3.0  
  3.0  
  3.0  
  3.0  
  3.0  
  3.0  
  3.0  
  3.0  
  3.0  
  3.0  
  3.0  
  3.0  
  3.0  
  3.0  
  3.0  
  3.0  
  3.0  
  3.0  
  3.0  
  3.0  
  3.0  
  3.0  
  3.0  
  3.0  
  3.0  
  3.0  
  3.0  
  3.0  
  3.0  
  3.0  
  3.0  
  3.0  
  3.0  
  3.0  
  3.0  
  3.0  
  3.0  
  3.0  
  3.0  
  3.0  
  3.0  
  3.0  
  3.0  
  3.0  
  3.0  
  3.0  
  3.0  
  3.0  
  3.0  
  3.0  
  3.0  
  3.0  
  3.0  
  3.0  
  3.0  
  3.0  
  3.0  
  3.0  
  3.0  
  3.0  
  3.0  
  3.0  
  3.0  
  3.0  
  3.0  
  3.0  
  3.0  
  3.0  
  3.0  
  3.0  
  3.0  
  3.0  
  3.0  
  3.0  
  3.0  
  3.0  
  3.0  
  3.0  
  3.0  
  3.0  
  3.0  
  3.0  
  3.0  
  3.0  
  3.0  
  3.0  
  3.0  
  3.0  
  3.0  
  3.0  
  3.0  
  3.0  
  3.0  
  3.0  
  3.0  
  3.0  
  3.0  
  3.0  
  3.0  
  3.0  
  3.0  
  3.0  
  3.0  
  3.0  
  3.0  
  3.0  
  3.0  
  3.0  
  3.0  
  3.0  
  3.0  
  3.0  
  3.0  
  3.0  
  3.0  
  3.0  
  3.0  
  3.0  
  3.0  
  3.0  
  3.0  
  3.0  
  3.0  
  3.0  
  3.0  
  3.0  
  3.0  
  3.0  
  3.0  
  3.0  
  3.0  
  3.0  
  3.0  
  3.0  
  3.0  
  3.0  
  3.0  
  3.0  
  3.0  
  3.0  
  3.0  
  3.0  
  3.0  
  3.0  
  3.0  
  3.0  
  3.0  
  3.0  
  3.0  
  3.0  
  3.0  
  3.0  
  3.0  
  3.0  
  3.0  
  3.0  
  3.0  
  3.0  
  3.0  
  3.0  
  3.0  
  3.0  
  3.0  
  3.0  
  3.0  
  3.0  
  3.0  
  3.0  
  3.0  
  3.0  
  3.0  
  3.0  
  3.0  
  3.0  
  3.0  
  3.0  
  3.0  
  3.0  
  3.0  
  3.0  
  3.0  
  3.0  
  3.0  
  3.0  
  3.0  
  3.0  
  3.0  
  3.0  
  3.0  
  3.0  
  3.0  
  3.0  
  3.0  
  3.0  
  3.0  
  3.0  
  3.0  
  3.0  
  3.0  
  3.0  
  3.0  
  3.0  
  3.0  
  3.0  
  3.0  
  3.0  
  3.0  
  3.0  
  3.0  
  3.0  
  3.0  
  3.0  
  3.0  
  3.0  
  3.0  
  3.0  
  3.0  
  3.0  
  3.0  
  3.0  
  3.0  
  3.0  
  3.0  
  3.0  
  3.0  
  3.0  
  3.0  
  3.0  
  3.0  
  3.0  
  3.0  
  3.0  
  3.0  
  3.0  
  3.0  
  3.0  
  3.0  
  3.0  
  3.0  
  3.0  
  3.0  
  3.0  
  3.0  
  3.0  
  3.0  
  3.0  
  3.0  
  3.0  
  3.0  
  3.0  
  3.0  
  3.0  
  3.0  
  3.0  
  3.0  
  3.0  
  3.0  
  3.0  
  3.0  
  3.0  
  3.0  
  3.0  
  3.0  
  3.0  
  3.0  
  3.0  
  3.0  
  3.0  
  3.0  
  3.0  
  3.0  
  3.0  
  3.0  
  3.0  
  3.0  
  3.0  
  3.0  
  3.0  
  3.0  
  3.0  
  3.0  
  3.0  
  3.0  
  3.0  
  3.0  
  3.0  
  3.0  
  3.0  
  3.0  
  3.0  
  3.0  
  3.0  
  3.0  
  3.0  
  3.0  
  3.0  
  3.0  
  3.0  
  3.0  
  3.0  
  3.0  
  3.0  
  3.0  
  3.0  
  3.0  
  3.0  
  3.0  
  3.0  
  3.0  
  3.0  
  3.0  
  3.0  
  3.0  
  3.0  
  3.0  
  3.0  
  3.0  
  3.0  
  3.0  
  3.0  
  3.0  
  3.0  
  3.0  
  3.0  
  3.0  
  3.0  
  3.0  
  3.0  
  3.0  
  3.0  
  3.0  
  3.0  
  3.0  
  3.0  
  3.0  
  3.0  
  3.0  
  3.0  
  3.0  
  3.0  
  3.0  
  3.0  
  3.0  
  3.0  
  3.0  
  3.0  
  3.0  
  3.0  
  3.0  
  3.0  
  3.0  
  3.0  
  3.0  
  3.0  
  3.0  
  3.0  
  3.0  
  60.41813372135752  56.96217978685685  -82.5867324507114  
  38.80230507911336  60.09219557510573  -45.32863167173954  
  -48.07373984838283  -1.580011053956969  74.67777776498585  
  48.05250709176637  -67.27628341754024  90.98328760706832  
  61.852568582926835  -5.565448932777866  27.602237761947922  
  9.299764281308798  -21.194210747077083  38.04802676825982  
  10.72252295868529  30.370752454179293  18.90603168005213  
  -38.809600958597834  -23.24930224533286  -35.113094457741234  
  12.193368367926036  9.864483146227977  23.479725527375773  
  -15.941720484394233  -25.066322632210444  12.474245846066534  
  20.2134742570291  -7.65425470967448  -32.625677841160055  
  8.020836254736404  9.217063664058674  -27.217549671170094  
  23.813755426528154  91.66408525593923  33.133437461911534  
  -34.55311118935746  63.1447350236676  105.13280960107971  
  -57.185373888701065  55.097995326665675  7.105199501958256  
  -22.80234330180287  -3.967054079025593  2.5552745708226845  
  21.541395421330968  -270.60186043355304  -594.3242378901017  
  33.38719855776944  136.8924084315022  112.74498063235109  
  1.8844820445533899  21.33831960884173  3.712285058231307  
  -39.394958124502324  10.23856251635316  43.60318996889966  
  5.5993547206343335  3.9773822656611633  -35.46135774414706  
  -71.81736979802538  34.31224825897875  25.44146742419151  
  25.66203808334997  23.642827765174985  -8.3876800369471  
  2.98054062162388  -9.814649375446177  9.308699767382798  
  -32.25362671963569  -72.56112306509297  -43.263162341136095  
  9.923203771298354  -5.950916564378164  -71.13164142741384  
  -39.30333614291304  12.110998833054628  41.93305121798979  
  32.760110260098244  -5.484511476274577  -50.94783333710388  
  14.070208515802975  -74.13330831176079  -37.245074301210686  
  0.7144374946260765  3.7128299157577973  -25.562984163773336  
  -35.64397651047784  5.876541715773008  18.070916202912873  
  33.11554373523422  18.736628954649632  -14.265207148979409  
  -23.149611228432374  -24.3773884328828  23.99583266358224  
  16.472170075979466  57.37076465148347  -13.515976815933808  
  -40.136206894656766  4.120726899681146  11.908637771027113  
  12.485081009465706  -21.44454690883105  51.63146293202971  
  4.299081949829749  -27.25405342805644  -14.91721323881928  
  5.632081325976869  -17.841150504153774  1.437354294261251  
  -29.482501522616925  20.252171067513412  58.50018378341145  
  -10.045025464782142  8.355083743023837  -34.73243402353312  
  54.17368754906746  16.56429429381655  -0.4436417500304215  
  -43.439285103260175  11.575473971554167  10.97559740673769  
  -73.56869155112679  -2.274840811159483  96.82970989487237  
  -15.67379159878264  29.611513822781486  9.98483741494024  
  -19.482397735285556  -8.090397277780871  24.761115394984646  
  9.60996959612817  -81.17200590175675  -59.9767263918978  
  51.144423992724626  26.610879144269454  -36.197002469874626  
  -122.86958537360474  33.71985970342195  -140.02169323899756  
  37.04716910821278  -73.53631778662896  -23.627192015414142  
  74.05646334890307  40.30626387063111  22.948971916305016  
  32.769456183711775  19.477065565613362  -29.38096837614141  
  11.985655716841922  -27.187785437487456  6.499770610632911  
  450.3227783945079  324.46731409746553  116.30514360542497  
  19.378842324499388  -11.897740319692957  -20.82907175700713  
  165.97899446651255  -80.73648509119731  -329.18793516183706  
  -5.089776169108979  -53.86879337630714  53.71545206201664  
  -8.529127664675698  47.59678471902598  51.8501100666787  
  57.07058959965799  -41.19750872091441  8.874295553900842  
  -10.003311079348363  -45.08360430405504  -8.801116466774596  
  49.055105094620906  18.417887352300205  30.041508059799757  
  14.43471162333094  10.217710951886758  31.581361404471636  
  -51.71319418123401  32.603703877598456  -29.911608403366717  
  48.63109055421984  43.01566508189863  -15.151966125443437  
  -4.481740845794005  -33.783100601957756  -52.58891373476719  
  -6.909178936488678  -3.249410670711312  4.507244142557459  
  -9.83879920152452  12.814853300404245  -16.300277943964247  
  86.93556343601543  -19.412070136437276  -29.859086313702488  
  45.48231576960571  12.763280618484867  -24.995302678439135  
  64.97103014048461  -63.68155748181958  3.5350825316107124  
  4.97028233050549  9.725479554322831  -74.55572373907923  
  -3.863265502821916  -12.635211292998473  -1.532301414672668  
  -24.60770974824883  17.84070783103058  -27.974855321586258  
  -36.93987243328311  28.1301637243288  -26.533308217084436  
  -16.934054453375154  5.155018400844313  7.3332464279524885  
  -14.896232140317588  51.41453097149564  -33.552070514275414  
  -12.468551154058714  -0.2946536514011255  7.771013949152054  
  68.03331193733622  107.10441840300491  2.620183647382449  
  -20.890106862368935  -22.64938824884357  17.965825183339604  
  -18.998692437964547  -29.535228240316755  40.268686627895526  
  17.27122848428124  -4.463061782570899  10.051157064506354  
  -24.635582480033897  -9.49481841970147  11.275310969773553  
  48.858716218783925  -33.44589853533117  -14.587665334684662  
  -10.724284642161637  -49.97443703066611  47.37920340894284  
  39.11587706268912  -5.480676205767039  -23.9621705670936  
  5.842394355895857  23.91533222537914  -34.20402904885594  
  3.110850843873779  27.499168854783562  -37.11749785077568  
  30.519972372552893  39.30185343896311  4.167529699871629  
  -0.06359746592384793  16.53122782093665  -15.09118111596166  
  71.12270303097165  59.187199901884235  -15.27905775700417  
  -10.560011847926425  29.818259655540164  -6.8088862908459715  
  -15.778943524686998  -24.250775883839808  37.376296575012944  
  -19.228450574706912  -17.56727180101238  -16.495030479048452  
  -10.041609382708156  -49.649988377333095  9.060946794152672  
  203.9858360449798  19.091419206104757  78.83234334308499  
  -47.495378977824345  -77.84188987101321  -21.587316226983383  
  58.39341282705683  6.009921239126977  33.26757115786181  
  54.623146858097215  -18.821666264780752  47.68914402245937  
  24.8780557229519  68.3966437137  -135.10341235474237  
  25.558228008036004  20.849715645865786  3.773674211005459  
  21.570629757229554  -24.282504978368777  9.364381700844609  
  90.39275426950894  -77.26283525909882  126.33835391846077  
  -32.00894538395403  14.12564048554433  0.2984966819611083  
  9.245275121181598  2.4327311258764133  22.952777975272944  
  -4.19669383626788  -18.111038879706133  -45.05766968391555  
  -94.00536800849433  -106.95726415087297  9.02074364657558  
  -32.169317842722705  3.7763111175129773  17.74357455898258  
  24.85942618645164  -21.417968341812262  -44.15885646696304  
  -17.702313248631462  14.435940819773881  -14.07791314644399  
  68.50334953268217  72.159698168442  -72.18105654106027  
  22.295417263190078  47.75464885514676  21.688372595919997  
  -23.315248715736292  -15.703872745789855  10.804453332096443  
  -1.6823997681585146  17.66964411129009  -67.60156928716825  
  1.971977810980805  36.832550048195024  -38.259553684545  
  -26.760892442397232  2.6783944298424402  -8.2309480422638  
  66.38340496858359  -137.4327702266981  -33.75295238404257  
  125.70067399210356  -39.04938704354831  179.62941994518025  
  12.50453125564718  2.3314997982447045  12.088704766878354  
  -67.48124134887208  -48.597504267542625  -31.08675087069617  
  -11.688215180873446  -31.65625349115744  44.82739217470751  
  -51.21873864576298  -77.03119581879865  -19.342092444951792  
  -136.28200191490848  160.04507848761432  676.3070857364718  
  -33.36003902837581  24.344029658841723  33.410834207087206  
  104.5686157191985  -48.66696897168532  3.4109581828431046  
  39.403969539842045  -83.42072383116283  43.55612522315754  
  13.506872096884745  8.150704232924046  -18.238187172418794  
  -3.7478819241878476  15.284047927689182  -20.415849485231202  
  -166.19170201472167  205.55586339210774  -32.835494866797994  
  193.1228389815907  -224.6380897532649  89.09365220714258  
  -3.208397223513066  -10.034378878529022  -58.22623997959024  
  -50.848611222070076  -24.724722674323058  -9.660504934797563  
  48.77019240312469  258.20242463937984  -24.647816556652213  
  -13.946435756112963  -29.050326020344645  25.19633910785591  
  29.43267819616119  -65.56516475057262  54.39822621248233  
  22.71138127544097  4.455864833292891  64.26122473590381  
  -6.737515526209354  5.839256105797352  -13.288404341480716  
  -21.475195785667967  -9.786367960007338  -20.32759009735533  
  -1.6472772390222643  12.712093036113203  -3.2699618728590982  
  50.70438846961705  133.38066757668028  118.34944063520409  
  -23.388310202957285  -19.32454344257374  22.005503808673947  
  37.15265781442776  -35.58721671436016  -4.1514456620758144  
  -26.01298479202221  -48.218248621492116  -21.834585918684503  
  -10.135233024416564  -23.240355421492158  36.365038367541146  
  -223.66314506010826  52.05366335403377  -29.450655314434602  
  -32.93481739097574  -21.86508907800304  44.72480788370718  
  27.872178727694003  -54.87462566450763  -26.986181225493343  
  -46.22482922481313  17.529311080145714  -16.628713659150495  
  27.026543148235763  60.32902683658733  20.354185856597603  
  26.616746095531923  23.33901882921404  15.006217719028406  
  -37.364199938018544  127.62954000607381  -84.71378169185881  
  -7.947340406578023  -1.329189394602212  -5.0803980638340835  
  -42.26699539521539  -0.1720150499489899  -36.15378867914686  
  -16.920878716836157  -77.3031540551426  -48.94668127034599  
  -28.080086357111828  -12.700351244390577  -2.4784469039680417  
  12.556188528778243  36.22677179729519  -27.57462346853563  
  -55.22640637495778  -15.837159001472237  -130.3007283733598  
  -8.334684957942267  17.177162694122377  -68.6999480007143  
  77.44775491192469  63.18051669364868  79.50356063282427  
  184.12946638113192  54.70824401682679  184.4280615097321  
  3.8375892346502396  2.6593611400452377  6.902863220505591  
  -23.941644906464568  -44.18997504355104  4.756626812999192  
  42.11546010780629  6.265998517196986  1.6906340697102888  
  -9.254145542041206  -8.852835612195154  -10.908978940956654  
  57.0456014530626  13.037070409314126  95.24973293725678  
  -38.484475025760375  13.843639546426607  -9.01067721877011  
  -13.67715034613691  -19.583114885780436  172.3960150271407  
  -8.273466076596122  -10.546219631313356  36.10412466388039  
  16.422504741005216  8.606180670784282  -13.899211468872661  
  37.095456783989604  -87.01100340444319  -78.89217252239902  
  39.3306464876238  111.00922407659951  -15.463494895429296  
  151.87888658855445  -108.86609779726665  68.98516017455759  
  -4.960209260151743  -24.457410684849286  -16.45713456953526  
  11.112795344235709  -37.29195614723446  53.057890211752046  
  -33.55929270951863  -59.22826976506265  45.691031843401674  
  -3.6154516580123013  194.88720936118486  -109.40408332878334  
  -17.621308158435493  34.357418004936946  33.431525288265334  
  -85.1629222053924  1.6515033214004307  16.200475660649154  
  64.51132582357658  62.67935531912766  124.2682600317809  
  63.538563430494456  89.50073026276851  47.89699022047621  
  -32.69423698795583  -14.942468368201068  7.758105883841441  
  11.283783485348083  52.723011202692724  -35.764018739744856  
  99.32371794413773  52.59194186075473  -69.49211684928278  
  100.90173213620768  -17.325181230469653  22.505204926195884  
  132.3051099516066  146.49101877425997  181.7707211433666  
  46.18876394253392  -20.810364077137258  14.508521133723121  
  -16.818856671057155  -75.67256902976007  -133.3858794563058  
  9.395211227676354  -38.988984917768725  -23.78339741658422  
  -29.44124883462766  -11.50887189398357  67.15439775615421  
  80.77730666865995  62.29663956336973  -42.65887639219453  
  -24.061833925713273  -14.546621159593062  -18.45349366516353  
  -6.995646974783436  46.9343675454305  -26.288503186207095  
  -3.820481696299029  37.940010596309804  32.10750817754527  
  103.09268240066963  45.100582566572875  11.32911735484128  
  33.652158013965945  -101.25363227357664  24.63113510918626  
  -149.7876293893456  27.93414296987953  -106.41170344134994  
  25.530811506857862  2.0751626735542517  23.819919812940196  
  -2.5084031789047034  17.085440004694913  27.528830518524043  
  -73.3320027918358  -85.61247673999549  -8.343882149314958  
  -15.112972755038115  3.36017267109689  -14.85154104712467  
  -35.63871170588044  22.57860047112445  -25.713046553937524  
  21.96182252093035  0.34033968254039815  39.645971265302606  
  16.24478001365677  3.8015945638096618  17.76784499415169  
  20.923728390319813  -19.770877154040427  6.447740850782333  
  64.530912882383  -60.772941057397674  -5.767177065686594  
  1.6458735764859413  102.08855613198695  45.0849856376824  
  -100.60954243017486  82.55732197535629  -109.84862993972149  
  9.426284102558393  173.77793013743417  20.663628174209624  
  14.772703464794406  -54.44745340700441  -11.314727021743478  
  -22.615585263073875  -5.94523394036916  17.377131875787697  
  5.622299065854014  14.01462632335039  7.432572052822937  
  -3.327352729832052  -42.25969258487645  -11.450894952748142  
  -24.563947578385015  -81.50278154971312  6.74793664457747  
  -24.3124680710981  17.809399691807286  -10.715225962612752  
  53.350928667416454  -14.806553723744726  11.327989659065665  
  1.99927657158699  25.11159851577932  14.069029220404405  
  46.05640326787052  5.409930849279354  -67.07619058425954  
  39.20908994997029  -29.080590372413955  27.030870270544348  
  0.7436871375137318  1.2465380176025866  -1.3228503921726817  
  12.178357880958997  8.864262509980207  14.020691496628247  
  33.11893339685425  -10.27435334621672  65.44584425965431  
  -18.66593874359077  24.430176592990364  23.459541980584024  
  32.64243041861964  43.26224602496165  10.792180445431677  
  -11.457132147143152  -11.12159288132244  38.3220461603437  
  40.09023116051247  40.82502220418097  -17.431045306920574  
  11.943601895962534  27.97155585155007  -63.51499692542547  
  11.292946477654217  -10.30687792904637  -0.7702701320636675  
  52.71015017005834  -37.04064914998607  12.968914880746048  
  78.27649718893674  90.33820781176311  15.873813388538453  
  1.4916653962426933  -59.33212170464296  72.07338802138285  
  14.510260542287103  11.417372620183441  14.2169504990391  
  44.42505763302665  123.4570327415794  -173.4868183488105  
  26.09796409041439  -7.669025862831289  -42.358928172876304  
  -2.0362173191914095  38.99721647897788  116.85489603500703  
  -26.606706840205405  15.631189563248313  29.983387951925103  
  22.56220174710986  -111.63575749390537  -42.14854028306685  
  40.17974573284399  7.905151522709284  15.105008294552073  
  157.05782375492538  60.941604522556034  -6.691749600313111  
  -17.796512380029462  25.109007283140002  20.761170903229115  
  43.38157493933014  47.78670494543242  24.25098691879918  
  132.09269883546344  136.4463113588351  112.72680693513337  
  44.849601129900236  19.206936555148367  49.7380425213339  
  24.562846394160708  24.351891485378808  -29.62867063941923  
  -36.42824657399007  21.769771057323364  -39.00159210344141  
  -15.439356250107648  -5.15816568372173  -17.938604547772965  
  -30.946912225247143  32.16746917936709  -75.2493874171068  
  20.275529236745307  40.51585261308414  -8.281038253335886  
  -27.92471053535023  -9.864568068159569  -8.188750745327084  
  35.68436663686498  -134.63599614101602  -103.06519717765772  
  20.28193432532184  18.00134244374302  -2.595629012448288  
  -17.25591950103674  -38.13304755838034  36.91589880934324  
  30.387899026004185  28.993237276489396  29.453860476094317  
  -52.702321976804605  110.70502424655406  19.71281495133293  
  -11.406179774696616  -83.24458870188953  -12.066942075295692  
  -6.426087016212132  -5.491638220830865  -14.099518261769646  
  -2.226134915653008  31.612912404433434  -58.90777093654509  
  59.02028109368279  -37.354344777414184  -8.122029298556257  
  91.26547905783094  17.544194096114836  213.321836496599  
  14.382956955515713  -5.013796992204744  7.070017649522411  
  -44.71730079439925  58.18214648447557  -82.0805888404376  
  -48.456051733925904  27.075127235839894  20.196435588083396  
  28.805871658701783  31.894091118427326  -11.958118542660625  
  -54.090676179771094  100.24446990457228  22.04843598053408  
  62.45681432758903  -41.26659929530029  3.3689823632657854  
  1.6541287626906924  -90.27124300492322  80.28491185929298  
  10.211035222259866  -1.2267449902041268  -5.66864179361863  
  29.86378137602069  20.015023126003587  -1.1023086871069965  
  -31.198330409196725  32.035396979633106  -54.94497849751671  
  -7.6069677352735265  22.964266872643154  24.338483543170234  
  -13.109391811353667  -0.5997442816156403  -34.63282212874143  
  -40.302150725036036  -5.205010705977902  -4.448464799921781  
  13.240534444084984  -3.5452311452405616  -25.953147092376422  
  -15.903863042800605  -5.425731484793419  -9.61321037424261  
  -1.1802365398033126  -24.98417318657133  -4.189998465596657  
  -10.002001517702247  4.821532516073734  9.89349506896791  
  -15.42960170989084  -39.04073424689275  -36.70196729265291  
  31.912885849941194  -24.402986285473027  61.919154750260276  
  21.88727899175839  13.842925549474662  -23.226763987473213  
  18.42449253154959  23.02452476301839  122.6847809005351  
  3.4747981216571597  -6.563364206255897  21.03620787352791  
  -13.384613596605371  -1.3302318369291355  -31.507950878950673  
  26.771593661458123  -29.22247226196154  15.8884388637002  
  -29.30664971971295  22.35315205330066  -9.444304562713363  
  11.488023788095692  -125.77389876598248  -24.190012980996084  
  25.49256368010475  31.63885156769538  17.606666566359273  
  46.08823422244979  43.02524509743899  55.855258183394604  
  -13.896544086131232  -15.93564944546397  -16.893660941281397  
  -71.5398579072921  260.47626907501825  -249.07414937176648  
  -68.39032288549366  11.764657550440834  -21.100755303225153  
  26.920742810969404  100.43328457367977  71.73052886477569  
  -11.96631817307277  -4.44730888193861  4.2916923359430905  
  -18.07287471721079  52.506675308977655  -30.12059639683378  
  -26.648326503045325  -27.44652709755334  19.605202678737694  
  29.62967868720523  -12.451159568871466  -1.263113702953869  
  -47.70676742974334  -0.5516053388840787  20.681786127516023  
  31.107315479782187  17.44292579568671  2.507904969986827  
  -26.336155134002595  12.996951306672454  -7.503191307997382  
  90.33894036092595  78.7899394158644  -24.966802569733698  
  -9.09662802863299  36.57315027232535  -4.552744420426364  
  16.251750056264534  -15.228711548674857  16.085230175731112  
  17.779715436750752  -10.479721405644177  4.483231672985554  
  -17.330236917620912  2.445181992087149  -35.91997455638268  
  11.79436464504604  52.768648744584866  -79.50551454445596  
  -82.46141979581053  38.3623904248389  -38.84478220672027  
  25.17322226772736  -7.0129486327130595  31.637210528803145  
  57.0873268163513  39.68895000046939  476.5414470247978  
  -25.490161275779837  38.26962097850867  -104.93787485461728  
  -297.7445443422371  -472.14316363416935  -330.37865014112003  
  -62.561367081180975  102.93979833617581  -3.6613555916414016  
  -12.235440335497854  20.406204259958884  26.982733239556847  
  -209.92218221127027  -394.08590625731927  -96.08397646789597  
  -29.799822253613044  -12.34865664592172  34.037930134278554  
  -10.82662196386283  -17.780434357636057  53.991840498355764  
  28.061468289956544  -16.862563749936697  -22.84647540030017  
  46.28092993934159  59.47838134809182  -20.192334897228534  
  -9.892848404237673  11.738340839332515  68.86509904475288  
  28.138138178013705  -0.885773069107162  73.82666512719334  
  -190.0288234776329  -59.144375171822986  112.29847166316202  
  -3.236552435288036  30.682563540090317  -1.7347298712834178  
  -45.887741084247814  -2.7023880755475544  40.576063312859716  
  -119.15448594852651  -52.98798423656663  -56.77913522377875  
  -189.97706098665967  -12.560537321058344  84.63713001533209  
  59.14783952954752  32.90784752081109  55.3453701148214  
  -63.603317542245186  -44.36087292956558  22.065471840866092  
  38.06183124652051  55.11505644276708  17.263845742507712  
  -19.998270394926337  -49.84798465236655  -13.028004441969077  
  46.05816040679347  -50.09267002056813  -4.9921505675928035  
  -1.6969640827857577  -21.374562995131246  11.643200146672669  
  -12.747667833810517  -41.9402523697916  -13.451712258280924  
  140.39236906185974  81.50826685245217  -7.630165907713518  
  26.70996763372125  25.72072194736196  -30.12993389640165  
  18.270833422301305  -27.78383247829684  38.762464986462575  
  13.905355956194168  -166.56993483449747  -93.7747931297356  
  -8.939154466125766  -26.277686384860825  11.321791770121791  
  12.88253146110487  -7.527199369969524  30.454310656101466  
  -21.978244755325594  28.413039524280915  -31.85195901508413  
  79.16669266639155  35.46637429040847  23.828575897143562  
  28.2269948432033  -20.38766422799869  30.751054071269262  
  -54.35935125152346  -40.910353932214306  -19.6939487939473  
  39.75530356012307  490.4640300924727  -264.28837917430087  
  -3.073961664611599  20.271152102112108  -24.697520654597646  
  -562.8361073716403  188.1057134107421  -162.46186624148532  
  -84.46653537635255  -170.9465126108673  -113.56077970279995  
  -10.3786394455128  -52.48555538399814  44.44764867294983  
  -15.663253839464641  17.623659844507422  -11.381061300518546  
  -11.980962970573163  22.376736839221426  46.063248655145024  
  -9.543259585943384  18.917344466079026  3.1835991306841462  
  103.48260272188915  -34.32904901196386  62.46548226868986  
  -20.65882859965656  -27.35602686175774  18.588745116440894  
  -243.78645586514796  4.057402605740345  224.81549189154708  
  -25.979690719233716  17.976731407505035  45.685058312734746  
  -42.49960526584567  -45.843735654559445  -3.889577045562721  
  43.56885443185487  -2.3821158014879438  20.200525142696403  
  13.695703537692342  12.296976326654226  -19.70021943636099  
  -3.758098005880574  -46.95197715758969  -47.11471732438667  
  21.99229623634915  8.812763351327899  68.64480979994153  
  -9.428742747787636  -55.028483975250246  4.657706891393947  
  108.99627408511238  28.36438601497044  -93.1435109188239  
  -4.929785020746019  -72.27898057776979  -11.73650953396765  
  12.446568647726052  -13.118108376222862  28.937083989118303  
  -8.820042068066671  8.842502326475111  6.848474079438395  
  -1.538010731198337  40.15852138921165  -15.583818774764234  
  -21.27055525735743  10.140960798684828  -3.9126838656398766  
  -25.96676723253914  15.177228237261426  34.8054881385143  
  -22.02231918812566  83.26189026845131  1.5433318387356736  
  -42.692660290016796  -31.804307469123035  41.23353422907058  
  31.43363362948547  9.896206265761732  18.885060153848436  
  -53.54685056591698  2.128280621220934  -17.488894564477768  
  -168.00327478583523  -81.72264544063509  -39.950146703344316  
  32.486229644158094  11.901336487334312  9.76262042072046  
  -35.6443601296292  28.615726022144113  -27.913093987960917  
  3.1538661278614866  -24.404365100474344  -1.9998994386660403  
  90.7720767495249  16.518609859789493  -20.70783787346812  
  0.6373548332004004  113.87506980298322  -94.66011371224162  
  29.569284983853517  -45.47471462342337  -50.11534392060271  
  -27.51758442151193  -27.614350583414563  9.776015418338401  
  -6.9571837945364265  -64.69727892657862  -40.19375185263842  
  0.6424921597898718  19.527711343343036  -5.968335183464159  
  54.83050775335589  40.13355156095773  28.71259123898583  
  51.842058214249036  -13.37115589755798  -26.492462031415247  
  -238.20992437688227  -95.23258284645348  -16.91707628177527  
  483.2926820254555  -424.9580704498513  -181.91429422427925  
  11.96006151625722  51.17985989251891  -53.68850055165458  
  -107.49669005915032  -41.352786644829656  -11.793828893035576  
  -10.665117257506617  43.10627998458771  -12.128161963266555  
  -48.33639958600458  93.17559026383765  -61.10228146331692  
  -17.752392074436134  -16.715942174342935  118.90900559126824  
  -26.731055624378012  28.051154855034536  -20.60835215144168  
  -60.347450339157426  34.968355825619646  86.45520515598098  
  -36.25479941682774  19.458200928122885  9.75004537474113  
  3.3492958621639684  -18.89953969110967  20.277114299810734  
  -15.504363364163872  10.536804584233014  32.692152380047744  
  22.186775843976047  -4.988781364516613  -34.45571707206895  
  21.861456826340394  7.798024900073189  -53.51150256519647  
  -11.380247038207123  19.796528774992346  54.65508955937438  
  28.273503646189912  -23.767582427991606  5.88854519472449  
  -83.90033850475662  -13.107670060397636  5.261591508623849  
  95.48118682187611  46.299533642532445  23.19294615352365  
  103.01395417560903  15.345625963365887  -7.612018711583556  
  -187.66841185654303  -54.44912389240696  -29.792726012625543  
  -90.361198162567  2.276100757482393  88.39436571957363  
  6.301971993536342  -17.051495697369553  48.99740537512227  
  -39.961316924236  -19.19512329726012  1.9279077460493241  
  -41.98369285873335  34.19380290632727  -7.020781534787976  
  5.814067817463972  22.256537468988068  -12.807111055009335  
  -36.157041636647  24.03168170725465  -50.413654056222676  
  0.9366971397360226  -11.899204091798348  4.452680981627012  
  18.44853871098543  -7.536172837757583  -29.21185666290316  
  104.39771710442038  55.23103362373328  30.15128057582353  
  -25.823542991433403  -26.647466348926798  16.943130906163304  
  -21.91340957966005  -31.994783707090075  -18.726451926770284  
  -51.237567061412655  5.6177283490417205  -89.32490159731948  
  9.205758866422071  -72.86736082763427  26.18374941881328  
  42.135704226998  -19.865325972696972  10.54343967398592  
  31.432737614502127  18.968888834409814  -4.187214783428328  
  4.446557873394741  -76.32852063757862  28.814183621780302  
  133.15629662704785  -17.530525837108126  -116.43163554819635  
  42.79338753953441  -12.8920333075373  -28.20142971558753  
  -39.53667172294422  -7.202627181511322  30.71380177481605  
  -51.67894858225905  98.59434773948227  -40.1756955661737  
  7.4655653803958515  -37.37424919680657  60.35722607582819  
  -31.338168834515585  5.774387765187624  -14.879919610911099  
  -26.508916798590242  84.7667885620835  106.56706628451657  
  69.68766764503222  98.05329866643947  -0.16669761657242713  
  -9.177886884723078  -18.875407854649588  -19.614698019331975  
  4.075186901825516  -152.1575262418543  42.68303731117741  
  18.790277730384823  13.451228996718152  -15.503678809936957  
  -70.89439516924837  176.80910107144794  33.73085969837231  
  3.2292507105764474  -23.61968019574997  -10.57386624218175  
  19.45732240949465  9.726651596361227  -2.230594363809614  
  -68.66431567123837  -123.31264783545134  99.01547530642198  
  34.84439344555072  2.4117534452542606  -30.864478001611175  
  82.43080810823292  -183.00815761886636  76.64091970557942  
  -66.73849573856606  13.55626133486273  20.723762836973453  
  115.77276423487531  112.51460281108064  -156.72939837310392  
  10.27198106345009  -1.0469042775859776  14.139804130518979  
  43.63920252882094  13.143889807235388  -207.53172237426637  
  -28.69945661979691  38.0877742829885  17.35990306249551  
  -263.825633660109  57.67090992627702  122.88628754995489  
  -15.041607294280613  -69.36222439575934  41.740311370960036  
  -76.38591862299916  -26.27543435967464  1.2807862741185938  
  4.21815922382205  -19.16163602113136  -12.75733936140002  
  -208.35822985138353  265.3514317075521  104.36057794035841  
  143.53124864908  -340.07412603608594  -22.967926831826016  
  -14.727150220932067  37.43965271363147  1.8526333014804384  
  -14.309197209816487  -15.971777237807865  -64.39923416693597  
  -11.092306599119858  15.924321669905842  -15.353435705027005  
  -11.57593495139309  87.91882147281356  65.27772687358824  
  21.53304581170573  -30.753475771076175  -43.386695842266896  
  38.83540112883498  0.7766016896268184  -1.6706823832552307  
  22.36003122372573  -1.470110908580608  9.065842826747222  
  -4.551107884966533  -44.55573778361451  -13.798865365387677  
  56.86425060525854  43.4177169799122  -35.60054010634496  
  41.68524154090377  57.48446130098708  -33.606572740934375  
  -15.505377181590077  29.976740191374645  -8.465845340276738  
  56.76706128514328  -12.677735088242926  8.757261285818599  
  34.45049318549455  -11.910086517672553  -0.8278021367017795  
  -1.3526627883521127  -14.407634226992043  -26.2014853647906  
  -73.7800785353988  9.233527474403932  -47.44998894079549  
  1.717803485816614  -6.522844065546227  0.8080161757729023  
  30.968821178982815  29.479167514451547  -46.329184820408024  
  83.6102307000845  -5.626482001208586  78.51242022218217  
  -42.90169643970297  75.36985825131644  -24.9359353591509  
  -38.66032013410048  -24.191030679533792  29.643362572234285  
  -49.70711171130016  -3.665445119217038  24.650706724200905  
  -68.23852559891199  -147.5231359875024  24.920598250974482  
  -11.173449429937243  -16.12669108125675  -20.393836428314497  
  -27.744871183897295  11.856679583243531  -29.131727551862127  
  -32.89339592588261  -8.26562646099385  -6.0770641394066605  
  3.9096303727819812  3.269506936547981  -52.88350228444584  
  15.167575178024624  9.802593768473262  -5.065879227208953  
  11.053761221901611  70.15107955147134  -16.083032938660942  
  61.780149818673436  -11.387280702932618  37.50531554250912  
  32.70787035184138  -6.129472810464787  77.22633160904726  
  28.89755036218  -78.53423103385727  40.8415946897812  
  123.84730472239923  255.05038913168335  -21.59504468129631  
  7.835986114428967  -22.94644133372982  41.890240719511944  
  24.5821060041929  -13.366765923360433  6.494978933242276  
  -15.083327029194184  -0.9284701295947775  -5.4841117682799565  
  -36.12278011918249  -28.527967705203213  25.910741634048392  
  9.851776265570638  35.094294291941694  -16.934060901117363  
  133.47346934564177  -143.13301659380488  -120.91895326321178  
  10.93441654714483  46.96592180403118  2.5925944997781203  
  -81.8655728862688  -89.36720219991665  96.74441439825421  
  -12.103275921619069  19.34878273809706  14.211798730213038  
  2.917665211301071  -5.287070483607314  -31.922104723713698  
  24.434737098975887  -10.204618969848413  -32.20092333106312  
  17.818619818777798  -48.11163310599381  -63.66317880565962  
  22.174971588237828  -23.143179135318707  17.821237831064387  
  -40.34200898245348  27.201981678274485  0.046880441935222845  
  36.98689767133849  2.297986467147564  50.32839498132915  
  49.52135197239193  20.705700211679307  69.3976064476171  
  18.76112189686332  24.177437195434  -11.801075836988206  
  -42.228320267893714  13.128620954718746  0.43138716805059435  
  -13.484243423041852  -79.06707554453601  2.6514335403791374  
  160.742949512516  -139.28211774070297  -96.77837495290994  
  -0.7649906576712648  -7.698626123166604  -23.880026833442425  
  -16.11352435129603  -78.79147142972506  24.20813313853713  
  32.40717621733814  -4.671585833391126  40.62502550256943  
  36.992138237642045  7.960910936563719  6.809725734896816  
  -21.29487962740956  -33.016411097521384  26.268266886220463  
  -49.57238489103564  -60.695399414473705  -93.87056019748174  
  24.747497884642986  23.900065537002344  34.256455390556575  
  48.51076903755089  179.71591111907318  138.36726214258232  
  60.032513342679756  -21.120675049690885  -16.036008758758516  
  122.59620473410048  -32.63765459591133  -5.89706776276073  
  -41.86612392402191  -15.140842223057973  -42.79820196680891  
  49.6282994621323  -13.734868627357365  -40.78040414848744  
  146.4795459463003  -457.10590946043857  47.80380837122171  
  -10.106973473300878  23.448654672411255  14.881945058545533  
  23.310096155153346  -2.037638843470686  37.059444419662924  
  -14.83264835109403  -112.77326746411156  -25.019527632593142  
  -44.25799408029561  -11.707122884120656  -11.985526184786766  
  15.565157263762988  44.119473463098174  -84.05703013676798  
  47.96166238031111  33.07076417007615  36.861753804994535  
  -19.068409788112003  2.1053991023951584  11.811648444888862  
  -79.93924340363084  65.98798487664972  244.48118793362715  
  -13.50439446561591  58.06558248590811  -94.34291321491871  
  -53.557230244420204  -140.26828880254834  85.96920563585417  
  5.7803317901177325  -26.348748426751683  -111.94573173136726  
  -35.92243447864185  123.20173577416557  -1.2938234149285812  
  3.3175458206403037  2.8437821992244614  8.858777742646346  
  6.7994904865286045  14.36371562378527  -5.05732964879581  
  -25.380080352852033  -154.59518723671687  -9.042340684013794  
  20.867733412646796  53.59392609058775  -8.657587251028382  
  155.94929755257485  39.60448658624433  110.06986465517375  
  -46.883905476196375  -24.491338375947286  -40.76151660304595  
  17.064593626720544  -5.586204776554082  -75.95395366425059  
  45.83514229945573  16.552946395338644  -13.315204670181048  
  24.630139542462018  0.9757602029622736  -44.04864727666474  
  32.62616815086522  14.709288900839358  0.8759002130320492  
  -16.960971034711363  32.746624487404894  -18.915866572337688  
  39.4183168995791  -8.797060253372406  -69.55643171952332  
  4.126687648310096  -65.45646032549328  -6.6405003430619844  
  61.342842051381595  -37.77531783349018  -22.59177712858788  
  -0.9715831004177872  12.56397397987972  24.5746629766664  
  37.261528168421286  44.32619080903806  49.02128202940756  
  -56.08209908877155  -56.73355609067964  -6.948537428494859  
  -18.855943418242607  -19.41799998336093  22.068391141478223  
  53.59379738788221  -9.268932230596176  124.42640395025647  
  43.32236118201679  13.229568571755099  -26.814538280964655  
  -49.82199343843042  -11.350252374162174  -104.9792600858523  
  -28.636542556933755  -27.03564283782545  -40.86953545172568  
  -54.42569056859633  86.10200384122962  -17.241360317409498  
  -9.24945488897196  32.12034340678447  38.207538815430006  
  -108.79878524735165  -113.05074535735349  -0.19363316402031888  
  1031.196462635396  -370.58683769672  -393.23466904452533  
  26.474217973392367  -23.285928072345403  -41.45542904158144  
  57.39707289968087  -7.31724075654911  13.685369079058471  
  38.52989463928227  -1.4014257987273027  -6.403724482389674  
  26.480628800332592  -25.212720819719568  26.162765972049424  
  -8.8113720233932  -165.31450770919963  311.6468581802429  
  -23.85994120006093  -135.34889866442475  115.96966328279105  
  -14.934949099599681  -19.787330757318312  -13.996468490385432  
  -64.63298893021003  -110.70990589501005  -85.51613667600998  
  11.774112310196339  -19.599233010818946  -60.36110692606625  
  17.84252722485696  55.8133885089514  -9.144056843463467  
  4.245267955868209  10.278217850792753  25.812070672437816  
  110.05336129668207  -69.62229433835911  37.45248417304329  
  79.91433067571836  -70.4881806453317  49.15566923971398  
  -9.015140856265674  -108.02631117309627  -2.1690044041169005  
  21.809042488596557  40.19358737845145  -20.964535433243718  
  -14.216432905700787  9.724930669670158  46.87747231212188  
  22.4533190291304  -44.26307350532468  -2.024269742528917  
  -29.923436819208664  -58.75937424721615  71.90718113559981  
  20.590043400466524  -28.32405703053055  -12.88538484227166  
  -14.953262512124033  -2.8812673569996097  21.632987533862007  
  -62.57533090401679  71.91441894835935  -21.67510885957416  
  -283.2780117809346  59.858264379644496  -32.25234954289  
  25.96116536765023  8.117407028136174  54.65386096007652  
  27.565640664574698  -37.42943286815052  -19.783874232893467  
  -15.399003292449647  44.95592571355985  70.21285131779624  
  65.11979375142505  -22.19898039511005  -11.504803291145032  
  -116.58472664530079  43.25613570599544  22.278970094454873  
  -45.10058551766278  18.60628583373262  20.244046341524594  
  259.55136608011117  -214.71691985981116  -35.92902815422957  
  10.799804962967944  14.308120553367436  -18.5551166008771  
  1.8812360789408062  -13.350856294485551  -8.811872531663465  
  -29.44017322573027  14.985001399227816  19.25543650467135  
  -72.94584297270744  -0.8630759312806191  41.204066199561865  
  146.46714797618142  45.671917906782475  -68.48563020189708  
  -36.85605570743105  37.61885002534428  -67.76883373709536  
  1.046956430435517  -21.844076335143043  -36.873741373464114  
  -0.733936146419033  20.74920674596516  -14.795236619422635  
  117.53164411032978  23.489667118459835  53.344099112016515  
  6.250713363692121  32.764899349487855  -33.54166955892916  
  -70.41131595405324  -96.73420986466617  12.297836991149032  
  -80.05193671003961  23.462442278561632  -27.21290195404856  
  44.80399976175549  24.73226998813516  -17.130224669912476  
  49.7192303913962  14.199287542247939  -57.90857913611851  
  -14.331609365691481  9.70798735475896  -5.060913149698142  
  -36.71418623321794  -12.045660246570122  6.657911375128571  
  5.204950121948715  -10.184490652678758  34.30497475443545  
  -14.154283374627653  92.23176422105084  9.12197920009464  
  13.82867305093525  -14.50590627981468  1.257373887353258  
  4.12647701415845  7.171025624969999  0.9196839042666004  
  16.193758243879575  -6.558898652902463  9.592594859285095  
  -9.458121738443399  -4.723018759118491  -2.6116422010166422  
  9.06630691154168  -27.988464913272217  13.418545025395472  
  291.7531027576164  -213.27563797292652  -149.50443030740664  
  -0.4801580007430403  -8.497741987679568  46.433412766886725  
  11.848116531551558  -30.832246437765082  15.707949811779478  
  8.300374585686606  -13.11806558923604  -19.911155657340714  
  69.490367699621  -100.11117377928437  -17.146804542853705  
  8.239730055922635  9.844732790859934  5.726475753130501  
  -25.80614643188809  -24.959938227066164  -13.414469521330227  
  11.596792310713004  16.48325829873672  -19.143226821829646  
  -17.43409438383731  -14.234109666117122  -29.485203209280545  
  115.0699922032547  -81.82955379384502  93.07324875528636  
  94.80660213281273  77.2070856144988  8.488217323726287  
  39.419731554489324  4.7094308885073275  -13.265284080156253  
  -22.168425939994464  32.13987611624002  -32.86388352018239  
  38.90259469296066  -32.37268462849203  -13.671174793807268  
  -38.82291568775351  7.359315665902075  -36.850565592945365  
  7.7604382211607446  -5.334822293069342  10.462997375852831  
  -0.5516060623732522  -17.429857691080144  23.514888520703114  
  17.085743464249745  55.97997664553816  1.6168043393383031  
  -108.21577258109657  -110.78554938952956  218.0636300550476  
  88.85370029072477  11.454577114813787  11.689738976127327  
  9.01879482132155  -17.66254366553196  -70.38967566956897  
  31.647207831418818  22.593997396916944  37.782811566451564  
  14.047945786986135  -76.25780490326424  9.954721418084759  
  30.492170417839173  20.41055302423323  -42.05123644916204  
  -13.393707999209028  55.713857399392666  -15.020726523252057  
  40.11689966403962  19.32032061271018  21.081859001530386  
  -47.21627279751458  19.578699850427146  -27.920533476867618  
  107.10879294821494  272.81053000966887  -54.77753219872401  
  22.852048227967202  263.29175301814024  -106.46215496952036  
  -327.8697097729009  106.63442717770862  -177.5813387227488  
  0.45434471354051476  98.86776816779465  36.63323621964928  
  -44.28419932043746  -48.02240094547565  -7.849558004810319  
  -87.01261229699324  -194.5778740350479  118.86632911164234  
  38.41721466329068  -110.84817802751232  40.111283292405474  
  0.8261632789718555  35.016058478648446  43.04289872025577  
  27.861629224692525  -29.330962733861963  24.37412247384146  
  -9.922037664322774  10.891307385548766  33.72931816549516  
  -117.86190056413706  -22.587838394767452  -41.02217437726579  
  -33.56858806653168  -32.013455816408786  -20.742413379658316  
  -15.923426052128093  40.068309911841055  -23.600252993493527  
  40.70563429911538  78.76667528679673  -210.46725854084391  
  -7.301901717008654  1.4200606425356448  13.736409566895917  
  106.45602187565036  -33.38594441622669  13.003209401780573  
  -14.837145735096927  104.11520521288996  25.102839845425752  
  -39.23128560023492  2.907817485563027  43.028509337871284  
  257.3176231469956  43.23112572288698  163.55294624624275  
  -20.066501599231042  2.7866126455871734  -38.990791978160594  
  -91.73964467487829  8.61270501615968  -2.561516353169342  
  -53.7839892286647  48.861982655470875  -43.887054755502895  
  21.579775384564268  15.989083093041087  -18.33376403144789  
  13.631475719088327  56.40834100452124  -32.86961936013468  
  3.8021185471935977  -20.37472056886346  2.57860515590129  
  18.39005297889765  6.625571128199728  -36.89421979136171  
  33.90372822113745  -15.405655259163586  -13.511884531425228  
  14.955681689421452  -22.283260890851224  -0.613409490513017  
  11.798007744620774  18.333468659198285  23.381713314460953  
  28.16005395237522  -14.781241969796206  -21.16152667921685  
  32.46614134451225  -24.991575067659635  -119.39958851701844  
  16.596983286354618  -14.10083469034138  -37.01710196361494  
  -14.80368044810525  41.83179803474558  -6.0460708169930575  
  34.24197404739631  9.475131217111713  -2.107765116501389  
  8.170345201944535  39.16985846303438  1.9730814018602907  
  23.151140519878354  44.66108186725963  -89.140200717475  
  -2.4159932564125497  35.55082320153349  40.4446587725348  
  17.69366131941443  44.68365054006181  -95.05153831097591  
  -67.75034435311345  8.794276950121946  2.4126256230426777  
  -39.89359494590279  42.87664850128911  12.563976825066534  
  39.15289005668928  -41.62039494107072  -57.048508532948034  
  11.139027410128941  -20.34782133095763  102.85761165474419  
  5.676435329372022  21.840756939005313  8.51955026532307  
  11.070345378075713  11.054636690035437  -14.598435956572441  
  20.027663325661127  40.66546183248802  -85.95499127321169  
  28.68605664475678  51.806535997086584  3.384470604060087  
  -3.580228964528468  -27.512686306086234  4.141880606765847  
  53.61949170385602  221.6328262237199  -140.6176890200628  
  12.934623117158187  16.87665643925734  -13.43323079559342  
  -18.830252877049066  16.595732445034784  -32.50477765133569  
  42.771904078572575  -69.98262934303638  8.410855206630936  
  -27.289678826606604  -28.702488831747306  18.358210018324254  
  -47.877698453536816  -45.94730816284102  12.577521168326628  
  28.455309978326103  -7.446939401622653  0.05980314600993401  
  -24.983273884401584  -32.206416693805146  -28.231192620789304  
  25.020839860027827  -64.7669098146141  38.190998731477094  
  3.2532773909269554  28.023323010946207  43.157918586107364  
  -2.3996521708161684  153.10306547894803  21.453075784820264  
  22.628717187212  15.754928361514745  -26.960548136954547  
  -42.92945182488444  -7.141465691398729  -2.7293924721639966  
  6.120927844567673  -14.428622599695972  7.620447900628441  
  -23.040568625357196  12.600928578337887  20.642699991369575  
  40.37832244618429  -7.268045581785326  46.15385372174914  
  8.122882693842426  -10.647809401318645  -10.314782546569335  
  39.734683022677665  -6.772990261116059  24.514176370849086  
  -39.791736425969766  12.295632595274071  40.75163840162934  
  11.214605485165542  -20.49759546329944  28.314453357408013  
  -107.3770187463503  94.14617209189933  2.3580066207800066  
  -91.90749351621058  -55.93737841178937  -24.10221299677157  
  -16.480807847745933  4.817979081024367  -5.216382552633127  
  -8.965601080794533  8.987976034527573  3.328659650109717  
  -41.80949219237102  -19.720849533588183  18.72316934317007  
  -125.9665582056331  26.515694816569166  -59.54591864544061  
  -25.886123719186454  -22.599495479544643  -30.82690184931707  
  -34.63941264595418  -6.955034767729079  -34.87624235805285  
  -120.25583410610076  -32.12860570047985  -7.100083107954408  
  8.575709834758825  4.684688417159107  -9.338657391504869  
  6.92287871324633  40.30680024496824  36.69655875682292  
  -7.195971027805609  2.8388365618286873  -38.411836415771894  
  143.18017932060508  -140.43056688902138  -37.36136372330734  
  -19.31053817830849  36.977266200272005  49.12242086473075  
  26.225375384742968  -33.82306039665765  1.4471573738122505  
  70.59738057507957  34.96798074229801  185.05066373847615  
  57.23314315927885  15.323239116937783  51.18777015978849  
  -89.33254874325054  36.77892212214047  163.3780968806956  
  0.9568685742764897  6.4846744599398995  -19.816667211955803  
  -35.824580730119145  26.659276634045366  -12.102717959712733  
  -38.85557435804061  87.84763352211498  -94.84034913863941  
  -53.54630890358923  -49.59913772391809  -7.00680739213506  
  12.224839688681488  -19.421491582548473  -82.9885870900011  
  -25.63189455955368  22.72709305111065  -0.6313720360248283  
  32.05826679002233  0.3576861545469331  4.728621274630618  
  13.90844925326586  53.06225419470669  -5.123491655602893  
  19.646497372044735  9.615646551058688  10.057068556448982  
  -22.637270933268425  8.206527232988464  0.015315564087199572  
  -123.4021339773493  -313.6723438268945  -18.16853632804053  
  50.44859304467532  21.948002629761703  32.40687358498473  
  30.219851446557602  -73.14161722075674  3.1973815343868495  
  97.31632306504576  -22.45817440200091  -10.97321447971005  
  33.11366878613794  -19.350673599491547  16.30339942350967  
  37.87932272151576  -76.32061962096297  71.38550436483699  
  -56.85876223425637  38.01529327526385  99.1548429243678  
  -0.21543249027717423  -66.90940865610676  54.61498021311529  
  92.27587478267525  76.03761023439185  42.66661632899705  
  -6.784455872077292  -40.59419371731607  -50.91127678087404  
  206.99014483921945  311.7889372053163  -374.72851639606176  
  -2.832715514585843  0.853493044565826  -34.719952258269345  
  150.592445149134  8.031590004525007  124.65472681019992  
  18.543950829979142  34.321851472431554  -94.16194634960915  
  -64.50791047761503  49.85658819647686  31.10649094400859  
  -91.55327063533908  59.12721381207171  -12.634807598363812  
  27.11849257569659  -3.5693224289762906  44.57341609519907  
  13.356463318767252  -31.610996654129856  -10.923975397422325  
  0.1749200525198278  -35.5339232678689  -25.2975067615804  
  -10.842740438892754  100.81706532937918  -31.881116581190785  
  -32.499587143137894  -13.471753253318905  -4.5743200782762905  
  -33.414960007731416  -20.25363717000185  -10.143473924083013  
  -32.77930394058512  -16.861688340401233  16.32989876155059  
  6.43719130736474  -33.300377915576064  62.93812516038962  
  -20.8367889790421  25.881325273575584  -0.6545989261914325  
  63.574197150154866  -46.457665038830356  21.487409090339376  
  -484.2171931200583  149.62722329370104  143.37631931989455  
  -87.07233230304713  -20.277616617807382  26.80161645470579  
  -4.454931214546001  21.367426549218646  23.328949593311744  
  65.56460953038625  -42.41918139223517  -22.625626910393482  
  32.116383504286176  10.118907880025438  -25.414865326577058  
  -46.32787136765809  -76.34193126063971  36.846429341749705  
  75.62897586276274  -46.70330168655633  14.79740851679638  
  17.73353067157947  -164.8710520705479  230.6090502380471  
  3.5393534388240493  22.518857490577496  2.562814916620558  
  -463.64784520302106  -94.8911278514388  5.874814475507683  
  41.55031564562756  9.939288683273974  -28.54537209944489  
  34.261382729151954  -163.70223236848233  35.805410602549415  
  -25.44045048496967  64.5059679286337  -15.942365003825703  
  -18.320447678754213  -10.795156126153545  17.066546421744555  
  -65.63242861683999  35.477570670177315  -29.05834176522385  
  -7.6302475210486715  -95.78790547067992  90.44947760200172  
  17.98534603045767  0.9427779120269403  34.74227481265445  
  73.70810319444637  -69.26575183551554  -167.03370872641668  
  23.960096077303096  4.253248810513593  17.614737067440966  
  -49.45818287319472  -10.25108167856584  78.32316130324442  
  5.629761543079389  -17.880529315933867  -37.90197486528589  
  39.14742170052945  -2.984857390093777  83.24048396695157  
  -47.123792849944934  26.131631688692952  10.370367504816738  
  -8.966348419807858  -48.01456533311633  104.79122872091365  
  7.365236654914264  -98.855659415795  30.701556280506146  
  -35.62257323028401  15.931050976772708  3.8936839580675295  
  45.323755504847234  -14.824604233170716  -31.08516003634479  
  140.49592534262644  9.873251024355257  -40.05554078211582  
  -26.600472487665815  86.90204007879514  -44.096571199855475  
  -1.4776426747090325  -5.905169928518955  -8.244504740745256  
  22.66660078045448  46.209535041230566  -0.1082136119837299  
  26.772584686416515  4.609238398136788  2.8744732677142593  
  -46.67268789638026  29.743939054895147  3.697473750833189  
  93.48449904991192  -13.35799420320012  37.49935791223526  
  8.374152153501587  32.76389284918727  9.596862142132103  
  12.946220990221493  -14.12743233214625  27.262337733402433  
  -95.43563874543754  66.66282180755087  29.352066112713324  
  10.02114190837457  14.771707920951485  9.200189686500167  
  54.882172367220036  -46.798774743900786  23.563331433245608  
  -4.259506807853693  -8.3907235119862  -31.9467642742056  
  -42.34269990880068  -13.079116941481944  -4.337483117413727  
  65.08589956302846  -0.7542637664328661  13.570773933692587  
  -6.026214658798563  -18.99908808405462  -58.49351235699037  
  -39.852370908943094  -9.522614896870849  4.433370636567173  
  -10.059216636846383  -22.75772916140788  -32.82295042727313  
  27.409191159985955  31.043332925745233  17.75359951850271  
  -8.503349159377283  -106.88784026364127  28.244858738418042  
  -20.855914016198586  -70.4884914902484  -27.997478284454285  
  -30.582094855238115  -58.23117289146706  -51.094828605783235  
  -116.44549366816378  46.931215918245236  115.3837507625147  
  8.297014864732018  2.885472803478331  28.315523588024767  
  -20.25065398870398  16.58817345020542  -94.49837538832821  
  67.62223805350482  48.948898155759245  55.67845666103172  
  60.39133072065976  -67.28962104096426  11.414131503899434  
  27.97240449071254  31.330150936968874  -18.150198453288127  
  147.1454771973916  30.011421526160973  -117.38348065813001  
  -2.920037911981593  -49.02094620137625  -62.8713140903791  
  4.820960888167068  -13.232310111791998  -47.41397899370568  
  -0.7435472789425404  14.07657322238806  -2.6695782056961996  
  6.5113882732284685  -12.161751375645926  3.646597386058305  
  -133.59524582896174  8.032466384933112  73.3724404433568  
  0.40783567821235467  83.97950725908166  -51.26276631193424  
  136.847950912456  84.51991172013486  -8.297347926516402  
  -25.992920769895946  -21.105293497048564  -9.950854070932499  
  48.96929037718036  99.79235959234035  26.675486817526814  
  32.717733565431075  9.022171518157108  7.0233111330200755  
  -172.42496308710753  51.220325642604365  -126.98744910689267  
  -3.847980511771583  31.890708813009493  -64.66489924805012  
  -7.180446519690867  96.38746788746396  17.855797215759477  
  -6.261288852315791  40.27279467007028  69.75863220623398  
  -91.00991625919515  5.218905461606792  9.618228689867973  
  20.259752787917492  49.453587713755454  14.599380924402888  
  52.480143922293735  6.590042200100453  -59.042461859867196  
  0.9834817147793764  -112.15998110536178  38.386250406209335  
  3.211613392763715  16.289286905855935  56.42497659710962  
  2.1724768924803053  27.644557684293634  -45.49082532224727  
  -16.725808952782756  -6.156853442961066  9.147735572884695  
  -29.062443177686394  -18.87355864305914  20.33833145136096  
  -46.83153743766001  5.460771849036834  -14.669736736651707  
  -15.567856178746236  20.055028819082157  21.844829242239783  
  73.8453123745305  0.44150432574161635  -23.192971460415826  
  -54.864307517275975  36.3462444247207  166.08171282784366  
  20.711630000443513  20.538841118030007  11.095517088295905  
  -108.73599003930921  -131.4602785512151  53.642808385515956  
  19.600542761534783  18.590055479808274  83.99481065642846  
  -22.952263661074767  9.864638812987899  -28.778762710085715  
  -5.311053073271688  13.500934936136206  56.077018849571644  
  46.57850506289214  38.83489467356294  -5.942746464234929  
  44.36503881309129  14.023090369932463  -18.079538803252632  
  -32.837536287285246  -5.258938566513067  -39.65488071776074  
  41.2849492386048  51.03725487662125  -8.654597330174255  
  439.362612956887  69.10642919799868  7.089383691084389  
  21.66243274256241  -102.2729427300961  -82.09090942509587  
  39.1785872853959  46.85172110591622  -29.77765470475941  
  -20.303260963912383  15.608502309673474  43.815178547877835  
  83.64571857792704  -8.003675654305749  72.33123211978663  
  2.453028415705401  75.88577586028718  92.9807753340096  
  -45.700375306181684  -1.6487767486587603  -21.031933869813994  
  60.633823236745116  24.607494747308323  -82.83728307516681  
  28.893397978759733  -5.181298436715286  -9.991073053862054  
  -103.2033480494898  136.6350098328651  -99.05431089468115  
  -44.229474975891804  -39.92161991208803  19.43742785556097  
  -4.32638010676634  2.149896137045162  13.746599563768651  
  -27.420292062957895  35.9540412972551  37.56959199966962  
  -7.978493558692646  -0.19402267139484497  -3.575861264771406  
  -15.968738050986664  -74.71294016286227  14.375306926638133  
  -26.89962575609706  23.622075322437194  31.443008671213022  
  6.1408330651579695  -26.818955608237538  51.84883952953393  
  -36.89911129686175  -58.660928033324495  -151.83104487854018  
  -105.84095236187791  165.53788939481424  243.06136959551353  
  7.086013622476847  49.92702396718811  214.28718564896752  
  44.46128981585311  -24.150331238773088  5.133916272852996  
  -15.746992696615772  40.51094803321685  18.700019307360925  
  -71.51532496023805  32.1812539933576  -171.47696448730812  
  -49.80045951605165  26.627075294789215  62.95210914903127  
  -6.592808044975946  -19.673245886648008  52.565946848488096  
  -3.178052969609412  41.00324952817935  75.78777794197833  
  9.246362041807545  -3.926720328625782  7.72127381871577  
  -10.816528058541353  29.334673056328054  -21.847108610107604  
  -5.29199557684248  -25.20686882287667  -12.222041084690126  
  9.996657683753849  19.30731175082048  2.3258807662810526  
  -26.015447022886537  25.741996978848476  79.36291481015952  
  -10.659705604066433  18.2246590655106  8.246592979581465  
  -52.917320710615016  7.725272782282638  46.12645418373482  
  16.840647198838035  30.505372217937623  -18.749960910554112  
  -13.837328340451695  -32.41336846093795  -75.91349818105135  
  -10.902193279717011  -3.4155403218705587  -51.221608387208  
  12.992945865135884  96.39728100629499  119.41633649995171  
  -44.00635705556216  -0.17032317531639782  112.3531655171549  
  33.36498373548483  -14.955154858822782  -20.39472502048273  
  -5.645554485872356  27.173756187136938  9.31555412423089  
  43.567950334243655  15.244904178144877  -64.20375334416649  
  7.2125295035220445  -3.73991304626942  53.45970570330098  
  13.356217996967626  -3.385371709918217  -9.466599778480951  
  3.9589322148546806  -20.3158152147393  -13.486970123594702  
  73.73053824426188  -22.3659851568327  -77.82369096798575  
  -0.3702430761280775  32.81540171308256  -124.00468513506718  
  -3.9875999395783377  -14.721126767162142  21.27174629945158  
  -2.0279941369798116  59.114922854778136  49.576416656045524  
  0.6810844913240425  -9.015431549052433  -3.275619575520781  
  -59.25613336828668  -40.965280803845836  -50.56742612398863  
  -41.489515389698326  -0.8961759510263088  -2.578841851619733  
  63.25611629302006  -131.2769808883477  29.609643524560415  
  13.663427665385491  36.53555723883599  -55.89294585503618  
  24.039562708895144  80.55371726824265  -10.74272249070903  
  -2.4441066118333707  3.011762893552112  10.484773738755452  
  45.69916789531211  -55.52064628329885  -62.48037185659261  
  -31.132514935758962  3.7115955041303232  -69.16286942150614  
  71.36830801038725  -47.97801389092988  -8.6426860009692  
  44.46527712778417  -34.72802452079959  -22.884766443045546  
  -9.77428165464945  27.817317624117432  -26.482217921982286  
  45.615549029153534  9.941427357610351  5.5857929755988485  
  102.65860708987636  403.7236465935292  -173.30043143401673  
  -50.632882327736255  32.25238473961519  40.542314165813536  
  -22.21094555194963  28.681520658286736  -36.39041736648964  
  57.24677999538259  70.01492092080886  -80.79721663135206  
  -15.803643955456353  3.353218807793369  -12.002721781769445  
  -1.076579691078508  -16.480304125424023  12.06587451402473  
  -167.83786164897353  -26.70009357249106  154.39102124951398  
  -74.88862264975948  -12.91595882847207  24.75859411383818  
  6.223787851121392  -12.650063383970418  -77.50013099524921  
  29.198658449882107  5.403788992510288  -50.37592711081829  
  -23.754062793082326  13.888032524897552  4.883536031426681  
  -21.537610452080063  -2.2128461282541965  12.493219460811599  
  -33.74676910183123  29.46616400792356  -18.427981007765226  
  19.632504057992946  -72.13209388244039  21.844719418060553  
  -13.657972032879897  -46.50614166387634  -40.21636874765072  
  -20.152136895479618  1.7357903365131333  41.093361308630705  
  -11.004529696987317  -14.89762985031032  30.385167400315396  
  27.444998785415986  7.593724032605425  21.594154693373095  
  -7.515031928149219  -0.5646273733665726  -38.25717254595295  
  6.373659782311105  17.83509668864838  -26.580328088122588  
  -41.89163889346783  52.64284908450287  -53.32925237857775  
  14.652005819074416  -44.37577242502128  64.60830995308474  
  48.920966717197004  -59.40632269749274  -93.7442626509959  
  11.92019575808494  -30.03274464457463  -20.380825785384015  
  -76.78014559518061  16.29370871977558  37.49116441892342  
  154.84671088893745  -119.23594554076152  -820.8520709572998  
  -793.6153498222976  380.9015859038598  48.56163827197425  
  25.128565434720837  -8.74292330827844  1.0776171608289211  
  -86.54190296394944  195.5825051191794  12.056629196777914  
  26.68053533277015  10.864094301226368  32.37254119356984  
  -10.651720668321735  4.663525146416761  22.332998245146037  
  10.61930785999354  50.117642176275666  -7.944827505508334  
  -8.154914229144811  30.824902670387953  -12.456534188219273  
  -13.533236253116488  -31.236651862720347  12.465619482141452  
  28.867263432062508  -18.326110113245132  59.061595878288884  
  32.572740563192404  40.26534015535681  28.561656541895843  
  -7.777192419228182  -4.408394908930143  2.782747812565857  
  27.58542435206981  11.671834123206109  -31.67255021101358  
  -19.51903810348925  -40.223132434271655  -47.258771001376694  
  0.6461017963736985  -35.303022603001  -63.01127288023328  
  4.354999673205089  37.298376381546326  17.423760205602836  
  -19.91977900757638  -21.176750798281695  56.90216711263468  
  139.51058989498594  272.082925834701  192.24569617889202  
  -17.281891480798805  -29.19594014864341  6.2241581697373025  
  24.967397253754704  127.8440871467983  -53.66614815941199  
  -38.32112128598195  -35.24461672604055  -18.848340516933757  
  -8.365209043035984  -51.7992054933728  54.665201342820964  
  -16.069537765380403  25.866788929003892  38.69511949684902  
  -69.09551956607599  103.92201017266954  87.41879444235973  
  -8.29883456670707  -8.74245976164173  0.9884193605413167  
  -32.05372885669731  38.028813728803534  -0.6271914432179058  
  0.7070139369510605  39.88646297583107  -21.097334807456015  
  -42.67030317363159  -48.844179318114364  37.00336475970635  
  -34.22627451130103  -43.322014891777094  -50.07395811753402  
  2.4193933271635273  10.351712356414568  -4.83235182083821  
  16.368068688517976  -8.978452239911498  13.56365909605104  
  41.123431644985835  -50.79014515009899  13.611089870936256  
  -28.8981161632405  34.3044857466297  8.674452907204026  
  -15.022579256203166  -20.52168243247194  -22.422338644913946  
  -58.85183033798991  -7.659692070356116  -26.710154744963457  
  1.8917871515115043  -3.0972691952529643  -61.61009433079822  
  13.925473813296525  -23.289842896889013  -14.562997960565925  
  -18.172789147391065  -30.440906349333527  -34.235770085941354  
  128.50710828616036  14.020659097613372  -70.95482212526582  
  129.4013237295471  -41.46523163292822  -19.15525482491526  
  23.066326654805085  -33.06723616494742  -5.844355274753756  
  16.49512349052966  1.3666717645886466  -0.2540636886669657  
  -5.724086359122286  -9.085388795456794  8.515054232117361  
  -76.05544914271661  38.15099195464712  -33.7284048964191  
  -43.79576872721871  -82.25315727942096  77.8011155966291  
  23.506915809323313  -66.84327514130072  -28.357512702857242  
  9.330863640696034  52.52188500189891  -28.567462228655447  
  -14.873155151714405  -10.08473946877242  10.213150679737256  
  157.75114933522136  46.432584813837266  -70.95403596529233  
  4.224555786654705  -35.38430162857518  14.441392966730225  
  -30.599908430814708  22.72423922266663  25.25935508021919  
  -62.88134847369553  10.42761118722381  32.834248286205025  
  -21.550063760704937  19.72981741703601  20.47125851401373  
  34.62262297170622  15.95921636230775  29.17264448082781  
  10.354472115388045  -31.98339264229922  -0.465239848436759  
  14.334039483492301  11.535868024505517  3.011932002530412  
  -140.79355040581555  100.18674376338016  -18.813749304304842  
  -107.74054576994672  -24.057968124473263  59.17641462652282  
  30.133891407030436  22.998935794106877  45.18790880745712  
  -45.052700191067714  60.35934282271264  -49.26228370838128  
  -10.041022924949239  -5.383927973536481  27.322645838347857  
  33.33489228210176  19.17716679522275  -10.72009105105574  
  72.10564537065217  -80.05329542267809  18.539163515644166  
  -23.750353031169627  -78.13451307543761  8.657301427735874  
  73.96859823430245  -45.1650831975423  9.485337295653192  
  21.937523792408363  12.297332943368026  39.28461758226952  
  159.93986021867408  276.4899634753353  519.8893795116207  
  29.730826147103556  -19.61530420955912  27.48977214929113  
  -26.847152005655058  41.481139788059075  50.24204809841066  
  -308.69772721436277  189.90586779832935  -164.15228272525434  
  12.648894603089259  7.622453758012912  45.650663530947355  
  138.3637278430917  -14.314623220503902  -213.1730420292642  
  5.6944119974744645  -7.567220488564696  58.69969912680509  
  -15.440938190327275  -6.9218272863624435  31.245752582221552  
  39.86023306024665  -1.9144252306360765  24.202519625539605  
  -42.52526720421295  -57.95762590935225  130.62421878230694  
  279.8979965975284  -91.20267246880603  321.5380652584685  
  11.104551884954452  9.28900879384504  12.218954757125191  
  -3.8488523057653263  1.2035606546481512  -2.3816162753079917 
  0.28348231354210374  2.3675820011646667  3.8065765561256364 
  2.53992467819286  -0.38217573144995237  2.993297294676129 
  -1.4696494327545384  3.5203589705702085  -0.6672361879752298 
  2.1342544737242743  -1.4590280546538372  4.36965997808914 
  3.1824893334433293  1.5557920026685803  -1.0485931909715223 
  4.127737591186024  -2.2030562796779027  0.7144600891673185 
  -0.7492968809493177  2.522262345286747  0.30494836849260953 
  1.835468291092255  -0.5158371852544269  1.992444350377796 
  2.099822020531463  -0.24720322393437  0.25635636456604505 
  -1.6083984936888434  -7.956168248093171  -1.1057543762897508 
  -0.5274295558995232  3.6041054856343933  2.2661975802543175 
  0.20892575945673422  -5.558874646427425  -2.2765312446199526 
  -3.8717775247097217  0.6608215808848832  4.258157290045307 
  -2.057521367141281  1.5536156294275272  3.521279885811612 
  -2.3395899827390205  -3.627081381333319  -3.555933961473111 
  -0.9263851078445993  0.15891785295808283  0.7722510258540978 
  0.9684445678434446  1.2837755062424363  5.347507699407657 
  2.0344310118246214  -0.6205803519774736  -0.8348795587859004 
  0.4179892691424119  0.11410384318682792  2.4784630923097124 
  -0.8652218082678649  -2.4299398496713294  -4.295072572491117 
  -0.3777496336301376  0.08479182537648808  -1.241722566126912 
  -2.307879070203813  1.7529623685190943  0.383111590190103 
  -2.6485285827173723  -1.262056027774167  -0.6143807143268424 
  -1.5779209895537807  0.6100783361958707  1.7094426108655925 
  -2.4805463420213787  1.4564178464724826  0.742994178857474 
  3.1205433410462757  -2.5335069187781105  1.532652861848507 
  -3.2599366019247653  -1.2957964779721534  0.575736911959207 
  -5.8026498676351395  -2.3540075913544003  -3.8439920056295596 
  -6.516792718510727  2.3686719544184776  -0.5274788903309915 
  0.9260418810463921  2.020046837327668  3.169105743913556 
  -4.217546989940235  -0.08969583308363675  -4.274165423726531 
  -0.6485280245490205  4.294439229383615  -3.2108333232435027 
  1.561420297089613  -0.6540452727960698  3.5151245998403597 
  -1.1581164598463833  4.9928484993450475  -1.824349713855364 
  -0.3188578861627532  4.863226880096309  1.5258497482311848 
  -0.15485158767369653  1.2136105622310795  -3.2466331604300542 
  -1.8247172127209519  -3.5228408541354344  -2.6771251308374873 
  -0.8251239015746641  0.37690977836554296  -2.06691452125857 
  2.772600489100099  3.10708566124494  1.3526626406103506 
  2.593417185373053  4.160092797196356  3.6911551391699944 
  1.7541771596906581  -2.2952158015743773  -4.212134764348167 
  2.4844974261542516  -1.1397036428453715  0.4353003177793125 
  -0.4039598975509231  -0.07132679920625049  -2.5595602240396995 
  -3.8619169772627435  0.08925883608422716  0.5490622177979959 
  -0.9576521956782648  0.5356111056217518  1.4993008300462733 
  3.426968158576405  -1.964640888411512  1.555642681009503 
  -2.501704752119952  -3.1604447710412042  -4.133198570491596 
  2.99211405180416  -0.5473286500615687  1.1369362690228042 
  -3.446582581927511  -2.761114580667504  1.0613736158397946 
  -3.4836469060330297  -0.36463229680256537  4.629085135883567 
  2.0245420875675975  3.740000892995362  -2.38589591883412 
  5.729016704462254  2.3196919701159073  -1.257131969039142 
  -0.059919500167769334  2.4511769224646005  -0.301831070803886 
  0.21098990042210994  -1.3333966282257481  -1.183477705621362 
  -3.2995959476709156  -6.192703918830841  -2.741514652311697 
  3.152423164594337  3.7858126308586098  1.1247710692179225 
  3.826167381646332  -5.598484269519403  -2.568738844711724 
  0.19763935809709518  1.416641021738033  1.1566348747742115 
  -4.2433510970525266  -1.7828441936461974  1.8757613691458457 
  0.3103645838632695  0.20079858038663978  -1.571973762958989 
  -1.1881870394820704  0.8537676126189889  -3.5945360793280883 
  -4.8290654664508805  0.023555201385505427  -1.3688348226710532 
  2.4293702094951426  0.6101889322448165  0.5733742787031663 
  -3.2993850582089594  -2.29900986123667  2.566639711662481 
  1.949557010629941  -1.6255596597509059  -0.29294240443518765 
  0.9588659648395071  -0.3407907374858148  0.1293658256755077 
  1.2952132270832366  -1.7499824852841797  -1.2469519346501585 
  -0.5481652607406093  4.85789556511279  -6.220494261252048 
  -1.6294212309783105  2.5514738349823927  0.5940804928915921 
  0.8471129602351185  0.972377820886344  -1.6868637559146515 
  1.8303267002357388  2.863718847909643  -3.468120288196663 
  0.025864653577564543  -2.14739567900865  2.578475407968532 
  -0.05554074285468248  -3.6767690967703666  3.0194895291998773 
  -7.587821446483429  0.49288996351354064  -0.6259126844899447 
  -4.121950616033675  1.914998440961528  2.1176709208254105 
  -2.3002249524541516  -1.7950059754403531  1.4605548317294867 
  1.7216681121696646  -0.9097097759555252  0.8331411725829457 
  -1.504656223699573  1.733418562512148  0.18339792069405944 
  -1.56979062031503  2.220113847207553  -4.125487920829712 
  -1.2298147695870048  -2.0318199092190605  -1.9874201642059275 
  1.2255101970264013  2.933561431001528  9.103081156304958 
  0.521228827403904  3.502280386241898  -0.3770852763690253 
  0.9533701468158721  -1.4762061809671192  0.040230560410498745 
  -2.7545609317779562  3.8722443104953745  -0.5953326270006226 
  -5.452938166329931  1.9195110392177177  -2.7401199551210547 
  4.004568354611322  0.8570715234182394  2.879853500880559 
  -2.0358479920822297  0.22388772543999738  0.6119729755389961 
  -2.5259369952784976  0.923867498021456  -6.619165899959117 
  3.051667529660923  2.920419270372638  -0.16172270261980193 
  0.7696952145324579  -1.3806005670381751  0.8505657805218905 
  3.131408224531579  1.3754742063076049  1.5881123327972475 
  -4.103655360371145  2.8248503504631093  -2.9829865014409744 
  0.5683251004674289  1.7156225788090842  -5.196267612463728 
  -1.364978371468975  1.8741513001539798  -5.040620365521345 
  0.4819071627259061  -0.0607247469962455  -1.6133628015432264 
  1.9523083280238882  -1.9354380121888024  1.7720076708800063 
  -1.5225851838897444  -0.9317417268894191  -3.675504207243184 
  -1.1377316730623208  -0.23145385726503587  0.7772982218756939 
  -2.8955700882693174  -2.506920271252294  -0.19961010195414022 
  -0.19149579684752358  -1.190882362925139  -3.1384478411920704 
  0.007092850995775803  -0.6292961183352044  -2.1477439301019072 
  2.5141879706786656  -0.006768452463073227  -2.3757450288353357 
  1.1481597828267944  -2.547902588545219  1.7776743294985442 
  -3.696964341795599  -1.3016049414394684  -2.7216539895833205 
  -0.8958261491590839  0.530801827543239  0.8659822935451993 
  -5.457736007354396  -3.633329432896188  0.9150677041115128 
  -1.3304172158956231  1.6739688914994821  2.47894868231127 
  2.703586899746576  0.8915934130120431  0.6135365208783449 
  2.998692630744828  -1.3685550197962661  -3.1896763158106984 
  -0.46849279432296853  1.35056851976367  2.057507471286704 
  -1.0236766867432308  3.9702093675077434  -2.1176176008714003 
  -3.737078314635313  2.266325908838218  -0.6989570552573807 
  0.8697908162266004  -1.047744070885738  0.6848590737836076 
  -0.9720221472171875  -5.309059439999952  -1.208422257855475 
  2.586537219767811  0.4913577531137951  3.2041197803498886 
  -1.5030403505501662  0.02673967898676503  3.240927105205212 
  2.8056792987673687  -0.3706533208901466  -0.32760541824115824 
  0.3157911446926272  -2.9657369946910537  2.737239380465287 
  2.6367074455953583  -2.3280404988924803  -0.6043328320866622 
  0.27502872892533  4.363450101097384  1.3782636621637434 
  1.3775389990854252  -4.130777718065171  0.5332925749867028 
  -3.1993109362892658  -0.8520484364152187  1.1244046044704858 
  2.423143004593483  -4.1804778567101755  -2.3825731979956197 
  -0.5972156950579914  -2.0262007763975216  1.3848465426863734 
  1.8197079708746728  1.2803200289781  1.5086399525317262 
  0.5669800925920918  0.5805653249999738  4.42203448866415 
  -4.879850096988953  3.57394751135297  2.6348844194995404 
  3.314986459495259  2.614050408964391  -0.39580385907804255 
  -1.9014047969312708  0.55683919390109  -3.429358762552083 
  1.6345800782933204  -4.562094246394172  2.697907303465306 
  -0.8615261168196697  -5.034594588107093  -0.5953879786706469 
  -2.815346445150956  3.5594746278086618  -0.09907020574282313 
  -1.8536966714429752  -4.212988266487999  -2.3834252798747304 
  -1.2376484299239343  1.8933169133093994  -0.6705376720049814 
  -2.591014361720926  1.5274947053253807  -0.38927595242544777 
  -0.488175534398482  3.400872712373323  -1.1630919552635341 
  -4.374066081737688  -0.9922947376104695  -4.064179743951747 
  -4.443164396237487  -0.9973586529114477  -0.15687575163687778 
  0.32440537723389  0.5417688315330128  -1.176131206530413 
  -6.655462542286691  -2.5550732892614234  -0.35191505843206505 
  -0.3670834869817345  3.6171791048837276  -1.0606472715868205 
  0.939418357029867  -0.7720506907452875  -1.8187608886521875 
  5.404315935696838  -2.251598590602128  3.0860841287482317 
  3.4929681546905944  5.530443564435939  -1.475123235206778 
  0.3166581664404925  -3.1700770937091822  -2.974842520141496 
  4.57655709957235  -0.8261116966576972  2.4633000131718177 
  2.8043693250064243  1.8287649071123349  1.1544850718309971 
  1.002165933873466  -1.5250149213030217  2.561233712378257 
  -4.154557576465992  4.2705842339891005  -2.1447430038552335 
  1.1099602214892348  -1.9440677530777783  4.580620797151481 
  4.607492274263519  0.13903907886803335  -2.009303037835706 
  0.849585221215997  3.0006402862041086  1.2514013124022783 
  1.1493099259211106  0.29828755278934793  2.1862779839366655 
  0.19072275277829023  0.21449203712453246  4.02617421867989 
  0.2214720538028724  3.4386515951667143  -1.3802168741347502 
  -5.359148313615043  0.8424561068019076  -1.392089843613129 
  -2.376411160039201  1.070853586262628  2.0609462274912493 
  6.61922927138039  1.453808152766983  4.027533437547821 
  3.372536401954953  2.0666854147256184  0.23176295902198984 
  -3.5791949962947878  -0.8718045709621338  -2.0230009363335295 
  -4.102882749852723  2.2364492335552293  -1.2696910057059865 
  1.079182360611777  -0.6279389605445049  4.335881690962551 
  -2.9294746658017226  0.5496305325289019  4.915550557959611 
  1.5268538326648717  -0.5498493365039496  -0.8295580587286095 
  1.6170704828483968  -0.3102688732888347  4.051211600501323 
  6.596035469344265  4.599269366334185  0.4202998637811127 
  1.6767448263608018  0.008272814696643656  -0.6640025158792251 
  -1.3934669798567367  -3.1513134386412123  3.281562242693334 
  -1.7671140166065598  1.3594341673523684  8.354882344801204 
  1.6082120444152639  -1.5179032419862368  2.100752437325275 
  -1.2818512623185998  -1.4591808307318217  -2.0163740997201742 
  -3.2104337203022384  -2.6011657038001257  1.678858648414934 
  0.591595451961307  -2.9055879696691633  2.577612494624388 
  3.436943526158158  -1.8887875238389276  -1.9592032708833647 
  -0.06459397378174096  -0.49300759679095724  -1.584970327924278 
  -2.3758593511255413  2.57835717136319  3.48615113826328 
  1.2703985449837714  -0.1788702484942919  0.6925909423066389 
  2.9394720695628966  1.0896007206121234  -1.4532824334774308 
  -0.04714469650523355  1.1467350885897716  -4.096356696231528 
  -0.7115205888099244  -2.083493608923347  1.963838532470873 
  1.997743155164061  -2.984431487994477  0.24080613729266995 
  -0.7944467606408125  4.438829458409613  -4.848300133690566 
  2.0273025036416326  -1.668112783258771  -1.011782709459795 
  2.904498425185753  1.1611823910659906  0.9448101536441732 
  1.6025970773364246  2.627179121483684  -4.201852668253972 
  -0.15495810939576943  -3.3639712779860664  -0.6698002946949042 
  -0.03834442115676839  -3.4297845372454994  -1.008706758305641 
  -1.8963180415904906  -3.4002373940367083  -2.9216479684042187 
  0.7232898564592918  -1.7273963969440613  2.582240049198542 
  -0.1525002738666317  0.8333872770624018  2.9200656813488535 
  -3.915630712278569  2.5775331884897996  -1.8567010254385372 
  -0.36823302345358805  0.8271547806260813  0.601275674320849 
  1.0931569535383094  -2.1284675898438663  3.1253433925622325 
  -1.872308918134859  -0.862853041173023  -1.5761289512713366 
  0.3724567340757309  -2.8627406659662094  1.1277363108052658 
  -1.2976914774520663  0.32757140891303116  4.270139328555569 
  2.166810629999303  0.40405882038253  -1.6451875640897495 
  -0.831084983832347  -2.003819787134556  -1.429136910043014 
  -0.48214949578440186  0.16721137493209348  -0.9865925423701463 
  -1.2989333793655902  3.1626244232504237  -0.9970326639597585 
  -2.368157594928962  -0.18651338970599493  -1.5923598682726048 
  0.7725308916649014  -1.9688532774347496  -5.108023969598768 
  1.3468242287349026  2.5616010473430277  0.8612602533676972 
  0.1304123860782069  -0.040090624779422775  -3.83107574729517 
  1.9558632376219331  5.30208256146844  3.4567775468896302 
  1.4493357124792072  4.502565239329796  4.531657456921703 
  -1.0309489846971047  1.8971646811492644  1.76053273269991 
  1.4695137525665576  -0.5719588121748317  0.6309068256699621 
  5.696225494537147  0.9556731346950844  -0.6575993914528343 
  -0.6640891162090511  -1.0004480716446629  -4.433955344400834 
  -0.8516700872374532  2.4807951591615347  -0.19200044750504966 
  -4.287718764168327  -1.1505747639371202  1.335137951791879 
  -2.972633390579606  4.0355774040319075  -2.707286930291843 
  -1.4386491293727752  2.686314404268689  -0.027979856119656903 
  1.1025286297850467  1.8998001514408471  -2.907711696569434 
  -1.9135658625700598  0.24914702907135322  0.9895249751907615 
  0.011760986164883634  -4.412857992439201  0.4027331673214921 
  0.13699458982277724  2.97755542370981  0.5157886704500338 
  -1.3513254729372532  5.5404762800295755  -1.4935077110263622 
  -0.37668536357279203  5.537130830880951  4.92372169431335 
  0.6662837559489633  0.8756562424494722  -5.110454712599834 
  5.889968770249382  1.2655440225301622  -1.0781565398979436 
  0.8891895319222382  0.2791211620173628  0.00881677194643537 
  0.8093566067526857  1.397507416056827  -0.5595684165325936 
  -0.1359281204046976  -2.074746054067632  1.570831575283947 
  -0.1953522150203101  2.5187359619081184  -0.7995526315928146 
  -1.4944405489683523  2.7187739001870748  3.3460039944813054 
  -1.3907412943425195  5.351729737664458  0.14745592406133162 
  2.289481834269194  -1.1085614830593347  -3.6569524334829873 
  -0.24222216620836295  2.47692992886894  -0.5483428919909492 
  1.9042094944070345  0.21548186596016972  -1.7970355676503056 
  -1.3188402518937985  0.29922250883553214  0.24118960852492424 
  1.3949456277620884  -1.0822916611919773  -0.4346521769027124 
  0.19524765149632115  1.983420282695169  0.31406806053852054 
  0.871837484912244  -2.6516609260727355  -0.20885615997830917 
  -2.404384495083394  -3.35916099540304  0.04141004228029226 
  -1.761158600104592  5.349297304832759  1.7583897141401033 
  2.153203913130994  -4.472780044814993  -0.7407165544967453 
  4.308741893486978  1.979337412572773  -3.63430862914799 
  -0.7105901063976306  -2.930975413383973  0.8560379852251941 
  0.4838824573170767  -3.2248914912684348  -4.5790147293443155 
  -3.249727816434023  -0.2507958777088771  0.7597156669192523 
  0.13709194480571363  3.412917761521678  1.3318615513743806 
  2.0968561628922915  -5.554794653956145  4.258306339813173 
  -4.976064831056607  0.07433123969473487  -3.2749571299142715 
  -0.3583372830494336  -1.3312707534063373  -0.5566662106023766 
  2.652366946792076  -0.5673134359104072  0.15923429705483783 
  2.8586088682576807  -0.7246039767183841  -1.0551550243340224 
  4.0306308120272325  0.027448748632302077  2.6329434781124395 
  -1.0642329169798666  1.025614102094842  0.8458632477383926 
  2.8359093260046633  -1.6180878915048649  0.41725477088448626 
  4.832358339686233  -2.0895475669464103  -0.11425148284445057 
  -1.9865557272159204  0.25946813473795816  0.9107214833486109 
  0.7480867824361366  -1.1164871626832433  -4.953336872914416 
  -3.3233196485963736  -4.907403013731995  -1.508989736981977 
  2.7334343279927342  -0.2403110184480621  2.054969491486005 
  -3.0474507672443782  0.36403201637595073  -3.3715507320985254 
  -2.7904878171358054  -0.33730898248290425  -1.310365717910067 
  1.8150925411783605  -2.7449301402281474  -2.7864149206303828 
  -5.967630585322096  -1.7670984826204301  -1.3801400807021988 
  2.3388059561552823  -1.8353758097790625  -4.797048552164122 
  -0.7916185891434712  1.2711278504776065  1.0095104293066839 
  3.598367017299311  0.7464032908330299  0.013932759586377266 
  1.1765957342982718  1.095987088285428  1.7986338733348692 
  0.133356765109576  0.8835298510841142  -6.341464744299206 
  -2.0511406983485503  6.503403495855665  0.274440417427864 
  -0.8621715453424984  3.888607103695693  -0.30251634987932263 
  2.720011824134586  -2.867840779455531  2.108531411786581 
  -1.4394875624638315  -3.5252048796572595  -2.017483796744744 
  7.649920600327547  3.5983734312731452  1.595344236768409 
  -4.6345302483983595  4.952898085064633  -4.374347035813638 
  0.8995338676467396  -2.3842206050572123  -2.18972645500787 
  0.298731214953011  -0.43517371533144983  0.19958005390911354 
  -4.516440557067419  -2.9281372832053894  0.6557077623819942 
  0.5921748178053331  -0.7978240409188547  -2.555286450047659 
  6.9872557068352465  2.414275523048294  1.2357090204726564 
  -1.9100977712104283  1.7676053164181262  -1.675637113974326 
  2.353480316769433  -0.5861427892095254  2.3205889829200337 
  0.3845842600916261  2.338499142015741  0.5994962752047869 
  1.4933966928753244  -0.4428020272815235  -0.5096648859660317 
  -3.4347217297977193  -1.3886322008363385  2.3682569907867665 
  0.4213292450658764  0.4936408768920169  0.4197083787961024 
  3.943737377167517  -0.3515859692949145  -4.079199344267246 
  4.59922228047049  0.46574233552071237  2.4871297681188462 
  -0.9890182527334741  -3.614527467686086  2.603353778005044 
  -1.0091913751861468  1.86661665342044  -4.639264289290243 
  0.4905266648850397  -1.0261977311377024  -0.4975159501970178 
  1.5939714404476393  -1.9707530903542168  4.7369851853983285 
  -6.771565944075586  2.9528381611481933  -4.525903965599063 
  3.013107045668161  2.5137454477155807  1.1405776664738725 
  -6.289137318302623  0.11852387215363511  -2.017910836007908 
  -2.601580834899755  -5.155998983885767  -0.005317599695135751 
  -1.8668885178778252  -2.1645648874983356  5.538093120539189 
  2.3538076606732123  3.9388886301231607  -1.2991590430707025 
  -0.754624689516556  -0.04336447715949347  1.3989327820710786 
  -1.0445866201053255  3.4441958603943603  -0.6794815276319849 
  -1.5671696357940201  -0.4450706876539288  -3.32908620135599 
  4.090662924529409  1.6316029312250864  0.053472221794357094 
  -5.878563974274086  -4.239287742638866  -0.5724163637362547 
  2.46477604207659  0.294568679944527  -2.2808946678655766 
  -0.21123961300800495  -1.1548588020625392  2.3479990344532533 
  0.41424864441959763  -2.0941722936443785  1.790222075636461 
  -2.591459837219925  0.705044280513864  -3.251031410371858 
  -3.67213784775786  4.843199173682807  1.5883809823243185 
  0.35223301199115786  -0.9902964991516681  -0.4644544270990205 
  -4.107122110129171  -0.4294157910190726  1.0092425055766971 
  1.025947920223232  1.761434004392989  1.195091817145265 
  4.413365312305295  -1.6760870875077294  3.3817504159783662 
  -0.10399655361354301  -0.5520265944643868  -0.5051053949731097 
  3.2377343581306035  4.794933183937333  -3.3112714756184047 
  -3.4778478446208947  0.7906682355852902  -2.5339545456145727 
  -1.9510894853821807  2.6401655690445556  0.8599525455218185 
  1.9823608370120551  3.552982408397264  -0.6265878118289299 
  -1.256076008917973  -2.7497246364722527  1.9256721282824154 
  -2.5152071137089793  4.057535958705549  -4.8257216239678 
  -1.8134286068173617  3.4434982944514383  2.3875889527522385 
  5.708558376235256  -3.12593047929975  -2.344709454217345 
  -2.3039843424065665  -1.8071415500726185  -0.36358080256545033 
  1.7263879677548986  0.4160018571930841  7.0046679049484455 
  -3.883658394491243  -0.19254022120376735  -1.6393113130399457 
  -2.575541330801941  0.04006758990730481  1.4110641885099502 
  -2.7153780217104106  2.2179272731909045  3.5355010075251365 
  -1.2352079850594975  4.790258723343537  -2.1437478678332322 
  1.3031725183395533  -2.225328693650267  -0.3245364893913023 
  -0.2783202993265509  1.2917284110661338  -1.856779643196297 
  3.3701539971631638  0.7481777000396546  5.950845370448705 
  2.4826851209518783  -0.49074148197682416  -0.9537377174280923 
  0.41878344741259727  -3.9586935574015776  0.662784777260115 
  1.9372568520335591  -0.10600208403210783  1.3609785242797594 
  -2.435562835941396  -0.791613412431629  3.388932350765327 
  2.391113545163447  0.8946501908426395  -2.2997401916854914 
  3.810625347408792  -0.15174234391339447  -2.6529747896850737 
  -0.5260684691409523  1.640889172929492  6.06973884136158 
  0.14726763319363112  -2.164295281637357  -5.708597053477735 
  0.8073584290637991  2.9194748285469956  2.279360293762209 
  -0.8658719278828924  -3.2862655602265276  -1.1431492316194996 
  2.632076547456037  -3.049965204666338  -1.6101290119657004 
  3.8976570391041703  -2.3881836660468623  -2.8728622808399233 
  2.2981245107920754  4.536608029665179  4.720170053378563 
  -0.25068182548319085  -1.0530587609542834  0.630827017760874 
  -3.654120327848952  -0.8537600128975821  3.3406757542711802 
  2.01460514998817  -2.5437161353353175  -0.5422148757975065 
  -1.0995794798020795  2.8895768259582444  1.5707346248333895 
  2.743924985658093  -0.4338991377598835  -0.5138669535064814 
  -0.44108508810568137  1.214696228124797  0.9887383844428119 
  -0.03957718078190711  2.9179792090683807  4.13654398828259 
  -3.30585076785764  -3.2914262600402884  -0.5972403127544681 
  -3.9083861242968436  -6.364650232169159  -0.08252772188737595 
  0.2962085884067946  -3.641372587737118  0.7351253322490111 
  -4.393122804213444  1.0927372001596125  7.11834977917646 
  0.3627426205851609  -2.11145573899469  -1.8707453817122468 
  -1.1369163198520646  1.0587441481934707  -6.5052791794649005 
  2.121114983054593  1.1379118254776661  2.480055473229467 
  -2.6866501496526616  -0.8420271433249372  -1.3203752926153085 
  -2.2906320862789724  -2.150263270081434  3.3350010045993264 
  -2.687552105502432  0.5375688574034547  -1.0443606988083367 
  -0.9649999859427353  2.087010923763613  0.07852989264010339 
  2.804669252518167  -5.596683274150925  -2.7428947154395367 
  -3.470319678386423  -0.2698162097648589  3.432047125605819 
  0.21621350231011396  2.1056700843115674  -1.7202033259197875 
  -2.8272709548354213  -2.141939746996339  2.1639033809425783 
  3.9336932220029457  -0.9908905556724193  0.42109132306540736 
  3.9904653632147684  -6.510426528277173  -4.218017034579025 
  -0.827403327115447  -1.4338960531868763  -1.4056457546325118 
  0.48761478532466346  0.6311424938470246  3.163157833573543 
  -4.408375365044872  -2.505583843338432  -2.377255570106339 
  -1.3190545229051591  -4.113644707827757  0.9535436804131643 
  1.4072433719545623  3.7054182260629998  0.49987074615113336 
  0.5958380983180583  2.631276318571704  0.6788930224579478 
  1.3844936860300574  -0.4316284580353589  -0.4818550173951759 
  6.312299516584654  -1.312799702613711  4.270404093989284 
  4.56548934472672  -0.45086184382247185  1.0655453013647602 
  2.905486625997702  -1.088389496760738  -2.980065987501506 
  0.8938496024440048  1.6351279745271141  -1.9924429593387414 
  1.2248526572500547  -2.3135122375070485  -0.0506366687981609 
  -6.790538185736022  -1.509125230031595  4.79739423734826 
  3.597247587287112  4.626345784725898  3.127697532040029 
  -0.39091426360694964  -4.65768396464029  -1.0776228271740347 
  0.994476645311623  -0.01834283910016993  -1.001259207039461 
  2.936426305379083  -4.200990755170539  1.546575862055083 
  -1.4473314039543186  2.296947793873528  5.805210022876714 
  0.1208365488061399  -4.312578758528477  -0.1677548553019194 
  -6.267053071405986  0.586003814757791  -2.0937413825872735 
  -4.260244555095302  -1.3715637916256858  0.5879298260872501 
  -2.0755600047420066  1.227867163538029  -0.7790766648505832 
  -1.5562467335435615  -2.5850452790694707  -0.1810157921188479 
  -0.922277880654752  -1.6008482613821011  2.4877683084998456 
  0.6381919921820175  -1.0248596320346541  2.7753984059807495 
  1.3997261964335561  0.4744116453604996  -2.333371036532572 
  -2.155663880673407  2.9687670441003915  5.177597274883633 
  -3.129680830767773  3.5794863134590744  -1.0705991611713204 
  -0.5945046987869745  0.6721610038219785  2.1543811125224375 
  1.4121441237202104  2.307730544784888  4.814485666061485 
  1.4989725562026317  -1.947135178559601  0.2602116926745411 
  -2.5792280454422962  -0.7065262887584783  3.4071299626352567 
  -0.27139541719950894  0.10340104918158634  -0.8209249480056707 
  1.5056543528358883  -6.342169835056751  -0.0015433147590399447 
  -2.0153613873978236  2.277139783879711  0.19848811047485093 
  0.04970098894208288  -2.3743614102210095  2.293164687871581 
  1.7596232363411881  -1.9556648693178162  0.2557525709558816 
  2.8478970480025287  -2.653691904458331  0.33326003130368026 
  2.4923009656375084  -1.4725870034120252  2.863899754940452 
  -0.018093522426431956  3.7422036006683936  5.4913346969788295 
  -3.2546140317067835  -3.7877529503804666  1.2865016768822222 
  3.145703473855125  1.3349873629449782  0.6976738778543594 
  3.076628088540954  -1.425920256531993  2.0602493056060687 
  -1.0807077714528064  -0.5965698489421896  -2.4211985676392906 
  2.076415307949385  -5.664110980205559  1.5715855625810249 
  -4.109535432187294  2.5884027105668372  3.954895979353156 
  -2.456227023120223  4.321112108427692  -1.4288252690115726 
  3.3456223394250193  2.1876976765629275  -4.37764316876302 
  -0.9596864626233845  1.3370987215628363  -1.3478789142703356 
  -0.8259379898986773  -1.9744115521953662  0.02411253219288864 
  -3.964366445587457  1.9175092316282394  1.7769428174842155 
  0.7384637309623802  -1.3153312217026458  5.3809766545251385 
  -4.550762939461208  2.6688313091894362  -2.0552783122789267 
  -4.2258909515172824  2.144889150268016  0.629328501030148 
  -0.5123931801977528  2.7565362948039946  2.2617741844070034 
  1.4584001076882214  -0.11177998360913935  -1.2752960575515668 
  -3.9138409670186407  -1.5410774949191455  -0.13708436036295127 
  3.315300701247959  -2.5442414838976113  -2.1564777795463357 
  -1.1976636115168142  0.18050300572217204  1.2686446255381427 
  0.40125427129107366  -2.9507083091539106  -0.06366684778036336 
  -0.49740888999523486  -0.001738645380683068  -0.7754561972560934 
  -0.8392155697925722  -2.060021204215406  -1.371773222176358 
  0.022163347961553125  -4.217257069554725  -0.5647945070383318 
  0.11972889047937008  -1.0269408253380898  0.5456626692548511 
  0.8197761908011855  -0.788382530393113  2.753094033565614 
  1.0793048949990978  -0.875152081280483  3.9240535419699967 
  -0.3707006615822642  1.4227292460138177  -2.0944670688503324 
  -1.5596616095788225  1.6919328917202734  3.412546700324083 
  0.29904030868549314  -2.5207125344351384  2.4170906112822017 
  -1.5718167977531234  1.1894380076950113  -1.7177772172943637 
  -4.391248299644551  0.45275333931397993  -0.3607312852000397 
  -1.6918064029370679  -6.293586207557806  0.7158254683282204 
  5.3959260122312  2.682257499677232  -0.5450885808947475 
  -3.13965967801703  0.11689932285748336  0.4468280640913138 
  -1.8554015819836884  1.5584164269581584  -1.5768110799284474 
  -4.990731185865232  -0.11953842885181641  5.421820297896606 
  -2.2073066787118214  0.8034609116477027  0.9748842658622803 
  -0.8410614269542545  -0.5235772049902913  2.3662425909447826 
  0.7995139412526077  2.0142864665481746  0.15538922429734522 
  1.1171491459410159  1.7334054094165035  1.4395064443787942 
  -1.4066581392792843  1.7920380883356446  -0.23326586583068623 
  -1.2085270551115603  6.054686156693673  -1.7198775713400436 
  -1.3489774177026534  1.8879327569253905  2.258967781253594 
  -1.4204227167990642  -0.8984183389163451  3.6110365515488048 
  3.575197857164987  -2.018687787695435  -3.377737453313614 
  -5.193411030473713  2.3213337700201544  -4.720909030518302 
  -0.2370802461268419  -1.9146948842882558  -0.6782237776509352 
  1.617571236776178  3.545668561702805  5.4246225975473745 
  -0.58081054938055  1.985867385139281  1.1891116867675358 
  -0.3555222847553924  1.7138050981934883  1.5425219325011552 
  1.302225671645556  -1.530601741787965  5.602755167355621 
  1.3436671658149455  -0.997092409823763  -2.903203828932805 
  -0.1331801518827677  1.7250791256770701  1.3080116346578277 
  2.1769545616391266  4.89539900522016  -3.9720028729808434 
  1.2527063269909435  1.4480074913465686  -1.7121019147371217 
  3.6121274864865156  -1.932855784580744  0.379718849784517 
  0.9867966508778688  -0.07330365884845469  -0.7864934503903215 
  1.7418352803228823  -1.1319107167997646  -2.5629074392512647 
  2.252583152940114  -0.6272180454699838  -0.8030374122977048 
  -4.1479666195394165  -1.4161524921367405  -0.3982153293516606 
  -1.4623834177895012  1.428484694211129  -0.19091617937136482 
  -0.11880589529804629  -2.072502252418873  0.168463775840289 
  -4.0825744272874225  4.558619624124685  0.041065337854691755 
  1.1932989270244039  2.5635715846704423  4.059672012860903 
  -1.4496940096691917  -4.344776591743061  2.1423334165386696 
  1.0284643969973513  -1.491228477376486  -1.297280310584613 
  2.864929927834221  -1.6055724170319765  -0.7455897796051261 
  5.037137864481971  -3.127943858235643  0.35485931084150657 
  1.9823897749456494  -0.9947173732795797  5.787169863413196 
  -1.9542189145724287  -3.0707738755946643  0.5850912518999939 
  3.831620599806837  4.0134577759912204  4.385476502171376 
  -3.446742783022484  -3.808588880878935  2.660772145891147 
  1.8283030676953969  -2.621991673047469  1.1603861246449487 
  0.5615389459569509  1.1906994027809492  2.779763192586687 
  -0.19368255086276812  -1.472057744716869  4.693588502534294 
  -0.035604471559284645  -3.5381151393888803  -2.3891964961677146 
  2.32554041599255  -7.132224508609767  -1.200971269294304 
  -1.9445123503049573  -3.001204431563879  -3.0968691395126173 
  0.3552093146131118  -3.731097319987288  -1.6548440751289926 
  -0.1051881553629641  2.668812515939631  0.04580966599893766 
  -0.6861931554208818  -0.9397383916089196  -0.34427443693160564 
  -4.0884732295410835  2.6074622707083353  1.8174354103468935 
  0.7671313794136907  2.26555797660508  -0.7377338318272524 
  0.6113781543346787  -0.7780506733404741  2.8920577892670845 
  1.539225336043889  -3.7901543026908553  -3.0434679359266603 
  0.42865782003620234  3.0940322648111165  -3.4763787952791065 
  1.1185248262223173  2.626663887929769  -0.6948996314496388 
  1.042986063639187  -1.346553963161696  0.967375184522843 
  -1.6689561054205635  -1.2907907347581846  0.6650783490505326 
  0.026045563809362796  -4.933735151189911  -0.659997461825825 
  4.635269251650912  -0.044389973744424736  -3.111649613251114 
  -0.8770736386991765  2.217060133103646  3.133875843213058 
  -0.16104839977219945  1.0214592857903657  4.431689191413372 
  1.8893832252550746  1.8527967049994365  2.093376692105494 
  -4.516595401217755  -0.6590614745339445  -2.5358467052839995 
  -4.578729900934434  -0.9494754223622104  -0.9538879029298453 
  1.9700020237156717  0.4523652730072113  5.468072340447737 
  -0.8393017202111344  -0.10484059993112321  1.7412738912105397 
  0.02992375877798899  -1.9658028531987741  -4.163373991650988 
  -1.2998203761788643  -0.798112922929324  -1.784398704101246 
  -2.251970251922906  1.5883196314109977  1.7138030560074082 
  0.07090040696887916  1.207890498112848  0.9492018324012799 
  -0.9051151732525166  2.6414104715494977  -5.557174334416891 
  -4.970073777382372  -1.8269639113595366  -2.347185743546733 
  -1.0999090706865098  2.546981575172654  5.0619641242002915 
  2.099770702180932  -1.4388621549102156  -0.4134551146002999 
  -0.18667902736035796  3.763715594387579  -1.7371343692218093 
  3.620201014321893  1.4527616628884448  2.1271567491701115 
  -3.422520773886086  -0.5003668575693345  -3.7544345369920777 
  0.31171012378465063  -1.9418233630159796  0.2859932228686729 
  0.965915255912974  -0.3305515334417632  -1.650031946811649 
  4.923929806848345  -2.598031830644673  -0.6015469307705894 
  -1.3016677069700053  -5.30142789979888  -2.9303378583987074 
  0.02440608294605201  -3.5338227796516644  0.49108905009026105 
  -0.8847950550842536  2.5482855256714108  1.857920971506229 
  -0.0027745175273039394  1.8846030908576064  1.2079957891818525 
  -1.332396622787851  -2.9055029698758044  0.889026849626211 
  -1.2069907586212552  -2.0752848878600276  -0.6714160402149632 
  0.7142994620779638  -2.307189312321215  1.2656081838516036 
  1.6967772336916431  0.4798078482448368  -0.8012682299013494 
  -3.92069141683621  -3.3028627967884336  -2.002805764720841 
  4.004353323272902  -2.267732791363749  2.5179045054365705 
  7.774455010980677  3.191583529058253  -2.7641969589512856 
  5.784574693067394  -1.1624546931103703  -2.4708396537425608 
  5.85995238985404  3.558588141704363  -2.363511752982543 
  -3.3945420342740245  -2.5900998599814944  -1.988412833463505 
  -4.461056359486244  0.4705783775789685  4.0609548794529475 
  -0.057250140887888996  -2.080956111904024  -4.092847602298338 
  1.7709607881963285  -1.029935126364986  -1.4103749059118391 
  0.39735265403602343  -4.159893720559861  -0.05567059044796175 
  -3.0866719429258924  -3.010801956233051  -4.8057606698585404 
  4.843270201584487  -1.7792418592964618  1.045811660928578 
  2.9139088021653388  2.1467103590247496  -1.4337523993286672 
  -3.6099046034769877  0.15318973590140494  2.1675536143247656 
  -0.8813671777807351  -0.327639511939875  -3.088138343249953 
  -2.075709905338586  -1.271663893887309  -5.046097047637518 
  4.6926581843519255  2.4857981751323996  1.331736215030057 
  3.7245280514147576  1.5287020742373416  1.4362152251493554 
  -1.2693001984145216  -0.4014063205400791  -2.024895656829864 
  -0.6333146625313596  5.2443600971970135  -3.171827891006055 
  -0.33971816482305267  0.2693691061385829  1.3695015937818618 
  -1.9802172220471077  -0.06873568746475292  0.4871861139417263 
  -1.8851478751688813  -1.2027283990481439  0.42394610945999894 
  0.25781574532524065  3.5260416731214184  -2.538998784834739 
  4.491095807589519  -0.9194150435301931  1.7167789598909515 
  -0.9876960444067234  1.506315842087072  8.242033246608637 
  6.544733417822427  1.9343652386249595  -0.761635114540909 
  -0.242981492952905  -0.32631921547297726  -0.796265184898486 
  -3.64124625311096  1.2680547227763224  0.020951826221717294 
  -0.6991087976930129  -1.9898966408461087  2.3898435464139336 
  1.5722194481761356  -4.213236594989384  -1.0433304823399436 
  2.70576001850429  -2.204733929961347  -3.7569839651762167 
  -0.2479358526749034  0.12352697700433699  -4.945032846400649 
  3.710902454084308  -0.8784829336566753  -3.28948642029531 
  -2.4420288436020887  -0.9583457819613677  0.4072203791953863 
  -3.445616810257873  -5.087849899829999  -0.8086910281377407 
  -3.5222066524443125  5.610944937697573  0.552650341561408 
  4.182076430744644  0.1356101234246817  -0.2343795159691026 
  1.0688696646335527  -4.674967625163335  3.8123494547079506 
  -2.076467000764023  -0.9679567439900245  -5.495459434360256 
  0.08298676922493615  2.0359181153840975  1.6653716172622406 
  1.220004724238886  3.6950934589647653  -0.057928709111026856 
  -3.0194723005724655  -1.841730402000228  2.485373264791058 
  -0.5395153234750005  3.987711971908768  -2.0807408882812 
  0.11473722037725703  -1.8537714390652988  1.0692140082599697 
  -1.4875551904505362  0.4399811390994803  -0.5989794465472996 
  -0.7206041180703432  -2.0357993294216628  3.2440587352242707 
  -3.2414823365276266  0.7993484107110409  2.957795406777132 
  3.1658329642098435  -1.1758091252880403  -4.828297919925047 
  -3.4825939603950262  -1.9575496936027574  -0.18924909699252992 
  -3.7874853775427484  3.8750559517397347  3.199797905444301 
  -0.39732132087889277  -0.7488792003321675  -2.050475851840126 
  0.8456894705358444  5.015277711560466  3.424016241514945 
  -0.6149089891022572  0.9550004514392759  -0.3033344858594635 
  2.481875629558884  -1.4721879221216687  -3.323198376793821 
  1.992765871690613  1.9031612017815656  3.8732086887983472 
  0.9320340050810779  4.012118937298418  -2.5920424091794794 
  1.265247554391387  -2.5440160009759594  -1.6157103316543338 
  -2.5551691621640615  0.315929426959712  -3.0334775362325144 
  -1.6746636609403076  -1.5856238963563778  7.74435412824669 
  -1.3709842511657988  2.2848296243805  0.6952862089660742 
  1.3600245183575228  0.2084381078559681  -2.129549946092949 
  3.0621296812864904  -0.8595691867317121  -0.3269290951906407 
  1.0964524267254676  -2.7680095379344047  -4.279777561931191 
  0.5186160828966381  -1.5373832717350728  3.154977309097742 
  2.329733152566296  0.1269311363661183  -2.912471592635 
  3.446946435929534  -3.4119283502251876  1.2082098667354049 
  4.344127994196667  -3.924411507439166  -2.5296450025102724 
  -1.3792923183334007  -4.277577212346392  -1.6154031792038788 
  -1.8924191388453526  -1.4583662687584968  0.17158155674765269 
  1.5378503195782305  0.8733117665888394  3.9575350437185657 
  4.820104471480203  6.507399268235069  -0.7171090248573925 
  0.5987389169845502  1.3084099538815195  2.0419050845480315 
  -1.1567628771043652  -2.4228308541470067  0.951037150424885 
  -1.3547572492848723  3.6856989594017904  -0.3316290402443299 
  -2.8113611157870357  0.9051066052847323  -0.4401728699243561 
  -0.28775151807642896  -0.36116061413533357  -5.916050722984371 
  0.23093522095750513  -1.9926940947142622  2.2261374306650104 
  -3.5838811627974896  0.33547342559783744  1.2067701580797048 
  -0.24989656036816166  -3.033068699327711  0.36189534455836775 
  -0.24855497169134952  -1.717474093206956  0.703647966125578 
  -0.787256728286321  0.8186551559628757  -4.347034953690402 
  0.6015958356340241  -0.70265502440847  -1.219992670651431 
  -0.6650913517161211  -6.072342911083766  3.6438553760294905 
  1.659924957692505  1.8797753705311435  5.375682575411624 
  2.7398134688094324  0.23066212823237528  0.080509712454958 
  -0.5924288172069461  -2.73661730660541  2.2982985271310685 
  -0.2892881639381872  1.5615459425810245  -0.09262296929994647 
  -2.1528909381695844  0.25242132460212235  -2.9839369036237366 
  3.1066072473908144  -0.8551416938236335  -1.0170348431771479 
  -1.9498778228999558  2.6912118439983708  -1.1503377942307977 
  -0.8946907348819417  -2.250327814904432  -4.330472344033502 
  1.9967918172068553  3.180649942946711  2.061908091883928 
  0.9930095380511634  5.940689777721006  1.9020865001343037 
  -4.026768040465747  0.09166909415528811  -4.105356451785235 
  -0.48087201014815284  -4.406287008308233  -1.8529422350919447 
  2.712891271229721  -0.34743652153524873  -0.5910780296354582 
  0.6986795938494768  -1.650582082164746  0.11619866817986588 
  -2.8170704346566895  -1.3957042494151468  4.4182609709277765 
  -0.0752488489250689  -0.769301196483208  -0.9863409326830883 
  0.2939930601255892  -2.905691665153574  -1.5742912375076072 
  3.181233448365713  -5.489771638040017  1.0748971446202786 
  1.2869259244794846  -3.300432683297811  -0.6807818586061298 
  0.42957040586195294  -1.6682645395251081  -4.1789281858518645 
  0.004986705644018152  0.3346851381504307  -3.7179337566529647 
  1.3797835802527452  0.9825459105930691  2.297390195436089 
  1.9457050474737998  3.621208683424746  0.26490211866820407 
  -1.6075062267221085  5.033310458569428  0.48626420271667375 
  0.8815713098097282  1.4291065229021296  -2.4625527848635747 
  -0.15708123267880597  4.062516436963808  1.7347410104862888 
  -0.5533245659892948  1.747783112494154  2.256212117690494 
  -2.1688485849949077  0.8259431185546587  -1.4175736251413502 
  -4.259117859775664  -6.641068969590193  -2.8848854671887114 
  -2.6076789810269765  -5.835719185295021  1.2169390428244413 
  -3.3883501925050434  -2.554150093540103  2.055999556514996 
  0.5006639623463403  2.614829722249021  1.1079683641302644 
  -0.7753202661285151  -3.8975456517674703  0.5152898010190808 
  3.197605983801416  1.8159810569828667  2.825474612665413 
  -2.0593008874135768  0.4002920724325283  -5.215705442526942 
  -2.127419725755155  3.852622710631037  2.076401760758666 
  1.803061395591714  0.8862206687563629  -2.023248216514321 
  0.8607819100681665  -0.026757070428070854  -0.06636090573200983 
  7.122785232665124  -4.208787592193332  -1.1162309624403497 
  -0.6043653894698107  0.8816586506976892  1.1783722450002603 
  5.300054586168025  -1.442022811739575  1.527337032427128 
  -1.8421872030040187  3.0929335321833937  -1.1321228155299123 
  1.983957225934483  -3.4509484495547724  -3.7612305449196874 
  -2.4851724127605443  -2.6767167135506336  -2.232537697397399 
  4.56442314983595  2.011199293557399  3.062647056148716 
  0.3453781634707622  -1.4371662803635188  3.457278706217567 
  -5.013145645577175  0.8533685952739447  2.2630130446983934 
  4.050146621947835  -0.7195415270021916  2.9200964789303008 
  0.29536432602381135  -0.6983132762679377  -4.3966916402698955 
  2.570816323595039  3.7602816093056974  1.6756843657434595 
  0.9587988827350207  -0.1830686864353976  -2.4970017707443573 
  0.9009200073458701  -2.2592393518641796  4.0656315445316 
  -2.1192152851200983  -0.597965109140817  2.376009004739483 
  1.4176233321064815  -1.2495947313875893  -2.8531978099713715 
  0.19867306196753923  -0.7405079527177164  1.9672969224323023 
  3.498208366890957  3.318136641341361  -0.3807983634187935 
  -2.2975745776180636  -0.6338954935649764  -2.6331467583925043 
  1.6075171041146803  3.8171773763924346  -1.3404751591332777 
  -4.455924171746033  3.7507196683677555  -3.684085190185263 
  -2.4484199755843927  2.7155385303677857  0.13287883245400728 
  -4.4019372937018195  -2.933816240338365  -0.8475385568365564 
  0.13232550003746962  -1.8442805551008845  2.618069593223379 
  1.4479615797122591  2.533407476113916  -1.007607077775528 
  -0.0211984406443511  -0.711021387554071  1.5131509900764175 
  -2.2257211862587583  -4.863579751601783  4.0554598342144645 
  5.676916759674163  1.9555009757090667  -5.2480158392708525 
  -3.058793451219756  -0.8536902261526509  6.964518879271279 
  -1.1273630768015646  -1.5855402518441122  1.4402703358436804 
  -4.420341056085536  1.5320524651857648  -2.314212481066841 
  0.4734278199285228  -2.9778782394552232  2.7742078389437426 
  2.7683140932094212  1.7198678753403944  -0.23568723957790716 
  3.070952070945747  -1.1955119029168053  -4.409840359131084 
  0.023762370112602356  1.090404987013645  -0.6837531808745344 
  1.2129077443075948  -2.2693453999260487  -1.4290162381617748 
  1.0172858696933305  2.785266479742864  2.3621596719355566 
  -0.5302787482411493  2.7405047680937713  0.19413461289429818 
  2.500700158245516  -2.37289500528906  -1.9009229109682837 
  0.12358615360184684  5.6342430648143464  -1.547826998885107 
  1.7599676128875432  -3.931863956127878  -3.455067954685169 
  -3.256196700984982  -1.9810780212369612  -1.3442212259789925 
  -7.087750290860129  -4.559562713749715  -1.8631663270792302 
  1.4377218653095958  5.651713772594091  -2.5623913074975335 
  1.5200709303231588  0.21083329720946534  -0.4904655306222912 
  -1.6351113919134457  3.608551720026985  -0.27417683070937765 
  2.3973806095057215  2.5934079872782343  5.5548457900177155 
  2.2104511334894057  0.5294524125245624  0.9858027670798274 
  0.9675534743694524  -3.140687961763828  5.86822402196093 
  -5.1055876203564985  0.5666217956271297  -0.9875320641200226 
  1.9182255294243822  0.09231716869932721  -0.10387946582786788 
  -2.1831635274888064  -0.7442227617220326  0.09257293121926963 
  4.8664116264733694  -5.399218521843495  0.938989832380134 
  -4.686170042565935  0.1437053177531695  -3.0890032779504493 
  -1.6672848819147243  0.5779997889664388  -1.2895075594595287 
  0.85388406410014  0.45550775897263546  -4.639623594046191 
  3.4440768949283123  -5.355925693939954  0.7668991454021082 
  -0.24827416204345715  0.5693732257031939  -0.3158270184373268 
  -0.19856589263825802  0.2838652212768847  -1.0764426940082878 
  1.6435370466861063  -2.2952586621974813  0.9176995249553273 
  1.39842068524692  -0.9245645104859074  -2.925889999419194 
  -3.3385120357118225  -2.859274176888229  -4.116491451525491 
  -1.5750441787336733  1.3259646368560536  2.241415546822362 
  -2.3142386173223697  -2.490092349332152  -5.566361367588581 
  -0.017972270678324707  0.6235546911635601  -2.724803448352813 
  1.4036328052001987  -2.5738774704384833  -0.4741280310542597 
  -0.8603947223805614  1.891090777849192  -3.2178429273812634 
  -3.89024558540936  -1.6012928396153348  -0.5887515266091393 
  -0.17931397440611385  -2.581006883104404  4.898070670352792 
  4.362830086128103  -1.9337618409089699  0.9060112234177745 
  -0.026017262397718607  0.5262472103763823  0.8265851228848344 
  4.421282885117229  3.233958711571667  2.147857391094227 
  -1.6928402437066885  -6.109907859158647  -0.2788500635593414 
  1.731899348262247  4.700648631031277  -2.4424137287582584 
  2.2821943433195235  -1.2707747994672722  2.8639913939164403 
  3.172165095028479  2.010854215629918  3.581975940900193 
  -2.119219891819928  -3.8188334693972212  1.568646365908515 
  1.4039110300019977  1.2921864360526851  -2.9865455091221023 
  3.6365979868881477  -2.542571236234198  1.1572718478070916 
  0.3391202991130376  1.5024560271189429  -2.394342910249357 
  -0.5158564347870055  -0.9339276321996097  -1.8867255934944707 
  3.5661366252156386  -1.3095272547822503  0.9037948212234522 
  1.386288502752776  1.5691805082266161  -2.123311212705449 
  -1.5110184453553046  0.017836584472670673  -2.6799905258788677 
  1.1981657952939855  -0.14200676203123921  0.6637875041972959 
  0.18218526370081517  -0.5855731957719902  -0.5215381347555879 
  -0.7072359225384643  -1.4492612875072113  0.051578151120113803 
  1.754210147027582  0.5254320020004151  0.21471942941056632 
  1.3643484938695987  0.4456524531513821  -4.1081640236263315 
  0.5490869908645571  0.5749493777717635  -2.2650701506926434 
  0.14221256764504192  -2.9973243053519285  -2.402102835315621 
  -2.257972066371132  1.2492260864799745  -0.3397903344084316 
  -0.18877867816924898  5.846726907158851  -5.301150500616208 
  1.8796649075232637  -3.0512319866495887  5.204967859376707 
  1.7858249999728673  1.4927836675696646  -3.021612143675337 
  1.2548145071987815  -3.276746435281628  6.263238123419912 
  0.1770377289510485  -2.9331473115992854  2.020638164257327 
  -1.5444381029737235  -2.9536365507135023  2.8756325226331074 
  0.39453418642595933  -2.4462475343829744  1.1533176707959825 
  -0.8111506330194249  0.6528754736542477  1.7319308347631301 
  -2.941121445768441  0.9199306967494888  1.179077684033232 
  -1.7351354014395555  -4.123537910556505  0.5991148839056726 
  0.029937129853575984  1.733195653496799  2.352366716565258 
  2.0669029436796027  -0.0610384154160349  0.10457118781552877 
  -0.5309965420751571  0.5855735463018108  -5.664059144077806 
  -5.41530904400779  -0.9018389490345389  -1.2641843787256797 
  -2.6978910873484323  0.9530087695557645  -6.23851801156766 
  0.3431516825279426  0.9436637277308267  -2.457839880420482 
  -1.5724143704860625  -3.965673176093622  -0.011099301390007815 
  -4.0981268738814896  1.1232146781695125  0.36053381055659556 
  1.5049581601543358  -4.723532176457681  0.39547750004214405 
  4.485815246602234  0.36168041713366667  -2.6449380706964183 
  2.00493834817885  1.954660672792328  -0.7285122857495772 
  1.8219901328579244  3.2220575211367564  6.308030327960019 
  0.634883966675472  0.8254176195988074  -7.211343696827826 
  0.5790805762445578  7.503422700733526  2.330134400414518 
  -1.9783144333124916  -3.3494406557863514  1.1921824919664656 
  -1.1582850385427694  -2.670807765077048  -3.1243567966815053 
  -2.4946174297189487  -0.692655835245555  -0.6509969902074287 
  -0.49072512136600266  -0.7688017225083794  1.470911160094515 
  0.9712248399826379  0.14299589036972774  -0.91758557867577 
  1.404338669605395  -2.0634463930961306  2.4781739087849264 
  1.8727693983431022  -0.08074309380467977  -0.9057451770911273 
  -0.49432668671508867  -0.7415755682336631  -0.5633627069126144 
  -4.48805729146972  -1.9592464265416234  1.1944839584672746 
  3.45426994003424  -3.28556799472774  -2.5994305633648223 
  3.431764541806776  0.0764423551954434  3.6475044188012595 
  -2.02735529041283  -1.9654447310780108  3.412964485065694 
  -0.5527862297213589  0.08857125005558977  -0.35213113496883264 
  1.404481310317432  0.2742890378385968  0.40189128324351076 
  -1.352602563020081  0.1881424239044583  0.0050360504563981895 
  4.723077716396886  2.9260328653903227  6.078423633287775 
  -2.4903459869083973  0.569831864809796  -3.782850583657545 
  -0.5471194754449679  -0.19180283921110994  -3.6370547467270917 
  0.45670134807285073  0.08274455305489166  -1.2475652658824794 
  0.2707272634843652  0.06537705275088525  -0.5140566739659352 
  -1.424888343611873  0.8369351095709535  5.89298145048929 
  3.1632679384214395  1.2446852996806723  -2.437848278512134 
  0.18980259140778757  1.002978824639544  5.16096525502877 
  0.9113729095229419  -2.6687571352432773  2.7572368649221652 
  1.443734757299179  -0.25519351981789684  7.602947137450244 
  -1.0713370652970684  -0.0009384604784484501  0.3502519344083037 
  2.0575772871733284  -0.39134871890498985  -1.7572537321139445 
  1.4614991688541181  -0.6670107123271983  3.3270214432318976 
  -3.0670998275596424  0.992093044461634  -0.25005534302212834 
  2.780800541743258  -2.7935106442750546  2.961749826512299 
  0.2200547419794151  -1.5545658847755288  -0.6529635107659709 
  -0.8419967686929164  -2.7174697451716354  -2.310358635383902 
  0.9870418214045714  -2.2623590129685365  3.6098852001580215 
  1.2274626972710576  0.7376711537933568  -0.29823634114706 
  0.3337247021539753  0.9335178034675706  -2.8797509082997523 
  -2.7595285090808956  -1.03741140604424  -1.1697107004897218 
  -1.4563333853900509  1.7476722473534225  -0.16283725789748257 
  -0.9743248738574684  1.3058470893444987  0.35130467830240214 
  1.2390164894382814  -2.7190149433078967  0.4790395668839248 
  4.887340256085132  0.26682455326339527  5.477896133405929 
  1.7095539737077987  -0.9255042585602252  3.723590966706929 
  -3.1579266742021743  -1.5501288488095972  1.466485522728829 
  -1.0235222513036795  -2.864451159682226  -0.06173971234412978 
  1.4708452859970595  -1.931628772889682  3.207572922745024 
  -0.43495012584553894  -1.006890701109268  -2.7907145302906238 
  0.8044235324890835  1.5650973829504242  6.821799852086624 
  0.1449644148981395  -0.7453216214532313  -1.0403303827235755 
  -1.859575056479218  -2.2221478446947933  2.5191085047955406 
  -1.2775503150667125  6.1724240520937474  -0.8909422991632198 
  -1.2156059067388445  0.2931290202455791  -0.8145843024477927 
  0.9267264060336291  -0.8107683472941117  -4.92934940906606 
  1.1020951173372509  2.9034198432088774  -1.205401749479504 
  -2.464426110609848  -5.2610373657032  2.0591326729738473 
  2.461873401300828  -2.3498888644107403  -0.7832047425556014 
  -1.599464021819608  -0.3291188291480992  -0.3363780686612318 
  3.738994949729909  -0.37838812371050606  1.6876838596340211 
  2.457805422778562  -2.020733133444523  -6.0216750820226155 
  2.3105662350146314  -0.8926281862297926  -4.899903006371468 
  2.8041615415693975  1.5202857831978418  -3.987751649761011 
  -5.050078269511908  -2.1266623098531747  -2.456895546768002 
  -1.4352491091171478  2.256412433418888  0.9313561144813045 
  0.773755244488386  1.718508995100604  1.0563391169740965 
  -2.5167497963405796  2.012235577261962  2.0835333209253744 
  -3.1178204388282813  -0.03301343939373124  0.6976931508085059 
  -4.723856139701547  1.544815578911004  0.04279316589414602 
  -0.9657237573779327  -1.0039166867575278  -5.878964239459208 
  -1.5481106935494853  -0.23522025102926192  0.2222733069268568 
  -1.5070444321664997  -1.1789918721619512  -3.618972068372869 
  5.011224218403789  -0.9984493336911744  -1.1083465129205363 
  1.9274644924931834  -3.54778194792641  0.41374347751988216 
  1.9678576808850956  4.253128015748619  -1.3685791122728515 
  4.1635948738802675  1.3794029584590763  -1.1802121574806286 
  -3.2741432712700407  3.102668627329584  -2.485953925426991 
  -3.627704459146061  1.91735498970153  2.5265638069297593 
  -1.1319751012779733  0.8985649293676994  -0.7812982344027481 
  -2.2537447012019203  1.056272253440139  0.775516472335808 
  7.618077212102593  -1.1089383711591048  0.5093993493378239 
  0.620044842004669  3.334504483923452  -0.325641204254938 
  -0.9834502528902564  -0.21969812277483058  1.3791329496785347 
  3.03483809584689  -0.8177784111496601  4.104290621860599 
  -1.0526321878778713  -0.31617205592601266  -2.6817971833605925 
  -3.3686049509120224  1.5656808787189536  -3.161976808504085 
  2.1981454126894806  -2.787094227034139  -2.0645964412628306 
  -0.6892190258865549  1.7600616381168859  3.0036406641902014 
  2.0257420159858888  -2.8232175606661762  -7.886131202943459 
  0.7658720795059473  -0.21696831640021794  6.203653345628198 
  2.0381147382440767  -3.070019912046159  0.059320973660376225 
  0.5386055622099546  0.9453917030590361  -1.8849214923590603 
  0.08389731561928697  -3.046693063437131  1.0642950500219883 
  -1.1041434898016729  2.213259357119018  -4.144353327088641 
  -0.26343409927174755  2.631225248732253  -1.1414653047295913 
  1.965269783305125  2.3185380443495784  0.23541674849933691 
  -0.47974900047821445  2.8869914066017968  -0.7701674744423372 
  3.134943849016832  0.15556563736854642  3.406006444749875 
  -4.858217628131464  -2.891420673430413  3.7417496072173297 
  0.05963332608102561  -1.3660140901301356  2.577907141793476 
  3.0479365164350516  4.676901847951253  -1.1389581803687365 
  0.36662391744112277  4.146899377758757  2.3467639521356807 
  -0.10580494183222437  -1.6616119335912678  1.615772640616179 
  -2.2430611180112816  -0.6031771455486536  3.336942436741504 
  -1.3478331739609541  -0.3144434077448252  -0.05095863587704857 
  2.9915418026456524  1.1596357724722752  -0.44677832601516015 
  -4.4152423709201845  -1.5051103554952807  2.519970192856627 
  1.4482054323924916  -4.954338119494549  -3.340631232717835 
  -3.3142111672615973  5.489357196731625  0.9970757617192947 
  0.10991016698392649  -1.660507315642556  0.8826387069123492 
  0.5728032530538345  1.845992420095984  1.0031573488702359 
  1.6792803571033892  3.159830626382392  2.478802750241112 
  -1.119604717810282  -3.420281387974108  -2.1959166265745913 
  4.466379492066323  -1.3330798064776705  0.2450276568697754 
  3.6938150683017983  -0.9612959908429104  -2.92091510240498 
  0.4472754854290053  -1.6769251754033332  1.3592867125412518 
  1.115768535319969  -3.29706098258121  0.6894404365917465 
  3.0918038293973176  0.007265536583185662  5.082765564688793 
  3.41111173981021  2.2023820822489917  3.657959411356032 
  0.5888571441231054  -6.339134352078478  1.8162474773300519 
  2.6817325781567174  0.188234158104724  2.8389345033948254 
  0.7603377557484329  -0.463905674070211  4.3154587146000445 
  -2.2524765160793967  -3.0111001532788517  -4.106959090063362 
  -3.0057277222423067  0.2012412277951587  -2.2410127229301198 
  -5.090881679263689  -5.259780733578137  0.9813076212306964 
  -3.7312557486935503  -1.9528885212434062  0.10688211579382557 
  0.24874880602351085  0.6909060742119597  -0.512979527804242 
  -4.946752640579043  -2.421720592791037  -2.31868844466813 
  -2.9508772629214097  3.9319599859257046  -1.6166171546579127 
  -1.2550108690094932  -8.625453886042337  -2.5379403266563973 
  -0.7611914602379822  -0.52909449671107  1.0456258897290045 
  2.5525955314705846  -2.5977964442212054  0.3294256677291131 
  -4.683756539227432  -0.29519547834661514  -1.6555917010198373 
  -5.9528364939336145  -0.7546745259816404  2.9459567810349863 
  -1.6789361912939693  -1.0084937839358925  3.170819179042631 
  -2.8303862632229144  3.5105438356048837  0.8221494120687546 
  -0.022636803270440858  2.841633615424713  2.1446371542084455 
  -0.7012334658702586  -6.067539773178725  1.0211975128307198 
  -0.2722595131668035  -0.18997116314284815  -0.3933129975311099 
  -1.0670981629715293  -2.0501966131460945  3.5162563734313914 
  3.6692437557538065  -5.193326932408045  4.190203643308036 
  -1.8907159410553636  -0.224405330257234  -1.2336508089105787 
  -2.737423681224141  -0.9476575730582015  -1.685278418325406 
  -0.23071871434493144  -3.6070689871396984  1.3090127415977342 
  -2.811934065402905  -0.003480449309072495  -4.889890405904111 
  0.5495535120764061  -0.002837234891876043  -2.417021046390976 
  3.972654550096425  0.7541454440064405  -3.8953061485697793 
  1.132077668238367  5.2432018944306105  4.90369654074628 
  -3.90533188295733  0.729689846903242  2.466262848356077 
  0.6874876916806577  -3.9365604332997592  -3.7881479612307896 
  0.17247946204038775  0.0396510468888821  1.2418138696517755 
  -2.905914871549277  0.5182690156598014  -1.4708005465296219 
  3.5071151054483627  -3.969285174383252  -1.40403959708615 
  -3.5830983766146804  -0.010604710428593657  1.627657228247206 
  2.245317253023285  1.9508880164017062  -1.8279507058724525 
  -1.7756438507405286  4.656335142980317  -3.9976332178744456 
  1.3777880623280698  4.283795230259536  -2.3197689920302134 
  -5.267923575308846  1.5115087624433263  -3.4526081414434433 
  2.026225012915158  -4.20987768926252  -3.041370011702448 
  -0.31456622084534375  1.868784141787459  0.7069253134189761 
  -0.7431455658833719  -2.2893006839478165  -1.2561616015897175 
  -3.0466505069743084  -1.4954360529483732  0.15578435086601414 
  2.7353177619730826  -3.9652763250525083  -3.003909022041442 
  3.702753834403213  3.4676052138078304  4.944668724080042 
  0.6749834142646451  0.08005386628492024  2.9812284711280888 
  -0.6878674083354737  0.12367718911902002  7.841674993782439 
  -5.534157763017779  -1.802529582000686  -0.8921752887574244 
  1.4693700984206997  -1.366540524792819  0.26284764932501514 
  3.4864115098355626  2.3856291143392996  3.605435021544918 
  3.4494179288417235  1.3393868232939383  1.458144808634504 
  -1.2166058661800847  -1.472419214241758  -5.9953521055137955 
  -5.026936610970935  -0.3756120849677037  2.6819815899807584 
  -1.5374467562338838  -0.6278065531818321  3.00500623207992 
  -0.03470710725114257  1.9340146675715293  3.159198440974828 
  1.202635475522553  3.676083581895336  1.047680863346571 
  0.08189317894446206  -1.6138429012241973  1.165191196882341 
  -0.6365621287064928  1.8078764634150262  1.10395283279584 
  -0.1396244596937047  3.33814207395982  -2.436432675658755 
  -0.8617006873308717  0.35018744464956636  1.3792048058201587 
  -3.631560432106318  -2.8951602840426687  1.6982411015213534 
  2.639157811168458  -3.0143796938185097  -3.189540162054821 
  -1.4155733916819289  0.4526073205155972  -2.7441056363273475 
  3.438312725682715  -0.16332059356181608  4.2446860343594 
  -0.5807898294084801  -3.179381880798584  3.8362864657083833 
  -1.26384266692347  -4.907161972543564  -1.7454207065513982 
  -0.15540023760395583  -0.5904178814412446  -1.0526684640846824 
  0.13291330894973397  -0.7150744686634645  -2.445642978618 
  -2.4542747763675603  0.5896426493450754  3.053658060548702 
  0.6914481592815164  4.594581468043398  1.5259839987834825 
  -0.14307334701848576  -1.5650200867937476  5.041142599507845 
  -0.4576615224380744  1.388030610811107  -0.4282382923685723 
  -4.92409321879896  -3.3475213661321495  3.778037038243643 
  2.9389334838027033  0.04331243442845741  3.4112222883900913 
  4.301006926066215  -0.6673986450030316  -2.2856746696389028 
  0.8211537111204887  -1.3115782231155988  -2.001869039544115 
  3.3099127369054426  -2.0539203720631276  1.418746350124138 
  1.0204553543793082  1.2697665968731042  -2.1098471617034438 
  1.488231193658128  -0.7257154414208259  1.3591062627936665 
  -4.720242067340244  0.0237373766424302  4.729449315816386 
  5.698867952690903  2.317474502663898  1.8413929497992259 
  1.3883911778859126  -3.0764872334975726  0.43726571052932817 
  2.3848879551147437  0.15536360377605984  -1.3475003112074173 
  -0.14506539568379048  -2.706827449648306  -1.2906153580092792 
  3.4744978203585615  0.8599817794164305  -6.710251400522692 
  1.3793290578986475  0.24754540563816274  -1.9584774113557708 
  -3.47423213290396  -0.29767783482478566  -0.521854421634313 
  -0.13664489434773122  -1.711659797159966  1.2593745350766727 
  -0.2589439313918528  -1.7583340755062642  -1.9129164323570744 
  0.9232088982574089  -3.809658660340595  1.7928196971053656 
  3.367974788673036  -0.9136333424620497  -0.9242011386997872 
  0.08950633894604199  0.29043748160863947  -0.43397759770322464 
  -4.437659210703611  3.292377360872274  -1.691204302624939 
  1.4300272963850664  -2.858562692908408  1.0219978029519077 
  2.1807652414849468  -1.5062914688681084  -0.2909113868458591 
  -1.4021662107804143  0.7888242783196923  0.12619978380646374 
  -5.769109347433094  1.8687376908164817  -1.9064524950963677 
  -0.07298032511969132  1.3246558537080786  3.614126212771265 
  -1.6263998136839417  0.8580286254279297  -0.09104679923855825 
  0.41885478394848064  3.825777196751784  -0.22621049855499376 
  2.4672811609932883  2.766897833968215  2.5904517956218025 
  -0.4030777713367969  7.076075158228552  0.003915331658736818 
  3.791800752694241  2.300675535744893  0.32974407737973166 
  2.3245893865729963  3.042344592390568  3.4018831032112025 
  -4.1644289017491065  -0.050105817679357345  -1.3251930180002875 
  2.1881611312405314  4.902587711448792  -1.2335574925889516 
  -4.99183920669491  -0.3469596013298028  -1.6061606527749905 
  -4.052382441313133  -0.9991802350720171  -3.1635134306912462 
  -0.34875327426376057  -0.022345629440060594  -5.3899277238295165 
  3.273692861872826  1.7748609481416386  -1.0318461766167544 
  -0.19295632913513838  1.3963047966949362  -2.369005665147271 
  -2.830665370804622  1.275508593870309  -0.1515473311504681 
  -4.044551433723823  -5.045054226242914  -1.649462972780825 
  -0.4118860067212612  4.799138366542739  0.015728261695141625 
  -5.320926231314511  -2.5840223133150855  1.1859087975890332 
  -4.097128787468144  9.02693149864718  -1.33327913376646 
  0.37621595334069524  2.517996467800234  -2.8924379159545826 
  -1.9158087028319501  -1.3262140928415325  0.23263208367912686 
  0.0043634386088992816  -2.71072175337062  -0.7864716971817193 
  2.2987274593201645  -0.7799545956431136  2.303842746698957 
  2.396293632868904  -0.6431890079668297  3.012783772212235 
  1.1413074487737995  -0.46811280996557236  -3.2396934594149323 
  -2.625453113525861  3.909580372814661  -0.5559380507989061 
