5001
3
0
1.0
1.0
1.0
1.0
1.0
1.0
1.0
1.0
1.0
1.0
1.0
1.0
1.0
1.0
1.0
1.0
1.0
1.0
1.0
1.0
1.0
1.0
1.0
1.0
1.0
1.0
1.0
1.0
1.0
1.0
1.0
1.0
1.0
1.0
1.0
1.0
1.0
1.0
1.0
1.0
1.0
1.0
1.0
1.0
1.0
1.0
1.0
1.0
1.0
1.0
1.0
1.0
1.0
1.0
1.0
1.0
1.0
1.0
1.0
1.0
1.0
1.0
1.0
1.0
1.0
1.0
1.0
1.0
1.0
1.0
1.0
1.0
1.0
1.0
1.0
1.0
1.0
1.0
1.0
1.0
1.0
1.0
1.0
1.0
1.0
1.0
1.0
1.0
1.0
1.0
1.0
1.0
1.0
1.0
1.0
1.0
1.0
1.0
1.0
1.0
1.0
1.0
1.0
1.0
1.0
1.0
1.0
1.0
1.0
1.0
1.0
1.0
1.0
1.0
1.0
1.0
1.0
1.0
1.0
1.0
1.0
1.0
1.0
1.0
1.0
1.0
1.0
1.0
1.0
1.0
1.0
1.0
1.0
1.0
1.0
1.0
1.0
1.0
1.0
1.0
1.0
1.0
1.0
1.0
1.0
1.0
1.0
1.0
1.0
1.0
1.0
1.0
1.0
1.0
1.0
1.0
1.0
1.0
1.0
1.0
1.0
1.0
1.0
1.0
1.0
1.0
1.0
1.0
1.0
1.0
1.0
1.0
1.0
1.0
1.0
1.0
1.0
1.0
1.0
1.0
1.0
1.0
1.0
1.0
1.0
1.0
1.0
1.0
1.0
1.0
1.0
1.0
1.0
1.0
1.0
1.0
1.0
1.0
1.0
1.0
1.0
1.0
1.0
1.0
1.0
1.0
1.0
1.0
1.0
1.0
1.0
1.0
1.0
1.0
1.0
1.0
1.0
1.0
1.0
1.0
1.0
1.0
1.0
1.0
1.0
1.0
1.0
1.0
1.0
1.0
1.0
1.0
1.0
1.0
1.0
1.0
1.0
1.0
1.0
1.0
1.0
1.0
1.0
1.0
1.0
1.0
1.0
1.0
1.0
1.0
1.0
1.0
1.0
1.0
1.0
1.0
1.0
1.0
1.0
1.0
1.0
1.0
1.0
1.0
1.0
1.0
1.0
1.0
1.0
1.0
1.0
1.0
1.0
1.0
1.0
1.0
1.0
1.0
1.0
1.0
1.0
1.0
1.0
1.0
1.0
1.0
1.0
1.0
1.0
1.0
1.0
1.0
1.0
1.0
1.0
1.0
1.0
1.0
1.0
1.0
1.0
1.0
1.0
1.0
1.0
1.0
1.0
1.0
1.0
1.0
1.0
1.0
1.0
1.0
1.0
1.0
1.0
1.0
1.0
1.0
1.0
1.0
1.0
1.0
1.0
1.0
1.0
1.0
1.0
1.0
1.0
1.0
1.0
1.0
1.0
1.0
1.0
1.0
1.0
1.0
1.0
1.0
1.0
1.0
1.0
1.0
1.0
1.0
1.0
1.0
1.0
1.0
1.0
1.0
1.0
1.0
1.0
1.0
1.0
1.0
1.0
1.0
1.0
1.0
1.0
1.0
1.0
1.0
1.0
1.0
1.0
1.0
1.0
1.0
1.0
1.0
1.0
1.0
1.0
1.0
1.0
1.0
1.0
1.0
1.0
1.0
1.0
1.0
1.0
1.0
1.0
1.0
1.0
1.0
1.0
1.0
1.0
1.0
1.0
1.0
1.0
1.0
1.0
1.0
1.0
1.0
1.0
1.0
1.0
1.0
1.0
1.0
1.0
1.0
1.0
1.0
1.0
1.0
1.0
1.0
1.0
1.0
1.0
1.0
1.0
1.0
1.0
1.0
1.0
1.0
1.0
1.0
1.0
1.0
1.0
1.0
1.0
1.0
1.0
1.0
1.0
1.0
1.0
1.0
1.0
1.0
1.0
1.0
1.0
1.0
1.0
1.0
1.0
1.0
1.0
1.0
1.0
1.0
1.0
1.0
1.0
1.0
1.0
1.0
1.0
1.0
1.0
1.0
1.0
1.0
1.0
1.0
1.0
1.0
1.0
1.0
1.0
1.0
1.0
1.0
1.0
1.0
1.0
1.0
1.0
1.0
1.0
1.0
1.0
1.0
1.0
1.0
1.0
1.0
1.0
1.0
1.0
1.0
1.0
1.0
1.0
1.0
1.0
1.0
1.0
1.0
1.0
1.0
1.0
1.0
1.0
1.0
1.0
1.0
1.0
1.0
1.0
1.0
1.0
1.0
1.0
1.0
1.0
1.0
1.0
1.0
1.0
1.0
1.0
1.0
1.0
1.0
1.0
1.0
1.0
1.0
1.0
1.0
1.0
1.0
1.0
1.0
1.0
1.0
1.0
1.0
1.0
1.0
1.0
1.0
1.0
1.0
1.0
1.0
1.0
1.0
1.0
1.0
1.0
1.0
1.0
1.0
1.0
1.0
1.0
1.0
1.0
1.0
1.0
1.0
1.0
1.0
1.0
1.0
1.0
1.0
1.0
1.0
1.0
1.0
1.0
1.0
1.0
1.0
1.0
1.0
1.0
1.0
1.0
1.0
1.0
1.0
1.0
1.0
1.0
1.0
1.0
1.0
1.0
1.0
1.0
1.0
1.0
1.0
1.0
1.0
1.0
1.0
1.0
1.0
1.0
1.0
1.0
1.0
1.0
1.0
1.0
1.0
1.0
1.0
1.0
1.0
1.0
1.0
1.0
1.0
1.0
1.0
1.0
1.0
1.0
1.0
1.0
1.0
1.0
1.0
1.0
1.0
1.0
1.0
1.0
1.0
1.0
1.0
1.0
1.0
1.0
1.0
1.0
1.0
1.0
1.0
1.0
1.0
1.0
1.0
1.0
1.0
1.0
1.0
1.0
1.0
1.0
1.0
1.0
1.0
1.0
1.0
1.0
1.0
1.0
1.0
1.0
1.0
1.0
1.0
1.0
1.0
1.0
1.0
1.0
1.0
1.0
1.0
1.0
1.0
1.0
1.0
1.0
1.0
1.0
1.0
1.0
1.0
1.0
1.0
1.0
1.0
1.0
1.0
1.0
1.0
1.0
1.0
1.0
1.0
1.0
1.0
1.0
1.0
1.0
1.0
1.0
1.0
1.0
1.0
1.0
1.0
1.0
1.0
1.0
1.0
1.0
1.0
1.0
1.0
1.0
1.0
1.0
1.0
1.0
1.0
1.0
1.0
1.0
1.0
1.0
1.0
1.0
1.0
1.0
1.0
1.0
1.0
1.0
1.0
1.0
1.0
1.0
1.0
1.0
1.0
1.0
1.0
1.0
1.0
1.0
1.0
1.0
1.0
1.0
1.0
1.0
1.0
1.0
1.0
1.0
1.0
1.0
1.0
1.0
1.0
1.0
1.0
1.0
1.0
1.0
1.0
1.0
1.0
1.0
1.0
1.0
1.0
1.0
1.0
1.0
1.0
1.0
1.0
1.0
1.0
1.0
1.0
1.0
1.0
1.0
1.0
1.0
1.0
1.0
1.0
1.0
1.0
1.0
1.0
1.0
1.0
1.0
1.0
1.0
1.0
1.0
1.0
1.0
1.0
1.0
1.0
1.0
1.0
1.0
1.0
1.0
1.0
1.0
1.0
1.0
1.0
1.0
1.0
1.0
1.0
1.0
1.0
1.0
1.0
1.0
1.0
1.0
1.0
1.0
1.0
1.0
1.0
1.0
1.0
1.0
1.0
1.0
1.0
1.0
1.0
1.0
1.0
1.0
1.0
1.0
1.0
1.0
1.0
1.0
1.0
1.0
1.0
1.0
1.0
1.0
1.0
1.0
1.0
1.0
1.0
1.0
1.0
1.0
1.0
1.0
1.0
1.0
1.0
1.0
1.0
1.0
1.0
1.0
1.0
1.0
1.0
1.0
1.0
1.0
1.0
1.0
1.0
1.0
1.0
1.0
1.0
1.0
1.0
1.0
1.0
1.0
1.0
1.0
1.0
1.0
1.0
1.0
1.0
1.0
1.0
1.0
1.0
1.0
1.0
1.0
1.0
1.0
1.0
1.0
1.0
1.0
1.0
1.0
1.0
1.0
1.0
1.0
1.0
1.0
1.0
1.0
1.0
1.0
1.0
1.0
1.0
1.0
1.0
1.0
1.0
1.0
1.0
1.0
1.0
1.0
1.0
1.0
1.0
1.0
1.0
1.0
1.0
1.0
1.0
1.0
1.0
1.0
1.0
1.0
1.0
1.0
1.0
1.0
1.0
1.0
1.0
1.0
1.0
1.0
1.0
1.0
1.0
1.0
1.0
1.0
1.0
1.0
1.0
1.0
1.0
1.0
1.0
1.0
1.0
1.0
1.0
1.0
1.0
1.0
1.0
1.0
1.0
1.0
1.0
1.0
1.0
1.0
1.0
1.0
1.0
1.0
1.0
1.0
1.0
1.0
1.0
1.0
1.0
1.0
1.0
1.0
1.0
1.0
1.0
1.0
1.0
1.0
1.0
1.0
1.0
1.0
1.0
1.0
1.0
1.0
1.0
1.0
1.0
1.0
1.0
1.0
1.0
1.0
1.0
1.0
1.0
1.0
1.0
1.0
1.0
1.0
1.0
1.0
1.0
1.0
1.0
1.0
1.0
1.0
1.0
1.0
1.0
1.0
1.0
1.0
1.0
1.0
1.0
1.0
1.0
1.0
1.0
1.0
1.0
1.0
1.0
1.0
1.0
1.0
1.0
1.0
1.0
1.0
1.0
1.0
1.0
1.0
1.0
1.0
1.0
1.0
1.0
1.0
1.0
1.0
1.0
1.0
1.0
1.0
1.0
1.0
1.0
1.0
1.0
1.0
1.0
1.0
1.0
1.0
1.0
1.0
1.0
1.0
1.0
1.0
1.0
1.0
1.0
1.0
1.0
1.0
1.0
1.0
1.0
1.0
1.0
1.0
1.0
1.0
1.0
1.0
1.0
1.0
1.0
1.0
1.0
1.0
1.0
1.0
1.0
1.0
1.0
1.0
1.0
1.0
1.0
1.0
1.0
1.0
1.0
1.0
1.0
1.0
1.0
1.0
1.0
1.0
1.0
1.0
1.0
1.0
1.0
1.0
1.0
1.0
1.0
1.0
1.0
1.0
1.0
1.0
1.0
1.0
1.0
1.0
1.0
1.0
1.0
1.0
1.0
1.0
1.0
1.0
1.0
1.0
1.0
1.0
1.0
1.0
1.0
1.0
1.0
1.0
1.0
1.0
1.0
1.0
1.0
1.0
1.0
1.0
1.0
1.0
1.0
1.0
1.0
1.0
1.0
1.0
1.0
1.0
1.0
1.0
1.0
1.0
1.0
1.0
1.0
1.0
1.0
1.0
1.0
1.0
1.0
1.0
1.0
1.0
1.0
1.0
1.0
1.0
1.0
1.0
1.0
1.0
1.0
1.0
1.0
1.0
1.0
1.0
1.0
1.0
1.0
1.0
1.0
1.0
1.0
1.0
1.0
1.0
1.0
1.0
1.0
1.0
1.0
1.0
1.0
1.0
1.0
1.0
1.0
1.0
1.0
1.0
1.0
1.0
1.0
1.0
1.0
1.0
1.0
1.0
1.0
1.0
1.0
1.0
1.0
1.0
1.0
1.0
1.0
1.0
1.0
1.0
1.0
1.0
1.0
1.0
1.0
1.0
1.0
1.0
1.0
1.0
1.0
1.0
1.0
1.0
1.0
1.0
1.0
1.0
1.0
1.0
1.0
1.0
1.0
1.0
1.0
1.0
1.0
1.0
1.0
1.0
1.0
1.0
1.0
1.0
1.0
1.0
1.0
1.0
1.0
1.0
1.0
1.0
1.0
1.0
1.0
1.0
1.0
1.0
1.0
1.0
1.0
1.0
1.0
1.0
1.0
1.0
1.0
1.0
1.0
1.0
1.0
1.0
1.0
1.0
1.0
1.0
1.0
1.0
1.0
1.0
1.0
1.0
1.0
1.0
1.0
1.0
1.0
1.0
1.0
1.0
1.0
1.0
1.0
1.0
1.0
1.0
1.0
1.0
1.0
1.0
1.0
1.0
1.0
1.0
1.0
1.0
1.0
1.0
1.0
1.0
1.0
1.0
1.0
1.0
1.0
1.0
1.0
1.0
1.0
1.0
1.0
1.0
1.0
1.0
1.0
1.0
1.0
1.0
1.0
1.0
1.0
1.0
1.0
1.0
1.0
1.0
1.0
1.0
1.0
1.0
1.0
1.0
1.0
1.0
1.0
1.0
1.0
1.0
1.0
1.0
1.0
1.0
1.0
1.0
1.0
1.0
1.0
1.0
1.0
1.0
1.0
1.0
1.0
1.0
1.0
1.0
1.0
1.0
1.0
1.0
1.0
1.0
1.0
1.0
1.0
1.0
1.0
1.0
1.0
1.0
1.0
1.0
1.0
1.0
1.0
1.0
1.0
1.0
1.0
1.0
1.0
1.0
1.0
1.0
1.0
1.0
1.0
1.0
1.0
1.0
1.0
1.0
1.0
1.0
1.0
1.0
1.0
1.0
1.0
1.0
1.0
1.0
1.0
1.0
1.0
1.0
1.0
1.0
1.0
1.0
1.0
1.0
1.0
1.0
1.0
1.0
1.0
1.0
1.0
1.0
1.0
1.0
1.0
1.0
1.0
1.0
1.0
1.0
1.0
1.0
1.0
1.0
1.0
1.0
1.0
1.0
1.0
1.0
1.0
1.0
1.0
1.0
1.0
1.0
1.0
1.0
1.0
1.0
1.0
1.0
1.0
1.0
1.0
1.0
1.0
1.0
1.0
1.0
1.0
1.0
1.0
1.0
1.0
1.0
1.0
1.0
1.0
1.0
1.0
1.0
1.0
1.0
1.0
1.0
1.0
1.0
1.0
1.0
1.0
1.0
1.0
1.0
1.0
1.0
1.0
1.0
1.0
1.0
1.0
1.0
1.0
1.0
1.0
1.0
1.0
1.0
1.0
1.0
1.0
1.0
1.0
1.0
1.0
1.0
1.0
1.0
1.0
1.0
1.0
1.0
1.0
1.0
1.0
1.0
1.0
1.0
1.0
1.0
1.0
1.0
1.0
1.0
1.0
1.0
1.0
1.0
1.0
1.0
1.0
1.0
1.0
1.0
1.0
1.0
1.0
1.0
1.0
1.0
1.0
1.0
1.0
1.0
1.0
1.0
1.0
1.0
1.0
1.0
1.0
1.0
1.0
1.0
1.0
1.0
1.0
1.0
1.0
1.0
1.0
1.0
1.0
1.0
1.0
1.0
1.0
1.0
1.0
1.0
1.0
1.0
1.0
1.0
1.0
1.0
1.0
1.0
1.0
1.0
1.0
1.0
1.0
1.0
1.0
1.0
1.0
1.0
1.0
1.0
1.0
1.0
1.0
1.0
1.0
1.0
1.0
1.0
1.0
1.0
1.0
1.0
1.0
1.0
1.0
1.0
1.0
1.0
1.0
1.0
1.0
1.0
1.0
1.0
1.0
1.0
1.0
1.0
1.0
1.0
1.0
1.0
1.0
1.0
1.0
1.0
1.0
1.0
1.0
1.0
1.0
1.0
1.0
1.0
1.0
1.0
1.0
1.0
1.0
1.0
1.0
1.0
1.0
1.0
1.0
1.0
1.0
1.0
1.0
1.0
1.0
1.0
1.0
1.0
1.0
1.0
1.0
1.0
1.0
1.0
1.0
1.0
1.0
1.0
1.0
1.0
1.0
1.0
1.0
1.0
1.0
1.0
1.0
1.0
1.0
1.0
1.0
1.0
1.0
1.0
1.0
1.0
1.0
1.0
1.0
1.0
1.0
1.0
1.0
1.0
1.0
1.0
1.0
1.0
1.0
1.0
1.0
1.0
1.0
1.0
1.0
1.0
1.0
1.0
1.0
1.0
1.0
1.0
1.0
1.0
1.0
1.0
1.0
1.0
1.0
1.0
1.0
1.0
1.0
1.0
1.0
1.0
1.0
1.0
1.0
1.0
1.0
1.0
1.0
1.0
1.0
1.0
1.0
1.0
1.0
1.0
1.0
1.0
1.0
1.0
1.0
1.0
1.0
1.0
1.0
1.0
1.0
1.0
1.0
1.0
1.0
1.0
1.0
1.0
1.0
1.0
1.0
1.0
1.0
1.0
1.0
1.0
1.0
1.0
1.0
1.0
1.0
1.0
1.0
1.0
1.0
1.0
1.0
1.0
1.0
1.0
1.0
1.0
1.0
1.0
1.0
1.0
1.0
1.0
1.0
1.0
1.0
1.0
1.0
1.0
1.0
1.0
1.0
1.0
1.0
1.0
1.0
1.0
1.0
1.0
1.0
1.0
1.0
1.0
1.0
1.0
1.0
1.0
1.0
1.0
1.0
1.0
1.0
1.0
1.0
1.0
1.0
1.0
1.0
1.0
1.0
1.0
1.0
1.0
1.0
1.0
1.0
1.0
1.0
1.0
1.0
1.0
1.0
1.0
1.0
1.0
1.0
1.0
1.0
1.0
1.0
1.0
1.0
1.0
1.0
1.0
1.0
1.0
1.0
1.0
1.0
1.0
1.0
1.0
1.0
1.0
1.0
1.0
1.0
1.0
1.0
1.0
1.0
1.0
1.0
1.0
1.0
1.0
1.0
1.0
1.0
1.0
1.0
1.0
1.0
1.0
1.0
1.0
1.0
1.0
1.0
1.0
1.0
1.0
1.0
1.0
1.0
1.0
1.0
1.0
1.0
1.0
1.0
1.0
1.0
1.0
1.0
1.0
1.0
1.0
1.0
1.0
1.0
1.0
1.0
1.0
1.0
1.0
1.0
1.0
1.0
1.0
1.0
1.0
1.0
1.0
1.0
1.0
1.0
1.0
1.0
1.0
1.0
1.0
1.0
1.0
1.0
1.0
1.0
1.0
1.0
1.0
1.0
1.0
1.0
1.0
1.0
1.0
1.0
1.0
1.0
1.0
1.0
1.0
1.0
1.0
1.0
1.0
1.0
1.0
1.0
1.0
1.0
1.0
1.0
1.0
1.0
1.0
1.0
1.0
1.0
1.0
1.0
1.0
1.0
1.0
1.0
1.0
1.0
1.0
1.0
1.0
1.0
1.0
1.0
1.0
1.0
1.0
1.0
1.0
1.0
1.0
1.0
1.0
1.0
1.0
1.0
1.0
1.0
1.0
1.0
1.0
1.0
1.0
1.0
1.0
1.0
1.0
1.0
1.0
1.0
1.0
1.0
1.0
1.0
1.0
1.0
1.0
1.0
1.0
1.0
1.0
1.0
1.0
1.0
1.0
1.0
1.0
1.0
1.0
1.0
1.0
1.0
1.0
1.0
1.0
1.0
1.0
1.0
1.0
1.0
1.0
1.0
1.0
1.0
1.0
1.0
1.0
1.0
1.0
1.0
1.0
1.0
1.0
1.0
1.0
1.0
1.0
1.0
1.0
1.0
1.0
1.0
1.0
1.0
1.0
1.0
1.0
1.0
1.0
1.0
1.0
1.0
1.0
1.0
1.0
1.0
1.0
1.0
1.0
1.0
1.0
1.0
1.0
1.0
1.0
1.0
1.0
1.0
1.0
1.0
1.0
1.0
1.0
1.0
1.0
1.0
1.0
1.0
1.0
1.0
1.0
1.0
1.0
1.0
1.0
1.0
1.0
1.0
1.0
1.0
1.0
1.0
1.0
1.0
1.0
1.0
1.0
1.0
1.0
1.0
1.0
1.0
1.0
1.0
1.0
1.0
1.0
1.0
1.0
1.0
1.0
1.0
1.0
1.0
1.0
1.0
1.0
1.0
1.0
1.0
1.0
1.0
1.0
1.0
1.0
1.0
1.0
1.0
1.0
1.0
1.0
1.0
1.0
1.0
1.0
1.0
1.0
1.0
1.0
1.0
1.0
1.0
1.0
1.0
1.0
1.0
1.0
1.0
1.0
1.0
1.0
1.0
1.0
1.0
1.0
1.0
1.0
1.0
1.0
1.0
1.0
1.0
1.0
1.0
1.0
1.0
1.0
1.0
1.0
1.0
1.0
1.0
1.0
1.0
1.0
1.0
1.0
1.0
1.0
1.0
1.0
1.0
1.0
1.0
1.0
1.0
1.0
1.0
1.0
1.0
1.0
1.0
1.0
1.0
1.0
1.0
1.0
1.0
1.0
1.0
1.0
1.0
1.0
1.0
1.0
1.0
1.0
1.0
1.0
1.0
1.0
1.0
1.0
1.0
1.0
1.0
1.0
1.0
1.0
1.0
1.0
1.0
1.0
1.0
1.0
1.0
1.0
1.0
1.0
1.0
1.0
1.0
1.0
1.0
1.0
1.0
1.0
1.0
1.0
1.0
1.0
1.0
1.0
1.0
1.0
1.0
1.0
1.0
1.0
1.0
1.0
1.0
1.0
1.0
1.0
1.0
1.0
1.0
1.0
1.0
1.0
1.0
1.0
1.0
1.0
1.0
1.0
1.0
1.0
1.0
1.0
1.0
1.0
1.0
1.0
1.0
1.0
1.0
1.0
1.0
1.0
1.0
1.0
1.0
1.0
1.0
1.0
1.0
1.0
1.0
1.0
1.0
1.0
1.0
1.0
1.0
1.0
1.0
1.0
1.0
1.0
1.0
1.0
1.0
1.0
1.0
1.0
1.0
1.0
1.0
1.0
1.0
1.0
1.0
1.0
1.0
1.0
1.0
1.0
1.0
1.0
1.0
1.0
1.0
1.0
1.0
1.0
1.0
1.0
1.0
1.0
1.0
1.0
1.0
1.0
1.0
1.0
1.0
1.0
1.0
1.0
1.0
1.0
1.0
1.0
1.0
1.0
1.0
1.0
1.0
1.0
1.0
1.0
1.0
1.0
1.0
1.0
1.0
1.0
1.0
1.0
1.0
1.0
1.0
1.0
1.0
1.0
1.0
1.0
1.0
1.0
1.0
1.0
1.0
1.0
1.0
1.0
1.0
1.0
1.0
1.0
1.0
1.0
1.0
1.0
1.0
1.0
1.0
1.0
1.0
1.0
1.0
1.0
1.0
1.0
1.0
1.0
1.0
1.0
1.0
1.0
1.0
1.0
1.0
1.0
1.0
1.0
1.0
1.0
1.0
1.0
1.0
1.0
1.0
1.0
1.0
1.0
1.0
1.0
1.0
1.0
1.0
1.0
1.0
1.0
1.0
1.0
1.0
1.0
1.0
1.0
1.0
1.0
1.0
1.0
1.0
1.0
1.0
1.0
1.0
1.0
1.0
1.0
1.0
1.0
1.0
1.0
1.0
1.0
1.0
1.0
1.0
1.0
1.0
1.0
1.0
1.0
1.0
1.0
1.0
1.0
1.0
1.0
1.0
1.0
1.0
1.0
1.0
1.0
1.0
1.0
1.0
1.0
1.0
1.0
1.0
1.0
1.0
1.0
1.0
1.0
1.0
1.0
1.0
1.0
1.0
1.0
1.0
1.0
1.0
1.0
1.0
1.0
1.0
1.0
1.0
1.0
1.0
1.0
1.0
1.0
1.0
1.0
1.0
1.0
1.0
1.0
1.0
1.0
1.0
1.0
1.0
1.0
1.0
1.0
1.0
1.0
1.0
1.0
1.0
1.0
1.0
1.0
1.0
1.0
1.0
1.0
1.0
1.0
1.0
1.0
1.0
1.0
1.0
1.0
1.0
1.0
1.0
1.0
1.0
1.0
1.0
1.0
1.0
1.0
1.0
1.0
1.0
1.0
1.0
1.0
1.0
1.0
1.0
1.0
1.0
1.0
1.0
1.0
1.0
1.0
1.0
1.0
1.0
1.0
1.0
1.0
1.0
1.0
1.0
1.0
1.0
1.0
1.0
1.0
1.0
1.0
1.0
1.0
1.0
1.0
1.0
1.0
1.0
1.0
1.0
1.0
1.0
1.0
1.0
1.0
1.0
1.0
1.0
1.0
1.0
1.0
1.0
1.0
1.0
1.0
1.0
1.0
1.0
1.0
1.0
1.0
1.0
1.0
1.0
1.0
1.0
1.0
1.0
1.0
1.0
1.0
1.0
1.0
1.0
1.0
1.0
1.0
1.0
1.0
1.0
1.0
1.0
1.0
1.0
1.0
1.0
1.0
1.0
1.0
1.0
1.0
1.0
1.0
1.0
1.0
1.0
1.0
1.0
1.0
1.0
1.0
1.0
1.0
1.0
1.0
1.0
1.0
1.0
1.0
1.0
1.0
1.0
1.0
1.0
1.0
1.0
1.0
1.0
1.0
1.0
1.0
1.0
1.0
1.0
1.0
1.0
1.0
1.0
1.0
1.0
1.0
1.0
1.0
1.0
1.0
1.0
1.0
1.0
1.0
1.0
1.0
1.0
1.0
1.0
1.0
1.0
1.0
1.0
1.0
1.0
1.0
1.0
1.0
1.0
1.0
1.0
1.0
1.0
1.0
1.0
1.0
1.0
1.0
1.0
1.0
1.0
1.0
1.0
1.0
1.0
1.0
1.0
1.0
1.0
1.0
1.0
1.0
1.0
1.0
1.0
1.0
1.0
1.0
1.0
1.0
1.0
1.0
1.0
1.0
1.0
1.0
1.0
1.0
1.0
1.0
1.0
1.0
1.0
1.0
1.0
1.0
1.0
1.0
1.0
1.0
1.0
1.0
1.0
1.0
1.0
1.0
1.0
1.0
1.0
1.0
1.0
1.0
1.0
1.0
1.0
1.0
1.0
1.0
1.0
1.0
1.0
1.0
1.0
1.0
1.0
1.0
1.0
1.0
1.0
1.0
1.0
1.0
1.0
1.0
1.0
1.0
1.0
1.0
1.0
1.0
1.0
1.0
1.0
1.0
1.0
1.0
1.0
1.0
1.0
1.0
1.0
1.0
1.0
1.0
1.0
1.0
1.0
1.0
1.0
1.0
1.0
1.0
1.0
1.0
1.0
1.0
1.0
1.0
1.0
1.0
1.0
1.0
1.0
1.0
1.0
1.0
1.0
1.0
1.0
1.0
1.0
1.0
1.0
1.0
1.0
1.0
1.0
1.0
1.0
1.0
1.0
1.0
1.0
1.0
1.0
1.0
1.0
1.0
1.0
1.0
1.0
1.0
1.0
1.0
1.0
1.0
1.0
1.0
1.0
1.0
1.0
1.0
1.0
1.0
1.0
1.0
1.0
1.0
1.0
1.0
1.0
1.0
1.0
1.0
1.0
1.0
1.0
1.0
1.0
1.0
1.0
1.0
1.0
1.0
1.0
1.0
1.0
1.0
1.0
1.0
1.0
1.0
1.0
1.0
1.0
1.0
1.0
1.0
1.0
1.0
1.0
1.0
1.0
1.0
1.0
1.0
1.0
1.0
1.0
1.0
1.0
1.0
1.0
1.0
1.0
1.0
1.0
1.0
1.0
1.0
1.0
1.0
1.0
1.0
1.0
1.0
1.0
1.0
1.0
1.0
1.0
1.0
1.0
1.0
1.0
1.0
1.0
1.0
1.0
1.0
1.0
1.0
1.0
1.0
1.0
1.0
1.0
1.0
1.0
1.0
1.0
1.0
1.0
1.0
1.0
1.0
1.0
1.0
1.0
1.0
1.0
1.0
1.0
1.0
1.0
1.0
1.0
1.0
1.0
1.0
1.0
1.0
1.0
1.0
1.0
1.0
1.0
1.0
1.0
1.0
1.0
1.0
1.0
1.0
1.0
1.0
1.0
1.0
1.0
1.0
1.0
1.0
1.0
1.0
1.0
1.0
1.0
1.0
1.0
1.0
1.0
1.0
1.0
1.0
1.0
1.0
1.0
1.0
1.0
1.0
1.0
1.0
1.0
1.0
1.0
1.0
1.0
1.0
1.0
1.0
1.0
1.0
1.0
1.0
1.0
1.0
1.0
1.0
1.0
1.0
1.0
1.0
1.0
1.0
1.0
1.0
1.0
1.0
1.0
1.0
1.0
1.0
1.0
1.0
1.0
1.0
1.0
1.0
1.0
1.0
1.0
1.0
1.0
1.0
1.0
1.0
1.0
1.0
1.0
1.0
1.0
1.0
1.0
1.0
1.0
1.0
1.0
1.0
1.0
1.0
1.0
1.0
1.0
1.0
1.0
1.0
1.0
1.0
1.0
1.0
1.0
1.0
1.0
1.0
1.0
1.0
1.0
1.0
1.0
1.0
1.0
1.0
1.0
1.0
1.0
1.0
1.0
1.0
1.0
1.0
1.0
1.0
1.0
1.0
1.0
1.0
1.0
1.0
1.0
1.0
1.0
1.0
1.0
1.0
1.0
1.0
1.0
1.0
1.0
1.0
1.0
1.0
1.0
1.0
1.0
1.0
1.0
1.0
1.0
1.0
1.0
1.0
1.0
1.0
1.0
1.0
1.0
1.0
1.0
1.0
1.0
1.0
1.0
1.0
1.0
1.0
1.0
1.0
1.0
1.0
1.0
1.0
1.0
1.0
1.0
1.0
1.0
1.0
1.0
1.0
1.0
1.0
1.0
1.0
1.0
1.0
1.0
1.0
1.0
1.0
1.0
1.0
1.0
1.0
1.0
1.0
1.0
1.0
1.0
1.0
1.0
1.0
1.0
1.0
1.0
1.0
1.0
1.0
1.0
1.0
1.0
1.0
1.0
1.0
1.0
1.0
1.0
1.0
1.0
1.0
1.0
1.0
1.0
1.0
1.0
1.0
1.0
1.0
1.0
1.0
1.0
1.0
1.0
1.0
1.0
1.0
1.0
1.0
1.0
1.0
1.0
1.0
1.0
1.0
1.0
1.0
1.0
1.0
1.0
1.0
1.0
1.0
1.0
1.0
1.0
1.0
1.0
1.0
1.0
1.0
1.0
1.0
1.0
1.0
1.0
1.0
1.0
1.0
1.0
1.0
1.0
1.0
1.0
1.0
1.0
1.0
1.0
1.0
1.0
1.0
1.0
1.0
1.0
1.0
1.0
1.0
1.0
1.0
1.0
1.0
1.0
1.0
1.0
1.0
1.0
1.0
1.0
1.0
1.0
1.0
1.0
1.0
1.0
1.0
1.0
1.0
1.0
1.0
1.0
1.0
1.0
1.0
1.0
1.0
1.0
1.0
1.0
1.0
1.0
1.0
1.0
1.0
1.0
1.0
1.0
1.0
1.0
1.0
1.0
1.0
1.0
1.0
1.0
1.0
1.0
1.0
1.0
1.0
1.0
1.0
1.0
1.0
1.0
1.0
1.0
1.0
1.0
1.0
1.0
1.0
1.0
1.0
1.0
1.0
1.0
1.0
1.0
1.0
1.0
1.0
1.0
1.0
1.0
1.0
1.0
1.0
1.0
1.0
1.0
1.0
1.0
1.0
1.0
1.0
1.0
1.0
1.0
1.0
1.0
1.0
1.0
1.0
1.0
1.0
1.0
1.0
1.0
1.0
1.0
1.0
1.0
1.0
1.0
1.0
1.0
1.0
1.0
1.0
1.0
1.0
1.0
1.0
1.0
1.0
1.0
1.0
1.0
1.0
1.0
1.0
1.0
1.0
1.0
1.0
1.0
1.0
1.0
1.0
1.0
1.0
1.0
1.0
1.0
1.0
1.0
1.0
1.0
1.0
1.0
1.0
1.0
1.0
1.0
1.0
1.0
1.0
1.0
1.0
1.0
1.0
1.0
1.0
1.0
1.0
1.0
1.0
1.0
1.0
1.0
1.0
1.0
1.0
1.0
1.0
1.0
1.0
1.0
1.0
1.0
1.0
1.0
1.0
1.0
1.0
1.0
1.0
1.0
1.0
1.0
1.0
1.0
1.0
1.0
1.0
1.0
1.0
1.0
1.0
1.0
1.0
1.0
1.0
1.0
1.0
1.0
1.0
1.0
1.0
1.0
1.0
1.0
1.0
1.0
1.0
1.0
1.0
1.0
1.0
1.0
1.0
1.0
1.0
1.0
1.0
1.0
1.0
1.0
1.0
1.0
1.0
1.0
1.0
1.0
1.0
1.0
1.0
1.0
1.0
1.0
1.0
1.0
1.0
1.0
1.0
1.0
1.0
1.0
1.0
1.0
1.0
1.0
1.0
1.0
1.0
1.0
1.0
1.0
1.0
1.0
1.0
1.0
1.0
1.0
1.0
1.0
1.0
1.0
1.0
1.0
1.0
1.0
1.0
1.0
1.0
1.0
1.0
1.0
1.0
1.0
1.0
1.0
1.0
1.0
1.0
1.0
1.0
1.0
1.0
1.0
1.0
1.0
1.0
1.0
1.0
1.0
1.0
1.0
1.0
1.0
1.0
1.0
1.0
1.0
1.0
1.0
1.0
1.0
1.0
1.0
1.0
1.0
1.0
1.0
1.0
1.0
1.0
1.0
1.0
1.0
1.0
1.0
1.0
1.0
1.0
1.0
1.0
1.0
1.0
1.0
1.0
1.0
1.0
1.0
1.0
1.0
1.0
1.0
1.0
1.0
1.0
1.0
1.0
1.0
1.0
1.0
1.0
1.0
1.0
1.0
1.0
1.0
1.0
1.0
1.0
1.0
1.0
1.0
1.0
1.0
1.0
1.0
1.0
1.0
1.0
1.0
1.0
1.0
1.0
1.0
1.0
1.0
1.0
1.0
1.0
1.0
1.0
1.0
1.0
1.0
1.0
1.0
1.0
1.0
1.0
1.0
1.0
1.0
1.0
1.0
1.0
1.0
1.0
1.0
1.0
1.0
1.0
1.0
1.0
1.0
1.0
1.0
1.0
1.0
1.0
1.0
1.0
1.0
1.0
1.0
1.0
1.0
1.0
1.0
1.0
1.0
1.0
1.0
1.0
1.0
1.0
1.0
1.0
1.0
1.0
1.0
1.0
1.0
1.0
1.0
1.0
1.0
1.0
1.0
1.0
1.0
1.0
1.0
1.0
1.0
1.0
1.0
1.0
1.0
1.0
1.0
1.0
1.0
1.0
1.0
1.0
1.0
1.0
1.0
1.0
1.0
1.0
1.0
1.0
1.0
1.0
1.0
1.0
1.0
1.0
1.0
1.0
1.0
1.0
1.0
1.0
1.0
1.0
1.0
1.0
1.0
1.0
1.0
1.0
1.0
1.0
1.0
1.0
1.0
1.0
1.0
1.0
1.0
1.0
1.0
1.0
1.0
1.0
1.0
1.0
1.0
1.0
1.0
1.0
1.0
1.0
1.0
1.0
1.0
1.0
1.0
1.0
1.0
1.0
1.0
1.0
1.0
1.0
1.0
1.0
1.0
1.0
1.0
1.0
1.0
1.0
1.0
1.0
1.0
1.0
1.0
1.0
1.0
1.0
1.0
1.0
1.0
1.0
1.0
1.0
1.0
1.0
1.0
1.0
1.0
1.0
1.0
1.0
1.0
1.0
1.0
1.0
1.0
1.0
1.0
1.0
1.0
1.0
1.0
1.0
1.0
1.0
1.0
1.0
1.0
1.0
1.0
1.0
1.0
1.0
1.0
1.0
1.0
1.0
1.0
1.0
1.0
1.0
1.0
1.0
1.0
1.0
1.0
1.0
1.0
1.0
1.0
1.0
1.0
1.0
1.0
1.0
1.0
1.0
1.0
1.0
1.0
1.0
1.0
1.0
1.0
1.0
1.0
1.0
1.0
1.0
1.0
1.0
1.0
1.0
1.0
1.0
1.0
1.0
1.0
1.0
1.0
1.0
1.0
1.0
1.0
1.0
1.0
1.0
1.0
1.0
1.0
1.0
1.0
1.0
1.0
1.0
1.0
1.0
1.0
1.0
1.0
1.0
1.0
1.0
1.0
1.0
1.0
1.0
1.0
1.0
1.0
1.0
1.0
1.0
1.0
1.0
1.0
1.0
1.0
1.0
1.0
1.0
1.0
1.0
1.0
1.0
1.0
1.0
1.0
1.0
1.0
1.0
1.0
1.0
1.0
1.0
1.0
1.0
1.0
1.0
1.0
1.0
1.0
1.0
1.0
1.0
1.0
1.0
1.0
1.0
1.0
1.0
1.0
1.0
1.0
1.0
1.0
1.0
1.0
1.0
1.0
1.0
1.0
1.0
1.0
1.0
1.0
1.0
1.0
1.0
1.0
1.0
1.0
1.0
1.0
1.0
1.0
1.0
1.0
1.0
1.0
1.0
1.0
1.0
1.0
1.0
1.0
1.0
1.0
1.0
1.0
1.0
1.0
1.0
1.0
1.0
1.0
1.0
1.0
1.0
1.0
1.0
1.0
1.0
1.0
1.0
1.0
1.0
1.0
1.0
1.0
1.0
1.0
1.0
1.0
1.0
1.0
1.0
1.0
1.0
1.0
1.0
1.0
1.0
1.0
1.0
1.0
1.0
1.0
1.0
1.0
1.0
1.0
1.0
1.0
1.0
1.0
1.0
1.0
1.0
1.0
1.0
1.0
1.0
1.0
1.0
1.0
1.0
1.0
1.0
1.0
1.0
1.0
1.0
1.0
1.0
1.0
1.0
1.0
1.0
1.0
1.0
1.0
1.0
1.0
1.0
1.0
1.0
1.0
1.0
1.0
1.0
1.0
1.0
1.0
1.0
1.0
1.0
1.0
1.0
1.0
1.0
1.0
1.0
1.0
1.0
1.0
1.0
1.0
1.0
1.0
1.0
1.0
1.0
1.0
1.0
1.0
1.0
1.0
1.0
1.0
1.0
1.0
1.0
1.0
1.0
1.0
1.0
1.0
1.0
1.0
1.0
1.0
1.0
1.0
1.0
1.0
1.0
1.0
1.0
1.0
1.0
1.0
1.0
1.0
1.0
1.0
1.0
1.0
1.0
1.0
1.0
1.0
1.0
1.0
1.0
1.0
1.0
1.0
1.0
1.0
1.0
1.0
1.0
1.0
1.0
1.0
1.0
1.0
1.0
1.0
1.0
1.0
1.0
1.0
1.0
1.0
1.0
1.0
1.0
1.0
1.0
1.0
1.0
1.0
1.0
1.0
1.0
1.0
1.0
1.0
1.0
1.0
1.0
1.0
1.0
1.0
1.0
1.0
1.0
1.0
1.0
1.0
1.0
1.0
1.0
1.0
1.0
1.0
1.0
1.0
1.0
1.0
1.0
1.0
1.0
1.0
1.0
1.0
1.0
1.0
1.0
1.0
1.0
1.0
1.0
1.0
1.0
1.0
1.0
1.0
1.0
1.0
1.0
1.0
1.0
1.0
1.0
1.0
1.0
1.0
1.0
1.0
1.0
1.0
1.0
1.0
1.0
1.0
1.0
1.0
1.0
1.0
1.0
1.0
1.0
1.0
1.0
1.0
1.0
1.0
1.0
1.0
1.0
1.0
1.0
1.0
1.0
1.0
1.0
1.0
1.0
1.0
1.0
1.0
1.0
1.0
1.0
1.0
1.0
1.0
1.0
1.0
1.0
1.0
1.0
1.0
1.0
1.0
1.0
1.0
1.0
1.0
1.0
1.0
1.0
1.0
1.0
1.0
1.0
1.0
1.0
1.0
1.0
1.0
1.0
1.0
1.0
1.0
1.0
1.0
1.0
1.0
1.0
1.0
1.0
1.0
1.0
1.0
1.0
1.0
1.0
1.0
1.0
1.0
1.0
1.0
1.0
1.0
1.0
1.0
1.0
1.0
1.0
1.0
1.0
1.0
1.0
1.0
1.0
1.0
1.0
1.0
1.0
1.0
1.0
1.0
1.0
1.0
1.0
1.0
1.0
1.0
1.0
1.0
1.0
1.0
1.0
1.0
1.0
1.0
1.0
1.0
1.0
1.0
1.0
1.0
1.0
1.0
1.0
1.0
1.0
1.0
1.0
1.0
1.0
1.0
1.0
1.0
1.0
1.0
1.0
1.0
1.0
1.0
1.0
1.0
1.0
1.0
1.0
1.0
1.0
1.0
1.0
1.0
1.0
1.0
1.0
1.0
1.0
1.0
1.0
1.0
1.0
1.0
1.0
1.0
1.0
1.0
1.0
1.0
1.0
1.0
1.0
1.0
1.0
1.0
1.0
1.0
1.0
1.0
1.0
1.0
1.0
1.0
1.0
1.0
1.0
1.0
1.0
1.0
1.0
1.0
1.0
1.0
1.0
1.0
1.0
1.0
1.0
1.0
1.0
1.0
1.0
1.0
1.0
1.0
1.0
1.0
1.0
1.0
1.0
1.0
1.0
1.0
1.0
1.0
1.0
1.0
1.0
1.0
1.0
1.0
1.0
1.0
1.0
1.0
1.0
1.0
1.0
1.0
1.0
1.0
1.0
1.0
1.0
1.0
1.0
1.0
1.0
1.0
1.0
1.0
1.0
1.0
1.0
1.0
1.0
1.0
1.0
1.0
1.0
1.0
1.0
1.0
1.0
1.0
1.0
1.0
1.0
1.0
1.0
1.0
1.0
1.0
1.0
1.0
1.0
1.0
1.0
1.0
1.0
1.0
1.0
1.0
1.0
1.0
1.0
1.0
1.0
1.0
1.0
1.0
1.0
1.0
1.0
1.0
1.0
1.0
1.0
1.0
1.0
1.0
1.0
1.0
1.0
1.0
1.0
1.0
1.0
1.0
1.0
1.0
1.0
1.0
1.0
1.0
1.0
1.0
1.0
1.0
1.0
1.0
1.0
1.0
1.0
1.0
1.0
1.0
1.0
1.0
1.0
1.0
1.0
1.0
1.0
1.0
1.0
1.0
1.0
1.0
1.0
1.0
1.0
1.0
1.0
1.0
1.0
1.0
1.0
1.0
1.0
1.0
1.0
1.0
1.0
1.0
1.0
1.0
1.0
1.0
1.0
1.0
1.0
1.0
1.0
1.0
1.0
1.0
1.0
1.0
1.0
1.0
1.0
1.0
1.0
1.0
1.0
1.0
1.0
1.0
1.0
1.0
1.0
1.0
1.0
1.0
1.0
1.0
1.0
1.0
1.0
1.0
1.0
1.0
1.0
1.0
1.0
1.0
1.0
1.0
1.0
1.0
1.0
1.0
1.0
1.0
1.0
1.0
1.0
1.0
1.0
1.0
1.0
1.0
1.0
1.0
1.0
1.0
1.0
1.0
1.0
1.0
1.0
1.0
1.0
1.0
1.0
1.0
1.0
1.0
1.0
1.0
1.0
1.0
1.0
1.0
1.0
1.0
1.0
1.0
1.0
1.0
1.0
1.0
1.0
1.0
1.0
1.0
1.0
1.0
1.0
1.0
1.0
1.0
1.0
1.0
1.0
1.0
1.0
1.0
1.0
1.0
1.0
1.0
1.0
1.0
1.0
1.0
1.0
1.0
1.0
1.0
1.0
1.0
1.0
1.0
1.0
1.0
1.0
1.0
1.0
1.0
1.0
1.0
1.0
1.0
1.0
1.0
1.0
1.0
1.0
1.0
1.0
1.0
1.0
1.0
1.0
1.0
1.0
1.0
1.0
1.0
1.0
1.0
1.0
1.0
1.0
1.0
1.0
1.0
1.0
1.0
1.0
1.0
1.0
1.0
1.0
1.0
1.0
1.0
1.0
1.0
1.0
1.0
1.0
1.0
1.0
1.0
1.0
1.0
1.0
1.0
1.0
1.0
1.0
1.0
1.0
1.0
1.0
1.0
1.0
1.0
1.0
1.0
1.0
1.0
1.0
1.0
1.0
1.0
1.0
1.0
1.0
1.0
1.0
1.0
1.0
1.0
1.0
1.0
1.0
1.0
1.0
1.0
1.0
1.0
1.0
1.0
1.0
1.0
1.0
1.0
1.0
1.0
1.0
1.0
1.0
1.0
1.0
1.0
1.0
1.0
1.0
1.0
1.0
1.0
1.0
1.0
1.0
1.0
1.0
1.0
1.0
1.0
1.0
1.0
1.0
1.0
1.0
1.0
1.0
1.0
1.0
1.0
1.0
1.0
1.0
1.0
1.0
1.0
1.0
1.0
1.0
1.0
1.0
1.0
1.0
1.0
1.0
1.0
1.0
1.0
1.0
1.0
1.0
1.0
1.0
1.0
1.0
1.0
1.0
1.0
1.0
1.0
1.0
1.0
1.0
1.0
1.0
1.0
1.0
1.0
1.0
1.0
1.0
1.0
1.0
1.0
1.0
1.0
1.0
1.0
1.0
1.0
1.0
1.0
1.0
1.0
1.0
1.0
1.0
1.0
1.0
1.0
1.0
1.0
1.0
1.0
1.0
1.0
1.0
1.0
1.0
1.0
1.0
1.0
1.0
1.0
1.0
1.0
1.0
1.0
1.0
1.0
1.0
1.0
1.0
1.0
1.0
1.0
1.0
1.0
1.0
1.0
1.0
1.0
1.0
1.0
1.0
1.0
1.0
1.0
1.0
1.0
1.0
1.0
1.0
1.0
1.0
1.0
1.0
1.0
59.7429382737096
8.767024225779330493e+00 -1.662771324285917984e+01 8.138639940800345585e+00
9.069735609770681606e+00 2.739203454230271451e+00 2.727677979868921021e+00
-6.274992526398182058e+00 -9.522375751155837120e-01 -9.647813236304111584e+00
-4.225456625971999891e+00 1.253355528425946375e+01 5.350095513812082260e+00
3.656893309013845572e-01 1.801565410072741624e+00 2.318062830299867372e+00
-5.733447525017331792e+00 5.689687367368258641e+00 -1.778293410660356955e+01
6.633908567667978318e+00 2.256813286801679652e+01 1.286623793175840547e+01
3.737531493574374863e+00 1.053037347690540848e+01 -8.857312370433993109e+00
2.485596174671631431e+01 -5.094926629552875674e+00 2.076791768846353392e+01
-1.917580623980651433e+00 -3.141194320064189860e+00 1.199078601323722904e+00
8.000657571031002391e+00 1.016437083651291040e+01 -4.613270684226583596e-01
-4.293761588875264046e+00 7.142894577003978895e+00 -2.336085136525305916e+00
4.303664393857770776e+00 -7.128332972205247309e+00 2.264858878197185899e+00
1.756113154561554879e+01 1.402439722787226062e+00 1.638306887314709970e+00
-1.002132349213217116e-01 -1.298725289111678016e+01 5.255777676684225241e+00
7.632508933753591407e+00 -3.526762996913194725e-01 -3.738265928721044684e+00
1.853512352405050834e+01 -4.947097534812594510e+00 1.340058531089140459e+01
-2.250322308656997894e+00 2.062906806908905821e+00 3.451725266795596880e+00
7.361948336351209932e+00 -7.251901417793804594e-01 4.552138083550647529e+00
6.698115748722122120e+00 -1.061107161662842913e+00 -5.334033357539341935e+00
4.128230273748467738e+00 -1.675816002162801022e+00 -3.298680878768491365e+00
1.604470318811348495e+00 -6.994632510870404385e-01 -3.557421514308354737e+00
-1.538625848232243021e+00 -7.459511565870046157e-01 5.980599396888584884e+00
-8.425809491708726284e+00 -5.106558226612755824e+00 -3.230869017275985300e+00
1.411493627942955076e+00 -4.704656368930175248e+00 -3.316670914140197546e+00
1.981964349977934248e+01 -6.058167734269713378e+01 2.189965692429063182e+01
3.363196820521157537e+00 -4.151123880079254036e+00 -4.189855874348537235e+00
-2.804442919858727734e+00 -5.185375363690040373e+00 -9.260602697975242492e+00
2.249172577048808819e+01 -1.367527070223114904e+01 -4.165649927275847375e+00
-8.830436978232638623e-01 4.520135743509650084e+00 1.512274621027459798e+00
2.038884097352711589e+00 1.209671147091977517e+01 -7.078951965591573803e+00
6.262547424852342282e+00 3.724995210426507164e+00 3.346348846007565214e+00
3.972868719943921434e+01 1.853834797474732099e+01 -2.597985834908914438e+00
6.866984158142781958e+00 -2.150561442552849201e+00 -1.384065557715708472e+01
-2.071256596283290463e+01 -8.771662706683590827e+00 3.419654342412899339e+00
1.139684307006453778e+01 -7.865610505921294404e-01 4.953046852582528636e+00
6.976771869125266257e+00 3.119402082697748213e+00 5.606492684964644369e+00
-6.658080521627445236e+00 -4.463405928444569959e+00 5.745096298763354703e+00
3.376435246134692481e+00 6.366002514466600815e+00 1.392959627380052900e+01
5.917087328335028928e+00 8.777249607849046953e+00 -3.887798804198381308e+00
-2.515100468242179588e-01 3.590200622047965417e+00 -1.635353155488349364e+00
9.872264637108907337e-01 -1.090264590313277004e+01 8.870138159641845377e+00
-1.009497086338929250e+01 -2.017369973510306558e+00 1.339200042427963488e+01
1.441773316951301354e+01 -3.409465426846914937e+01 -6.911057772010526890e+01
5.601738719740072092e+00 -8.208891585671445057e+00 -6.897886932271804383e+00
-1.219330429342196531e+01 4.928952487917615422e+00 -5.513815221152503554e+00
1.208817575563120350e+01 -7.403401909115540080e-01 2.533301891240992276e+01
-2.996692487328487697e+00 -5.278300029726504805e-01 1.104688872024176316e+00
-4.993713781472809643e+00 -6.623468840696946636e+00 -4.146074197980849085e+00
2.065117897861883023e+01 6.040193944346282429e+00 6.830347500021861862e+00
-2.234599038878107535e+01 8.040455823589317319e+00 -3.193526224884715159e+00
3.573070613711177401e+01 -1.241621269690705986e+01 4.287647998470895061e+00
2.093514132118993842e+00 -5.618080108069018586e+00 -6.538370767359453772e+00
9.032937649248221845e+00 -8.652070552445371376e+00 -2.039489689622954405e+00
-2.512658440878157506e+01 -1.498717691849858902e+01 8.126187794227508476e+00
1.053032209230472560e+01 -3.619718258661254406e+00 -1.632495594275695572e+00
5.114726482347447423e+00 1.703511209123846015e+01 1.883720001678355738e+00
2.254560294129314357e+00 3.368635824454888628e-01 2.957395506915163619e+00
9.303895287633515920e+00 -2.317428559685930978e+00 2.429309232339198932e+00
2.797282244986547539e+00 -1.248909945869127647e+01 -7.650399911270737263e+00
-1.023020255261535993e+01 -3.975886327578536106e-01 6.327705286243269889e+00
-5.810372640996511073e+00 5.078604181182950761e+00 -7.037344409865908812e-01
1.337630142411228462e+01 -6.464074298526598739e+01 -3.056446719451966487e+01
7.895448778738735740e+00 -1.432333484131211065e+01 -1.686029557848974747e+01
1.129636449321303004e+01 -3.634326023206428502e+00 -1.221140332245173532e+01
1.888288619336763619e+00 2.684407392555771210e+00 4.645886488396608449e+00
-1.301821898353382245e+00 3.914599956699947114e+01 -3.288798734638274368e+01
-2.769519899348444270e+01 -9.587778896288204677e+00 2.749417847238272650e+00
8.864386033814334098e+00 -9.742620197711001850e+00 -5.784104133948933857e+00
5.929833834282141503e+00 -9.698989130919484225e+00 -7.512046572115997911e+00
-3.706938009992279603e+01 5.460183821582597297e+00 -2.622760135951268268e+01
8.353571419521539809e+00 -8.631041794149208357e+00 -2.467631246717342908e+00
-1.588605891631354261e+01 5.804459172613561257e+00 3.198915164249991250e+01
-7.993138613294108907e+00 2.710940309967944728e+01 -5.002733141087452928e+00
4.418008705705647743e-01 -2.447583109015833092e+00 -1.534881995231234697e+00
-3.145931194818037291e+00 -1.097067511398291551e+01 -2.041736065480224482e+01
2.002831867828291035e+00 -4.627972570703479782e+00 1.903814712683205457e+00
2.231963955961227875e+00 -2.322986428804333148e+00 1.021733659357184720e+01
1.137589891817298193e+00 6.132024381790559531e+00 4.523335877571845187e-01
1.039309221293453156e+01 -7.973259465001969915e+00 1.356587276476643744e+01
7.058157816520392203e+00 1.212677785388348362e+01 -4.894485112727720022e+00
1.610204811428377525e+01 -8.876373738546014636e+00 -1.885147104284035890e+01
-1.039436614599259556e+01 -3.293638545899093550e+00 -6.468532448023277759e+00
4.455311105987633247e-01 1.644288343647546213e+01 -4.448338836663552343e-01
6.608791560267044396e+00 -1.785261462576627434e+00 -7.862664048355128443e+00
3.839009755357174924e+00 -6.869661716785953054e+00 6.860915139039804878e+00
-8.155256001079017381e+00 -8.651040273198943309e-01 -3.626739876432745202e+00
-9.355334340325184295e-01 -5.030834115291243691e+00 -6.954638013590059842e-01
3.753348612623476299e+01 8.805615836230121118e+00 7.518528798813362890e+00
2.247918086201934784e+00 1.090749599849754148e+01 -1.004026502049697633e+01
-3.617367032472372568e+00 1.496975547282374031e+01 -4.540277737489159193e+00
-1.299477258905340937e+00 1.321064011544798866e+01 9.048503504512051876e+00
1.039748550385833958e+01 -5.375106747035263588e+00 2.664788160178082510e+00
-1.153150109277770419e+01 -8.472984509333919334e+00 -5.216515750466713897e+00
-1.543283068922672285e+01 2.311963578101463579e+00 -1.196144215070719419e+01
-2.154706320073279002e+01 1.733036170249057051e+01 -7.509950846349752851e+00
1.463463551399663665e+00 -1.669937912653800183e+01 -1.278982067631029729e+01
1.205606520577011409e+01 3.419693780575130404e+01 -7.751946448041566740e+00
-2.325531192652498902e+01 -7.041118497686985833e+00 7.755677414381795920e+00
-5.681766207057433071e+00 -1.036199185318310256e+01 -1.537392904811108707e+01
-6.141146911765907213e+00 2.573295883967280151e+00 -7.573864207325835096e+00
2.233751529949824288e+01 2.408505194388611059e+01 -1.547297624253583237e+01
2.334459508013813522e+00 8.265378328310985623e+00 -2.570315552331589704e+00
-1.753642330574901820e+01 -2.280146542061131498e+01 3.707830700704196070e-01
1.258072826705658676e+00 -3.460906118547594446e+00 -2.553183950947009784e+00
-1.008186028730795947e+01 3.169643855289795553e+01 1.716186632547639590e+01
8.800845404805556882e+00 8.362862440124960273e+00 -6.665953984996954240e+00
-1.060815497674233443e+00 -7.105672569376041636e+00 -9.077267489347784490e+00
-3.725082025558987958e-02 4.633203866407358817e-01 6.884647154792612689e+00
-7.590720714300045024e+00 5.847687181161257186e+00 5.222124981703757385e+00
6.073289565186012595e+00 1.866356614120156854e+00 -2.247863869839429984e+00
1.701618915125790110e+01 7.213150945101496347e-01 -2.863024897340710240e+01
-1.594445202237632486e+01 7.523183891704732673e+00 -7.191061271677196665e+00
1.205295948036950335e+02 -3.604642355145242760e+01 5.954156688729500502e+01
8.471184390621184779e-01 6.695907611874924115e+00 1.499429295692855879e+00
1.597424519819296052e+01 8.666731598850246243e+00 2.719657681100149826e+00
1.736587097870327057e+00 -5.363087547559210577e+00 4.582204949302506769e+00
1.692677167300693286e+00 2.282358184106976662e+00 -7.367802328021546110e+00
9.456699460354767162e-01 -1.084068060577211412e+01 8.015475952302454132e+00
-1.003627349048840678e+01 1.377277766733100073e+01 1.680151847871736992e+00
-7.977817865276273679e+00 6.528495033786865243e+00 -2.241562015333966151e+00
-1.793233536603315414e+01 4.557289519844507808e+00 2.270550659285299755e+00
2.029387164714083980e+00 7.849971871708010696e+00 1.190522255261378781e+00
1.652374778322146742e+00 -1.161796473979856970e+01 2.026069374780801624e+00
-7.755139561319268626e-01 3.021340406287178926e+00 -2.789466828166777379e+00
-2.078664737410411689e+00 -6.598283373787286799e+00 3.242637440908619340e+01
2.372609738663164158e+00 1.549342093816381105e+00 -1.383514287508399754e+01
-2.685685305585628768e+01 -9.093650515116630251e-01 2.513213603191387335e+01
1.474191007016095512e+00 9.688593518279292383e+00 -2.713042862478021622e+00
2.721354069383144392e+00 -1.546798820670537644e+01 1.105706660821085485e+01
-2.209350058258478633e+00 4.657531576041682442e+00 1.046502692435188786e+00
1.341620111804400217e+01 -2.282862570470902686e+00 -3.878421359608831498e+00
5.456619154667692584e+01 -2.132535437900282886e+02 5.836231288381735283e+01
-1.339319026063761342e+01 -1.440374675889612277e+01 -8.738930801000588389e+00
2.917307732711962309e+00 -1.160684819850866489e+01 3.989867938192682484e+00
1.020060418023707882e+01 -2.208281856038423641e+00 3.360875679645151770e+00
-1.440036680405146896e+01 -5.603470031017661945e+00 5.067443775728800226e+00
-2.134666324961409067e+00 -1.130785962751299500e+00 -2.521447829324088286e+00
-4.144636880578259408e+00 -8.491675720755307299e-01 -1.862123324046379924e+00
7.697257033116461145e+00 1.592320680130687016e+01 -9.230288433233418743e+00
-7.928449289931248367e-02 5.168615582093980976e+00 -5.342431239619892525e-01
2.481655634091513907e+00 2.121876612091223802e+00 -1.319562214517855914e+01
5.774095945933980900e+00 -7.563621575604149605e+00 3.078319433444137587e+01
-8.744908091967163344e+00 -1.547939800943258426e+01 1.011770772471645508e+01
3.848455036912233851e+01 -1.196908406374806155e+01 1.166958791755220837e+01
5.902028633962016491e-01 1.600263415319809646e+00 4.957332813737950761e-01
9.089914080921733586e+00 8.680873940275864342e+00 -3.764205968928710178e+00
-7.711791369654433126e+00 8.153846799362125530e-01 1.416738821777798751e+00
1.078774677556970119e+01 6.955416743186035866e+00 2.342873060705006338e+01
6.766075530597148280e+00 1.196300490009394757e+00 5.281217128820103746e+00
3.792461711369759403e+00 2.669016866456203285e+00 -7.693830698351325381e+00
9.842587211905911460e+00 5.379246471289705234e+00 6.349786019646582735e-01
-8.810393275791733814e+00 -6.354517381273079302e+00 -4.430092647647860815e+00
1.047751975183321749e+00 8.804387821867829089e+00 1.241699879672495221e+01
-3.442482474068938814e+01 4.107625445443878931e+01 7.815199045776584086e+00
-1.671323238283849477e+01 1.072491623125813298e+01 -1.959412640869259548e+01
5.505852371125107503e+00 1.590800134771234475e+01 2.850999109639939189e+00
-7.695532871981350276e+00 3.428348919832062247e+00 1.054224616434031425e+01
3.192838177758400953e+00 -2.248759105461481500e+00 3.075866539316145953e+00
-9.802870949590732907e-01 1.393477096937864346e+01 2.966539810059761972e+00
1.506642076056644086e+01 -1.056813078425095043e+01 3.295068626056157246e+00
2.408737060566934485e-01 1.848832122662566357e+00 5.568062900611875143e+00
-4.310016996718540661e+00 -1.327902576449520389e+01 -1.778134366582115788e+01
5.063258664052728619e+00 -2.674748215966221032e+00 4.372845572772085632e+00
4.836202927746127145e+00 7.233100006043217789e+00 6.886780997406691363e+00
5.934823120801108409e+00 -2.255687573258411849e+00 4.793641399451758822e+00
-1.040397351146359028e+01 5.938564189615464173e+00 8.255004395847759469e+00
1.985501849562831156e+00 1.300140545566884320e+01 5.761544229579368626e+00
2.922969532819117688e+01 6.635218000429897955e+00 2.366019798501048399e+01
-7.074617791974629810e+00 -4.318807494764492105e+00 -5.763455797245853773e+00
-4.162648254920249258e+00 8.385251648539449931e+00 4.066667596237586224e+00
-1.953038684514814349e+01 -1.622130511290960087e+01 -5.117104175093933449e+00
-1.113048430667197053e+01 -3.645663298643600503e-01 -9.604738236642925031e+00
-4.545467967430205647e+00 -1.992444044745885634e+01 -1.091816746735404520e+00
2.706453389824397870e+00 4.988830263853063052e+00 2.518132904375843140e+00
5.220838805125647575e+00 5.380632001279757937e+00 8.401534121017457224e+00
1.529872312943859392e+00 -2.257684288010977269e+01 4.124608480776886132e+00
6.044421222924118986e+00 -5.150752314517107244e+00 2.864681985748171122e+00
9.741592692888460192e+00 -4.594774652426303341e+00 1.249591943155532459e+00
3.224437572006754849e+00 1.319751355321459663e+01 6.218670399690521045e+00
-2.279611842158562496e+00 1.385509847852774357e+01 -1.254427081765515872e+01
-5.208109051316275107e+00 8.593922563263241443e+00 -1.881118040649499390e+00
2.452355980512929801e+00 3.477218804531851060e+00 -1.742760295607249210e+00
-3.685571733756687784e+00 2.230831291803800909e+00 1.779222585010864499e+00
2.800359797535163953e+00 -4.807906183659028443e+00 -5.668570523716367937e+00
-1.026101505109385492e+01 -6.929380438308094803e+00 -9.143031282139657989e+00
6.389669764023498288e+00 -1.485081791143775654e+01 -9.756326500597499063e+00
-3.748554501761807600e+00 5.867490053832156605e+00 1.079857487460039778e+01
6.471849505871400954e-01 4.899199414201693692e+00 1.047744171127225421e+01
1.692811800759483276e+01 -1.033030354705196707e+01 3.047443039766369921e+01
-9.462788990591496585e+00 -2.026051937194372154e+00 3.545182604323412701e+00
9.392180884565866084e-01 2.513426141905132027e+00 -4.635016837425970593e+00
-4.939398223624210438e+00 -2.312187074971661538e+00 -1.877518827050602823e+01
-1.592706583490184125e+00 5.839240405837164971e+00 4.537245814020789414e-01
1.040707416903316229e+01 -5.989057070420587436e+00 -5.613828327144200436e+00
-6.900272104278509788e-01 7.462445544958137056e+00 7.914578061034458045e+00
-1.156689152801848408e+01 7.149992209571653490e+00 1.195830838372563543e+00
7.281468783916610121e+00 3.751931784196611108e+00 8.056568046660056437e-01
8.591817907831774903e+00 -4.127712264683360388e+00 2.380123909968603790e+00
-1.057456307387778960e+00 -8.185307798290022419e+00 1.761109647863315786e+01
-5.682220331768971455e+00 6.740203592607044492e+00 -3.648319336102996413e+00
-7.388082363804046260e+00 -1.232743108683883149e+00 1.644868860163789970e+00
4.297397597032598604e+00 1.059418719632063688e+00 -1.100143960652889419e+01
-9.489020081338099821e-01 -1.930810114842050851e+01 1.671990850407381757e+01
3.503521994881897972e-01 -4.626404337365840114e+00 -7.408119314494995500e+00
7.822439102628162999e+00 -7.872880725658728984e+00 7.193690890968482687e-01
2.306445501801358322e+00 2.057455824546720713e+00 3.010203601450347932e+00
6.949329456074587519e+00 2.570374067104976845e+00 -7.030738741578660189e+00
3.753787477083588286e-01 -7.492357515691179692e+00 -3.636998319969670046e+00
8.408888448827475770e+00 1.756107539650487159e-01 -5.918735051370897615e+00
1.097134710062492857e+01 -4.343768846315585463e+00 1.287783095707662584e+00
-4.990129944227175152e+00 -5.694083355981736094e-01 -3.557664085480253480e+00
-7.568554546215271905e+00 8.367573660025207971e+00 3.854266565631052632e+00
-1.138426396217642633e+00 -1.351644131219282841e+00 -1.850118765506576279e+00
4.899273115528906430e+00 -5.667854541860859463e+00 -1.170692921064607006e+01
-8.199657665136019347e+00 1.781182416829158788e+00 6.420022443786455035e+00
-5.181021907504099033e+01 3.994732650471690505e+01 3.128159799800202379e+01
-4.210217366642639902e+00 6.502913849226469090e+00 1.319094795722356928e+01
2.177170186608293090e+00 5.795203020603444166e+00 3.335014266670550676e+00
-2.460887986993781418e+00 -8.738766762016430434e+00 -1.424798810546883132e+01
-8.392518212107770159e-01 6.226905744081856930e+00 -4.519372034433072116e+00
8.630770978510273750e+00 1.083509037236119887e+01 4.998507640730879942e+00
1.363233504191349965e+01 1.575607059822941025e+01 7.161140873935265994e+00
-1.573324667830582779e+00 6.699686683255360542e+00 -1.229172782074148040e+00
-2.042356232232449109e+00 4.826702773654790946e+00 -3.129342553021180251e+00
-1.413630438907092035e+01 -1.400093191630210043e+01 4.953911097605414149e+00
9.687925099278948959e-01 -3.876050863428083471e+00 -6.138929252428781957e+00
-5.004172325898061047e+00 1.283654251365876631e-01 1.612881763141011859e+01
4.753524364331059182e+00 7.299553419416914934e+00 3.493872251863110900e+00
3.448292211439683008e+00 1.035660224732257895e+01 -7.163583314015230741e+00
-3.583142556826846903e+00 4.988137033339686610e+00 7.811720530660552164e+00
2.133251791310625922e+00 -3.036811632721054366e+00 5.549643182013006104e+00
-7.361581162639835085e+00 -2.670747315861239368e+00 1.022254144199053272e+01
6.386415043068282005e-01 5.148639911842716188e+00 3.637503208832758350e+00
-1.952725138912032365e+00 9.634441796927765367e+00 3.155563603516358562e+00
-9.959025581708219832e+00 -6.530983876545620070e+00 -9.859140633711591661e+00
-2.212215644164677641e+01 -1.230206957628093001e+01 -2.029184600086323620e+00
-2.616969384149320454e+00 -7.241575266163160940e+00 1.821041140248808921e+00
-7.571341029602050909e+00 -1.820608086371676748e+01 1.900407859154397627e+01
4.238285853970731765e+00 -1.152272707604232593e+01 1.070716133331252040e+00
1.100054985189515389e+00 -9.616993859947951861e+00 -2.231140645522532218e+00
1.810911703555190755e+01 -4.346287144167395589e+00 -4.813565376362869408e+00
-8.708823613300035182e-01 -7.107096571433937804e+00 3.674397625528381894e+00
-9.006714737681939198e+00 1.047853549951842389e+01 -1.991323849381913647e+00
6.677915157435310611e+00 -1.147900408059787658e+00 1.583622659494016427e-01
-5.317382620620405120e+00 5.761570702494093865e+00 2.576938309277324590e-01
-3.120633256921339083e+00 -7.091541374816705989e+00 7.510447504297212085e+00
9.906438383307646589e+00 1.422604655398112072e+01 -1.041801694625491059e+01
-3.344584002570292203e+00 1.454981702289551704e+00 5.518662270619579147e+00
-3.228613687373498742e+00 -1.659159575337610448e+01 -4.555934275983300807e+00
7.095071038929580354e+00 2.723655317436484147e+00 9.502109953101479789e+01
8.199459082280053934e+00 -4.777750990908053441e-01 -2.229468729215304279e+01
5.969360132296227306e+00 2.779254678134373435e+00 -7.187356360473275529e+00
8.597253355008740883e+00 1.630203655703126531e+00 9.467452640823783128e+00
1.523219951997362598e+00 -5.665951247778494571e-01 4.096601001765273864e+00
-5.717581905400515474e+00 4.937691976118361303e+00 -4.426556572404243273e-01
-5.188411914299451144e-01 7.572557563506331135e+00 -3.098956935427782611e+00
4.999470481875421868e+00 -5.788761064511747989e+00 -3.450770445102049333e-01
-5.868128146629692843e+00 -1.178530146742204465e+00 4.739961505688056853e+00
3.581822390772464448e+00 -2.964364096425216033e+00 6.905898079307180026e+00
-9.264213529208976894e+00 -4.334155811517091728e+00 6.332698632393849891e+00
1.740237692294561711e+01 -5.462118382586312215e+00 -2.729240974786698359e+00
9.200600994185078818e+00 -2.590088492865767922e+00 4.974109633481801573e+00
-7.985713849135913200e+00 -2.186575597700470830e-01 6.271789970976521467e+00
-4.254930285686659985e-01 7.401419963608452113e-01 1.392943493992990112e+00
-7.758976114184592987e+00 1.026703936288649288e+01 -2.131110237595773071e+01
3.198595019380796045e-01 4.749694869010668286e-01 -3.233616645667481748e+00
2.786332043382493406e+00 -4.731869822383176771e-01 -2.637678162245685076e+00
3.848691448995791298e-01 1.341131469672921206e+01 -1.609653956700516630e+01
5.389342925550892005e+00 -5.895402016421996017e+00 8.170752617711297461e+00
1.353895138881741289e+00 9.845414337975290309e+00 5.341331862507530115e-01
1.161660140891408943e+01 -1.574453108918270239e+01 3.514869932118392937e-01
6.572570630964416516e+00 4.250090516369849247e+00 3.798923676580162390e+00
4.104019705205669055e+00 -9.080584828526866659e+00 4.755882346956258111e+00
1.753345626807353286e+00 -1.162610125540977757e+00 -4.733751366638458080e+00
9.426000207738018943e+00 -3.280392848225472946e+00 7.837828117553906182e+00
4.093650851283406666e+00 -1.254166687557883897e+01 9.574257203190331467e+00
4.809728814915067829e+01 8.815822236496300590e+00 2.982019277802545076e+01
3.200965724585139949e+00 3.947374669203482789e+00 1.482008892748388762e+00
2.277774402027442413e+00 -4.156918422539921387e+00 5.938034004953502532e+00
-1.143555717276126060e+01 3.436025098538255662e+01 -8.200544771477561667e+00
2.345903120852975476e+01 -3.852040647831984188e+00 -4.973516654691525929e+01
4.974512388913567662e+01 4.052590335391763432e+01 -4.842366919338144449e+00
1.081519529773300725e+01 -1.046154300851207353e+01 -2.048653627915476605e+01
1.025345285823031816e+01 -2.502826922474108567e-02 -2.445847564351709413e-01
-7.248972856023364386e+00 -1.774239990880307927e+00 -1.927224721482530256e+01
1.216390801545704115e+01 4.967752119649950782e-01 5.468471001911356488e+00
5.252463675495828710e+00 2.604810777597541094e+00 6.659515017329685094e+00
2.643555202956450412e+00 1.118645463334306989e+01 -8.272803049352529525e-01
-4.900691373272420215e+00 6.243591250486264066e+00 -5.192513498060101762e-01
9.850192927449801239e-01 2.184567637674042828e+00 -9.495436846862267188e+00
-4.150772558799355139e+00 -4.349271072923156289e+00 6.331806783270050865e+00
1.500324748104206840e+01 -1.079060198105186785e+01 -2.484936927235593895e+00
4.598712993521044723e+01 4.010988613376582634e+00 2.422414836756334733e-01
5.591264184502869661e+00 -2.238614414542172693e+00 6.889539702979043945e+00
6.202166294530322865e+00 -5.269524047095063279e-01 -6.684183252065913017e+00
-5.634487738038574944e-01 -1.729274669261407160e+00 5.646448938535094442e+00
1.109387273942770946e+01 -9.530169963185494808e+00 2.218288154977839377e-01
3.600420371504425177e+00 3.871189916545026311e+00 -5.618859524619220558e+00
5.324050980398027377e+00 7.925357002376512972e-01 4.778154995322934084e+00
4.854598648506197600e-01 -5.360610783266023249e-01 2.050844324269768926e+00
-5.537508984810232349e+00 -3.884214361111901326e+00 -4.238550326675404989e+00
-4.917226038322012727e+01 -1.231276287621045906e+00 -1.106320111518818550e+01
9.328822261431412244e+00 -5.291244777235554198e-01 1.100686081239097502e+00
-6.394425630643392644e+00 -3.053328298931115015e+00 -2.049176165021536988e+00
-8.273212113161957149e+00 4.428994025379259902e+00 -9.765718463442068398e+00
6.053577625871811030e+00 -1.164902200247387754e+01 -7.512945944072487947e+00
-1.262560801828807255e+00 1.175156037699712330e+00 1.410433924680392526e+00
1.007848096201771959e+01 -1.682510074469038219e+00 -6.504874411380884291e-01
2.292880164709113799e+01 1.618132925023453694e+01 5.478010661695695838e+00
-4.541419065646565834e+00 1.209928385658179018e+01 1.123912735316431366e+01
-9.463570231902908025e-01 1.477394636508014614e+00 -7.765872400715294610e+00
8.725102523663260001e+00 -7.465510058541503513e-01 7.880031326840865269e+00
-1.059761988042965397e+00 -5.454921237593263195e-01 5.835753331942282074e+00
-4.638298304764037816e+00 5.361716886762438961e+00 -9.241524394834165435e+00
1.358656374828730584e+01 5.964615702051813884e+01 4.463843914624501963e+01
-5.267432752700432985e+00 -1.246320420487992742e+00 3.792250926969229052e+00
2.567724869351688088e+00 1.904746018050676115e+00 -5.000542535792076748e+00
1.332825848341481212e+00 -3.889682303283622744e+00 1.976948837946725135e+01
1.165161222476708502e+01 -2.220046319476361418e+01 -4.877511564305770264e+00
-2.728744206381922766e+01 -2.867672112537727358e+01 1.197440499093943522e+01
-5.375732443024112683e+00 -4.321613791782243474e+00 4.772185034403876536e+00
-1.631765088582325518e+01 -1.264653726172657144e+01 -2.644871966542029273e+00
2.616759158350566139e+01 3.218239451680490859e+00 -3.100740794898597485e+01
1.209070182745115041e+01 6.078923757001701844e+00 -2.021799012548611163e+00
2.036394011678443050e+01 8.083170377571466503e+00 -9.325680181124977597e-02
9.389666137944158208e+01 2.453757528520426590e+01 -8.400396826395180483e+01
-2.103764595118760905e+00 -1.484741856786333258e+01 -2.340032113621656862e+00
1.150002501070608574e+01 1.621179032524217467e+00 -1.472891761922884335e+01
8.074237439892149837e+01 -8.134784966005301499e+01 -7.502736437867727659e+01
-5.322234352348455388e+01 1.314778235739554013e+01 -3.840607168441377439e+01
1.963044718498814944e+01 -6.568838956802690587e-01 5.323482478476721624e+00
2.734363163249868389e+00 -9.848614039847495505e+00 3.825129414475647138e+00
-1.639577090151091765e+00 2.975734192878887896e+01 1.342743584187714001e+00
8.093085964650031272e+00 -3.717870614338125712e+00 2.994693643688501883e+00
7.442455714721541327e+00 4.537998595726501883e+00 4.181182378443057956e+00
2.300013140142871837e+00 -6.590080081158641856e-02 -2.663016112675478997e+00
2.875314286676432296e+00 3.880309630016798295e+00 -1.531179739685724073e+00
4.550467761608421036e+00 -2.536555972626023614e+00 1.502288055694080748e+00
-2.933179456731385137e+00 4.018707720390239935e+00 4.069624588359840978e+00
-3.502690777464944460e+01 -7.353224175952733255e+00 -4.469178132755731170e+00
-1.542390325918562866e+01 8.113536133015895047e+00 1.120196143626838747e+01
3.294805735728757679e+00 1.745557909412791275e+01 1.763077195079203108e+01
-5.239759223923921155e-02 1.135202083232125148e+01 -4.644571459727040441e+00
-8.987063746543999088e+00 9.216489040256140797e+00 -1.693951987935264825e+01
-9.212805588427833925e+00 7.129774047237439127e+00 -7.416743871557499368e+00
9.564832545469435843e+00 7.310882654673376280e+00 -7.194335584311902565e+00
-2.804610760632936461e+00 1.140385227101805343e+00 1.187331066318980222e+00
-8.080956656793995663e+00 1.651029563163867397e+00 1.429103885615447922e+01
2.412573570701995251e+01 -3.114957671682193840e+00 -4.577955547115455381e+00
-4.929376920791130345e+01 5.795723758096810174e-01 9.221241492959679320e+00
3.152326636132366300e+00 -3.363763425760514014e+00 5.176352360224379945e-01
-4.810326064096234200e-01 7.564261772240668869e+00 -1.751541205994805139e+01
-4.112504413035809048e-01 -3.236684477092966805e+00 -2.528375492436104377e+00
1.870781879225974720e+01 -9.373496320274471438e-01 3.794841688607387908e+01
-7.651819475984431129e+00 8.786970755441023684e+00 -8.857445834628406567e-02
-3.209720316620858682e+01 1.656323598576886624e+01 2.931756438663021669e+01
7.869939611355403208e+00 1.536820289211452284e+01 -3.486176145281274064e+00
-7.459146062156013279e+00 5.466029382966316241e+00 4.971604962234246194e+00
2.783755047065193278e+00 -3.875661292033993899e+00 1.407024440692329570e+00
-1.693592718966374366e-01 -7.642749832870065596e+00 -3.228227040075482002e-01
-2.889519961077775534e+00 8.991288109084564217e-01 4.292435661366933441e-01
2.324394698513950885e+01 -1.936488864661978573e-02 8.579690189411353529e+00
1.576071689233248740e+01 -5.317315848237321063e+00 -9.986821999270855343e+00
2.141848680207201649e+00 -3.949708464694940968e+00 9.575440651439519613e-01
-5.398199593809193786e+00 8.680502439003689119e+00 -2.214279238367454772e-01
4.405449002518219359e+00 -1.989038516850740956e+00 -1.867010578505307272e+00
-6.346513876040890523e+01 -7.120540835209801855e+01 -2.135334163601586255e+01
1.134555468596864714e+01 1.258999697010704999e+01 2.153336116985421711e+00
-3.398187696937730262e+00 2.135974764194460818e+01 -2.206494650531323742e+01
3.899107427074562926e-01 2.123095313664688888e+01 -6.384143155311359230e+00
3.234472061915526098e+01 1.985371185127898030e+01 3.627331054817693001e+01
3.031009500839122239e+01 -2.853408764946564702e+00 -1.929610779463724768e+01
-2.977920289495456174e+01 -2.024086911079991946e+00 -2.695900071444534163e+01
4.806676931997770907e+00 4.257127804985587072e-01 7.237722898169741681e-01
6.741657165025507048e+00 -1.062361283039159154e+01 5.679866941882842468e+00
1.612148640281191092e+01 1.705130478102413250e+01 -4.604300430105912056e+00
7.792641392750650375e+00 5.952177671128373593e-01 -1.450576621559676704e+00
3.361947011830933807e+00 1.028906521990363387e+01 -8.021663473853218207e+00
-5.132794013200393124e+01 5.749925107624995757e-01 7.572674118455919867e+00
-6.304850667522003960e+01 4.296833358693235283e+01 8.239268042503252332e+01
-6.266083104090981237e+00 1.500953490592830697e+01 -4.693103992752854836e+00
2.426687935206907909e+01 7.236775216703525970e-01 -1.591661967012391798e+01
1.670991735552830804e+01 -1.655670652168936030e+01 7.110204479649235854e-01
3.146256722971438879e+00 4.637534860924366953e+00 -4.859409854567502407e+00
3.798758788093113736e+00 5.845948816391825176e+00 -1.351368350293566500e+01
1.644029283111804407e+00 -1.035920901441503084e+01 5.570019877854138102e+00
-8.380605102430708442e+00 1.878798703047309449e+00 1.232971885580565363e+00
-1.169105846063124545e+02 -9.944258211579159479e+01 -3.502356404311290561e+01
-7.665221928856531974e+00 8.375832465490711698e+00 -8.633589012448503297e+00
5.316482883513846680e-01 -1.120187508862146153e+01 -7.399792113328492071e+00
-2.275635823152542514e+01 -7.728956314903415503e+00 -2.923963558486555758e+00
-6.981371287893686883e+00 3.081623129759779034e-01 -2.294156870894206612e+00
-1.690423340705264010e+01 9.542770750047029793e+00 -8.267946296077276713e+00
1.854958771673059914e+01 1.808531321494467647e+01 2.542797871214216521e+00
1.297459393546110462e+01 -6.910402530934406151e+00 -1.981091232452389050e+01
7.099713763037129866e+00 -1.111889152769224509e+01 -1.484468242044183839e+01
6.130549328296110545e+00 2.270847876224323603e+00 2.849922653794726202e+00
2.033052454184691982e+01 -1.228965388169070039e+01 -2.639237214165993350e+01
2.435065434259827022e+00 -3.732918631608725946e+01 2.505574683744989883e+01
1.454643662113412450e+00 1.537768830432759470e+00 -2.075412047964209084e+00
7.511343389205260124e+00 5.461188819208649292e+00 1.297935084379879811e+00
1.655492589582063090e+01 4.244616599015581748e+00 5.025667956038526896e+00
2.152384159902291216e+01 -3.477554597077674892e+00 4.846471139028984076e+00
-4.634165239157120197e+00 -9.260096504513770199e+00 -2.558135177763551482e+00
-2.060428931900025873e+01 1.348333124953191131e+00 9.607617384699011609e+00
-6.010138985472216255e+00 2.804432049163833263e+00 4.462515289572577259e+00
-3.325440163623105239e+00 9.749513380777630189e+00 -1.405206165725315648e+00
1.217208776070417287e+01 -1.217010641813459593e+01 1.087345243701219211e+01
1.694996979268896453e+01 9.361453595879437373e+00 9.568491000058436668e+00
-4.371924865191293974e-01 -2.041223846759306682e+00 -4.827651947316795145e+00
-6.616723754370646970e-01 1.017160415234943827e+00 -1.023104198430225509e+01
-3.196581546174394717e+00 -6.841631321843141045e+00 -3.421650202448896838e+00
3.781300848001250881e+00 -2.605066774417998232e+01 -2.277755124535374431e+00
7.803699926565299982e+00 1.408929322418781460e+01 2.406675963829287213e+01
-2.283422133363284257e+00 -1.356013139892816577e+00 -2.385917229360395020e-01
-9.175614832757543471e-02 3.053509730248709086e+00 5.129882004770127679e-01
4.699648115094253953e+00 -6.704258024039405406e+00 -1.811110262114481895e+00
8.326069175912549358e-01 -1.397903594502592606e+00 -1.703582932682487394e+00
5.662088943952719333e+00 -6.425407766700617085e-01 7.929335859364022632e+00
6.072080147976615550e+00 5.038614467603063751e+00 -5.620655465748072288e+00
1.076098902080582898e+00 4.907784459892461926e-01 -7.187429421964486309e-03
-2.713497733129311751e+00 -7.442475604664428701e+00 5.451694367111850070e+00
4.320510077278086669e+00 -1.393846197461272141e+00 -5.724456431921801425e+00
-7.750518888275192531e+00 7.866561349760555544e+00 2.974783589624029334e-01
2.004376795806194878e+01 8.784420003063161175e+00 1.986351243453857762e+01
1.516484784687105147e+01 8.764241447698278620e+00 1.079363210163784714e+01
2.438894368785529565e+00 -4.014025598233868841e+00 -3.673646900641814206e+00
6.293939948022803321e+00 3.881575432734277076e+00 -1.706857145215778004e+01
4.864826900576319169e+00 -7.532837175486606363e-01 -1.745888344516828283e+01
-1.273038199298448703e+01 9.176667904066816206e+00 -1.118149646997457936e+01
1.894404517484162609e+00 -7.119208014077860192e+00 -1.546959178207011121e+01
-1.419321213483986455e+01 -2.371620059852741846e+01 -1.187714925905646091e+01
-1.279050415145166208e-01 1.021693223554550833e+00 -7.344149382501932166e+00
5.781055049727539696e+00 1.141868625833226503e+01 4.324066856117818602e+00
-3.849077757909261432e+00 -3.526237288598621689e+01 4.754861118757179206e+00
2.254705131116085060e+00 8.039731368570675940e+00 4.176459569915814130e-01
1.983442084154599527e+01 -1.910524041438193876e+01 3.539195916926289698e+01
-6.098488705053378034e+00 -1.370796611372147922e+01 3.439973163803655609e+01
-4.459278548512359386e+00 -3.399062584457136271e+00 3.952442855192755289e+00
6.266911496994830522e+00 -1.785514418015119631e+01 9.179414769957846332e+00
-6.308095785905844188e+00 -9.885385388895882031e+00 9.749740493111634265e+00
1.077654691194308079e+01 3.791353047122010822e-01 -2.434542536182890071e+00
-3.997763270436195171e+01 1.542446649058045161e+01 -2.590130382069801840e+00
3.082710662015796022e+00 -2.091560016035816982e+00 -2.231601818410896332e+00
3.562086804032770893e+00 -1.743271368737079641e+01 -2.560918108958566819e+01
-3.921286614219012367e+00 5.163524398854057118e+00 6.459062916081108607e-01
2.129528062517894327e+01 5.119093078106157213e-01 -1.218801157210860175e+01
-2.968167104032498571e+01 1.861137801590847829e+01 1.183972283492967819e+02
1.142868792846388715e+01 1.673360281779734393e+01 7.973797634933514011e+00
-4.695649263798947537e+00 -8.337179613019999991e+00 1.054485329040241304e+01
1.556062745122101099e+01 -9.926016022465550259e-01 -1.890233067443749970e+00
7.109489902713950649e+00 1.121002082719851023e+00 2.966511129141839120e+01
7.728041847388514185e+00 2.374301958535443546e+01 1.206382064124706943e+01
-8.742375694827297039e+00 -1.184498777760567201e+01 -9.122329243924445663e+00
8.103569247696919220e+00 3.601069069453727511e+00 -9.320622842442700673e+00
-1.082371852490664388e+01 2.098629591329101984e+01 1.420800417439273744e+01
-4.618167168518286125e+00 5.722905423619935483e+00 4.779025670920839630e+00
-8.185220006941996695e-01 -4.631002183712484843e+00 -1.834404264336120916e+00
-1.205004205544582696e+01 7.770003389481222378e+00 -2.031903706972573609e+00
1.009790364025730014e+01 1.486661123266356022e+00 -1.170911914241501073e+01
3.168973516215911701e+01 3.930193423543752829e+01 3.722073899794093421e+01
-1.660245704529808020e+00 -1.318006289373160334e+00 -2.650909061482641160e+00
1.060248408035380230e+01 4.227671502384762192e+00 1.229735419526593532e+01
4.744025059814012124e+00 -3.777612998749468876e+00 -3.215774571849144614e+00
2.482479114094306105e+00 3.944438088664726116e+00 -6.586193515029827861e-01
1.391314847009357814e-01 7.176521684035623849e-01 -1.110192826322507376e+00
-2.858601511918694715e+00 -1.409284323553959384e+00 5.736572760116868785e+00
1.032678237093236362e+00 1.056962605849770809e-01 6.673597152992267745e+00
3.603094026164155395e+01 -1.610184652470331912e+01 -4.210097980997962708e+01
-1.079069061962200093e+00 9.273256843446755937e+00 2.017672351859865643e+01
-1.351066806145417765e+01 6.455244251244360854e+00 2.345629263328531611e+00
2.152950273347355559e+00 -5.721833974844574122e+00 7.368987577818707502e-01
7.887317741794107606e-01 3.981120868181723171e+00 -4.995455039162775890e+00
1.652726792651678211e+00 -1.387676611910917956e-02 5.069020881013662994e+00
3.762073920750713452e+00 -1.321231243297817493e+01 8.216526886230834492e+00
9.143880073920980678e+00 7.242395344762935672e+00 -1.516538748710163098e+01
-7.981752950397987156e+00 -1.230177105182668562e+01 -5.699305160907547574e+00
3.271673996204391699e+00 -7.635248968529907643e+00 6.218334455773963931e+00
5.652847172945273613e+00 8.301805182003969108e+00 -2.279532315406282095e+00
1.565760647629434565e+01 -2.899068288245845793e+01 1.493242741985071342e+00
7.307773073624924010e+00 -1.961813770745010066e+00 -9.262024297869816181e+00
8.668950441088988157e+00 6.234964476858800175e+00 -3.766198321443438690e+00
-9.900096049031356316e+00 -9.718560263872108251e+00 3.825912988856416508e+00
1.429271571478470371e+01 3.589904649948786641e+01 1.024930101235341517e+01
-1.859110095684070885e+01 -1.104855246456846984e+01 -5.451734186865872189e+00
6.331805555306819322e+00 -4.055184422882120998e+00 2.941222282484312611e+00
1.422865620997497693e+00 -1.793935956164536494e+00 -4.676014494230760654e+00
-7.747869722782304569e-01 8.390048314957111453e-01 -6.638190270710077279e+00
-1.136139129736480591e+01 1.762454742237768812e+01 3.585405772291925697e+00
-5.799742383594137962e+00 -1.094102417699836405e+00 -6.732162634528277012e-01
-2.810346116527457028e+00 7.419593171718298130e+00 4.105228144215351982e+00
-4.405042599993226560e+00 -1.304953735153625161e+01 -1.443799228164682802e+01
-6.673297601546994695e-01 1.539832878367474933e+01 2.335455052242602747e+00
4.103013195095913113e-01 2.932180401330239494e+00 2.318000736070450873e+00
2.754337050872808277e+02 1.898396780314169234e+02 4.958065833377840903e+01
-2.027351751375131172e+01 -2.004019551334836180e+01 -1.597959343075168448e+01
5.396007142876845464e+00 -1.987312826451296033e+00 7.216556142089967985e+00
-3.024347906818658505e+00 1.675243701076429281e-01 -6.734637901851343145e+00
-7.342477919303003198e+00 -1.762619154872552940e+01 8.658799893738448716e+00
5.098681780437228639e+01 -4.203828088901362037e+01 3.310350495478146371e+01
-1.127798315703942400e+01 -6.355392522850138448e+00 -1.672043715916028006e+01
-6.164375759484435058e+00 -4.911407826304054147e+00 -5.141941794281903455e+00
-5.347092448303010670e+00 1.811653991266936270e+00 1.011474419162873062e+00
-1.246624643769632890e+01 -6.242894924528514800e+00 -1.970492981160143842e+01
-7.842823480472738140e+00 9.200409313879040596e+00 -1.374893809346817264e+00
-3.555271020841671348e+00 -2.164634844139791170e+01 1.007720733555805737e+01
1.871987479269685339e+00 -9.068696300776945662e+00 8.792387474595187769e+00
4.712986574579082877e+00 -1.638285417473855698e+00 3.390556578548462152e+00
1.525711945842902040e+00 -1.384169448223141607e+01 -9.366630080179771056e+00
2.548478217946854585e-01 -4.218557979023585425e+00 -5.123938839024424929e+00
4.194846405212989993e+01 2.527136081380420674e+00 3.966072994053044454e+01
1.957356441882345877e+01 1.100698488703009659e+01 2.617290541552601724e+01
6.544093916623353380e+00 1.311390874451956812e+01 1.176491104158290391e+00
6.611815516518265712e-01 8.971233354996973830e+00 -5.852031255207307936e+00
-1.006834802201127310e+01 -1.715529052505611496e+00 3.559117179944005560e+00
3.042536411227358517e+00 1.848738420633301294e+00 1.466758389518596495e+01
-4.492352101703750433e-02 3.310835500540157028e+01 2.410166295693494476e+01
-4.163660854583306481e+00 1.414368226533449402e+01 -5.549716739699705137e+00
3.428914509990524384e-01 3.380751854984528126e+00 -3.220869627909818789e+00
2.093451848792897962e+01 2.549157574651640612e+00 -9.770217671098203382e+00
4.812173222674920758e+00 4.823866673496974400e+00 -3.572951869428732774e+00
2.289505499477487760e+01 -9.089813252573522462e+00 -1.283662038878108014e+01
-5.488424526686987548e+00 8.088959640767126036e-01 1.745920153923143658e+01
2.006607728378463573e+00 4.042110375760784358e+00 -8.878653904317213019e+00
-2.617615267789639333e+01 7.943841529485760056e+00 1.127076133142204384e+01
-9.812453572837086524e-01 1.212528165201408187e-01 -7.256099653796797888e+00
7.252750127161479377e+00 -4.213069235201337470e+00 -1.247020511874823018e-01
-5.163880457349084629e+00 8.387234360007621348e+00 -5.111822841292857911e-01
-4.034639085489954091e+00 -1.196133707248693501e+00 4.559388002394771711e+00
6.818017115682036611e+00 1.651602904367751634e+01 4.144525551420971787e+00
-3.851219238495401598e+00 9.986596682861524243e+00 -7.625039140506345348e+00
-6.517057696866662475e+00 5.801015274949148370e+00 6.584252815030646744e+00
-2.426899753645023416e+00 1.515346396221419667e+01 7.603855913194753624e-01
-9.216417662572160552e+00 -4.079715935105153513e+00 -3.273391259459252911e+00
1.886518036417027755e+00 4.695743856829120233e+01 -1.938886939526674169e+01
2.122140718854528707e+00 -7.809752874675060852e+00 -7.266107033121288694e+00
4.439867728826551563e+00 -3.183904762180391756e+00 1.926447731531955254e+00
3.876897474176280056e+00 5.989274537153767675e+00 6.802135504668024524e+00
-1.819985885760556954e+01 -8.969926829916010647e+00 1.183431213885514921e-01
-1.323572355271270240e+01 -1.289595800603186904e+00 1.077150771809518481e+01
-6.805495250691682152e+00 2.145217462708139955e+00 -2.748002872619837333e+00
5.256754302104981491e+01 -4.819528248261579506e+01 3.130398314945039218e+01
-2.656851729669233464e+01 6.369100883935465696e+00 -2.398630043315281846e+00
1.219517849250611574e+00 -3.882339342664430593e+00 -1.511448867889930991e-01
3.247634508390536467e+00 -3.787242935572493252e+00 -3.749806244399854105e+00
1.029980484434034693e+01 -5.132156157576758249e-01 -1.416423908194861747e+00
-3.006039120762289230e+01 -7.110147558333141937e+00 3.739409459742741859e+00
1.458888188880763082e+01 -1.325529521363657182e+01 -3.990120205736945369e+00
-1.442633149465047504e+00 -5.145040037318759474e+00 9.083700243747903080e-01
2.567846178280051461e+00 -7.402241376629253189e+00 -6.491537623577400495e+00
3.342808202408529894e+01 1.881050220246060434e+01 3.186766041973884356e+01
-6.679689192729616920e+00 1.041634570798168902e+01 2.198068833449312809e+00
8.159431561000703326e+00 1.270450954173600877e+01 8.529117074560710776e+00
9.795945013192554285e+00 1.610841994459185911e-01 -1.017807193637653285e+01
4.438749355923911111e+01 1.116374907212249497e+02 -1.244669310664754569e+01
-2.554076996872488792e+00 -2.272751970497776774e+00 3.077229244377868156e+00
-1.176635641877122040e+01 7.095957102116173587e+00 1.094641353369049419e+01
6.848039977538510570e+00 7.905839351348059596e-01 3.839030204454819017e+00
1.070538809035323879e+01 4.630669871859151243e+00 1.892729998605571673e+00
-1.292341861721649554e+00 -3.616514768840706218e+00 -1.490757700607336211e+01
8.300830133245916898e+00 -3.835956498176651408e-01 -7.800303913229573727e-01
2.111874279659431863e+01 -9.557168828768279667e+00 -6.690070617346183246e-01
-7.629378228104350956e-01 1.052552903308091814e+01 -6.567538813140908260e+00
8.215165957058140123e+00 -2.666171435313231797e+01 -1.717567149948703431e+01
2.174397641472726850e+00 -2.106235214836521763e+00 9.610867087364606265e-01
-1.615501843042091545e+00 7.864625674646270603e-01 -4.861835727731057766e+00
-3.398461669483491221e+01 3.221327999346613780e+01 -2.145449254030816277e+01
5.022225486901903402e+00 2.979119125031089776e+00 4.405453522739516181e+00
-1.785920464529553797e+01 -8.849854058582170779e+00 -1.036026410609262527e+01
-1.409155748724993273e+01 4.268774902163016804e+00 -5.637899183999730557e-01
4.544911798643874512e+00 -4.581219679247235277e+00 2.911640142093118833e+00
-1.756115392494885086e+01 1.099356419188279688e+01 4.149627524832521175e+00
-6.581617409648245598e+00 4.302467478070513884e+00 5.711563334201462894e+00
3.078263260334916751e+01 -4.302137301447324091e+01 7.642073113948844920e+00
1.934507067925196822e+01 -5.481920630775399594e+00 6.187181399891169553e-01
4.124324952815631917e+01 1.107473010088976295e+01 -3.594127118368971363e+00
-2.794658197383928400e+00 -2.842788084247808822e+00 2.323068539982978464e+00
-6.339428833013924347e+00 -1.599297684374445971e+01 1.301755092451424645e+01
1.081469614436036508e+01 -1.372655113302199226e+01 1.556806247191202885e+01
-8.915639753295128145e+00 2.747263762810045140e+00 6.446523897469364606e+00
-9.086469091026971512e+01 8.092288185153826419e+01 6.450342471418021084e+00
-8.636104562126057260e+00 -1.766997102636769768e+01 2.763718250306866686e+00
7.255469358382780953e+00 9.345220618004947966e+00 -1.215040585434630449e+00
-6.510275684365817161e-01 -1.194166919921024395e+01 -1.546983208179839808e+00
6.904543920270855839e-01 2.974840199857603285e+00 -1.870308595551638975e+00
-4.694327675707988590e+00 1.324794670374294547e+00 8.998535541889008726e+00
-2.282159365594964573e+00 -1.219355232316148729e+01 -9.255140664442555121e+00
-9.053644785490032376e+00 2.136620464957192045e+00 -1.314669672865337091e+01
7.247486426907450152e+00 -2.372302908099165997e+00 8.073813377598922258e+00
1.460777702437579251e+02 4.323753155358198796e+01 4.668851010011714919e+01
3.086283893509419674e+00 9.018955525383616223e-01 -5.786327724420642582e+00
1.668570182457527418e+00 -1.755604332863161332e+01 -7.161967154200726604e+00
2.211234975001322489e+00 8.214279150020573184e+00 -4.574088981605333171e-01
-3.757373423934574075e-01 -9.996037627902042422e-01 -6.650732345519558386e+00
6.663429008636505557e+00 -1.416351903413996638e+01 4.562152599858727342e+00
-3.246356399113862423e+00 7.904026848230467639e-01 -2.123808592100955295e-01
8.739586067580781048e+00 1.068978268505082951e+01 3.290816130599109268e+00
1.528668767571146891e-01 -7.624837685714439317e+00 7.060665001158112020e+00
-1.168275640182370978e+01 -1.710058107702938868e+00 -6.910835572842222163e+00
-1.270169887306594081e+00 3.777626267555805217e+00 -2.643431737434087658e+00
-7.180318479373276830e+00 -3.608971991928917156e+00 -4.805459862362920553e+00
2.855022701253659090e+00 2.807719799722836473e+00 4.566215948256983737e+00
1.571294311000976274e+00 1.276816635450929738e+01 -1.090873709732966601e+00
-3.894855918046248089e+00 -3.445758165602599288e-01 6.629295704563642921e+00
-8.305848536375485480e+00 -4.454223200572512198e+00 8.526428945235288381e+00
1.675767772084923024e+01 -1.380088457893282161e+01 -3.546903011552524276e+01
8.751844162269671656e+00 1.012521366786039145e+01 -4.058907313479224399e+00
-3.523859770464794394e+01 1.706156016331220471e+01 -1.098543306590426560e+01
-9.573740965130157932e+00 2.225056989885666692e+00 -2.029017297691310340e+00
1.580696165999770741e+01 8.352960818807765975e+00 -2.900316073821303409e+00
-3.187490297397145511e+00 1.114278104481809706e+01 -5.073675071799390146e+00
1.093920077299146065e+01 8.881722531416007982e+00 -7.885734297653718139e-02
1.279496280928682417e+01 8.464148278550180038e+00 1.798621143535855227e+00
-5.582271822339069267e+00 2.566274799409830276e+00 -4.870169263963671114e+00
5.086328609870351158e+01 -3.153410214279015911e+00 1.476068980736863345e+01
1.388597929202372150e+01 1.553197715214594155e+01 -1.402746494616665096e+01
2.261060785463045164e+01 -7.717260770789239110e+00 1.052057402354583893e+01
2.145904602410012529e+01 5.135582885839678369e+00 5.002509224368430374e+00
-1.147751759679524142e+01 5.897578912100013504e+00 7.178069028784755723e+00
-1.504195264065727855e+01 7.956445703599295705e+00 1.510593580394816904e+01
-1.060787135529583125e+01 -9.598046889500958301e+00 -4.483081876767569085e+00
1.851508536717594566e+01 2.502013797933349437e+01 2.596102501036094523e+01
5.082377879522793407e+00 4.596591345960084674e+00 1.684344245781701055e+00
2.790931632641466820e+01 -4.452673172066882046e+01 -1.355671871377043836e+01
4.125749207793172335e-01 -3.415435456584323681e+00 5.111743993786350693e+00
-6.398330489219620887e+00 -1.944646356980098645e+01 -1.564293995475470656e+00
-7.566218932020302823e+00 7.591290520097648375e+00 9.807274329549697356e+00
-1.528179409692217217e+00 -2.180075785557938417e+01 2.128999390745904563e+01
-3.409348591154332642e+00 4.763844766042064194e+00 -2.271190188502999252e+00
-4.352520618029720012e+00 6.708243988521297441e-01 2.816675498192231508e+00
1.582755818654748659e+01 -7.340424817906089139e+00 -1.196649781706866644e+00
-9.972395812258691095e+00 -1.220989116162947141e+01 -1.196958484508239806e+01
1.617747375123310860e+01 -8.700589640318789009e+00 -8.735036179756363595e+00
-1.127889046292727571e+00 9.248536278027566837e+00 2.802424955115723204e+00
1.668615670644544835e+01 2.821924814429251072e+01 -5.670364406553299874e-01
-8.468334376218592752e+00 -1.238348032528582543e+01 4.799031656230530274e+01
-8.826037522140676828e+00 5.855518740453612203e+00 1.214945962697048820e+01
-2.133233036028346064e+01 -1.672761481936949934e+01 -3.211580183174279313e+01
1.447283991206453013e+00 -9.399966711300995925e+00 4.037862183262345361e+00
-2.049242727669542319e+01 -5.910752459106576140e+01 1.898887738205072395e+01
4.583019585529398476e+00 -1.140566038538877969e+01 4.056253880547042279e+00
-3.532593608455498302e+00 -2.321136862116357236e+01 -2.552613064890682182e+00
-9.740282653857265771e+00 -1.257783184243531238e+01 -5.534544315774694745e+00
-6.339958676702820428e-01 2.761624951079590673e+01 -1.532502017825436802e+01
-6.910953355943315835e+00 -6.913144518379193970e-01 7.280049238844368276e+00
2.074868761389850214e+00 4.134683106639366557e+00 8.802174017619055491e+00
-2.478459164611578558e+01 -2.808449287731830069e+01 -7.580168584163539114e-01
-5.777785628488030767e+01 6.552031625135302306e+01 6.365151928604677600e-01
-1.218949277243892659e+01 -4.298999591424640165e+00 7.990682282746864651e+00
7.119105326824175961e+00 4.119141755031328955e+00 2.388244055003949651e+00
-6.592236136966282345e+01 3.627004395746440224e+01 2.438411807418455624e+01
3.493259889147707753e+01 3.234379056152543086e+01 3.207752626512542804e+01
9.837365149467716563e+00 -3.119500376907524131e-01 -6.212691580311968664e+00
-1.187266645903420681e+00 -8.777677300870706745e+00 -2.531404899239233330e+01
-4.827147945098990256e+00 -7.048598711758378599e+00 2.590840201167999624e+01
-1.182892858745102416e+01 1.320852994444640949e+01 -1.282503062542282102e+01
3.598652768671363855e+00 3.102190380352009669e+00 2.629721920673129709e+00
7.628644729451725226e+00 1.025943573478570947e+01 4.310452149376110320e+00
-1.514342931748837273e+01 2.527222877459107053e+01 1.188240081407390569e+01
-3.927003450265839746e+00 2.048924292611838993e+01 1.208375449278986835e+01
4.001570098323158930e+01 1.076926939647198544e+01 -9.927980921279637272e+00
-1.349909376851326748e+01 1.286067300095827370e+01 -1.663621607818691572e+01
8.861374812638322940e-01 -4.297914151816957684e+00 1.399234645109463382e-01
-7.890952906082683960e+00 3.650963601204633147e+00 5.180434344590124640e-01
1.659553796175863738e+00 3.765177289229225899e+00 8.031762581887515184e-03
-1.354260936594336329e+00 2.341194336647680885e+01 -2.390630775935721175e+01
7.519437550722255281e+00 -1.988499812327838123e+00 -1.298589201746057631e+00
1.034367235875066848e+00 -1.174961383078975796e+00 7.379792916989343088e-02
-1.376955288272328493e-01 4.598605548991411496e+00 -3.694366077119776381e+00
6.818041951085949570e+00 2.968312390669610945e+00 6.939077520447328951e+00
3.226851543563600710e+00 -2.658367241241088141e+00 5.277252258444625532e+00
-1.496700335018824113e+01 -2.131283855140764061e+01 4.230110701996425249e+00
-1.181053494296063811e+01 -4.432517256320542387e+00 6.957595788112559632e+00
-2.400218742119970550e+00 4.083294634837855597e+00 1.509188836555634960e+00
1.549226552695000425e+00 2.325309308438749500e+00 -3.814336174455940753e+00
5.050793581613580052e+00 2.626983367140160563e+00 4.471728145040666291e+00
8.787534462340182984e+00 1.364634750041754074e+01 -1.396499471576437834e+01
1.007037552030627392e+00 5.698427991368365753e+00 -5.286527588520512744e+00
3.602044627190968740e+00 9.239698355395943308e-01 -3.163163992254365731e+00
-4.786316703982361531e+00 4.041413627442514311e+00 -7.397304993136636142e+00
9.802303794856122465e+00 -4.687638085777735775e+00 9.544987285216285144e+00
-5.860010383381013988e+00 -3.138641347847477281e-01 -1.890697692150157261e+00
2.436194116515138841e+00 1.949276770854165175e+00 -1.051631633872528226e+01
8.143295559735935996e+00 -3.188645124875439496e+00 9.917225509065480393e-01
-8.457393543409812864e+00 -5.012305224875951204e+00 1.544508090583940785e+01
-7.720177839121499908e+00 1.283369250936129191e+01 3.617378658686031478e+00
-4.227614738171826758e+00 6.259043361286875218e+00 -1.156708232848808571e+01
-9.937991428253710069e+00 -4.111077326744427829e+00 -1.642859441706346857e+01
2.862786659794466004e+01 -3.103399110872459232e+01 -4.234598307317964050e+00
-3.623125473435686583e+00 1.896234533956886015e+00 4.003751000352305134e+00
-8.680472674419736911e-01 8.824701137270956508e+00 -6.192626007534539845e+00
-1.646207815667947716e-01 3.319488288401845288e+00 1.302717466854832251e+00
-1.198722670376943533e+01 2.403144082479078403e+00 -1.579674830944125752e+01
3.827244277030131592e+00 4.394449473146819329e+00 8.779658028541410530e-01
-1.699532511182717309e+00 -4.763233679018876732e-01 3.336532498683945636e-01
1.159073485642470658e+01 8.768847105088264371e+00 1.460982452283862143e+00
9.800699656999361409e+00 5.197233736222986344e+00 -8.584699664476511671e+00
1.897457857185006347e+01 -2.311683555897911901e+01 2.850398887056876518e+01
1.244055628223080134e+00 -2.612610383171647399e-01 -1.548212005067140318e+01
-1.106879617148919515e+01 1.600232351963047250e+01 -9.176916408929896463e+00
-2.911054016664663635e+01 -3.909284678337360219e+01 -9.133764311051185913e+00
-6.177848158434570358e+00 -8.860367334009432438e-01 7.079579128644413188e+00
2.966469293855438494e+01 1.452535616435898724e+01 3.345373528016381215e+01
-1.937342494429644546e+01 1.907942524605146772e+01 4.060550388747120820e+00
7.177419425366617090e-02 1.199702981536912461e+01 -3.098628880850561540e+00
-1.297627310618164609e+00 -7.762226015079056296e+00 4.029730918186652744e+00
-9.577632032077469049e+00 -2.726643379313768101e+00 1.828831350664434696e+00
-1.720270482719561045e+01 -7.370781841183838168e+00 -2.056754974450220885e+01
8.107954496151806723e+01 -2.445739205404538552e+01 6.205260595203652230e+01
-1.239874388058075461e+01 -1.211777251166350045e+00 2.353352333330894552e+00
-2.996712131464349671e+00 -1.036237103040852858e+01 1.190868425520162432e+01
-7.176227833511540588e+00 -5.086236502964435857e+00 4.008645981373565093e+00
-2.499220641893733941e+00 5.994249847916350404e+00 5.710342167340276553e+00
7.975385519977270299e+00 -1.654043606462995797e+01 -4.364826415311795493e+00
-3.453886926303583493e+01 -3.196346822724430048e+00 -5.116635617669102132e+00
-1.246286600554084067e+01 2.079894031724968340e+00 2.065618061673730210e+01
1.154642516278832431e+01 -1.078143546756908222e+01 -8.098616362454638562e+00
1.680500060442323473e+00 1.882570938172346331e+01 1.160002075100206120e+01
4.543514989062935605e+00 -2.299003104634797978e+01 -4.026105763959773931e+00
-2.889013623394447450e+00 5.611854472129556015e+00 -7.988737121549672970e+00
-1.664957925294403118e+00 -6.028162579367959850e+00 5.355367203790947217e-01
-1.812345398455115486e+01 7.675928168852112599e+00 -6.980262113918782596e+00
1.300974202797373636e+00 6.751057984705814974e+00 -9.214336455742655474e+00
-2.008540427520957294e+00 -3.499641965569453839e-01 3.626197410529675480e+00
3.244160968141609480e+00 -2.536760815732880925e+00 -4.014086517261485021e+00
-6.176981680935117680e+00 -1.006940480591601705e+01 -2.716150126406249043e+01
5.520149703628165483e-01 -2.132959873873221390e+00 1.482164959020146888e+01
-7.798183158893267297e+00 1.026634968597632813e+01 1.726883296922912336e+01
-1.246848709270767586e+01 1.382041993973211147e+00 -1.651368571858163037e+01
3.177944590662006075e+00 4.725642388418935802e+00 -5.400307597657280079e-01
1.301390532430974289e+01 -1.395559411252891380e+01 8.092787504883534666e+01
1.240356727196035358e+01 -4.344568283813866394e+00 -6.744154351861170404e+00
1.028436098215688688e+01 1.665451429816117601e+00 -4.276807685753420074e+00
4.834031923243906448e+01 -2.929779851063979201e+00 -3.737201043201613615e+00
-4.622318392504179307e+00 2.425046933702202523e+01 7.517559157743990639e+00
-1.480789737693438024e+00 -3.416288313805771804e+00 3.725488919339955629e+00
-1.383823766786837695e+01 5.563849302853475898e+00 -2.480974684694426102e+01
1.239031991351164486e+00 1.300952207640097447e+00 -1.717573202775382502e+00
5.927808262866367528e+00 -3.230402366701331296e+00 -6.590734209551404099e+00
4.205063161354886114e-01 -4.858485194436418908e+00 -1.331050192941658272e+00
-1.137450606453821900e+00 2.604362229976446841e-01 6.179575318594171307e+00
6.551295289817989698e+00 -1.082217366754677457e+01 -2.931477272385937027e+00
8.207284372203465850e+00 1.427768101354872954e+01 -1.348575372353254309e+01
-5.847733168623185485e+00 3.827620838024633709e+00 -4.459513345342439039e-01
-4.071964229319286588e+00 8.785378470997372347e+00 -3.070361532469717325e+00
-1.157888092530166624e+01 5.455675963141540308e+01 -2.551555767590080492e+01
1.925827883664984919e+00 -5.601876707299307867e+00 -6.512369188776713003e+00
-2.886373579682748058e+01 6.222932601131793007e+01 1.694887949988643427e+01
-2.299143560985186241e+00 2.231498881292563574e+00 -1.307884336054122798e+01
7.269775227884631708e-01 6.458651716223867467e+00 -4.718735050836099232e-01
3.913789635404468559e+00 9.611628554052999984e-01 4.502201758593380454e+00
2.415451636019542381e+00 2.597704878632720593e+00 -4.658640643311338536e+00
-2.590941994721394526e+00 -3.918023652699078596e+00 -6.274361230864661465e+00
1.103826389563346844e+01 1.507911178441156075e+01 -6.058104171101180491e+00
-1.048445827602597358e-01 1.276138788659680223e+00 3.628841007830963417e+00
1.866032127535862006e+00 2.715710194328221139e+00 9.663793877344856176e-01
2.961229911662979664e+00 -8.226131064494431655e+00 -1.785593690003753053e+01
-3.266312136058143079e+00 3.599999818287327624e+00 -2.158856391070735903e+00
7.131616659784747903e+00 9.422392780157700543e+00 2.735169697185780624e+00
-2.773898496000528180e+00 -9.888869557649794473e+00 -4.800447740735384627e+01
-8.988793784403549481e+00 2.991628046910416217e+01 -1.672469805711769553e+01
-1.338008610646112118e+01 2.398394788297804503e+00 -1.202535052176844488e+01
1.256478474302332948e+01 1.092912135139393648e+01 5.233662540721735645e+00
5.432786106839962992e-01 -1.164354907775926762e+01 -2.987354050593774346e+00
-4.631677433836627777e+00 -8.529996540024828988e+00 -1.535348528934378365e+01
-6.452196893911345654e+00 1.743268202844049819e+00 7.757632198030750104e+00
-2.957422026427029849e+01 1.055043710016887459e+01 -3.780230959858262185e+00
-1.432725199997923049e+01 -5.740633132646839165e+00 2.142586984571227759e+01
2.865407448162588366e+01 1.464978880215243784e+01 -1.847897149896347813e+01
3.838794715701249860e+00 -2.637875539891140431e+00 1.174598901962295905e+01
3.194430046920512800e-01 -2.927476150343405692e+01 -8.338224180316970990e-01
5.785983879309659628e+00 3.754691343265247117e+00 -4.049686316499330196e+00
1.269402527877055498e+01 6.487602048086544393e+00 6.354975743956789991e+00
1.342391073700053061e+00 3.338049583833116341e+00 4.420357164100381375e+00
3.944060622847214703e-01 -4.786765578022684764e+00 -5.613371511839975625e+00
6.562883640588264456e+00 2.853428178390007730e+01 -3.325407919674695023e+01
-6.834831792804942907e-01 -1.646185902311437355e+00 1.001035152009729856e+01
1.110279324727668993e+00 -6.324010189491405143e+00 -4.194403361349570147e+00
-9.491255674450252755e+00 -9.904056823517923269e-02 3.444872970872862705e+00
1.277743385477403137e+01 -1.225775004851004724e+01 1.093915080990747768e+01
-1.222026919964957006e-02 6.576722523675515575e+00 -3.318621860142797253e+00
2.339851341023953868e+00 -7.696344172411868634e+00 -3.390314719810840760e+00
-5.646418904204677069e+00 -1.747910791785177054e+01 -1.460605445213286169e+00
-2.773063723335196684e+01 -3.602003248143506653e+01 8.683630767692696040e+00
-2.213168111307193264e+00 2.347958466274347344e+00 3.378687951131016942e-01
1.591951892483721487e+00 -1.018488131496329885e+01 7.866759794643029657e+00
2.389461689355308849e+01 -2.040396541040360745e+01 1.360504253937091512e+01
-2.585043749290095949e+00 1.410212361000596992e+00 -9.609354860442351765e+00
1.917492581840079779e+01 -1.313335316315560064e+01 9.490577442170188505e+00
1.250078136965900644e+00 -4.167939813261721582e+00 3.233111095043547767e+00
3.962435235113804577e+00 2.451413620613527744e+00 2.843718961828646030e+00
-2.192837863769736551e+00 -1.646799348531719076e+01 8.657755618580427637e+00
9.976115110098159322e-01 5.106165327112389463e+00 2.118253677037245986e+00
-3.075251460913989376e+00 5.858610808367943790e+00 -2.425147559405198106e+00
7.477111678646001280e+01 -9.634484487152691656e+01 -5.377716934567683893e+01
-2.567091102634561040e+01 1.237220229757764223e+01 -1.367226980163211891e+01
1.665021760015027885e+00 -1.183903837284563032e+01 -9.519209129249077250e+00
6.517403658280057854e+00 1.039324241921378400e+00 1.895759899629318124e+00
3.124011391795140646e+00 -1.103256023541004360e+01 -7.707527750928052646e-01
-1.802501873002893973e+01 -6.723138127999874758e-01 -1.676689362892234314e+01
-1.904668866402932537e+00 -1.746761128363576221e+00 -4.732435773431930420e-02
-1.569298878782497830e+01 -2.396978310097888532e+00 -2.555384872996897982e+01
2.527499086571377163e+01 1.215578299122777928e+01 1.371818527448802882e+01
4.391111963563474063e+01 -5.506645083762515469e+01 1.095345355429569452e+02
-1.225748778809355066e+01 1.298528880074734637e+01 1.159854736456692681e+00
1.782137820314342846e+01 3.531046229042540396e+00 -2.797384582116625040e+01
-1.724068276651709297e+01 -1.731499972418286504e+01 -1.732914607412376995e+01
-4.284380401757995571e+01 1.018198789294169515e+00 -3.790149986049522823e+01
2.619830783441862376e+00 2.549323251546739666e+00 9.783403013963678063e+00
5.266866768051936099e+00 -6.321715392221538110e+00 8.969883187707194949e+00
-1.274409185719321602e+00 4.189285485898243677e-01 -1.437997530357010234e+01
1.300509777842710157e+01 -1.172256839582664467e+00 -8.056282215153427018e+00
2.691710325619302324e+01 -5.425126821180002423e+01 -1.791638247482081425e+01
-1.154373735439437709e+01 1.701049747570277759e+01 -1.046799415600252203e+01
-2.779510314981081009e+01 -9.358387347552600488e+00 1.285143489325478505e+01
9.049840616091120893e+00 -1.016371284126351249e+01 -4.294863399419406313e+00
-1.027342582805180484e+02 -3.823187895520729285e+01 4.109172619379173597e+01
-1.677890980059441262e+01 1.657245450091147276e+01 -1.700407526031900218e+01
-8.314679001162124550e+00 1.312984357543106029e+01 -1.198560629038063396e+01
2.749342601620660798e+00 -1.046893404497059255e+00 -1.252831044393550819e+01
1.182539131085855075e+02 8.065817443553983779e+00 2.273473651437893039e+01
-2.307324461005484828e+00 -6.620634273342772547e-01 1.382864767206553047e+00
-1.049185496747766422e+01 1.972881725093085947e+01 2.552674272883750373e+00
6.242300242525817389e+00 7.685483847384749545e+00 -1.750555664659821264e+00
6.874161970879421268e+00 -5.542358587812771908e+00 9.718085444786234817e+00
3.034035751251522139e+00 2.118025048065068916e-01 -8.209129404761466020e+00
1.042230209639570759e+01 2.164407004922994648e+00 -3.613357038343897898e+01
2.176238248512290863e+00 -1.010188257439242676e+00 -1.486862514332080609e+00
5.644190713403077098e+00 -1.657564323149627539e+00 2.782495159475141122e+01
-6.985637519828596709e+00 -1.359418447550491038e+01 -3.762702226287600205e+00
2.118337874885805938e+00 -1.858336402505388207e+01 -1.331122027114520101e+01
2.881848694262766131e+00 -5.277266773773277020e-01 9.610444299200654683e+00
1.437227251940184747e+00 -4.204245765748067853e+00 -1.132601547127591601e+01
-1.638400549044542842e+01 -1.802986318873641025e+00 -1.295725872677660762e-01
-3.954012696006557359e+00 9.106996808476962357e+00 -6.790982099178927811e+00
-4.957574467757521575e+01 -4.010745254929443782e+00 1.695470012453388264e+01
-1.053615657306700193e+01 -5.438037120984604122e+00 -8.192154388730430448e-01
8.556247729434185434e-01 -2.745323312707670826e+00 -1.122075690659363012e+01
-3.463958130522944767e+00 9.079410179373245127e-01 3.594332760032044494e+00
2.092131366422759342e+01 2.340790057128758406e+01 2.137807848877078598e+01
-1.754569307583117066e+01 -2.268568464899357373e+00 -3.096844407808339472e+00
-1.105136497926699990e+00 -4.890843522951767497e+00 -1.075234914942001074e+00
-6.112764388446686681e+00 -2.157498843041837588e+00 -3.164984269406899475e+00
3.750062056066099547e+00 9.057054646013554589e+00 -2.283032969862861528e+00
-2.040712704543279088e+01 6.006490213606305417e+00 1.443753552342126101e+00
1.686865092836132973e+01 9.411817469966644367e+00 1.771115779552209091e+01
1.116740263704525127e+01 -4.053276443177683541e-01 9.860265918137718799e+00
-5.528334487363913752e+00 4.113880748843040891e+00 -1.965074498111240686e+00
-1.068369345506770074e+01 6.263326134244953103e-01 1.667309295023526161e+01
4.510883696989642644e+00 2.511767169438368086e+00 -4.105115356591737985e+00
-5.364431772176165403e+00 -5.903072402649391037e+00 5.531372306848018283e+00
-8.898729027054432805e+00 -4.227191419052281240e+00 2.238953595780866834e+01
7.707267817069990201e+00 -2.310504067242319604e+00 2.985127786797972416e+00
-2.486305297210086515e-02 -1.487918831262914354e-01 -2.166647695342297286e+00
7.006932604067826809e+00 4.941870361289124602e+00 5.437283431204895656e+00
7.454541100145472221e+00 -3.419148648030187587e+00 9.126889975682527023e+00
4.330072605934355501e+00 -1.252832931990873355e+01 -4.356220053914948487e+00
1.176220112335471635e+00 4.693692941807234398e+00 8.086734730291822437e-01
-1.294950030682740305e+01 6.819285672514089569e+00 2.095254843917994592e+01
4.629711327785631658e-01 -1.024810825141586390e+00 -1.209471407037767143e+01
6.545489539450780825e+00 -2.492524636482399192e+00 1.000044373654800545e+01
-6.439062757280907823e-01 -3.636924871511185930e+00 -4.993831513195888583e+00
7.092249919151623061e+00 1.937899866575996555e+00 3.455352202871909473e+00
1.026548517465272248e+01 -2.603088167433909916e+00 -7.148082167870163373e-01
-2.235013512000707525e-01 -7.391009035576304065e+00 2.336604437467790785e+00
1.501408887822683980e+01 6.666505584446728960e+01 2.218852065643079641e+01
6.788804346923204669e+00 3.682199730068604016e+00 -1.757560073877673545e+00
-3.871252046358883092e+01 8.365727068700562086e+01 6.172658403317863929e+01
-7.659487631653697726e+00 5.409135977959298458e+00 6.090962579013005751e+00
-7.062809672429021468e+00 4.764257362357239067e+00 -9.899722094430996044e-02
-1.360876979656895358e+01 -4.922729882244535560e+00 8.605109868863003442e+00
-1.038747993170648698e+01 1.929588395811046020e+00 -5.536917412732166532e+00
-6.595605149919345322e+00 -1.007602221898405759e+01 -1.021707386188968947e+00
-7.481279562975850617e+00 9.451237369513529885e+00 -1.179353452621711984e+00
4.496377493714227569e+00 4.032827049318739032e-01 1.388465088960296967e+00
1.353486384847411683e+00 -2.211407126705679183e+00 -3.038698213095566425e-01
2.757598411333714239e+01 8.816136679854633229e+00 -2.818670467797765511e+01
6.040802392347090155e+00 1.151881066364892625e+00 -7.379925484801153068e+00
7.462208899289876740e+00 -3.406622782784512360e+00 -4.482793395174803130e+00
4.172890545796743567e+00 1.337327298064655956e+01 1.448663795518701214e+01
-8.190144580123321916e+00 2.650382823250234665e+00 7.745157757455042535e+00
-1.516020768545477537e+01 -3.267854394587559774e+00 -1.777389164915272346e+01
9.907160113561198855e+00 -1.831334362454511977e+00 2.101711512091919332e+01
3.199399074056588788e+01 7.525476381997585840e+00 -1.595495073487541404e+01
-2.267687405356603458e-01 7.231527397016082936e+00 -2.658522924518459263e+01
3.898465775954315760e+00 2.858738732227587676e+00 4.077615467245065517e+00
-2.617061171491653404e+00 2.391427029469087862e-01 -1.693848103952381123e+01
6.316033734368026842e+00 -2.058937567572768579e+00 -1.597168015160609578e+00
6.236551525929393547e-01 2.338530199647453678e+00 -5.267188720245438383e+00
2.319137846185793883e+00 -7.247273558593448683e+00 5.171097848878480363e+01
-2.534980886410596668e+01 4.923717000664323251e+01 -7.798335847830415446e+01
9.179571624407238062e+01 -9.627462813309323408e+00 1.542796796524533720e+00
-1.217316684526406689e+01 -1.011227316803335885e+00 -1.332830910729840035e+01
2.952079373501100834e-01 -7.675984631613421705e+00 9.408049004248654867e+00
4.409667727391528125e+00 -6.874356908869205363e+00 3.911434771860367032e+00
-8.521807367602900030e+00 -1.071178348705903538e+01 -6.445120295048025305e+00
-1.113579569549507375e-01 8.588095250888265753e+00 2.425218700655137116e+00
7.501725954074783154e+00 -9.984589668487039660e+00 1.953746494016191093e+01
3.933728004231488740e+01 -1.662940858540599720e+01 -7.898514025635737790e-01
-7.927197544207123414e+00 -2.464039816025324736e+00 2.055539544002470631e+00
1.566396764199666158e+01 -1.560287994591679528e+01 1.439950003419540536e+01
-3.278117559472958220e+01 -4.558356243835589083e+01 -1.016883455361140953e+01
2.587197948669564429e+00 4.796429502939185241e+00 -2.026577800070331836e+00
3.553376602204753265e+00 -5.849871087321985463e+00 -2.814696642858117492e+00
-4.478849772053730582e+00 1.482230342991928573e+01 -5.386790194565691969e+00
-5.421483892769933810e+00 1.057414660620080937e+00 1.621245727867611208e+01
9.984613291858156492e-01 -4.141929446298416195e+00 4.096607311844596033e+00
-4.474595490253134855e+00 7.205855058376779532e+00 -4.851784292575255231e-01
8.766071142700273100e+00 1.257859316869872846e+00 5.388797548908594859e-01
-5.585121467143130403e+00 -1.320058594086242998e+01 -4.511558172131048039e+00
-1.498160734284314799e+01 -3.061459790642210299e-01 -1.098350499078602738e+01
-1.957371727508463266e+01 -4.810957870984282181e+00 1.284140507236016759e+01
-3.212074802487030478e-01 -9.241993964667935657e+00 4.089917280596544025e+00
-9.850062524382552365e-02 4.726734092936786702e+00 -6.358345373256266697e-01
4.289300073192999108e+00 1.407183529521197229e+01 -1.025581108080844039e+01
1.801101439273699700e+00 9.596877427220178447e+00 9.467137940332554180e+00
2.054356041835273816e-01 -3.992240568890178753e+00 -1.884252594740253084e+00
-7.740264478338786169e+00 -1.803508849952125459e+00 -1.469829101654344328e+01
1.877654949526492345e+01 -3.849411936055875572e+01 -6.138292600503143071e+00
1.274370861113823361e+00 -5.250672289963064010e+00 -6.707741827954309066e+00
-1.868812576737705289e+00 4.668464197101535262e+00 -1.255357919912516174e+01
-4.434747533765999172e+00 9.765799874447168349e+00 1.479415451033551099e+00
-1.107638481718475676e+00 -5.537164995861834527e+00 8.439752323892012242e+00
-9.870309092738080992e-01 -2.914242793391573105e+00 -6.991872638244256422e+00
-2.816479220332134403e+01 4.647625473478111502e+01 7.882978351151055385e+00
9.919011247646949969e-02 -2.586851563092565698e+00 3.704310814921758510e+00
1.894380239974136293e+00 7.237897820058405429e+00 -1.189856523837416979e+01
-5.520566189142960489e+00 1.153415151463942045e+01 -9.538253571899879546e+00
6.737642085144623039e+00 2.063480830930616072e+00 1.166481230106129097e+01
5.627670374608633175e+00 -4.103268736829120300e+00 -7.986603523066778010e+00
-8.139678044796077927e+00 -1.066628332689568381e+01 3.980891203268940970e+00
3.674313489747788708e+00 -9.095641990918130304e+00 -1.017597755508680812e+01
-4.434180510708236156e+00 -1.809555930893436582e+01 2.656210629726885930e+00
-5.400702316078064058e+00 7.596086506013352668e+00 1.202145784296107145e+01
7.718798362204661601e+01 2.944679033389032696e+01 6.700718108806310624e+01
-8.803374637906363764e-01 -3.919356250225962679e+00 4.438160940857870607e+00
2.007437460161751019e+01 -1.390219200876145322e+01 9.729539770673043542e-01
1.944975801744368793e+00 -1.346701221963723105e+00 5.064299589519566602e+00
-6.397648950841625215e+00 -2.866725594577232528e+00 -2.960898445246030075e+00
-1.168118358276014668e+01 7.424626180532275299e+00 -6.309145962969899379e+00
8.639645491524486687e+00 1.534017863691759764e+01 1.139375996981802963e+01
-3.730949678460895758e+00 -4.675953552249933587e+00 7.161746547800222906e-01
-1.031273928224007719e+01 -1.132572246409829297e+01 7.864230331247816785e+00
-3.796966255647586053e+00 1.162064789141218135e+00 -4.880087576668446836e+00
-1.265299280746956256e+01 4.305438717276099503e+00 -1.054162164131367696e+01
1.368824623521085115e+01 1.624793598774155301e+00 7.261629234318855985e+00
2.694895743512762731e+00 -2.583411795810181033e+01 1.129848447444470061e+01
-2.701050462348887571e+00 -3.579252321536316561e+00 -1.021193969838383175e+01
3.926978478231442082e+00 5.538875152462047424e+00 -9.998662991557083046e+00
-1.169002503827400119e+01 7.016822516604810378e-01 -6.663478913050887797e+00
4.405386867929693473e+00 -1.003555683684526495e-01 -3.380172975889732534e-01
2.940250983475450042e+01 -1.558922829449526581e+01 -9.076267109739296401e+00
-1.532114385843534166e+01 1.122128709041026084e+01 6.741421568694494937e+00
1.685337936740259934e+01 -9.129171500642073056e+00 1.823472116306618318e+01
9.255708788623268291e+00 -6.725290133548207372e+00 5.335052205492877953e+00
-4.511511894655420463e+01 9.707171338146339679e+01 1.408169306416794164e+01
-1.009861386669361139e+01 -1.178627226452437116e+00 1.124509101367584085e+00
4.750882527547770628e+00 1.134412718568683687e+01 -3.735112678563384492e+01
-7.799820954920948068e+00 3.256474643850369777e+00 -4.403493876573142174e+00
2.416039404845725258e+01 -2.272504698118311950e+01 -7.860261029375499309e-01
-3.818392426930724781e+00 1.215706487115171264e-01 -7.159586963258711023e+00
-2.260023414010738563e+01 4.386137714104926033e+01 -3.852481539406772981e+01
-5.252076987576205624e+01 8.103110098249884174e+01 2.722904780461312413e+01
2.028605890175882109e+01 1.377337859413524157e+01 9.841934580877140348e+00
-2.592460544808896206e+00 -1.461238300830905779e+00 2.077198296253721654e+00
-6.766096697863489773e+00 -3.820370353418856446e+00 6.257958852580810749e+00
-1.388415941124635999e+01 1.124319767797889469e+01 2.350477982246939845e+01
7.192982918601265041e+00 6.680400962227162509e+00 -4.497743403204054746e-02
3.380054194545766277e-01 -4.518022801056310378e+00 3.379448642629706789e+00
5.648866890385689565e+00 -2.219510647256359093e+01 -4.572405595670704592e+00
4.436242646489154673e+00 1.013381448714736344e+01 -5.615264108190718417e+00
1.354782361604594065e+01 1.538528861074590459e+01 1.604438881178646881e+01
5.628101334910251552e+00 3.692140479601158543e+00 1.303301565862692613e+01
-1.434866628607193828e+00 6.146594170824249304e+00 -3.287239200998180788e+00
-4.452212205145460011e+00 -5.353455328344224995e+00 -1.613112839695652334e-01
-7.307819057663494711e+00 2.618214985059682931e+01 2.499574478932639821e+01
4.157981630878966883e-01 1.403983317307001100e+00 -1.916684273176499032e+00
1.288327883332833323e+01 1.014673737319854396e+01 5.806120764984059157e+00
4.476471008165742838e+00 9.841267544275686063e+00 -4.661142491535642307e+01
-5.778241591134193555e+00 -9.835907830650090222e-01 -1.769412835950182838e+00
4.188506677706052450e+00 -2.191135174429010846e+01 1.912660013831031591e+01
-9.644449344293855475e+00 1.671461131487923879e+01 -2.883992695125450645e+00
-1.005357962905968705e+01 2.285507058760930799e-01 1.110297266621261159e+01
-7.440655905693056127e+00 -5.487602614479616392e+00 2.867914493474844839e+00
-4.386217803967957352e+00 -1.316273656220820953e+01 -2.884117865338035713e+00
-4.512108876800513535e+00 6.974261912775272521e+00 8.474383117692929623e-01
-2.281136752575848803e+00 8.838630221825183320e-01 2.746967085606453196e+00
-2.960499274760544708e+01 1.600209515890703926e+01 7.580709884887419037e+00
3.760006648479433444e+00 1.129831493388856423e+01 1.127942127197811928e+01
1.750433308524378617e+01 9.169062961541131429e+00 -9.150424196867357196e+00
9.125450732318679314e+00 -1.050705410042014165e+01 2.575509513505452652e+00
-2.843697655618216968e-01 -1.003561744115901000e+01 4.111221984181216982e+00
-1.145725858800000729e+01 1.825133165492544007e-01 -1.907855752266960891e+01
-1.545060845494049317e+00 5.592824876229395947e+00 -1.540978019625524809e+01
-1.849497833977390426e-01 2.606100646075366623e+00 -1.570849686393372524e+00
-4.532947735020297131e+00 5.044943185496438831e-01 -1.754051358267778138e+00
-1.831316904080537933e+00 3.373510665950700371e+01 -1.060587906036048356e+00
-1.685790203036012613e+01 1.136044271366307257e+01 -3.960428562071622416e+00
1.252049672422411497e+00 -1.249574725479667858e+00 1.645160885892213543e+00
-5.611612633196466859e+00 -3.227901730089621424e+01 -4.249344578651922610e+00
6.538721205388450031e+00 5.276982647785090741e+00 -1.804465116719002182e+01
3.018025643728250440e+00 -2.381476432446692382e+00 3.477551807280075291e+00
1.806449015842778749e+01 4.136213410844097993e+00 2.338040953077945350e+00
5.412921203284399496e+01 -7.693254285553902605e+01 2.431331904700398994e+01
-4.824824570253246847e+00 4.483827747119327078e+00 -4.325848172599732422e+00
-8.644196725760879829e+00 7.278089153682814505e+00 1.758248615399432779e+00
2.219991603024454641e+00 -2.545992211889103740e-01 3.578300413582056638e+00
-1.062862441138608993e+01 -4.808473899088812509e+00 6.830897296716981870e+00
6.091367424004879183e+00 -9.946395773609653101e-01 -2.238339733245438445e+00
-5.417598079328770133e+00 -2.822418553048849699e+00 3.586904450695362456e+00
-1.353176830759258387e+01 -1.257234109316402559e+00 4.405308586988823549e+00
4.957568848507746040e+00 1.366156954391925638e+01 1.080107832388930333e+01
9.331074373243545494e+00 -2.809546080606709406e+00 -9.318301271062331415e-01
-2.718335894569892996e+00 8.371509873628335541e+00 -6.039519179490993928e+00
3.188207346506798157e+00 -8.289304675170807712e+00 1.088379863026975514e+01
2.975710655787354497e+01 -1.045661721947793410e+01 -5.298836018704528250e+00
9.603714817502801537e+00 -1.135749228231457266e+02 -2.218395751486344381e+00
-3.012290301218975674e+00 -8.061471578372824354e+00 -3.399593072051688036e+00
-1.962712337253647021e+01 9.273451057910474526e-01 8.854385806239333689e+00
1.061106739624531414e+01 2.799068414043457054e+01 -2.653789212010101295e+01
-4.093435815388650312e+00 1.684358234886291328e+01 8.699029566402188607e+00
-7.825696057476946521e+00 1.146962938426228718e+01 1.167079058046100570e+01
1.081165329387246521e+00 -1.272373792886898514e+01 8.736866446345988635e+00
-3.636593517726752989e+00 -1.786865720357113929e+01 -1.066446129835784618e+01
-1.232377965684966092e+01 -1.038619895079786559e+01 2.138057989012855931e+00
-1.387395304136611052e-01 -6.543710025997121704e+00 -5.360934789485922281e+00
-3.583642486197230248e+00 1.542705899995067220e+01 -1.710786118185194882e+00
-1.647570065690039387e+00 -1.102790376591020971e+00 -3.486372511127188822e+00
-8.906038680942707231e+00 -8.445525532826817283e+00 -7.269444672826163023e-01
-7.094170545353322588e+00 -7.282427166143269126e+00 -5.951652521589934963e+00
2.051460817158745176e+00 -2.323693985508781701e+00 -1.463898793972583601e+00
7.153152526798118416e+00 -3.181334103406597169e+00 4.213919522034209386e+00
-1.021525329402667914e+01 4.579820516233259475e+00 6.597430152248772828e+00
3.009849251683884397e+00 7.586166963848795852e+00 6.568405852928822064e+00
5.997626828886664541e+00 1.653979879032497768e+00 5.298754527248481949e+00
2.092129896559234226e+01 3.391835114899398462e+01 -3.615173225193029527e+00
-2.241970079182768139e+00 5.414793594038998847e+00 4.628180185056949725e+00
-9.298490665109071074e+00 -3.382862128807071933e+00 -2.081584604187582510e+00
1.513160076744677873e+01 -1.142717025223010907e+01 1.255502402520558336e+00
-9.421114298228195238e+00 -9.353102844654092252e+00 9.328773306590967707e+00
-1.482496506489114552e+01 2.563662780226800386e+00 1.073417577519566990e+01
-4.384079412919692054e+00 7.544139854357714725e+00 -4.305316892047695632e+00
-7.014409386025691084e+00 4.522606718342171206e+00 -9.589335956415543372e-01
-3.761333805356121385e+00 6.699406847639886031e+00 1.181329924212948335e+01
-8.270995455054110934e+00 3.534638275972134536e-01 3.763678732938736005e+00
9.550008713910974834e+00 -8.108724848536562391e+00 -1.245467332939720251e+01
5.181550641305738836e+00 -2.105944085041350000e+00 2.774784719606819827e+00
-1.537051667845978820e+01 -1.173473440530534440e+01 6.408371831287035247e-01
2.351678352801663152e+01 5.067661483421606050e+00 -2.645143967347505676e+00
6.066640412331862464e+00 2.803151664934438791e+00 -4.789392166187675492e+00
2.310252590287449337e+00 5.865955976849050124e+00 -4.570821009213557495e+00
-7.177294003606315975e+00 -4.707032024700651823e-02 -8.431699661534434176e-01
-9.893501831574706973e-01 -3.721844611279661041e+00 -2.364282973466092397e+00
-5.114415184702818529e+00 -1.000055859938252922e+01 4.056337982454542868e+01
-1.088928940613506313e+01 8.224860710737118552e+00 -4.824709366865468141e+00
-9.887369368140724868e-01 -1.296119060746059048e+01 -9.315703252577058890e+00
5.267768834158120583e+00 -2.137252749932285312e+00 1.300370668660944418e+01
4.332465866128684340e+00 -1.842600202362448147e+00 -2.051784278834547504e-01
-4.738936682646953891e+00 3.495637551669179000e-01 1.167043170088376414e+01
5.299416702951615932e+00 -2.392577272980010328e+00 -1.122849844455217827e+01
-3.427264016871549024e-01 3.053920638353007533e+00 5.366055144290890588e+00
9.978515446443164905e+00 -6.820560107810113237e+00 -1.831249044550439020e+00
-2.396135618103689424e+01 -3.179284592630291684e+01 -4.733963892052040734e+01
-6.761621670982929544e+00 -5.392413901779662844e+00 -2.833721241727395146e+00
7.291828576714058485e+00 1.827674313483169666e+00 -6.012208832070869313e+00
5.263269783691788550e-01 -4.509799721367013348e+00 -5.397312618651569416e+00
-1.150807310712835019e+01 -1.600797619441664921e+01 -1.368851188837044575e+01
-1.620942246805109344e+00 7.002001864715984070e+00 -1.071753459280351040e+00
-8.549521347775748126e+00 2.801130612031683675e+00 1.533687823841359332e+01
4.709511873843633012e+00 7.178394689942678930e+00 2.481367744619483506e+00
-1.359333737439723322e+01 9.021843030041715394e+00 -9.254738111843668902e-01
-7.350384724823343596e+00 4.451398513326338069e+00 -1.603437408620852045e+00
-2.099449137345333671e+00 4.006402624536688495e-01 3.548026740209485830e+00
3.369702685806270193e+00 5.772957976033977090e+00 -1.298808449214104099e+00
6.188138798918717320e+00 4.832842375953928515e-01 -2.936738233422174549e+00
4.920600206522244058e+00 2.767180317610353768e+00 -1.402418693447281761e+00
4.660774262279814728e+00 -1.129887038498205598e+01 -6.065544935359744372e+00
-6.738713578592268050e+00 -1.248179947974230375e+00 -1.161668417871063452e+00
7.583339083016514159e+00 -6.976279393503670434e+00 2.558103554157731097e+01
-1.349633081008130731e+00 5.338381629958687036e+00 -2.091292103330739227e+00
6.499301537271964690e+00 5.464496583216015280e-01 -1.413060214085878030e+01
5.877685957000930550e+00 4.424415507258140923e-01 -3.650670474104902308e+00
-1.474567982828506629e+01 -5.305150251665016192e+00 3.868633315151683849e+00
-2.192161071717968923e+00 1.640486062108707443e+01 -2.957818651317939995e+01
-7.080335931728497734e+00 5.608374120918038663e+00 2.653337195692340722e-01
-4.485063635109447056e+00 7.871206108403723256e+00 6.539838870275014315e-01
-1.934268427790745148e+00 1.763838539082068735e+01 7.932464732223341919e+00
-4.991401574239168859e+00 3.160467176895858099e+00 -2.910567224891039917e+00
-4.579700711007284042e+00 1.253130486844086633e+01 -3.979058586053677571e-01
-3.336530015093608359e+00 1.165145393175424182e+01 -3.563636897363440692e+00
-3.045328103063895497e+01 8.093257952781865328e+00 -3.395411050374718087e+01
9.488587837284070403e+00 -1.248495310056805785e+01 2.860296167101886944e+00
1.062957822534439778e+01 9.832209793017483435e+00 2.926388411880064488e+00
5.786793863066312049e+00 1.890684976675277795e+01 1.141360421057436847e+00
1.048354678024342945e+01 -2.532927677996040927e+01 -3.226930754711285232e+01
9.369482714942920509e+00 -2.024358970093121357e+01 -1.295001288734417422e+01
-4.984867898337355996e+00 8.042319803852662119e+01 2.367325419748666349e+01
2.278072881046105636e+01 -1.778524097731875031e+01 3.333648963063569504e+00
4.271712808012239293e+00 2.069474406961474244e+01 -7.701636187894318475e+00
8.938747177574059011e-01 -5.885553827531373905e+00 1.709611125416451438e+00
-1.283291881885542907e+01 8.700497597024366314e+00 -7.693267684234071924e-01
8.476739379627366233e+00 2.237609489542699670e+00 -1.231093942768743510e+00
-1.420207023406782199e+01 2.301468489386812699e+00 -1.084166461905448964e+00
-5.483793370163391953e-03 2.885942271967569805e+00 1.847986042331398293e+00
-3.709010792965518721e+00 -5.513045105826286374e-01 3.894746552398721806e-01
2.842949396122013539e+01 -7.681998783705813238e+00 2.380917099465715836e+01
-9.536382419601904914e+00 4.049752893043581103e+00 1.858171522597833469e+00
9.742542958476445136e+00 2.933169027191762090e+00 1.097762720346281640e+01
2.159351755288809738e+00 8.761084971201180238e+00 -1.856316985097625327e+00
7.087621672984715238e-01 3.495852367878777400e+00 -1.985695814662271408e+00
-2.284821155021810668e+01 -2.338563422351982268e+01 -5.403077224263156175e+00
-5.085595424594260727e+00 -8.346505800322930213e+00 8.227746341215391723e+00
3.258935006736281537e+01 1.015913973781835296e+02 1.527655092060944142e+01
3.778909804121956206e+00 9.112180334164274309e-02 6.599424543223261885e+00
1.382017948396952889e+01 -2.374438681275756835e+01 2.059135030986027814e+01
-3.693653103249398661e+00 2.087806825433935032e+01 -1.917933189317068354e+01
-2.394926022509240582e+00 -1.872319867270368920e+00 2.665331245016771877e+00
3.669041178409422344e-01 2.287968860576396590e+00 1.521903318770529090e+01
-5.478075765921089690e+00 -1.104775027459374925e+01 -4.765381342412104426e-01
5.585292442519811829e+00 -3.178029557824937790e+00 -4.262700359983164766e+00
1.187903579885674077e+00 1.068779333094583528e+01 -3.128029529291302402e-01
-1.750541177980786900e+00 2.672458672913882172e-01 5.175223313979882001e-01
-1.896258793495091766e+01 1.407949954183080443e+00 1.275523391114419924e+00
9.108468230648306019e+00 1.591230662914083460e+01 -2.842703272587002061e+00
5.368246933273803645e-01 -3.101647330641957190e+00 -6.960040804761852051e+00
-6.881370553066040507e+00 -2.144297459429005404e+00 -1.503586334098574173e-01
2.153879226243451583e+01 1.806356698370122160e+01 1.181998894150314339e+00
6.523399553626331837e+00 3.504504993945876112e+00 -2.694019494436778217e+01
-3.626665267493098810e+00 -4.865375934975684658e+00 -5.068755206460705764e+00
4.197571193517131150e+00 -5.605563866015845775e+00 1.927947495931385191e+01
-9.546932849343765071e+00 1.581181329229230714e+00 3.759806691164253589e-01
-1.795935760110972126e+02 7.523694186300637909e+01 -7.527794373708630360e+01
2.100183685008369494e+00 -3.013384571415681723e+00 -5.856271033264675019e-01
-2.585642221715565903e+00 9.640917795113137956e+00 -3.528610942672507633e+01
-9.730765716791866637e+00 -4.081513401156390053e+00 -7.410401175186825284e+00
1.650334736418627912e+01 5.861487916097122941e+00 -1.120597908130842590e+01
1.725365673834200475e+00 -7.422962134170411730e+00 2.581849300355091970e+00
-1.205529131388281883e+01 2.661450871006576691e+01 -2.380604835098459304e+01
1.001030641379504260e+01 1.713931156459473693e+00 -5.105751053408075890e+00
-6.712464181415436215e+00 7.191464633477222534e+00 2.164122148183338368e+00
2.417559603998951534e+00 -1.106991793973241656e+00 -3.481737138344311422e+00
-1.483312616260073113e+01 -5.283964687415662276e+00 -6.283752140549824006e+00
7.158556197378135977e+00 -8.370405025487000827e+00 -1.135964598002087556e+01
-1.874273789324058015e+01 -1.889428876757940401e+01 -8.545218577278129501e+00
-7.915533021332676000e+00 -1.537148780875154053e+00 4.440431860176693668e+00
3.276557563644639970e+01 -1.316522018383739834e+01 4.881993062947667106e+00
-2.286391056966126545e+00 -1.063318982446516792e+01 1.204740278907113904e+01
-6.351614444057280373e+00 -8.424452705778191774e-02 3.788305315163638998e+00
1.016680648875423465e+01 -5.533654577419748755e+00 -1.251446458984641019e+01
6.745528360464813744e+00 -3.721954573358892127e+00 -1.890673389774669255e+00
9.878726655224534525e+00 -1.417530124289252669e+01 -2.610745079589467466e+01
-1.458664751315772223e+00 7.286668805211508726e+00 -5.970927581513759463e+00
2.690442446614919714e+00 8.929327432095146122e+00 5.700525327874661485e+00
1.761107635538242455e+00 8.408173657402461032e+00 -9.212053408071323446e+00
1.024671439037468623e+01 2.898352727392514439e+01 5.161017176552611829e+01
9.333879055289047599e+00 4.599688843823770412e-01 9.736355557485850909e+00
-1.615511761143333658e+01 9.205027693510123399e+00 1.147690736616954643e+00
1.622796345890555969e+01 -8.314782316486727609e+00 -5.690362380003348708e-01
3.703173915292432561e+00 1.454411423973399309e+01 1.053745739880020693e+01
-3.183543429220331333e+01 -9.313277365843408262e+00 3.219643325593215621e+01
-8.950532017911325688e-01 2.033192313042975208e+00 -7.186192576756257999e+00
-5.556478714365053584e+00 -4.299882692256356442e+00 1.066523037021651810e+01
1.171138123941747899e+01 -4.071234805900327380e+00 1.185448416558256035e+01
6.876737379951653573e+00 -2.217272756936560008e+00 -7.314454604538743077e+00
-3.579014341473328642e+00 8.047627097862005030e+00 -3.990623981184727498e+00
5.494098975675164809e+00 -4.032919157612374406e+00 2.165296836618871179e+00
-8.345788635614899142e-01 1.812429643063184992e+00 1.364435188261334808e+01
-1.518581653076629223e+01 -5.565438426423309437e+00 -1.332765261407424084e+01
3.822921231763016792e+00 6.863409694953919171e+00 4.184993080518245590e-01
-1.491382003305137438e+01 1.418632155142946871e+01 -2.500326716038035713e+01
1.536471286798926172e+01 1.880687687283116105e+01 8.379283687288701543e+00
-5.997837169095754817e+00 -7.300337129240668688e+00 -8.552901111542043466e+00
-2.073280332070928011e+01 6.640087414886961525e+00 -6.711242137882163838e+00
-8.050907214783988408e+00 -2.160601386996279061e+01 -2.950916574288536598e+00
-7.391867807582804595e+00 1.867841521140232075e+01 5.890227300972489921e+00
-1.675905483787483874e+01 3.738845450441693430e+01 -3.510964067341327155e+00
6.350495993297131658e-01 -1.053601727380809727e+01 -3.791735881533138119e+00
5.051912438945391770e+00 -7.436887694323267795e+00 -4.287351813519652555e-01
-8.032568830257556414e+00 -6.081748059686057140e+00 -4.871270287598034265e+00
6.252636239100577420e+00 -3.886572553721316492e+00 -3.512805265900852181e+00
-4.741545604155223081e+00 1.099560598474222273e+00 -5.559175970772333386e+00
6.410402874644646865e+00 -4.116672014832437831e+00 1.590048416925401442e-01
-2.850144579442710224e+01 5.490335260805256468e+01 -7.043113087516135806e+01
-8.666349023031061805e+00 3.544132793170701179e-01 -5.473390613572076902e+00
1.188564938044332742e+01 -4.637930671578094355e+00 -7.547107628707274252e+00
-5.129681293440325973e+00 -1.304611233584600960e+00 -1.009239893939255062e+00
9.933671970411502627e+00 -1.152311972096670828e-01 4.180671773893337217e+00
1.140977603463914303e+00 1.120231250498239683e+00 7.115253588092023129e-01
-1.388471014074851739e+00 8.845767252112134216e+00 7.939997101264550494e+00
6.999261202992421715e+00 -1.624766558254825410e+00 1.119028787995141450e+01
2.594523878230167213e+01 2.295752511146026364e+01 -5.552797038659461393e+00
-1.194474018436832541e+00 6.691010855964513171e-01 2.886855118752598148e+00
5.324139056448924379e+00 1.336864134620608091e+01 -2.024665280196226291e+01
6.951690591754105419e+00 -1.464993128920593080e+00 8.213645835190765965e+00
4.840773816841028143e+00 -3.952242751687237016e-02 5.244198214282305059e+01
1.664290828411825629e+01 2.841154296852598193e+01 2.993416277615921772e-01
3.351852183732364487e+00 -2.707884588107644763e+00 8.274700739153043827e+00
-7.605019419394130509e+00 5.233278584525322685e+00 5.414556809750513899e+00
-1.154366005880756774e+01 1.554986384987966730e+01 -2.462080570145116099e+01
8.692656108779987179e+00 1.505758869125301835e+01 -1.757610654284164298e+01
-2.222594076171407806e+00 3.714914058709796851e+00 -1.607817158650012568e-01
-5.481567091240203027e+00 3.948246373480280624e+00 -2.201892988834726594e+01
-3.012694923231932886e+00 1.541781880282571571e+01 -2.224443476301702471e+00
-3.793497104338896531e+00 4.984696072125365696e+00 2.853168354515927430e+00
-4.038229959946705527e+00 7.813618750880454655e+00 6.547211723879724943e+00
3.660358559376106768e+00 1.365526008619416309e+00 -6.924544640138988960e+00
-1.085852478942854749e+00 -1.027040250338563254e+01 7.902875128621860146e-01
-1.644410624208850979e+00 -7.359146919055117309e-01 3.081721015460943569e+00
-1.364258189023971291e+01 -8.084128940291252619e+00 8.387149005229705523e+00
-5.052907029101045389e+00 3.774032434181334938e+00 8.034368966955527380e-01
2.476406117778472193e+00 -3.568556492820688764e+00 1.162651263834000082e+00
3.929263044429098795e+00 -5.563576752910528889e+00 1.524146467465051114e+00
1.361522810533248240e+01 -4.582900550904767556e+00 4.768972166566692650e+00
-7.190809716670818474e+00 5.269595165716212115e-01 -1.070861037643904723e+01
3.419496635331693568e+00 1.492036562791236243e+01 -1.026227698408250077e+01
4.076135307193596624e+00 6.484711085686873488e+00 2.510271295676770320e-01
7.361974009172188360e+00 -1.139420323017032644e+01 1.496110613705719850e+00
-3.814633916242754452e+01 3.986470489662962358e+00 -1.885088588596637038e+01
-1.858077102521935142e+00 1.946258512446385591e+00 -4.364919666628042094e+00
1.277520824944616429e+01 8.531367974625000627e+00 9.931405977146047448e+00
1.635936799179816958e+01 -1.468453515357346584e+00 5.651289455225688485e+00
4.518825607622708240e+00 6.419570373223901782e+00 9.728947883331937163e+00
3.226694772188336113e+00 1.730660716244014075e-01 -1.114895943652075516e+01
5.021509752110251412e+00 -5.326433739643701593e+00 7.733229055312913491e-01
-2.051491856799372737e+00 2.764281156487193414e+00 8.433176661667818763e+00
-2.579264021351288072e+00 -5.343639767403212204e+01 -2.089862913941095712e+01
2.276252660719467968e+00 2.368248371330655910e+00 -2.681503132137867951e+00
-1.144968952407258378e+01 5.705678030805413137e+00 4.718629520587835913e+00
-1.734890986698058413e+01 7.724908601738042613e+00 1.801597644394000497e+01
9.226999617967443612e+00 -3.612610770644911096e+00 -6.437968265362090214e+00
-5.077063029599339083e-01 1.259601117681335702e-01 -4.933171545777812028e+00
-3.021050617818476614e+00 -2.999408418938414034e+00 -1.094996920059835688e+01
-7.207619731432055588e+00 1.288007321500470148e+00 5.564951283966131257e+00
5.577378405829940711e+00 2.711089700785941581e+00 5.988942260995471223e+00
-1.529377971755730092e+00 1.600728648309764690e+00 2.226068524771618229e+01
1.047985420304283011e+01 4.023920286783795319e+00 6.143460684123223103e+00
-3.550456875106687704e+01 -1.430345720034909363e+01 -1.234606670535320383e+01
-2.418093039758570040e+00 -8.110652379821720714e+00 1.164216253720576466e+00
-2.513966306957210151e+01 2.825156839663909292e+00 -1.938054503741420831e+01
3.502735031369391905e+00 -2.223810379465190668e+00 4.456431714023225132e-01
-5.045741343272296398e+00 7.445925847620685545e+00 -9.929994718812769960e+00
6.331225796390674176e+00 -1.233261020217406134e+01 1.774941218583593994e+01
7.669663130431510822e+00 -4.809367810571632540e-02 -5.513050902798059205e+00
-8.475485700979479731e+00 -2.199333447855305224e+01 -5.901062680100349844e+00
2.890198479509961782e+00 -8.148901594360745904e+00 -2.292397738653328521e+00
-1.386557386558191718e+00 -8.442301290507613132e+00 2.587002864342397679e+00
-2.574476874308478713e+00 -2.119564432378565066e-01 -6.205134756993674117e+00
4.525964706029868556e-01 -2.205737575821309804e+00 3.542182025990175731e+00
-3.211069775707496188e+00 -2.314240782372636307e+00 5.805563518502522946e+00
8.881056628675272790e+00 2.364047282836183683e+01 4.384200243677270237e+00
8.664644454485948444e+00 6.931813277557052899e+00 3.774359511736594452e+00
-6.628718625411786469e+00 -1.224619482180318819e+01 -9.613663397039070801e+00
5.161420587465095799e+00 -3.900492709800531088e+00 6.974077460651298743e+00
2.301014729509597245e+01 6.635956083028300867e+00 1.394322589000585566e+01
-5.547993733425198748e+00 4.492703275355392378e+00 -1.194873296487835823e+01
-1.252084493714500013e+01 -6.947905803980175543e-01 -1.038772739034550341e+01
1.370084139993540617e+00 1.576559624224346656e+01 4.177966433254670875e+00
5.254928770758906076e+00 1.720891545809825285e+00 -7.689858811558462293e+00
8.294636789959823897e-01 1.485496057904767686e-01 -5.074393967311580766e+00
-1.336039170099243734e+01 -9.782244700832034567e-01 1.083410623076280110e+01
-7.032328078069633115e+00 4.032992525226051228e+00 -8.130430160835576459e+00
5.554599014487405562e+00 4.807667946165368633e+00 6.693714146177442537e+00
-1.328149524600297227e+01 -6.471011937749262977e+00 -4.903116055576588472e+00
1.048085060073691643e+01 2.827998709962901458e+01 1.127334375100685726e+01
1.045436209266318528e+00 2.704706260294319708e+00 -9.439480863908292108e+00
8.534984642292853252e+00 4.211454755817280926e+01 1.463223689557730189e+00
1.147004972025608183e+01 1.314427680158519429e+01 -1.221798860904957884e+01
-2.407930371758302712e+01 1.389720396142037906e+01 3.275502211327793844e+01
-2.543133569911988801e+00 8.551826419180174055e-01 -3.434322288669713785e+00
8.974199250297106190e+00 4.624226294750873656e+00 2.690358661088616907e-03
-7.269208995268860107e+00 5.086310477284456510e+00 5.210705650358992136e-01
3.621370130612178606e+00 6.729070754841780300e+00 6.217586707707218885e+00
-1.480577944336665119e+00 -7.837933976812204939e+00 -1.460538014525519790e+00
1.993180024934109174e+00 6.264325347618627582e+00 -2.503495678964665766e-02
8.983157091590117105e+00 1.721839150369998406e-01 -1.760942002885148128e+01
-3.000848468869513841e+00 -4.514384096660807977e+00 2.300735641976611845e+00
4.678778452922534470e+00 -6.421847616765173683e+00 -8.516139035547761083e+00
7.481224239164089518e+00 2.040939910555280079e+01 -1.007924015706927889e+01
2.247451211466899679e+02 -4.531371867692708122e+01 1.084079658560767854e+02
1.600930752114627609e+01 2.618140014259364157e-01 1.054401334035916182e+00
1.206233709243349139e+01 -3.149087229349924577e+00 -1.667587142204514805e+01
3.305380435046227472e+00 -7.197005643676962272e+00 -1.019188391470727595e+00
3.402449840901836353e+01 1.912700363386538172e+01 2.576241588870306742e+01
1.701073746497940853e+00 3.827094540885368268e+00 -5.780523395238096995e+00
-5.414085432853951829e+01 -7.983621667949955203e+00 2.409651727495809936e+01
1.452266964467676225e+01 -1.247158334948770708e+01 -1.175836761156938692e+01
1.435947420070748493e+00 -2.316591116186638821e+00 -1.325122564163003558e+00
-1.121642037385610413e+00 4.405119152821481698e+00 6.476515617156311855e+00
-1.022970241297014082e+00 -7.441882468296621589e+00 2.131292474833877404e-01
-6.671307887330958408e+01 -6.565117543376436515e+01 -2.071761283591420266e+01
8.829835278334999815e-01 2.924048985557252123e-01 -3.792409575952166279e+01
-4.272412368566950391e+00 -7.408777352446247022e+00 -5.310610427892886953e+00
1.402118341409499092e+00 -1.985404408072340088e+00 6.116858859643935498e-01
1.192497325837450006e+01 1.727462195082739882e+01 2.070871883701473237e+01
-7.907712011058805501e+00 -1.468228260073868796e+01 1.257424572026182119e+01
-6.629519500744602567e+01 2.058750394612791723e+01 1.270777518387895384e+02
1.801287883322742900e+01 -9.848754194822554098e+00 2.187994951400152033e+01
1.117192930112041793e+01 7.421340818839524012e+00 -1.247942134938677228e+00
3.269043307138886689e+00 -2.376510018360329379e+00 4.825910569484239687e+00
7.339360776264630459e+00 3.434395343875336959e+00 -1.774706252064029988e+00
-3.004866678435942906e-01 -7.759175952050137326e+00 6.727379354565493408e+00
-3.410899916927774722e+00 2.160964778929209462e+00 -1.773753880348719614e+00
-1.658014961827757983e+00 -1.477274415737438495e+01 1.609975480902509304e+01
8.169369383052051958e+00 8.044324318709502819e+00 8.308545609712684410e+00
-2.895239101223258338e+00 -2.641211489871991169e+00 3.432863246765918142e+00
-2.958195020173608469e+00 -1.134030960695120660e+00 2.034961683357268125e+00
1.762739543985670920e+01 1.476448654195759325e+01 -5.496430752723346025e+00
-4.561820552316418365e+00 6.001082914401162149e+00 2.332602891619426355e+00
1.091006690478216079e+00 -4.604971196146531831e+00 4.198973288210149590e+00
-3.009313865532555710e+01 -1.719146227039487229e+01 7.392449622188500769e+00
-4.294855395770119877e+00 9.134294269208915296e+00 -9.247635258175467499e+00
-3.782837040521760397e+00 -1.215516338333285340e+01 -1.085368961998279680e+01
-3.576503300003968544e+00 -4.054105483283770184e+00 -6.618270090077570389e-01
5.463719242288678224e+00 8.877982048271401139e-01 -2.574055914961873981e+01
-1.180828641067066265e+01 -2.264107811600630793e+00 8.842590556741575014e+00
-7.840907836019662014e+00 2.987843979646691572e+00 1.101358304484572948e+00
-1.489908164877051000e+01 -2.624518877998256894e+00 -1.234572027937806737e+01
8.078497811942058959e+00 -3.282137718861154685e+00 5.041294082350550099e+00
-3.958070263084776830e+00 -3.951958201533099846e+00 4.997258207444872369e+00
2.228996801331017075e+00 -3.304781515895358979e+01 -1.771021774463877207e+01
2.508077640995567137e+01 8.797894422459620500e+00 -1.982074599019485461e+01
3.683041041416058592e-01 1.131175660280034734e+01 -1.613075312075581635e+01
-1.572157718225142453e+01 -4.189603899329790160e+00 -1.893338112359244318e+00
3.706312215711644154e+00 7.426668503255410059e+00 9.826321052362193553e-01
-5.714372873393083196e+00 -1.172648762775019904e+01 -2.077445570187187585e+01
3.517557736871766316e+00 -5.789547585666470653e+00 6.472526956957778133e+00
-8.602758922893265492e-01 -3.472796343923754581e+00 6.537076993341419673e+00
-4.236588404406221287e+01 1.367580188633552041e+01 2.561178393599051262e+01
-1.826278029949298798e+01 1.403141156372580411e+01 -9.727055321184638004e+00
4.512618621056679657e+00 -3.191198198030289479e+00 -1.417931419756258027e+00
-2.653899580309369899e+00 1.209689575954836727e+01 -1.037144733304709199e+01
-2.002144253129135265e+01 -4.303484975944344981e+00 9.255086124132160919e+00
-3.640248644326044669e+00 -1.414118606052131888e+01 -2.844526059214816271e+00
-5.461424747102154420e+00 3.080597978820160066e+00 3.608363264448724017e+00
-3.811875470560150081e+00 7.775146758288963511e+00 1.215626507495534625e+01
-5.533386954401711577e+00 6.586772372699750910e+00 2.899464344948677330e-01
1.845121575735734964e+01 -1.412977904536627349e+01 1.207467145231603567e+01
-3.930747513686206673e+01 -7.016871640499809715e+00 -1.861849196653582794e+01
1.186912952427461398e+01 -2.862044949664253490e+00 7.840987562367799590e+00
1.201740039488833567e+01 5.034083904621554417e+00 3.585130415231569501e+00
-1.244625425961739396e+01 -9.444340967370971285e+00 1.296046311585851463e+01
1.808489845960092213e+00 8.395545296246482714e-01 4.872907847186473407e-01
4.692826966838894442e-01 -1.083612186345983908e+01 6.997784190794885895e+00
2.234750128555203474e+01 -7.221589821518027641e+00 1.525713814121505330e+01
1.308163802527760211e+01 1.992351464413229323e+01 -2.026285704656432074e+01
-9.165982615667543243e+00 -9.057162199424894311e+00 -7.526745950982138389e+00
-6.717460070817876883e+00 1.076422988986150386e+01 7.502501122722180504e-01
-3.128885461152685732e+00 -1.075487276414078863e+01 6.201886858355970311e+00
-4.422130169275399147e+00 1.347956932835488963e+01 1.505761718091598134e+01
8.557476088804991221e+00 -5.790590252712895847e+00 -2.749020531673441514e+00
9.581549390762873486e+00 -1.220077508754125084e+01 -3.576541663457152520e+00
-7.665148314062623092e-01 6.505441909731014327e+00 -8.781668973551047586e+00
1.327536263023406526e+01 7.864075245232848843e+00 -7.689492277157881972e+00
2.128409159371757298e+01 -5.139734557265724035e+00 6.448967105750242013e+00
-2.886520147707936079e+00 1.848645169575280889e+01 -7.065468321884840641e+00
5.704219090650339830e-01 -1.999664154226760970e-01 -1.072049627693205842e+01
-2.691145378189934156e-01 8.342800287346166854e+00 2.563300065052959376e+00
8.415041295539403166e+00 -1.180572930368173878e+01 -6.779129468193374919e+00
1.482259622906414220e+00 -1.355320506213670395e+00 -3.221834268563645409e+00
-1.264396852823091955e+01 -1.062575095448953988e+01 2.423418478735421999e+01
6.969565584289212801e+00 1.952474246653083512e+01 1.846118139565209759e+01
-8.580020853863427277e+00 2.841573629629028819e+00 4.863343054737648274e-01
3.249960704668976064e+01 -9.325349152856631463e+01 3.884241958982981746e+00
-4.805882151935082724e+00 -6.539522899400148859e+00 -2.255231023642070731e+00
-2.841127762187199437e+02 5.099496541184336706e+02 -4.479668998022473261e+02
-1.069545197962084515e+01 -1.917478813585829167e+00 -5.272488932144379525e+00
8.865924475277060068e+00 -2.750775180419093413e+00 -1.568173797809921277e+00
-3.291290379173323899e+00 -1.239174729533082830e+00 4.565330476615137911e+00
7.384913874261596511e+00 -2.051538759234503928e+01 1.869849532139187431e+01
5.517919838640003682e+00 1.220291075073064890e+00 4.069156563333081067e+00
7.862050383115227525e+00 -1.414966351556643787e+01 9.983139823429683091e+00
-2.468469120252972271e+00 -1.651981759335574296e+01 -4.544233995784829716e+01
-4.342262784765223316e+00 2.601671164849184592e+00 -1.424049971468892117e+01
9.927861596985502857e+00 6.768487617475622997e+00 8.590333279565912861e+00
-1.520912000764218952e+01 1.633983928481086867e+00 -1.102161883133998721e+01
2.791275894888382680e+00 2.568531599180425395e+00 2.303235352914511580e+01
5.345676382778695057e+00 -6.894611716519497557e-01 -9.087912412278321028e+00
1.425939826576130942e+00 -2.879254377503634998e+00 -1.530937610946564664e+00
-1.388257749304537292e+01 -1.542410113680974959e+01 -8.014392120882158466e+00
-4.099174008277994830e+00 -3.952260322888147659e+00 -4.282013508448226702e+00
-1.179034353456162876e+01 -8.992592666261223222e-01 4.716957982906071045e+00
-2.576148269674730429e+01 3.825226882129963712e+01 9.739672172694171515e-01
2.296342083636707443e+00 -2.707018106406307023e+00 -5.652435669801935347e+00
1.877900385794266436e+00 -8.590893020948794145e+00 -1.465199187922612722e+01
1.017746692458766589e+00 1.118045993691983853e+01 8.677235580479834454e+00
1.954803169548705810e+01 -8.149106881420681958e+00 1.353945382417443000e+00
-1.015932722930720722e+01 7.250015900597177598e-01 3.793771330725658864e+00
-1.544104673090208735e+01 3.881404416616807396e+01 -9.753091466366814899e+00
5.298974573844999369e+00 6.140915548374137778e+00 -9.170906137176146444e+00
2.254949477576401407e+01 1.629428720884606818e+01 9.880064513881160693e+00
1.171037076808463162e+01 -1.509589592262949309e-01 1.005666352376382244e+00
-3.655009609758331557e+00 9.595586387874021739e+00 4.025223431607876101e+00
-1.122444936981897179e+01 7.354291204084917766e+00 -5.549506930873913113e+00
-1.517279577325632678e+00 1.006084042261673339e+01 -2.643680210875244629e+00
1.432658524196251904e+01 3.387404566474405243e+01 5.218163050884834320e+01
-1.532601053201767627e+01 4.183359013870456522e+01 -1.296462081224184715e+01
1.758031585275550146e+00 1.308532300513526181e+01 1.328334365150621466e+01
6.778956983028638916e+00 1.794187139911948892e+00 -4.464513333937814021e-01
-2.455316209458891397e+00 -1.082841130306905697e+01 9.089816562322834415e+00
-7.787628560795729626e+00 -2.541497460437335487e+00 4.466911484574741742e+00
-3.615749269183364589e+00 2.004371740690047865e+00 8.745701328407832875e+00
8.978535817467372837e+00 1.766322933809550477e+01 6.433293414538514554e+00
-4.936184744701201943e+00 -1.053893302268410004e+01 4.479473084996623555e+00
-9.500712844240270627e+00 1.256235759253612416e+00 -5.699927947031684816e+00
7.790897183105860435e+00 1.206616624790846437e+01 9.369390734380240726e-01
5.563763643718958561e-03 -1.771259981577554043e+00 -1.229883437741702723e+00
4.684250203602372764e+00 -1.115643676125652028e+01 -2.393012814352529993e+00
-8.703228167609715626e+00 -5.424756362938289556e+00 -7.343834368990933559e-01
-1.351622613486593316e+01 -1.053869936178297984e+01 -1.205563342954677886e+01
-6.574196898421821089e+00 -1.129345708451573671e+01 4.458740566682330986e+00
-1.559034890377722082e-01 7.724381799102914670e+00 3.725008389583789103e+00
3.191081737260083706e+00 3.778558259905259842e+00 -1.849661021150903029e+00
-6.042968391366273728e+00 5.123566529885896337e+00 -3.585832950195053659e+00
-1.353268561219051236e+01 3.080092315058288932e+01 1.172650075661285918e+01
-1.984419518694936047e+00 2.550097221666100200e+00 3.113798271558692932e+00
-2.334475825471857835e+00 -4.053590999592235455e+00 -5.234908965236546585e+00
-1.501099040579093469e+01 -1.031994624416318906e+01 -9.653438692514772157e+00
5.337970054819260568e+00 -3.282787950896052465e+00 -3.320991134270747214e+00
1.534480306078340739e+00 4.410369483728306395e-01 1.947182605783088771e+00
-7.615954565441394486e+00 -8.471439682835912421e+00 -5.627571296377656296e+00
6.760503989737679298e+00 -1.243474043419231378e+01 -7.305385142454608349e+00
3.700097593605728719e+01 1.326000748443109423e+01 1.075289780143260820e+01
8.204807662954962666e+01 -5.635637189439182748e+01 -9.562641344268374866e+00
-6.115638011537467555e+00 3.312749372391938341e+00 2.760546964715652862e+00
-3.323784027641550232e+00 7.212270461514588504e+00 6.940819302994398754e-01
-2.285034213164208339e+01 -2.151561718888413210e+01 -1.127973763760883541e+00
4.123261951363005551e+00 1.198754379428551342e+00 1.731557416484725165e+00
-2.772705867970772431e+01 6.444647945776882381e+00 1.327934416627561731e+01
-7.304315382631190623e+00 -9.821460125717653256e+00 -1.055972216966305766e+01
-7.433958179170483405e-01 -5.866313179577875125e+00 5.075323152180805764e+00
1.353355630001351395e+00 6.978087985971137108e+00 5.741535123525066453e+00
-1.271824314108255827e+01 -2.883004395911987205e-01 5.538095864157308590e+00
-6.684002415516699713e+00 5.714934285374142497e-01 -6.468459720437267357e-01
3.685442561758545565e+01 8.418855723855438455e+00 -2.059445134035818725e+01
6.660912430498379111e-01 -1.365299820106469442e+00 2.938005942713975305e+00
1.556671080235419957e+01 1.491518594055690095e+00 1.075344837152856892e+00
-1.234670645462500005e+01 2.974893303239096731e+00 -2.385681193477260109e+01
-3.502949276300534986e+00 1.562329338549198710e+01 -7.299249515103278796e+00
3.408319321231282117e+01 -4.478366155996660325e+00 -6.509247005485317317e+00
1.528654394336882216e+00 -3.626046670852742793e+00 6.867707884138134489e-01
-1.459970692963707517e+00 2.833686653552224044e+00 1.149706694802016704e+00
4.439634062333450970e+01 2.091510919374378830e+01 7.465369489709861739e+01
-3.020047681043262489e-01 -3.478348474197600293e+00 -5.488386862251287468e+00
-2.361923508524638837e+00 6.953401230324056659e-01 2.028464481670644748e+00
-4.172799791742927589e+00 -1.489196926196322224e+01 5.807728070835928236e+00
1.353171179581696926e+01 -1.787954400906190244e+01 6.314408440045395920e+00
8.554877170652208207e+00 2.653427528699587512e+01 2.728275036847044177e+01
-1.757684307012333358e+00 -3.373329965714650491e+00 1.567034670353342873e+00
3.640357976121796124e+00 -2.763376169183560549e+00 -1.184012859617106983e+01
1.948469128230613023e+01 2.377040574472946588e+01 -1.118547572886777886e+01
3.925477086352555034e+01 1.400960095413792139e+01 1.514630405381344858e+01
-1.845030244732443236e+01 -1.356215181973204054e+01 1.429725014572058051e+01
7.995404535631682741e+00 9.999074954375764435e+00 -6.382373664101764099e+00
5.825635518934309864e+00 -3.986982197853786491e+00 -2.578463711330346797e+00
1.061038103434767166e+01 1.015860492169818663e+00 -3.440986231171647702e+00
-2.427530052839412633e+01 -1.917265579732501335e+00 -2.350152426852195120e+01
-1.919329937392983254e+01 8.960215938401053792e-01 4.213962722699816865e+00
7.599130801191369855e+00 -1.599117954140292786e-01 1.425912005978352895e-02
-8.797695877688427757e+00 1.173049503592656251e+01 -7.451492141558183069e-02
-6.976095423741839330e-01 -1.347917887616110866e+00 1.499536481350981776e-01
-1.669192862914614039e+01 -1.712546796092242829e+01 -2.614022176522595586e+01
1.293368222274756718e+01 1.381588242101019581e+01 1.672831220168923938e+00
-8.789819760083412703e+00 3.617991211198290813e+01 2.024592880563257680e+01
3.017703201061784313e+01 9.517596616935602327e+00 -2.020791918622026984e+01
-2.636981875268903597e+00 6.340087527194432582e+00 6.735935909942101674e+00
-8.713442962330182340e+00 3.968916882800339163e+00 2.560079005620338854e+00
9.493133774957264848e+00 -7.789521041306732840e-01 -5.476288415229897844e+00
9.643391208011411919e+00 3.246457527232102791e+00 -8.920399913991091667e-01
1.130490998889161425e+01 5.992074647960230038e+00 1.242764877056675488e+01
1.092165804273638585e+01 3.072373012275694926e+00 4.798647270103952422e+00
1.978878397723569549e+01 -9.864205237581007424e+00 -2.243481162266281359e+01
-5.231025485032662736e+00 1.286503931760578645e+00 1.121952281165118803e+00
1.431317536100881682e+01 2.821720733000687176e+01 2.281800686096764785e+00
6.012037352822320102e+00 1.698711128661530845e+00 2.474441162300550778e-01
4.113137398622865248e+01 1.191277488367597392e+01 1.917624794788660125e+01
1.459998261759900551e+01 -7.620010757268764756e+00 -4.481559610997648768e+00
-2.340639391442342898e-01 -1.472706565159106251e+00 -9.033569907545522248e-01
2.921361571649524436e+01 8.950283648647048551e+01 4.156981269656505162e+01
3.301641209525305598e+00 -5.936461064353671269e+00 2.707400715962582805e+00
-2.026620991330544186e+01 2.364615830956414655e+01 -2.413167476048891036e+00
-8.309267049246352954e+00 -7.316056231699961110e-01 1.115173269412958135e+01
2.620727369159321363e+00 -8.334834700742376867e+00 3.017968469028346146e+00
-1.605896073317128625e+01 -3.853788630651370450e+00 -1.114970759301870196e+01
6.015293489431734919e+00 1.063080285960858795e+01 -5.310913508933623461e-01
-4.245245010387121987e+00 4.110515210770927519e-01 -8.207093276224806999e+00
-1.198201576004031743e+01 9.609637880985097524e+00 -7.103035858139406855e+00
-4.180618731034908997e+00 -7.373071015699989239e+00 7.979183455445027384e+00
-8.983377774147746075e-01 -8.829986021155624698e+00 2.354471888924848155e+00
1.053385406170031047e+01 2.443423536032927945e+00 -6.521219923070047386e+00
4.510347797724752361e+00 2.792075411604575397e+00 -7.833690060753102813e+00
-3.965307490582413941e+00 -4.851848917596045772e-03 -8.443333094584110299e+00
-1.837431566687976137e+00 -1.039664097451433911e+01 2.772423750883139526e-01
1.103297079475076714e+01 -4.764513156794226156e-01 7.430000304736194217e+00
2.637994937910764115e+00 6.912669027915273823e+00 4.548618836964466894e+00
-1.874413960854224115e+01 -1.079474662955687947e+01 -6.561272821289559687e+00
-3.371992138630446334e+01 -8.919204569398836213e+00 -3.470158249684617147e+01
-6.657862320503428466e-02 3.057739941844514586e+00 -3.814462835370757143e-01
5.631413429383353986e+00 1.088697007531588135e+01 -7.568691386483615169e+00
-1.242925160075855961e+00 8.240163418157315789e+00 3.393076322421400004e+00
1.019667965534231513e+01 -9.130981312769277380e+00 3.854268237477624126e+01
1.965802376397702167e+00 1.003637465782910132e+00 7.030854008324135762e+00
-4.170007280442061415e+01 -8.318575734484813466e+00 5.931110102458242039e+01
-8.112870478061848800e+00 -6.673894428860487338e+00 -6.537128520966961620e-01
3.328162793590891511e+01 2.965270240664517587e+02 -9.463802854420565325e+01
-8.917327265334222375e+00 -5.581985043090095466e+00 -7.320496384521224087e+00
1.210682368542609844e+01 1.419089684360663561e+01 -1.204388886068697567e-01
1.911637110735345857e+01 -1.197883091786786647e+00 8.114105282189070678e+00
7.612188319769243705e+00 2.135981248768363816e+00 7.112570316934785808e+00
-1.472468269142132913e+00 -7.106768855795827733e+00 3.636274074836353787e+00
1.687662071180625745e+01 1.039977558009456438e+01 -9.476946190609417897e+00
-3.477246679860100187e+01 9.519943166445642646e+00 -1.205666273825092460e+01
-6.904715249770235097e+00 -2.015251570726892538e+00 4.065716993923336631e+00
-9.117088548900936118e+00 -1.249853967097316243e+01 -5.410671149372138444e+00
5.818924185303024466e+00 -5.516557370519381998e+00 -1.096207987781971838e+01
3.729707925496383858e+00 6.432141052085763810e+00 -1.340817346892524498e+01
-1.199036886623416232e+00 8.814501592247597772e-02 1.100766067912949708e+01
6.381976318036724649e+01 4.869577655097815239e+01 4.613273220998190283e+01
-6.187681198286174578e+00 2.871238559834831605e+01 5.457294891174506724e+00
2.437699358990277343e+00 -5.270572930713012916e+00 -5.418327793882709020e-01
-7.860066896890189447e+00 1.195965793593885174e+01 -1.521843879608026207e+01
9.197775318319877158e+00 1.335146418063307650e+01 1.085902461096828864e+00
7.434775558322281874e+00 -8.495199368707964993e+00 4.175302522904810409e+00
-1.565446382834718975e+01 1.422671885370451328e+01 -4.181790724361319711e+00
1.649023581293115048e-01 1.861473188467790141e-01 -1.029023666176541507e+00
-1.121630908520998560e+01 -9.455054624011347997e+00 2.454419771754085389e+01
-5.463814459119814337e+00 6.369694825643255953e+00 7.145834772715292660e-02
-3.474462822939669682e+00 -6.284166011405287300e+00 -9.346904508176029580e+00
-3.128404894295684802e+00 -5.191947368231858428e-01 4.377913221501815721e-01
3.471777100762654111e+00 1.659179425158854304e-01 -3.691041444283982842e-01
-2.438976123984479383e+00 5.619545425726726329e-01 -6.324488804951574394e+00
4.615683602907681760e+00 -3.890227834831863518e+00 -4.567790698397764970e+00
-1.142220622492824944e+01 5.185312315671305683e+00 5.020861946555999822e+00
3.880889728416411444e+00 1.500208628307090564e+01 1.906208289387091526e+00
-3.333032086392154092e+00 -5.857245249515694141e+00 5.024612794122328419e-01
7.579419509770846552e+00 6.520485698854315615e+00 1.828079423150798277e+01
5.992911709093381667e+00 -1.582397308491440446e+00 2.022984537983564479e+00
-4.413900331001485711e+00 -6.442396921356167816e+00 -3.452141501223871867e+00
-8.283527558484644615e+00 -6.428657993857399333e+00 -2.530715659534047646e+00
-9.017656177340402479e+00 2.391502891905952666e+01 3.394540140077136225e+00
6.933696990098058954e+00 -1.550593480392283396e+01 -5.435551405339387188e+00
9.520711001875222124e+00 1.827241890175506001e+01 -3.498825924210497540e+00
-2.766554322601671956e+01 -3.187088827387559675e+01 -1.567755145991955956e+01
6.425602954309473702e+00 9.182910867076848893e-01 3.171021368841175914e+00
-3.965922463786082375e+01 3.078442620697945742e+01 -3.625521915036210885e+01
-2.771978049596414362e+00 1.976751684828310118e+01 -4.703873406639107024e+00
-2.336012347522698818e+00 1.710680887837032316e+00 -6.079242416339264210e+00
-1.425454157415745371e+01 1.095931722995862057e+00 1.675031667649381939e+00
2.709038353459618964e+00 8.073645595622886972e+00 -1.270105967576858452e+00
1.137819864927089775e+01 3.422354493960093613e-01 1.623289414096456218e+00
-8.789059238353694070e+00 -9.898901733085534449e-01 -1.130195840326122791e+01
3.564511077176632625e+00 -2.191593428799669674e+00 5.135383516905364765e+00
9.664740770127311364e+00 3.876435934044494047e+00 7.986687046064312456e-01
2.761950408935344714e-01 1.441552942618923971e+01 -1.460703650496660622e+01
-6.533172429492331901e+00 2.754393292221716472e+00 -1.670038812899089731e+00
2.940164109680980520e+00 1.620967761131301144e+00 2.075114909152993903e+00
6.913486011554006438e+00 2.693520647650735622e+00 5.748583117770739825e+00
2.505337013925391876e+00 -2.302567180033387118e+01 -1.100645749523302630e+00
-2.492279891306699025e+00 -4.965684002954612097e+00 7.447052352394191388e+00
-4.591015486618452712e+01 -1.035004454968410759e+00 2.793343416876544083e+00
-2.547248990166100846e+00 1.886480370109649973e-01 3.585485816063938014e+00
-7.949810844111615538e+00 7.983518345884954570e+00 -3.428761424704048100e+00
-2.646019154948298535e+00 -2.091821990404178155e+00 -2.780263740660640526e+00
1.380929739639050347e+01 1.096496385193121537e+00 1.642314091357047445e+01
-2.954257196572464217e+00 5.942566801013553501e+00 -9.030855364056108670e+00
-5.720877258034375856e+00 1.925198838378235022e+00 -3.956561149135878530e+00
1.429833749459619607e+00 -5.735760307610191511e+00 1.157802097601512425e+00
2.925454935030288972e+00 1.020173302421170725e+01 -1.423926632634324996e+01
-6.129638363044580096e+00 -2.523068086856486758e+00 8.734152609331959027e+00
1.490272689124402472e+00 -1.760287988340173371e+01 -8.447264525879669250e+00
5.287857013383094440e+00 -2.033753756802225610e+01 5.748769669012549599e+00
-3.013821690529300490e+00 7.285458040670534929e-01 2.429909831447174984e+00
6.767919249460302433e-01 -7.675748293613013473e+00 -1.070606320804587952e+00
9.122311491719905518e-01 7.330511205955904330e+00 -4.928058905353752683e-01
-1.447256602642979617e+00 9.530654505281994204e+00 -1.477237619431745053e+01
2.821075640711824306e+01 2.945332614745875333e+01 6.801980280703876502e+00
3.826161515506376176e+00 -2.752118045644126321e-01 -3.131714097734151991e+00
-4.619208226456678723e+00 3.779008632208129992e+00 1.238798852164935127e+00
-5.893564982303674427e+00 -2.608310317929565691e+00 8.458904248799671066e+00
5.705691782459467731e-01 1.999674754660403675e+00 2.033459977741592084e+01
-1.526563640980224568e+00 1.070193431485922986e+01 -1.617768572226723478e+01
1.078322312334353494e+00 2.492680593125783606e+00 2.563554982014697003e+00
-6.509046793808386688e+00 -1.305841143058503384e+01 -1.583769698249061797e+01
1.860373551246521018e+01 -2.633268317112110424e+01 -1.667576911246645466e+01
-1.104312692923138606e+01 -1.088845960046538330e+01 -4.160044464313211954e+00
6.725585239477836375e+00 5.475008787982980962e+00 -3.014923643343952353e+00
1.476067119567892938e+01 -4.878917402881042698e+00 -1.168052609380902274e+00
-1.743529117909301718e+01 2.400675926794761850e+01 -2.630053589745617426e+00
1.452254123854424872e+00 -5.585681112765981560e+00 2.171906692897758173e+00
2.673202972386287346e+00 -2.290603202040273700e+01 -1.202507639578804266e+01
1.091979392308774521e+01 -7.414485035539883917e-01 -4.410284499665163338e+00
3.287422861747887559e+00 -6.188134720524188559e+00 1.182556174587106490e+01
-1.626674004252502415e-01 1.505586807572700536e+01 1.088663215446951504e+01
-5.210014076082123857e+00 1.000033376407153973e+01 -5.266034619010402373e+00
-7.379664896709850375e+00 4.390067707529443086e-01 6.800004909426104582e+00
-2.773863443977398369e+00 9.801120922930449675e-01 5.278217461577646041e+00
-1.035127871182256065e+01 -8.170231299143347670e+00 1.082939689017950258e+01
-1.717461318741552034e+01 7.814952745627397057e+00 -4.963198922743952579e+00
3.963380848035899184e+00 -1.360767141705402317e+01 1.173337834030172466e+01
1.292450429066134809e+01 8.140606612536434028e+00 -5.302469601518044584e+00
-1.120613447785484690e-01 2.409283937644254525e+00 5.692357362943663013e+00
3.514088230402265367e+01 3.230259935895000378e+00 -1.204452890066303183e+01
-1.981190209052177797e+00 8.232613563230136933e+00 -1.443508164315255270e-02
-3.895384924872266064e-01 -1.436633081116885613e+01 -4.773282498970254473e+00
2.122417931929913948e+01 1.414441924199391210e+01 -2.279482322658461513e+00
1.660407933699419969e+00 -7.765273848830691605e-01 -3.759129908575638446e+00
2.546839673798384940e+00 3.117428436651990875e+00 -5.433984857093372867e+00
-1.012618616481621814e+01 1.150268677672588424e+01 1.328342763106359570e+01
-1.732273323855199276e+00 5.255988048875159357e+00 3.391990234691312223e-01
7.970363263721051084e+00 2.427729846720822593e+00 6.934010274599622825e+00
-7.143548865824772554e-01 -2.079042741933192673e+01 1.082189026690142608e+00
-1.054676215329330313e+00 -3.096639496099759725e+01 3.513022584427667283e+01
-3.304255181223206961e+01 -2.060763980553075303e-01 3.695892387725255190e+00
-3.041889673784536896e-01 -7.533373877305288291e-01 -3.586613389954722564e+00
2.156835117917416778e+00 -2.075130161467679812e+00 1.849579081038267070e+00
3.801080258273792367e+00 8.363289298666863658e+00 -1.190920557229278726e-01
6.968572926239670062e-01 -1.074805026905828065e+01 -7.412841692252934322e+00
6.211533271159899172e+00 -8.730005954138517765e+00 1.233719460869932449e+00
6.783305567132685177e+00 -1.355774875962945636e+01 -2.682785461311678432e+01
6.103800811718064878e+00 1.539093488930161691e+01 -1.132923082043376617e+01
9.220714957888558772e+00 -3.654165494650864154e+00 2.294840496833021604e+00
3.853291368563924180e-01 1.532609550624669659e+01 -8.815908043904606473e+00
-1.360199595474672840e+01 -3.458069346345737483e+00 8.501274034112632494e-01
3.648549499622166792e+00 3.622009271933333885e+00 -5.123246805334702891e+00
1.749324207679384813e+01 -1.203718845408121041e+01 3.253416333802208271e+01
2.623246905328824496e+01 1.245186476334357373e+01 -3.242211530402617115e+01
-3.077911940220177556e+00 2.310866323374015874e+00 1.169595573456840043e+01
-5.079936255514780896e+01 -8.221425552554256910e+01 -1.164151547342750703e+01
3.037998208338980710e+00 -6.769267068860057579e-02 1.889407409889332712e+01
-2.338045633722788619e+00 7.418762915033181304e-01 9.981831739964345473e+00
6.283469668409721542e+00 3.801184092826105143e+00 7.030927226197609681e-01
2.709005476442212679e+00 -2.185166240418065176e+00 -6.957382555102059385e+00
-1.563162331455221210e+00 6.806445914787587093e+00 -6.746032260498143751e-01
1.633463868356187376e+01 2.897725398418986487e+01 -1.015776794364321489e+01
-7.212720032228160960e+01 3.027398384860122249e+01 -2.141053325491104076e+01
1.738304455118708347e+01 1.433309152563418287e+01 -4.736773678753965378e+00
1.753468758784350356e+01 -1.212292943618475682e+01 4.690793896491112669e+00
-4.613964390436277263e+00 -7.543024782994380395e+00 -2.574755623368151003e+00
8.556719792027337235e+00 -1.739054351389236697e+00 1.514080479551730463e+01
4.510434392004198045e+00 -1.047216385830573948e+01 9.102845657444497363e+00
6.809547773496153589e+00 1.049306163726126506e+00 -3.481735952536197942e+00
-2.051834675317949053e+00 1.565811419693109841e+01 4.877072948450987155e+00
1.845045485281966435e+01 1.604511416963029191e+01 -1.204173539607881427e+00
-3.527652461499687919e-01 -6.931258792067187535e+00 7.633491582542043297e+00
7.375655677667900534e+00 1.501786029144665768e+01 -1.058824116919723934e+01
-3.380523862696833692e+00 2.262220903376155334e+00 1.491747467886550993e+00
1.527925741862997455e+01 -2.399309580086051241e+01 1.809108034860758885e+00
1.166054618605646809e+01 -6.793948069532342871e+00 3.759215172253988868e+01
-1.078517834213912341e+00 -8.277400667661353850e+00 -2.694389343227086009e+00
5.247988455302100341e+00 7.712516544183725564e+00 -3.949453073583521601e+00
1.501259672957350855e+00 -2.307931205875035197e+00 -7.287743400036719166e-01
5.136282337480420068e+00 -5.626141056306656907e+01 1.374980315494929251e+01
-9.664598354300224514e+00 -1.628472450290360030e+01 -1.309540216054505635e+01
2.112506513313311984e+01 3.089137619163164672e+01 -2.529578020654174253e+00
-2.656085092492537658e+00 2.829769208206743825e-01 4.554720857619495966e+00
-1.700350197581852996e+01 -1.578956133823373520e+01 -3.196820930064038446e+00
-1.735962867215529171e+00 -5.381871924796767459e+00 5.645985582799586955e-02
-4.265755169848983286e+00 8.438159970373279251e+00 1.735044376292301749e+01
-1.761944121123639562e+01 -1.051835223468511105e+00 1.815113089874206054e+01
-1.718188312028054554e+00 1.439375909685107979e+00 -1.026447242413057559e+01
-1.294331424423199017e+01 4.781879666280920205e+00 -1.347220767414649245e+00
3.896615448160094086e+00 -1.043517428805325942e+01 -9.327395790734724912e+00
-5.920533584383461667e-01 -5.640744771378270350e+00 7.460205909390127843e+00
-3.592493487931991414e+00 -7.476120180531429682e+00 -4.603731183177859343e+00
1.767522102168465725e+00 1.330469992785288547e+01 1.227982530873775779e+01
-2.754413173865987385e+00 -1.305518207323147939e+00 -1.708505920852914306e+00
4.137659549306953455e-01 1.266269470203151171e+00 7.465027495759346543e+00
8.118809645793819030e+00 -8.393921701087606380e+00 1.616423475522663855e+00
3.191299365316291770e+00 -4.812312867577812625e+00 1.705008593211956525e+00
6.173466946165223845e+00 8.725752324535122284e+00 -1.203073964440815224e+01
1.672329027001649848e+01 -9.397573930587332924e+00 1.878479926816426282e+00
3.725828479826493833e+01 -3.639721829772068595e+00 -2.496845480257198879e+00
1.098055889699656973e+01 -9.302300540840441556e+00 -3.345573130636495307e+00
-1.824352562569564995e+01 4.174183102264027667e+00 8.286116877050968554e+00
2.784768198363961833e+00 -1.098057853224478464e+00 2.416547366044991563e+01
2.071315489935494636e+00 -5.125517989727844892e+00 1.336191781647305010e+00
1.937207156862163160e+01 -1.120216242568229958e+01 -2.280670211219058174e+01
8.792904140525431345e+00 1.162144344905771298e+01 3.286378865823512019e+00
-5.515993433692488956e+00 9.661416232880000177e-01 -7.229333106352363814e+00
-4.779609436248506982e-01 -2.705880788422067695e+00 7.281576840012434992e+00
1.639025497661299013e+01 1.667642747437421846e+01 -1.402653608228595639e+00
-5.717602502741951476e+00 1.280901824523400556e+01 1.699567006399210811e+01
-8.287225605670224482e+00 -1.733835765631347725e-01 -8.381478222878703477e+00
3.190676470702674195e+01 -2.643344824860903231e+01 2.541743496266992608e+01
2.523739676633365736e+00 -7.194397180266243197e-02 8.766235531919331692e+00
1.261133131910161076e+01 7.314330303607248673e+00 3.705177024047334733e+00
5.022740588645032034e+00 1.038870074443426361e+01 -7.552398323840310568e-02
2.638075679540636287e+01 1.459511167613663218e+01 -1.491769053941593981e+00
-8.380964617477177470e+00 -5.169898772922395525e-01 4.115801789941757605e+00
9.460499020803084802e-01 -2.089021531732971937e+01 4.728806660843993370e+00
2.996915314844271983e+00 -2.879429976729254825e+00 4.287590456226797464e-01
-9.929227603571221250e-01 8.195870229095028492e+00 -1.424804991297509815e+00
-8.742825185405672883e+00 -3.534799625531206146e+01 -1.057381290425397324e+01
4.255347718943552238e+00 -5.652940753853825662e+00 -1.126419117393405500e+00
1.260915511794798149e+01 1.489434387768793044e+01 1.179484270800127810e+01
1.684246622823047268e+00 -2.298647289135997696e+01 1.609415998634491274e+01
2.874865949629572626e+01 -1.178061207476701355e+01 -6.609432063288170234e+00
-2.933189403635519099e+01 1.811528320344946792e+02 -1.689296126193912073e+02
1.887494537143071582e+00 -5.217044347595867215e+00 -4.609925626803580201e+00
-1.002616344264335213e+00 7.021208380988295694e+00 2.110489360017603122e+00
-5.483540879013352409e+00 -8.888159265607875170e+00 1.142090758903344661e+00
8.821321720381264386e-01 6.604862858556367122e+00 -3.301566726531970364e-01
4.670329398328021853e+00 -1.160400439684200036e+00 -6.607242271958361890e+00
1.485239526595274384e+01 -9.378563319039214363e+00 -1.386298614691467312e+00
-2.422485612392025089e+00 -2.244318467781529325e+00 1.259394175025806284e+01
-1.072486987193106200e+00 7.068138096416982208e+00 1.581935868557166947e+00
2.088750165524953673e+01 4.529217660534717638e+00 -9.756695095949257990e+00
-4.121835710562239186e+00 -1.547646833446527914e+01 9.848310007114319475e+00
-1.691974605216489902e+00 -1.072168027614528718e+01 -4.907059389624254209e+01
6.648241788617305303e+00 -2.003420037618906413e+00 -2.844028671295165900e+00
-9.231351472933901903e+00 4.986199862444680164e+00 -8.571446397473426515e+00
4.264503760089522366e+00 1.253311502265290400e+01 -3.846209736116372735e+00
4.709097848372640449e+00 1.393575696054538460e+00 2.093233342659201579e+00
5.085745345224866654e+00 9.273177375348168328e-02 4.325364004527973094e+00
5.308037996225873911e+00 -1.747998240718413854e+01 2.852251088308530669e+01
-2.383088026061319198e+00 4.196166812761452647e+00 -3.434452436809122489e+00
2.965502958812983181e+01 -2.930943671573944442e+01 3.898381546359747318e+01
4.505445918223215607e+00 5.061437782179275535e-01 -7.158927910352661073e+00
2.589534392354873926e+00 -8.631544867625751127e-01 1.483427421285084202e+00
3.218508630200022935e+01 2.274242196293178608e+01 -3.912127046493658611e+01
-6.254667580504270852e+00 9.738019463702383138e-01 -1.102464953501911954e-01
-6.968216538984830066e+00 -1.429271185189006843e+01 6.527490791425679006e+00
-4.888230951306010930e+00 4.250084806854059316e+00 3.213996877204459590e+00
-6.832447061142445932e-01 -7.031635913160342533e+00 4.703855995027444337e+00
-1.755488050944858491e+00 -2.892430828393206976e+00 6.271950899677837477e+00
1.254501240463290701e+00 -3.497956199855300596e+00 2.083420024780784363e+00
-1.006651448289389128e+00 7.215305566864501863e+00 -2.640869458164607941e+00
-8.142734356779505189e-01 -4.260354178936103686e+00 2.335076822485669723e+00
-8.407990424417301156e+00 -4.919828881552350985e+00 2.311469857771553560e+00
-1.034043495158132320e+00 -1.164859993594164811e+00 -8.100464031596720460e+00
4.739772661017835453e+00 7.782633192379994291e+00 -1.037299121927860446e+00
-8.802098967987742384e+00 9.505293277885672465e-01 3.000120294207361038e+00
4.963903714776820131e+00 6.983451985395532802e+00 -7.990834844178350771e+00
-1.190963311397756286e+01 -8.705042040763883548e+00 1.563140121202781119e+00
-3.206172871101101407e+01 -7.451355749530462980e+00 2.314555298994205035e-01
-3.359551139783633733e+00 -5.958209587152129671e+00 2.150703587307713605e+01
4.739530764042818034e-01 -1.220773758155605099e-01 1.726377922172201540e+00
5.470178342107532288e-01 1.591462414149002802e+00 -3.017135331732343051e+00
-3.661902559253350731e+00 -5.678510334732260745e+00 1.312551008541513298e+00
-5.063178849806713622e+00 4.051852361020443993e+00 -3.644544933748813165e+00
-8.426336804075345910e+00 1.063962864233354821e+01 2.784080387786443733e+00
4.792260547108327273e+00 -1.192736685269133678e+00 -2.102576326786788297e+00
-5.560254693116947777e+01 3.492379121009033582e+01 5.423484667187249642e+01
-2.452738761182090776e+00 3.861177037152200953e+00 1.987873749688865876e+00
5.222961400416958888e+00 -1.865043764199282084e+00 1.254718002678968070e+01
1.418936302834117757e+00 1.032920512965423043e+01 5.800767168188758482e+00
6.768679415383722642e+00 -3.328418136477031553e+00 7.775248532051931782e+00
-1.195542790999694072e+00 -2.578902591736738525e+00 5.147742313935695257e+00
-5.975229457132008593e-01 -3.185535335440498717e+00 2.691520228801533410e+00
-3.131032270720111477e+00 4.948942256797482564e+00 -1.313337731509312878e+00
-4.957696488886548458e+00 2.047484213108958784e+01 -5.472245519278794035e+01
5.088019484185507757e+00 1.053935774761922239e+01 6.287502549939187446e+00
-2.777923755852573229e-01 -4.865344780145710590e-01 -4.090476632737498619e+00
-2.542186739913334215e+00 -6.923058558442187405e+01 8.631739517850054710e+01
4.364106375606485955e+00 2.097299143157972168e+00 -7.581162671475036419e+00
2.234590532724801459e+00 3.754100557904443747e+00 -1.610368450579258148e-01
-6.211639247505416961e+01 6.025241448651888376e+00 1.778436126715656229e+01
-2.660266031848362900e+01 2.406326679516432421e+01 6.616062097439616707e+00
-1.823875403201353507e+01 3.862813306580166639e+00 -1.674410678093292759e+01
-5.675645775138358218e-01 4.957422154475116249e-01 3.816492034940153655e+00
1.170138531919969083e+00 1.793418736333311836e+00 4.761699792647735130e+00
7.690804201290033504e+00 1.402022499932331412e+00 4.532049748260670974e+00
-4.325216394149444810e+00 -2.820572329615385510e+00 1.375395932159031709e+01
1.546201805966350484e+01 8.930367510459916502e+00 3.787592064416647730e+01
-8.466912107313881997e-01 7.727248866652992376e+00 2.709290001965711348e+00
4.316268154067750551e+00 1.486771216380319238e+01 2.516999480924477339e+00
8.827187757880350816e+00 1.223278781765469247e+01 -1.216537474998707680e+00
4.669794990385724986e+00 -1.360481416583399605e+00 -5.822462597906264747e+00
-6.273287275885719438e+00 3.586034855126101761e-01 2.525562561811865336e+00
-1.148374935989506085e+01 -1.884927241278083088e+01 1.404446295159260849e+01
-3.620641791796055742e+01 2.766290346400939626e+00 -6.868917314759803716e+00
-3.359139191865511354e+00 -1.622525325169336341e+00 1.195337568967515018e+01
-2.261034583236706652e+01 -3.890659755437853562e+01 -2.737357304545579950e+01
1.818257734726662633e+01 3.521536409264642842e+00 1.173084705442869025e+00
-1.541459146438727856e+01 3.953703693850477485e+00 -1.334770171954008156e+01
-4.332169616772167942e+00 -2.356498432050567970e+00 4.084425379418487601e-01
1.868422145261997258e+01 1.409818825743741755e+01 -2.523977382317084661e+01
-8.276117739580428179e+00 1.209722127588157470e+01 -2.418296200980439181e+01
7.303527393691891412e+00 -2.432757812782055495e+00 8.533409905305807897e+00
2.677016498282400528e-02 -1.152671883161097277e+01 -3.842856758960210062e+00
1.424758991388650031e+00 -4.901185241715302787e+00 -5.435911315491757101e-01
2.019752209502774676e+01 7.447615132707730901e+00 2.863252664325635077e+00
2.757799654742296269e+00 -1.388391921520580397e+01 2.762727692525618561e+00
6.347401952944038861e+00 -6.015028848986206711e+00 -3.970431965512370986e+00
5.425421884156753194e+00 -3.581748637578693994e+00 -1.147346678167526157e+01
3.523564439790951575e+00 -1.796981192820097384e+00 -6.400014756543777494e+00
4.615589465115783052e-01 -1.236315087398895729e+00 -1.334306038056018162e-01
9.126538274301768894e+00 3.561870096293366927e+00 -6.546377014989194443e+00
6.417044792185636615e-01 -3.914828350159110570e+00 -1.241653101863417152e+00
-3.156825560918046492e+01 1.843554134313611703e+00 2.522653766935708930e+01
2.525191917010668874e+01 1.790755015008530648e+01 6.750324038130089299e+00
-1.569195402902059477e+01 -2.742509353420035101e+00 -3.062867460810656084e+01
1.561653421960564003e+01 2.500910426522715113e+01 1.699946102703579376e+00
-1.003521282847299645e+01 9.107759054353719463e+00 1.605555963464770741e+01
4.749933925608742413e+01 -3.677252843075390132e+01 2.196128174096799412e+01
-4.229569762957401480e+01 -7.634184843354510086e+00 1.560429392051134023e+01
-2.693215990571859564e+00 -5.075752528201274316e+00 -9.166300700614865349e+00
-8.479571098734330903e+00 -3.814577844008597118e+00 -4.504346792848019199e+00
8.034624555141000046e-01 -2.902902369369961821e+00 4.869821533684325132e+00
9.423817796771407629e+00 7.740313909764180877e+00 -2.176105623242669296e+01
4.473596951455746096e-01 4.791793769512727508e+00 5.356184541103915286e+00
5.513182630001934648e+00 -3.950139781131050132e+00 7.590843948229762717e+00
3.283556868929224937e-01 6.454044644809655562e-01 -3.538869434895373534e+00
-3.014747858088851373e+00 -5.249701097574696718e+00 7.876296561291222798e-01
7.990429969141318089e+00 -1.391077092088980782e+00 1.089314154946461777e+01
-2.612940575621256301e+01 -4.228537943745818239e+01 -5.435874158573957970e+01
1.467392157358382576e+00 1.049072089356938875e+01 3.315148277394135867e+00
-4.263441996743272178e+00 -2.717465762413930896e+00 1.024761450386939776e+00
1.119631268609077779e+01 -3.300367229215656284e+00 5.343144084145080575e-01
1.204613148166571723e-01 5.671975185908437744e+00 -5.949262596425858973e+00
-3.500853722624106101e+00 -3.677340160176859385e+00 2.470157376076472122e+00
-1.068813384039163816e+00 2.771972686766030591e+00 1.502628521949251983e+01
3.746191229465952066e+00 -1.161963362704487301e-01 -4.949641486744124741e+00
-1.102120448012373011e+01 -4.018035157314809425e+00 -7.887157210922144834e+00
-3.526786002747471827e+01 1.580946724316394025e+01 -6.573934308734498799e+00
-3.916716763067609630e+00 2.407257402516818079e+00 6.088092144284289020e+00
1.631990014111138265e+01 -5.547219845850055897e+00 1.309577410097932937e+00
6.687524797275925970e+00 -1.305462707419732693e+00 -6.792325448150869249e+00
5.859947040852362399e+00 9.474758558587319968e+00 1.697892635703300401e+00
-7.805528759883156198e+00 -2.085337889179599813e+01 -9.586487292488646617e+00
1.157177805284161565e+01 -6.245854361156039758e+00 5.252545243537714015e+00
1.745308640883239004e+00 6.608687901207116688e+00 -6.953572796596597883e+00
-9.006375300223274039e+00 4.201756240482713345e+00 -5.956510370231559826e+00
2.220178839755718059e+00 1.906942880797874551e+00 -3.089845779504907242e+00
-2.532023476191995304e+00 -3.865927623766843180e+00 1.436980067317958021e+00
-1.812564556848658626e+01 2.742600436228171645e+01 2.544489455470577255e+01
1.084272689529373945e+00 -1.340921149054837391e+00 4.289647773033185452e+00
-7.020100436838811575e+00 -8.891582431275663723e+00 9.091923299020862714e+00
3.636434085702827002e+00 -8.721724135333184691e+00 -1.323815219312694325e+01
3.114046110775579024e+00 2.083123428421451351e+01 -7.044918531749266855e-02
1.947556056371715982e+01 1.697516734947563322e+01 3.597641468669588960e+01
1.136982384691142478e+01 -5.273102508146148892e+00 7.334723429341158951e-01
3.838142006886911872e+00 -1.414090933934202488e+00 -3.801417244923436023e+00
1.265412777880824180e+01 -8.540681001273032535e+00 -6.004559377227436379e+00
1.920949843158557968e+01 -2.485028693803944222e+01 5.756811833519648758e+00
-7.532124905065876064e+00 -2.410953751964910907e+00 -4.515387771365491965e+00
1.896308487458329139e+01 2.559672878363519288e+01 -1.317118986299853134e+01
2.202493368794736561e+00 -1.318181747667747317e+00 5.437071078344430042e+00
1.070646138061377961e+01 1.034866817508976311e+01 -7.747107942799108748e+00
4.363611522508060503e+00 -1.513986426691694476e+01 4.667454010790555330e+00
5.771365493968309579e+01 2.186188184549247637e+01 1.801197940096771788e+01
5.671547382323293363e+00 -1.031566038416549880e+01 1.938776968807467327e+01
-5.901241115339816545e+00 3.919124252830690658e+00 6.324752583818896490e+00
3.850802370320070445e+00 -8.965177845210103413e+00 -7.005316465726593833e+00
-5.063931264484587302e+00 -1.373160687923858855e-02 1.209990682610500734e+01
5.882175809618870765e+00 -8.804612181281157746e+00 -8.084414601319496185e-01
-2.186672726491203989e+01 -6.279752886918555710e+00 3.942299227820719665e+01
4.552328943400600991e+01 9.736280258942452193e+00 1.107802003684262893e+01
-6.966991650367558853e-01 2.717404254764759841e+01 2.408954610463892809e+00
-9.530231075146494035e+00 1.512128383783172403e+01 -1.412194602205427785e+01
2.009472470989245307e-01 -9.463437661424936920e+00 -1.093200784543390292e+01
-3.744400740680621453e+01 9.079669055410313661e+00 -1.838705222686133567e+01
1.245686343158932674e+00 6.696463886449764757e+00 7.353375883056878060e+00
2.340159075079188411e-01 1.012447214704103970e+01 2.504038650520566733e+00
2.243873466988096921e-01 -6.642700243144318284e-01 -1.378695431496334756e+01
-2.708250472671228337e+01 -2.760841556558809629e+01 5.226744282972064504e+00
6.074860277143101506e-01 -2.513756610096751221e-01 -6.339544893184867469e+00
-1.489000594903806274e+01 1.236515535200006788e+01 6.909799087127635353e+00
4.083079590876430132e+00 1.056936505973739138e+01 -4.932202071758475803e+00
5.289970947548781055e+00 -1.233394733758000505e+01 2.915397728998365245e+00
9.380255861702073261e+00 -2.707212722019411544e+00 9.897355906261815051e+00
-8.082551732302798442e+00 -2.613096196963956785e+01 -9.580002834256029942e+00
-4.581318488364017227e+00 -5.968100522773588601e+00 1.590587131143743616e+00
-4.526606716482957538e+00 1.196651400675520627e+01 -4.395554567700978410e+00
1.549699525377329135e+00 3.211000549025951223e+00 -6.376542555125925382e+00
1.503548027581943991e+01 1.597174437637612243e+01 5.415263577236786752e+00
3.316650774976349680e+01 6.529217727493139556e+00 -7.352047227279944863e+00
9.234613923654810819e-02 -2.271738127959881837e+00 -3.074608369562873644e+00
-6.547832358344564341e+00 -2.280690691091394329e-01 1.616081357699886567e+01
-1.525540306644797539e+01 4.147500435564605681e+00 1.462045358050918864e+01
2.417580641501017702e+00 -1.376900773985891568e+01 -1.014103401951575112e+00
-2.909623059874727247e+00 1.394076235258617480e+01 4.885273994324398572e+00
1.248796000593339173e+01 -6.377874205200640745e+00 -1.223797399918639073e+01
-8.969584988281193105e+00 -2.743880668312264515e+00 3.684554574895486212e+00
-1.108269866296706496e+01 -1.723293606041053500e-02 4.133639948199056668e+00
3.890565213960684332e+00 6.829923144866150153e+00 -4.976924927827102607e+00
-2.919319496290613269e-01 -5.011893998655837734e+00 7.565055691528007387e+00
7.677840928457243530e-01 -8.084099302035035350e+00 2.191430880877231147e+00
-8.309243461052792767e+00 -1.868783777013040748e+01 -8.268037719613756664e+00
9.429624645482437018e+01 5.491329575717196576e+01 -5.446981028838214911e+01
-4.190002143664679046e+00 5.071312004501013604e+00 2.310225256739080191e+00
1.359328097857884075e+02 2.267940125406304617e+02 1.310623670220174972e+02
5.710037954991141085e+00 1.807783041486344544e+01 -1.747399880085816193e+01
-4.424405483741796985e+00 2.605836760635739768e+00 -1.138916751448014075e+01
5.775529952425954683e+00 1.609599016403917782e+00 1.606674638633138974e+00
-2.170154797771261190e+00 3.109913312663826979e+00 -6.368074182696183527e+00
1.732022722077881838e+01 7.604604147300435102e+00 -3.069468209595247910e+00
1.147250163890844554e+00 3.443378291661779667e+00 5.010006337419358857e+00
3.081497884081696004e+00 4.793551385238214557e+00 5.768740603449067805e+00
5.317802106691591923e+00 -1.263973382795790634e+00 -3.416079061610745704e+00
-2.907257859721696924e+00 -4.561380886750122876e+00 1.290478204652611893e+01
-9.541228972174947698e-01 8.454071149327863566e+01 -5.403176952375654452e+01
3.863795121853558889e+00 2.299776423349137566e+00 2.972777819721409642e+00
1.121825727158303820e+01 -1.876770384122559976e-01 -8.777748299844413182e+00
2.699466179241081232e+00 -5.743861046324009179e-01 -6.099665053215904464e+00
2.899940301038606894e+00 3.913534474078859127e+00 1.066482626924593724e+01
8.962950134675855551e+00 -2.603163246544479392e+00 -5.637466125375132364e+00
-3.939395028811309984e+00 8.442580184053811720e+00 -3.587319805792818617e+00
5.224400303889558117e+00 -8.734154149151722279e+00 -2.709266897905196814e+00
5.933069220221220519e+00 2.963279032802062507e-01 -5.988542556428675390e+00
2.088675040855736142e+01 -2.258144009534821706e+01 -1.778260232366422855e+01
2.040243526251778405e+00 2.573180841786546047e+00 -1.615375692569869681e+00
-8.363082876478191707e+00 8.850341528540720759e+00 4.310109986095437051e+00
-7.581945573115929982e+00 -2.290995084176083907e+01 4.231506435311125358e+00
9.364461590196611951e+00 -2.440645477067812097e-01 -3.049528670685680565e-01
3.707592339551598837e+00 -2.112230997838024094e-01 -5.748451131941798131e+00
1.643225230249647595e+01 8.740402274400054239e+01 -2.565919054307245162e+01
-8.868453760835286914e+00 3.564008256705958555e+00 4.644131459149648755e+00
-9.102321642879887875e+00 1.689010274543246926e+00 -1.769821945695362775e+00
5.607475188075220274e+00 6.628768575845217725e+00 5.494651922503836161e+00
3.879743791283739807e+00 -2.583068860394116317e+00 -6.249609528724236363e+00
6.755655112917898775e-01 -1.523631829044582719e+00 1.150526668878704761e+01
-1.157997058284922637e-01 1.948931868950823088e+01 -4.240133970679204722e+00
5.657933237629089618e+00 -2.399503190658504259e+00 -4.914056627730700733e+00
1.936659243203232794e+00 7.069994963802979093e-01 -7.907354329749834321e+00
5.215299219841969425e+00 -1.997612702191104361e+01 -2.771561910104226367e+00
-9.767044860630747394e+00 4.460682359261501695e+00 -4.804528386135076268e-01
-2.143376446369238852e+00 3.383310816946528909e+00 -1.876183944701346418e+00
2.484660086479807628e+00 -1.383472370071809898e+00 9.493986084777019663e-01
1.040485366340325335e+01 1.518457908314074123e+00 -1.307448502577153726e-01
5.292232275759791271e+00 -1.413166994113734454e+01 -1.259393586416342536e+01
-9.417076471287270323e+00 1.231567046611177663e+00 -8.940656281230356939e+00
-4.316895706901748753e+01 -1.921306639976833708e+01 7.334254931613858330e-01
3.116554168128809477e-01 4.385138206269372674e+00 7.208220808702912485e+00
9.226066764920306085e+00 -2.383400390508148003e+00 1.326531794446630386e+00
1.020915779137613377e+01 4.640096895636349750e+00 1.725291433541926489e+00
6.323049946425769008e+00 -1.526584671216681510e+00 -4.782131321258673573e-01
-8.502877208171668144e+00 1.163882729277407080e+01 2.285558833219647479e+00
9.909513062073574408e-02 1.981316009087139784e+00 3.447440501998163320e+00
-1.440283398410894300e+01 -6.580383752934326935e+01 4.637279527840558302e+01
-2.027270495672156780e+00 2.557235085652433959e+00 -8.323824995298084062e+00
9.728724645331393361e+00 -4.570299267750439931e+00 6.186467032809078503e+00
1.699338969381985009e+01 -6.536827620623673063e+00 -8.212309459059277117e-01
-2.076982217306835921e+01 1.728869582083570000e+00 -6.663841911137343921e+00
9.958313106943071702e+00 -4.800961697650921955e+00 1.514330356900257790e+01
3.687524035180099080e+00 -2.831043832571400909e+00 6.972466147915021395e+00
6.943520038872441624e+00 -6.677457901351452563e+00 2.539870584720588909e+00
-2.661292012444799848e+00 6.182264533718694999e+00 -7.705789170055821202e+00
-1.388632559338181593e+01 3.880127014277404918e+00 1.294321442074309214e+00
-7.101022403368833835e+00 1.984076604483120931e+01 -7.291459294626885246e-01
-1.930340549783896975e+01 -2.488479474806366998e+00 -1.233083555337882942e+01
6.685934306418340078e+00 5.138303621549493272e+00 1.651984410902958667e+00
-1.167863179576789889e+01 -2.388776066408319210e+01 -1.581674306008293840e+01
-1.045327058499740858e+01 -8.803750756560976498e+00 3.080881723480914935e+00
-5.666590030368191755e+00 -1.813340281859646463e+00 -7.565695394054981371e+00
-5.990416366071277032e+00 1.300661232189314198e+01 -1.326133520822611089e+01
-3.592980660272688809e+00 2.646751075486922122e+00 8.257603574794122991e+00
-3.092614148193761903e-01 -6.030180726444088535e+00 -8.054092201631291026e-01
-5.708989459443818859e+00 -3.499037605255363115e+00 3.493386558530490404e+00
-1.164915677232765567e+00 7.169392139112213957e-01 -1.065802124657940730e+01
-8.837684610293996101e+00 3.362155535611022117e+01 1.553445835147243059e+01
-1.347501765426020626e+01 -5.320022240826581594e+00 -7.460406327258627179e+00
-1.022160024101197529e+01 -1.082874771020470916e+01 -2.010002624564982021e+00
-1.573353305070782682e+01 -4.039510718997213701e+01 7.314733558612050324e+00
1.347863208048564632e+00 1.346255499892911089e+01 1.633258625322063651e+01
7.806871248791591889e+00 6.546407605652063033e+00 -1.262613407379414632e+01
-2.314764509360125455e+00 1.986449475249007079e+01 7.581704804416973253e+00
-1.347605975072682538e+00 6.137672362819553307e+00 -2.198203472620137688e+01
2.154740571777047087e-01 -7.500051987956108057e+00 -1.007724239435671265e+01
-3.180910370557631595e+00 1.803208140639505785e+01 -5.242460432671641080e+00
-4.579649412751899717e+01 6.126205657005819205e+01 -2.679591280738616632e+01
1.041392697611894569e+01 -6.413889526172525279e+00 6.055037462782485447e-01
9.486228216491925380e+00 -1.252306391724712853e+01 -7.219161870629287492e+00
-1.553573135833122620e+01 1.616579633991798159e+00 2.655153189101051581e+00
-8.488699068376106993e+00 4.017664358193723251e-01 2.813832120649875534e+00
-8.597957553148862786e+00 -1.911867297977863700e+01 6.035043890816524925e-01
-2.294147471218128675e+00 4.102940292689044810e+00 5.339680930825034366e+00
9.490166401674922270e+01 -3.063555134522921719e+01 2.071918817939982915e+01
3.175315979822287971e-01 2.692385574259403924e+01 2.089308091498200781e+01
5.064132104268528423e+01 -2.923637141287316510e+01 7.545107944935247168e+00
2.844694225111383812e-01 -1.054053657427345136e+00 2.670997112700322695e+00
2.392465209483538580e+00 -3.574121928180147734e+00 2.790132109676733418e-01
3.996716152865351201e+00 -4.083311146339299924e+00 -3.543114215599147965e+00
4.272811521263732537e+00 2.564144448711418001e+00 2.069933343900670852e+00
-3.982326518644300428e+00 -5.116587168352237924e+00 1.557846006877758427e+01
-4.714384844251602757e+00 -4.833963240180537690e-01 -4.431137490131557555e-01
1.890507903668325795e+01 1.220184582919590355e+01 3.288828678454855936e+00
-7.590601939224115302e-01 -2.891432153491172219e+00 4.881427481785839184e+00
-7.012923548278199526e+00 -9.809247718314093589e+00 -1.261815409861416981e+01
-5.893651092889968801e+00 -2.631993624789240371e+00 3.503395760578628337e+00
-9.492969646786313831e+00 -1.370459140423647693e+00 2.304524800590166400e+00
-6.524547176359106970e+00 1.775012200567738230e+00 8.502801167484832501e-01
-1.176435443327670249e+01 -1.142016523685889773e+01 4.562515647806477403e+01
1.215365860541422593e+00 3.451397687965407801e+00 -2.694458552493777415e+00
1.063365450161912085e+00 8.040126642048285532e+00 -7.782186200897442951e-01
-3.178800559245472890e+00 6.310553514923937790e+00 1.204755396212380525e+01
4.231117991301785963e+01 1.488794369143089398e+02 -5.097111633104305817e+00
6.942428860364460164e+00 -3.753121181685365126e+00 1.335333444253166313e+01
-3.036727548962269818e+00 -1.226784974084083935e+00 1.327713686729216302e+00
2.579086803346211809e+01 2.115754213496958513e+01 -2.541750184602857843e+01
1.314817903626130935e+00 -1.470062181684309266e+01 8.232073533477906935e+00
3.844378051223323323e-01 -5.466529891576079159e+00 5.525398641506954256e+00
5.364527109795565352e+00 -8.851857103854779751e+00 4.372732816770978026e+00
4.775715670716851946e+01 1.888090412229819037e+01 -6.687095362286065381e+00
-1.876679107590181061e+01 -2.054383672368513203e+01 -1.200648274755629519e+00
1.597179036516297934e+01 -1.702106390786719103e+01 -6.785677583432803139e+00
2.426261175309157281e+01 -3.973044667524239770e+01 1.960375042319068939e+01
-2.020965604470961452e+01 -2.479383264338361759e+00 1.340073409663412285e+01
1.258602815356538507e+00 2.182802580199127096e+00 -2.022369834792495102e-01
2.297436233719143850e+00 -6.297921865268648389e+00 3.939011737006006819e-01
6.822340317355827466e+00 6.125454226071321173e+00 -5.654351730726227210e+00
1.471952083019937874e+01 -4.159385968953174029e+00 9.838904886831796759e+00
1.341677489953411850e+01 1.391106894840583763e+01 1.667112898597110870e+01
7.245816482191946406e+00 4.107581764345344055e+00 -3.046520182700949420e+01
-5.483215032354263663e+00 1.536605016387415823e+01 -1.419397832202505860e+01
1.232971718261329386e+01 2.038177067367903561e+01 -2.214769240115994720e+01
-8.724199404575037065e+00 1.175583537973879444e+01 2.135641019007862573e-01
-6.733071062607379531e+00 2.314285441451560388e+01 5.527732895976472882e+00
-3.550294302908932331e-01 -3.932004512821516862e+00 -2.453327153807006999e-01
2.011730753567066188e+01 1.240002665234620771e+01 3.141574000665900002e+01
-8.063321326988877047e+00 -6.953181521224471862e-01 1.462330724616855093e+01
-4.652241993881442106e+00 8.243497576497290424e+00 -4.784536272373212995e+00
-1.735732613637240362e+01 9.143070080229263041e-01 -3.681043299382982692e+00
1.676257664816891335e+01 -2.746895000307360490e+01 1.054501016113002088e+01
-1.672062524580893594e+01 -2.135700104651271403e+01 -9.014714976700084037e+00
7.938440048471582244e-01 3.296781729306760944e+00 -4.265394624537927726e+00
-1.591444736372126201e+01 1.777326662875282892e+01 1.389068588911697155e+00
6.240403788249334838e+00 -6.214929381045363854e+00 1.072513995745406667e+01
7.012358552113038712e+00 -1.187475846373619426e+01 1.631849894349491237e+01
6.165686611846592946e+00 -3.366630184659040181e-01 -7.029286625970414981e+00
3.045269938564620915e+00 2.175704558042816650e-01 3.261278496978096131e-01
-7.002213296918185392e+00 -6.770398212547052985e-01 2.602099382073566147e+01
5.311768174934105247e+00 -5.672755754309409149e+00 1.831964426178336103e+00
-2.530837683152549200e+00 -6.099956525896023329e+00 4.698421014799406770e+00
-2.334403859797284930e+00 -1.750993211358495172e+00 3.518620967446022707e+00
7.870974617101342830e+00 6.821097250125187195e+00 3.466742970560838444e+01
-7.877851857525039136e+00 3.611291929521958544e+00 3.281172399322830335e-01
2.960325174929276382e-01 -1.254466772478955328e+01 4.696790744908045490e+00
6.647834631587422327e-02 -4.585609555381066293e+00 9.306120295122635611e+00
-7.326979444331951363e+00 4.597970278927371868e-01 2.778630950162682467e+00
1.250897807355960012e+01 -3.822719796486327937e+01 -1.386543553255964234e+00
1.863211311433332185e+01 -4.734178418136190114e-01 -1.319344250763979431e+01
-1.496078606013735657e+00 -7.616877544146327672e-01 -4.377860974711845543e+00
9.359021666688565944e+00 2.538749447268476622e+00 -7.554328307501603668e+00
-2.887029306256214234e+00 -1.997814511063580412e+01 4.911657503048195927e+00
-7.188132115524805243e+00 -1.842043373303811293e+00 -2.634477589610227710e+00
-1.302028434424026671e+01 -9.756672592444047609e+00 -1.111332410560719097e+01
-5.393161375831921234e+00 -4.424106970081416179e+00 -1.288572295905700571e+01
1.492009283024155586e+01 -5.372364428079126952e+00 2.424453003572401677e+00
-7.043131750233742494e+00 3.537351993446346654e+00 2.624766198481850221e+00
7.166889302095010628e+00 1.018766764253235735e+01 2.396377373298081537e+01
1.645127813560864238e+00 9.863858884669904015e+00 7.675912041534449948e+00
-3.211918082816683118e+00 -2.086785615339604760e+01 4.577217497093578835e+00
-7.330250623752264438e+00 1.452578933450665133e+00 -1.821221257463096821e+00
-2.059870868411254552e+00 1.317947943793094190e+01 -9.901370468722484830e+00
-1.282355322992520286e+01 -2.337348809392064464e+00 1.419636588953701706e+00
-6.445573691396941030e+00 -4.272577737046296953e+00 9.303115569510890248e-01
1.494570239007402535e+01 7.392890710791630404e+00 -1.422031314947271596e+01
-6.596246622275215188e+00 -3.473495747404247602e+00 -8.182298939937087567e+00
-8.623365378936696857e+00 -7.565099792418764402e+00 3.700248663448874598e-01
-1.872577899312292571e+00 1.939664864875529915e+00 -3.564298290798666891e+00
2.298105531553381127e+02 1.180545849151754396e+02 1.823721515733775220e+02
-1.767481512461678150e+01 -7.029881713883747274e+00 7.089329233189951118e+00
8.001326867554564570e-01 5.435215508027453346e+00 -1.424100458407529413e+00
1.081822382419330886e+01 -4.907110182939308451e+00 1.673135086323535958e+01
1.401242728548182936e-01 5.435282922586572862e-01 -7.446318862360268298e+00
8.053044318669298818e+00 -5.162720087089145871e+00 2.850675188020453721e+00
2.783738337035866195e+01 1.308191199745714606e+01 1.656516056060655018e+01
-6.095860740469335681e+00 9.107533939103943155e+00 1.989578040981575813e-01
-1.330544706090965512e+01 -5.464763852342338524e+00 -6.349170165240238362e+00
9.685960765038736042e+00 -2.533298583892323652e+00 7.116906256568384492e+00
1.977880059116954969e+00 -4.656897450645752556e+00 3.582930611263645648e+00
3.596680015112862172e+00 -1.220443959234653875e+01 -4.058582670396759795e+00
3.133797452954008911e+00 -2.428389369999756742e+00 7.519268576836196871e+00
-3.543315371073961106e+00 -4.028172232371773021e+00 -2.692621272745156613e+00
6.988321806048357843e+00 1.361925942072953477e+00 -9.240719639827547738e+00
-9.259315311986332730e+00 4.119273321230906504e+00 1.032588729605127753e+01
-3.722433350345266234e+00 -8.609252102894533465e+00 -1.840441386638757137e+01
2.234381533960820843e+00 7.640794191329878693e+00 -4.470097837318893319e+00
4.688002515022539285e+00 -1.352337533808496861e+00 -7.583550208755307942e+00
1.903516924069470484e-01 1.061957129125327803e+01 -1.167092869048247827e+00
1.491998966637559265e+00 -2.150437817681519537e+00 -1.005935398702055839e+00
6.841688320146185553e+00 -8.249329298495509111e-01 -2.852082494053814088e+00
1.220554155243749150e+01 6.105418079567037637e+00 -1.114495822354607313e+01
-1.279892158584741146e+01 -3.951568978820158229e+00 -1.546748112661709085e+00
1.065938941866991385e+01 2.550982178700413883e+01 -3.830641343186558601e+01
-1.436392314663580017e+01 -2.637899873045136800e+01 1.455949721150308962e+00
1.358987033610134709e+01 1.437087386527274369e+01 2.252997057591922214e+01
3.443171276244510359e+00 -6.014434351963411807e+00 1.193162960921443272e+01
6.792703850720212877e+00 1.523700590147169542e+01 -9.199040384473425647e+00
8.079555431541562527e+00 1.127048662133927870e+01 1.311870546851856467e+01
1.356824481612146016e+01 -3.332488446764901635e+00 -1.402542157989399918e+01
1.248512026803274333e+00 -7.508630868484946763e-01 8.114743267341303579e+00
2.410823779978992576e+01 -1.173199771063491959e+01 -2.004443390128017555e+01
-3.840164089428831140e+00 -1.884192311428180666e+00 1.215379769940479138e+00
1.658045864312312156e+00 -1.006007098899028485e+01 1.211501983915168346e+01
-9.197641610987069782e+00 1.350287316457305131e+01 1.296348699014052919e+01
2.283052127474401161e+01 1.824724190231929200e+01 2.287227112704228205e+01
2.000074660491030087e+01 9.924412569098111092e+00 3.728221149895085063e+01
4.627114624096178908e+00 3.166315539938809653e+00 -2.177853264443637471e+00
7.643754706650688568e+00 2.746289833139379866e+01 -4.905830644989380929e+00
-1.751235614529192119e+01 -2.142106069474120300e+00 3.352764865159241658e+00
-2.648891299087563045e+00 6.304241726976981930e+00 -1.851416670811679310e+01
1.082027702304083938e+01 5.579973800062909106e+00 1.191336644128721423e+00
-2.483953733872411362e+01 1.343491414511244741e+01 1.036253920176456234e+01
6.105957730795913108e+01 1.254696999642398225e+02 -5.518110369347584054e+01
-5.027366384419785783e-01 1.205191567378445905e+00 -2.902444005731779963e+00
-5.520363306729889175e+00 7.763942025272856373e-01 -9.009463025235689315e+00
-9.513339332974473095e-01 -3.432068115485427118e+00 1.576659756556347158e+00
3.273749914080823498e+00 3.135704320108043675e+00 5.969516976596235480e+00
2.513823103302000206e+01 -3.035160111119946436e+01 6.954705717720348623e+00
6.421816947633305794e+00 4.786700422553335166e+00 -1.109494440849439556e+01
7.584748451173834560e+00 -7.021113507282705335e+00 2.051293317729162347e+00
3.298520192924708105e+00 -7.786257643393151184e+00 1.197010874294540672e+00
1.762957668622959106e+00 1.019953638530762952e+01 3.588108013367097726e+00
5.964984282122656190e+00 1.622341215974433704e+00 -1.358391307017054350e+00
-1.659414523387182783e+01 8.086417009699847114e+00 1.245798514117769606e+01
-1.422841134990334844e+01 2.519975980730317033e+00 -1.099755053737229982e-01
-3.068730074445234379e+00 -4.228203635100276081e+00 2.203609594572756691e+01
4.942547976778270069e+00 -4.326644139742580109e+00 -8.192035499447211322e+00
-1.862109706301024126e+00 -9.165611577760364170e+00 6.272042572735637478e+00
-1.713172792302373626e+00 -9.238349083617903190e+00 -3.338555335400926971e+00
-2.744019221894831995e-02 -6.882663611615505772e+00 6.214581638364265359e+00
-8.018747663915865687e+00 -2.600466675248243931e+00 4.102712907184971947e+00
1.048830847313852033e+01 5.339481486998656656e+00 4.962395613594940080e+00
-1.126634595224060220e+01 1.776400561530524058e+00 -6.270931716810956846e-01
7.873072702815619550e+00 -9.963083728764139835e+00 -5.116752961076452166e+00
-2.418428475872853145e+00 2.919970674142286504e-01 -4.148690436983096808e-01
-6.378762667750855764e-01 -6.203396969453288667e-01 -3.899816463480683115e+00
-7.439750588709886259e+00 -7.528008733126160479e+00 4.191097273978899196e+00
-9.620654796783009721e-02 -4.421521279428428208e+00 -4.951128434804294542e+00
2.851173034993244482e+00 -9.098937457171254461e-01 1.258083512914553204e+01
1.367270579238485828e+00 4.464351135242819346e+00 9.764313108123996027e-03
-1.613668303178006636e-01 -6.490889033356998183e+00 -6.899312343240182166e+00
-5.825588439817162012e+00 -7.186567454331006521e-01 4.724360656116887824e+00
2.417306219872438877e+00 -5.157832753948940585e+00 -2.109331378245863586e+00
8.170834775533908356e+00 -1.190083637905140934e+00 -1.858555933491211620e+00
-1.896713461712137061e+01 2.172915031049437573e+01 4.888284739972363724e+01
1.222824914723208956e+01 3.861298708604144814e+00 2.989370287987328467e+01
2.514863906040540442e+00 1.066301479717243517e+01 7.718541167530863500e-01
-2.577524906958037043e+00 -1.264080905792983600e+01 1.568427534707928395e+01
-6.575101109597757620e+00 -7.224847196662933513e+00 -3.212234920287390327e+00
-2.068335587443722368e+00 -1.388997196922641209e+01 -2.986616044365633549e+00
1.204555708643126444e+00 2.805428719642856450e+01 8.681545763995949017e+00
-6.478892503972434325e-01 1.005025276656823863e+01 -2.391057178372620218e+00
-2.891430961001786759e+00 2.376334715666521102e+00 -2.554602197500476901e+00
-8.068231666384308554e+00 -2.589449488137870503e+01 1.959193954112348424e+00
7.153469800117668420e+00 -3.215072740312162125e+01 -1.362510310471341413e+01
-1.003703943360429740e+01 -2.318147805302763487e-01 6.118738806567483035e-01
7.601173662362442407e+00 -2.895631647041588597e+00 -1.139162198042021235e+00
-1.212484852698599624e+01 1.970499929903271763e+01 -1.045458521767415228e+01
4.483162625897393561e+00 -4.122027728947204039e-01 1.134428639403727779e+01
5.385918258007265536e+00 -4.072275847982038677e-01 -7.479759137378552136e-01
-1.158293630403632157e+01 -1.258866652984758261e+01 5.395040396073253142e+00
5.465253813658049076e+00 1.570173969789320445e+00 4.243983615255454644e+00
-1.425327691112337369e+01 -7.057366250484592207e+00 -7.929061668905054150e-01
4.871659386446134832e+00 9.854090111521246698e+00 -3.168327451119380189e+00
2.662404964211022929e+01 -4.266930404842995905e+00 1.961399304284928746e+01
-1.761215634864650159e+00 -2.042595140979921453e+00 -9.027720471876477859e+00
2.063537993272763060e+01 5.900769758246926067e+00 5.193073538505016629e+00
3.224155230232687019e-01 2.321540262540438437e+00 4.945691323890635260e+00
6.824557899405502326e+01 -7.713576457149490295e+01 9.390603786230494165e+01
-8.717477251785861192e-01 2.050654037673381502e+00 5.010200577899147412e+00
-2.531009744546818041e+00 1.405588896367753193e+00 -1.479519957399854091e+00
1.459404866634753439e+01 7.448436524301823347e+00 7.412896113029201928e+00
6.321661339713925409e-01 -2.128156298075730035e+00 -5.415887317159541858e+00
1.004039420482031275e+01 -5.024917750058453869e+00 5.711682959179809949e+00
-5.441797612489524205e+00 2.458114755563947984e+00 -3.593122543044154238e+00
-8.223173803045842334e+00 7.809854282339602882e+00 -2.119580088098974358e+00
-4.643370461815390371e+00 -1.214670339790537490e+01 2.195614619857136685e+00
-8.090059575065188469e+00 -2.599048700710162585e+00 1.871331606690733551e+01
-6.709575473341647722e+00 -7.831915955388293327e+00 1.697398689952534623e+00
8.683902988708148030e+00 2.497922075463618441e+01 -2.569813354269092631e+00
-5.786473461366353099e+00 -1.185990086545463340e+00 1.431686222884148663e+01
-3.769873036367013874e+00 2.117702595733168547e+00 -2.416591397135501751e+00
-6.166127489879928447e+01 1.506466356312447274e+01 -4.665048287486852985e+01
-3.130370225409911722e+00 7.962784750320233584e+00 7.504113468084320893e+00
2.457628305126189350e-01 -8.674675290161324881e+00 -3.060285698486616468e+00
6.087541504210046028e+00 1.327668672681656403e+01 1.555586965104327213e+01
-1.331740366466573988e+01 2.117739645570871687e+01 -1.430167024018174970e+00
1.595588175530854258e+01 -2.135360747558535444e+00 1.891796155481410446e+00
1.304332046634876896e+00 -1.281142030118856523e+00 2.009198854376859522e+00
3.350616165337773289e+00 4.338613181606610247e+00 -1.356320101893394003e+01
5.300524306941033714e+00 5.371337960844067894e+00 6.253326181027778041e+00
-2.627980092852296501e+00 1.284929723729619688e+01 -1.738064428708302600e+01
-3.515212983992731921e+01 -4.722433271632620944e+01 5.159738886164817018e+01
5.414866202013760699e+01 -2.304624054230718855e+01 1.412111629526075340e+01
4.625252121981982434e+00 1.115108818419475956e+00 -5.909644722125222849e+00
1.425982988840082832e+01 6.113054789391371813e+00 1.685456029089032270e+01
2.073685298477107963e+01 -5.054436967289016991e+01 1.947096459875118768e+01
-7.438873374059692622e+00 -4.763833288056731341e+00 1.724797104795261049e+01
1.319178269522038427e+01 1.864530959054602732e+01 -2.410189749714368901e+01
-1.899807039082558324e+00 5.847795780711416924e+00 1.436472983210450138e+01
8.780907571031740133e+00 -1.233011791980787253e+00 5.976297575972645326e+00
-1.141160759151941678e-01 -5.593997002808007046e+00 -4.839532066633259078e+00
-5.728221410003818015e+00 4.640319393678996818e+00 -3.119618204063625111e+00
7.125759551677085524e-01 -1.930268018433465571e-01 -8.349020571858259743e+00
-1.951205081071998748e+01 -1.338722663777044275e+01 1.638846749983603246e+01
1.291280354769715011e+01 2.537711435279102901e+01 -6.564191590133545695e+00
-8.523860296231095646e+00 -4.169114755597264632e-01 1.490413904865717454e+00
8.582154782895376144e+00 3.811129957843734761e+00 6.925750778876082592e+00
3.585299174613317064e+01 -1.097681059219010891e+01 2.135042946145118492e+01
-4.850814713150032098e+00 -6.914767524028696322e+00 3.310890762409230348e+01
-2.150023782544707274e+00 1.111283419392783856e+01 1.911331293188157687e+01
2.917650536418062934e+00 -6.757068892086075529e+00 -2.068467900086128353e+00
4.142426445535858370e+00 8.066014150023017137e+00 1.205658694470208303e+01
-2.885851795085871530e+01 -1.646656429603249094e+01 -1.491986619682358217e+01
-6.306256796285772737e+00 1.678707545584322558e+00 5.551009971516395858e+00
-3.029213719882814182e+00 5.005719648697239954e+00 3.102490156940338958e-02
-1.503594174982045395e+00 -7.973685836565441498e+00 5.478240615822913995e+00
1.602348783879075000e+01 -1.508745393855896921e+01 1.440931896008227353e+00
3.511176328478449626e+00 -3.064044437030869705e+00 1.310362771757134004e+00
-2.130657431763055776e+00 4.057698773712082208e+00 1.009505027778174968e+00
-7.008174746770933439e+00 6.026458358104571644e+00 2.153425972119320519e+00
1.161000847826685778e+00 -8.859543463484216286e-01 4.341764423384326221e+00
-1.262113609097695388e+01 9.416316958925012415e+00 -1.172888337949508530e+00
3.139439634814288560e+00 7.875051680778571983e-01 -6.278754954892019846e+00
-4.393790117717151666e+00 1.625778871217938715e+01 2.083043424269274979e+01
6.990411441953012783e+00 1.249031110117499210e+01 -6.585250416474519142e+00
-1.276807537380364010e+00 -5.622597905976639332e+00 3.738156765545159299e+00
-1.109709731466999116e+01 -7.581182081164156372e+00 -7.344586308882957049e+00
-4.184167595774786363e+00 5.183587067831694206e+00 -1.283356336965435496e+00
-6.503198604868161148e+00 -3.536997908910731514e+00 4.420661479824262940e+00
-7.257356060101442630e+00 4.641674154872889702e+00 4.354281574013070255e+00
2.697611696361953548e+01 1.162911626113667829e+01 -1.240743535911319384e+01
-4.548301008229458930e-01 -3.148082427510975112e+00 -1.469369472920164510e+00
2.944316370083413847e+00 6.210322476712923034e+00 1.930799018542955103e+00
-7.008933130521182164e+00 9.993504851009767265e+00 -1.494445062792399748e+00
6.247225511206265125e+00 -2.707773337184467000e+00 4.410662676361705614e+00
2.220951208679139199e+00 -1.909074790010869993e+00 -5.409453002101851204e+00
3.480474691465859305e+00 4.233114151869834529e+00 2.753338097160906273e+01
-6.923779202385877518e+00 4.406710852188339800e+00 3.337223169967379555e+00
6.332133693950875220e+00 5.939337257295619565e+00 -2.290578913591720944e+00
-5.980251054363682428e+00 5.201194877328362054e+00 -7.513731553513659733e+00
7.300010529839545903e+00 -1.680335122466481934e+01 1.482828976170594792e+01
-7.800288504710341242e-02 3.566457923559601895e+00 -4.874699639930799577e+00
1.145933350169455878e+01 -7.369952441825726730e+00 9.104091029725926987e+00
-3.696859264201435291e+00 -4.793477604654798441e+00 2.476133676015264573e+00
-1.061817045583407193e+01 -8.998578348671928850e+00 1.283304965461121050e+01
-3.992521107307836381e+00 2.172774288960832134e+00 5.548543014605071377e+00
-1.030277855632970141e+00 1.649379044919229642e+01 1.719569510424076597e+01
2.032805642703837457e+00 -6.804921601263908215e+00 -3.762270736608711807e+00
5.818457990139817682e+00 -2.460569703015839327e+00 3.389194166876614567e-01
1.563913474948346227e+01 -1.947064551963082124e+01 3.577047424640457329e+00
7.847432061834287431e+00 -1.014226775158191174e+01 4.110553753477828032e+00
1.137220604365542620e+00 -1.462352140468310147e+01 -1.853859614968027092e+00
-1.638789865879103402e+01 -1.781857338217755427e+01 -2.591369933749420440e+01
6.226490630164354112e-01 -4.719478417361530731e+00 3.764348874459858330e+00
-5.716478899658773649e+00 3.496933579344752463e+00 -2.710536803998560451e+00
4.761303719435605153e+00 2.980236954814052819e-01 1.408435291217049246e+00
5.840986222932795791e+00 2.563205994434211732e+01 -2.167245847751403076e+01
-2.291688082843363304e-03 7.275760517036349739e+00 -1.002336769493076929e+01
2.550043245570912553e+00 -4.754501242455027921e+00 -7.210948956571843205e+00
-8.127441155344067303e-02 3.542478365672243612e+00 -7.396484579763931144e+00
1.880540897845015635e+01 -2.263236983493602850e+01 1.262481977888087492e+01
4.668222447419515753e+00 -1.166459680980246993e+01 -2.857748169328612420e+00
-1.773513450684654558e+01 -5.411807973463488297e-01 -1.473899455856682916e+00
4.992121104418405508e+00 2.469251182587809179e+00 -8.546902584416692150e+00
-8.274272821177589776e+00 -2.017321236330534617e+00 1.530041506516597494e+01
-8.217252066125759313e+00 -1.080976901495374065e+01 3.211040609871591567e+00
-5.907835464197349395e+00 4.026998923651491147e+00 -2.474271335337695721e+00
2.966557886415535084e-01 -4.251216308535569866e+00 2.426625162996834284e+00
-1.890807971512050933e+00 -1.020174406222697705e+01 3.170608969702282676e-01
-3.643004484267371001e+00 -1.966417509105730321e+00 -5.789933641598174141e+00
2.761503188347330706e+01 3.252019413915034463e+00 -5.521235815282187431e+00
1.594888451333062562e+01 1.699663606726674603e+00 -9.076303444014486743e+00
3.161925467182651328e+00 -6.497112170303763534e+00 -4.632862849952699946e+01
-4.878759951185847932e+00 1.179726242792777136e+01 -6.562006899932398163e+00
-2.821983563884199686e+00 -7.686699940731372749e+00 4.114693462009737956e+00
-1.105056946560369724e+01 1.279832233533916730e+00 -6.552952914116230154e+00
2.387297525203959658e+00 -5.504005797860524574e+00 -2.412918752849864679e-01
9.235149805828379854e-01 -4.185431447714675457e+00 -5.239623426004635931e-01
1.129837164822243167e+01 1.371499109002918360e+01 1.772063281497252873e+01
-2.046045627015411039e+00 -3.878691477688063216e+00 3.524585295554723441e+00
-1.128388601825370330e+01 1.576182348993677707e+00 1.055264095911613609e+01
-1.921393550128500038e+01 -4.551753606952115838e+00 -3.916587267268454298e+00
4.581455389625990193e+00 8.631887843469499444e+00 3.825280186648501779e+00
-1.640753179451423449e+01 1.604466763956442321e+01 1.455928682185183476e+01
-1.593839639885901782e+01 2.293936533532887623e+01 -2.134976853363743032e+01
4.545969040409363338e-01 -5.328953346752210329e+00 -4.399847621629624506e+00
1.023834136175372578e+01 -3.942462783370046964e+01 -1.479038735134898097e+01
4.942497564742708072e+00 -3.783103595708401823e+00 6.356057858779608161e+00
-7.094248431813051425e+00 -9.963205650811305381e-01 3.654477616948637930e+00
9.117291362467973670e+00 -2.869903749222916911e+00 1.124341535009773274e+01
-1.261263258250314934e+00 -1.603559329185496196e+01 -6.457219512486617852e+00
-3.802754767385922108e+00 7.596974364240359101e+00 4.900030125705240991e+00
-6.390767005776437415e+00 3.825875434481063042e+00 -1.087786503076974931e+01
3.492119979412560582e+00 -2.724069535562670730e+00 2.915187966729600788e+00
2.458634412085182674e+01 -3.540304163276704941e+00 3.263242974537765129e+00
4.946240790202314663e+00 -7.430944410693753888e+00 -4.728318731384549167e+00
-6.854798177033299966e-01 -3.367632083549136013e+00 -1.195710740909314751e+01
4.223743788046411396e+01 -3.473197177481392828e+01 -1.427479724883325041e+01
-6.783371672036381916e+00 -9.584868302020094433e+00 3.303712778489711344e+00
3.090571247317451409e+01 1.715757125171789355e+01 -1.910524276706047431e+01
-3.691365785478191164e+00 -7.321211244349310476e+00 9.641831784764208990e+00
7.712605982372778612e+00 4.065584691896719782e+00 -2.082976191203741578e+01
-2.683382977780821577e+00 1.164993140909562186e+01 -2.903373197373574577e+00
2.699832123147030583e+00 3.719929615547073354e+00 2.335324991086425328e+00
-7.014273243534248969e+00 -3.848620911552569357e+00 -1.227392492867269563e-01
-3.491750706144886252e+00 6.190454480988408115e+00 1.098210232226626459e+01
5.690651139387684410e+00 -2.314054115331301009e+00 3.863379825151486813e+00
-2.614960091719147428e+01 -1.641759526476788622e+01 -1.885343764481085671e+01
-8.775353761591953017e+00 -1.523512365287835202e+01 2.838221329625999445e+01
1.496908762890316602e-01 -4.575202529017321496e+00 -1.055693544217713331e+00
-2.654544649530626854e-01 -2.423489631848048997e+00 -3.241362360983786495e+00
-7.827218670327342309e+00 8.632976303003040641e+00 1.205192595384970033e+01
-3.601979701790997801e+00 -4.577019510539419578e+00 1.064357820468209842e-01
-2.208510988441629574e-02 1.561276905501685697e+01 1.740032770621676161e-01
-8.920000797056360398e+00 1.583299718418360413e+01 -9.896597657837883588e+00
-2.411479008018238002e+00 4.522834931288763016e+00 6.807062132815516753e-01
-1.201854754895387289e+00 1.058940809232624503e+01 3.414512043431257471e+00
2.885907292228000021e+00 -6.124193377701991903e-01 -4.599905558810910122e+00
2.679823504049660965e+00 -7.910822022588102520e+00 4.835214148965724767e+00
1.415090469559352249e+00 -4.044642332064186441e+00 3.304159716483639819e+00
-1.571395931645941779e+01 3.275463487891560721e+00 -2.525465934208844487e+01
3.376098872927885353e+00 -2.419856577014563304e-01 5.263690678723994765e+00
3.709723430724957693e-01 5.420533947792839591e+00 -2.938973170616558406e+01
-8.673871646870045637e+00 2.227074649972605513e+01 2.283695282284958239e+01
1.307573625797836536e+00 -3.817241817408445481e-01 1.582166015531108139e+00
2.977556097835594162e+00 5.877768689970354288e+00 2.147880446358161777e+00
-7.741063725593647860e+00 -2.491361670859966626e+00 2.160952249305858164e+00
-1.488314259814493390e+00 -2.399274259913843910e+00 7.594100167738743190e-01
-1.087410097858325209e+01 -1.210867304790416732e+01 2.490868169045772262e+01
3.091117543499394937e+00 6.141237297146188823e+00 -5.955310979027117924e+00
-1.792548916549466798e+00 -1.969693479303673112e+00 -2.332122227737488007e+00
2.318116977542916235e+00 3.097899575567723218e+00 -1.113832619046412375e+01
-6.899092188497327527e+00 -3.163321430847820359e+00 -7.095638601166562864e+00
1.163287286842598789e+01 -1.579163079642437140e+01 8.552530631604826183e+00
-3.073419522256280789e+00 -9.859413929194005277e+00 -2.709410979142391263e+00
5.847417545323009058e+00 -1.867401608042757247e-02 4.049134250683713354e+00
1.426699519638253832e+01 -2.144065790301193175e+01 -4.322310601014870635e+00
3.684904093656756086e+00 -1.327809333920859380e+01 -1.767442488775611498e+00
-1.324946123470574655e+01 -4.800785546261618464e+00 -1.514687515500126480e+01
-7.740921177901454175e-01 -2.635815820882718707e-01 -1.511543558130477294e+01
7.184012924485839946e+00 -1.003324842200664690e+01 6.773839929091816536e+00
9.002280608611174628e+00 -7.098768166098606613e+00 -2.313181396996814598e+01
-1.845274834294804478e+01 -2.849535211409225610e+00 8.156933152535849274e+00
-7.550765823711565794e+00 -3.195981907886570550e+00 -2.168688365395915696e+00
1.301242971983512131e+00 8.469749534312869255e-01 -1.089015348375093506e+00
-1.214080679875799040e+00 7.321980899153639477e+00 8.627121233452543336e+00
-2.968961866110393810e+00 1.051968874038545776e+00 -3.796094836593181476e+00
-3.186615268883670637e+00 5.746210011903916559e+00 1.241746740641033853e+01
3.617576057746703100e+01 1.532186425527203966e+01 -7.583233665793580158e+00
5.476950306711246164e+00 -4.344994056433537644e+00 -7.722574960021772128e+00
1.435170505027299370e+01 -1.543281781329697466e+01 2.702314289268378467e+00
-3.457885898537861102e+00 1.007120697919664937e-01 1.558580154308229604e+00
1.591836025047394365e+01 2.399968155079681864e+01 1.166666456713158340e+01
-5.830052008074490644e+00 -1.383028801276112996e-01 -4.744609130610643710e+00
5.885619039624815585e+00 -1.891727750485548532e+00 -4.799780989758394512e+00
-7.874681143311458520e+00 4.485463682852104395e-01 5.551968325468224386e+00
-6.570293019081734354e-01 -1.274575661584894171e+01 5.289774874848708563e+00
-1.861366092210946377e+01 4.863492375650411148e+00 1.616929840711080857e+01
-3.087650431401999285e+01 3.930161556859545868e+01 1.713731201201903698e+00
-1.318202306318252193e+00 5.241863147045739524e+00 4.958013111069354828e+00
-5.282082351619876270e+00 -8.594424387687212175e+00 8.411951702518130070e-01
-4.144102170174987165e+00 5.251966733620517580e+00 2.224702285447195393e+00
-6.473791516234525645e+00 1.696036895697860558e+01 -1.091059260081763327e+01
-6.633935439335971296e+00 -2.537483030497014980e+01 -3.518518241071813435e+01
-3.115114747353915448e+01 9.637789995657879416e+00 -6.453521405913849662e+01
-1.403323974931955265e+00 1.223578632910459651e+00 1.769442840099236358e+00
-1.626884896056146612e+00 -1.781553014376761501e+00 1.909989243458502184e+00
-1.081393405154988407e+01 1.741967701072511687e+01 1.240713080092046949e+00
4.228984891646457633e+00 -1.969026283944647560e+01 4.557272746710566480e+00
4.180219755273316196e+01 -7.729257347825937075e+01 -4.370019964733038620e+01
2.615784185467638245e+00 4.696577717112975670e+00 7.171352798564350373e+00
-2.357650634864650208e+00 2.584506982718374424e+00 -2.735667286117762664e+00
-5.257491271889902507e-01 -1.075521791356135104e+01 3.683144635547007884e+00
4.263397273294929235e+00 -8.274386887543940361e+00 -1.075790317695093146e+00
1.825773609208274095e+01 -5.916967189680471861e+00 -8.430060003065712237e+00
-3.357348845328145259e-01 2.890950564153671465e+00 3.292910507735595238e-01
-1.516157649175873523e+01 1.306629833857468626e+01 3.406469297932569695e+00
2.709090181667088260e+00 1.044119212415596820e+01 -1.189151600171724077e+01
5.745027218963867810e+00 7.326868861083424278e+00 -6.659453182430645768e+00
2.689257001016416293e-01 -1.109857782539883075e+01 -1.980716609975711195e+00
3.053530481354469028e+00 7.154792624732832174e+00 5.641274203950616961e-01
-3.794875927257941761e+00 7.255079886096032382e+00 -3.980661742213571497e+00
1.738723895463888880e+01 -1.556851505909957689e+00 1.559219910587918356e+01
9.039695230300425877e+00 1.345154356192275102e+01 7.644826889062391828e+00
4.231749774932188402e+00 6.368896312926216829e+00 -7.073511313112528232e-01
-1.600315546047718973e+00 1.977610673417955667e+01 2.366339817640024101e+00
4.320503810826438418e+00 -1.352540470307928011e+01 7.808967019891314365e+00
8.225797796189494582e-01 -5.331054233200893666e-01 1.541976295270286812e+01
-2.784267263418156002e+00 -8.171639976363366031e+00 -6.342615438172920506e+00
-1.896445462567442064e+01 8.376930902807897539e+00 2.586477769088025180e+00
7.247834220426416785e+00 1.484512679102642707e+01 -6.128852965941756992e+00
1.136025950681296592e+01 1.284425741870209059e+01 -6.931789515933652057e-02
-1.791297852701241311e+01 9.611122827032913207e+00 -2.852933783440974036e+00
5.647486179574391585e+00 -2.240475853490370817e+00 1.817945150455540215e+01
-4.258245914791181086e+00 -9.933319598117790861e+00 5.050342350923683554e+00
1.614118994064139612e+00 7.965943432163919091e+00 1.437739042873788264e+01
-1.406295727138382468e+00 -1.070691065199508607e+01 -3.549532922874946816e+00
1.518531575663756783e+01 -1.325258310776179371e+01 -6.090891059393438667e+00
1.246793903117475821e+01 1.134340024382199275e+01 7.468570372815975800e-01
-7.657057621322755026e+00 9.723094113925929705e+00 1.028976006901207718e-01
2.221268111143281487e+00 -3.451001429086211214e+00 -3.328992843634367649e+00
6.968237243156144567e-01 4.873909983559333803e+00 -2.461922404417321353e+00
5.056877947880432345e+01 5.374726175806342354e+01 -5.329788704596009730e+00
8.988748741038687484e+00 1.280860926753394580e+01 5.014804505283706959e+01
-7.981030563009648970e-01 -1.154544296573398965e+00 4.471971662206242648e+00
4.404190520225917282e+00 6.025225736865351678e+00 -5.593333140239022505e+00
3.168990337683318614e+00 -6.754150662093484137e+00 1.654673601964809393e+00
-6.974884454469072459e+00 7.172862272493242264e-01 -3.163050601383391669e+00
4.270917628855451786e-01 -1.195385130486817271e+00 9.551889626502499953e-01
-1.254408012392373806e+01 1.954881234578229821e+00 -1.029863770652704957e+00
-4.527758158014061785e+00 5.931291429099638801e-01 9.404286544570769735e+00
-1.819420178886232975e+00 -3.430290814293948998e+00 1.813406349877089374e+00
4.818904349329031334e+00 2.113531678627760257e+00 1.050015899291474986e+00
3.066790126118071225e+00 -7.926548586962247178e+00 -2.787425509902686560e+00
-2.886378869723479212e+01 8.219225185257103661e+00 -2.313610094918081117e+00
1.819345975934074877e+00 -6.390746799442674764e+00 9.238316131337175108e+00
-5.302982717693749848e+00 -1.584661560170100403e+00 -4.254157934621423109e+00
3.042050941172421918e+00 1.071426709303037050e+01 2.367259749885888453e+01
9.013881300182905676e+00 1.543322408364248721e+00 -6.026209790208716832e+00
4.812258580429326749e+00 -5.279077689856269018e+00 6.605970941814482522e+00
4.301936799086627516e+00 9.490348722349747135e+00 5.585157679035741146e-02
2.332291619312497488e+01 4.807080856898909360e+01 -1.107906317560907183e+01
8.036662916510399768e+00 2.067129726351488728e+00 -5.711093864366745265e-01
-6.618968547137118463e+00 1.856020981735833908e-01 -1.610852841479825326e+00
-2.293836754841674708e+00 -5.091543574807483097e+00 1.445836859019792620e+01
-1.968751937169913591e+00 -1.946775614410488631e+00 -3.479243269072611611e+00
-3.845083685479930846e+00 2.295491041392247134e+00 -3.805389570657101039e+00
1.655040326413983465e+00 4.759348111719944541e+00 -1.211003241932810504e+01
-1.641438722024214059e+01 2.792500556131973344e+00 -2.577986712172572581e+01
-1.853407859158680182e+01 -3.313938174840302064e+00 8.795297961929181341e+00
2.061378999612087526e+01 -1.569242689103817945e+01 -5.254826500582256088e+00
2.875035983328517730e+00 2.235958623322424188e+01 9.156156320585841613e+00
1.431154110245652644e+00 6.461738592416048643e-01 1.140981503966764343e+00
-3.004152094308742971e+00 1.206342248701422371e+00 -4.161758348147829523e+00
9.745193245116224867e-01 1.260471450272454064e+01 -3.376872882877663962e+00
-1.871822262640276069e+00 -2.405595433356849888e+00 -4.466239981764971390e+00
1.824464544780687447e+01 -3.035558103097510596e+01 -5.360610919981111167e+00
3.224897928008928005e+01 7.351282863087897468e+00 -9.950839085565048592e+00
-2.943970381866865438e+01 -8.951511710821826284e+00 1.816838317774638512e+01
-4.317970958480857213e+00 -1.267828530693205114e+00 -3.963230776437808522e+00
8.712004338759223643e+00 2.414019319188856372e+00 -2.238477541339961352e+00
1.342208212041030801e+00 3.705769477811401202e+01 -7.426080952703801863e+00
6.267421199061183612e-02 8.155327385810504381e+01 1.318295936336113527e+02
1.124009385630984426e+01 9.669964474991607162e+00 -1.951817941670551804e+01
-1.824811334401315266e+00 1.562829937799384838e-01 -4.210363747020155145e+00
-2.787779532703272878e+01 4.406724571608267915e+00 -1.658108169306490254e+01
4.989609277922635044e+01 7.122879878335784953e-01 -3.514011409910638761e+00
6.773469466539834727e+00 1.963041170180996886e+00 1.002068950952038762e+01
-7.481196613881277990e+00 1.129756505203367212e+01 2.073267968208025280e+01
-1.904178626645082639e+00 7.075996364873695654e+00 2.760118855862110809e+00
8.471506979152614747e+00 -6.926354254705563429e-01 -9.968518963746490158e+00
-2.320496200808180171e-02 2.768752085305987709e+00 -3.029993374658364491e+00
2.162751918015673525e+01 1.955806476923717341e+01 1.480800646693643685e+01
8.190981893716223539e+00 1.248749663243762242e+00 8.111544676556125211e+00
1.495496408802058319e+01 1.525405870880711490e+01 -6.036769032780411770e+00
6.860437685175670985e-01 8.106440371032304526e+00 -3.573970481792843046e+00
7.613978186266732173e+00 -2.847745479173931571e+01 4.254514325334173463e+01
-2.671155335837164468e+00 1.068237128114931700e+01 4.653778781969383438e+00
1.336026783029824472e+00 -1.897416245841102800e+00 -7.876603132568457122e-01
4.790395364554464130e+00 2.282365496405270644e+00 7.790880145048836303e-01
1.123075510031463331e+01 4.207394398419136650e+00 7.946200773750594415e+00
7.774817698851729020e+00 -3.331076683895323409e+00 -1.165403211554883578e+00
7.753846993318954439e+00 8.046148165806631392e-01 1.039679286560630445e+01
5.357418256566206516e+00 7.823908881303703211e+00 4.226413376313371550e-01
1.546938834543131769e+01 6.891058457794866143e+00 1.590102310352082604e+00
6.461472599771306058e+00 -2.416929106229695812e+00 -1.002419969061300620e+01
-6.476975243046658726e+00 -3.264278769815195158e+00 -2.717980466055338606e+00
1.227357830103836589e+00 1.643567300256713049e+00 -2.221325812454309823e+00
-4.129568651880827446e+01 4.248419874618564762e+01 1.409225563398264391e+01
9.114415502734124486e-01 3.225724142592655053e+00 -2.192548946871439863e+00
-1.498334643872761873e+01 -1.128312435208743247e+00 -2.256142191491074533e-01
3.973083976380249904e+00 2.371263505000668292e+00 -3.921196090873912077e+00
-9.059460251965598232e+00 6.303772265575593003e+00 7.261019892339388271e+00
8.099068662792419104e+00 -2.370478810181855245e+00 3.525928720963534602e+01
1.320226747169725101e+01 3.374660612628875178e+00 7.243595521630923351e-01
-2.533145033444696992e+00 1.267132113658187542e+01 1.892218005042067164e+00
-4.622748911652393211e+00 -2.538882388098722576e+00 2.966393307210954511e+00
2.099380165944855214e+00 2.743428997514989032e+00 -8.290001826823513165e-01
3.054284416801416313e+01 9.549186699400975087e+00 -9.558097391673229026e+00
3.399006643563516672e+00 -5.802540910608872338e+00 2.179740877675790145e+01
4.602686970171030900e+00 -9.453866658658686140e-01 2.925596757321238806e-01
-9.121399146076266007e+00 1.248796103932004087e+01 1.244459737893006590e+01
-1.766992252615077419e+01 -4.466354720946321777e+01 -8.454756664209970296e+00
-2.836735806181327035e+00 -1.938388689965275136e+00 -3.041201984673354275e+01
-9.216471468086007590e+00 3.617439059344532470e+00 -4.326013795522686500e+00
-1.692660284044218644e+00 1.554395089420888354e+01 1.655484561177737390e+01
-1.117049633358937122e+01 3.008257768087592154e+00 5.757748456964543848e+00
-5.394777442656385702e+00 8.396706311268749445e+00 -3.580517187155749070e+00
6.100105418263912505e-01 5.519962756198901310e+00 8.669670809642431308e+00
-4.821445409462011833e-01 -1.825845702746042409e+00 -3.712023017217257692e+00
5.959030435825638072e+00 8.647656567742458833e+00 -1.330689917159148372e+01
-1.899990331642965602e+00 -7.576394552127338144e+00 -4.246925104562672360e+00
-2.538128617628033545e+00 9.235406777033748682e+00 9.141887353930433946e+00
-6.053177862291698741e-01 -5.465687858940194488e+00 -8.524684541369373036e+00
-7.494856449953538613e-01 6.208799816751588985e+00 5.508227172483801226e+00
-8.519473227696181539e+00 3.399871333968556897e+00 -3.190638521007813200e+00
-9.101707154472103989e-01 -3.357984450734488480e+00 1.289720752113818758e+00
-1.571976772055431404e+00 7.405749852383920917e+00 6.007932102536055474e+00
5.096491495912905734e+00 1.617460479073258028e+01 -4.677033404195156230e+00
-1.105388293484659634e+01 2.297678728941890824e+01 1.720754234322708598e+01
-1.037771236239176709e+01 -2.980022619407299800e+01 -5.830919813665461859e+00
2.164616106709738119e+01 5.193685679594389626e+01 -1.251073786451263281e+01
-2.140339788451091962e+01 1.772732422194057467e+00 -1.343802888760657943e+01
1.056241986131838040e+01 -2.930214107851762950e+00 -1.782920700637512113e+01
1.811481195671898137e+00 4.522773074525597181e+00 4.685343157750212484e+00
-9.107136496259720104e+00 -5.026413134615725475e+00 -8.248814601561676341e+00
6.178129059126185929e+00 1.365658396090066695e+01 -4.732338759642394699e+00
-6.967772023823848748e+00 2.656602343348188899e+00 -1.013385567298618284e+00
5.443678328926947252e+00 -8.986228647166374373e+00 -5.427347557032445202e+00
5.671960803566754805e+00 5.530202742477492883e+00 -1.746721958278883324e+00
9.056343888269401177e+00 -6.736660283498735247e+00 -3.043414683857696090e+00
-9.277955845942729596e+00 7.957379229972816326e+00 -2.993365384153367503e-01
-2.821629295671041149e+00 -9.590238621766934202e+00 5.264843566150855914e+00
-9.922665322642473251e-01 3.850288966683598213e-01 5.682177590723941130e+00
8.912316266933890674e+00 4.377634410789093877e+00 2.664469670996759021e+00
-3.344018317152920972e+00 -8.187840797928531700e-01 6.689511492307080864e-01
6.169199638112571549e+00 1.385938037763305930e+00 2.675838707606469136e+00
2.156987479474155922e+00 2.536201639255845297e+00 -2.333247301304462784e+00
-2.902777785534172761e+00 -6.934131842106992849e+00 -7.641788439659388033e+00
-2.837243499751576081e+00 7.394046013203432466e+00 -4.436773660564933275e-01
-1.314709654307825737e+01 -3.513491679848902982e-01 1.998047326052942330e+00
2.033868806005292740e+00 -1.236342609328740494e+01 6.987654424028411082e-01
2.827567907716984852e+00 -7.253239414977291410e+00 3.514548451767709913e+00
-3.303299360427029097e+00 -1.734799683298787976e+00 -3.038135383735250272e+00
-1.793545442990399419e+00 3.431681421299762835e+00 3.849310623408161103e+00
7.365111617077925388e+00 -3.539262194719894339e+00 -7.948210907811671611e+00
-2.163363639384617798e+01 -9.883135598226793661e+00 6.084109359399473504e+00
-1.172056127645867818e+01 1.005492733112685055e+00 7.363300982416851603e-01
-2.725094264648944886e+00 -6.855530102535858372e-01 -8.517323822187652382e+00
-2.080433576213341240e+01 1.134933996184260430e+01 1.445330164264221784e+00
-8.726956258912009545e+00 2.540857286272586180e+01 8.260945527005419953e-01
2.372567025724961809e+00 1.253150769148395227e+01 9.288794672477752812e+00
6.198431342579916681e+00 -1.169342385896434466e+00 -5.833037107365748319e+00
1.325767044911823067e+00 -4.081863143676788042e+00 7.836938327353162870e-02
-1.660479830793368139e+00 -1.893713703246203028e+00 8.187936421052173230e-01
-1.810177762483395014e+01 -3.656871340213655230e+01 -2.209672453758326327e+01
-5.820955845799497652e+00 5.136419558777852723e-01 -3.887706979957719966e+00
-3.418830103192536285e+01 -1.356870762697196531e+00 5.535200973634649024e+00
-3.460510221643983808e+00 2.682040994520676591e+01 2.137632828062692880e+01
3.268674045972700171e+00 2.567230949644523363e+00 1.658365498232253321e+00
4.804576919392372503e+01 4.103276185401970366e+00 5.001394811985299071e+01
1.049777542761830329e+00 6.566963140125057219e-01 -4.970666336027831811e+00
-4.961568805535221394e+00 2.874210381333167863e+00 2.638081185493656022e+01
-4.880127157686774630e+00 -8.058353397142747454e+00 -1.115599128256222627e+01
4.691211688755721809e+00 5.661375069481271893e+00 -4.526493941246275909e+00
7.539896608948811263e+01 5.576690156233181739e+01 4.795589546540326609e+01
-7.755775983316981481e-01 7.276214871750180890e+00 4.398906141299855577e+00
3.541688228527629434e+00 -1.273556204914092937e+01 -1.809828561670730096e+01
-8.038447794687323400e-01 -4.561493529925815693e+00 -1.382072822651755750e+01
-1.332988669501225054e+01 -2.661057131236468365e+00 1.278616788647162394e+01
-5.085877487059517676e+01 6.302408374446067540e+01 -5.556214927467748765e+01
-9.017355290360244169e+01 -7.823221050342823446e+00 -6.040237621071187135e+01
-1.021714366302681576e+01 6.665964622044304733e+00 -6.414715043910643288e+00
9.450496614404256590e+00 -1.095480963881024783e+00 -9.577056826675447443e-01
-5.093494336542096157e+00 -2.323566216405836116e+01 3.972801108374177659e+00
-8.428327096124450080e+00 -1.295776747197040724e+00 -7.332041632155678279e+00
-2.824200729014752387e+00 6.493746160630808895e+00 -4.171446629058737976e+00
-3.533041299311831196e+00 -1.378702827287086041e+00 3.029659476620139014e+00
4.267041220522977518e+00 -6.989008176879371703e+00 -1.414562149033798377e+01
1.072767565350894792e+01 -3.585636558152851450e+01 -2.995928713659252907e+01
2.067958580229408039e+00 -4.458763955596338202e-01 -3.517181926488773591e+00
-2.095122811725566858e-01 -3.152709367878214763e+00 1.880929965974030793e+01
3.653253683913947558e+00 -2.849344602674363713e+01 3.692748085591846774e+01
3.166344027212337209e-01 3.664809351822253092e+01 -1.522149917683191234e+01
1.167765450094656376e+00 2.048801920408055199e+00 2.213918779848356611e+00
2.749555147511959419e+01 4.171502213716159702e+00 -1.503006175316185988e+01
8.839545776699294422e+00 -2.457582060067116381e-01 3.035391531057849335e+01
5.326468009751544663e+00 5.350162367968058774e+00 5.058619070509821292e+00
8.066114979789963613e+00 4.363074391832039822e+00 1.504717689537075564e+01
-4.691244247766798381e+00 6.277121739168560310e+00 -3.946863200567788610e+00
4.678012684864711890e-01 2.469953114739920075e-01 -6.001999142816837107e+00
3.739102367491012324e-01 -6.210311307152063254e-01 -2.235807315418383290e+00
1.017100319839021827e+00 4.710907995393931458e+01 -6.836248187866468129e+01
-5.201019363633457715e+01 1.992277939485647664e+01 -4.368446386237518198e+01
7.375431501634058584e+00 4.083759531902210860e+00 -1.207675910909074801e+01
-4.263102678929794997e+00 2.147457357456470817e+00 -2.090085752827345544e+00
-3.249146105850661659e+00 -4.229181087817942775e+00 -3.030180287687808782e+00
-7.486020233288893877e+00 1.067214188698658583e+00 9.841341373891324906e+00
-2.251423531169795567e+01 -3.697953748605806368e+01 1.379505328847215395e+01
9.481902107641400068e-01 3.460367942224845006e+00 -5.675660762802281489e+00
1.209053322379831208e+01 -5.355076671380060382e+00 1.581986679361492421e+01
-7.325289232885648261e+00 -1.067257218295722510e+00 -5.616308168590362193e+00
-2.039696185580045285e+00 1.301699973177402292e+01 4.894272208931217172e+00
-3.352128700755288016e+00 -5.370255410100650550e+00 -4.477950980802206660e-01
7.183752752942193354e+01 8.903217319065747404e+01 -4.031201018289516469e+01
-7.661190882127643320e+00 -2.579323242896013113e+00 -1.951373720221104280e-03
-1.634761276740309466e+00 2.287837447874452224e+01 2.629608934346907123e+00
5.331014224050696360e-01 -9.852302195278552333e+00 5.479403791048121697e+00
3.786022601996205328e+00 6.021373971603432906e+00 1.380031637331584271e+01
2.715317871769132552e+01 -2.141923555456504147e+01 2.050742114322237697e+01
3.813317673768507721e+00 6.109625396131310282e+00 4.254351419338926021e+00
-4.021886242394015376e+00 -1.359162281705987629e+00 5.180585107818607149e-01
-5.877993846643704501e+00 3.278619945571283001e+00 1.417006884556099910e+00
1.170710666057766680e+01 4.350524189329254554e+00 -1.425170291620791652e+01
3.953088949580492173e-01 -8.559077110072985661e+00 -7.131129729105242232e-01
1.446864087697924361e+01 1.209081941417348105e+01 -1.740217103091862949e+00
2.492497391147800556e+00 -4.670760134895405535e+00 3.103805627963847069e-01
-3.925757112995251319e+00 -1.181981080739617829e+00 -1.448358384813613675e+01
-9.029455167838243312e+00 2.256120874097321050e+01 8.391233065422827764e+00
9.501168954516769460e+00 1.183428834437129140e+01 -2.526450082791718454e+00
-3.196269698050265617e+00 -1.240403166464704654e+01 -4.369819694544146427e-01
-3.145443238470964076e+00 -6.262998690164452320e+00 -1.407682077235291818e+00
6.559540021822352074e+00 7.425890664538907338e+00 1.205895773001148008e+01
1.560859194796382132e+00 7.315906052146435856e-01 7.698264613907377374e+00
-3.581297759279239212e+00 -5.477663037771598020e+00 -2.713605426382766916e-01
-5.605468361456120263e+00 -2.121692792414721307e+00 4.736394805905223215e+00
1.720389543584283309e+00 -7.439773872712892588e-01 2.191109844105494364e+00
9.689246292601648491e+00 -1.854424228716295309e+00 6.300206703244037421e+00
-4.244251726553150306e+00 -3.293117785135768916e+00 2.919197810942046445e+00
2.180050524364218312e+00 -3.276764085515277980e+00 2.991676232617725972e-01
-4.799840807491592365e+00 7.884268144620731000e+00 -6.248790565900750771e+00
-2.570228839748018856e+00 6.810282728985707301e+00 -5.399922289316386959e+00
-9.192748002609459235e+00 2.230645116764704117e+00 -2.983530320617055409e+01
-1.555561292295672970e+01 3.398149847849890648e+01 -2.574432000544093935e+00
2.544479073911168676e+00 -1.967310918567056532e+00 1.295155493181960793e+01
1.749052051744325320e+00 -1.991892427385299058e+01 -3.981645979766741394e+00
-1.193449278082717200e+02 -1.641069883757975276e+02 -1.970478168504961758e+01
4.316427004477904283e+00 8.088517034490768864e+00 9.348488964804907653e+00
-2.184885071513220112e+01 5.168674486153144176e-01 -4.987386748197017994e+00
1.563085885464909230e+00 5.223365056564722719e-01 -5.887786155912071884e+00
-8.183808276133357207e-02 1.187858921510160748e+01 -6.296918759596203508e+00
1.154121854438834660e+01 -1.073611599923313564e+00 -1.396401241642850799e+01
8.510879680787845070e-01 -1.292586868700889902e+01 -7.532696411134649495e+00
1.080227615139571817e+01 1.566113468299131029e+01 -3.064475802004321903e+00
-1.034811715910742391e+00 7.540999689499406244e+00 4.004294165821853824e+00
1.352942005632790412e+01 -1.127078358059488278e-01 -1.286308682355989275e+00
-1.476040379046325457e+00 3.491683161321011752e+00 5.043901836156230445e+00
5.733558473995765681e+00 -1.791902831985275002e+00 -4.056746700968155928e+00
-9.871143203451598680e+00 -1.332126008058763311e+01 1.891884390886525225e+01
-2.132024716676469644e+00 3.795173378624651761e+00 -1.219022943204479015e+00
7.831988785270362463e+00 4.517259372221224112e+01 -1.599533568461871802e+01
9.892074364209621606e+00 -6.560416404120517520e+00 2.021985102861739048e+00
-1.617952279355907574e-01 -3.966581733274878729e+00 -1.311381627751128987e+00
1.236670279461658417e+00 -8.640564289741032411e+00 5.590095969324321956e+00
-1.956395144152596632e+00 4.401781451225590835e+00 3.683510773764019364e-01
1.715140381984400220e+00 1.207088386858814477e+00 1.570708940450057511e+01
-8.185863458800881176e+00 1.058529646050886974e+01 1.553976538988582456e+00
1.461975607545966227e+01 -9.498121584092247716e+00 3.990188099302650215e+01
-6.386497042854568207e+00 -3.566311467629661447e+00 1.102999851938463394e+01
1.023881015958692764e+01 -1.255225891194500321e+01 1.053574362381708429e+00
-5.506536371033663002e+00 1.230573551080367034e+00 -1.085726570202999142e+01
-1.242542154720277914e+01 -1.399234097674623634e+01 -1.316128957868527038e+01
-1.361718855280958707e+00 2.667663963227251411e+00 3.498563002166194646e+00
-2.217136302832087846e+00 3.403751331971309746e+00 4.894083940957510315e+00
4.372605219415995670e+00 1.158762563748655339e+01 9.220058349299186773e+00
-3.671870695292153375e+00 -5.183094507997950018e+00 -5.006023916566125775e-01
1.667260150078155689e+01 -6.370338674284914404e+00 2.876769305034823088e+00
-5.931335806891479656e+00 1.856049379411004452e+00 -8.846244548470746594e+00
-1.412017328845096920e+01 2.006294208430804815e+01 7.773299296910664680e+00
9.157516012022380858e-01 5.838404103916377430e+00 1.167616673505570413e+00
-2.139209270707802091e+01 1.666967810111795600e+01 -1.316105258607551853e+01
-2.677561197107866775e+01 1.617533015933028651e+01 1.477733118685970792e+00
-2.532971542053186198e+00 1.250918547837194916e+00 2.453069521457983182e+00
2.361504052047598634e+01 -8.779592169909166799e+00 3.595499438155306815e-01
1.787425273589655461e+01 6.627710665073943908e+00 2.915842840273847436e+00
3.367361735605476358e+00 -5.000631269308891902e+00 1.849618385103878992e+01
4.292500235954110899e+00 -8.372293645995117828e+00 1.193169135874195064e+01
3.108201769560566152e+00 -2.964716131099893737e+00 3.697971901669777850e+00
-3.015210736827781624e+00 -5.347171439868299458e+00 1.547694805290515419e+01
-6.375471692802600288e+00 -2.520837876850835269e+00 5.021558858599629360e+00
-1.410825857378859105e+01 -1.009382895667620339e+01 3.683685323059619154e+00
-3.887807074683093056e+00 -1.018362671659407503e+01 -4.609131554686641152e+00
-2.534058377262151662e+00 5.360559663794153273e+00 -7.035051350581545293e+00
7.865297116245764109e-01 -7.761136523344501770e-01 1.008211341981316522e+01
1.157617863213583398e+01 -2.410450641770747282e+01 9.002610059399980713e+00
7.072531918357098490e+00 -2.188482339724915793e+00 -3.458034700379033044e+00
-7.948946852515110351e+00 -1.523432520080284513e+00 -2.633826944992974095e+00
1.500046699602518530e+01 -1.767860692335992212e+01 1.058001294259773406e+00
7.358220543854328000e+00 -4.144410512501813137e+00 6.406250849615938159e-02
3.279761162374574468e+01 8.092638877070564263e+01 2.315743234147246099e+01
1.283260458892053357e+01 6.164875598826506042e+00 3.052731012148946022e+01
-3.396611749162043115e+00 1.722446697760553203e-01 3.149798330930461687e-01
3.719829222915891354e+00 -6.931054312235698234e-01 -3.580784767262411350e+00
-4.386437579308433143e+00 -6.633793464727185452e+00 7.190507188313181253e+00
-6.861512602687238616e-01 3.873555448813687185e+00 7.916522245353778686e+00
2.788275243075426957e+01 1.182695894847497442e+01 1.692253163556144102e+01
-3.385652198558635639e+00 9.763303581965536715e-01 8.134645623155108751e+00
1.361831527803488306e+01 2.598397306104433202e+00 4.969792738938458854e-01
-6.523020248200448457e-01 6.007485557179915725e-01 -1.653573672195255861e+00
-3.126683763943212568e+00 -2.006442457353237785e+00 -4.494692291733521472e+00
4.740898623883227714e+01 -2.365658135105307167e+02 1.199310541844835285e+02
-3.868612964090637263e+00 6.033002390006925175e+00 1.689136082851596399e+01
-5.826179535579005808e+00 4.739951502593558352e+00 8.182923114699226730e+00
1.421241812665598303e+01 -1.864424707738346498e+01 -1.158294832457512769e+01
2.114452751937586683e+01 5.334181971444773573e+00 -1.032502532972436171e+01
-8.771647017790102918e-01 3.528413837482784476e-01 1.945774216386201072e+00
7.530841699498408204e+00 -1.534266722002555916e+01 -1.146989176918309283e+01
4.182398839368786092e+00 -5.214881161659542519e-01 1.509828848306776550e+00
1.092846629304649708e+00 -1.685243254563644655e+00 8.669148917885845407e+00
-2.823415905413027005e+00 3.727573822877315202e+00 1.654580015004640359e+01
-5.514455885466479401e+01 -1.250497575608237177e+01 -1.517959463931590136e+01
6.839203844171383828e+00 -6.010781482528990693e-01 2.022724480761390886e+00
4.436658226361037016e+00 -2.354027776780904091e+01 -2.259724949695585750e+01
2.267730952179177195e-01 2.766778649423699221e+00 1.050759941679908716e+00
-1.663076507020009309e-01 5.208601537975057205e+00 6.638868125157324940e+00
-1.579934894167934267e+01 1.518689515153184288e+01 -2.623230447245872732e+00
8.446059846824811146e+00 9.265437187401861507e+00 -2.654560657953927372e+00
1.364028431505678540e+01 -1.310824302547165665e+01 -1.414285523245223963e+01
-1.239030877442207768e+01 5.302469490961549070e+01 -1.559513848958927440e+01
-5.371427122361912332e+00 -1.004439886065809340e+01 2.461792592853525363e+01
-1.198813299497814988e+01 -2.455664656054151518e+00 2.743114633692902982e-01
2.373997248275784955e+00 1.271261684038275774e+00 2.718400199688997265e+00
-5.078357826011997034e+00 -4.892261815126727420e+00 -7.576935996948383156e+00
9.933773600185896058e+00 6.526856200327110891e+00 2.295676580066916994e+00
8.674932435154966370e+00 -5.775301021934903467e+00 2.025344058781941570e+00
-8.207576964973837264e-01 4.119148828515123206e+00 -3.888390700109587428e+00
1.136202700598331106e+01 1.434568205974225685e-01 -9.044592735889581903e+00
8.756574131574410558e-01 -6.740273326322847147e+00 -7.997159521570120777e-01
-3.847122097473231861e+00 8.204606864537019817e+00 -1.230132711779860699e+01
4.082787735678072494e+01 -3.920045678939549560e+01 -3.972196402785137082e+01
1.688075454972209144e+01 8.538607503532720244e+00 2.083624516812011862e+01
-7.086365779954955535e+00 -1.025833164969977851e+01 4.518436516569003025e+00
2.315103418502949609e-02 2.176210799712909960e+01 3.906149930669827075e+00
-4.899086531865314953e+00 1.371219918419062767e+00 -5.261004974140765178e+00
-3.296006083169708001e-01 4.174176073287168443e+00 -7.135492112313514212e+00
-2.230276548982790263e+00 -8.166822856349119419e+00 -2.145212892909559077e+00
3.485489299293895726e+00 -3.078457952471536530e+00 -5.888471517984049663e-01
3.578891934887022330e+01 9.985275686247154781e+00 -4.313168150302261949e+01
-4.154943359134887437e+00 -4.428100212281884218e+00 -1.479189997197221729e+01
-8.694711640642582395e+00 -1.004146019049951910e+01 4.737399649895406739e+00
-1.206894489382442615e+01 1.618149576164967129e+00 8.872880679217598043e+00
-1.355192748872837250e+01 6.754805576244090837e+00 3.059388204295618507e+01
1.519987368688590301e+00 -1.377586124789782929e+01 1.896394086813694813e+00
1.140042753702577194e+01 8.459169775972569028e+00 -1.065431209868250129e+01
1.746830346507012877e+01 -5.306535229954651989e+00 -7.978757082270549361e+00
6.742075336024098142e+00 -8.033471021194563688e-01 6.794005230780824078e+00
-1.612260268082950976e+00 -5.307626312956326142e-01 -5.111108417363471546e+00
-5.961048444042936545e+00 6.218600923584708395e-01 -3.246632920161098923e+01
-2.457974680194265105e+01 -1.270827408482897702e+01 -1.428275354959994026e+01
-3.931438132446953393e+00 -3.242099767266734212e+00 -1.602370587830063364e+00
2.551413646683958092e+01 -1.739768542707401267e+01 -5.754423020189373128e-01
5.369288807806833042e+00 -5.054954322792108101e+00 -7.896743451826555571e-01
-1.915931995673004762e+00 1.493258096676111313e+00 -5.308871825899614372e+00
-2.940846663976042219e+00 2.529559259611127153e-01 1.860864681832634870e+00
1.387534636433243485e+00 -8.834087322808379383e+00 6.513168748435611555e+00
7.030391005526960946e+00 3.030488805311375700e+01 2.024936103072435500e+01
-2.078998662467383074e+00 -7.219710464670557215e+00 -3.144680719318340589e+00
-2.092698535625424405e+00 4.553394543128292504e+00 4.703786490146853794e+00
5.028286437128618225e+00 -8.817147264765557324e+00 5.252067795360898295e+00
-1.101010517928127364e+01 7.772911990005257898e+00 8.371910221956738729e-01
2.305370321816088808e+00 9.346063909645390133e-01 1.599494156856134452e+01
-2.694115462055968635e+00 -3.707716332026487649e+00 -9.215252294042413084e+00
2.781818074290290710e+00 -2.077025315083173673e+00 1.451034081837927658e+01
1.807768925249731762e+00 6.712418750831801617e+00 8.106045873817125269e+00
-2.311742113556169542e+00 -1.325058811517448909e+01 -9.386098751924052408e+00
1.104442011856749595e+01 -5.724174034925616716e+00 8.030972343082945386e+00
1.378974029875864282e+01 -1.507805191770813291e+00 -5.506716190352689999e+00
1.852342776449570128e+00 -4.068453268572613801e+00 9.809129532726833745e+00
-6.988026540791477892e+00 -3.864204067788338470e+00 8.054361963383568579e+00
8.321803839098020461e+00 -1.241739180713282265e+00 2.769824716463045622e+00
5.681337911940818053e+00 4.964905158543948538e-01 -6.114518536603454457e+00
3.940039091617526523e+00 -3.112949049709852201e+00 4.492127596985170612e+00
2.941423639656462363e+00 7.444866911213551042e+00 1.933151903644022696e+01
-2.712544385633735011e-01 -1.054806984107280465e+00 -1.583959519312332143e+00
-3.299898579417519073e+01 9.860829351844563107e+00 6.803345010157324957e+00
2.181823531865399790e+00 7.239364926594113570e+00 -6.231325384099900333e+00
-1.654779846394499376e+00 2.984672863975679213e+00 6.615246088892480891e+00
-1.848485683414898162e+01 -9.881064454500640082e+00 5.658873336005989074e+00
2.701349361591514953e+00 1.108995703656545428e+00 2.959871835686966879e+00
1.732574235891254588e+00 2.971657544331099743e+00 -1.528547373610894267e-01
-2.866230517736126249e+00 4.806968084442041267e+00 -1.565854468355855067e+00
6.896823007008741513e+00 -5.397311577501794133e+00 -8.601761899347144080e+00
7.138255584672341669e+00 3.459771413504079351e+00 -2.603942064711196025e+01
-3.323871402633863603e+00 -5.901708077766057783e-03 -4.169262863021604204e+00
2.137466774860092844e+00 -1.363458966035217301e+01 2.199679090507674850e+00
8.953931538986731331e-01 1.481912394312774106e+00 5.870105007680861853e+00
-1.990059208562851012e+00 5.397634603233918860e+00 -1.152773779396287335e+00
-1.004108359905532666e+01 1.235607507089276424e+01 -2.268949370982703828e-01
1.181635686948518327e+01 -1.125507395981195202e+00 -1.092796185926332520e+01
1.107214347365584217e+01 -2.382347154321373228e+00 -1.022305394756274666e+01
2.388949678673139232e+00 5.730370380400160890e+00 -1.004266859278095758e+01
1.579933545065873268e+01 -5.329375151631501772e+00 3.358661856367115117e+00
2.825056723470720499e+01 3.411081314379887885e+01 -2.767996473446901362e+01
-1.144027142620227799e+01 -1.539510875461499495e+01 -3.102650794784049371e+00
-3.448827755789121596e+00 -6.734743188216996579e+00 -2.942841997368326190e+00
-1.434188144801313669e+01 1.793355337257812465e+01 7.362370124223368784e+00
1.611573113384216160e+00 -3.468631002330384572e-01 -1.614574908010756982e+00
4.073847642995469087e+00 -4.627515913163445238e-01 -2.340160225896945168e+00
3.891511052518754177e+00 -1.707002597479764683e+00 -6.295447134751112728e+00
6.874687647144597236e+00 -3.034314170536622335e+00 -1.079375082754008952e+00
-1.099637236624507075e+01 -3.046987700534249299e+01 3.936481636155559904e-01
-1.195219076749470588e+00 4.663806343067676607e+00 -5.533510074050385086e+00
-1.888336699715902567e+00 6.529589309253718277e-01 -1.173691358691247189e+01
3.946656893977289915e+00 4.489459725884128893e+00 4.518958360307570032e+00
-1.527969138072731070e+01 -1.171927832963408100e+01 9.370431126150405632e+00
1.803912896007749822e+01 -1.016077068182401888e+01 -1.040816905160643735e+01
-8.690117443195962466e+00 6.373615275293161631e+00 -5.907453293630193336e+00
-4.596695362718064004e-01 2.177880750633209850e+00 -5.367120512370915364e+00
1.697500748704025675e+00 7.614532912907076678e+00 4.707837976683981185e-01
1.252500610175175444e+00 -2.356354559710428731e+00 3.645080352714508809e+00
1.526995960061900526e+01 1.931743076505744128e+01 -5.878167990353622585e+00
-1.037368908638817189e+01 8.853519455866766252e-01 -3.224778448489191618e+01
1.387236105627094140e+01 4.259678024695609189e+00 3.738031895882719002e+00
5.943436983479041480e+00 -1.095261936682824372e-01 2.679802816635564966e+00
-1.055434243016286899e+01 -5.875803212822580335e+00 -6.086419665301689985e-01
6.577138643846438981e+00 2.968233313450776567e+00 -6.163951049917344716e-02
-4.192444608485191182e+00 -3.137061120250335833e+01 -2.375868679698535146e+01
-1.900762947824184579e+01 1.785139478185228779e+00 1.588230893519680897e+01
1.992711821188057542e+01 -1.558615174833692052e+00 5.001671337766494752e+00
2.230691318992466066e+01 4.483514823553896633e+00 8.639128060204221526e+00
2.314493562065597487e+01 -5.721928354566933272e+00 -4.319926032977381425e+00
4.132290825363524434e+00 -8.061140106679395956e+00 1.429588612268678105e+01
-9.797567114354563955e+00 5.168182252876244220e+00 1.195928486887104647e+01
1.023936088967083791e+01 -1.122287493122160473e+00 2.016849926967623219e+01
2.550152326469257602e+00 1.163818966870045557e+01 -1.168559517314490570e+01
1.023296627863066854e+00 4.934669490111837753e+00 3.185002676525409138e-01
-2.767530739669445961e+00 -5.255054228305848341e+00 -1.138665406862435070e+01
1.001263066851898031e+01 -2.463095666460384692e+01 -1.041572486360053595e+01
8.855839550323515441e-01 -1.678296638728285384e+00 1.825159672236566832e+00
4.290622473457218256e+00 -2.778451000656117387e+00 1.638486138270387249e+00
-2.789690845741752412e+00 -3.562991801611392173e+00 -6.011695639599492935e+00
1.371990992407744692e+01 5.693913826315429638e+00 -4.714986553028136518e-01
6.200136278924172295e+00 2.533725499158608230e+00 3.791328520684484449e+00
-1.157271193685320299e+01 -2.402461923320942105e+00 -1.202613405299601723e+01
2.352168541523755430e+00 -4.774602874480636139e+00 -3.808030694629596535e+00
1.245730843840054547e+01 -7.211643038416930551e+00 -5.324042300052876264e+00
-5.973795662360386949e+00 -8.542950606792971691e-01 -7.194396017425821022e+00
-1.552259280742124226e+01 -2.357626093183830207e+01 -4.050192504296759033e+00
4.640706167108057834e+00 -2.312513905336570641e+00 -2.366401627070713687e+01
-5.612007522764725032e+00 5.280737248082089330e+00 -5.792392480258681253e-01
1.929470023424078029e+00 4.405802449135285848e+00 -2.656270339657311186e-01
-9.797374921585367602e+00 2.389281170475874294e+00 1.701323506879623526e+00
-1.792287129409328106e+00 4.850161185902547523e+00 2.288873624816684771e+00
-4.539371052195439127e+00 2.843154799470665850e+00 1.937867177102375438e+00
-1.679546443265280331e+01 1.566149676767714327e+00 -1.465773809288715368e+00
4.171730223673112192e+00 1.678494843768908895e+00 -6.837049418943305312e+00
-3.000479172131992556e+01 1.473881468989424626e+01 -2.764285650318853538e+00
-4.428318836177687068e+00 -8.255831444568276778e-01 2.957105259874241998e+00
-2.264513902049694138e+01 -7.798558461052584434e+00 -4.541410001004422980e+01
-1.147352022253779857e+01 -8.772913523892411192e+00 3.258882282080802106e+00
1.519941255510097555e+01 2.467252278581535840e+00 -6.318302874632404809e+00
-2.330293296840937778e+00 2.525032289424983922e+00 1.204840675718864107e+00
-1.500200787316177298e+01 -1.627422829076284572e+01 1.647879503556859859e+01
5.104834422760538892e+00 -2.987340877307958920e+01 1.487449748708917774e+01
-1.009920865209862129e+01 8.110696877055170617e+00 -1.849418819801963210e+01
-2.376983842686313242e+00 6.154057733022196608e+00 7.523030028140487602e+00
-3.400944466199709471e+00 -1.674315085448148821e+01 -6.422784040750201484e+00
-3.541260670994466508e+00 6.764795977372255464e+00 -2.618140940043802267e+00
-3.131969016858978883e+00 -2.916084611007749849e+00 1.480825325253826152e+00
-2.742956508023010542e+01 5.645207610557267941e+00 1.568562861076218784e+00
1.321669567437598403e+01 1.069057744314192604e+01 -1.493099479990862299e+01
1.509512736113442166e+01 -5.081614613645970557e+00 -3.812884221606811508e+00
-2.937143579398718174e+01 -7.105025088706091196e+01 3.115021623076091828e+01
-2.090268897535736858e+00 -1.470840335148203837e-01 -1.893150150035187496e+00
-9.456067784783529717e+00 1.190307233342339543e+01 1.058719745810073221e+01
-5.634060194883057093e+00 -4.260619001033721709e+00 1.890729933752075764e+00
-9.114550653937333990e+00 5.260089852281950584e+00 4.330589114286226504e+00
-7.677049961799414568e+00 -1.750658178523568154e+01 4.629681632972204142e+00
-6.170879832639677431e-01 -3.846183084859647883e-01 5.386727483026907848e+00
4.388632930457402104e+00 7.221984817158321190e-01 1.141679242584495491e+00
5.905975144207116223e+00 -1.508841061131503292e+00 -6.696961266087784637e+00
2.386853137860766250e+00 1.023187794654339067e+00 8.181697091482842410e+00
1.094847435773835542e+01 -1.459369446478879695e+01 -7.387782384196539098e+00
-5.378077236352125645e+00 -1.115342670897356747e+01 -1.012933236038026408e+01
2.059359350504638897e+01 5.234868491804586021e+00 -4.682868519933379936e+00
1.157213402629189858e+01 7.320472402254621258e+00 -1.112101751422469142e+00
-2.394947745555329188e+00 1.057681648038186095e+00 -1.034599483528722175e+01
1.177583687382092315e+01 1.065325209261294859e+01 -4.496819415402945275e+00
4.852459077646073204e+00 -1.068543205824490805e+00 -2.080136095882017866e+00
-4.222137471772287043e+00 1.342892933658568921e+01 -9.379371134520841924e-02
8.960767362923401924e-01 -3.562700203907127161e+00 5.067319245054692445e+00
-1.022388834834895306e+02 9.973484921401153258e+01 4.394734373145312389e+01
-5.935878710256501378e+00 -4.957558630991721477e-02 -9.522350649918809751e+00
2.562303548259627028e+00 3.959547885253570598e+00 4.806230449300451291e+00
-1.338620983698401901e+01 3.229706221825284995e+00 -1.493742948960051553e+00
-5.683450854467893443e+00 -1.142387842888855154e+01 -1.236774683359256777e+01
-5.113126904606782652e+00 -5.117756708840342839e+00 5.548749922619175656e+00
1.000185143532164922e+01 -6.165572740471607638e+00 4.898788784257449791e+00
5.005771837862182494e+00 1.239094188689089826e+00 8.799627072824158347e+00
-8.455589656855828196e+00 -8.425237507270601611e+00 -4.210071725664015219e+00
2.623663049891361787e+00 -1.222359203305818820e+00 -9.212767660826388649e+00
-8.591977935452936421e+00 -1.120745935786952607e+01 -8.144925204268272267e+00
-4.129275838319673042e+00 -6.557755338446548343e+00 -8.626622672654297830e+00
1.705078945561464465e+01 2.799714605991643346e+00 1.875065918312403568e+01
-2.595582761997001331e+00 1.063267555620217353e+00 -4.268671750953422439e+00
-5.290949087471354950e+00 1.549555928101470137e+01 1.668427214159962446e+01
4.462745743783937513e+00 -9.299554102537664235e+00 -1.444374870499667507e+00
1.981323395868086257e+00 -1.053874833883334539e+01 -1.573391488347174061e+01
-3.037571874091583357e+00 1.006524683887939098e+01 3.378517515137802629e+00
6.334852265847207065e+00 -2.483626973229631663e+00 -5.664971552573717872e+00
-2.731255359394484827e+00 1.093948781325703390e+00 -3.216007321325159651e+00
5.928209054402579170e+01 -1.073521923998644212e+02 -1.967919424115303784e+01
1.476410307300888469e+01 -2.874798953286449077e+00 3.855481294013174409e+00
4.230038345061323923e+00 3.034507899585805291e+01 -7.081179146525669488e+00
-5.669603127845931567e+00 -3.636882829914613424e+00 -2.793168959768888016e+00
2.484123415129432288e+01 -7.539362063023641269e+01 -2.786269515887978443e+01
-4.233831186164538352e+00 -3.016323981643281860e-01 -7.460717815415452980e-01
3.213932300294664923e+00 -2.467719568011851550e+00 -1.363194411979153742e+01
-3.441971098912253169e-01 -1.272092662855747847e+00 -5.044916379799889938e+00
-9.713426792082946903e+00 4.635690582038993313e+00 5.755259631233606399e+00
-5.324086524260136954e+00 4.298070321451549769e-01 6.013348567130154088e+00
2.955790172539342819e+01 -3.775501231102798272e+01 -5.467795117171112551e+00
6.216166730624641978e+00 -7.691951773189268593e+00 9.236024069836492600e+00
1.784277371129046941e+01 1.030382547211128852e+01 -5.189656448884334417e-01
3.000891296512694950e+01 -9.830590571600030358e+00 -5.718108205942807665e+00
2.599764629339771815e+01 -7.447793808725600151e+00 -2.646491976956721448e+00
-2.168137851920867165e-01 3.012014077118349231e+00 -6.996003538232055119e-01
7.933229730846004912e+00 -3.550108285030056265e+00 -5.197495439538961648e-01
-6.179556907163976653e+00 3.656898841017079516e+00 3.290088754435104512e+00
1.098498067906651698e+01 -1.831576728174571755e+01 -4.214892812718963988e+00
-1.507584354397661253e+00 -2.992771539487828925e+00 3.262754577650297527e+00
3.830358714736079584e+00 -6.096879195982593203e+00 -1.210767346220856666e+01
-1.219704138769318469e+01 -1.273265319639584447e+01 -1.158295424427632625e+01
7.067301791334467120e-01 -1.813217047809338789e+00 1.105919275957040071e+01
1.375952098171502236e+01 2.519849072150728730e+00 -7.732741185237257397e+00
-2.803862264150589922e+00 2.740869626264018422e+00 7.231478914841833472e+00
-6.417333906675884991e-01 -4.963381546277013112e-01 -3.604349077354553454e+00
7.249181178840486517e+00 4.133857559179890728e+00 -8.529958713194635278e-02
2.288948867990174563e+01 -2.604016340694471765e+01 -7.554613645406541345e+00
5.536361119143958121e+00 3.010128521660629275e+00 -1.006776383406955944e+01
5.112136234723292816e+00 4.885057864317155385e+00 -3.372981471025737754e+00
2.275428081167991667e+00 3.216144815669557566e+00 -2.478717164265212602e+00
-7.482190681119199382e+00 3.375872126404385609e-01 -4.885997636103149300e-01
-1.075120034989863704e+01 1.326906309322575517e+01 1.935738946994549892e+01
9.202359344542038855e+00 1.574422451743116902e+00 -1.464147797926062422e+00
-3.267362049450602685e-03 3.609903859731181885e+00 8.944157244275611873e+00
1.714667032718877548e+00 6.227688151957173623e+00 -2.599019240210266446e+01
-5.019125810233781237e+00 1.254419773563445872e+01 -1.411464878080157526e+00
6.380553205035933928e+00 -3.742076725788463509e+00 1.781090893563153088e+01
-3.485858849554047262e-02 7.805716864949305389e+00 -1.201365265338294286e+01
7.513289592198058031e+00 2.890116589367762945e+00 1.392486842183620155e+01
1.905052944781567348e+01 1.554663570624643754e+01 1.939671409270943281e+00
-1.014570035991946106e+01 -1.634703449687093268e+01 6.776737816851363227e+00
4.934679372559936184e+01 -4.137253796030476849e+01 1.055413608636214207e+01
7.706299180985605624e+00 -1.031700443355354713e+00 1.872905946769874541e+00
-5.554643528692108312e+00 1.134553191767435010e+01 1.909949838799567345e+01
8.942566974298518101e-01 -1.269536821660202364e+01 1.506463990256859375e+01
2.469668941165150855e+01 -2.766182610793908481e+01 7.897734890264972307e+01
3.963617255049205923e+00 -1.472054347922749695e+00 -6.961063777238378769e+00
-5.371761046369952775e-01 -5.144053892315171517e+00 9.011326785205874046e+00
-3.147288503311420627e+01 6.920125863976434921e+00 1.149737498356502030e+01
8.862749722157628796e+00 -1.500269340516180350e+01 -2.010349137154773258e-01
1.887095656257663379e+01 3.509994390778560902e+00 1.904450133719094751e+01
4.072146728120031867e+00 1.236407169017200935e+00 -1.068410765050604061e+00
-5.478426344293796824e+00 -4.289063700377046651e+00 1.072473401829400208e+00
-2.328704139337279244e+01 8.175480539758828158e-02 -1.920748379127747185e+01
-8.528857411198218941e+00 3.303790736640325409e+00 1.265982008376750656e+01
-2.363560494513471610e+01 5.569537684040744452e+00 1.610864829384679098e+01
1.728482751190680844e+00 -4.387975930188913409e+00 -9.549686042671405584e-02
-3.730766770596647408e+00 -1.088377862743384883e+00 7.930391634647746102e+00
3.560464880228596751e+00 7.841363961036735830e+00 -5.374666568778450504e+00
-6.692412772567249313e+00 3.869044549994107296e+00 -7.829972302890219282e+00
1.704033874535781035e+00 4.103469399244155547e+00 3.358113082882995482e+00
-2.583676761219811172e-02 4.652326489137545096e+00 1.003094560554796066e+00
-1.246616517666896939e+01 -3.670080896181125985e-01 -1.870772214693696611e+01
-1.089050615871249938e+01 9.066824521680132420e+00 4.293318396498061240e+00
7.355471375347026608e-03 1.802891791264516375e+00 2.506205487472433768e-01
-9.358577644556602237e+00 1.089805457029291880e+01 1.538412952964207658e+00
-8.178857919862334569e+00 2.926142532216276848e+00 1.061633254325775688e+01
-6.175193364760465098e-01 1.117575299692789947e+01 -1.212521235547905185e+01
6.188432471839423049e-02 2.178384037671321050e+00 -2.605184924064335661e+00
1.143984349597245220e+01 5.204493197520101866e+00 -6.197288009209755089e+00
-1.248949098047064155e+01 1.210115134807094606e+01 1.631444606824340582e+01
2.831002747510322326e+00 9.556602591412423076e-01 -7.746822791710283873e+00
2.580814920278524216e+00 -1.382021930014534883e+00 -5.659540927968625290e+00
1.307000310722931102e+00 6.327053918539323973e+00 -8.682575938995239495e-01
4.036018441528833378e+00 7.767466061606026706e+00 -1.672395562568894434e+01
-1.902024965767062481e+00 1.855928996129330599e+01 1.776068202548105290e+01
-2.620989190487931353e+01 2.418590703672938247e+01 3.920925700974265027e+01
-1.079782509450318528e+01 1.820268440675935073e+00 2.141888195829371178e+00
5.777817092825325851e-01 5.393840822567686821e+00 3.284848874293712750e+00
-3.933790218853641996e+00 -4.500512063290009301e+00 -7.386310338929718888e+00
1.119402036158557934e+00 3.812015278115784778e+00 6.558218024172800753e+00
8.440763287254767988e+00 6.750063563966801894e+01 -4.437453492972475999e+01
5.492932830953423995e+00 -9.292321665317357926e-01 4.795634968941672405e+00
-1.540483922113606319e+01 -2.781932833976068409e+01 5.231161738311609355e+00
-1.201803861547244168e+01 -8.820697915178291382e+00 3.306665162477313658e+01
-5.521107990060552417e+00 3.241214347247310279e+00 -1.197924270770658239e+01
7.580888864587676856e+00 -1.546392213111967839e+00 -1.704421729883634162e+00
1.023908321600683102e+01 9.323656118968823847e+00 7.257726579505535902e+00
1.492731551116649902e+00 -5.091784174280318709e+00 7.501585543362768727e-01
-2.953771922392427918e+00 -1.155946050065334951e+01 1.887288479765817684e+01
1.601980771347864874e+00 -8.135698883671976134e+00 2.653834749508877433e+00
-1.736948228007569028e+01 -1.189223674985140988e+01 -1.294995032293033965e+01
1.037105676736062243e+01 -2.344756944312248237e+00 2.778914227644540436e+00
2.619308127870824787e+00 -5.432302083497216216e+00 4.601531319393855846e+00
-1.086497623514644140e+01 -1.722094121682759038e+01 2.218880037090304569e+01
-3.198626280431715685e+01 -3.355283243698474394e+01 -8.195254812057784832e+00
-1.106243244606241127e+01 -8.760568941133264786e+00 -8.599948058234420101e-01
9.033848590074491369e+00 1.420244335517836909e+01 -4.995145734339251575e+00
8.653671208813269899e+00 2.392899543494098946e+00 6.687328253981248416e-01
-3.436123228505101768e+00 -9.015991260079680103e+00 -1.889295410448097901e+00
-2.198929388260402185e-01 9.067679979789584621e+00 -4.590848255015267387e-01
-3.141561408170518099e+00 2.490621447808323730e+00 5.650364520154828263e+00
-2.746077912906841778e+00 -3.000328489372192209e+00 1.647713615766006967e+01
1.722029980404294491e+01 1.164810162323462706e+01 -1.006657193402435624e+01
1.271373043744561215e+01 3.987448876785606000e+00 -8.917543823009598469e+00
3.061040377374311561e+00 -8.216386556151018539e+00 -3.732820212396331438e+00
-9.678962738942162858e+00 1.331718228732130527e+01 -1.750376368794774207e+00
-5.470764052695266777e+00 9.526693688912549973e+00 -3.121683834561276516e+00
-6.867669548193543250e+00 -5.305627123583631644e+00 -1.593042153716658760e+01
-1.101432763786770047e-01 2.225112019350762438e+01 -1.884444354137901101e+01
-1.536898063018055005e+01 3.404034634082015742e+01 1.911372409951530571e+01
-6.102943258098785240e-01 4.401668199095081224e-01 2.727605708086458414e+00
-7.421406173947510121e-01 -3.040158991289576562e+00 7.777011366417234228e+00
-1.028049367068439857e+01 3.995791382374608069e+00 8.142408550058188865e+00
-1.942417607420590642e+01 1.426076199591529381e+01 -3.876060336009798846e+01
7.928294356073956806e+01 -7.978502926744774015e+01 -2.979976681830924008e+02
-7.949231504893690570e+00 -7.246904573754019419e-01 3.080788651245310206e+00
-1.093650617350850895e+00 -3.058422664766183185e+00 1.602348494821984914e+01
-3.637175392909377081e+00 -2.726646081227849905e+00 1.102403699106395463e+00
-9.608049255196899452e+00 -3.124967182452469405e-01 2.782807506331130831e+00
2.117625354984181385e+01 9.096498208949592268e+00 3.852345955462636251e+00
3.766740257402183545e+01 -1.041831659840561031e+01 2.702196087511215339e+01
-6.755406491040145234e+00 1.502249776619176380e+01 -1.132710726662313760e+01
-6.306097998313766162e+00 -1.989372924824167166e+00 2.566253806963984196e+00
-1.819999122407722325e+01 4.574664914402000626e+00 -7.904846617501244843e+00
-1.610109798111298396e+00 -6.845393446885869260e+00 -6.834983779826207417e+00
8.104473636804236936e-01 -1.762813381125797108e+00 -2.303732203676962964e+00
-6.492766491517721228e+00 2.745547629799964362e+00 -9.364386616659799989e-01
1.169496837275015899e+01 -1.177023124764888379e-01 -1.375667390203438956e+01
2.915019633675676847e+00 -3.867074904909217015e+00 -7.360466483494977119e+00
3.009622613075792152e+00 -7.044724537068695891e-02 -8.741135517592150350e+00
3.331965229908086634e+00 -2.966785455637356961e+01 4.515179652387838694e+00
4.307110083181728832e+00 -7.399370779425812117e+00 7.080029753531388970e+00
2.124521436513503669e+00 -1.316786230409634406e+01 1.147528479451473871e+01
-2.849644904544262669e+00 4.289291902862152028e+01 1.190952150433240142e+01
-9.225825606647422461e+00 1.330803878104073590e+01 1.525495643120253497e+01
-9.505459906983224627e+00 -1.075703168410723443e+01 -2.500724237321201859e-01
6.166781706814068542e+01 -4.801675971598164061e+00 -6.353284003844056826e+01
1.221813065309803115e+01 3.854306284986275699e+01 4.335219439298555955e+01
2.115975205966657668e+00 5.969516742587566149e+00 -6.317676571967447696e-01
1.391557053015846357e+01 1.577672911356496499e+01 -3.697763837601444781e+00
1.152395280164245195e+00 -5.563052237326900240e+00 5.983295209658868963e+00
5.610240446687274618e-01 -8.919902450512438019e-01 -3.702069538322175113e+00
-6.218338109924340884e+00 -5.916870556741814502e-01 6.290169049812948110e+00
-6.674545356733173840e+00 3.154458570345666679e+00 -4.220604588564073723e+00
-7.582684370805899299e+00 -9.404340968355375807e+00 -1.540345405460084294e+01
5.627262768549143868e-01 -6.789621648671006149e+00 4.430931343774970443e+00
1.884080574980137701e+00 1.631968248530830223e+01 -2.013190201362519804e+00
-5.609834443473566523e+00 -3.230881436449416810e+01 1.647696738436169639e+01
4.795291420773044599e+00 -8.428278325381187486e+00 3.354401760117996734e+00
-2.365121939380470106e+00 2.091993760522216750e+00 7.326986100358191756e+00
1.155159864567822492e+00 2.138879065314194694e+00 -2.503202415114351709e+01
1.500626666007671517e+01 6.310551687074595684e+00 -9.572001156013820733e+00
8.007382314674044155e-02 5.969508042277494875e-01 -1.608590854019502459e+01
1.951683431433000493e+00 -6.895504829245374445e+00 3.421456133277152034e+00
4.206287120660217482e+00 7.231186287411436098e+00 -2.049876901629719139e+00
-2.054360795121708350e+01 -1.006272562354438094e+01 6.430481142683874829e+00
-2.699553675556918719e+01 1.950937630044337734e+00 8.744222350466841931e+00
-2.285318839812815472e+00 1.076508972170164391e+01 -7.577836691903000292e-03
5.236184447325337388e+00 1.028733330546836910e+01 -1.879570671213559052e+01
-1.538608618005020690e+00 1.290977542274869716e+00 2.670718085012368181e+00
1.659230498476024440e+00 4.111299285873613485e+00 2.209532354867904669e+00
2.384030071013703989e+01 8.683146467428393578e+00 -1.729192788607828435e+00
-2.129310072246411334e+00 -5.018357878368658653e+00 2.527288748919237271e+00
1.457864684157843316e+00 7.511233443393028786e+00 3.663553916570738256e+00
-6.314265981316948384e+00 -7.756864785762775050e+00 4.158447729557689598e+00
-1.654493349835713900e+01 2.508263201596037106e+01 2.235813935158680721e+01
1.135538384044930460e+01 -9.188741497975508210e+00 1.116936273832478754e+01
5.125447743559493397e+00 -5.888916645182376897e+00 -1.790884159900586914e+00
3.325189142552898769e+00 2.553133537857376290e+00 -3.651677621403024876e+00
-1.063812330490822511e+01 5.480365185028736263e+00 -7.570348345861164230e-01
3.052252148460857128e+00 -6.190896683018346280e+00 1.229100772190331758e+00
1.950226116728545378e+01 9.481720816954702258e+00 -1.494172614090697682e+00
2.919437705751181777e+00 7.236387929843818290e-01 1.780614509433508985e+01
-1.675449781420876150e+01 -6.977475268864285596e+00 -2.751844998654554786e+01
1.692331704213744237e+00 -2.460830276739842226e+00 2.257913201749972565e+00
4.707375696444081825e+00 1.607250019421386567e+00 -3.553468633676616406e+01
-6.913034707422446523e+00 1.651889042391933415e+01 6.824453239422670237e+00
-5.439090677327834022e+00 5.426274541587392974e+00 -1.366288271479931993e+01
5.336193506549848919e+00 4.599975881267782896e+00 -4.635686513134812614e+00
-7.390411333306940556e+00 -1.765612689091518250e+00 1.131764769580759378e+01
-8.235447967197718100e+00 9.285803902640310525e-01 -4.356487053072778615e+00
8.027614838905464012e+00 -4.796044775092514811e+00 1.142553516923897394e+00
5.586990010130925555e+00 -5.686699644034934886e-01 4.359270900867510790e+00
-4.019444952301090446e+00 1.373896911684408861e+00 -1.376689494059152352e+01
2.346625742591085029e+00 1.197598343138134958e+00 -7.400907387270168947e+00
4.071065064910025733e+00 -3.060665376000681892e+00 -1.182865534088269754e+01
3.832228577927418200e+01 4.396215011402870232e+01 1.488016985626646793e+01
1.121552319747554316e+00 5.285947552926861803e+00 -3.153850045710720362e+00
-1.710077167800458264e+00 4.322969587657261137e+00 7.256971545247365984e-01
9.224182200368090889e+00 2.123350700536117586e+01 -4.738319915142419347e-01
-6.523441246083876877e+00 -5.935576045075498186e+00 -4.928545702535208406e+00
-3.638987907608807859e+00 1.957511636432891056e+00 5.459480789553500024e+00
-7.781595573254868725e+00 -1.008273113506047380e+01 9.185339390307227792e-01
1.498149564952843171e+01 -4.392312762893327616e+00 1.343569828782946018e+01
1.495813181535854852e+01 8.273360429071123789e+00 1.044947197575704756e+01
-1.425068801627386250e+01 -2.604744657046758061e+00 7.740323343758561236e+00
-3.497146673967006958e+00 -1.296469397020855574e+01 -5.939695139377858535e-01
2.156207104120259288e+00 -1.190187511477968485e+01 2.249327871119091604e+00
-1.316399392259180878e+01 3.746542345479095815e+01 -2.623483534808451267e+01
1.371906155765798774e+00 -8.324729646117574600e-01 -1.698501604286153466e+01
-1.700531658914534461e+01 -7.648536627577031766e+01 -3.716415486376833055e+00
3.055806493101542856e+02 3.379905276262519465e+00 6.465596301013745517e+01
-3.787951974952099121e+00 -1.364245354208187599e+00 -1.658657379555537492e+00
7.322391267194064746e+00 1.888302207965267954e+01 -2.502110797244461615e+00
-2.108958649603600222e+01 -6.354439816609925629e+00 1.239495584887359492e+01
-1.546379389837192919e+00 -8.374958720792356814e+00 -7.098202336710873084e+00
5.042491045893576995e+00 2.871560321400931315e+00 -6.839492266019708389e+00
-1.950544828873992742e+01 -1.421305324867413233e+01 5.352978245686649927e+00
-1.663803168420464829e+00 4.998833848891320875e-02 3.354807096246330111e+00
-8.378707170031176599e-01 1.817014229402134751e+00 -3.208314895537681011e+00
-7.412259313037512953e+00 -1.754193918781450812e+00 3.970691212004544557e+00
-2.548441313270490483e+01 8.731867044027849190e+00 -2.581719682564754237e+01
-1.520104151638619117e+00 -6.525270301894084746e+00 6.621657480268480889e+00
2.701199390606801476e+00 -6.586886892320761078e+00 3.259835804763939748e+00
-1.893325382497384191e-01 7.462262989804005819e+00 3.392381143752948081e+00
-1.282884394105884063e+00 2.426587116459932414e+00 -1.110889495802022431e+01
2.596508163939643676e-01 -3.834327167721196084e+00 -7.832392660733437317e+00
9.970661786059121567e+00 7.226565433649825287e+00 -9.232742578712199943e+00
3.100557998681747751e+00 2.295891054161761424e+00 -4.953342454252768867e+00
-1.012728586145214571e+01 -3.693983875555495011e+00 -6.326602910127791191e+00
9.537406648997254210e-01 -3.056365699995858165e+00 3.114992193971183543e+00
-3.000635718405971097e+00 -5.079323318765632145e+00 1.096412412674681258e+00
1.504994788642923575e+00 3.630868606373963137e-01 1.152764417801149222e+01
8.943941827320166738e+00 7.551969848833602228e+00 -8.630153164059115589e-01
-2.011704485665379849e+01 2.406680638868462907e+01 -1.847094637440444842e+01
-1.722450783266042063e+00 -1.735984356083956737e+00 -6.593412093194200629e+00
5.527955857590264976e+00 -4.423432083683838556e+00 -1.492542357117075946e-01
1.273630887998899475e+01 -1.275140994954302620e+01 8.351995565640386587e+00
-1.892120427524682924e+01 1.242862976068991721e+01 -1.218571376956634644e+00
1.239452261988746429e+01 -1.083587605138298215e+01 -4.138319412989639012e+00
7.877629222841781242e+00 1.565802922922137519e+01 -2.002590552570802984e+01
6.608210343724427283e+00 8.543197285904707172e+00 1.815747372977458030e+00
-1.419238975063281671e+00 -1.345815799604415552e+00 6.314174098478296804e-01
1.882628274465627971e+00 9.428805490888395369e+00 2.046598842240567251e+01
1.893104109235546062e+00 2.463111525411941116e+00 -3.607571893840285426e+00
7.187769703158100043e+00 1.903414742326231313e+00 -2.106207004479489608e+00
2.034926007738058473e+01 -5.546428888067913565e-01 1.542422365494618752e+01
-8.464566994256006449e-01 -6.921758830756767900e+00 -4.433201797218709572e+01
1.686370571074960978e+01 -3.549718840279030285e+00 2.707689315526607299e+00
7.560969762699110142e+00 6.203818085989871278e+00 1.066482782461110501e+00
-2.429257076991829578e+00 1.267207588649948091e+00 -7.868021709795953278e+00
-2.141313294893312857e+01 1.623345487853830482e+00 6.735118178216439766e+00
4.320813260806230183e+00 3.869846814029015647e+00 6.520956029683290245e-01
2.047501732234133343e+00 2.090241710606640169e+01 -5.394319112157859308e+00
2.428004475052148337e+00 5.222794087246639405e-01 2.683588606040236080e+00
-4.307502343054470550e+00 -7.903897323189043256e+00 6.271204475409275503e+00
-1.083016556948881970e+01 7.543842279621149061e+00 7.694888515466367096e+00
2.241248740676224216e+01 5.613269182604883945e+00 -1.984258518179114716e+01
6.974655849468120117e+00 -1.334131868363959761e+01 7.936760206259942940e+00
1.911847067948659884e-01 -6.207397035669008911e-01 4.577165778815341923e+00
-6.561180098528855531e+00 2.195766084095014392e+00 -1.775870758600923693e+00
-2.526428314359983052e+00 2.300304980374067831e+00 1.731116149499785539e+00
-3.891965422648731909e+00 -2.899096815717073117e+00 6.460381326784766287e+00
-2.210500874614042655e+00 -3.752704626567755497e+00 -5.930761889628845651e+00
4.108011210999769958e+00 -2.831674332348046885e+00 6.775317705414651392e+00
1.840794174275657280e-01 3.463309811631983148e+00 -2.275376012076512300e+00
-9.993163405793652032e+00 1.516079019855466825e+01 7.912971654328015525e+00
8.329840549667677507e+00 -5.257329211173411565e+00 -1.939726605285384409e+01
2.236145815509085821e+01 8.805638362956239362e+00 -5.017922566370417670e+00
1.949763283716019924e+00 2.723447850863422448e-01 3.945671096104543252e-01
2.022766823233217159e-01 2.700016202922053576e+00 6.058065257434216200e+00
-3.011568300789450703e+00 1.514359254609635830e+00 6.791147840551063908e+00
-1.390881720457874593e+01 3.144709570242725150e+01 2.026063847782996774e+01
1.880103179916918776e+01 2.761017647802273345e+01 -1.824024795703503088e+01
1.404407843253780364e+01 -5.878282581947937402e+00 1.447322020199708070e-01
-2.657140201894671705e+00 -1.131914864163447776e+00 3.998426637190046318e+00
-3.954433637034337146e+00 -4.207458785810446855e+00 -1.003668250833813680e+01
-1.199005236483468018e+01 -8.640134208523562620e+00 8.559108297528645437e+00
1.221702870240237004e+01 -3.283512616832113817e+00 -2.825112424791055510e+00
-7.959859530031202723e+00 4.087081887261637902e+00 -3.434651872104564241e+00
-2.335062308072881621e+00 -1.417791136553876230e+00 3.660977151362897697e+00
8.606290464250847094e+00 8.453916766976634634e+00 -3.443961888364729163e+00
4.452814793904280144e+00 7.702575515665907702e+00 -7.685646211428611707e-01
-2.414849950664411882e+00 2.472546276193887138e+01 -6.663868407263623617e+00
-3.735408962493041685e+01 3.562837729681576349e+01 -9.635470001199683665e+00
4.008652444804396531e+00 2.486914269234949515e+01 -3.651061350889506940e+01
-4.658761117240245220e+00 -2.146372955527064974e+01 7.196466726353930810e+00
9.372539057935233231e+00 5.109715228376784379e-01 -1.524833373772124467e+00
-7.913169826015029606e-01 2.374839419998077794e+00 -1.020324950220018323e+01
1.810666129574406424e+00 -7.878027966478471811e+00 4.550251923217876637e+00
8.412976904622398777e+00 -9.985751207562355347e+00 2.851618814521359457e+00
5.251370300022839110e+00 3.347364125074442587e+00 6.111864817153455753e+00
-4.734465508491234154e+00 -1.401147768390098580e+00 2.929774902264353553e+00
-1.749562159277049389e+00 -9.676963737999542126e-01 6.642758686504437016e+00
-7.036700057628382865e+01 2.151896091615662954e+01 -2.568978854329952100e+01
-9.040682672189173097e-01 3.261898269191175537e+00 -8.758692863928462913e+00
3.259294235333283662e+00 5.070409601034683078e+00 6.003489700566241538e+00
3.304527868030776361e+00 -1.039337974343997040e+01 -6.675930560030333361e+00
-6.547777287628546716e+00 2.478471237629931156e+00 6.425617129778943948e+00
2.389886858276954484e+01 9.653006719016913095e+00 4.554450581332009307e+00
-8.457466349371934200e+00 1.085842041148642245e+01 -4.274262987128838454e+00
-8.503103785137618331e+00 7.031803874548972821e+00 1.473876154240505620e+01
3.357454267145891347e+00 9.826749802330397188e+00 -5.809341172067575165e+00
1.407579311385423004e+01 -9.893584598867345647e+00 7.488545887827427805e+00
-9.000933893701038357e+00 -2.823211059005520607e+00 1.309060698412121804e+00
5.725811383169699731e+00 1.944391249837128965e+00 9.853741068672491110e+00
-4.831439378381316097e+00 3.712792991235152495e+00 7.644515601642350333e+00
-6.250992296440661455e+00 -1.312536607442720271e+00 -1.738735429821947420e+01
-4.274485455464183126e+00 1.911793110932262341e+00 -7.897917098688580495e-01
4.785690615058078912e+00 -3.312934460436596229e-01 6.510409853423184678e+00
2.147913515255502226e+00 1.964114887313495217e+01 -1.114691922287821768e+01
-1.593774605696719071e+01 9.209537520389798004e+00 -8.530315375913065878e+00
1.290630357137305140e+01 -1.728801512035286647e+00 -2.155806352196041331e+01
-9.633223773138771762e+00 -1.151690571008258601e+01 -9.125438311241431677e+00
-1.076773863258053865e+01 -3.959864188117182326e+00 2.140362396537188516e+01
1.198551245214439476e+01 -3.484965647051678328e+00 -5.560639911599269958e+00
4.263879537962766975e+00 5.054189632783154806e-01 2.117365801634938649e-01
-5.458929858874663310e+00 9.033926570185322191e+00 9.499096078457464287e+00
-2.197916731805777513e+00 2.236890857964532131e+00 1.332356672818312049e+00
9.689805514404030706e-01 -4.715569074385385639e-01 1.576626167724631822e+00
7.885234859385688466e+00 -5.517387884628925931e+00 -1.820950394086197355e-01
7.480078340069338694e+00 -7.111329628165933059e+00 -3.610909439188822123e+00
4.695912780135513387e+00 -5.858131470997805401e+00 8.362239912039020950e+00
-2.700732136526838900e+01 3.202495686126011520e+01 -2.013973424758875908e+01
1.636412593838943863e+01 1.660706230313079956e+01 -7.577779386140781170e+00
-8.863583669845811031e+00 6.462336143746076900e+00 5.671942483537835145e+00
-5.387086982999269580e+00 -3.020197874480622158e+00 -1.438976599564155467e+00
7.446828784295156822e+00 2.059897884234162646e+01 3.079642351240115516e+01
-4.557248937399697830e+00 -3.462859835019683530e+00 2.219682204243220713e+00
-3.698225894998442786e+00 -2.434783167384165115e+00 9.819317452249858746e+00
1.553143996789412817e+01 5.524732711175193600e+00 -2.920093477050613284e+00
-4.003959767632583322e+00 -5.427487513296161303e+00 1.314523154133987326e+01
-9.082720928078748202e+00 6.367718148475133511e+00 3.942337991546108977e+00
-2.794210409384715277e+01 -2.998060562614383073e+01 -8.228883849311896981e+00
-3.729176241217510235e+00 -8.020385745524677645e+00 7.842020833821144343e+00
-7.438103052978426000e+00 1.499568937366694854e+01 -5.185408796278927035e+00
-2.876436133163845277e+00 -2.689246737534782383e+01 -2.748212204600411113e+01
-7.881533911606720011e+00 -1.380159132803344901e+00 -7.270191423665680830e+00
1.932068539607462387e+00 6.432978457344145973e+00 -5.912549589300761355e+00
4.083423688790501771e+00 -1.728232573944136208e+00 2.646500075201476232e+00
-5.045969527231861207e+00 -1.165229068210736862e+01 2.284158334736634988e+00
1.462437097229834215e+01 7.800848241694839480e+00 2.380166527064854431e+00
1.451671969364319814e+01 6.968228983932204912e+00 -1.029203103646897333e+01
2.470128227681483324e+00 3.392953070183625908e+00 2.429603071432736350e+00
2.705133617362279530e+00 -2.229043443279066505e-01 -2.660753772553295704e+00
5.700074976304922991e+00 -1.060708326703325266e+00 5.687633350800150644e+00
-8.346060613679303630e-01 1.387910034584215246e+00 -2.443072588717244975e-01
1.395362748535542252e+01 -1.166122008799955090e+00 -1.254049838185734345e+01
1.018791747365291478e+01 -4.477642755357600812e+00 3.480749146305728736e+00
-1.654142450391553609e+01 5.478354010181314848e+00 2.343275374148140955e+01
-6.309930376654834028e+00 4.466738569183320351e+00 -1.475393608179620664e+01
3.013356620348480064e+00 1.238497454182544200e+00 1.745409548820027412e+00
-7.480940043215793978e+00 -5.196682963036514558e+00 -8.334666081058356824e+00
-7.084130807608385538e+00 -4.142321642313099517e+00 9.743454163885093777e+00
-2.402687484660044337e+00 -3.875341360389161327e+00 6.847606146398897309e+00
2.234512461214566148e+00 1.880189062480131312e+01 -1.441092215366512885e+00
-6.788406715619131893e-01 -1.383503851385575523e+01 1.168756107150651147e+00
1.038443791277465067e+01 9.323769070723143315e+00 3.800847936410279626e+00
-3.548304872052794323e+00 -5.618875425808091073e+00 6.937113883936254499e-01
-1.271978103707838414e+01 1.002535289015101050e+01 2.910604916530179942e+00
-3.462779674486068160e+00 -9.313571129411299054e+00 1.899288266798436542e+00
1.409159652237628402e+00 -1.252406451348681005e-01 -4.351294536859707129e+00
5.170987770168836484e+00 -6.368391236719107340e+00 2.083651924322320603e+00
-2.133327607203341802e+00 -1.760279257919766804e+00 8.583888572399485106e-01
-1.511692904224679168e+00 5.775032845356087741e+00 1.488373089500166779e+00
-5.999282545213754148e+00 -9.859404045004199091e+00 8.843400081737901042e-01
-3.262949473397301237e+00 -7.815297735723814032e-01 -2.384954773547692586e+00
1.311301884610096380e+01 4.343220444404090941e+00 1.685015671843637364e+01
-7.310716243384353774e+00 -1.586416187082827778e-01 -4.113371849223764087e+01
-1.129116732354369113e+01 -4.419086018080517597e+00 -8.288710719368594937e+00
-5.650241926993764707e+00 -1.041954642831333544e+01 2.699755322592055862e+00
1.552754519574764380e+01 -1.766853323358690275e+01 1.174115081270955407e+01
9.452327219302068428e+00 5.509800240336838684e+00 8.001656180074750324e+00
-1.566272563192231404e+00 7.344718110905141373e+00 8.188971656315464642e+00
2.187574605626100288e-01 3.593303681274279349e+00 6.471654416276598765e-01
4.111783240212966817e+00 4.054554074919900053e+00 1.092197189786780243e+01
-5.959794207476891259e+00 1.328627485895157001e+01 3.382945844699106530e+00
-1.236463245854745630e+01 6.508310077876112487e+00 -3.156448146807465660e-01
1.979915156266421761e+01 -6.840852433303008517e+00 -1.238731774684320541e+01
-4.886588332021139180e+00 -3.672668788810346641e+00 9.390949614028960113e+00
-3.884063170835010959e-01 2.492336674139700392e+00 1.484048516963513142e-01
4.353286897554386137e+00 3.333228614236887655e+00 -3.033204672953015990e+00
1.039550457357199953e+01 -7.653678522637554771e+00 -6.675730028028405982e+00
-1.001083421664467643e+01 4.454967729879634852e+00 -1.371032649621163557e+01
3.401517669731829230e+00 3.806719802496305594e+00 -6.895445958652894447e+00
-4.906032404621373466e+00 -7.924110297047382012e+00 2.924186885351684495e+01
5.710156886717763669e+00 -1.136227286007477844e+01 1.595286454608693116e+00
2.828596734636974475e+00 1.067619854423302606e+01 2.062448049996673305e+01
-2.476317040899840549e+01 1.021017684446583296e+01 -2.191045522209769914e+01
-2.566831447712342840e+00 4.939045740124250017e+00 -3.825500378909051147e+00
2.966091242236122971e-01 6.212534908326565741e+00 3.885763695013503494e+00
2.465610644633142723e+00 2.859989709820859538e+00 4.046577137027460580e+00
5.764845661831067503e+00 3.421508462991627031e-01 -8.932010070144103864e+00
2.183597956231299264e+00 2.957628039459274216e+00 -3.924998252761271456e+00
5.455159709381881328e+00 -5.385851073352376339e+00 -1.126478031488664655e+01
-1.080943082855868376e+01 1.618181683545132188e+01 -1.734834503249043536e+01
-1.762727646356207245e+01 1.497076552056806342e+01 2.469433969114101757e+01
2.877361352718095588e+01 -2.234664931423388623e+00 6.235938121302648796e+00
1.273801770676795120e-01 1.004771434129296814e+01 1.986706646753347294e-01
-1.188184767470873560e+01 -4.858952638741971697e+00 -2.885124499290850242e+00
7.666056112957793545e+00 -3.998690160547877515e+00 1.451988495625035291e+00
-8.921723523578574344e+00 -3.018310941511430645e+00 -1.664974103248707848e+01
1.253699145949005889e+01 -3.664784759956539517e+01 7.633151582949520453e+00
-6.189070767405646656e+00 2.240044241876152142e+00 2.226977314164659827e+00
8.267997476119743894e+00 2.002408023920053903e+00 2.323986538040430982e+00
1.364426216520395130e+01 3.347182637725660381e+00 -1.928082273740088581e+01
-8.878871893651961500e+00 7.326685246915917382e+00 4.646763938662989801e+01
-1.681631792624995736e+00 -1.947077716963070859e+00 -2.542835200842968657e+00
-3.572994801305324319e+00 3.364781148498271790e+01 1.764150588848113799e+01
1.241136770699548642e+00 4.031639441096404042e+00 -1.748774567477415687e+01
1.496672669702473790e+01 -1.189059799062600842e+00 1.238412777995930902e+01
7.132173557310379497e-01 1.358053990739363215e+01 1.116384409090095531e+01
9.068845290033985540e-01 2.243959834178877788e+00 1.024432918741656096e+00
3.177381636384680164e+01 1.383516709215281359e+01 -2.379404029142081356e+01
3.715569065498767998e+01 3.931135872626075223e+00 -2.246031361093923984e+00
1.504022468303038540e+00 2.860134026119229844e+00 -5.113047639279716172e+00
6.600028591119849963e+00 7.691416997970301317e+00 9.635712518360548984e+00
-1.002589161174396004e+00 -3.756375532260954220e+00 -8.883829998771748393e+00
1.037245123705401006e+01 3.740541723119509498e+00 -9.956821702803589247e+00
2.205847860281843609e+01 1.339781977091466203e+01 -2.993441657639953846e+00
-3.710899275525628038e+00 9.214480371731351704e-01 2.844498650297003550e+00
-8.511356769237752307e-01 -1.050204239598177658e+00 2.477574569603840704e+00
-4.509733560282890075e+00 4.208335814226645155e+00 -9.433203409379290250e+00
-1.540026146187942091e+00 -6.442736893688762123e+00 8.194418208304373508e+00
-2.643937565183272831e+00 5.776424316206095533e+00 -5.588012878452008891e+00
-6.682342958911305253e+00 -1.101848888675977939e-01 3.453900804122771007e+00
6.355277389099638796e+00 -3.136326011044962558e-01 -3.807014581746359205e+00
2.081796504647366597e-01 -2.655614200611524645e+00 1.519003470323496918e+00
-2.115562020876721849e+00 -1.339855296082188829e+01 -1.114359759805143568e+01
1.310450241679112615e+01 -1.593040804747759331e+01 2.352875714602781887e+00
2.217275146600624858e+00 -1.551161856112313764e+01 4.148097489929476467e+01
-7.952371761292228669e+00 1.121436366743434832e+01 -3.533025519145941207e+00
-7.372883877333010538e+00 1.384884252062336252e+01 -1.246975838889760446e+01
-4.552620600642707238e+00 3.963335387438998225e+01 2.338288188780970955e+01
1.170890456318384398e+00 -1.113018154117304537e+00 -2.301405050380109785e+00
2.319168016363273299e+00 2.965741781064948346e-01 -5.391879278396733532e+00
-1.655229146928446582e+00 -4.698296725644031113e+00 1.535976734669063859e+01
-2.001561258925030007e+00 -6.533750420534021330e-01 3.539611831593109326e+00
5.187713771743833746e+00 -1.226877968328987691e+02 -7.263067946597136881e+01
-8.856022624153379041e+00 -8.513564459924653605e+00 -1.665751927877838057e+01
-7.876707857341651575e+00 -7.825179693547029913e+00 -8.054513877622975215e+00
-1.180238964732762019e+00 4.780097571615285368e+00 2.131243413117864360e+00
8.479624612593205768e+00 1.117108002268373479e+00 -2.715872025945926804e+00
-6.372308309783437430e+00 1.511073651804860862e+00 9.358149020373509597e-01
8.337660842603188405e-01 -2.307094151440382213e+00 4.741257127871034704e+00
7.208773498980981520e-01 -7.045484195946174033e+00 1.365451721481357339e+01
-4.591945454959923012e+00 7.132347981807391157e+00 2.825422552778237062e+00
1.680595736005556784e+00 -7.937484117834391562e+00 -2.112553129510395256e-01
8.328647422604426254e+00 1.330612312170021383e+01 1.789774824602472947e+01
-1.598129453029525637e-01 -3.133431832392956640e+00 6.722910974287014119e-01
5.977303379963671226e+00 -5.687338955690604436e+00 7.628778489695706710e-01
1.249777959872506550e+01 -2.481492525785300884e+01 -4.093090327186249766e+00
1.327438234577820353e+01 -7.882201439318360592e+00 4.712342821830579176e+00
-7.338983733515648034e+00 1.854558399625568565e+00 -8.835072270428561581e+00
1.011803627411178219e+01 3.095745894157529765e+00 8.129050352228853527e+00
-6.292243388042800589e+00 1.815923209403364069e+01 3.273546195113594592e+01
3.692929508277345896e+00 1.491127252537959080e+01 1.934580165018722875e+00
7.551289348380023192e+00 -1.717113648593134867e+00 6.405814664277085235e+00
-2.034301365271646205e+02 -1.502913478291739864e+02 -5.489100705832389338e+01
-5.584281780978901821e+00 -9.499326854461052960e+00 1.083373082310269631e+01
1.892892271656981151e+00 1.298791704965367622e+01 -2.170441322973886589e+00
-2.786035267224237444e+01 7.652672069322342452e+00 2.291969867751083356e+01
3.354445146973950909e+00 6.344804070691665743e+00 -6.358896033560577976e+00
-7.974433936300141801e-02 -5.425726003174661471e+00 -1.401612194022249369e+01
-7.803779215013113557e+00 -2.603672582009965986e+00 -7.892524691976546825e-01
-7.238635588820589994e+00 4.509504368461130497e+01 -4.995942428094275556e+01
-2.077633168436031852e+01 -4.379615240910457175e+00 -4.938026096047222424e+00
-5.905830622941478758e+00 1.313602106565341998e+01 -4.592305963078266551e+00
3.528774210537174216e+00 -1.272427730415052594e+01 1.175077273039884102e-01
8.474846943771263241e+00 4.382071197933126022e-03 -5.754620282941422804e-01
-3.270820336551925056e+00 1.032549036517265817e+00 1.783989282783864150e+00
-1.467768494205412333e+00 3.567064067129354754e+00 -9.292406277236423762e+00
7.831674701126710936e+00 1.027819385758758131e+01 8.978677232986266077e+00
-4.255361348297267199e+00 -2.712902552905794185e+00 1.550729102229867040e+00
8.092534313273814561e+00 -1.322069546777361992e+01 4.134128462548688709e+00
-3.726412732476904188e-01 8.809676482253635754e+00 -4.576755747666808816e+00
1.810427551248044153e+01 -1.280093821455304059e+01 -5.551942518847686081e+00
-1.523461748307101793e+00 4.154166977650313619e+00 6.535729911537329073e+00
1.682305666281662937e+01 8.793636510116868976e+00 -2.815371232267831658e+01
-2.732440530143052548e+00 -3.559580097374464902e+00 1.710373613450822505e+00
-4.452478332660600557e+00 1.632273937113426276e+00 -1.010899434714422718e+01
1.290233747968083655e+00 1.018721604900356326e+01 -8.986731915969599527e+00
-8.876168771337452412e+00 2.416687423276561830e+01 2.695740746747024019e+01
1.881448317027086370e+00 1.900944193048037434e+01 1.990927494337179127e+01
2.661097612116049671e+00 -6.813910894657351225e-01 -2.373736709470697548e+01
4.057007012367209953e+00 7.441596277571959739e+00 -1.312934759097366744e+01
-9.521490682339040390e+00 3.177346458156782738e+00 1.892599793555576682e+01
6.670220737584815929e+00 6.880461506058410670e-01 -3.118503549245503326e+00
-1.205171776373035719e+01 -1.208528947185580371e+01 -8.980744861426572356e+00
-5.568762758145905600e+00 -8.155342650359287404e+00 2.128470041847970062e+00
-1.125015052955341588e+01 6.007654430669244761e+00 -9.406574537104361866e+00
-5.272893765070175931e+00 9.467302784562036777e+00 1.019076733276856883e+00
-1.062165612552829685e+01 4.474209002554965231e+00 7.187707391711534832e+00
4.947292406923656571e+00 -1.229854479818822455e+01 4.880973791528671057e+00
3.254002719429922585e+00 2.439559943310990686e+00 -1.304690426448642171e+01
5.497094398868775933e+00 8.680245756575834193e+00 -5.567384194216224103e+00
1.606300575266107922e+00 3.491346981130617699e+00 -3.726617589737888814e+00
-4.054891710422692697e+00 -1.112274191305448490e+01 1.278636383661808473e+01
4.449392022627879584e+00 -3.962978469242855462e-01 -1.342851293168015658e+00
1.045984167152518651e+01 8.355311958562539942e+00 -6.262867617374276108e+00
-4.376373835366992893e+01 -2.777051663402992432e+01 1.021435837656327372e+01
-2.921518350846544987e+00 3.553564907237920067e+00 7.502719803521143760e+00
1.125737196298809728e+01 4.670176513376522109e+01 1.383291342742921337e+01
-9.306919246991427030e+00 -7.082855741935868421e-01 -1.571313145177214565e+01
1.045218077103182175e+01 7.776524107604935843e+00 8.933737043328697780e+00
2.318853256505378546e+00 -1.292458526498519111e+00 8.128278499659488787e+00
3.813946552203407947e+01 -7.108745024554377778e+01 -2.977743984345043415e+01
-8.977688943498424834e+00 1.929054006459855941e+01 -6.535065821161668786e+00
8.870428802621543873e-01 1.831953156691699558e+00 1.022307205937593544e+01
-5.941480307255708304e+00 3.483984386996801796e-01 5.789007118875367786e-01
-2.088911851383411511e-01 2.147009607609826176e+00 1.397548655914315485e-01
3.887673618119229957e+00 -4.767982409881112105e+00 -4.692284590033804825e+00
1.594897170365180372e+01 -2.099900331239387685e-01 -1.538501500180209369e+00
-4.130994876068063704e+00 9.980870044034228172e+00 5.144170504008567235e+00
-9.013878999627472410e+00 1.097397692986938544e+01 -1.721669776233986582e+01
-2.347546965981599598e+01 1.812124855467872209e+01 -5.986968765502662215e+00
-2.004658929758293961e+00 1.397179348017718503e+01 5.808970503280655784e+00
2.006159728226342143e+00 -1.186094071916721404e+01 1.058918680721972372e+01
3.515955626988688909e+00 1.374840591443315319e+01 2.733090966029509872e+01
-1.425139518676882666e+01 -8.698621591307841072e+00 3.522075943994471992e+00
-5.739717888958611347e+00 3.985111345995759891e+00 -4.235859353658903426e-01
4.121715429045622869e+01 -9.277673024269844859e+00 1.577149101822518773e+01
9.564938681779858598e+01 3.775780255981471356e+01 4.520435425208651026e+01
1.597297660695082122e+01 4.254104765865037763e+01 -9.356303527897150474e+00
-1.861093281445282743e+00 7.661483592701600287e+00 -1.972513880202769077e+00
-7.013664848819711750e+00 -1.798581369720324341e+00 2.982725689153349791e+00
1.260414383551887596e+01 1.726065845373238972e+01 8.971977310242602144e+00
-1.497389509127374119e+00 4.218071825964641697e+00 1.526973737978893020e+00
-6.144468570100021232e+00 5.184753482455430884e-01 8.896075576984101119e+00
6.683327316944027707e+00 1.535445270540353624e+00 -1.196971070932934200e+00
-7.307484830771015183e+00 -9.286955166973658748e+00 -1.598081396141467714e+00
-1.114303899170639340e+02 -6.361413218264571512e+00 -7.944136254159484878e+00
3.288281344652956406e+00 -3.954226921981731646e+00 -1.010210615352742458e+01
2.258753619286579362e+00 7.766781828899747886e+00 -8.973842351787512106e-01
-1.630336681964651202e+00 7.804142500585407483e+00 3.989977962209339424e+00
-7.060526019181999402e+00 9.691802572676708749e+00 6.883680205403640562e-01
-1.192167443579865527e+01 -3.493767285322813887e+00 -7.044284278585708492e+00
-8.469089250898420573e+00 -7.725158071220056266e-01 8.109240853853510345e+00
8.726208841787135384e+01 2.236169695745793007e+01 -7.250756230580000761e+01
3.264808879680351161e+00 3.331077527734609411e+00 -7.181957789101723222e+00
2.358389283487009536e+01 9.407530144708122322e+00 -1.606706246967647900e+01
-6.194040702804911369e+00 -6.830460337801781412e-01 -1.720220503830873771e+00
4.465309623143364770e-01 -1.869858377888635204e+01 -9.391425426706314639e-01
8.644679840903524592e+00 1.083034762695004538e+00 1.211540150589431519e+01
2.960905468191980638e+00 -8.195730429346362311e-02 -3.313413232077267345e+00
-3.532798203707898210e+00 -2.494295778208695857e+00 -1.154259606432740393e+00
1.963697270844507514e+01 -6.254886550128240685e+00 9.828599974640038539e+00
-1.354801120431160655e+01 -8.814338378312312372e+00 -1.446759692793222207e+01
9.102063690578838795e-01 -6.729714430863783292e+00 -8.215885358570540475e+00
1.504215536462371272e+00 7.284609929929958483e+00 9.948604554452808557e+00
-1.198814233890542624e+01 -3.025336323297983299e+00 1.069302080748181005e+00
-3.482769692689113294e-01 2.738049542257032787e+00 -1.047693812835400884e+01
1.203073893098371627e+01 -2.321050019131480902e+00 -3.744277456861429876e+00
-2.879201287142510779e+00 4.333880541538685627e+00 -1.392428115616346718e+00
3.925494137594932376e+00 -3.623513719130806887e+00 4.570344293284812842e+00
-5.496698526262197015e-01 2.759564220327990203e+00 -3.728050411201431213e+00
-2.276041793868295304e+00 1.442503643593698426e+00 7.269886036650379246e-01
-7.536101167551434443e+00 -4.796810706282349734e+00 -3.481153057182417854e+00
-8.436882161669860380e+00 -7.608897341278953341e+00 -1.335468520324809560e+01
-8.858585044056892954e+00 7.397285751219128791e+00 -2.055549181796831704e+01
1.224616773001224734e+00 -8.172156204881209085e-01 3.081141374166981084e+00
-4.250385218175100732e+00 -5.228131535298983223e+00 -5.019630689200485385e+00
-1.058204471229137589e+01 3.241352962642042090e+00 -1.229204192004949903e+01
-1.104283852349269068e+01 -1.114743754811925136e+01 7.736275860678484051e+00
2.755261508894417233e+00 3.123338510833259107e+01 -1.855635246401725880e+01
9.181842963186566564e+00 -1.549552545584610286e+01 1.407821719505242442e+01
-1.518431833323057845e+01 1.756227441447111293e+00 7.320323568633336997e+00
2.681363981566730814e+01 4.054189002371407113e+00 -1.240681433347949003e+01
2.166163489826582911e+00 -2.171898372351533268e+00 6.007700430827034310e-01
-1.213954719467056975e+01 -7.698077432400112663e+00 2.705225086706088078e+00
-3.564406369143290476e+01 -1.183970783741282595e+01 6.256000428649256406e+01
-8.053016431834231881e+00 -1.842894980081585032e+01 -5.889208396259892453e+00
7.531966751237058944e+00 -6.969721970249257659e+00 1.332181743513458416e+00
6.535398363281704759e-01 4.755408513201248688e+00 -6.200941197633944135e+00
-1.295801542127168027e+01 -2.242385863012720293e+01 2.145052599620149891e+01
1.117004466113798244e+01 -4.040024230467597732e+00 1.588363429258902926e+01
-7.803460292781742247e+00 5.280298355906135832e+00 -8.925540017382738611e+00
-9.520307249153081131e+00 5.091004117093303805e+00 -1.454593710317888977e+00
-1.680046736636057192e+00 4.161992769041997775e+00 -4.858171207953338566e+00
1.288356594685664902e+02 -6.103364575517330337e+01 1.055790741564295132e+02
1.085081368241124089e+01 -1.069744516568449733e+01 -2.218133767672017953e+01
-3.186421086123112545e+01 -1.602577963018585550e+01 -2.547647263943792595e+01
1.866988875432498363e+00 -3.482978622455271900e+00 -1.003960849713646120e+01
-1.951116242374244436e+01 -1.797034322322201616e+00 -3.450280062289176186e+01
-2.138053646808721453e+00 -1.025603276682235077e+01 4.192887745400057042e+00
-1.156650383126278436e+00 1.640631891443149026e+00 2.827852296462983972e+00
6.980247233390159955e+00 3.561655868437070271e-01 8.060288841909990509e+00
-6.966649436941959372e+00 1.428323485741652199e+01 -3.755629371336367317e+00
-5.401693554958929333e+00 -2.548802836130971805e+00 -3.459447477816197214e+00
1.050853971509013718e+01 -6.946090409300171409e+00 2.190847388801115869e+01
-6.573033031632583345e+00 -1.912152690114329090e+01 -9.080790247604177523e+00
1.463569263550087669e+02 -1.205817795205433640e+02 2.661542977717088547e+02
9.106961133132633890e+00 -8.951293536162564735e+00 -1.046090900297081738e+01
1.929767831947475187e+01 9.597686521843987739e-01 1.566107224062298364e+01
-5.972610204024065617e+00 5.558671951244054554e+00 -7.602975640759499498e+00
7.676453688151191557e+00 -3.577810799301299305e+00 -7.574913647309077902e+00
9.390775368519330257e+00 7.491330911898828937e+00 -1.495981247433793015e+01
2.909779119007299464e+00 -2.611418659517935836e+01 -2.103078699488196079e+01
-1.273544664672298232e+01 9.570639024698261110e+00 -2.166078343297485986e+01
-3.859455768413032217e+01 6.718787983801366437e+00 -5.777954180918472460e+00
-4.438413685949379683e+00 8.424368179697617975e+00 5.350950708862002969e+00
-3.931773729236804904e+00 1.180409543324967059e+00 3.565555252293954425e+00
9.261305619263724864e+00 -1.584833128644635103e+01 3.849188189663423909e+00
3.086288320568780996e+00 -4.100417954579794078e+00 7.962483456031212548e+00
-7.610078293136212091e-01 1.080566473465198740e+01 4.362565295708237811e-01
-1.103605265792731416e+01 -6.372686023929915677e+00 5.187436497704145388e+00
-2.458169093374807268e+00 -1.692669963006489420e+00 4.824382658580412375e+00
3.129282082026256795e+00 7.838780058624267078e+00 -3.122699336899661837e+00
-4.786784965324610286e-01 4.091542262798074425e+00 1.090308079592831447e+01
5.376320902846969396e+00 1.583862609686969947e+01 2.509780663229893705e+01
1.077491016249886302e+00 -1.356054628365879422e+00 -7.018795990735307022e+00
2.047460709021910574e+00 -2.883721739038149767e+00 -2.222955709041362304e+00
-1.588336166599981603e+01 -1.392389833178318881e+00 -7.203078891744209677e+00
-5.094178347002704221e+00 -4.393094104381830789e+00 -1.464726766948859726e+00
-3.144423854610202085e+01 2.912436534691884127e+00 4.953116252924731810e+01
-1.217200121753854170e+01 -6.049867669191757003e+00 -9.284781058927368491e+00
5.061494553732582835e-01 2.390587134838993988e-01 1.738833472354569665e+01
-7.317547478327386390e-01 8.152775473734555689e+00 -1.094109622899486389e+01
-1.160291939845135900e+01 1.770225277373254080e+00 3.159268478601936714e+00
2.246393357264837931e+01 1.387385071913541523e+01 1.920321638742241532e+01
1.131879957921301738e+01 -1.684513232174049691e+01 -1.132008498229043703e+01
-4.067225674181408124e+01 1.035406936276088352e+01 -4.287542943578357857e+00
7.441312698101726353e-02 1.076091341995596551e+01 -1.593754847555010956e+00
6.035848187249969854e+00 -1.621580113437968507e+01 4.994872859053717917e+00
1.201703492347836022e+00 -3.122633728421567412e+01 2.129112339386858466e+01
-5.871411447436132747e+00 2.233146296469855585e+01 -2.665866263397280278e+00
1.683877044990957472e+00 7.289819862480504398e+00 -5.822203267106040414e+00
3.595911699844674292e+00 3.936553145146270083e+00 -3.347041594090857775e+00
-1.703102523286388337e+00 2.544355676899551888e+00 1.274663392395376738e+00
-1.125447272950311017e+01 -1.760707383051611785e+01 2.663061908822566437e+00
-6.345099134766847726e+00 1.398737117538143837e-01 8.121468708367405309e-01
-3.735436661555757265e+00 -1.547433350455833967e+01 -1.300721141383734292e+01
2.964982505793215761e+00 -3.922623112672499524e+00 -1.437858938068674375e+00
1.579154448213357753e+01 4.130875393524367389e+00 1.207014597268818434e+01
-2.695689523561208834e+00 2.280367848134683406e-01 6.981160723636562260e+00
1.322774167310888060e+01 6.676972387394864983e-01 1.420653044974109847e+01
-6.282095343540400556e+00 2.272477889364525439e+00 -6.429352729341577977e+00
1.537904379933777932e+00 1.597141771259159171e+01 2.002011764640700964e+00
1.630118376957145188e+01 1.805374690215731104e-01 -1.047235705180073495e+01
-3.785442109696531610e+00 8.041398195336819654e+00 -2.492471877597992957e+01
1.284764978792545520e+01 -8.041870483252089308e-01 -3.992572318562032652e-01
-2.830868481501432665e+00 1.166051605641484201e+01 -1.246186315700385805e+01
1.428592555289744226e+01 -2.908187718206247219e+00 1.129247145404237607e+01
-1.728918478870373221e+01 -5.098034443269772176e+00 -2.895568728192783325e+00
2.465978165660422050e+01 8.200080113209907040e+00 1.333674756762077962e+01
-2.679713644489860869e+01 -2.791960878993100525e+00 1.665323149767998245e+01
1.558110862222537563e+01 -1.328102137589444887e+01 -1.015077413941900630e+01
-1.978781477049626503e+01 -1.879090352375777684e+01 -1.223010237047734527e+01
2.260913842932497175e+01 1.780209346283574945e+01 -5.338636533489119707e+00
-1.151069533625416419e+01 5.663025457180367539e+00 9.720818381929900553e+00
-9.397504127718422140e+00 -1.238303745364164854e+01 -1.266654550540689961e+01
4.843733301629609578e+00 7.617653057663868132e+00 -6.748832630900519547e+00
1.950736012477941017e+01 4.585927324875224365e+00 3.445191962215061920e+01
5.823692167753296900e+00 -4.653253262857767858e+00 1.776370500223973137e+00
-1.801638784932807269e+01 1.615814295539856449e+00 3.878108389921185672e+00
6.392940840357375976e+00 -1.857362453457763518e+00 -6.897829355589234268e+00
-4.157863273606011489e+00 2.624406205290417571e+00 6.425243480505936411e+00
-4.812362266158206836e+00 6.590357779393491988e-01 1.110626683861504427e+00
-7.018845232068985363e-01 -1.056401459201609860e+01 -5.567535758635186127e+00
1.312777439856609618e+01 -5.414706010009144421e+00 -7.055205624820644061e+00
1.627925544967798999e+01 7.084592662817047426e+01 2.472207703584747307e+01
-1.162667104877209923e+01 2.812524879211685480e+00 -5.918653448643548032e+00
1.041954379655886953e+01 -7.932590246740275575e+00 -4.620260490393662600e+00
-7.090720302966529331e+00 -1.642406410387650784e+00 -2.071668438934337608e+00
4.683372605087062546e+00 6.877671739960645070e+00 -9.215995224491623006e+00
1.136218144671992292e+01 -7.974053977132490090e+00 3.620431192155124656e+00
-1.451396288131250145e+01 -1.943530928018196136e+01 -3.927519205911213618e+00
5.036160510347843511e-01 8.538629432682144582e+00 -3.479034134288215618e+00
-7.021299461631921313e-01 4.956350023857650222e-01 2.215924942150481414e+00
1.751595667987108085e-01 -3.931330112562708479e+00 5.595926179123391631e-01
-1.888483881079546478e+01 -1.042837897423574489e+01 2.839636837752616216e+00
-1.531737481097357190e+00 -1.389672252519061457e+00 2.848366118714814377e+00
5.236891810776280742e-01 -1.588309671093351305e+01 2.635814230419119397e+01
-1.559607287501764361e+01 7.466534254496832546e+01 -3.698741293910824623e+01
-5.367585653188471362e-01 7.138674554558211760e+00 2.917770375285790863e+00
-1.778717377742205130e+01 -8.301323461736018317e+00 -9.519501416859140974e+00
2.569042204254906814e+00 -9.133923916165358037e+00 -5.113733674898062631e+00
-1.101043402653956527e+01 4.511633129907186124e+00 -1.273462409718532662e+01
5.189782991295331271e+00 -9.859047164678742092e+00 7.779449635954836850e+00
-2.381957731256227007e+00 8.944252254561614990e+00 -2.006542746813048339e+01
9.699590745155644012e-01 -2.837486547278571525e+00 -4.666952651220618975e+00
-3.339324903343702022e+00 9.536138024030056393e-01 7.481484962760111268e-02
-6.237924251917416285e+00 -1.746010870275295446e+00 -1.158970631883583735e+01
1.574899328895425121e+01 -1.705359038835983776e-01 -3.689599647329439680e+00
3.881096922770181479e+00 -2.664807503193620875e+01 -8.910547515247962735e+00
-1.052847709323907743e+01 -1.568188218746461438e+01 -2.343170266749942943e-01
-1.259933365329412425e+01 -3.956710974888112631e+00 -1.374362701989415125e+00
-6.773768777558293763e+00 5.896356194108556714e+00 9.805065511169100967e-01
-1.574950296420491647e+01 1.238352554770819225e+01 -1.871381361265535048e+01
2.822050814550015385e+00 -6.437422853218984109e+00 -1.791744347965491091e+00
1.186905172866303104e+01 -3.984047184399829966e+00 3.706712049303218848e+00
-3.352276361469081478e-01 -3.550155781304529246e+00 -1.679831744784417547e+00
6.920672252101173427e+00 -4.238280775869680994e+00 8.568718820693449700e+00
-1.738190241728425400e+00 -2.574875926607396170e+00 7.583845553948536100e+00
-6.619776319643117191e+00 1.269944169251402855e+00 3.675368232388946943e+00
1.537449106587860603e+00 -2.509382013501170849e+00 8.964983739167804444e+00
2.066575239578439849e+01 -9.815416499122113336e+00 -3.946099055113073462e+00
9.553315679569115204e+00 3.375139704292986931e+00 -1.825761850614505377e+01
3.153283065484977943e+00 -1.943752074668669616e+00 -3.476878876715695288e+00
-1.482400452643111421e+01 -1.210125411973216458e+01 6.924469438789378728e+01
-3.529493987162355961e-01 -2.170590526069665671e+01 4.724532205042922151e+00
-2.116758380317830479e+00 -1.192185220433031034e+01 -3.580839539430781926e+00
-1.601334089165799002e+00 -2.386001126493082936e+00 -6.385533259890101565e-01
7.679311274139498877e+00 -1.662723441513401124e+00 6.894288114747668117e-02
-5.402346736169810093e+00 -2.133086026602705465e-01 -4.267916428278191177e+00
4.579993962888677217e+00 2.365720773884608885e+00 -1.380788945782514654e+00
-7.113138790172782500e+00 -1.039878625711666693e+01 -7.706832478366772987e-01
-9.922416724000301613e+00 1.998008456950633160e+01 5.636401443552697677e-01
1.563129140242796034e+00 -7.364655108728810795e+00 8.793939148110386128e+00
1.321499428363418538e+01 1.895419957887638063e+01 -3.771897729816498845e+00
3.868984912386300712e-01 2.278212642442516422e+00 -7.599994373525333913e-01
1.373101380787930204e+00 -1.371157555391051730e+01 1.205926701250301214e+01
2.510831466858589156e+00 3.687255252158411434e+00 3.969427788602453600e+00
-4.775360483182043758e+00 -1.978896014900128719e+01 -9.656639341199587889e+00
1.280385783376439690e+01 1.150675511347133695e-02 2.435768174508670558e+00
1.564383634169672188e+00 -1.045594868034336988e+00 -3.138133342608325993e+00
-9.463952415573907428e-01 -1.813076603440670453e+01 5.241364132001350207e+00
2.716789302083263635e+00 -4.657972508635214837e+00 -3.512735118195902118e+00
-4.146739694593546233e+01 2.301733014017550971e+01 -3.846380163495777538e+01
8.280713145387827012e+01 -3.660057446920450275e+01 -3.196442903996197060e+02
9.568573463814349367e+00 1.506751960642716881e+01 -8.855546089330074366e+00
-9.762299425713194978e+00 4.345861633464900287e+00 -6.771238783398644934e+00
6.855979141765574880e+00 2.568547320690004465e-01 1.406739161382035519e+01
7.557154459538228508e+00 -2.432563694664360554e+01 -1.428702712090503368e+01
1.984100449993320692e-01 -7.422325348388311816e+00 6.659703431532407514e+00
7.065847373331691550e+00 -5.625515033773413442e+00 2.677183966209367050e+00
-4.929871877657840074e+00 3.398719669389344489e+01 5.506769682648335440e+00
-1.483505249465562947e+01 9.507383405327813009e+00 1.102209683356914560e+01
-1.777897736045636989e+01 -3.819711302220900251e+01 2.454733192528068031e+01
1.216735062986172844e-01 -4.401162142990972193e+00 -5.981073190931665451e+00
-3.795544369457235501e+00 -1.893171531392146445e+00 -7.651519221426217321e+00
1.471968866596897385e+02 3.063168406259455878e+01 -2.348182095923155828e+02
6.485125468737725996e+00 -9.981588849288661081e+00 2.351988688749257150e+00
7.864223421598551589e+00 5.388234687292486891e-01 8.646937968177008382e-02
6.559235319320478652e+00 2.557237057385463075e+01 -6.039544037491388906e+00
1.727317102973602081e+00 8.419908152626025544e-01 5.556174184179710096e+00
-2.069846696409554987e+00 -5.905658083449862872e+00 -3.148138468166437942e+00
-1.583297611486648471e+01 3.467015009447402374e+00 1.302352585910422889e+01
1.023199732587333521e+01 7.926075348487023220e+00 2.489300614567436565e+00
-7.573860150523246126e+00 4.120380604471085562e+00 1.528946240954405511e-01
-1.693749268327391277e+01 -1.985882082897410195e+00 9.397350876919457363e+00
-2.061423532037811057e+01 3.442991142592591558e+01 -4.657585962687406322e+01
3.950594183868042508e-01 -7.256641469203792383e+00 -6.770512693270498872e+00
1.166740153771848831e+01 -1.284949311516725423e+01 8.977401570050513868e+00
1.178743406023771367e+00 9.956910963670969394e+00 -2.281064591734256908e+00
2.220867136870806391e+01 1.245927278286218787e+01 -4.656951561697214359e+00
-8.981264849225969016e+00 -1.525643791359699186e+01 9.564404577227549886e-01
-2.839109914955147307e+00 -1.069548196591214051e+01 -3.983912836129718027e+00
-1.698679818512040418e+00 2.127402227377910648e+01 7.798679436862319569e+00
-1.233894064225573572e+01 -1.053366355021783818e+01 7.033073623928968843e+00
-2.032688829184000667e+01 -1.821352191607071802e+01 -1.318989961895291785e+01
1.839608004003791564e+01 -5.996788538640031696e+00 -8.364500483715174184e+00
-3.909582709935038647e+00 -2.091371876525454920e-01 5.282212833002919439e+00
-5.148641823043460519e+00 2.927382060551507181e-01 -6.935347753483707578e+00
7.898320921140886242e+00 -8.438157321847093995e-01 4.708477731749881379e+00
-6.102118866783158069e+00 -8.723664428525971237e-01 8.244209102965296410e+00
-7.419280171698740212e+00 4.791033814521969525e+00 -1.118280958619471654e+01
-3.254221509152152247e+00 4.479217962335535042e+00 1.704657126078042495e+01
3.059952808562259374e+00 1.512714042597595565e+00 3.352719544851344158e-01
-7.229094561982887690e+00 -3.588182443723064718e+00 3.722123214753114695e+00
-2.654608390299856513e+00 1.113207845456195111e+00 2.567952488697521130e+00
3.432059646766347227e-02 -4.251984210926389451e+00 2.253855619852470848e+00
-2.990815424274539946e+00 7.292298687510512245e-01 -3.921488516068213137e+00
-3.527836650703537913e+00 -3.397723382025821692e+00 6.908025483147226531e-01
-9.701260091711427336e+00 1.356847384902156173e-01 -1.564403073858328241e+01
1.638773720611926388e+00 9.738002781461839064e+00 1.817624431303752175e+01
7.608192951558068184e-01 2.650425624926602097e+01 -6.857469097179250461e+00
-8.758650762636793985e+00 5.010854615681349600e+00 -4.857904509190473230e-01
-3.286951816237646540e+00 1.593166422767609891e+00 -7.951012701861820409e-01
1.029234729319017845e+02 8.230934015673176418e+01 -9.073959031968620081e+01
-7.361747837782870896e+00 1.306489711512140950e+01 9.136769782522403460e+00
1.349053824613325681e+01 2.549454321785621147e+01 2.228531288646249209e+01
3.582124970668505437e-01 -1.887212155466128777e-02 1.582521157672867851e+01
-6.695021000606314887e-01 -2.419752796714184750e+00 1.277828965428727237e+01
5.872835202308085201e+00 1.554807514099475974e+01 -8.333394607955570521e+00
-7.858414945507429650e+01 2.263727310477454324e+01 9.515479395148946651e+01
6.065413924740942875e+00 -3.154404896766947797e+00 5.136440435962588147e+00
-1.900170562276490571e+01 1.044227106072813527e+01 7.399618300719787989e+00
-1.670425318031697026e+00 3.099471890977070210e+00 -8.709468883538584727e-01
-5.020029162183183402e+00 3.881045595846591839e-02 7.701561835376536713e+00
-6.311961629307552002e+00 8.718333567542353890e+00 4.523476786574435415e+00
2.344854338908494373e+00 5.313226418458177669e+00 -3.215537067464522725e+00
-1.118477898513761115e+00 -6.347665299274602990e-01 6.725364394433865911e+00
-2.975685946658697567e+00 5.922659732138734867e+00 1.286066341254555034e+01
1.121559661264194041e+01 1.244855302146067011e+01 9.518169546572790907e+00
1.591326044068502732e+01 7.273136356223093568e-02 -1.547896176817054403e+01
-2.910666465491254407e+00 -8.159087297393304183e+00 -8.376167308450117588e+00
3.029502332198806869e+01 1.381715047862421386e+01 3.933478952443044108e+01
-1.788247265333726546e+02 -1.423387827988624394e+02 8.038205862161879622e+01
-4.854412283146849916e+00 1.468247230885090815e+01 -5.512599191717951541e+00
-5.181419501529062721e+00 -2.799653292498574531e-01 1.186433461525016675e+01
6.517131816443960668e-01 1.180806227805396125e+00 -2.060071137616601877e+00
-1.978823350301057049e+00 -1.378339375110589904e+00 -5.929977138122323188e-01
-4.652880365115300565e-01 -2.815725908590420712e+00 -2.940182240766043176e+00
-1.644302063254541935e+01 -3.207682999945232538e+00 3.387054383849095324e-03
7.871117714478933491e-01 3.959588759183400697e+00 -2.179888924596330657e+00
-1.015227510885999429e+01 4.876102372096043247e+00 5.645596644364956340e-01
4.942800721881141612e+00 -6.530843976362149306e+00 -6.244532268031350419e+00
1.220561301034183188e+01 -6.402455695674595937e+00 -7.215344967830031209e+00
-1.476216240113099598e+00 1.916962870091994509e+00 4.872152573556947530e+00
1.134658970245373766e+01 -8.713169909403106761e-01 6.088266469144561377e+00
1.635196248175336464e+01 6.506977925045954736e-01 -1.885632062304474132e+01
3.629584796829138149e+00 1.201719499486521237e+01 4.471463441012539342e+00
-5.844854928417824169e+00 1.204161454777303852e+01 5.006422903124460255e+00
-1.518418221426637693e+01 -1.794669401356923188e+01 -1.077328397614388145e+01
1.757715229646828581e+00 1.139714367607258083e+01 3.888870085086102879e+00
6.688089403659878585e+00 5.767706339306263530e+00 -1.548608391317174515e+01
-3.524945726447267447e+00 1.707822031281212016e+00 9.404539045621657323e+00
-1.340945145616137957e+01 2.573784026912374401e+00 -9.038740388189003383e+00
-9.035039707506141937e+00 1.753794662837757423e+00 -2.318763626681423773e+00
4.937812038720213792e+01 -9.263566571795285753e+00 2.679512044944700477e+01
9.055146661937538699e-01 1.395251073480542381e+01 -1.005228134866262169e+00
-1.304820251801544373e+00 6.437015932543502572e+00 6.836667333863370111e+00
-2.616660967688093198e+00 -1.865210897404446300e+01 1.323316696903595791e+01
1.050055466224839584e+01 -6.444445807585187147e+00 -9.455340251018967024e+00
1.975886365872683825e+01 7.396935797488334075e+00 2.414604478320891978e+00
7.433334504865969805e+00 9.147344927913808377e+00 -9.163674375659190963e-01
-3.785046072149987140e+01 -1.584144963981245269e+01 1.166994473940320987e+01
5.557612679916445586e+00 5.038933436358778550e+00 2.551167902664627229e-01
2.670070219974079251e+01 -3.795965888181563486e+01 -8.209235149314173086e+00
2.036078298851504265e+00 -6.330062045042133434e+00 1.341904965433047359e+01
1.612564785091778319e+01 9.803374885298540287e-01 -6.230752416078841449e+00
-8.580282167103867152e+00 -3.383774202783714102e+00 7.548290966605428309e+00
2.654341915720308601e-02 1.406619109367088605e+01 2.333896324766398678e+01
-2.103162226017274250e+01 -3.501361159584053251e+00 1.970568827617153929e+01
8.774742257008835367e+00 -4.187531861253118493e+00 -5.363211823537068490e+00
-2.587919494699415512e+00 -1.064050847176409853e+00 -4.481662860038649887e-01
-5.019228174647726526e+00 9.565315935358155164e-01 -6.624962236001720406e+00
-6.185347341197266147e+00 5.677001108814967445e+00 6.969023227523439168e+00
2.271728173584397936e+00 1.056262583059153215e+00 1.809852129329728143e+01
-1.421592515553500036e+01 6.442702791213650748e+00 1.439997063927982435e+00
1.331416473260768463e+01 -2.250467886598216616e+00 1.066295463148237282e-01
1.692206026817000830e-01 -2.012177035301044303e-01 1.897419967219426962e+00
5.789224335243045694e+00 1.354993825004961749e+01 7.385538512444109749e+00
-9.855137369554730853e+00 3.173310060194278304e+00 -9.525774053977318800e+00
-7.252718504741316075e+00 4.621597812174655928e+00 -2.684139609730518128e+00
1.568329076507038167e+01 6.106246580445075622e+00 -6.890355779433995131e+00
5.200732391862121062e+01 5.342693216736468287e+01 1.973340974505531165e+01
1.777242033692625123e+00 -2.557086594091932952e+00 -4.440861741313982591e+00
-9.541013649476489888e+01 -1.084713415565154726e+01 -8.763881288972508798e+01
3.296638587804492815e+00 -7.182980523926286720e-01 3.459408922420179611e+00
-5.056569895748449284e+00 9.087360666090415151e+00 8.808857095836179596e+00
-3.431083137549887585e+00 -1.654833681318631511e+00 -9.593204424977349376e+00
-1.217450118933028769e+01 1.640353371128617255e+01 -3.390116908189761524e+00
-3.516419980781266386e+00 2.353321721951910028e+00 -1.843151700167521057e+00
6.401150958481188091e+00 -8.074232577961203416e-01 6.651895701641344694e+00
3.881670349435029976e+01 -5.238915734427001780e+01 1.709230290944082142e+01
1.372991853039750021e+00 4.343105686522900299e+00 -1.038758635799023722e+00
8.366459381222918879e+00 -1.593533208044367910e+01 -5.443305932890569743e+00
-1.318105818289794939e+01 -1.276747834796129188e+00 -5.970825683744887868e+00
9.808679114682902878e+00 -5.624709945543991729e+00 1.907455043242504145e+00
4.877589123971405982e+00 -8.867130364858537561e+00 4.770703198100546771e+00
-6.319570354680833724e+00 -1.344004340176743817e+01 -2.031694624282110784e+00
7.093062426221480976e+00 -9.641003491766552358e+00 1.370290124602469573e-01
8.644254832288648771e+00 4.163022587182418022e+01 -5.600752697033486882e+00
-1.532768149242475175e+00 1.276936883055359395e+01 -2.124948331014376635e+00
7.449959173868245799e+00 1.834706153680948582e+00 1.185326695884733939e+00
-4.752745888190941237e+00 -1.778778662773492725e+00 -1.091514258210046551e+00
-1.128083393166764381e+01 1.888229268548183182e+00 -4.755221131800189127e+00
-3.698453690560447704e+00 -8.869679321665286054e+00 -7.309082350345078360e+00
6.155060775027480169e+00 -4.048205207239204739e+00 1.282371868117821201e+01
8.499764267034474186e-01 -2.723497106504860454e+01 -1.169161454591067972e+01
1.453258241044003585e+00 -6.436974601473306912e+00 4.172126340007882739e+00
-5.231230048834114577e+00 -4.678667293703177243e+00 -9.136470177875189336e+00
7.254615740564474002e+00 -2.743954171575153467e+01 1.891009560229203146e+01
2.169892160357044908e+00 -6.298217157518635201e-01 1.309158038407291502e-01
-8.609037361890974793e+00 9.132126574069491909e+00 1.722028399972174995e-01
-2.112206051201871215e+00 -2.769726308874452148e+00 4.033474261418461992e+00
1.643756538749794105e+00 2.290468381474069659e+01 -1.124866073782797748e+01
6.179872808353677804e+00 1.021535970491060041e+01 5.885498341261891753e+00
-2.167548219655868635e+00 1.365219180867394355e+00 -1.408415969095865528e+01
1.803774222606391220e+01 3.560848948994403429e+01 5.089781837484993687e+00
-6.889761215984512299e-01 8.444835418861595500e+00 -1.643653346237157198e+00
1.595272824070922901e+01 1.671147453157046492e+00 -1.265728381993683627e+01
8.410891410925634304e+00 -1.639381636543322918e+00 3.615017823570372713e+01
-5.739130809708456837e+01 -1.046382505696352183e+02 5.947671490332080424e+01
5.127955237577009662e+00 -5.047403753115796476e+00 -9.005968731516940107e-01
-3.703216789690022637e+01 -1.269917687929883243e+01 3.440918160346350874e+01
-6.113854157222847086e+00 -1.479800719547026411e+01 6.282435936247764141e-02
1.181953060462515737e+01 9.321654633315901606e+00 9.250193801130230042e+00
-2.739152338312822899e+00 -1.278059031353622288e+01 2.333844605914152837e+01
-1.431781038227340375e+01 -9.798203791182958255e+00 -3.760431803634556758e+00
4.181580173869560824e+00 -3.524106520038011947e+00 8.449241480334274357e+00
-1.531362475786685096e+01 2.702678941985721650e+01 4.393261647926056668e+00
-1.652553165824993897e+01 -9.417771049801823224e+00 1.201654066001374588e+01
-5.935556341883560627e+00 5.523335096142033329e+00 8.813420055767373640e+00
-7.300860739618821427e+00 6.403145203414828401e-01 -1.993364935700582263e-01
9.526255270739458325e+00 -6.008114994026430011e-01 -4.074690283687639081e+00
3.091268629975005844e+00 -9.178284606210445062e+00 1.027584881869295330e+01
-3.539151054026345999e+00 -2.906971148225061974e+00 -2.281607490382694792e+01
5.464026202142845401e-01 6.276515351903517725e+00 -2.087247261393912812e+00
-4.245359491973580646e+01 -2.872692565411599119e+01 -2.153237470881080196e+00
-1.082316033054621762e+01 -1.545551769084241123e+01 -2.707615476765361606e+01
-6.118902425346007590e+00 3.025163648508205072e-01 -1.949565308822503562e+00
-1.155027634188707797e+00 1.387420000276697873e+00 1.562156803188818621e+01
-2.294730766088977081e+00 -1.216626558739674735e+01 1.094882194311489521e+01
-1.483215383523615705e+00 -7.715233734897208873e-01 1.861283703901203401e-01
6.855242337599848135e+00 4.280425800499975786e+00 -4.941101097685036692e+00
-1.812975068664723022e+00 -6.170344062496652349e+00 4.619064555342989209e+00
-2.983328240831317313e+00 -1.046269250380874283e+01 5.181120560229667271e-01
3.831515047923160999e+00 -6.024602332668924198e+00 -6.232922209291299254e+00
8.095005268278724131e+00 3.276108600152033201e+00 4.089993992965355041e+00
-1.241145520355038778e+00 2.262280796944871053e+00 3.182749265205371714e+00
-3.088370626177087797e+00 -1.589763033519891700e+01 1.097150155083615886e+01
2.062788701658107904e+00 -6.021633831191817166e+00 -4.742039509919357521e+00
3.645996699193969626e+00 -4.616598030449783785e+00 -2.065704616113919756e-01
1.873780783476269640e+00 8.918205585940988556e+00 6.531051784119900283e+00
4.847969434596181570e-01 -3.613094302556109305e+00 1.071866528194606261e+01
5.092225902019628103e-01 -1.059967261128676341e+01 -5.502073717193979974e+00
-1.830305848454179696e+01 6.132806089937374416e+00 2.594294411237062281e+00
-3.063253298852797357e+01 2.188006026409907534e+01 1.297552522512988915e+01
1.436915095680875831e+00 -1.308067576428563417e+00 -5.093096470061438730e+00
3.725608280151035512e+00 1.263160613457752435e+00 3.298649700978410593e+00
-3.809026167897478832e+00 3.745767791432498495e+00 3.694784020597771335e+00
4.682814806511416350e+00 2.720156623634495840e+00 -7.470468384775021953e+00
2.865496838461933371e-01 -2.860935048659063451e+00 -7.006893543215058529e+00
1.527816774407775569e+01 8.959474635901830908e+00 -3.187475742188572436e+00
-1.950974087438059001e+00 -1.299054225203118662e+01 -5.760335314534700046e+00
9.848329491965623461e+00 -2.701920436959942329e+00 -7.751186800400976296e+00
-4.243436024481395563e+00 2.156386206680438733e-01 1.467386535192189534e+01
3.577814326516575161e-01 2.876662207982064512e+00 -5.820735994827986204e+00
9.771910291598478793e+00 1.255493575018415520e+01 3.845716976582987723e+00
-6.541291308687032569e+00 7.049129329482809680e+00 -8.952807642200852456e+00
-6.929758297923872767e+00 -2.831300349232627056e+01 -2.380635317246614946e+01
1.525741043835906474e+00 2.290441225877835052e+00 -5.626571847947598570e+00
5.367197970847921162e+00 -7.356392517690164112e+00 4.399735906686435882e+00
1.360246536576358700e+01 -2.118623430165824661e+00 -6.829540208593054551e+00
-3.634673549146370419e+01 -8.103013248395723167e+01 2.778964017211308501e+01
4.094848118448763508e+00 -4.808887571359866442e+00 1.176134987931636067e+00
8.500092088488934161e-01 -4.349279832636118392e+00 -2.812375517696422023e+00
3.416296373845097989e+00 -6.703387409139621722e-01 2.188826932786867463e+00
-2.164432671690097454e+00 6.001145923332127374e+00 -6.869796417500007024e+00
-2.838275362358351650e+00 -9.147736556373686767e+00 -8.132166549630994723e+00
-6.379791347958661873e+00 2.034703711095220413e+01 7.251170878781588947e+00
1.161672203983630780e+01 2.788705485018629915e+01 4.299462561885004419e+01
6.071364189876693018e+00 1.737508571611093178e+00 -6.497197441837034848e-01
-8.357445338538916246e+00 -2.784703288655544284e+00 8.094818734842517571e+00
1.199732620564539110e+00 -4.423894271536391365e+00 -1.943764702811001444e+00
3.126818428526186633e+00 -2.925719956529357901e-01 1.220147139940982867e-01
-1.219973899097817416e+01 6.674692903293076185e+00 1.073887010260240338e+01
-1.870920996158164229e+01 6.784288476439353843e+00 -7.951767598478121535e+00
3.399192365070624611e-02 2.229962883115602779e+01 1.270490677827871373e+01
-6.525361482262026058e+00 5.981514343648563603e+00 3.076871866116989374e+00
-5.590298304748294589e-01 3.495429436922274391e+01 2.624669682352637867e+00
1.243645825589528187e+01 -2.604990626697076816e+00 -4.168162646579266273e+00
4.563609715620143170e+00 -5.936018580069831962e+00 -3.609299088791230403e+00
8.816939861803846368e-01 -4.075061542028264761e+00 2.234417516090331013e+00
-3.223246531857829056e-01 -7.099625520854679905e+00 -1.651103513342342399e+00
1.798488764171916943e+00 -1.256393714504076620e+01 -8.233306377746604454e+00
1.334157186903988723e+01 -1.034791435636995383e+00 -2.546537585661785119e+00
3.468385537865716767e-02 2.425744485439243903e+01 -6.130907238914368840e+00
2.287217618313763356e+00 -2.406164635654566197e+01 1.954095280687707259e+01
2.584422740066398916e+01 -2.775640028802706638e+01 4.905965911292163861e-01
-7.065757268806985847e-01 -3.187074473236772842e+00 2.804824464574757314e+00
2.162454905662819726e+01 1.409138503161064726e+01 9.926640310466966710e+00
-2.193512413444900666e+00 6.208163697437698580e+00 2.828651817667924284e+00
3.608051067165924053e+00 8.581880830049465558e+00 6.405342312045209319e+00
-2.132703712446619448e+01 7.260247017597522223e+00 -2.874821888644686396e+01
-7.801005755453609414e-01 -3.768738199747800888e+00 -3.678706333749261148e+00
-4.702164500014236914e+00 1.906271533548022745e+01 7.800604241889540269e+00
1.768845393666218735e+00 5.143850924129149682e+00 -1.543294209656768423e+01
-2.228715773693305646e+00 9.221749847706078640e+00 1.275600780025375158e+01
4.428759640843292544e+00 4.080173440982415300e+00 -2.137188035932986008e+00
1.713329019695456523e+01 -1.290583201757450205e+01 -7.399422250221430630e+00
8.484271251347587750e+00 -2.564767667374961491e+01 3.125488759828425955e+01
3.974042604728443839e-01 -6.082783592940665507e+00 5.246081484785138471e+00
-5.721537962811026112e+00 -6.464585104004038740e+00 1.321502750642379542e+00
1.709570597538039394e+01 2.257824012462057794e+01 8.135811248040939248e+00
-1.161270391608280050e+01 -1.357408442867594367e+01 9.802234860446459308e+00
-1.495798304339359674e+00 1.160590059866345314e+01 4.059845705448142716e+00
7.278695985220724474e+00 -2.230908676775946287e+00 -9.365331351109121849e-01
2.843584057982941449e+00 -6.972570899895715879e-01 5.614660185776783941e+00
-6.607227768071152418e+00 -1.487727132714341671e+01 -8.153290909273065878e+00
2.584543476873820467e+01 1.895264915843836562e+01 -4.742044422542613269e+00
-4.154740007476796393e+00 -7.166041006108114786e+00 -5.878594253890053523e+00
7.380198665813252568e+00 -5.096926925081844750e+00 -1.069951144737995463e+01
2.708214615442964046e+00 8.339606242601096397e+00 -8.519557935100051438e+00
-4.121769355715590422e+01 2.256948293711617026e+01 2.817942346467129155e+01
-2.759651565379738969e+01 -1.094692496574390361e+01 4.342303156830767286e+00
8.231614066988141687e+00 1.915796512873851332e-01 1.530486802445395700e+00
-6.062940644960947090e+00 5.342169376768689304e+00 1.372621624481878122e+01
2.951172338316512267e+00 -1.454169811614044905e+00 3.612991664373218281e+00
1.523249130114420069e+01 7.317537014737949264e+00 5.460383115468783188e+00
-1.288360997157304233e+01 1.521486879940045833e+00 3.948828900426181399e+00
-9.955877897878641747e+00 6.176534706224479088e+00 -1.171669705301697384e+01
4.694811265394373123e+01 -3.134776147553866821e+01 -1.043332412529469622e+01
-5.727048954096157551e+00 1.229411196414854501e+01 -1.118963741655433353e+01
1.645123410646531337e+00 -3.051050192673506078e+00 -4.170346042842123069e+00
-1.599120543325484256e+00 -4.120535421204101212e+00 2.297574691779360023e+00
1.350252276099428994e-01 6.226740851665537591e+00 -2.659075503492327464e+00
2.105125667198284489e+01 -4.014886960864047616e+00 4.480051143396999613e+00
4.833681024558178052e+00 -7.743515420759416124e+00 -2.954483959831056161e+00
-7.714600797098746909e+00 4.290557996207602920e-01 1.633466132876271715e+01
1.118275730914461086e+01 -2.812932182964265948e+01 1.965109260518347511e+01
2.862637275947082571e+01 1.839723984536454182e+01 -1.085157125129676636e+01
-6.565067026926217686e+00 -2.795026113036502391e+00 1.822516738901452982e+01
-5.893008908372214805e+00 -5.929669069790977964e+00 -1.893141521601454969e+01
3.848557477874720245e+00 -1.131912766629759481e+00 1.303145556023423524e+00
-5.227352428585695598e+00 7.933714053029200741e+00 3.788289850539502179e+00
2.605501395440686929e-01 -2.397355132684814372e+00 4.552509360406452821e+00
2.608690121413525986e+01 3.005051033761912294e+01 -1.367675942464485850e+01
-4.270006561563938874e+00 -4.816152003973138918e+00 5.384915449307275281e+00
-8.978620037405827148e+00 1.224833330542352172e+01 3.153200494842270718e+00
-7.729308120521598546e+00 -4.256217149077779816e+00 1.131469128579215955e+01
-1.660340201953222961e+00 -1.362108385345463013e+01 1.919532023663325315e+00
-4.635056202588093477e+00 6.159675261750036768e+00 -2.038782628813013975e+00
5.091333664425278904e+00 -2.744917816193072291e+00 2.064758228591068612e+00
5.822200434420751414e+00 -3.593789293896298087e+00 -9.316977834223145738e-01
1.185024943156392396e+00 5.055787226906212517e+00 -2.673935032387806943e-01
-2.047750824877789810e+01 1.842035331423278910e+00 3.039093638714329249e+00
4.642573958876303308e+00 4.391336625904266100e+00 -1.434392977293736671e+01
6.114867529848125649e+00 6.069964961367655398e+00 -5.904261778709781083e+00
-4.004724915512035410e-02 -9.341722097060163321e+00 1.886633292720995225e+00
6.707370977829365977e+00 -1.018339601560514929e+01 -3.435623924474395352e+01
5.351170047940022378e+00 -8.413235416726079219e-01 7.758108542257271090e+00
-7.147464804690836004e+00 -2.371088064606981849e+00 6.582293323776764460e+00
-5.668293574067148732e+00 -3.216341015899324862e+00 -1.418551917651544425e+00
3.951397529751418780e+00 -1.078871079150517165e+00 9.623579459919167078e-01
1.862624984752204726e+00 -4.369112518938490730e+00 1.611757085580042131e-02
2.329372083869216126e-01 -8.650296971811113345e-01 2.366007619879539003e+00
3.521035236219479447e+00 2.552760141667497962e+01 1.026760351612765731e+01
1.098417628658726031e+01 8.040972228243164821e+00 4.091790567889497687e+00
1.376760608434584654e+01 -3.327063218570981196e+00 -2.132294365311501494e+01
3.907660227477540271e+00 -4.991302706699502600e+00 2.327922121334582428e+00
-1.963671422930162436e+01 2.137889272649955075e+01 7.804494161822454146e+00
-7.094439781247449339e+00 5.853389592237580707e+00 -3.188098438086977904e+00
3.351379756482296557e+01 -3.734268694457311000e+01 2.016589275081705424e+01
-5.122475543350581084e+00 -9.904022559748629106e+00 -3.763357005658191312e+00
1.394336691026147879e+00 -7.721654694651282069e-01 1.374744199434587699e+00
-1.330380032806503188e+01 1.620216641368821042e+00 3.007350625880674144e+01
-4.679958560055620609e+00 -3.405227718152435301e+00 -1.087855999200761659e+01
1.565812661128230765e+01 -4.729030440333957586e+00 6.146541357225189017e+00
-1.383716853452384932e+01 -6.085750148572389051e+00 9.414806963261462158e+00
-1.782138516394289107e+00 1.264068194807211576e+01 5.770901730494633952e+00
8.234882914925256259e+00 5.419693977758726966e+00 2.866728669392345275e+00
-1.202169760435411661e+01 -1.921618558715116265e+01 -2.990582603918082683e+01
2.948531080713082275e+01 3.468908874694199085e+01 -3.162429468186486048e+01
1.142978349104829761e+00 1.188702321745546131e+00 1.204365272955671706e+01
3.331212266008336087e+00 2.665653426415340022e+01 -7.458172645880152274e-01
1.220211471518770097e+01 2.769714066061560587e+01 -1.023303707416090269e+01
-2.388719161138519731e-01 -7.910313953229735517e+00 -2.124774747617701909e+00
-9.030802941638246040e+00 3.609835312441405097e+00 -5.124255763459927282e-01
-7.870385926693515444e+00 -7.031511903422411613e+00 1.170141429700608882e+01
-1.381276157492023149e+00 1.840170989866276940e+01 -2.183381693115856947e+01
-1.380856295911581633e+01 1.652577171897267938e+00 -5.833676364496120037e+00
-8.898197626249084280e+00 5.724100524782985033e+00 3.020019315492268319e+00
5.535473832232248981e+00 4.748311157500749169e-01 -1.527346922742338631e+00
-9.742335738019727742e+00 -1.495208456329752966e+00 -1.016523786136020124e+00
-5.764440664072509435e+00 -1.089201596117368220e+00 3.032788978852621664e+00
9.957492265371119089e+00 -2.054288224024875475e+01 -1.383686685356273482e+00
9.616327935856142872e+00 1.980202722683815253e+00 2.080499267963689114e+00
-7.292793214714478722e+00 7.622919900466620824e+00 -5.788410046308091417e+00
9.369404276062359926e+00 1.191665241286270049e+00 -3.013406482149537169e+01
1.318988093146020013e+01 -3.304288482365486335e+00 3.120443162321633324e+00
1.385405215791022115e+01 -6.818070616357367442e+00 5.240924790835715719e+00
-5.858343096461561572e+01 -9.009092043457809496e+01 -6.625383920455730902e+01
3.308892565767476146e+00 4.884316485456878354e+00 -2.823773178023882391e+00
-1.395813273635273255e+01 -4.872136114788255412e+01 -2.374737470554545737e+01
6.075302780238894584e+00 -6.094199103679003748e+00 1.018315382563257154e+00
-3.953197396932748120e+01 2.464334544350540313e+01 1.530049470958976343e+01
1.767320982039845223e+00 -8.587244517637161678e+00 2.679541533877691575e-02
2.078319818834680976e+00 2.582738896749509294e+00 -8.782384028994012937e+00
-7.964799667161398311e+00 1.323950732482754233e+01 -5.674852041502091993e-01
5.586283892432021281e-01 1.457666442887899150e+00 4.631717453414532670e+00
-1.895236070875809276e+01 1.193331856459226437e+01 1.403743617752262196e+00
1.859380411832148283e+01 -1.961113110554679739e+00 -4.937285394934480820e+00
3.326603416917320999e+01 -2.775701846432437137e+01 -4.680636802592347578e+01
-1.172829573152986748e+00 -1.223897918472613000e+01 1.634100871883259698e+00
1.858697036017727733e+00 3.477723259682091950e+00 -9.366913157774467535e+00
1.074993956656345873e+01 2.363210678918165542e+01 -6.431371508912154589e+00
-1.484090305274832433e+00 -1.082413079380864840e+00 -4.711448327797177882e+01
3.401896620859049847e+01 5.006171749729696074e+01 -5.762495233854755483e+00
-1.499069359657204115e-01 -2.843407808412133697e+00 9.843849567475299267e+00
-4.050138003746427628e+00 -7.588596038005325894e+00 -4.260573420189492921e+00
1.318544180852074454e+01 -1.024838200730768811e+00 7.243644268344428205e+00
-5.161274047420395306e+00 3.012252738616095788e-03 -3.915844142824431717e+00
-4.176557551703138138e+00 1.062415543243340998e+01 -2.355262408963964660e+00
-9.372181163473166876e+00 -9.105449128051279484e-01 2.213659417481851577e+00
-6.072845286337198445e+00 4.371014155390890110e+00 1.259219065246231217e+01
9.260776472732227660e+01 -7.187366807739024921e+01 -5.662906731351151279e+01
1.097282596387562981e+00 7.587533714925317696e+00 1.050995596386936848e+00
2.502028683557278921e+00 -9.384968851331299433e+00 -6.006765127605862453e+00
4.217153861762113820e+00 -3.933103746958532820e+00 2.283769152228742882e+01
7.605698035675955815e+00 3.938956052184756196e+00 -2.560375301322668218e+00
3.630011205190696089e+00 2.156037626904894200e+00 -1.715167442175805634e+00
2.800883082664699586e+01 -5.898427359950510152e+01 -1.740350250503701846e+00
-2.580562667333501370e+00 2.421305676683522368e+00 8.176088704313974276e+00
1.169384387834842975e+01 -3.290415139422549373e+00 -7.822440601011812156e+00
1.928367512241641180e+01 -1.313273987939765952e+01 5.113837379391745230e+01
-5.280575169940058267e+00 -4.681372008081269520e+00 -8.925097656130123180e-01
-1.473638338905829670e+01 6.449769903479488420e+00 2.990488115897261778e+01
1.341068318465120202e+00 1.808194665842810300e+00 -8.668796510116512366e-02
-3.474973524822373427e+00 2.009117138409091952e-01 6.512564757604330623e+00
5.771012408657936632e+00 3.553331601997133760e+01 -2.491307635105590990e+01
-4.283537331596129150e+00 2.633228054225159820e+00 9.977515501279111687e-01
5.356849735406643020e+01 3.589570439730177043e+01 7.521473449087078222e+01
1.906134731437321150e+01 -7.464036606861150780e+00 1.028071752623695190e+01
2.751999876546604717e-01 4.393611258698691735e+00 2.567717865504822949e+00
6.432143369052166548e+00 -4.096979233726167458e+00 1.201366304003676611e+01
3.784554672550452636e+00 -5.452013716936280119e+00 -1.695508863718713011e+00
7.741028135587280090e+00 1.372273736320675397e+01 4.271263150106382689e+00
1.101511698977319220e+01 -2.243866219079554725e+01 -2.377913658723636203e+01
5.334484990854585362e+01 6.358718099726873874e+01 -2.910500275341851761e+01
5.530002859246846647e+00 -7.056068643724472622e+00 -9.747754961780431771e+00
2.346720372448128344e+01 9.676786611013840300e+00 1.195884288000293338e+00
-3.960294729714481043e+00 4.597492548334662921e+00 5.691300811256735592e+00
2.666726359304862459e+00 4.485767505232573171e+00 9.546261910717781518e+00
3.094281056031170429e+00 -5.978863595797218267e+00 -5.290551639620080238e+00
5.465799707469145563e-01 6.368098032964233379e-01 -1.073346119997777404e+00
1.024658427448139086e+01 1.431194695786126481e+01 4.249953185214585716e+01
2.469073144676726450e+00 5.924784317371701858e-01 -1.345482988237882482e+00
1.059722594906154836e+00 1.892765891505987730e+00 5.944151967250436819e+00
-4.834493501052845232e+01 -9.602512485889400295e+01 -2.997083804000122953e+01
4.037241845212113489e+00 -1.275933892209246912e+00 -8.528964084326424722e-01
-1.081268523057632019e-01 -2.211875932860490224e+00 -4.125857033942195717e-01
-2.784097427573093597e+01 -2.753247429583005967e+01 4.814555701007734889e+00
-1.953617796531656736e-01 -6.653237925810050690e+00 1.013998295323726317e+00
1.479018581573009250e+00 -9.288943534909824606e+00 3.031575818282463253e+00
3.416578434001651399e-01 -1.277311649488049428e+00 -2.190235266568270500e+00
1.719240778278071868e+00 1.379278809103493764e+01 -6.055340729159627955e+00
5.976596436201778495e+00 3.731308494768138750e+00 2.003431875845340215e+00
2.214410843387387473e+00 -4.331626687217696059e+00 -6.357324697117272549e+00
2.021947239841540345e+00 6.153130095285172629e+00 1.098884516000410372e+01
-1.235332877843442922e+01 9.170299056619343192e-01 9.902543250760311722e-01
-9.417252671945533393e+00 5.709468822705916047e+00 -2.387345714936725816e-01
-1.066402017656402856e+00 5.523009755429480805e+00 -3.899396474047838623e+00
5.040825868095131668e+00 -8.002457339798271230e-01 -6.587692031000831783e+00
5.109258425593239394e+00 5.737326248457735645e+00 9.932211000745333251e+00
-1.596362061720397962e+00 8.224872745658078799e+00 -3.294480821100095103e+00
1.616147306055020039e+01 7.216873235174618983e+00 -1.213742941303324052e+01
-3.384653247687404587e+01 -3.346374355094690145e+01 -4.256896038969493645e+01
-6.768401533768082956e+00 -2.762474687015978425e+00 1.148960358107969509e-01
-3.298719460409679449e+00 -3.814565433878080558e+00 2.965368182327093205e+00
6.311235063980674020e+00 -1.375667305166547472e+01 1.005187392104866539e+01
7.938752711882171020e+00 4.218206106882458895e-01 1.538608972233375027e+01
-7.634425011459581301e-01 3.423628819928895339e+00 6.615931523149244375e-01
4.096216918389350425e+00 8.857173451873542325e-01 -8.438108764463063238e+00
-4.719657887723132994e+00 -1.605224231786280598e+01 -4.716599911750457785e+00
1.398021137897420907e+01 2.759327725145851673e+00 -9.423657819033092409e+00
-1.375430262185779995e+01 -1.385753143604811122e+01 7.015805948363320610e+00
1.910732294391459973e+01 4.132020781499342377e+00 -2.671617659872725525e+01
-2.678662258591079315e+00 -1.007470867276060567e+01 -3.000413726929600067e+00
-1.499654490312483990e+00 -1.748382771172764194e+01 1.478464349659594568e+01
2.996860745034263918e+00 -1.137978916055514667e+01 -1.747455328692687937e+00
-1.593272196603430046e+01 -5.041783700335339624e+00 -1.439987365510155382e+00
2.078144882707694929e+00 -9.757906688477644863e+00 -8.929597150754341683e+00
2.223252113155368637e+00 -1.025429664335275604e+01 -6.585855257298844023e+00
4.967978832837984982e+01 -5.551697666229220829e+01 -3.560404295548060816e+01
4.951285498745425784e+00 -3.459600053077849680e+00 8.587847735123114390e+00
-8.780811929674776195e+00 9.807056966709936319e+00 -1.433067660167382762e+01
8.682148369130974208e-01 2.363435729768947979e+01 2.211561421097742564e+00
6.268665265546901066e-01 -2.054017564018678854e+00 -5.808789478150529817e+00
2.235651881877191549e+00 2.146602221620943052e+00 -3.747135552155644866e+00
3.518839021391962696e+00 -1.807461993833957559e+00 5.732663570491917104e-01
1.010160527084522641e+01 4.728995753363989807e-01 8.904634614629598488e+00
7.808737670161678857e+00 -2.164619612374811908e+01 -1.464200953204663369e+00
6.964688592634500353e+00 2.178629718580170405e+00 2.470064765365223458e+00
-9.937200615198754861e+00 3.522135626287235510e+01 -6.150460343592554224e-01
7.010701578160673186e+00 5.808420290308254685e+00 -7.464178595783089065e+00
1.520902886385375741e+00 4.038520827282330750e+00 -1.139107004231339149e+00
-1.272836851740279274e+00 -1.504603435067972583e+01 2.368795068227557366e+00
-1.554178734098275116e+00 1.493217075926327020e+00 -8.273509437787625043e-01
6.852815071476605624e+00 -8.413538256208842325e-01 8.854772078558259096e+00
-2.953815072709653045e+00 -6.095437061176676607e+00 1.759807465201700083e+01
4.108691785582886669e-02 4.879107708765268114e+00 2.464760260622269605e+00
7.680119255467153572e+00 6.253840580203868349e+00 5.357519405663497380e+00
3.358048848047606061e+00 -5.640761604863081535e-02 -3.478604042902595950e+00
-6.566315602750654179e-01 -4.605779480289852401e+00 2.226698098308364404e+00
6.301184272184864099e+00 -1.286607072269060348e+00 8.287825805112238875e-01
3.460306172812312120e+00 -5.437261602729787313e+00 7.886133314609701017e+00
-3.797081205233700185e+00 -5.793802026910289449e+00 5.078628471608405137e-01
-6.134416526509094858e+00 -8.527014330553843280e+00 2.624666398396660583e+01
-5.148306483189881710e+00 7.771124355539567929e+00 9.078389193397377710e+00
-1.741495211134408194e+01 -1.181764518124150776e+01 -1.314726723464996105e+01
1.772448340979728032e+00 -1.342478464051936982e+01 -1.961235183171544660e+00
7.818651513355708182e+00 -5.414645715990792363e-01 2.253582548380424200e+01
2.391276242294849474e+00 2.560039256613918290e+00 -8.202648517979646670e+00
7.307713644746399950e+00 -6.156126772977540185e+00 -2.693730865528351170e+00
5.637978875227608988e+00 -3.656641199856031221e+01 -2.370659881348288422e+01
-1.511637494041282892e+01 1.028969954881850768e+01 4.326664147551190887e+00
-4.627668046692405390e+00 -8.564303217006236091e-01 2.838392800561110096e+00
-9.803425222450684373e+00 2.824737224765910071e+01 1.162795322651007623e+01
3.349081792654847511e+00 -1.425270977291145513e+01 -3.954021014661884603e+00
2.470999224382686155e+00 -2.403783831345437605e+01 1.609388458177330961e+01
1.124332865455101071e+01 -3.650774428708970731e+00 -3.202018818651845677e+00
5.906189444911495556e+00 -1.972231671398001485e+00 -2.212826022251609182e+00
-8.124273950332497662e+00 -1.586960234435907502e+00 -2.469536915418594436e+00
-2.024039255844659824e+00 -2.742127034860772916e+00 -5.072231240532321550e+00
6.408314015156922494e+01 4.367962209425881071e+01 7.962463186831514861e+01
2.834391546606628953e+00 -7.983349005613458615e+00 6.733198123992693240e+00
2.625289114754574715e+00 2.383732984285573675e+00 -4.141256782644917145e+00
-2.377267264092095989e+00 1.576291025016407588e+01 -5.678468316363958657e+00
3.348048763847919052e+00 -6.532028637958733341e+00 5.579674265208653949e-01
2.577631310646284923e+00 4.134325559219441892e+00 -7.346846301361263931e-01
-8.313569183009928310e+00 5.306819387034169111e+00 1.926109007635278303e+01
1.650368049252341862e+01 -4.376035467901933096e+00 -4.685245446894558796e+00
-1.459187567848295064e+00 -2.896743689369887687e+00 -3.500046675423845954e+00
-6.960288458844258841e+00 -7.117661736610525480e+00 1.319396579240560108e+01
-1.905964966364468438e+01 -2.254227898863641055e+00 9.172883427593010452e+00
3.894900718086693470e+00 -5.754797919842166154e-01 -1.287377898015631184e+00
3.823392253980928412e+00 -7.423773039476279756e+00 2.978634292665146566e-01
-7.135555695426958334e-01 2.898584099800427971e+00 1.862885575006657524e+00
-7.138218690413692391e-01 -7.889238699961749202e-01 5.129943116316582064e+00
-1.851193926265724654e+00 6.129033341124908496e+00 -1.095298848652958706e-01
-1.773999188495537993e+01 -5.059124366379192494e+00 1.250157536005619185e+00
-2.926079600091641364e+00 2.723880831981928541e+00 -7.206978659757837802e-01
-4.686971757173200581e-01 -3.482724750469158526e+00 4.810312128363075423e+00
-1.040357346600448274e+01 -1.264672174879094557e+00 -2.875290402641803578e+00
3.374591137996460155e+00 1.045807595907365695e+01 -1.402724085660900677e+00
3.003297493282223840e+00 -1.620546994606207747e+01 7.109936388540307739e+00
-1.166416447944947032e+00 -4.644632298279635085e-01 6.239232216441240375e+00
-2.178428675719205287e+00 -2.686802776280118543e+00 -2.463740938289142424e+00
4.994330504796931081e+00 1.323313520755753459e+01 5.609878889446881622e+00
1.759597230127201684e+01 3.373413638330729469e+01 5.519210674489046120e+00
1.839899283066919855e+00 6.544706747386313417e+00 -2.085528568726072507e+00
3.236172910001198666e+00 -2.359224369111688535e+00 4.192887578721860464e+00
7.451465146847774612e+00 2.124809044815973991e+00 3.151518296689039822e+00
-2.542909993871228735e+01 -5.934248181425952851e+01 5.499536335150516209e+01
-4.850680426843693382e+00 -3.775963953407611040e+00 -9.233987877970498692e-01
9.068087277017894410e-01 -6.499295572500556339e+00 6.501384827604086980e-02
2.694966015334373743e+00 4.239053878977605549e+00 -9.282655041521692851e+00
-1.887947644595971530e+00 -2.227542243908628983e+00 -2.576944345424341254e-01
1.204951213801481202e+01 1.139610878501960967e+00 2.899408147186507412e-01
-2.744788306728143557e+00 -2.868108318603037166e+00 -1.689246131976622767e+00
-1.724848677301208966e+01 -6.334436768559211117e+00 -3.332044980973657644e+00
2.201203411870266358e+00 -3.813500156683515829e+00 -1.563091632074730875e+01
4.004080246503601614e+00 -3.688223698235469694e+00 1.848620888538296425e+00
5.366715128407565594e+00 -8.578226656529330807e-01 2.980974309895237262e+00
9.105232147590742287e+00 -6.308821830970511302e-01 -1.242297795291770690e+01
-3.357028612030899861e+00 1.586279115549500629e+00 -1.132309590618781225e+00
-6.563830990480576055e+00 -6.922558850453110146e+00 6.855553254684112474e-01
1.894230061318888048e+00 1.180517454938244803e+01 -1.036519389193033724e+01
-1.567586203774609332e+00 1.072968874666179673e+01 2.476907972074805286e+00
1.040048513890625026e+00 -1.162185747914588063e-01 2.603825138626274960e+00
5.918427105046752068e+00 -3.502388153507934199e+00 1.697320617554472777e-01
-4.059990974632892602e+00 2.430900372889335248e+00 -7.586229712261217673e-01
6.965319324910227650e+00 3.251496027965580460e+00 1.604484114260924077e+00
-1.654789908996658454e+01 2.023024455687444956e+01 -2.716855432051007213e+01
4.699914514998097204e+00 1.166183124219051770e+01 -7.376165648037015465e+00
-6.224920611375098112e+00 9.714824987855593674e-01 -6.310774552513710667e+00
2.430568357796423840e+01 -1.386717209405365914e+01 -1.556321221556744305e+01
3.326254902655155554e+00 -1.319265107756859656e+01 -2.476894949687340475e+00
2.759066057230758151e+00 -9.082176905012417478e+00 -5.115352603345655336e-01
3.360038845230338689e-01 2.925363586952949291e+00 -2.500788066228423201e+00
-3.201656984446693599e+01 1.373790386732047120e+00 6.482441525245942415e+00
-8.203911662252107106e+00 9.212995821001795704e+00 -1.505619941388429339e+01
1.675102047795262727e+00 2.275525502955243251e+00 -9.470572730665395289e-01
1.650690469265884142e+00 2.494191374025523267e+00 -3.048947934670567683e+00
-2.189766108497499975e+00 3.090218831216602791e+00 -1.422500334699412283e+00
-5.977734894896296503e+00 1.221954903281005755e+01 2.830147861328043302e+00
2.490874324172063581e+01 4.221178216059483290e+00 4.604432534522630682e+00
-5.703771369114179812e+00 9.663110352712209306e+00 1.371785436239656697e+01
-6.189467406456102161e+00 -4.689291158512990165e+00 1.587175284246979817e-02
-1.346922254490108495e+00 6.570896416669598672e+00 -1.144188498390084696e+01
-5.643636695482929788e+00 -5.363774362268372009e+00 -6.769331496782776902e+00
1.182473499763420399e+01 -1.495994867226948877e+01 -5.012416567524088151e+00
5.249709118410190278e+00 -7.107650072151058041e+00 -5.723742007072893934e+00
6.091393723265493776e+00 -1.020609234503392138e+01 -1.323846251058303736e+01
1.121303122093097571e+01 -1.253342773449976555e+01 1.797724304117257255e+00
-2.536146817113328922e+01 7.598030860384143637e+01 -3.352286913341119856e+01
-1.552946255340894233e+01 5.229816503824288532e+00 3.015719353814097392e+00
6.807820223797061310e+00 1.303985968598625034e+00 8.862903439245132020e+00
2.023069856498539210e+00 -6.619870949354778489e+00 -1.546192643341449013e+00
5.681875715551881534e+00 -9.002750642335897169e+00 -5.327740631528881998e+00
-6.171345170977884820e+00 4.169255740004548905e+00 -7.720002276773512140e-01
-1.999542436338119700e+01 -5.578904258874442412e+00 -9.460753218772966378e+00
3.554444282969717150e+00 -5.638788952540608967e+00 2.027639601144248616e+01
3.909934178241868175e+00 -1.300775978142877598e+01 1.286311277654824003e+01
1.565416319241714938e+01 7.948450338245114821e+00 -7.013993809953290359e+00
2.050850703133567521e+01 -5.074673274670965739e+00 1.988373939527964263e+00
-1.481913391027207538e+01 -1.098454987707624575e+01 -1.052044237026578166e+01
-9.405022793502594070e+00 9.462511111878582071e+00 -6.521947693480050212e+00
-2.864363737339281180e+00 -3.833570280225220284e+00 -1.725563829022084716e+00
-1.560271039093021983e+01 -4.335220580135969470e+01 1.361087524306894103e+01
-2.504945731980424739e+01 1.040077726283492687e+01 2.806070119672136087e+01
8.493808101055794202e-01 6.429082094053614860e+00 3.913565058793767037e-01
-2.460481507235227294e+00 -2.864109243170019248e+00 3.869140740942129231e+00
1.057989386522340425e+01 5.172750812019962119e+00 -1.513947372993152563e+01
-3.212834273076789482e-01 -4.056828487934888372e+00 4.790515657199929223e+00
-1.108425518596752113e+01 -1.043159774964965258e+01 -2.931630651047892755e+01
8.442285179497529546e-01 -9.738636536173949310e+00 -1.107554080439622446e+01
7.211611620721192217e+00 -2.291471911408899942e+00 1.814185750118433527e+00
-1.313086560807469994e+01 -1.985865514624540751e+01 3.381479204029211161e+01
-1.070120648858731016e+01 1.035795827287639881e+01 -1.090000486181296052e-01
-3.224029737553512742e+00 1.809012600103634849e+00 -4.871745619763141910e+00
1.099564080692990276e+00 -8.866070413890605906e+00 4.000188468683803400e+00
1.837801212167149956e+01 -8.050278590613041629e+00 -6.560710622010842208e+00
8.567741801233584198e+00 7.716743676832057419e-01 1.384294051829848193e+01
-4.098112285010262923e+00 -9.516294380231590466e+00 -7.892731172568703712e+00
-4.355050537727577220e-01 -7.085531511280810157e+00 9.452774816815402659e+00
7.945832144027062949e-01 -7.768963376534165910e+00 6.106296092387894170e+00
6.219408275653290907e-01 -6.351611475329776546e+00 5.282004679919806156e-01
6.765071413432823810e+00 -3.570884140459911293e+01 2.029514280922879976e+01
-2.154184215205142472e+00 2.159740472546692214e+00 -3.299021935791024429e+00
-1.483614645847763258e+00 -1.239838587173369255e+00 -3.388769264426078820e+01
3.320132374854181112e+00 -1.650735740813094252e-02 -1.191990849594886548e+01
1.090073452131074649e+00 -1.008872023335445789e+01 2.487310174109687466e+01
9.178297652240889448e+00 2.564914938617351936e+01 -1.056648054723222785e+01
9.332781607173473049e+00 2.804492580634919818e+01 -2.487499022999052656e+01
-1.591871251727352465e+01 -8.891255848747873003e+00 1.415485833282717154e+00
-2.103221946775193629e+01 -4.361012984761584832e+00 2.019392045176349182e+00
-8.550940798481216021e+00 6.371495016838470526e+00 4.110185328808127814e+00
-6.591958031777179094e+00 -4.034847320311142127e+00 -6.344470283343278005e+00
1.748599173661607864e+01 7.992644824664834058e-01 -4.037597042792897994e+00
-1.651683124270289227e+01 9.793805194438347517e-01 1.497249012406836854e+01
2.612496873339742365e+01 2.123531604746899504e+01 -9.037837685975542712e+00
-1.911722013559848321e+01 1.326261381265271844e+01 -6.565862526339405036e+00
8.594476366375571885e+00 -2.734604086162031766e+00 4.889210434896507529e+00
1.187289488763815015e+01 -5.422851471853080696e+00 -1.117133415778129368e+01
1.695966140348006634e+00 3.529075687595918609e+00 -1.727039610498070976e+00
3.224930835542372254e+00 2.065822924884999878e+01 -1.912282565089657549e+00
5.774044947753470325e+00 -2.022206711239444010e-01 -5.259027313575592721e+00
1.878786617652299373e+00 -6.661949784945434549e-01 -2.220774271458181914e+01
-1.175158979964505912e+00 -1.947264262195523443e+01 -1.496042219584025368e+01
3.541769870748317839e+00 -4.874312691171624579e+00 -4.416971713982243308e+00
-5.997320734569870027e+00 1.406556514589120344e+00 -2.136842650375998076e+01
-3.918533335908435333e+00 9.890058120708532741e+00 -7.926529151902590442e+00
-3.446526282421042531e+00 -4.330680381440671134e+00 1.811204023586028100e+01
7.310764418286375133e+00 1.140150104959533195e+01 -1.031710736393288030e+01
-4.706277431439318093e+00 -6.325816524470400992e+01 -3.592298746832973677e+01
6.790085436399066054e+01 1.608755362999936622e+01 -8.917616244921688917e+00
-7.797771924324602422e-01 -9.010654613375258748e+00 3.193140486939921630e+01
-2.533470132260415753e+01 1.936152148010873431e+00 1.630458118496277820e+01
5.418840502580104079e+00 3.922426932173821879e+00 1.615368565874943096e-01
-2.446690245909361128e+00 4.979547439340101356e+00 -1.039206614067339274e+01
4.806130158371737515e+00 1.486925413303565335e+01 -3.502290489747784452e+00
-9.749582828393489109e+00 1.208092704515822469e+01 -1.672613581991084430e+01
-6.160364293013819825e+00 1.700341926328447828e+00 -8.125808340776943695e+00
-1.055622262272643042e+01 8.794061368471718154e+00 1.650328339324798277e+00
-2.626037715296262842e+00 -4.584703789648241212e+01 5.626981354856849471e+00
8.616695620810949308e+00 8.102675684523923394e+00 -7.205790906200087775e+00
-1.157883941084853152e+00 -1.550729823010962294e+00 4.975425599860421322e+00
4.527982983113637339e+00 -9.734542928124035654e+00 7.011881726792243974e+00
-1.070450752026877161e+01 -2.351882838093585093e+01 -1.380633156245474780e+01
-3.525953964570442967e+00 1.043594135048028804e+01 6.233108063928340492e+00
4.672655049357058665e+00 -1.389102394125860940e+01 1.562982150028448647e+00
-2.408323861713301994e+01 -3.173774180688921032e+00 5.840518258838514498e+00
2.633801054167379974e+00 -4.511820184538405165e+00 -6.920710089868440384e+00
4.567783158291073953e+00 5.458445973963819142e+00 7.321921863878812609e+00
-3.004254326242866924e+01 -1.808580858768213773e+01 2.162541437521946364e+01
-5.825960481983764261e+00 5.680298190117691881e+00 1.722323597643176285e+01
-6.585504518205220315e+00 -5.699084000845864750e+00 -3.148151585287644050e+00
-3.763524953852095400e+00 7.509424793079352511e+00 1.366918586245308709e-01
2.297268740286952493e+00 -2.713808130354177006e+00 1.594034123835016636e+00
3.936028786426734705e+00 9.117438959545951960e+00 1.220000198629835220e+00
-4.254085199997811095e+00 1.806288605019244997e+01 7.454953220520614821e-01
-7.360937335183732166e+00 -3.382967652781784906e+00 8.808591346262724997e+00
-7.271565340554906332e-01 9.216817389909282454e+00 -5.542506465903015211e+00
1.321179682384315868e+01 6.957067271284334886e+00 -9.940208451923872701e+00
4.716604847967043490e+00 -3.831961728184129612e+00 -2.294308583901721477e+01
-1.708273986704912817e+00 -4.522176009498081461e-02 3.209766905265558190e+00
9.887735117190332712e-01 -2.172569908112012893e+00 2.645999501516755892e+00
-2.478846578232708353e+01 -7.381191331852829762e+01 1.793848955862274508e+01
-3.639303151514643453e+00 1.112997480806961814e+00 -5.155798551136701491e+00
-8.884073003699784365e+00 -1.116906766198153100e+01 7.689554684761415793e+00
1.567073981444362829e+01 1.301404863571598369e+01 6.625443270111874838e+00
-2.263085014213069179e+00 -3.584331866764576713e+00 -3.921517976798361449e+00
-2.351948905357374286e+01 4.272191418743742730e+01 -4.995058133037728609e+00
1.229319922565648859e+01 2.687215773822082099e+01 -2.024449528919936370e+01
6.059379814391338215e+00 -7.918462821028046106e-01 1.848936914083733507e+00
2.123482519009545211e+00 -1.018882526204579531e+00 -2.566201480419419423e-01
-2.146383673720280161e+00 3.073405175588086458e+00 6.782229908591792977e+00
-4.636584794902491424e+00 9.671253597932466306e+00 4.634684892217398655e+00
5.795276273325715266e+00 -2.452988487300383547e+00 1.791015329228718533e+00
2.863967544698146295e+00 -5.531886000568999151e+00 1.253984194397120611e+01
1.916523911420773274e-01 -7.000537165560219321e+00 1.832362683848538509e+01
3.371742570447048593e+01 1.534540399244902709e+01 -7.511672322539103774e+00
8.134011818103937586e+00 -1.551644615278049244e+01 5.117709790781892032e+00
9.375337414722647367e+00 1.103253883062610008e+01 4.821611231809632692e+00
-6.109422609026921025e-01 5.661491687433731768e-01 -9.021773714122472754e+00
1.028914710738777494e+01 -8.748953864197939190e-01 3.158257938139440668e+01
-5.833316487003144424e+00 1.005531192139614660e+01 -1.935737667364281123e+01
2.393990270698932443e-01 8.055329579634436854e+00 -9.207451151652753296e+00
8.489065985122426383e+00 -5.928536071405106078e+00 1.098200322229513937e+01
2.696252457920060408e+00 -3.492037025145779072e+00 -6.897812656599204395e+00
-5.403116174270136796e+00 7.113548906399846494e+00 5.704649789579905317e+00
-2.710482750507338778e+00 -1.637661842720925742e+00 3.591829299192408786e+00
7.919609821321341947e+00 -2.584290655015472726e+00 -6.336645022365837709e-01
-4.550063717734846414e+00 -1.289803777116370043e+01 -3.419945815189000093e+00
1.252435811196270121e+00 1.453565690386692921e+01 8.317615023808913932e+00
8.838893878965562223e+00 -4.232805275926256883e+00 -1.020657116484809279e+00
-9.108010524160599530e+00 -3.736705637369886479e-01 1.909797166175037120e+01
2.565949875056934815e+01 9.739138179918130911e-01 -2.392695717258332522e+00
-2.141991104621097097e+00 3.100076735514583959e+00 3.838459396772317400e-02
-3.198774164999852676e+00 6.975945964699522328e+00 7.118625475350736309e+00
-6.249994314438082910e+01 2.242035415003422472e+01 6.360410655037411942e+01
1.381310064843845531e+01 8.913658639676016904e+00 -1.117299889411729907e+01
-7.722490220690772844e+00 8.135821560303012345e-02 7.863897701074502589e-01
8.242577103516101067e-01 -7.350077904693825381e+00 1.037622645977177349e+01
4.837313293774952783e+00 6.935755744860409244e+00 -1.725152201406482533e+01
-1.505811202556470363e+01 -7.569192784208762070e+00 -1.136980955389327619e+01
-5.695716622742253987e-01 -6.132528094054397805e+00 3.642895650478652936e+00
1.199812507376170068e+00 1.867144636880805120e+00 4.025047350604586072e+00
-5.579074600439608567e+00 6.204115285263837265e+00 8.386145606320210000e-01
3.913595950919848132e+00 -2.817714687477382629e+00 -7.185569408428920113e-01
-3.692877690182729822e+00 8.784292734096791122e+00 -7.805959481174594039e+00
-5.393332695411645616e+00 1.290232502262095693e+01 1.637138212396103043e+01
-2.699937214680172204e+01 -8.790652543730901325e-01 -3.472372441832110912e+00
6.663381135793414956e+01 4.834145556439597158e+01 3.806610121154157866e+01
4.310207343641839911e-02 4.499151163550513033e+00 -9.322855624467843327e+00
5.698111553290605258e+00 3.322488958961628214e+01 -4.025114780362571310e+00
7.655105438825656750e-01 1.995122928715519661e+00 -2.199424482331007624e+00
-7.581224815352608504e-01 -8.409866272034099310e+00 7.859110101732178499e+00
-2.238104329868038533e+00 -1.313478925491508775e+01 9.571164192900285528e+00
6.194227088877474863e+00 1.567714216654982273e+01 -2.050786562877489061e+01
-3.164501450363271240e-01 5.450899662939019841e+00 5.006790043142696156e+00
-3.557121813216721051e+00 2.929466033156497229e+00 9.176390711296852132e+00
2.646767596780245313e+01 2.963016867276873612e+01 -8.616337348554084841e+00
-5.573206355258059297e+00 7.057802455271967368e+00 4.941980060625911442e+00
7.031290331570879459e+00 4.670544698494652813e+00 1.001037929423440431e+01
-8.221452690546804831e+00 -1.331242475502996570e+00 6.589598282068918955e+00
-7.420766365062149816e+00 1.939344845767216885e+00 1.101713066170917443e+01
-1.983163984066461083e+01 2.768600116837912628e-01 8.414366477225332375e+00
-1.147328491068992484e+01 2.593788085569990631e+00 -1.867445136366235658e+01
2.001141655665908126e-01 -8.833230216849338845e+00 -1.034292399092125869e+01
-8.711161350490744804e-01 -6.632668859513291437e+00 7.593835793969057946e+00
5.779404951429865100e+00 8.940181483215420499e+00 6.351184527360850041e+00
1.660736032802667239e+01 -9.676593729147496603e+00 -5.408183441009181358e+00
-4.317209330513156473e+00 1.624218823312648396e+01 4.769020792866557557e+00
-8.097136161902122709e+00 1.113748972431776396e+00 -8.127865533001408238e+00
-6.524719189648378403e+01 -4.506080827099143704e+01 -3.954937955727177723e+01
5.037929214260278599e+01 5.355653002648503502e+01 3.720953714486616803e+01
-6.241689550227498273e+01 6.640012451345044475e+00 2.591104787204728765e+01
-8.968339665319648546e+00 -5.980804098662855672e+00 -2.190035807547660307e-01
7.844656292544907039e+00 -1.936321575258125094e+01 8.495135530378355782e+00
-6.804151089466655700e-01 2.100895673467745528e+00 -5.435686744935700254e+00
5.332769333554008284e-01 -2.680370183615819801e+00 3.684259648767292727e+00
1.985388402934469809e+01 -5.247686104305714139e+00 -1.724120906124040076e+01
6.700293164234550902e-01 -5.080496745415769233e+00 1.513752132013347129e+00
1.271601117212570520e+00 -3.487447680368389147e+00 -5.364104836317667768e+00
2.102877353257136317e+00 -1.923142584896394780e+00 1.005776755502332520e+01
-1.332198341539307407e+01 -1.589932801509698956e+00 2.702775624942128641e+00
3.302873347621919642e+00 7.193788264134334254e-01 1.372618600737627226e+01
8.663649093127698819e+00 6.760033917600880571e+00 1.332108197221071144e+01
4.714931692536751484e+00 9.217943125467304988e-01 -3.973705419048180421e+00
-2.108670443464759003e+01 2.125077652739344458e+01 -1.034792496394821626e+01
1.358989101345696682e+01 2.744150358621293417e+00 1.271276067876140914e+01
3.501481494120697313e+00 8.773591906180832067e-01 -9.275788148531571409e+00
4.528918840332857521e+00 -8.238962221142564601e+00 -1.089099847563658408e+00
1.993496890491807783e+00 -4.088539406626998662e+00 -7.956895441556602888e-01
3.204759127591999768e+00 -3.257866449550474996e+00 2.081093596854710626e+00
-3.437004910364342969e+00 -7.107379027473476718e+00 3.895844237794237941e+00
1.875594128862205778e+00 -2.057484178197558222e+01 -8.966023366731146638e+00
3.610207872903810067e+00 -1.020974189166845125e+00 4.739433991480322739e+00
3.414178060200869780e+00 -1.116339402207898512e+00 7.684466462086549932e+00
-1.663378484749607811e+00 -3.887479559144172425e-01 1.094503248455079153e-01
1.397001918778721219e+01 -1.282925324657958333e-01 8.626979827136928014e-01
1.631050210806068534e+01 -2.434761588455918968e+01 8.981119523667285165e+00
2.681815006311222271e-01 -8.608471548132975215e+00 -1.432727543824545613e+01
3.435154688570318804e+00 -2.855721941548406750e+00 -2.895617814546084801e-01
7.924153466333035745e+00 -3.227359207163738830e+01 -1.326978032921116757e+01
3.182603347621568157e-01 -9.434123356964802198e+00 8.852800341141431772e+00
-1.472443074809430152e+00 -8.992728094661735838e+00 1.155937329304734362e+01
-3.358188554651011071e+00 -8.144659705106711556e+00 1.128815076421611963e+01
8.938143191947441224e+00 -4.674171398858748105e+00 -5.839064457022206112e-01
-5.481514852836407492e+00 -6.542129404813413984e+00 -1.042599089469571183e+01
8.311152094146942559e+00 7.121569812760156104e+00 -4.007113112907828345e+00
-3.479216483923114556e+00 6.500460190610356292e+00 4.611404359775503004e+00
-3.629410114952861477e+01 3.912053687612642960e+01 4.468265954915113269e+01
3.151445606092859730e-01 -1.255841600181682449e-01 3.372163246958229443e+00
-1.099577568307774911e+01 1.279243343638813180e+01 -5.675475116283602794e+00
-1.608368493050492987e+01 4.809654809672850639e+00 -5.564635882473961459e+00
-1.140457714239347276e+01 1.892280883547347159e+01 6.446131602213026213e+01
-1.439575125527179811e+00 1.763963777381475584e+00 -4.069351520888932150e+00
-5.990294957393945907e+00 -1.121955024330733153e+01 -9.880229674015836849e+00
3.960478364935596129e+00 8.693676826981940664e+00 5.236526439574417324e+00
1.584508714459933110e+01 -2.271391141681341708e+01 1.701719809199613920e+01
-1.573589372667582609e+01 1.173728556397349543e+01 -6.093898106999228403e+00
-8.482290230641135409e+00 4.462335661352564209e+00 1.034605714557999079e+01
-9.220773185942179317e-01 -6.225205563010199228e+00 4.582889980858870338e+00
-1.365419887430301404e+00 1.031918097592889616e+01 -2.282257655805677743e+00
-5.721984843071928672e+00 1.857300629930303648e+00 -5.668700298042165464e+00
5.687954749431696655e+00 1.014096221947557330e+00 4.766001372230853073e-01
-2.118894255545378247e+00 9.565689911481916496e+00 1.297703564343528804e+01
1.830716101709224120e+01 5.447257088852638596e+00 8.017855830679520679e+00
-3.128256613729788693e+00 6.461145135060091249e-01 -2.413784279065151583e+00
4.861993655567148132e+00 -1.025945898808283019e+01 -2.953878728000245246e+01
-1.429472569798159842e+00 -1.593722039713318850e+01 -8.071050415239746201e+00
-1.870496379214269478e+00 9.054550327880667382e+00 4.615911221171314693e+00
-3.772307814096969025e+00 -2.258507424035430589e+00 -2.354895475772883717e+00
-5.867284337391609483e+00 5.582307519144210062e+01 -9.560434141004474640e+00
2.711629229710527778e+00 6.396749737728573137e+00 -2.193574689560556124e+00
-1.677045486476788971e+00 -4.833955578864431502e+00 -1.314052205533976903e+01
3.992482091801512034e+00 7.695015986601777769e+00 -8.944019009527789166e+00
-8.603515924715349428e+00 7.003105524224954692e+00 -1.033321243587352356e+01
8.700892982041397161e+00 1.556145463835746945e+01 1.099623733741678144e+01
3.413451475412510039e+00 -1.739922028323142023e+00 -8.245060844912373454e+00
1.421103551125844433e+01 2.798957397220941701e+01 -1.480918216892459860e+01
6.645578687453575384e+00 -2.579392537657756890e+00 2.744529098349530738e+00
3.979429269230557509e+01 -1.353679412044708741e+01 7.724181093538638265e+01
-4.039110646166992891e-01 -4.142030411664794354e-01 -2.893035004841759239e+00
1.204158754039911239e+00 4.328500036065501710e+00 -2.229742317155912090e+00
3.747501424556508365e+00 7.075264630613462558e-01 -3.837715820127258315e+00
7.456376507838997192e+00 1.828129743842850630e+01 -7.918143922352637532e+00
1.711844892057153089e+01 1.026852425055625240e+01 -4.368395715261468837e+01
3.695581376871411305e-01 -1.314410451541064262e+01 -4.575391455973658594e+00
-1.499761877086672079e+00 -5.218501509451431986e+00 4.994927855939221395e+00
4.782340623915163569e+00 -6.152973510461476891e+00 1.161294748083715689e+01
7.116222960579915657e+00 1.400928665141572438e+00 -1.428270695931779022e+00
-2.652535560679532001e+00 -3.515298851488213305e+00 -1.060837419545569560e+01
-1.399427090917976990e+01 -2.694166752670960463e+01 1.732269664461770731e+01
4.177321481632970013e+00 5.921970957932484403e+00 8.020689908010236735e+00
2.107943833435705905e+00 1.426943877337158106e+01 3.824970004328275941e+00
-3.832768209446926644e+00 -3.241537788124823294e+00 -8.970512822046341483e+00
-7.235045290842630372e+00 1.187230424047562671e+01 1.089198701261656943e+01
-1.881724985573696074e+01 -8.419113279845994668e+00 1.900395360875514861e+00
1.642309843861863849e-01 2.708967261423652406e+00 6.175761071176971484e+00
-6.349336133579521757e+00 -1.528767124988278958e+01 6.414985233449263191e+00
-2.948490530252832365e+00 -6.753728114503823043e+00 1.411269459959109795e+01
-4.443449912116736122e+00 2.057186259487339086e+01 3.194777606367415501e+01
2.663257874167086037e+00 -1.145198893230707604e+01 1.299291535920618834e+01
3.657187661164453374e+00 1.216466358474412957e+01 2.576991698571481582e+00
1.156559447388853989e+01 1.146031132109270523e+01 5.492596181196442551e+00
-1.129814021463713480e+01 1.188484957946828757e+01 -1.307411410218254133e+01
-1.689226058534127883e-01 -2.890590586000739926e+00 -5.035156258078393066e+00
-4.798408058029177248e+00 4.313691881519553739e+00 9.234953115593190986e+00
6.404622871425819319e+00 3.000048419837587854e+00 3.118883972926258075e+00
4.569460971803599669e+00 -8.954891070418166121e-01 -4.202686781253011539e+00
6.940291208050475724e+00 5.834425296028382668e+00 5.909121289344024142e+00
2.658488221221419678e+01 1.257445151183513588e+01 -8.629100228874550638e+00
-1.695392230687696156e+01 1.295850311648512410e+01 1.496509550118419440e+01
6.284032681928023223e+00 2.083126347290094493e+00 -1.791280095666658134e+00
2.086868816411962513e+01 1.909601139569393169e+01 2.636726359279417053e+01
6.004144995427740383e+00 -1.711582804908435174e+00 -2.575322263846393511e-01
5.887475126015224269e+00 -8.867084082139293777e-01 2.753574649246083084e+00
-4.955507719948542444e+00 -3.353226713713665319e+00 1.113649323571466887e+01
1.801867387171183665e+00 2.120651897501881322e+01 -6.769617820705961186e+00
1.538231357550305667e+01 -5.535398323947368304e+00 1.813335785047295090e+01
-7.156280943838607911e+00 1.486550102538358331e+01 2.326405465561687702e+00
4.997043744387680952e+00 4.883341187648603920e+00 2.391764138752021374e-01
-2.107926847624950473e-01 -3.166148949942329871e+00 5.451803475478348204e+00
6.586832748918775016e-01 -1.333823672426413154e+01 6.387530939896092219e-01
9.082832240766890664e+00 -7.830797321146903300e+00 1.903608684286484110e+00
-2.567493131042654753e+00 -4.172253533870768472e+00 1.009164127568860714e+01
6.675129316394096124e-01 -2.110754337879497733e+00 2.358267073015565263e+00
-6.118321148676239218e+00 -3.404507350996018644e+00 4.753222836210970748e+00
1.794390828939464166e-01 -2.710679602320885895e+00 -1.946647614563801865e+00
-1.607811470065862025e+01 2.141046397949105451e+00 -7.075067947923058043e+00
1.362388501247124140e+01 1.050171640835176667e+00 3.457643801892798407e+00
-8.523676632315456914e+00 3.153312741107241468e+00 1.600937792158750028e+01
8.563769519300292288e+00 -7.450663269410440215e-01 1.681114374294559566e+00
-2.527159757958172648e+01 -2.789197564994602363e+00 2.273419932468377880e+01
2.235648307578556870e-01 -1.381544812362044894e+01 -1.034373653690671624e+01
4.616282518655906442e-01 -3.272287858857216403e+00 -5.116394665612592263e+00
-1.058860096254502636e+01 -1.073981261682098598e+01 3.442594372970332106e+00
-1.179915220869567571e+00 8.973063248632261235e+00 8.496314691780429973e-01
-1.072272682351385065e+01 -2.839096387185856329e+00 -6.254842242147071296e+00
5.066373850524604983e+00 -1.872505723207217310e+00 3.128553433535488537e+00
3.184150679567182340e+00 -5.614102260378149190e+00 1.895676904019263365e+00
-5.702303511524152491e+00 -5.357153150362654159e+00 -1.730455414476777865e+00
1.861232159923583040e+01 2.257139268400940146e+00 5.613580600825383016e+01
8.315462097738137714e+00 1.745261066823376561e+00 -2.210061030579649088e+00
7.063198503764024361e-01 3.361309451669570958e+00 6.637370951660907181e+00
-6.333930120693078258e+00 5.728509397427455241e+00 3.653703636357391371e+00
-1.507280183145062225e+01 -3.291314049451323220e-01 1.608728952667464540e+01
5.275746258792430865e+00 4.194775042726141656e+00 5.017531528161796039e+00
3.617614994463113742e+00 -4.297118885973178593e+00 1.163281757087243795e+00
5.141689869580886096e+01 4.144517466561443086e+01 1.009407559691714162e+01
1.426724609371442476e+01 4.063587502456639911e+00 -8.451900479646429432e+00
-4.155318017774186856e+00 -1.756299781047330477e-01 -2.797987437049207493e-01
2.934256196838755493e+00 -1.894629756618328997e+01 -2.006112721196559079e+01
-2.166588389705102813e+00 -2.983994749618108511e+00 -2.369305595023590005e-01
-6.662728976959054528e+00 1.435963204346141708e+01 3.146050176842693347e+01
-1.186055161937926172e+01 1.611865332497329817e+01 1.657944381356609398e+01
-7.258539226943025446e-02 -2.750226287519439872e+00 -1.549953523481363726e+00
-6.807075844830687839e-01 -7.101609541017578131e+00 -7.447035971681195576e+00
1.916232814715340682e+00 -4.293135129707984277e+00 -3.422122933770867625e+00
-9.313080205365611874e+00 1.046683326828100924e+01 -8.954948644941685743e+00
6.067026001713730743e+00 3.469918774320103871e+00 1.786481910410289364e+00
-4.482609496859765841e+00 1.198351727886066165e+01 5.683726671928539531e+00
-5.036188081596661981e+00 -9.669922767867380031e+00 4.273961319439820272e+01
1.001539963530606592e+00 -2.998874956105131329e+00 -2.619030856470691049e+01
-7.687790631032116906e+00 -5.704220418380646640e-01 -5.905281701351876578e+00
1.978515321078354372e+00 -1.048533146778243008e+01 -3.890768305636502777e+00
9.007899022778403264e+00 -8.744617145105356926e+00 6.162204547522274201e-01
-1.171872591980371681e+01 2.092865818774880982e+00 2.477597633405181199e+01
8.889556164625620482e+00 4.405517266851232683e-01 -1.739543276589675669e+00
-4.246473913676046763e+00 1.165249454859758504e+00 1.100386987872009037e+01
5.574246117538291578e+00 1.316520364104144525e+00 -1.273447515476552883e-01
1.803850239116263188e+00 1.017452050868943025e-02 -3.750058226748223422e+00
2.718072806184482104e+00 -3.027051999786360525e+00 -4.177982723670336185e+00
3.731002069183499081e+00 3.797597262511787693e-03 6.177533241678447418e+00
5.124807444283450586e+00 -3.038508607556059893e+00 -1.379625315916140904e+00
2.601953448518096845e+00 -6.534317873109398711e+00 5.337524119681038570e-01
8.199570297718707934e+00 2.106200935689684250e+00 7.499202842856201201e+00
-1.474746993755084778e+00 3.073272897238001011e+00 1.161028009095016467e+00
6.419727319456068670e+00 -1.228969766072434844e+01 -1.966599595231302899e+01
7.523925384870113753e+00 1.916659659638906499e+00 -9.486289738988411102e+00
-9.278481997600858122e+00 1.720320548785543124e+01 -1.786717552803179387e+01
-6.774609865119771257e+00 5.053025931846301111e-01 -1.833166144246250795e+00
3.091065823406998536e+00 -1.291060717612950803e+01 -1.704387464613829728e+00
-3.342367343061686036e+00 -5.644470074496718226e+00 -2.729163197148286812e+00
-1.215549996148400247e+01 -1.417972313519131555e+00 1.005248532220415569e+01
9.879154495824529647e+00 -3.142136478111294906e+01 -3.662993066198512793e+01
-2.604652281170813666e+01 -6.525835008092244038e+00 -2.282212101289857387e+01
-3.812678724730129698e+00 -3.463396960459162788e+00 3.522195759007371141e+00
-4.399620691008655271e+00 -1.950585145036131562e+00 -4.770412387981229685e+00
-9.393376915190197352e+00 -6.645258419310442477e+00 1.419767345085292398e-01
-2.047557705304591025e+00 -8.363344807984365303e+00 3.104038843746545484e-01
2.825659901046820366e+01 6.967684988357895293e+00 -2.537285534248447405e+01
4.482716511699264572e+01 6.630013532943416443e+00 3.120155257822056782e+01
-2.575935664231131383e+01 1.271394664496407785e+02 -8.231269979019212713e+01
1.049147695378157152e+01 -6.396926028516946694e+00 3.804138693958528883e+00
-2.003270435882794409e+00 6.178393180298689558e+00 -8.663296570027094745e+00
4.947894270203438083e+01 -2.383478396377601616e+00 -4.723109746427581079e+00
-6.181600601560480968e+00 6.530048161517875149e-01 1.084470176930407703e+00
1.531738916398901651e+01 -2.268725591713899981e+00 2.223209661809263160e+00
-9.959423381038519096e+00 -1.353948376007065590e+01 -2.498213723900213790e+00
4.073374375372786460e+00 5.555076022957537774e+00 -1.213816154079343690e+01
4.747243355336872028e+00 -6.585440272912713944e+00 4.105650944174744410e+00
-3.408197095450473224e+00 2.798942878413757107e-01 2.572132132216388101e+01
7.152389983580235366e+00 4.135337201335000046e+00 -6.451957983129121832e-01
2.901201631328650166e+01 4.985410887660861157e+00 -4.928104528784636784e+00
-1.399092108507977983e+01 1.214119216503027410e+01 1.358030381281945642e+00
-1.389129285557643101e+01 -2.013572442289078879e+01 5.884213498208437088e-01
8.423034579738995831e+00 4.428548251568209082e+00 -5.169377419992556177e+00
-5.619262648858368792e+00 9.407937928296604468e+00 -5.460380663217970776e-01
-9.760188686306481287e+00 -2.282477958139886098e+01 2.705766883625974373e+01
5.042469199211504716e+00 3.350007143215584904e+00 1.106889289773887697e+01
4.329844593063787994e-01 -2.372592463804813701e+00 4.733033931041574327e+00
4.761782334209539336e+00 -5.212960111691840481e+00 -6.759529683842271375e+00
-6.209021390574535104e+01 -1.872906227109317712e+01 -1.947598794975615055e+00
7.314907879186010042e-01 4.399345478385519037e+00 3.669151299225056562e+00
8.147600323814545575e+00 1.402577688470738160e+00 -7.706655995926011471e+00
1.584331046495773165e+00 1.037069149411827418e+01 -3.088773159227879539e+00
1.619338137608013142e+02 -2.345168640783436445e+02 9.836816963285908599e+00
-1.030051328284266710e+01 6.960576962876663387e+00 1.730887614584974532e+00
-3.609823839182287486e+01 5.246055509733753297e+01 -1.190277559195713941e+01
-7.412440297612127083e+00 8.847548209772519101e+00 2.851767465856415740e+01
5.393467297132953142e+00 -1.041206969056131904e+01 -2.604628123418643248e+00
1.763520716784775999e+01 -2.310977000188966812e+01 1.817790724176326833e+01
-4.334507537093515772e+00 4.599426761746249426e+00 -8.402920765355556654e+00
3.354367756377360177e+00 -6.407307400956701038e+00 -1.344963464452911595e+01
1.850981671938511042e+01 -1.625751114965448707e+01 -1.371710076451288884e+01
-4.064663961613038445e+00 6.111567395472415676e+00 8.759584770005904630e+00
-7.871085082968589219e+00 1.153846852748889695e+01 -4.035346042251585885e+00
1.413043955220619985e+01 1.466929184466243186e+01 1.653019437768270317e+00
-1.215092153656081209e+01 2.372754137492897542e+00 8.331840301985856456e+00
8.455760761736865305e+00 -1.151576652567793424e+01 -6.213399605349915866e+00
-1.724467035502382828e+01 1.643489822506927434e+00 1.002390022822915050e+01
-6.321200453178684953e+00 3.561033142593514000e+00 -3.265283324624565164e+00
-1.691955125193911158e+01 5.951848138954048961e-01 2.100980507653088836e+01
-5.594940614105812671e+00 1.972808325791042350e+01 -3.071030912944958047e+01
-7.133821058197942211e-01 7.768375613065950702e+00 -3.071184995994907130e+00
-3.881989245850466119e+00 2.589513355950881390e+00 -1.169247392867943880e+01
1.529498392220908665e+00 -9.037909675389741437e+00 -1.031896577864569231e+00
-1.003174753786170825e+01 -3.870152659814300566e+00 1.229575644322253503e+01
2.654537670657430848e+00 3.842850360582118263e+00 -4.279019894610233798e+00
-4.260933404006838288e+00 -1.346144240089671262e+00 -4.023994391133425275e+00
-5.828619332872917447e+00 5.662800887514726433e+00 -5.999034445884055877e+00
6.027597113081521046e-02 -1.201127125798300499e+00 -2.014989481993125775e-01
1.163861892808343157e+01 -5.872916306841537093e+00 1.074185283741443797e+01
1.520658106649044050e-01 5.339286157933035959e+00 -9.631688059597561802e-01
3.264461057627777052e+00 1.262806032045060434e+01 2.154670571593524642e+01
6.905598596192722205e+00 -1.530924741634373809e-01 -3.542888082481076006e-01
1.012346496341095481e+01 -2.543271229213393436e+00 -4.741527701028983799e+00
4.502676929812402307e+00 -7.053821738276670139e+00 -7.252517875543803560e-01
8.432063963907594939e+00 2.038131076218531401e+00 1.689461669243426911e+01
-2.498587328088796244e+00 5.153317226606867862e+00 -4.928151882058076638e-01
6.465579620524104065e+00 5.941969684499712745e-01 -5.524736546041360441e+00
5.114053344194405604e+00 2.261957741370197894e+00 5.723159906659454954e+00
-7.207556473149053788e-01 4.005224878974679825e+00 -6.161062584809060105e+00
1.035840044064787691e+01 -9.350758752678522967e+00 1.838598896830838569e+01
-3.823349916082741662e-01 -2.150633121117904167e+01 1.089345418644107610e+00
-6.649126726342733384e+00 1.372524905109917803e+01 4.486750250665595630e+00
-4.666075600992725469e+01 1.377850594866551148e+02 -8.123473141586184942e-01
2.750854958514965531e+00 -5.182452990151068528e-01 1.768561555843353617e+00
3.556864983777014544e+00 4.076979644630980282e+00 -7.802813939953782973e-02
7.138653642643943087e+00 -5.090424525486695551e+00 -4.411140905448759142e+00
-4.461640002335117927e+00 2.839620045412095450e+00 -4.672981697343279173e+00
4.985198674685021203e+00 3.958211986206243260e+00 1.761793661843662306e+01
-4.448781092305592821e+00 -8.285281647651640213e+00 9.206216458060898944e+00
9.327911039398455451e-01 4.568461676141222227e+00 6.245872273850556766e-01
6.790845151729786977e+00 -5.041833566194229732e+00 1.122909103347793724e+01
1.710201233789387931e+00 1.301552024415838726e+00 -1.056146668080076978e+01
-2.863589636183497760e+02 2.515495851713349396e+02 2.808223710242931404e+01
-2.761502370936280037e+00 5.322378922324821460e+00 7.075296149710853522e-01
8.120056035163205621e+00 1.261869805904209585e+01 1.285079527018039691e+01
-2.844064313529823806e+00 -6.939280811233835777e+00 8.966405756745643885e+00
1.348138774089061265e+01 -1.566361103786285192e+01 4.250582972151658367e+00
-3.421767525701983725e+00 -4.555283601273294458e+00 3.125002123316586999e+00
1.249703315450427432e+01 -2.081735562674427342e+01 -1.252419442982868780e+01
-6.555908403049029687e+01 1.381426750986726972e+02 1.762423052267769208e+02
-1.967965318720062529e+00 3.127222420242449896e+00 -3.311188970598974102e+00
1.251368556870066229e+01 1.740441484240846037e+01 -3.507851360865096080e+00
-4.839609126368711323e+00 3.539205668003319261e+00 4.179877387579125525e+00
8.772273341033944405e+00 1.745554379543311185e+01 3.693699900826607152e+00
1.104633339279604698e+01 -7.573360344965846203e+00 -1.803053064593819199e+00
5.212512910916062836e+00 -6.539779879021719644e+00 7.512864553681493085e+00
-1.258695150626440551e+01 2.852296449283864277e+01 -1.004862705393496469e+01
-7.289721551165594171e+00 9.074064132820753859e-01 -9.402275600178226611e+00
3.104257334984758643e+00 -5.021128210371555767e+00 -7.489998587703957433e+00
-5.435491734526310736e+00 -5.744137226556010667e+00 1.144639948792305439e+01
-2.590237730627380497e-01 -1.323295282870402323e+00 -8.390477016668972610e+00
7.036053373708404557e+00 1.175780710236609350e+00 -5.277580441199746453e+00
-8.091320273053137502e-01 -4.819110451117909477e+00 5.023917644601374910e+00
-5.568102550394574912e+00 1.794930133960908725e+00 -4.285822061675822248e+00
2.041876228069087862e+00 4.270499397581497547e+00 -1.303181487163065810e+01
-2.546029420558480361e+00 -1.316434630303892561e+01 -3.622816593815776365e+00
3.692013544602458808e+01 2.473568006648827478e+01 8.898680649796419928e+00
1.450843503945122492e+01 9.481645506474086105e+00 7.214761797649262398e+00
-2.701427614192904336e+00 -1.220009162442101225e+00 -1.687793117610482563e+00
1.681012772805808186e+00 1.174703877318908685e+00 -4.070380198157171669e+00
6.407720679389287355e+00 2.718776812501754847e+00 -1.368327950693480455e+00
2.007980937953870892e+00 -5.466039750274271469e+00 -4.401386283778313313e+00
-1.249789140694934630e+00 8.195889369080450848e+00 5.260741072883437397e+00
-5.988850990212454484e+00 -2.674016315133309618e+00 -1.788233896223739183e+00
-2.071742754160096567e+00 -2.710052327993165644e+00 -8.250792347199918941e-01
2.644924403531751622e+00 6.170926474023374020e+00 -1.384736373101113083e+00
-5.516976344819149780e+00 -3.531160053265808951e+00 5.891884014702062355e-01
7.476293736498766052e+00 7.401695466575951343e+00 -2.976445679954383916e+00
-2.819193286348527039e+01 8.870140202011194575e+00 -7.844409160574020490e+00
-8.627715500141102112e+00 1.777296767185609028e+01 7.212373193873873767e+00
-3.438692028791892508e+00 6.526080932624540587e+00 -1.609261767789214304e+01
1.667159337441938005e+00 5.654806837543186582e+00 -2.138403990878727345e+00
-5.066377400679216159e+00 7.915903617991748575e+00 -1.525864727644099972e+01
-4.100452297182712869e+00 -1.121146045622161758e+01 -1.287742872120665716e+01
-4.891031014396114429e-01 -7.378637758479915654e+00 -9.408485843817144811e+00
-5.218578478122943665e+01 8.983224188642303432e+01 -1.067171981576440443e+00
-1.622020827538809051e+00 4.931979376250075653e+00 -4.083945670744692613e+00
-8.012376976971260500e-01 -2.330869865832820409e+00 6.440534228251062920e+00
-1.357088466819599049e+01 1.247658448958822319e+01 1.198993137161065370e+01
-7.207243429492320885e+00 -2.141747472737026570e+01 2.874555300215341447e+00
2.612852122002411459e+00 -3.662835628072694139e+00 -2.994479837014205170e+00
4.359361894733742915e+00 1.108832101183717000e+01 -4.964655128327476241e+00
1.010453074568450376e+02 -1.835678761829634453e+01 6.389596620422653928e+01
-1.197976639738350713e+01 3.190814889717330072e+00 5.569234609262793123e-01
-3.155311000443728808e+00 -6.831597808553032891e+00 5.108838819967833622e+00
2.836504649209199513e+01 -6.111560823653113594e+00 -2.643000652773061887e+01
5.803479941898277872e+01 -6.029309956884734589e+01 2.099627538609211399e+02
1.106806779537589991e+00 7.421918124247822712e-01 -1.038000445064423438e+01
1.124722713663515172e+01 1.358944382448086330e+01 8.382945298080768382e+00
1.880565183145429131e+01 2.811661286848195829e+01 2.707780946483429574e+01
-2.139853122972958488e+00 3.012085833506124022e+00 1.006102087185949046e+01
-5.718365538833672934e-01 -6.908366908380267901e+00 -1.559947137204656897e+01
7.948905706586506525e-02 8.785747690199110949e+00 5.171631887119425564e+00
1.533120463762691266e+01 1.395922447736176863e+01 -6.968292896499923117e+00
3.680572420534722777e+00 -4.205263845327088523e-01 3.835760544922126036e-01
8.936976598999194721e+00 -9.205200016309477817e+00 -5.457095811061837942e+00
3.232354937631559899e+00 -7.064004194993225738e+00 1.791064405961753536e+01
-8.921052324412610535e-01 -3.768539214066900289e+00 2.786759250004764432e+00
-1.480078235984794599e+00 -1.013319744726457650e+01 4.201384609872604869e+00
2.731875121789550054e+00 5.009119445022774286e+00 -4.713761472992930912e+00
-2.228676214962983515e+00 -3.453379022576267499e+00 7.894972636485671380e+00
7.190891250233870657e+00 8.104419117741578305e+00 1.442532957802092319e+01
-1.434614434242426917e+01 2.857066983163182972e+00 -6.869121030716793364e+00
2.115572678709797039e+00 -7.805687590875203696e+00 9.718705664379136966e-01
-4.778320586146556970e+00 3.023665276377249356e+00 2.846244684996346308e-01
-4.862469115833124356e+00 -6.255713132368551754e+00 2.915126078301679691e+00
-5.935882784322461525e+00 -5.906241590989767865e+00 2.394426951788674263e+00
-4.253539565628477348e+00 1.943164391020080650e+00 5.069571342911861400e+00
3.940576241256374601e+01 -9.358363740205424719e+00 5.205439372682031518e+01
1.035576086468829615e+01 3.305321752612807273e+01 1.703517059466778605e+01
3.801760989956635278e-02 4.310599450898786600e+00 1.799153806755465013e+01
2.754957350861236165e+00 2.490265709487340828e+00 -2.284441770009396411e+00
-1.645681564717082423e+01 -2.469521863242508886e+00 -1.887217378615347130e+01
9.924785467368835157e+00 4.794256741976079539e+00 -4.445593683538397123e+00
-4.094294209502481685e+00 8.084670132654283137e+00 3.257765307773246910e+00
-4.101560861066880115e+00 6.639882009344114877e+00 3.236665736160726947e+00
1.075202573533719352e+01 -8.741901999951265267e+00 -3.855333885891934376e+00
-1.737633396424791243e+01 -4.610755421008746247e+00 -2.085976906599555480e+00
-7.320847367527765215e+00 1.288224586619553413e+01 -1.433186935995829181e+01
-2.153799348694576121e+00 -1.742786039108138496e+01 4.512954104109602405e+00
5.699155832642115449e+00 -3.036853416365480118e+00 5.445747941371266165e+00
-1.001065963394221114e+01 -7.783139354606440463e+00 -3.140374284406850069e+00
-2.212651156070499425e+01 -2.452984404647853722e+00 5.309906770659480912e+00
7.682167027564831940e+00 -3.511589384566901284e+00 1.079488702023284930e+01
-9.465610767330181474e+00 8.414696480745959661e+00 1.190774619069827445e+01
-5.807140484233278777e+00 1.311752361379782350e+01 7.574623874690464831e+00
1.467602392056027583e+01 5.950879968101954631e+00 8.735042640675862557e+00
1.684616453068613851e+01 1.309574066672738013e+01 -4.692501737805267581e+00
1.953842999436313121e+00 -2.440280314975023401e+00 -4.344360500960989135e+00
1.473022313614902679e+01 2.804655351942155406e+01 -8.770842694626479030e+00
2.475638898463597748e+00 -6.996106569373862882e+00 -4.509682967229736050e+00
3.749622906997555738e+00 -2.559453324624553883e+00 -2.000873919244791743e+00
1.482577414394134685e+01 3.227947189540725503e+01 4.587328242391337518e+00
3.224926068154135184e+00 -4.859952909544847266e+00 4.323134272013105850e+00
-1.283320493017633623e+01 -9.974783918432945651e-01 1.289482387067506153e+01
9.274827927958629203e+00 3.936456930474629079e+00 7.343878673558029924e+00
-7.220133904000332947e+00 -2.650045228766996885e+00 -8.779265113699450396e+00
8.484378881635137759e+00 -4.305476069620491231e+00 -5.903409949117945921e+00
-1.576715943476309256e+01 2.317185189621461561e+01 -9.553957954642504191e+00
-1.166036371652892889e+01 -9.061933312496030624e+00 8.000358237344251222e+00
4.669195908990093069e-01 4.531992048157578168e+00 1.679201682319205702e+01
-1.495972185463631021e+01 -2.476454528285337986e+01 2.492560710401914292e+01
-2.879432913986962994e+00 -1.136424399532376839e+01 -4.165072875796138163e+00
-1.612243799764214724e+00 4.436488757733383359e+00 -1.287072906801725924e+00
1.001222833839531212e+01 -1.992462732599457453e+01 -1.159441815317028279e+01
-1.254082430675174820e+01 -5.791060579484438087e+00 -2.918702985586103082e+00
2.365778754404328055e+01 2.077123262316415975e+01 4.776926846274686334e+00
8.529599978859588205e+00 -1.240373205541138901e+01 -9.159791753237243483e+00
-1.451961459717449499e+00 3.579967347827374358e+00 -1.423634800069863537e+01
1.915892374933353404e+00 -1.570660106199172956e+00 6.300838356370475957e+00
2.312830571821534509e+00 1.331612155726903879e+01 1.484503907222972963e+01
1.817761290301835198e+00 9.586008813655221283e-01 -9.900017785306692630e+00
6.168870697456709351e+00 7.807633498273532702e+00 -6.878463104551980400e+00
1.884172180510389705e+00 1.762632317936494164e-01 1.857393422196059962e+00
7.008687522664287961e+00 -1.428410372203659762e+01 2.511719123169841250e+00
-1.030280359919354360e+01 -7.394867319736142086e+00 8.734650982113700834e+00
7.646139471261728993e+00 -9.313640600679296000e+00 -1.189504986662729813e+01
5.156087489611834052e+00 1.811323791739622158e-01 -1.158816562889048163e-01
1.254726749456489543e+01 -2.277549035882275863e+00 6.177639920860374723e+00
1.133119079488111325e+01 9.744467572663142008e+00 5.222342893466424663e+00
-8.800888467472187671e+00 1.174590415655938180e+01 1.300832679111958790e+01
-3.933051984153333347e+00 -3.188933207128836322e+00 2.805034409210322988e+00
7.181700741299402502e+00 5.781936682531605420e+00 6.615119567821181157e+00
7.791067225927402085e+00 -2.003463995443176771e+00 -6.035256416264993540e+00
5.196925829602904834e+00 1.013064075467371516e+01 1.225826982955611832e+01
4.167502514098031519e+00 -5.753617233419385357e+00 -6.891085269588145823e-02
-7.117725458451343634e+00 -1.411890815838129087e-01 4.167959698014962910e+00
-2.882416824036177161e+00 -3.229830055910318798e+00 1.528832053739156704e-01
-7.432883716876060198e+00 5.933932271586602525e+00 -2.455647979507797452e+00
-1.287949461413799668e+01 -2.048217548418669409e+01 2.327019335850293302e+01
6.073824165756556981e-02 -2.025120006071674972e+00 6.963778988468768638e+00
-1.453949037485576490e+01 2.180727520138073583e+00 1.295361165268121795e+01
2.362508797876086142e+00 -3.839172593751497686e+01 -2.519143682968752529e+01
6.905299157241676866e+00 1.867948358495226557e+01 7.178743164653300646e+00
1.420429136548866111e+01 -1.563024784024595171e+01 -1.236540419124486334e+01
1.785279439320368766e+01 2.790002651341636764e+01 -1.010137340808802797e+01
-1.148427834680687543e-01 -2.179542432602265656e+00 6.535579419993157835e+00
-1.054424922926587094e+01 -1.771506893922486281e+00 1.134766248650875387e+00
6.885455964497841030e+00 -1.554653737941221081e+01 3.583685270120754751e+01
6.807320853505460789e-02 -6.450132130254847773e+00 -1.594544167539473811e+00
4.604454288084718350e+00 4.887542797353277430e-02 -1.184992180068409784e+00
-2.246844230631936501e+00 2.744985827320069127e+00 4.953543746718024110e+00
2.418263417313065045e+00 -4.688021059648317390e+00 -3.075099627829478433e+00
1.322595275042983687e+00 -3.856077166278008672e+00 -5.131768313547913074e+00
-1.654044781204049386e+01 1.138154149668745596e+01 -1.126908043024312001e+01
-1.050105171742120547e+01 -3.608888326488488119e+00 3.857357700425462443e+00
-3.866173679179822908e+00 8.487473720373944763e-01 2.045419473065440141e-01
1.577956906948748461e+00 -1.193476013863539542e+01 5.808236644031217644e+00
-3.394985069595380267e+00 2.943996820346896115e+01 6.346020564824413412e+01
-1.116648953770203079e+01 -1.974317261896993969e+00 5.958418301277824014e+00
-2.675536344284265566e-01 -3.111007744897019034e+00 -1.131137734938019968e+01
5.482639660760984412e+00 -4.683609644123093219e+00 6.869921526857030614e+00
-6.916807738670616157e-01 -8.609811452136741039e+00 -4.506517482042276868e+00
1.104786390409702612e+01 1.497474140766405348e+01 1.062046294172738392e+01
-2.045218278431235603e+01 1.068872164370187283e+00 2.080332008660041510e+01
-1.268555496424215434e+01 -1.779705919719710705e+00 1.956902370465436469e+00
-4.817591395882818261e+00 5.847861308750650355e-01 -1.291307867742270910e+00
1.489438648328031745e+00 -1.981066496768712160e+00 1.309267327101265366e+00
-1.326286352532053492e+01 -7.166656608586890798e+00 -3.489617418428940798e-01
-4.081216152273609232e+00 -4.739344019861440049e-01 4.457210454890763729e-01
9.126283663243478728e+00 -5.348586867576822002e+00 -5.838785798364580337e+00
6.704579005661927660e+00 7.641246039891735009e+00 -9.158543390707494236e-01
5.576715905226296854e+01 4.207955304495239091e+01 -4.468801618749538562e+01
4.844545123328058089e+00 -4.840256701666699080e+00 -1.057379213465773660e+01
9.762332443051965569e+00 -6.217397950978490462e-01 6.437503070655925086e+00
6.516100171842058586e+00 2.719263996777751657e+00 3.596612242228627299e+00
-8.631862979292314719e+00 -4.551357664666086045e+00 -1.009247877202659183e+01
-6.613625831677642786e-02 6.288711932913082503e-01 -1.106047383751538549e+00
9.630063575813192500e+00 1.988187034581983648e+00 -1.547765980001955377e+01
2.166156229794174592e+01 1.279087599466099334e+01 1.957423006103988339e+00
7.579471784943827117e+00 -1.644506784058279436e+01 -8.280079125518907901e+00
4.077209350457223991e+00 2.898332560775259692e-01 -1.695060561646154706e+00
1.091095144535420758e+01 -7.278495936936169031e+00 8.477252016909925914e+00
2.602567449304504166e+01 6.504119616202846288e+00 6.270598954380330881e+00
1.498332976315960519e+00 -9.130332807885542579e+00 5.189609287068558174e+00
7.381137698252037360e+00 1.746678286166061467e+00 2.811057483704596294e+01
-3.190223843927834313e+00 -1.769167524509347444e+01 1.059792455588932425e+00
1.368416217220392817e+01 5.275890009977675099e+00 1.451946935711967690e+01
3.828886213359261603e+00 -1.991302000590770760e+01 1.514733204299137492e+00
-6.579006876830034045e+00 -3.981649778303226306e+00 2.146119962426457750e+00
-8.747942732136697597e-01 7.902486477704993462e+00 -2.303275452310404869e+00
-8.602404578669601065e+00 -5.003013485403731586e+00 -9.384802076824283468e-01
9.872948790402170660e-01 -1.042945276238973484e+01 2.087457940488186026e+01
2.948927662895778568e+00 1.797254622943748714e+01 -5.353462871506438070e+00
-5.700267689914618963e+00 1.046779118446276691e+01 -1.009044616172002762e+01
-1.196833700836442915e+01 -1.139392480665593688e+01 8.797417700905015181e+00
1.033686261258718808e+01 -9.528302425657274810e+00 4.068330512226084217e+00
-1.112833035257831682e+01 -5.184694731952078861e+00 -8.804798250475422972e-01
-1.722931399697730726e+01 -9.044660900907064871e+00 3.453667885724343023e+00
2.011076852712133434e+00 -2.637386964111156473e+00 -9.749295731733566228e+00
1.339223009199239129e+02 7.305828350740011956e+01 6.823280411831655101e+01
-5.054511458546239844e+00 -1.270240507464697854e+00 6.535707611020591834e+00
-2.964258794825007204e+00 -8.141598989866558611e+00 -3.614972818753711681e-01
2.902326122912646689e+00 5.637509572738664154e+00 3.283546875922977115e+00
7.489372564670429000e+00 3.523674129599745353e+00 -1.165049861291666033e+01
-1.620321486312828085e+01 2.030967547314325161e-01 -1.159579436976418965e+00
1.515643244286124869e+01 -1.694862830375801988e+00 1.226201669442881936e+01
4.579140299095113420e+01 -2.027049995132730942e+01 -9.718740237710484564e+00
-1.450936846853361217e+00 -1.792865041936594350e+00 1.438160843302499181e+01
-7.980660538351067590e-01 -2.463162434126418443e+00 -1.098047317587490745e+01
5.422331106749164853e+00 7.470829141470064494e-01 3.237557193316583870e+00
2.584834506180659464e+00 -3.506683426337510401e+00 9.467627912561046299e-01
-3.975686172237559157e-01 -6.796231540923402648e+00 -5.362316234370608115e+00
1.693667232101132569e+01 -2.335743424425749026e+01 1.791856035454088314e+01
-1.268240879788970155e+01 1.170902339649833479e+00 -5.016951085614360650e+00
-2.506193375518458222e+00 -4.617211671576150422e+00 3.815439942119678740e+00
-3.729518679019141469e+00 5.696819376835711601e+00 5.416351646983280865e+00
6.427485490068906238e+00 4.421371244267102263e+00 -1.394558663354518835e+01
-3.327175636180807317e+01 2.660366507797958846e+01 1.406467255450785672e+02
-8.554279039144525143e+00 3.991608004475083682e+00 -1.830284247453441759e+00
-5.044193576196310858e+01 4.924608320874099121e+01 -3.609554165621227639e+01
9.343693734383075267e+00 1.610665934471432337e+01 2.864161006297396028e+01
7.608890387024788815e+00 -9.565966417234074370e+00 1.989312537431853656e+00
9.549236785005416062e-01 -1.950855619493947479e+00 -1.025913049989067627e+00
1.445153928328644177e+01 -3.436067778470103917e+01 -2.611387647765108344e+00
2.148633941349008936e+01 -5.994820247590872064e+00 -1.739174589848358377e+00
1.673009515770074529e+01 2.400156981184082028e+01 -2.955011287301640266e+01
-2.573406327861573217e+01 -2.050822877692723623e+01 8.281013188653025381e+00
5.053521065741220397e+00 -1.127973056108293903e+01 6.202060402210505252e+00
-9.076009497594004216e-01 5.047110607985941799e-01 9.546664559945309492e+00
-1.578260165019192307e+00 1.032603325315261422e+01 1.816504959913941164e+01
2.225520285376496599e+00 -4.048163446916858810e+00 1.168863826156006924e+00
-3.140010913860347141e-01 8.066931748455514750e+00 -1.072737688697277925e+01
1.032798714889106861e+01 1.465474985768765137e+01 -1.069241964098806896e+01
-3.884559440142536513e+00 -7.127501068510205151e+00 -1.506533265332271831e+01
-4.946865687718008608e+00 -1.617508032255842210e+01 -2.454122758496848178e+01
-8.258560113579392237e+00 1.096252460317334787e+01 -1.448545016601326374e+01
-1.203947359275467477e+01 -5.988449126089409269e+00 8.744071288053747892e+00
-1.660498373802692385e+01 -7.236256810020419428e-01 -8.558027884303458066e+00
-4.491867835022531175e+00 3.406228015827840738e-01 5.431125402383928602e+00
-7.114129601085235066e+00 -1.492399769025051981e+01 -3.673392537445342998e-01
-4.148305653366670676e+00 8.880694145943657247e+00 1.264106473160013699e+01
4.979397270934576625e+00 -2.601951483727068304e+00 -4.484738149366569893e+00
-3.901644609296670296e+01 3.301821245467109378e+01 -8.088504698742143617e+00
-3.389207121070150652e+00 1.591095561944571024e+00 3.559238852392286878e-01
5.467489249863159984e+00 -1.706332663455370025e+01 -1.283946983254987195e+01
7.198032571072767283e+00 4.971877589223875127e+00 7.315145950224296811e+00
3.781655011251763843e-01 2.727055444409586471e+00 -6.603804073393618523e+00
7.027218454180811369e-01 8.743757557717817264e+00 5.356298301431118070e+00
-4.131282774436356675e+01 -9.228521651074769849e+00 -3.561940931848545233e+01
2.784701807088570291e+00 -3.077295047372847758e+00 -7.382512376156465272e+00
1.656987370194659803e+00 2.788708512539788131e+00 -7.208384970748181075e+00
3.455682723612558505e+01 7.175948711635789401e+00 2.938494200216379859e+00
-1.348968636794223519e+00 -1.095468792956299176e+01 1.557428797945822652e+01
-1.706267246459977827e+01 -3.340593279386128156e+00 2.057439022162980413e-01
9.742695013112077973e+00 4.288763679118623884e+01 2.657625011420801187e+01
1.241997274183225208e+01 7.644375276441204292e+00 -1.412465780834036089e+01
-8.927276058401387715e-01 2.061390872266005481e+00 1.061357627734061060e+00
-4.823863145740923120e-01 3.266106261072252437e+00 -9.083805472808121895e-01
5.190341509852776980e+00 -5.747792000441004134e+00 2.868209479377793247e+00
-1.475225197947372102e+01 7.115320601242205001e+00 6.344328607895678651e+00
-1.699318377505910416e+00 -1.597006231680610355e+01 -9.326684574880097500e+00
1.524454961438656220e+01 3.432445894494798866e-01 2.541081790283264397e+01
5.796005138559800152e+00 2.874671000236806995e-01 -7.923576697093444920e+00
-1.361144061301284758e+01 -1.117729352697220691e+01 2.357598866353559419e+00
1.149736551325693190e+00 -5.620488613204401851e-01 -9.471633068134311273e+00
8.257365507903891455e+00 1.494383081102575561e+00 -2.011559817153380503e-01
-3.347308218483517006e+00 -1.384452464860752130e+01 1.725925969917103941e+01
2.034168282495944524e+01 -2.974940731872557365e+00 9.082742929840165402e+00
2.876701820748224669e+00 1.632856513850324820e+00 -4.055519419659267655e+00
2.139793666217746360e+00 -6.198001011842683816e+00 1.221948686177876908e+01
-6.917750371226945916e+00 -1.836559228269592392e+00 -6.212864130243677785e+00
2.525874708932181800e+00 7.576038606283282739e+00 -1.248098053622952186e+01
-1.147343648151073658e+01 -7.754014237120146369e+00 -6.722684523830043446e+00
9.724174099916422787e-01 1.322273825624908250e+00 -2.097936887772553494e+00
2.661416104248929937e+00 1.055057298476874372e+01 -5.802250555187306702e+00
1.043206011843729364e+01 -5.703047784568710199e+00 -5.864124124072396249e+00
-1.008840635867176871e+01 1.697292396469183728e+01 -1.396558100832109162e+01
2.491586330545206351e+01 3.324200238228294779e+01 3.132588302207377051e+00
-4.348322838319750083e+00 -1.078121621543041009e+01 -1.201177576236663569e+01
6.121538669982583336e+00 4.625368974338225136e+00 -2.233743688335890454e+01
7.479235049223027509e-01 -3.953412340481465392e+00 8.858355686102578730e+00
-7.559862547451168702e+00 9.968285358029194132e-01 -5.525456459363354611e+00
-9.061055132453097460e-01 -3.804522174585001082e+00 -3.361960263972584073e+00
-1.076967960079096009e+01 -1.928432019500598216e+01 1.872771127769586030e+01
2.884715459621574940e+00 -1.518992665416129872e+00 -3.100667535336177227e+00
-6.007696134514071140e-01 -1.056381703436369790e+01 5.339367094057037022e+00
-7.274778326527412631e+00 -3.384006616770893761e+00 -4.981408709041903471e+00
-2.679431651321100460e+01 -5.225153832124831865e+01 -4.286413054179624993e+01
-2.678011640050255604e+00 1.966270151010746092e+00 -1.399761028997951762e+01
2.405015076698376664e+00 1.672454726807293124e+00 -3.550482498194955649e-01
-1.753716310343174101e+00 6.067527364319878380e+00 9.565326487951187673e+00
6.870568518818853665e-01 -7.234187439211973825e+00 7.465763707270610006e+00
-3.392897181673202311e+00 5.661583441810312145e+00 -9.636317657094084055e+00
1.212191402184253874e+01 -2.484081564765495642e+01 1.460740735116580424e+00
1.933626226886139676e+01 7.785293669125556981e+00 1.407574126325628683e+01
4.832129028035665463e-01 -1.149293773265007257e+00 -3.119557904560025463e+00
1.796439084182744850e+01 2.283235135222953005e+01 2.231362570798654943e+01
5.862811918355913754e+00 3.691516265423139820e-01 1.606863239988809422e-01
3.177366849753322064e+00 1.881996051412306636e+00 4.019300204779599817e+00
5.243489348237719838e+00 -1.929768714138117569e-01 -1.162135918459616724e+00
2.866010742735001671e+01 -1.060122106298385063e+02 -2.315821628196632176e+01
-9.424785378353865983e-01 9.350788142449683038e-01 -1.804531224996684280e+00
-1.982397165644986137e+00 -1.365457104513164932e+00 1.013639119849422121e+00
-1.259660850925022224e+01 -2.106379945625316719e+00 -7.932162918516337591e+00
-6.010973555458144491e-01 -1.470417578258310931e-01 1.773449737414889649e+00
1.150636410560963885e+00 -1.198058346546936326e+00 -9.285337798510157725e+00
4.959914382532891963e+00 7.370150461422459998e+00 -1.839570148245480041e+01
-2.575239627258028019e+00 1.472162289250440459e-01 1.565204186808899323e+01
1.031725449501315950e+01 9.558656755079899980e+00 1.946738006902578588e+00
-2.143291669846243863e+00 8.074988451018423774e+00 5.875694627953975235e+00
4.304993656311779660e+00 -6.437493943678948227e+00 -1.157428896638862348e+01
1.074591846926462324e+01 5.834511653959197020e+00 5.010242676427292707e+00
8.077946202164326905e+00 3.047546036119213397e+01 4.797207597192433504e+00
1.087166442482184303e+00 3.230286043025606624e+00 -7.512126712788883331e+00
6.681676135297498043e+00 -1.220957619772853242e+01 -7.439073995124942940e+00
-8.351093741123399639e+00 -1.271652593264958675e+01 2.391424311381441292e+00
-1.731929372721246452e+01 -7.974526501204532103e+00 1.538553948526879012e+01
-3.522697377556314624e+00 -7.085396647073754828e+00 -3.627373868492609343e+00
2.307040837738925987e+01 -2.012639590358737607e+01 1.719532576370187726e+01
3.855826369579975221e+01 -6.482354290944410957e-01 -5.059164581516841785e+00
6.605780880766073615e+00 3.643208176545287280e+00 5.305982406640148419e+00
3.054935476184554854e+00 -7.282031348826645711e+00 -4.561939673513832005e+00
3.014156324594838399e+00 2.604184175919412780e+01 -1.032502632745556070e+01
1.745392009854304760e+01 1.432623766946688626e+01 1.208760344541850706e+01
4.343525380427744054e+00 -1.055885907693306791e+01 -8.324803207818026962e+00
1.217114132986444330e+00 7.287660516791016008e+00 5.869091656304689764e+00
-3.601310590569815062e+00 2.800248020977485552e+01 9.221055482509765255e+00
1.163631831557145091e+01 -9.006977044863980097e+00 -4.928038297764478770e+00
-2.172209674553943870e+00 8.333463315143831984e-01 -1.211365070451896342e+00
1.778949926939507042e+00 -1.268035568591569984e+01 -4.772271713935951176e+00
8.202517898860317569e-01 1.434773937251331954e+00 6.643063895457020251e+00
1.101126459047821449e+01 -7.425133783440653445e+00 1.276122353860045422e+01
-7.364867769287525512e+00 -1.443513370256027217e+00 1.445022147201008700e+01
4.730551892946215808e+00 -6.592491906504768240e-01 -1.699517576615887648e+01
-6.409498381256168109e+00 -6.107741269987193355e+00 -1.346627104290406329e+01
1.228454765833985718e+00 1.450712000169835392e+01 -1.326988068209052629e-01
8.425148080010103513e+00 4.567862834792860482e+00 9.599329933509523016e+00
2.930626349484108051e+00 4.528737361712263976e+01 6.722212000828493217e+01
6.366234130740912711e+00 1.137613607276704242e+00 -8.249311265619835964e+00
6.346577513577666529e+00 1.363280463992804847e+01 -1.409624433098064955e+01
5.747945004080375675e+00 -6.119643776903472165e+00 -9.340076660912409068e+00
2.100093422040649216e+01 -9.068543902447130378e+00 5.879387158030225713e+00
2.115041750998303627e+01 -1.333831028105861449e+01 3.138936942427403842e+00
-1.244181359272746512e+01 -8.007924444217456639e+00 2.019364660009544732e+00
7.894908975302256771e+00 -1.790560899871408429e-01 7.924653603955132963e-01
-6.705386553515559456e+00 2.394927306602643746e+00 -9.416777509435179994e+00
6.363608116869255760e+00 5.023656028737808477e+00 -6.771886070747535902e-01
7.291193552949987833e+00 2.110107465990783471e+00 1.511125945151792749e+01
9.914050267362581437e+00 -1.316852823614424217e+01 -1.430903906000833992e+01
-5.671811727608267972e+01 -5.370352130955046732e+01 -8.778383736409308469e+00
-4.308414022546184441e+00 1.561493410598285614e+01 -2.208492145193821443e+01
1.206896214012380231e+00 1.290543136664182411e+00 2.707007002854509015e+00
-8.209848799199672698e+00 -2.237419247039285963e+00 -4.061172804332964681e+00
3.713139373639674279e+00 -1.131120829438131459e+01 1.388246291710388602e+00
-1.860900152752738901e+00 -1.827110095367548315e+00 6.429083157217775124e+00
6.943264346940434706e+00 -2.569141923226280610e+01 2.075889879312578756e+01
-1.120427665728091604e+01 -1.461932529245279255e+01 -2.860547376359626082e+00
-8.475898620965148567e+00 2.520860620081761372e+00 5.303505847006684704e+00
1.973977546951722450e+00 1.923358608600567621e+01 -1.410918971759837603e+01
-2.890668008951635226e+00 -1.096089602247082873e+01 1.605085800202110891e+00
-8.190701360658854568e+00 3.929010241725694019e+00 -5.752711791330987090e+00
-2.465494086643617067e+01 -4.541844872288892887e+00 -1.772159083711149918e+01
-1.998957337602643047e+00 -5.795488706630830045e+00 -2.559699898515871208e+00
2.888576560530793813e+00 -1.162283582871708454e+01 7.166716532992707833e+00
1.416996987387263829e+01 -1.622299038588483455e+01 -5.231401729391031985e+00
1.066282339017776337e+01 -7.042025768126749519e+00 -8.602050978679960380e+00
-4.983373397655538994e+00 -6.822964352839776536e-01 1.833714733824978849e+00
2.463129661283518512e+00 1.160529338059610360e+01 1.725838086861359588e-01
1.530245067432412398e+00 3.684386946087014336e-01 3.136270892296247226e+00
1.561338650107449322e+00 6.632145116186171085e-01 -6.310762503401572410e+00
-5.531482203848432988e+01 -4.739896316182829850e+01 -5.000682802898575119e+01
-4.186935249033991724e+00 -2.212424527905771932e+00 -1.435056994262638952e+01
-1.448637008406177706e+00 9.943021872804667927e-02 -1.477814418773048200e+00
1.798682819550540657e+00 -2.459425103486915010e+00 -1.708563838901477183e+01
4.345792414535556425e+00 1.411469233270101675e+01 -5.286787884608094679e+00
-2.122108014554936162e+01 1.970743752757160294e+00 1.292937865731337155e+01
4.366177097772419025e+00 -1.111827633427666176e-02 1.539051137578670847e+01
6.977798466728899029e+00 1.796192360228832641e+01 -1.584758330106374302e+01
4.961540531116822583e-01 9.374915661728591587e+00 7.618997270969192215e+00
-4.765664359133203298e+00 2.602533360197582635e+00 1.612372954500482081e+01
1.258045182014929964e+01 1.222152126866063560e+00 -9.513615557261831057e+00
-2.802010814090659885e+00 1.069170188764979734e+01 -3.701082036214529580e+00
3.010358677040917286e+01 -1.078904147358487187e+01 3.813820448264041207e+00
-1.617378471812824259e+01 2.428827017248497810e+00 5.296845222190074587e+00
9.706735186990462338e+00 2.459334759163640804e-01 -1.434471664970358695e+01
-7.964180025326044188e-01 6.422258512928796570e+00 3.005207574663325332e+00
1.908530060672859241e+00 -1.442239765191729362e+01 -3.772516591913876560e+00
-8.745278585380837910e+00 -3.488259962144756798e+01 -2.984757255246260499e+01
3.615754794878953127e-01 2.771433482324452413e+00 -6.350124158970664290e+00
1.188086933270321000e+00 -2.088842430801022587e+01 -1.542449388432098445e+01
-1.390961656127195356e+00 3.016461691891248798e+00 8.033814621493389652e+00
-5.101210951490963375e+00 4.073399658816660107e+00 2.560814716636166555e+00
6.079248870158806284e+01 1.334110192947685469e+01 -8.851629523178619507e+00
5.305040778860448114e-01 3.212445589871289364e+00 -9.362256248461985564e+00
1.219552431145620375e+01 -1.858994492161449852e+00 2.786933924328832912e+00
7.345809428011043529e+00 -1.444435149823714681e+00 9.003567598497390634e+00
-1.117272873614389006e+01 -4.059812374487259401e-01 -5.235792036021982732e+00
-4.220349857627589074e+00 1.205913505348797443e+01 1.407147012468210434e+01
-2.752553076461609738e+00 -2.498578948322753845e+00 2.843488426748332465e+00
-2.649946865789386763e+00 -1.547771179112843898e+00 -5.951058913125121919e+00
-4.245022593940688260e+00 1.293485837536743954e+00 -1.176475016883365754e+01
3.590740768135003425e+00 9.086040276661412618e-02 -4.189475375717637284e+00
8.854375743403318566e+00 -7.511405617312936656e+00 -1.842921217507614839e+00
-4.059587150497509178e+00 -1.679495457327643493e+01 1.998035921691589722e+00
-3.492099528655131024e+01 -8.849001034276980704e+00 -2.882162810745523274e+01
-9.346558907652209314e+01 -6.195497971630214806e+01 -7.867555733113984928e+00
6.469058478530846479e+00 4.282200409231744054e+00 1.238495369802910639e+00
3.623614795174327163e+00 -5.834738040809024362e-01 -2.320491787018371710e+01
7.233191464807592119e+00 3.352318895987228320e+00 9.654549541206568719e+00
-4.242753924193904069e+00 -8.033822638513884229e+00 -5.879889338213976302e+00
1.382826992800509558e+01 -1.356248945148191387e+00 -1.401617210118582690e+01
4.738753509525332674e+01 2.225462277855896343e+00 2.975057774567187963e+01
5.162912048669950238e+00 -7.631161963167084394e+00 -5.775071433225154927e+00
-9.867091459279148324e+00 6.359140895371117708e+00 -9.660009972353718055e+00
7.085160532990096627e+00 -1.051535501553286345e+00 -5.876823267792493866e+00
-8.942574556961668364e+00 1.272108638739498332e+01 1.650619793563167548e+01
7.805203501068463723e+00 1.802066003927203042e+01 -2.313162156844512651e+00
-1.572381719603645145e+00 1.794229841258009328e+00 3.659702536660328853e+00
-3.745007038130472310e+00 -1.283160896113587357e-01 3.985106702937225798e+00
-6.409641258977369915e+00 1.113543668324295055e+01 2.145165455582020986e+00
-1.705797799114715119e+01 -7.503203375115972129e+00 -3.375522076121226928e-02
-1.506671944031741095e+00 2.677442355144537434e+00 5.437224554488241601e+00
-6.521016349581826077e+00 -4.378880544230122851e+00 -1.265957087961795402e+00
-3.344519378988192848e+00 -5.496477574221525941e+00 -5.769828045027592722e+00
5.622576931251948018e+00 -7.637115430897629675e-01 -7.915927510211483664e+00
-4.754480247841354590e+00 -1.771740741158070520e+01 4.025925539015792753e-01
-1.008622026658764703e+01 2.717437441898585249e+01 -3.733424843328550935e+01
7.935483162649179079e+00 1.345856498015403302e+00 -3.204441319659835363e-01
7.932283068521651437e+00 2.313855394177139146e+01 -1.683517801154557247e+01
-9.253134572988001239e+00 -7.184461417915421144e+00 4.539452977178610737e+00
6.014572262851198836e+00 4.224190088661307629e-01 -1.290790337011537225e+00
-1.908300813463279511e+01 -2.027696415240049177e+01 -3.335025991775923959e-01
1.134754900616899498e+01 1.631955475162403602e+01 -3.339395874578137580e+00
1.015791502344363106e+00 1.080193449012803120e+00 -1.089586965188853007e+00
2.802867098690206227e+00 -1.428849329458768747e+00 7.293404321992224659e+00
6.067039748839345492e+00 -5.164097563250441780e+00 -6.814174661996566407e+00
8.830269362525443810e+00 2.619469661089925516e+00 7.233687213801800020e+00
6.521676586061951886e-01 -5.687992544910057902e+00 1.890018180323469910e+00
1.930601469670718551e+00 -1.082899110209902460e+01 -2.162864582179125084e-01
-1.384251683331619809e+01 -2.367665041289866679e+01 -1.240079515679554945e+01
8.689177313914683287e-01 5.106772839592649049e+00 2.453511087218707587e+00
-1.015511960723497786e+01 4.542323071003066204e+00 -1.452936675453400639e+01
6.284820197509145778e+00 -4.151925304595497579e+00 6.769618037072032024e+00
-3.913966488117447406e-01 1.171673267357113302e+00 -1.267810872947401579e+00
-1.791227462308647844e+01 -2.547323612728266440e+01 -1.202383688645425863e+01
-8.608826001639313219e+00 -6.115063621984083042e+00 1.517886935784741986e+00
-1.975630448901135949e+01 -1.447683458515347255e+01 1.354624503377187672e+01
1.288649028972180588e+01 9.950097785281528662e-01 -1.011115815885153246e+01
2.906284502622281707e+01 -9.390755081757731659e+00 1.665210022535051593e+01
1.906079731134601607e+00 2.000165565840710968e+01 -6.763745363133142341e+00
5.629338211389712576e+00 -7.453483166338158661e+00 -1.064708661041062676e+01
-9.659627859605604883e+00 -1.919550161269137334e+01 1.689262711486085777e+01
1.481907322409258221e+01 -9.571699379687091280e+00 8.201093504355361219e+00
-8.086882117414850413e+00 -8.135673055164314604e+00 -1.604958055000895945e+00
1.641632973166641563e+01 -2.791061314462551479e+01 -3.482874578543739830e+00
-4.838786970959323419e+00 -7.398569192673781103e+00 -2.699022020744497041e+00
-3.751608174169760446e+00 -1.544928163382082165e+00 5.130697074866640506e+00
1.405533839055876655e+01 1.352219878855662216e+01 4.518561483968752235e+00
6.776841777273563849e+00 -4.171187643572739745e+00 -6.505192841570595519e+00
-1.363319285197022701e+01 2.068398251515054298e+01 -1.221889767478288258e+00
-3.798631384100249253e+00 5.912469720131160678e+00 -1.224640804731598287e+01
-1.680420681301796781e+00 2.599922786046611201e-01 1.190054530380937337e+00
4.957466923903059985e+00 1.927374772992924434e+01 2.588204667422522220e+01
-1.488819482787199222e+00 3.743717998780977219e+00 6.547893427723586512e+00
7.609857123722085781e+00 -5.040754309167889247e+00 -1.100287481655916944e+00
1.520196682618458262e+01 3.835104383076081563e-02 9.297502434619440592e+00
5.476311531204422600e+00 1.194348328878641041e+01 1.347349946094936302e+00
-5.560004634501092724e+00 1.116716263278597632e+00 -8.326467357795243274e+00
-6.157755103222458892e+00 2.189992226340987003e+00 -1.399301036533010800e-01
2.471408527969389723e+01 0.000000000000000000e+00 0.000000000000000000e+00
8.019731113035367898e+00 -1.218848667254402107e+00 -3.894486125639016194e+00
9.586052472453785001e+00 3.726110820786978639e-01 -3.867247517294544856e+00
-3.119557744751794370e+00 4.781164218632891760e+00 -3.134600264328185393e+00
7.763016498605051829e+00 -5.866680931142449040e+00 -2.545562102495939616e-01
6.504336755748545862e+00 -1.097714817590806469e+01 -4.865746112499580001e+00
6.258603038553232523e+00 1.779168365689729692e+00 1.620300990369190330e+01
4.354985597376622053e+00 -9.976273029075125365e+00 -4.629363969943218748e+00
6.438601088204183753e+00 1.075416160609506555e+01 3.094225874196792514e+00
-2.744501671442505231e+00 -3.546590635812713721e+00 4.891261604309058875e+00
-7.185348366162917166e+00 -2.148478523669263285e-01 3.212452843819071230e-02
-5.516572835450746837e+00 3.340362763881832286e-01 -5.703825529394791261e+00
-2.626158988320756449e-01 3.562975569016945787e+00 -7.849185305419357661e+00
-6.905996311342304850e+00 -1.443770396822234847e+00 1.029359166731140363e+01
9.337596468850552611e+00 1.264826064820796780e+01 1.815346524307889453e+00
5.621304694245623956e+00 9.405086538394192175e+00 -3.972607419742704149e+00
-1.026183525891636350e+01 3.109063878378359735e+00 -2.292438348337587917e-01
-9.135638163173370074e+00 -9.895012397422042749e-01 -2.454452751867755467e+00
-2.800975779968833290e+00 -1.054799843626233802e+01 -1.041159978310365908e+01
-9.833723389987694130e-01 -5.577043234547487849e+00 3.104805230848790565e+00
1.075151677642857129e+00 1.078474013579834789e+01 -8.767234246951295162e+00
7.924811467185215008e+00 -6.039249164154689709e+00 4.493668019652135026e-01
-2.928117488094692966e+00 4.769030732277318663e+00 5.346658598954456387e+00
2.344312216062731213e+00 -9.793608738871682817e+00 8.512257886500908199e+00
8.518597042142173947e+00 -1.847612602392939340e+00 7.729723807388348078e+00
1.438453117053193964e+01 9.248233820441409847e+00 -1.243414668075375040e+01
1.923547041150132753e+00 -1.581934177078204051e+00 4.335676900238610187e+00
1.205741839027346884e+01 1.064250781721510464e+01 5.763350983070367306e+00
2.746376953475496041e+00 5.324854743316220329e+00 2.491602893959543596e+00
-1.782456646473690523e-02 -5.309771585564170060e+00 1.923782425719620104e+00
1.679941495110972127e+01 -1.120115413116847947e+01 7.153343180864317752e+00
-1.134489765124707716e+01 -2.772187971232863646e+00 3.019415224981800261e+00
-7.636564824128169171e+00 1.296902267458834190e+00 -8.939548185192450092e+00
3.203939383323582302e+00 8.328580632356805680e+00 -4.126666752196488930e-01
-1.181122128757393641e+00 -1.231924440597008363e+01 -3.668324331972505625e+00
6.328197768933986112e+00 1.410884851086709357e+00 -2.196783604631045161e+00
7.035179434320062875e+00 -1.205819340894834113e+00 -1.773781559779222583e+00
-1.693417078463185987e+01 -9.436626462313762786e+00 -1.233806744159157587e+00
-5.363200426295093415e+00 -3.115985816154639987e-01 -4.778937049923504432e+00
9.486968513600871233e+00 8.058827371189195787e+00 2.465883272066296872e+00
5.273808258164786267e+00 2.194669205209679674e+01 4.124179581214967527e+00
-2.773316476505782724e+00 -1.519018918692668807e+00 1.960411220169102409e+00
7.342120126311058925e+00 6.586734877243470621e+00 4.012444555254156775e+00
2.779095950564631323e+00 -9.334734521698011989e+00 -5.943497863358117250e+00
2.659909514498760341e+00 1.530347688769127856e+00 8.594068926340265868e-01
-4.322099727796034685e+00 -1.597970382557786628e+01 1.475107571329014933e+00
7.972286728026284353e-01 -9.623677705454355191e+00 -1.112977499831816708e+01
8.956977857346328786e-01 -2.050395860477875143e+00 2.197670608381763646e+00
-7.657072172452584091e+00 -1.677633069110084563e+01 -9.970598482516695782e+00
-2.099276335844655339e+00 -1.697598769918683970e-01 -1.346168195007113866e+01
-2.235017657921551049e+00 1.399682882651433147e+00 -7.758712939539329057e+00
6.599766622873199928e+00 -3.100017721852862618e+00 -6.089137665072897221e+00
2.198800024810133369e+00 5.902761943335423034e+00 -4.604633892480657131e+00
4.291427117101487276e+00 -9.286066650226191044e+00 -6.720725509070981651e+00
-5.714861384062216443e-01 -2.939363872713626424e+00 -1.091788167712833513e+01
-7.231633060734010243e+00 -3.016590987568967819e-01 2.818623710073497532e-02
-1.918907694972352829e+01 -3.593296142197468512e+00 -4.897362536315305270e+00
3.307529444660981088e+00 -1.299871859677281982e+01 -4.085428500275849473e+00
-8.184553751555492696e+00 1.145696314253213544e+01 4.540905170977436178e+00
-3.458257452640178808e-01 -2.725733081842405703e+00 -8.624689459603617436e+00
-8.866960714348417483e+00 1.383572816537234118e+01 2.873547079460169851e+00
3.996342770210683959e+00 -2.031215380491700362e+00 -6.116691796373224577e+00
-1.452872799144387717e+00 -1.161081111497930474e+00 1.368577396390653433e+01
1.866873952862646568e+00 -1.125539487299713093e+00 -1.890652741078055588e+00
5.198352221625698100e+00 -4.867287301170376779e+00 -3.306548849509387100e+00
-3.374404691759095853e-01 -3.554546237771055051e+00 6.540614961846793918e+00
3.177127622865961176e-01 1.174010108122608464e+01 3.308099401716664723e+00
-1.867582090101785663e+00 3.135497616796098619e+00 3.098212493443648796e+00
-2.703781679030751173e-01 3.573363010379351778e-01 -5.256838240796446904e+00
-1.995407525902908041e+00 4.879870452039608786e+00 -9.433074474675258614e+00
-5.509906404036909677e+00 -8.031777900973123607e+00 4.331631052391397674e+00
-4.531052318629703812e+00 1.027836144065188195e+00 2.693992502425173630e+00
-1.306996859500756614e+01 1.091358442262989614e+00 -3.007928162418039175e+00
3.838055394894582251e-01 -2.441950027626462294e+00 8.023285249686605169e+00
-1.211878460286486270e+00 -4.294069930253192169e+00 -1.141404115119623697e+01
-7.237713278357866820e+00 1.290575449520116713e+01 3.277004617191467073e+00
-2.742657341503885071e+00 8.953116231705829375e-02 -2.497012019704647479e+00
-2.295279663753702071e+00 -2.532822459588075859e+01 1.050517051320430273e+00
4.966807871311616829e+00 -6.255357691917843077e+00 5.915300508782846300e+00
1.703537609042857115e+00 5.004604026533577832e-01 2.612047947484351429e+00
8.344133834074051848e+00 9.523626197472532695e+00 -1.053808247834817635e+01
-5.750707614770548481e+00 -9.932808496907014062e-01 -1.099196792646964305e+01
-3.901042124074481254e+00 6.068875582567399007e+00 2.814692116835117552e+00
-9.264133222180761962e+00 2.006616795869787584e+00 -1.320533044656637012e+00
5.890671626936916816e+00 5.609045965186731486e+00 -1.481431769276968513e+00
-4.989028764796523241e+00 6.676577289888965261e+00 5.780013150167755853e+00
1.433147731941689251e+01 4.527466546787404233e+00 1.153319341632271211e+01
4.073517415907390138e+00 -5.107910003757917927e+00 -7.449405685413348799e+00
4.439801751000197610e-02 -9.357751570863584334e+00 -1.178331449594854918e+00
4.614654462617501229e-01 8.767188489709103472e-01 6.282521033430550794e+00
-7.697023488424012072e+00 -4.078553392652930931e+00 4.116487308348713015e+00
1.988774105828382766e+00 -1.943602989064123987e+00 4.566948663591290369e+00
2.577591862970333381e+00 7.214178154978454494e+00 -3.494943026332031355e+00
1.260003383191163273e+01 8.181934575542380017e+00 -2.262633764012125237e+00
7.612407938086613868e+00 -2.841203903021751298e+00 -7.885693060075753102e+00
-8.888869334326100491e-01 -7.890322448464633709e+00 -3.054720703713543983e+00
-1.174382050629376284e+00 1.063198454330223974e+01 -4.059862700301867910e+00
7.846145330416239183e+00 3.550900149816740292e+00 2.098046532279665755e+00
-6.117308671198894210e+00 -3.632587211312952591e-01 -4.126855941286216911e+00
7.604154319948947638e+00 3.381901369712637884e+00 6.107585578806641102e+00
-2.153728468355527781e+00 1.306749218045286476e+01 -2.021794612392869173e+00
-7.766865876282680325e+00 -5.210128004181421524e+00 -3.772459684580171668e+00
-3.997990322844537481e+00 5.727496624868476438e+00 -9.155899681215717845e-02
-5.594424473524672869e+00 8.209098450774201083e+00 -7.008450256862017724e+00
2.402011534521413694e+00 -3.095558469451039407e+00 4.018705425257889985e+00
-9.777725038922321588e+00 -5.736392504014661498e+00 -7.633980882880066154e+00
-1.694324164614653627e+00 5.342294012165657691e+00 6.430267269187783796e+00
-1.438221172097431610e+00 -6.194816169783750048e+00 -1.055511833350966100e+01
8.286093953607920781e+00 -1.150187556055950644e+01 1.578677017152888062e+01
-5.522562369331280863e+00 8.324386263707749478e+00 -4.481943097644137453e+00
-1.200644082108869526e+01 1.349875301693505669e+01 -2.340121915726764090e+00
2.345084325998014307e+00 -2.896979846337250919e+00 -2.660267822682750527e+00
-1.092852819127516861e+00 -5.145234751261026140e+00 -6.220453057529782281e-01
7.104770528116288730e-01 -6.546479357444765945e+00 4.248717591817707806e+00
1.455128910458086899e+00 -4.242973041036872672e+00 -3.886707934221285132e+00
1.014130977248775523e+01 1.874458151539656336e+00 -7.635992399161703581e+00
5.381030026670916122e+00 4.786889708097233354e-01 5.577310587475118098e+00
-3.824141053075698071e+00 1.287388896035125407e+00 -6.019367317008447849e+00
-6.630963079079471356e+00 -2.398429168114033061e+00 -4.709654226082080619e+00
9.238650810509833278e+00 -1.046482527201066759e+01 -1.648629440616965480e+00
-7.239747548874597705e-01 1.359762573976919064e+01 -7.072639858519893075e+00
-1.686754780191888292e+00 1.005344908016938987e+01 -1.289550710623652563e+01
1.097317335749911571e+01 -4.719524930183696121e+00 3.850174372735479356e+00
1.293747555721084908e+00 -5.797523375081047092e+00 6.257006931206786859e+00
-4.232201492922570196e+00 1.207338674892790742e+01 -9.149706012001370681e+00
1.475536959936898818e+00 4.828496030969811059e+00 -1.266493464825600102e+00
1.890560234553637198e+00 1.070526450253986894e+01 5.356006799738469715e-01
-9.415984877692064714e+00 3.029828425594903063e+00 4.573449267529668738e+00
-2.806791141486419505e+00 -4.645494670872555965e+00 -6.162230870349231004e+00
1.238017626312485575e+00 -8.552653455263222071e+00 -1.023821485678098886e-01
9.806956982707065507e+00 3.562723360189707478e+00 1.019865887875662480e+01
-5.621618381671050102e+00 -4.443322147005081213e+00 3.710290998079492475e+00
4.001569297734981490e+00 1.062954751702688938e+00 4.497724961809594468e+00
-1.355016970736868664e+00 -3.662469115286357102e+00 -7.565005633545062169e-01
-3.464189153127951393e+00 1.026127055180038106e+01 1.056578685313121824e+01
-1.497913888759902967e+01 3.276502839021807389e+00 -1.305703543540790079e+01
-5.210314313557740107e+00 -1.956439712968657263e+00 -9.963197635998488622e+00
1.118630084791553081e+01 -4.272358106628246333e+00 -5.219297678314248401e+00
-5.670407981023302568e+00 1.494585848278890872e+01 -2.880155233093892431e+00
4.993644313415202873e+00 7.331242231500472606e+00 6.057068818297667967e+00
-4.358460119144554668e+00 -1.378110975510327130e+01 -1.576247354149548974e+00
-1.237560343476630242e+00 -9.577219133785083827e+00 -1.604333290338517060e+01
-5.222242226051632130e+00 -7.941101657770046174e+00 -7.113057016560803802e+00
-2.758802070007853935e+00 5.030302032875026086e+00 -1.529517131501875626e+00
-8.611274762941079075e+00 9.852327027198105824e+00 -1.376170367014933893e+00
1.588566381047661791e+00 -5.408471632130641638e+00 -5.960701561124835735e+00
8.087802783284219643e+00 7.687435704093433131e+00 -1.063828819187590113e+01
7.832454416894113258e+00 -1.381017571818914380e+00 -1.329867447503242417e+01
6.383116010303717669e-01 8.798188896547362248e+00 3.264639312854145992e+00
9.719192133389227273e-01 1.241000152972843829e+00 -5.163841423853456014e+00
1.827765346800230173e+00 9.735233506797309033e+00 1.271056772568575299e+00
3.534923493198141475e+00 -6.019182122709296756e+00 -4.114660027335753867e+00
1.199258843217447801e+00 -1.011820972174092859e+01 1.398164189897842569e+01
-1.714246311446994131e+00 5.843697338914899397e+00 6.746640342517269850e+00
7.404091497716002168e-01 -6.990442759750433943e+00 8.146264068388921586e+00
5.149093744749092316e+00 1.359643188850171658e+00 -4.107384372735798372e+00
6.550784187722037188e+00 2.116611944555102376e+00 -7.537030496829441262e+00
6.161282789318934805e-01 -4.369343487005186710e-01 -1.128812429052339539e+01
-6.552246477896970234e+00 -2.684084205690174141e+00 -1.148471557172975999e+01
-4.627163019769006347e+00 1.111378297956354544e+01 -7.530255974960735621e+00
-8.130014873746771897e+00 -5.723915259723320936e+00 -7.863082837949934678e+00
6.213853632129046289e+00 9.253370123390951107e+00 -1.166856812980437530e+00
-6.466696919637039187e+00 1.545288619557310561e+01 1.931408685272626435e+00
7.281325591698313282e+00 -2.790830248683353165e+00 7.337477241389967375e+00
-4.630332639448914378e+00 -1.138363750282489928e+00 1.078333538952548487e+01
1.840189459058295007e+00 8.928914527072748797e+00 -2.421170424548448441e+00
-2.409887900745245837e+00 -8.277439080870446775e-01 -3.563075133181037302e+00
-2.615779080529559764e+00 1.342847791922962308e+01 -1.115372807582104997e+01
1.390785172859328789e+00 -8.222656622069976606e+00 -4.032672131933386694e+00
-3.233478862136012655e+00 -3.263064240886272671e+00 4.185737882416314115e-02
-6.282126850314540434e+00 -9.725589831445834221e+00 1.768166413844140195e+01
1.607147125582769931e+01 9.775273000911948174e+00 -8.072140241418438222e+00
-1.263089999772655858e+01 -4.223034105549830386e+00 -4.323378660899811265e+00
-8.981492158424877914e+00 -5.973259698360496195e+00 4.713926467864038017e+00
-1.013344138695529750e+01 -7.100594262261305190e+00 -6.106551309103864789e-01
-8.896649726772468014e+00 -4.629116571214130005e+00 4.274186659067282790e+00
7.138219452043338187e+00 1.250618902489609852e+01 4.689408348444963792e+00
2.185913725125828933e+00 1.504372304386010306e+01 3.105624362339943989e+00
5.152206634804798568e+00 -8.693205659535305774e-01 3.205317637533439346e+00
2.061905890094824501e-01 -5.952760333215128874e+00 -1.789147466154521471e+00
1.170261288189855975e+01 -2.089251406168262992e+00 -6.972847853985522981e+00
8.092663712061014536e+00 3.712778741093178070e+00 -3.646474582326771241e+00
1.256921644522663151e+01 -4.066191550544693417e-02 -1.097328745376118242e+01
8.629710145081091355e+00 9.781748339646985091e-01 6.533881663828893238e+00
9.772847303097462301e+00 7.297883798558325807e+00 1.863036335442234304e+01
-8.925520114730014498e+00 -2.866263311513885803e+00 -9.003271849091390777e+00
-9.602559250903257571e-01 -4.574294680959449799e+00 -3.251853814988756586e+00
7.871719555737914931e+00 2.805943809989060345e+00 8.670864630849891341e+00
-4.220169248175160703e+00 1.374898941316870404e+00 1.626013268136497603e+00
2.682390683935266473e+00 -4.000494517060206867e+00 1.599383495847978565e-01
-7.580399515677979316e+00 1.075161410434527287e+00 -1.355192950223535586e+00
-8.989757453541631804e+00 -6.029817894891928987e+00 5.138325573177631167e-01
8.137946269560750068e+00 -8.854791279143555016e+00 -8.083233210668106850e+00
-2.353023649922779903e+00 3.389379166696845580e+00 2.220381692785510008e+00
5.588654211806951544e+00 -4.961859662327811726e+00 4.835270589722123979e+00
-2.873804952790449008e+00 -7.840598338806318068e+00 -3.536476332949333390e+00
-1.026081175266717160e+01 1.095190545851145814e+01 1.532636924070969719e+01
3.600768708984143807e+00 4.518279992957180413e-02 1.276124211177370960e+00
7.030266569049540948e+00 7.226854708659455895e+00 -2.670669872673231637e+00
-4.880747938287334442e+00 1.935585686093220570e+00 -1.356689555884341480e+01
-1.445822996393714366e+00 -2.327291733339174051e+00 -6.231986737070705829e+00
-1.308938952051131199e+00 -7.638181191889653610e-01 1.052861313092031637e+01
-2.785616798710645714e+00 3.747580489661584746e+00 -1.165392703700068644e+01
4.629628545628042602e+00 -5.824737711824191422e+00 1.246984867796677854e+01
-7.036201824957614370e+00 -1.438524743406816464e+00 -1.325456651882931070e+01
-7.386294872259970390e+00 1.924626414595001833e+00 -6.527325380327647864e+00
-6.913014747626452738e+00 6.971630814159434086e-01 -6.724356360232371266e+00
1.268697415191681088e+01 -8.110843869451803911e+00 1.153245156914663561e+01
-5.149768544891252908e+00 -6.500056133842497808e+00 4.781262883321493740e-02
3.666057309296907873e-01 9.096501167318905345e+00 -8.186095370367656443e+00
-1.299484938321524119e+01 -6.002600443070914338e+00 -3.075535087067660989e+00
-9.096749702833914597e+00 -8.076425100322000006e+00 -4.589098811097459318e+00
-1.423088767455023529e+01 -8.396220264757209506e+00 1.085557329767079082e+01
-9.467731265690261466e+00 7.804357858881968646e+00 -8.276750829724534020e-01
6.635689316575646757e+00 2.154735842045438776e+00 4.742458460528331088e+00
-9.351684860491660700e+00 -6.888909947667366529e-01 8.691231366156446647e-01
-1.218967357550626573e+01 -1.341694119517118544e+01 7.358191170341504161e+00
2.821110674999213752e-01 -2.076375841006919298e+00 -9.189213860765736708e-02
-1.053788197184495523e+01 -4.465924560034257418e+00 3.154828203653197161e+00
5.853112744059016492e+00 -1.956393730089600047e-01 -1.687419709648522925e+01
5.441397187979553074e+00 -4.507401170428008363e+00 -7.094499287500714679e+00
1.130728335422371167e+01 -1.483232025956179712e+01 2.243702562737383222e+00
-1.187133300852818962e+01 6.441491013451866365e+00 2.653669560091010293e+00
3.925624376709048402e+00 1.493700975360122252e+00 -9.090089566111357655e+00
1.962554096296675654e+00 -1.751801314671067145e+00 2.026164986040485871e+01
-4.463717832661093787e+00 -9.001415993997751386e+00 -1.127106052008675086e+01
-1.289436869649576600e+00 1.099754296268708353e+00 2.593916760433800928e+00
1.356858315699873252e+01 5.201545858512365506e+00 -1.271478624358023879e+01
4.122844241256392372e+00 4.267734215906341610e+00 -1.039514382583215824e+00
7.555461613608990490e+00 3.264692788212363084e+00 5.085637456246397292e+00
-5.937138444104439472e+00 -3.990088698314489424e+00 1.103438705501733175e+01
5.631155470767637006e+00 -3.719715011105284130e+00 1.057228496035731524e+01
6.576171740756318940e+00 -4.009752647114614099e+00 8.308516369563175630e+00
1.166025688821952899e+00 5.561969000189819212e-01 -2.753643784663639682e+00
-5.779942879987720161e+00 7.294648096537004633e+00 -1.372222335292890838e+00
6.333246886246712393e+00 -3.096956806391277350e+00 -1.829814683478203086e-01
-8.715979502426399961e+00 -1.650152300154835938e+00 -5.074864677693815551e+00
4.686313314002999775e+00 -7.453841520240100493e+00 8.278702084668628558e+00
1.906455999783119637e+00 -2.008558095019824208e+01 -5.922992771966219649e+00
-6.643772355062906421e+00 -4.489075522759571890e-01 -4.268329635844139602e+00
1.323774804906942215e+01 -1.220891645250019941e+01 -4.550946952735030138e+00
-8.180723881161384270e+00 -9.650069562993158101e+00 -6.401880118806434261e+00
8.859035080719587896e+00 -1.981308141895450126e+00 -6.102588815732600258e-01
1.253152781303014152e+01 -1.466188294929453662e+01 8.102650470247715120e+00
6.395221962660505355e+00 9.728548424953029183e+00 -4.957918640729784165e+00
4.051218416383280951e-01 -2.112309387088320278e+00 1.569674973744822921e+01
7.284954584882521456e-01 -1.060371362730645295e+01 -1.639120688020105376e+01
1.117086270229632916e+00 2.548026186669151372e+00 3.858609654862280802e+00
2.952292294639717429e+00 6.729510034958089193e+00 4.393258119376879378e+00
1.262254934184817756e+01 -1.073845653984786708e+01 -1.342795142019314447e+01
-3.208078799783056212e+00 -5.414233787813926391e+00 -6.689419238581298721e+00
1.279407103159891479e+00 2.202318271495828095e-01 4.620114691696017850e+00
1.012928241987643752e+00 -2.244753396650212007e+00 -2.047556362729123780e-01
4.537186401154507109e+00 7.617755875644810493e-01 -3.301868934067808237e+00
4.834597914270875485e+00 -9.895033823619587832e-01 1.728453383996121673e+01
-1.314423493066911774e+01 6.380477923690237141e+00 -7.594686301753811541e+00
-1.292140872584182532e+00 7.557847833983218078e-02 6.355051907417306190e+00
7.212127493195202632e+00 1.269533641457723228e+01 6.833936186137126167e-01
1.514189225549345652e+00 1.915230313423460728e+01 -4.168189292828707870e+00
1.162791710386124677e+01 -1.085549860451799198e+01 -4.461249572738012148e+00
-1.354102915749090386e+01 9.421325585030393412e+00 4.080691379599897139e+00
7.956396640736015380e-01 6.627501865958160820e+00 4.935005636319838906e+00
-1.187920842841541369e-01 -1.445637028728416418e+01 -2.659836353557119004e+00
4.722772340262268095e-03 9.578516201414629450e+00 -2.514895915934783233e+00
3.886242617117569020e-01 7.559101615012013831e+00 9.946984535106723868e+00
9.597310715784722390e+00 6.863723313040048346e+00 9.785946727475840490e+00
-5.238081194195324919e+00 1.880195840559995002e+00 5.776097969334145432e+00
-4.716623961502104834e+00 7.952668526983347697e+00 -3.504536587726788888e+00
-2.514538308466498862e+01 3.018663489383996978e+00 -1.866126355452276897e+00
-7.997021942305923004e-01 -4.082577495392277100e+00 -1.141114748258832279e+01
-4.754572535137928213e+00 2.234601874635282759e-01 -3.713731516989607684e+00
-1.228721042690339660e+00 -1.577865892779294654e+01 -8.358794560142237984e+00
-5.435622766632801195e+00 3.209356172536310114e-01 1.168756594426208117e+01
8.686209689136884293e+00 -1.065333150166392429e+01 -4.295094707780069854e+00
-7.568672909211083821e-01 8.125692924407760254e-01 -1.571178248982580072e+01
7.558991248620668735e+00 -8.570239595685258394e+00 -3.928126456456143334e+00
3.176795765653418258e+00 -8.066250763678295854e+00 4.374374457024601703e+00
-8.095668219507835772e+00 9.928274592787305508e+00 7.965983041026603928e+00
-3.466854304395772690e+00 3.908895795734918632e+00 -1.713887686740847460e+00
-9.904769340984131532e+00 4.459766469402878464e+00 7.523452322734105913e+00
6.842242502546249661e+00 -3.119258313886115630e+00 -3.136272960013320343e+00
-8.934998717684444758e-01 -1.010483915578911684e+01 4.012711298452057207e+00
-5.693964335674096544e-01 -3.422866671841103603e+00 -3.780278920485361294e+00
1.643699382477758208e-01 -3.387276490468150048e+00 3.423101696765273427e+00
8.317634558905854902e+00 1.690226760305522991e+00 -5.446178792976339444e+00
-1.765404293254778434e+00 -3.640733237578121173e+00 -5.768077415953055898e+00
1.683718308145159881e+00 6.709258420527733691e+00 9.725250139641271829e+00
-4.376383091887840138e+00 7.787494262255130195e+00 3.287072328871355698e+00
-6.584130683814326090e+00 1.263367576248806046e+01 -1.128591331862664404e+01
-7.461368300897580852e+00 -6.309526530448408721e+00 -4.027583826125538558e+00
-2.020769087775489936e+01 1.486144173065175433e+00 5.002847556071385426e+00
1.194962317800754370e+01 -1.150368063341946190e+01 -3.326236365851659382e+00
-2.655150409172017667e-02 -7.512726727545426364e+00 5.595494018011171633e+00
5.179318743742855169e+00 6.495773381517783385e+00 2.915973627759604003e+00
2.656200142118457119e+00 -2.415292412944709088e+00 2.271968251021205809e+00
-1.940071782811664391e+01 2.019125681116010540e+00 -1.305319315976695016e+01
4.429551060909088456e+00 2.208598726182202654e+00 1.430444103581464255e+01
8.992863614795263416e+00 -1.562763441789233632e+01 3.674830681217787554e+00
1.047384737865100313e+01 1.251940145316625952e-01 7.429219257689640976e+00
-3.250067207734809394e+00 -2.206652547839321965e+00 4.787239994926794751e+00
-5.502389792305286242e+00 1.213647565325661315e+00 -3.372781803841305326e+00
8.102762905544684813e+00 1.025341709834072823e+01 -9.084383478569680648e+00
2.805985111917545627e+00 -1.401629655896831039e+01 -6.709867510882018271e-01
-3.928733036846351556e+00 -3.471518651288693746e+00 -9.093523914610188719e-01
-1.141177318455034140e+01 1.052148946582433098e+01 -9.798066162219125630e+00
-3.124840171151979540e+00 2.129726488455714328e+00 -4.895008000382817137e+00
-2.465091622965630336e+00 -8.386669910630009994e+00 8.889267214388744121e-01
3.710146117975556823e+00 -1.520893365015854393e+01 9.295486474974870017e-01
6.993988794548243959e+00 1.569368944189931225e+00 -1.071218745751052914e+01
3.495589504144028581e+00 -5.788445636078292544e+00 1.224593298376639972e+01
9.041045455376428563e-01 -2.160035293900855358e+00 8.439206335615033083e+00
1.937147366351550382e-01 -8.188688245555761469e+00 6.038747395400728912e+00
-1.139075197122785821e-01 9.219057026284826151e+00 -6.835789374435199406e+00
2.237347191881913666e+00 -9.612162907758159847e+00 5.170217858101988639e-01
4.969278500300666757e+00 9.093092512923851345e+00 1.304953284628281729e+01
2.801779827885476859e+00 1.130045771320255454e+01 7.691282038661886311e+00
-5.442842457242539567e+00 6.147986805373846231e-01 5.073245992507194657e+00
-1.628602056085400207e+00 -1.674288017222079761e-01 1.066724166220270753e+01
-1.743675668544430835e+01 4.532947103235195563e+00 -3.538429501934781563e+00
6.407096481383552700e+00 -3.714492002437153939e+00 -3.014885065738447611e+00
-1.122108415433240047e+01 3.564851444782192846e+00 -1.539293212628746854e+00
2.740031969294568714e+00 -3.718949481964750059e-01 4.671153197538918000e+00
1.683761055868589152e+00 5.995801290000894568e+00 1.416141570798075655e+01
-5.889548900174411017e+00 -5.737303407711777048e+00 3.437725360953435949e+00
1.457469521603774298e+00 3.270046986682318413e-01 -1.026702660803483214e-01
-1.693765491341932661e+00 -1.596582575876136723e+01 -6.084656147370265167e+00
-7.922162062779000813e+00 -9.006564359740645842e-02 -6.149298597518972898e+00
2.350014995396284334e+00 1.107011932346298799e+00 4.447170846677382272e+00
2.162692178201003568e+00 -4.448301680553415238e+00 3.356630675358361682e+00
1.067017923696856485e+01 -9.323100354950629054e+00 6.830500906230861702e+00
1.753995885902866592e+00 -1.043549989629477259e-01 6.736578362736521441e+00
-3.800116578739229922e-01 -2.289948762523299930e+00 -2.557156269663421799e+00
2.902746926090238877e-01 -8.601439332428896023e+00 -5.183740587113431886e+00
-6.731434440102791683e+00 -7.001708215468630314e+00 3.365108720136981368e+00
-4.654459154711522828e+00 2.533339580817319803e+00 -1.456294663897087283e+00
-1.426370021406537525e+01 -1.755630836895796909e+00 -7.318373144823003829e-01
-9.296875039843259358e+00 1.289593016030470718e+00 -4.111650507456703352e+00
7.190426631494278631e+00 1.539891983539535758e+01 4.133231341514678192e+00
6.815293403203257938e+00 -9.118150546727077810e+00 -1.131145050897056914e-01
3.829496914037311850e+00 2.026722884689953474e+01 -4.644641235054750794e+00
-5.695946471361903463e+00 -2.826705910371692720e+00 -8.213628950683144581e+00
1.563686149986001084e+00 9.967015130963329250e-01 3.823558447516733239e+00
-8.558096445063682056e-01 4.040701200115419667e+00 -1.909321460247376256e+00
3.993110691720848315e+00 -6.357309162699882776e+00 -3.802826071687057802e-02
-1.452620207822670761e-01 4.630138663825073664e+00 2.039738206383333807e+00
5.854323700397981334e+00 -3.112751668706792874e+00 6.742997061500197731e+00
4.793742392101202121e+00 -8.291465159146344632e+00 -2.877681846559823509e+00
8.314906300397714389e+00 -7.868243517311256596e+00 5.706861566306819178e+00
-5.095385743736616568e+00 1.021573493026741808e+01 1.695878505075543430e+01
-4.783929622425092121e-01 -3.536319117165251491e+00 1.026424196258289534e+01
-3.474285764646704577e-01 -1.157617085752729480e+01 -4.935086321648166852e+00
-1.129160500707605541e+00 1.670732506722863109e+00 -1.906998896708458791e+00
-3.331256094818013214e+00 1.781285547888986187e+01 -1.386292413423909053e+01
-3.324937627273810481e+00 -6.508187448236586903e+00 7.444764894748372441e+00
-2.897878320638199057e+00 2.210606747870046007e+01 1.012003360525158158e+01
-4.020404634420604140e+00 -2.529229182568792034e+00 8.275731838903531923e+00
1.179732329613707620e+01 -8.870171426861169550e+00 4.585723179087984214e+00
3.689848802875667300e+00 3.946311832485769777e+00 4.673383934425738850e+00
-4.359373992309529267e-01 4.214337992427038770e+00 -1.475150562329152848e+01
-2.116765254983621958e+01 -5.609066032509115729e+00 7.045818660918554688e-01
-2.152864334523759915e+00 -9.329585760271822181e+00 1.084800704938656146e+01
-8.980739488299944284e+00 -1.337667584988197378e+00 8.388189839558091165e+00
-4.390058976277254388e+00 -4.935899202613773795e+00 4.426526469019907317e+00
-8.174233236229239141e-01 -1.374503944343452133e+00 -8.215530214283434773e+00
4.682126984757509547e+00 6.189819774658746887e+00 2.002035463192052556e-01
1.135459625021317542e+01 5.516661493591951348e+00 3.329502496856651561e+00
-1.037724490674226452e+01 1.173782711056794348e+01 5.870153837630509130e+00
7.335913708724270954e+00 -5.781143207093664138e+00 7.522328872598621707e+00
1.450045259622250837e+00 -1.803575019946929148e+00 -3.198132106851402368e-01
4.932012314316629897e+00 -1.321549540726227434e+01 -4.018362617209643162e+00
-6.840874178425019991e+00 6.684600937359498340e-01 -1.347705891784447552e+00
-6.782603996245903488e+00 -3.896168328376143908e+00 2.591730291166090439e+00
-3.910657971716759856e-02 4.431443790316039077e+00 -2.795880568935496413e+00
-4.653634533602892809e+00 4.174826073222772216e+00 1.113980224100300553e+01
5.385259108729209210e+00 2.319152714266487170e+00 2.289599951204325468e+00
1.554532686067973790e+00 4.769365466348369331e+00 -2.272708572976990027e+01
3.311565411540658754e+00 -7.932999228368117883e+00 -8.124606377100976218e+00
3.158365041035802179e+00 2.322008707044676878e+00 -3.013318497098191884e+00
-7.965418471057339467e+00 2.343604645332836078e+00 -1.603436686081735729e+00
9.847083875602155700e+00 -4.635904529702654375e-02 2.482772994915529274e+00
2.109915685604093483e+00 4.867782948534301823e+00 -3.369531737138604655e+00
3.925926392540950882e+00 -1.640784286764871425e-01 -1.670959786147567572e+00
4.468118451122001789e-01 9.354054044615477181e+00 5.478617056689328635e+00
5.100293497860391767e+00 1.152226954262727254e+00 -1.945904059740928727e+00
1.529919443091021236e+00 -2.603977012323796636e+00 2.476365831624956215e-01
8.496906954639344534e+00 -1.326907893712876252e+01 5.847164508886443457e+00
-3.379064040145948411e+00 1.230100852653585974e+01 -5.125359482404717504e+00
1.897928398075855894e+00 1.370867786537625400e-02 1.240541980531414401e+00
-8.147748395949962585e+00 -1.133703530594754127e+01 -9.022723315260421373e+00
-1.618897543421711882e+00 2.017737636392553657e+00 2.921699203496700648e+00
-7.881199900673885317e+00 1.535521472321967673e+00 1.044489674738211349e+01
-4.312582179026935414e+00 -6.294978823934430423e+00 5.994208025874225854e-01
-1.125393064524953024e+00 -1.728548075543065998e-01 1.020077507390318994e-01
7.634406250473586120e+00 -1.369467543906822549e+01 7.969350834484887791e+00
-3.480071477048991557e+00 -3.830840776758476895e+00 8.583307456285953485e-01
2.719715319751180527e+00 9.397532648653514897e+00 -4.573155546581586073e+00
-5.064420653859571554e-03 8.348189960864919712e+00 3.518685325030503463e+00
6.568981907237529505e+00 1.231658941943438057e+00 4.252399765664188536e+00
-8.311254636068927226e+00 9.255247352194535537e+00 1.136369488884432011e+00
-5.927351300126423972e+00 -2.344626811488033535e+00 -9.276168517300387162e-01
5.416006997579231097e+00 -2.065298957705824723e+00 -9.656176626892243320e+00
-2.143535373372316144e+00 -8.430422575122609175e+00 -8.953839448463225992e+00
-1.212679161469403333e+01 2.597087416432154239e+00 -7.522746881841162470e-01
6.458271242234244758e-01 -2.463454018618325581e+00 1.218628505960727360e+01
-1.300209023820030341e+00 -4.619944348511846322e+00 1.425689083748448560e+01
-1.284453341229080436e+01 8.151972281441430823e+00 -2.444866548803785289e+00
1.064144249157717503e+01 -3.613622793882785178e+00 1.156855395958170440e+01
1.145743570142211709e+01 -9.913631028779470000e+00 -8.585532084085093274e+00
-5.826232129659767445e+00 -8.228651955076390578e+00 -6.160281969506533173e+00
-6.772056432922028968e+00 -1.473145421577810366e+00 5.542309222057507867e+00
-3.216381982915910154e+00 -3.236084978509440990e+00 1.727204595376693463e+00
1.107936676851884705e+01 -1.478744464765519595e+01 4.501866511340705479e+00
-8.129876169805804409e+00 -9.246201576162590641e+00 -5.535099466795685430e+00
1.874353587279014466e+00 5.773211161281063042e+00 -8.112654624595689867e+00
-1.419693760395783544e+00 1.830084667961744960e-01 -5.728928745809433565e+00
1.263732957774493348e+00 -7.691916422781202911e+00 7.421584720007153857e-01
2.422921767492482203e+01 1.403260643778165173e+00 1.568427402901298562e+00
-1.110898388935562586e+01 1.578641280324162011e-01 1.611668778660490275e+01
1.370378049862637448e+00 1.605470721394534062e+00 -8.027542488025133594e+00
4.030994568685336787e+00 -4.116054734214493749e+00 -9.759734049088759633e+00
-9.758663904865649386e+00 -1.131935991253448393e+01 -7.867532814446407841e+00
4.950545033072003775e+00 4.902291369877746163e+00 5.499635195940024701e+00
2.944472236318818048e+00 2.410008048557251564e-02 -1.700573743356705236e+01
-7.685936717718738542e+00 -3.379193254890967335e+00 -1.059062481323668647e+00
-7.679842624548717467e+00 -1.771943494145391185e+01 7.255957656695859015e+00
1.942361002676550896e+01 3.254209558560236193e+00 6.979411276333168601e+00
2.142511876014400851e+00 -1.273516161676773617e+00 -8.191842127185422484e+00
-6.487386988074778094e-01 8.092395261522298711e+00 8.879706351539926601e+00
-3.607815781842139469e+00 -2.489218956047189124e+01 1.000393563137659214e+01
-7.969588328396273624e+00 7.813012820889363219e+00 3.540177159079253677e+00
1.038995273858542312e+01 -8.380066969466639648e+00 -4.213498676838784540e+00
-4.923325563940930572e+00 3.864747403679027027e+00 -7.798097241286234826e+00
-8.734562486665596870e-01 1.175234216208439442e+01 7.420942948160304198e+00
1.550573453786679989e-01 -6.048603111383491715e+00 6.743894495724833682e+00
5.619705861701184135e-01 -7.097883632803477560e+00 5.857407527867156460e+00
-3.017690180324714699e+00 2.124573071339346253e+00 -2.155806618432087429e+00
-6.688251796493633883e+00 -3.846247215044925394e+00 7.503679940905093604e-01
2.154957901004197929e+00 9.383385244532336245e+00 8.631126848342940860e+00
-4.061578125573557685e+00 -4.286373453452999804e+00 -3.076804205105414525e+00
6.576212766152850442e+00 -1.152352798706504977e+00 -5.109443535084263743e+00
-4.777480118187280134e+00 5.817458098319752580e+00 1.543513077811788570e+01
-2.923714125880100045e+00 -9.418673294546316299e+00 3.981824522927935206e+00
6.498009539204259610e+00 1.129542754051594677e+01 5.072003584485494265e+00
2.247700862471731786e-01 -3.879566677365987815e+00 1.739323090213196421e+00
-4.649119118273087103e+00 4.257945951985302457e+00 1.027923476445993600e+01
1.493148578283850725e+01 2.396459756378264139e+00 -1.395683018880823312e+01
5.156580299849755633e+00 -1.421484913385808957e+00 5.437783735085831793e+00
-7.570666162683890477e+00 1.012575838598309685e-01 6.814235912497395020e+00
4.199467408369569887e-01 -2.474734696288572344e+00 -1.545654214082442479e+01
-5.938045294814808805e-01 5.081909488885193227e+00 3.052197484900209812e+00
6.848643314852862929e+00 5.299389318421313000e+00 -4.608438514288033083e+00
-4.244576958328465821e+00 -1.306760064147130684e+01 -7.887898050196276323e+00
-6.733930149107195007e+00 4.702804561108766102e+00 -5.022320475599846290e+00
-1.514599386428566064e+00 1.581326726675477357e+00 -6.903074109315054052e+00
-5.016152122602091978e+00 3.806345114231867388e+00 9.900832712109771450e+00
-7.875593835960055245e-01 9.850352204228548514e-01 -1.003169957264868550e+01
-8.033033216128584897e+00 -1.354007262991346217e+00 8.583273144645230390e-01
-3.554055785807516354e+00 2.692185605457167452e-01 -7.696590934513252158e+00
-1.731012808458525232e+00 -1.678466707078225184e+01 8.606074896740551594e+00
3.786491585004803095e+00 3.070045979794690183e+00 -5.049497352540972539e-01
-1.590680553035001310e+01 3.669992548044314518e+00 -8.786864857550957808e+00
-7.644134554139863091e+00 8.089830792427060047e+00 2.336035936446839933e+00
-1.089518281050144005e-01 2.622424497257280329e+00 2.611517424061606807e+00
-1.543469083076493931e+01 1.301750273977024530e-01 -2.435514156855842494e+00
7.786157951975006597e+00 8.655660312832281988e+00 7.905779029191585927e+00
-1.694872207020174937e+00 -9.969688593012977051e+00 -1.554220133542009386e+01
-9.432160935986567907e+00 1.071331850089919158e+01 9.577790568228902401e+00
-4.317001836663139969e+00 5.338684178021634530e+00 1.665687818339470638e+01
-9.484909081379392148e+00 5.075952894174828423e+00 -6.308304677615966582e+00
1.271307693612571121e+01 -3.451462203406169493e+00 2.240657751947206400e+00
-1.207612402530298334e+00 -5.123677870831003567e+00 4.914401698210402181e+00
-5.885564587069058717e+00 -1.429432293367240980e+01 -1.639133503432413042e+00
2.965875103478428976e+00 1.018566151766099992e+01 -3.323153348288884867e+00
5.822105593385920486e+00 -1.291044594695153203e+00 -1.481076247614016239e+00
-2.705675236512632864e+00 4.360273992774552632e+00 -7.830400333491774667e+00
1.025496212572801902e+01 7.630484723304846728e-01 1.183762288674295959e+01
-3.892026552202440648e+00 1.188582668149898502e+01 1.020263195993998284e+00
8.238079254507089999e+00 -1.114103472781787646e-01 2.567749486001295711e+00
3.573463856264305960e+00 -1.169565579578179193e+00 2.091087090436254847e+00
9.150184971431877257e-01 -3.890532902364526091e+00 -3.472056122406924850e+00
1.663503286770504275e+01 1.038591149474220643e+01 6.764849539022347535e+00
6.211850460642078353e+00 1.406787513304971871e+00 6.740922233979056877e+00
-2.734103662074090391e+00 2.834396030611810335e+00 6.794159173863620893e+00
8.903638249658485382e-01 -6.742426188164705181e+00 -1.735186149906089881e+00
1.040512932260295820e+01 -2.572543846526077260e+00 1.014393627663466191e+00
4.056904145862342936e+00 -3.620413207499571850e+00 6.866177562185881378e+00
1.851352736423959700e+00 -6.888943572470541260e-03 -6.913517123598470704e+00
-9.459171607392022452e+00 -8.442443018257188569e+00 -1.325639241379005995e+01
-9.447220097948791917e+00 -3.014484246989398653e+00 1.291646268201084169e+01
-8.009783101406688033e+00 -1.016540240810846818e+00 1.170171054020646473e+01
-2.654793676087030097e+00 1.353041102105717375e+00 4.122186214064815779e+00
-1.004794176548018392e+01 -2.752753756404376362e-01 1.091194150509134886e+01
7.798523529227123774e+00 7.057244122617878368e+00 -8.930178633196302895e-01
-2.331450300689839050e+00 6.322765230020753080e+00 -4.583124743675548451e+00
-3.078260262610666764e+00 2.589808434431477568e+00 -9.406420713062153993e+00
-5.082709564596898488e+00 3.806939784166367247e+00 -2.107347450756340113e+00
1.810409554114115860e+00 -2.564419566609795087e+00 -9.525694974293750228e-01
2.414378345224486022e+00 3.637840679808975075e+00 -2.545655412261580985e-01
-1.629442967626561212e-02 -9.684640031356188672e+00 6.082976143867686147e+00
-9.330749680478843899e+00 -1.757499399760402481e+00 -1.990645522162428627e+00
-7.172455568032576778e+00 2.484688463364018496e+00 6.685528991166946433e+00
-9.179868751231521351e-01 -4.264709404999723397e+00 6.904019361269163324e-02
4.448209713033929091e+00 -3.863600254391671207e+00 -3.298976517463825253e+00
-5.851520740439641877e-01 4.024692707672842040e+00 -5.830601968774077548e+00
-5.291676611774094319e+00 -8.690135410706847807e+00 6.875746972520770939e+00
-4.306527011537422567e+00 2.769605770686759172e+00 -1.003682619629086448e+00
1.605308312819544270e+01 -7.235835775727251784e-01 2.178861098697422172e-01
-6.242907206039108203e+00 -5.294802136130807746e+00 -9.982848088332374914e+00
3.352733193013319291e+00 -6.422214160927251392e+00 -1.314020336783650400e+01
2.744443827058713481e+00 8.267478593470890758e+00 -6.258076850585072570e+00
4.455518147420565178e+00 -4.835819380025403014e+00 -8.211707225553393386e+00
4.076456821343372172e-01 -1.108793691671691128e+01 1.271070130884250249e+00
1.298633554544326385e+00 -6.234952982603614302e+00 -1.764769098360522426e+00
-6.407208487881029590e+00 4.636673881692384924e+00 -4.650993189705657116e+00
-1.157499704857948331e+01 1.483840028189631788e+00 -1.177564531639747969e+01
-3.688525173890746522e+00 1.694640333508664831e+00 5.658559447100032003e+00
1.325002054586315481e+01 -7.996286239047414313e+00 8.520887775776241568e+00
4.754296004683024601e-01 4.482234960642093924e+00 1.116394002659655449e+01
1.234086929678920530e+00 1.581437623118909119e+00 5.239704692578079914e+00
-2.392659027445591224e+00 5.834879774314730483e+00 8.651459821539265960e+00
5.993647378448712537e+00 1.318397617152628953e+01 1.226320862983018323e+01
2.140525414372301594e+00 -1.263397469355309966e+01 -3.441924680773949863e+00
7.303870335671627245e+00 2.990939558411533028e+00 5.744022898245339626e+00
2.421636761190859577e+00 -6.565007739025396027e+00 -1.221176011787131799e+01
-1.375488440388350497e+01 1.580406420226780018e+00 4.241719276961338991e+00
-1.011956760022955493e+01 -1.105818662769319971e+01 5.383302337864110498e+00
4.863736953952852438e-01 -5.817780720640334025e+00 6.125628187525636648e+00
-4.507779819503552332e+00 -5.107088236527350666e+00 -9.580256814591395775e-01
-6.854218202698120876e+00 -3.718242264175492195e+00 -5.164196530526604434e+00
-5.201072706993967287e+00 -6.886191972657355720e+00 -1.714725883905719783e+01
-9.705110006033267567e+00 3.154253192993184296e+00 -1.856688007829708997e+00
3.118001790687850772e+00 5.363234115435579596e+00 -6.895527003727083826e-02
2.916432326876698511e+00 -8.769534474022451676e+00 -2.643625293496291384e+00
-3.402177645521432758e+00 -5.422192500166816309e+00 5.179605060805196892e+00
8.557274699740169410e+00 6.160225722509971469e+00 -1.115566345174822160e+01
1.282999996571554613e+00 -7.101195410593988733e+00 -9.623982054025962185e+00
-2.767977539163692491e+00 -1.482693670430827337e+00 -6.049432431080902894e+00
-1.017001777000942475e+01 -3.284666141450623744e+00 -5.551643051315021893e+00
-1.960117109766884580e+00 1.323779575802743835e+01 9.826348981039121355e+00
3.106726815906504097e-02 -7.283983106355265136e+00 -1.313448124098297143e+01
-6.268812222150971891e+00 2.180506771570040581e+00 -7.904326355540474580e+00
4.134590024452026391e+00 -1.060111974362620418e-01 1.337747842092162687e+00
-9.360710786295774355e+00 7.491252035761223560e+00 5.899904791073663723e+00
-5.438369965388906158e-01 1.494170224510106504e+00 -1.362683385703922445e+00
1.394475720287136344e-01 -5.126480915822789974e+00 6.447498577221880467e+00
1.909848782824761670e+00 8.023686737352177190e+00 3.903580214979416763e+00
1.187706578058569562e+01 -2.015082045278912215e+00 7.266696057005886722e+00
-7.128372661222651452e+00 -6.056478941131963722e+00 -9.747879741121520780e+00
6.030762646912691594e+00 4.386830722629490253e+00 2.666586325630849963e+00
3.850385386976321822e+00 2.979954570873791564e+00 4.168198815999931917e+00
-2.617864134041826052e+00 1.151285521856759431e+01 -6.786094802882919552e+00
-5.784132287762218105e+00 4.021436928781469078e+00 -3.735890659484801812e+00
7.539566848838390456e-01 2.974338563247653777e+00 -6.817805492983338489e+00
-4.406642413035327444e+00 3.384268752633464494e+00 -2.885051906665904831e+00
-1.094089271719959733e+01 -6.255658437186842669e+00 -3.980782917028991008e+00
-6.715867408920004777e+00 1.071823591155296240e+00 4.107269701939441298e+00
-1.638258990374426460e+00 8.096686788034065385e-01 2.775236130994455319e+00
2.388965623319488696e+00 -1.682811742278349243e+01 -6.945260629801320640e+00
4.086443911301706144e+00 1.305039989996606309e+00 2.965418971277892446e+00
1.450819612090681776e+00 6.997647907431398195e+00 1.472497861190586477e+01
-4.157004135826640301e+00 8.985946959241424281e+00 6.547508015473587406e+00
2.660525998998914066e+00 -6.437703408599700694e+00 3.158627386567767203e+00
8.423207104506721166e+00 -9.712649445352705690e-01 -5.302511780700194244e-01
-4.784834759953162098e-01 1.473488744150372343e+00 3.452411057690030760e-01
3.972793652079215310e+00 -2.370601006383946441e+00 1.087492090564606073e+01
8.507239695883306307e-01 6.783021028254630380e+00 5.425978101802935605e+00
-9.180742192986578232e+00 6.481133520277602145e+00 -3.230787937514779107e-01
-3.266375805385567155e+00 -7.265918144220337105e+00 8.912643553726345758e+00
-1.405184481478439551e+00 -2.713208020589206626e+00 -1.673438222341163684e+00
-7.804677110837473286e+00 -4.176854283592882355e-01 -4.689277430083835796e+00
3.839917282316306135e+00 5.386460399252036346e+00 -4.046531602194313848e+00
2.957662728020391096e+00 -5.975483885781479820e+00 -1.955778731838739848e+00
7.642460469556057845e+00 -5.305339847023737399e+00 2.864052028206689915e+00
-1.061721372549553877e+01 2.572151322970580800e+00 -3.767483383178733103e+00
-1.408058443723096409e-01 -9.625330679739857231e+00 7.200668177029358574e+00
2.710659765360742046e+00 -2.858857420426832885e+00 3.367484700667252362e+00
-2.397105304122726377e+00 -4.935846911371527312e+00 -7.466185275318109937e+00
-7.131019137006984643e+00 1.105501789438885440e+00 4.849366909542613513e+00
-4.437882840330588330e+00 3.874316814377777085e+00 1.621843841744535553e+01
-7.880691725510941659e+00 -3.429544411599395826e+00 3.628369543173102674e+00
-1.246237237087112248e+01 9.143047539467342943e+00 -1.216386619102061140e+00
-2.774336012658835671e+00 -1.581768432116033241e+00 1.355040247410556375e+01
2.765989257438323801e+00 -3.387515569927864956e+00 1.302216058880468541e+00
-6.911046690425169281e+00 4.922930978803531588e+00 9.891989875985675695e+00
1.333647042614277245e+00 3.517148362135411599e+00 -4.215655548706447320e+00
3.062992123706923753e+00 -1.616697331138395555e+01 9.127277111972119883e+00
4.044780941312869693e+00 2.708040535402413962e+00 -1.473116353600092232e+01
1.000866313348004688e+01 3.872876859102121205e+00 -1.306045671474972636e+00
1.236970561009994007e+01 -2.587619102556941164e-01 5.090118630826881763e+00
6.448823922635310346e+00 6.100318492094711331e+00 -1.657967157118414914e+00
5.599710188908859188e+00 1.274559253576516582e+01 7.351722596285717337e+00
-9.332357089130773886e-01 2.629689321940030244e-01 -2.003344525015287481e+00
-1.545177878148794903e+01 3.339745275984983497e+00 1.020135018661632564e+01
-3.811637945982177533e-01 -6.618918973263252070e+00 -5.301129848552069035e+00
3.924237100308022530e+00 2.186539632962768920e+01 3.229772902699447279e+00
-3.390735443380830549e+00 4.646709330379633407e+00 1.536191286665730438e+01
7.975055461571250781e+00 -4.379314510684341855e+00 1.078626768587125007e+01
4.519760226236593681e+00 5.889722222738212887e-01 4.136838459850771699e+00
-3.930140828121801988e-01 1.587265945893440033e+01 -3.411118796177197598e+00
1.397268403204643628e+00 8.729555902243751220e+00 -8.694779905521842878e+00
-8.467291714466971264e-01 2.157904733629815164e-01 8.013115209086572932e+00
-4.365923163986868083e+00 -8.703110707022764458e+00 -3.855053039113908397e+00
3.195169242489925843e+00 -1.312525119491289338e+01 -4.238025522476700502e+00
-1.111003718794641415e+01 -1.193410029734331168e+01 9.992735181924775389e+00
-1.362458843957619070e+00 6.549150891934829133e+00 -8.955203789078831633e+00
-8.494692026920077632e-01 6.464797559647051273e+00 -1.655677092448296506e+01
1.546905460110331276e+01 4.251697004625047960e+00 3.033036637820535564e+00
1.565472485143679648e+00 -1.339121629554731463e+00 2.912221988113190552e+00
9.152082036699946688e-01 -1.034844943028859987e+01 -8.667461471650506510e+00
4.287923936841061767e+00 -3.820180253746035870e+00 -3.284675421815506535e+00
4.398353460527468783e+00 -9.242303418372600277e+00 -4.145849499967030560e+00
4.356685988286784550e+00 2.855034145429548031e-01 9.615937626712289799e+00
-1.638407521707600623e+00 6.224663850049854119e+00 5.423807446775548158e+00
-8.337172858273113718e+00 3.023035564579942824e-01 6.704763370139860790e+00
-5.452397600930019017e+00 -4.130314399204271680e+00 -5.596754367083869752e+00
2.885222671036867581e+00 6.959368552703036670e+00 1.584604091149119220e+01
-7.006157357892671911e+00 -4.360000067209632846e+00 -3.524055150987637219e+00
-8.382086536782191288e+00 8.255047206896671819e-01 1.592139373655138801e+00
-7.292297975128920307e+00 5.487049676547059107e+00 8.103923762079583426e-01
7.681666210352530832e+00 -1.203333594349274005e+00 -4.971598464913228099e+00
-5.043266251147855428e+00 -3.131857503434030132e+00 -1.153324157849493048e+01
6.638160742648502755e+00 -8.504415862140406901e+00 -4.770472449467378695e+00
1.380722395235895661e+01 3.276788110345208338e+00 7.806200492545635861e+00
4.832667161605719297e-01 -1.949771794117763246e+00 1.225221696857956288e-01
5.098766012786538404e+00 -7.818793741878037329e-01 5.195549619590442703e+00
1.716225297535697969e+00 -1.073534635357654921e+00 7.510381611914920263e+00
-1.184107271679668827e+01 -1.232296424046726990e+01 1.920714811159241719e+01
6.005560911213913222e+00 -1.283071472464249041e+01 -5.400253204975523857e+00
-4.381097094069423270e-01 -5.073665114829453149e-01 3.499124672827671478e+00
-8.493693742541104541e+00 -6.460001593296514244e+00 4.532679747756174216e-01
-5.995948841381983030e+00 2.441972542305497207e-01 8.386047358977194222e+00
-5.301129446881365226e+00 4.884976149154130809e+00 -1.555256389933881245e+01
7.872919274165546266e-01 -1.543153964930399269e+01 5.534011565891822082e-01
2.357717179089623638e+00 4.739190644788560114e+00 4.202941158273040934e+00
-5.563560261427244136e+00 8.291461438491944946e+00 -1.857572023989448651e+00
4.500016290491993587e+00 9.655137865970537803e+00 -1.030521374384309752e+01
-2.573470553345913014e+00 7.799512056951529715e+00 -1.352722978413844368e+00
-9.237357476161149883e-01 -2.739983888096467091e+00 -7.585326283399496106e-02
7.701797183076101172e-01 -5.995364233211994964e+00 4.865315363880561961e+00
1.401670251623940544e+00 4.001767990811123887e+00 2.220463346038357599e+00
-1.265634088045823979e+01 -4.359803660158699579e+00 8.181886162515578320e+00
-3.772477109492920810e+00 -2.364312358114287971e+00 1.221481381082543338e+00
3.619144410561644154e+00 1.320228621026765081e+00 -6.593159617188708133e+00
-1.552939329987758299e+00 4.388780106176625395e+00 -2.292554775353165653e+00
4.845116411241530585e+00 3.543752273856871415e+00 -1.127910124919102142e+00
1.303946735243979971e+00 -1.393675573074464102e+00 3.214837272035639515e+00
6.844563399277614479e+00 -1.221387813879893436e+01 -1.551454743342680231e+01
5.183236853180491543e+00 -1.910045793331931208e+01 2.154443637685436119e+00
-3.671492477691138401e+00 3.613642433192629344e+00 6.486886038943514343e+00
-2.188933671425100425e+00 3.735957335950379488e-01 -5.483423854554793309e+00
-1.438178871223682620e+01 2.544281667098769795e+00 7.201031014747647951e+00
1.655541551877222872e+01 -2.969297431306879620e+00 -2.262307125634369864e+00
2.300808714936072974e+00 1.797735875310043419e+00 -6.064759139590082171e+00
-6.123495438317879014e+00 -6.240807582942200504e+00 -8.286092096164321408e-01
-2.067528177084864804e+00 6.078410225311303705e+00 -2.727296319599011309e-01
2.039088052754019387e+00 -8.735104153500204305e+00 -2.044063808152754014e+00
3.716491073243526899e-01 2.198231173852200904e+00 5.539225331975623945e+00
5.625372951520893672e+00 -6.620943085236677961e-01 4.561934172321720493e-01
-1.395305531848310743e+01 1.386534594999425885e+01 -4.261433151143414477e+00
1.697073146816997635e+01 9.863456381172448495e-01 7.098286263296574639e+00
-4.032636021589802056e+00 -3.304100356524625859e+00 1.970855472421973564e+00
3.081032957014174123e+00 1.061201393271891114e+01 5.814676754368229838e-01
2.344917021269278035e+00 2.350911352604777793e+00 5.914759783001408699e-01
3.995468149776325362e+00 -1.490920835360334706e+00 -9.628313389186359927e+00
-2.909244561798793871e+00 6.834069222243708275e+00 -1.837633646598141368e+01
-8.170970928737931516e+00 -9.948504043461797508e+00 -4.732634975997020099e+00
1.350960328744979178e+00 1.927153545792066991e+00 -1.183289806243587172e+01
4.251306914564966455e+00 2.457045936254462770e+00 6.595271328273581979e-01
5.150367520953831324e+00 -3.673193850311534447e+00 1.733209838726848773e+01
-4.441494205426901765e+00 -2.377617792814651632e-01 8.161646974526838960e+00
-9.776520484785057974e+00 9.568353661294430879e+00 -6.006555604557595629e+00
8.562530113061095349e+00 -7.619966638393337988e+00 -6.185588198026183093e+00
5.004381973660959382e+00 6.080343531689519132e+00 -9.343087706931857639e+00
3.186686981923610773e+00 5.332982060621156428e+00 6.036180175681599813e+00
-2.385600259253878974e+00 -1.692931221686465193e+01 8.975588574775331452e+00
-7.882954672781383287e+00 1.835534842493138807e+00 2.932558855374092666e+00
-6.065090894983796943e+00 -1.000817482148772974e+01 -4.623036543365562245e+00
3.047609014423566354e+00 -7.262118715558864013e-01 5.659961316722263547e+00
-8.949919719624901404e+00 -4.603675264348527363e-01 9.792840248904523648e+00
-3.654999085685212701e-01 1.957912868642308402e+00 -1.472855561897656962e+01
7.168511197061177675e+00 5.007433808266160469e+00 5.702034843268926068e+00
6.507672597527470515e+00 -1.686495731209559645e+00 -2.576196136655830138e+00
-8.350838154826691451e+00 7.309642348994423777e+00 -2.753665221887731551e+00
-1.365820693953236997e+01 1.304572178944618521e+00 -7.143625365375807945e+00
-3.365168426976657745e+00 -2.608347511296251309e+00 4.939937536118591765e+00
5.497552142316789237e+00 1.018385931980036219e+01 1.019584237308257890e+01
-9.454217978473006267e-01 -3.428037328113807014e+00 7.159407036143428549e+00
4.644748337990506570e+00 7.751556517855554773e+00 1.671723340798999757e+00
-7.241745406909806171e+00 -3.831838040683209101e+00 -1.037145576859323448e+01
4.324602788007681831e+00 -6.765478684840944723e+00 5.201837421697289798e+00
4.111272063165711366e+00 -3.744226960069911847e-01 -2.974467797842966110e+00
1.443961225871324139e+01 5.916469448952547339e+00 1.311637864568774781e+01
-3.020320318974056839e+00 2.500936696092225020e+00 1.318516581204014493e+01
1.743219421070941877e+01 -1.868133255847831409e-01 -6.847909919556588676e+00
7.128940729764015494e+00 7.164143459011382831e+00 1.815549350748938640e+00
7.473683614927202790e+00 -5.997606122387897365e+00 1.119166198087324382e+01
-2.077547754682303349e+01 2.900969433123949393e-01 -9.043853673371845758e+00
9.443190957527654916e+00 -5.703659690263378046e+00 7.638152467477939744e+00
9.625968822655464052e-01 4.993931794761259368e-01 -9.572904301993839127e+00
1.373145054826084843e+00 -4.750785518188326506e+00 -5.050040528272099927e+00
-4.651394676618940238e+00 -4.804122928824622107e+00 1.027719001308348901e+01
-4.490376829605574827e+00 9.467914869740511108e+00 -2.709085524583973448e-01
-7.175465106505972912e+00 1.558312533990406035e+00 9.492687311089689772e-02
9.851079689232923542e+00 1.493947379433210543e+00 1.581856187037440087e+01
-7.053339085902817551e+00 2.720579493411870331e+00 -5.667416858075574604e-01
3.526486412140867888e+00 4.779107638800647706e+00 -1.067659635579968658e+01
-6.616191521062742886e+00 -6.062273215590222364e+00 -1.643742669032407233e-01
4.456366905286491154e+00 1.325633964153318356e+00 -4.885369619287790677e+00
-1.707549951141475830e+01 -9.196893298479190904e+00 6.070507500595001549e-02
3.864832246020796003e+00 3.687842759031263906e+00 -8.328841536324176065e-02
3.854528793731647252e+00 1.893417944925585017e+00 -2.283798999594947698e+00
-1.147128668717829747e+01 5.547646479391305618e+00 4.459796008215893615e+00
-2.024223666877229544e+00 -1.123913319762458896e+00 7.856891269163592817e+00
2.674531281825256457e+00 1.709767595260995643e+00 -4.241018696342440997e+00
2.738434348789974493e+00 1.430602951431730441e+00 2.867937126462785535e+00
-3.421829888373970618e-01 2.170895823621406873e+00 -4.876267225517278092e+00
6.361946625175392889e+00 6.646416168966815086e+00 -3.019404054827786510e+00
3.414695815838074910e+00 9.282343981928184107e+00 -7.529242812614135971e+00
-2.898234126480056627e+00 -1.131811085374218884e+01 -7.713777589597312634e+00
-9.457585610190951897e+00 5.924780444775438859e+00 -7.758531303621335473e-01
-2.187063655423320707e+00 -6.611258394678034556e+00 8.368676152150976932e+00
-9.277692759986242876e+00 1.207675163710924204e+00 -7.696066100829200174e+00
5.637184727243032434e+00 4.915503723502022915e+00 -5.305186679237452019e+00
2.788391619616719996e+00 9.397741275782392378e+00 8.186629905593415302e+00
5.069669479655380506e+00 -4.326151321077878364e+00 -4.974560922576555022e+00
-8.795422622852842043e-01 7.982955306560552522e+00 1.419247120814184626e+01
2.449498998701211683e+00 5.721685131976805394e+00 -9.906594491556788284e+00
1.708839200156724747e+00 -4.922681271840254169e+00 -6.423558365971852702e+00
-6.380340655528281557e-01 -6.345728200094209903e+00 4.676933295019916059e-01
-5.066920607713996993e+00 9.497377225257457312e+00 -1.110357560329708670e+00
-8.879220291580764979e+00 1.227529172999788643e-01 -4.880609462196508375e+00
-1.245651308923262590e+00 3.862067725733231871e+00 3.556091983043460303e+00
-9.163103637576458516e-01 4.043039719716174929e+00 -2.740268706647489352e-02
4.090463306282644318e+00 -1.153061152453671312e+01 -4.977844443047921175e+00
-5.133907699636551136e+00 -3.988699984759793260e+00 -5.802895276182034934e+00
1.322713594769794887e-01 8.008953837490636829e+00 -4.098442455613712454e+00
-7.087566489529305569e-01 5.654615503778531505e+00 -6.590585196677889446e-01
2.012579732758577045e+00 -3.425446264090175053e+00 2.090290199208571398e+00
6.118152036029928631e+00 8.962136467975543752e+00 -2.227418997806223544e+00
2.285336402014066515e+00 -8.820302516954773964e+00 -1.789418380469592051e+01
8.485995959480947093e+00 -6.158108982198428727e+00 8.677889509738610840e+00
3.408027500117348563e+00 -1.131790015116203030e+01 1.071391326323256443e+01
7.113494562611704097e+00 -6.387986091046126802e+00 6.785240474901789165e-01
-6.052191115021034129e+00 -2.387255447253930019e+00 -4.805334248804325470e-01
-5.879749029531930127e+00 -9.410659959743414404e+00 -3.461204373286366764e-02
-4.401510275334866940e+00 5.274436088277033308e-02 5.277443128746605261e+00
-5.845642516805481748e+00 -4.251555873731449608e+00 5.964542297616579170e+00
-3.127978919766498223e+00 4.849420492241772740e-01 7.128645361153797211e+00
3.638534715789825125e+00 1.533805880008491229e+01 -7.955853763002466827e+00
-3.887049687654026808e+00 -4.178419218066246721e+00 -1.854972957103746545e+00
1.289067961696029840e+01 4.962110131992133688e+00 1.142843180864666053e+01
1.145797429547451962e+01 -7.942051158559602086e-01 6.252968244453089852e+00
-2.216696624758522027e+00 -7.239794293058614549e-01 6.417519569466762164e+00
-8.504051737656320498e+00 1.485620936505102385e+01 -9.073544338462921743e+00
-8.182678754698827106e+00 1.684041362010536957e+01 3.832651803090932230e+00
-1.027938958590866037e+01 -1.041525056097286139e+01 9.498389998749908969e+00
-7.433443385804150871e+00 -3.594048190918708863e-01 4.190433599673359377e-01
5.577127658147647438e+00 -1.415578858398699325e+01 1.279167209577035358e+01
1.103155848876623146e+01 -9.105700224118560726e+00 2.996622344760329071e-01
1.374148535813648486e+01 -4.441618304664384453e+00 -7.640948936169111860e+00
1.102518620501508506e+00 4.648078740692102202e-03 1.370726241228321207e+00
3.814037874577984044e-01 4.494128304218702574e+00 3.766415927937443731e-01
7.983931444264246835e+00 8.010861580827262074e+00 -3.550290323293997741e+00
-6.899459229481231581e+00 2.094400375103309564e+00 1.008809102498944377e+01
2.424823678320700004e+00 5.311983490503682237e-01 2.753487316977759392e+00
3.640952399053826394e+00 -1.422415181939070372e+01 3.574075438458171661e+00
-2.914721418230095118e+00 2.721037792376141962e+00 1.649445003619428363e+01
5.434483387375586005e+00 -5.622696217851115286e+00 -1.160657160644632979e+00
-3.084423828297287784e+00 -3.307236987952988816e+00 -8.588602768659765019e+00
-5.440957906584445780e+00 1.095103280274162261e+00 5.118836931205100749e-01
-4.291252838086658805e+00 2.408560372950540263e+00 -5.499757274595292067e+00
9.593015147902768547e+00 -1.884753189393118422e+00 -1.994463781356319076e+00
4.286871211519119873e-01 2.216085546126119077e+00 1.305377604610104214e+01
5.459652640157911740e+00 -4.356444064827292628e+00 -5.803489152839906851e+00
-1.363473364027030010e+00 7.961471882167054481e+00 -7.386517568466316241e+00
-5.375583956445701972e+00 -6.167944470083112307e+00 2.150792312028912523e+00
4.239652410930873749e+00 -1.120025865840291956e+01 -4.808344833434301080e+00
4.835718830462039541e+00 1.475714007496409907e+00 -6.344950120873987132e+00
-7.275869186455259374e+00 -5.339844467133868733e+00 1.195930920507613138e+01
1.079696988465816609e+01 -4.676116423370647368e+00 1.327015320763439021e+01
-9.182614735322280453e+00 1.437733863996216144e+01 -1.512011249026951276e+00
7.753774219777475274e+00 8.453543034138636392e-01 3.858834994267286600e+00
7.828229854504511920e+00 3.343432830035666381e+00 5.909995535416679324e+00
-3.206973487901629838e+00 -1.052694250749985905e+00 -5.029716258981070887e+00
4.249886875615190185e+00 -1.008048789397698375e+00 -6.540081385099538736e+00
-4.483680329466805503e+00 -3.978760842055367064e+00 4.103041482558033026e-01
9.232935892260798028e+00 -1.130029708531040100e+01 -3.971538900351034296e-01
-4.140788594257031718e+00 3.123872715446588622e+00 -6.020337559400923411e+00
-1.037772375053473617e+01 7.167376583397064849e+00 -5.885734133913110178e+00
7.205085285740326917e+00 -1.278546899847860985e+01 -2.265795828651617327e+00
-2.223332582036995575e+00 -1.014602748073175853e+01 -1.426718863667564841e-01
6.899815486902644679e+00 -5.408556130083667313e+00 1.767179187041038269e+00
-3.775676166830376435e+00 1.422930116008251922e+01 -3.271606306601757996e+00
3.783397613943357385e+00 -5.958869066039389928e+00 1.353895625206471554e+00
7.258860694575998806e+00 -1.857072451853911588e+01 9.054481321074079325e-01
-8.361744599894414876e+00 -2.966768642886846497e+00 -4.878072618256050319e+00
-2.829555778630572505e-01 -2.517507868892994605e+00 2.848360006420866508e+00
-2.873558004364194840e+00 -1.185642114105111222e+00 4.744798788227837960e+00
1.420971420273917873e+00 -8.838278058519573932e+00 4.826232962117765979e+00
1.084033601367347899e+01 1.192450460885145525e+01 -5.464474411078407812e+00
-6.436343820393902071e+00 4.279607864020449348e+00 3.986022843873540999e+00
-2.308781914322973083e+00 -2.224582053607444543e+00 4.627426310765855533e+00
-9.470410116676006851e+00 -1.838603402456098435e+00 -4.687496861836503825e+00
-3.519563363330234118e+00 -2.466402734686500064e+00 5.871957692902168624e+00
-9.168422099298771499e+00 2.622284686375122131e+00 -2.029034361546412590e+00
3.099597016962147400e+00 2.690777051258210317e+00 -1.311651770611471202e+00
-4.051467905563587713e-01 2.120429216125834682e+00 2.357468308666748502e+00
7.271362886904101375e-01 6.623855090661490586e+00 2.952181030332110989e+00
4.581548712417252922e+00 3.577396086392055086e+00 -6.672255059710624714e+00
2.038225428416585494e+00 -1.198823840914480021e+00 7.959929082268100142e-01
1.515186926778227239e+01 -1.687863459281458978e+00 5.038488581948038281e+00
-1.164509565720834416e+00 -4.682516906609343055e-01 2.073666850673667739e+00
-6.170931572258485431e+00 6.777325580128071181e+00 1.082942382182156438e+00
-1.675803532394764872e+00 -1.400974652019174149e+00 -2.959399583491706842e+00
-1.240575588677114149e+00 2.306480220398376524e+00 2.149189416440608458e+00
7.214745690177748472e+00 6.148412363121079416e+00 -2.691816061293540230e+00
8.758915043552981672e+00 -2.268717425495143658e+00 2.735312852916914839e+00
-1.327248619736397828e+01 9.963697444586231411e-01 7.129478603351900645e+00
-7.260386253979912441e-01 1.535249530482418745e+00 -2.264835141712632893e+00
-1.605208734874963739e+00 -6.646536966243070665e+00 3.504812254010489347e+00
-8.209368443454387432e+00 6.409495526408819366e+00 -3.742546980416319169e+00
4.001414809137512130e+00 -9.012907747931720337e+00 -9.583426459882362636e-01
-4.956843146357998720e+00 -1.750730573114682054e+00 3.740118318608647296e-01
-1.267687505304319373e+01 -5.541784076800682080e+00 -1.046582110187137538e+01
1.662976775113383709e+00 -8.254577062847280544e+00 -4.441042088000233257e+00
-4.151455325438455191e+00 -5.756653825576729666e+00 -7.625509155971860409e+00
-7.472076259153952904e+00 -1.856329288246216569e+00 8.338959153228023169e+00
9.145078996278064309e+00 -1.097636990077561059e+01 1.992770663674922105e+01
-2.421949020952470999e+00 -5.727105616694085022e+00 4.043712605496879497e+00
9.913453167891713491e+00 -4.526805163299790102e+00 -1.176480701187843358e+01
-3.145029507197715901e+00 7.090769674020214630e+00 -2.212856066003591859e+00
5.587507697204558532e+00 7.808251107736679408e+00 -1.554650300331789525e+00
7.347536180582365795e+00 1.417878188171318721e+00 -2.679215159838459037e+00
1.242345055697766298e+01 -1.474498978432952079e+00 -1.261930980794118140e+00
1.010220072530926139e+01 -5.726038612788780569e+00 -9.355117743928197394e-01
6.079686288965989505e+00 -6.783050868043973836e+00 6.154417847539943587e+00
-5.315323129052117679e+00 -2.977605472834125688e+00 7.671097169492012924e+00
1.472376476299989800e+00 1.478011595512757959e+00 3.522949158829375982e+00
5.307079658554119561e+00 -1.011747588805279374e+00 9.500945205729921739e+00
2.295697045738411379e+00 -8.489641852961129942e+00 3.306688180833368129e+00
7.004624384201843412e+00 -1.267546791395725592e+01 6.328032785123705040e+00
-2.264543523021181670e+00 4.038429191568820187e+00 4.573855285941823112e+00
4.892895569005913714e+00 1.152975315676620838e+01 2.753606099508852267e+00
-6.438094508022554230e+00 -9.251003482146236578e+00 -1.713641083166721302e+01
1.603539000964340877e+00 2.923710421589242880e+00 7.974074176569805772e+00
-3.110702944016076055e-01 1.260804524262126591e+01 7.391289727018699907e+00
9.824248426055959271e-01 7.617556471356729197e+00 -2.328371408090890604e+00
8.319859587264673451e+00 -5.260111037116069532e+00 -5.272777734987822207e+00
-1.441253624827559587e+00 9.892382616319498112e+00 -2.248908462020076993e+00
5.864610312883877796e+00 -8.969188326905037201e+00 -4.961620622006117642e+00
-3.200930884953629540e+00 -1.040362401605610776e+00 4.609889869101772675e+00
-8.000538772237460350e+00 -9.514664352780725309e+00 1.395229957230593243e+01
5.752207973948527675e-01 -7.648763984567417573e+00 -4.918513399000416619e+00
5.580053968582397772e+00 4.077730030384988602e+00 5.204144611073111687e-02
-3.084080501957771503e+00 1.764878460566489338e+00 -9.718501416546365679e-01
-8.818850255540741756e+00 -1.132944607538470727e+01 1.267902266132328748e+01
-6.266982721858263439e+00 1.186904008183587678e+01 5.739900704978687651e-01
-7.997811513953320350e+00 4.489937196214336956e-01 -7.252125870759130954e+00
7.872593790735566976e-01 1.357609807643262723e-01 -1.492881055426697468e-01
4.899690457014422851e-01 -1.513435083458050912e+01 -1.208584837444186988e+01
-3.864123891822455636e+00 -6.016735654630804397e+00 -2.584677710351503066e+00
6.890790076152197408e+00 -3.876825672511573728e+00 5.098966125190671939e+00
1.811725366877378285e+00 -4.178090183132582958e+00 -2.415019264016909695e+00
4.504620254335208074e+00 -7.261263777521422824e+00 5.185128958050329473e+00
-4.863507603792628586e+00 2.027551018917826298e+00 -3.444866536972500892e+00
-1.279833711085123760e+01 -1.143345457420379851e+01 7.652284069261885868e+00
1.185103139882246559e+01 -1.092101162790266322e+01 4.596105034724136118e+00
-4.576794713165899808e-01 -4.371039084192440693e-01 -8.047935981551908036e-01
-4.128361565895696472e+00 -1.364388597960241434e+01 2.037427331532951413e+01
2.746444508586733946e+00 -4.962876284855224363e+00 -8.477476073379035526e-01
-1.552146863666603060e+01 -6.877438732714269420e+00 6.437948257915336647e+00
9.697686889151356127e+00 8.867775251778951429e+00 1.200603708639537004e+01
2.836718127229093778e+00 3.256774103795960218e-01 -2.821914483101305215e+00
-6.230598401729838365e+00 1.511922355910542315e+01 8.903311302493802648e-01
1.002110464052054173e+00 3.094906206639367774e+00 -4.660168978775353743e+00
-9.920927491342482085e+00 -2.692294574171131938e+00 -1.204423853721138915e+00
5.363710235667472404e+00 1.045670827532710945e+01 -2.089148172394123648e+00
-5.393456907046629389e+00 5.863284876795103351e+00 2.302790250063507216e+01
-6.943313163211235484e+00 1.399420548633442785e+00 1.968682153210155605e-01
-7.415579448443042843e+00 -9.235664391061797929e+00 -5.337623027764157868e+00
1.612861156832163134e+00 3.861661716892655694e+00 1.019893182132368015e+00
6.071719923865730451e+00 -4.203928285313163760e-01 3.367242674531855329e+00
-3.380927297733715253e+00 3.125776568888293472e+00 -1.290664156188668876e+01
-5.322081574476998922e-01 9.471228136726374203e+00 -6.834766185412265438e-01
-2.612892578838445501e-01 8.719055109764273226e+00 9.628392185623665611e+00
-7.147455768407364296e+00 3.867325515832893856e+00 -1.650308329632215187e+00
2.031655260623709491e+00 7.469863852747569588e+00 6.936427028366240144e+00
-3.506615264677957367e+00 6.572785176173407073e+00 -2.364013631480606836e+00
-9.455283483110347165e-01 -7.749499255353103244e+00 -8.768934677674200984e+00
4.504462209442944953e+00 -2.897654866821875452e-01 2.703509961111955295e+00
1.191176186510890034e+01 4.024369415066340494e+00 2.177316635509887188e+00
5.728503717486238322e+00 1.146971816231690200e+00 -3.808082260549660258e+00
2.258977236364213326e+00 -4.287745372613656625e-01 -1.065106523715289466e+00
-2.905734235862157178e+00 1.335957555065019564e+00 3.773879265536658756e-01
5.248326143980161618e+00 -3.465699402441662080e+00 2.044191764297904168e+00
5.690318242016033645e-01 1.265034325970983353e+01 1.528351784304274208e+00
2.586672833356535861e+00 -8.958610388770905431e+00 -3.517171921797187295e+00
-9.712871982887296696e+00 8.054260380349297366e-01 -1.422508181071919253e+01
9.363543963808368176e+00 -1.076671290333808528e+01 -1.235207379664921312e+01
4.117698109885480129e+00 2.410111039484701401e+00 6.443653467593101425e+00
3.324969981165873723e+00 7.653689061114046233e+00 -6.005778924284226328e+00
9.189578188974244499e-01 2.113807250462108822e+00 1.596784012096154548e+01
3.010573907972625030e+00 -1.072108830412229175e+01 2.474755113656423422e+00
-2.226681171049182506e+00 7.353762754307592964e+00 -2.416244730813880803e+00
8.435182551733570122e+00 -7.411197434758463487e+00 1.235617067923868539e+01
-1.079040531647454415e+01 -9.731334967443979744e-01 3.703675862043806610e+00
4.099442854893296406e+00 1.243239079489537158e+00 1.016723672315479732e+01
-7.211106750019081524e+00 -6.049033674855157638e-01 2.065785868051843277e+00
-3.542021396728132210e+00 -2.401815466139535893e+00 5.704165049322297065e+00
5.427202911872914370e+00 7.826502836748438163e+00 -4.748557839316732476e+00
3.305191156869806246e+00 7.557189193271483418e+00 -9.915875014928664299e+00
-7.351632437125471320e+00 -2.007618457187767991e+00 -5.906724845815554126e+00
-2.517271013054407813e+00 1.627549478278031314e+00 -2.477505716265366420e+00
-1.775088090763329074e+00 -7.238714809441009201e+00 -8.788443727311564757e+00
-3.971038026138820953e+00 -5.641249689202748385e+00 -1.115379327237890461e+00
4.016066165949045086e+00 -1.509418815431456018e+01 -8.936828048947647929e+00
1.063347491071140283e+01 1.638757685112963491e+00 2.381466252298332087e+00
-2.256051376868241309e+00 -2.604707707941198880e+00 -9.184303663496758974e-01
-1.532278333219212207e+01 3.400964977545487322e+00 -2.416284117637650830e+00
-8.489605614688979784e+00 9.996567290752146562e+00 -2.035887062936690750e+00
-1.414422559420028591e+00 -2.107256262532222202e+00 -4.764962597277856704e-02
-6.289528759303906646e+00 -2.273543810253752628e+00 -8.157766477945598282e+00
-2.652614380923346893e+00 9.423510588940120059e+00 9.208010003072876870e+00
-2.920746608121263854e+00 -6.163594569414035718e+00 2.386398364779144021e+00
9.366883271011426260e+00 -3.650676149180525520e+00 1.947140070161901049e+00
3.238293223755334349e+00 -1.470913032039415036e+00 1.474248192534624380e+01
-3.064863221719971609e+00 -1.972757309267325398e+00 -1.676525376197374462e-01
1.549668156822251008e+00 1.169822910638298907e+01 6.591829211290391122e+00
2.564790283788223935e+00 -3.875093302677765195e+00 1.301100752600123833e+01
-6.058460727867934104e+00 6.800680599055919373e+00 -4.285786823197744511e+00
-1.244458663874588211e+01 -7.793037174839241743e+00 1.191537437383862308e+00
1.108870620243072658e+01 5.178302083780151222e+00 -8.782461340014709350e+00
-6.447057419751115681e+00 4.553790858347523063e+00 1.032063092277123317e+01
-2.385603423248640720e+00 6.368275521946452855e+00 4.931699823518424175e+00
1.069207774274239675e+01 7.696881605000585047e+00 -5.755642654799186353e+00
2.256919669200418976e+00 2.161447621853719969e+00 -2.174573356736151819e+00
4.605182981983667823e+00 1.079352530360137230e+00 -1.669596612164240490e+00
2.680105462131931571e+00 1.268982405326045892e+01 -4.622931105239922012e+00
1.040502364962673898e+00 -1.507778723688806055e+00 1.603066790748999493e+00
6.960815973287290959e+00 8.796934635140919667e+00 3.267888904592300303e+00
1.122844755794756066e+00 -5.993142115804120706e+00 -1.618724725821151234e+00
3.193435790881906211e+00 6.232905975120453412e+00 -4.053004562493073060e+00
5.709577341619647584e+00 7.137883766021959175e+00 -4.590686471118486267e+00
6.240461893770756774e+00 -1.905392548555347787e+01 1.301140070066759868e+01
-2.417649696145726335e+00 8.238901963902068859e-01 9.817391946832546568e-01
1.640224409648583048e+01 -8.253525280757333604e+00 -7.355092584548887480e+00
7.288365073207438094e+00 7.761662750794270593e+00 4.024776506879581106e+00
2.728488917581946005e+00 -4.115012662132889076e+00 8.871788676959116771e+00
2.222663781062479416e+00 4.349453363057978805e+00 3.451644041548384667e+00
-6.271137718233249281e+00 1.010421206807032313e+01 -1.450062359613736973e+01
-5.450299605991935081e+00 5.267144081716324422e+00 -2.461209535797819203e-01
-7.341640330594819019e+00 1.356083422478413070e+00 -7.389300054579448940e+00
-1.427525618089252291e+01 -6.069200360491499247e+00 5.100736072627988449e+00
8.332113225395358924e+00 -7.499390875558614056e+00 2.000259063890513556e+00
-7.927600482180780617e+00 6.314507985203012375e+00 4.775283638629378657e+00
-1.571296069489428682e+00 -2.603169614395552944e-01 -2.059322334056780779e+00
-1.117278788732690487e+00 4.522831749066503093e+00 -4.927603450718182287e+00
3.859387623158976321e+00 -3.449600011787538723e+00 2.817878029501278636e+00
-1.333911044429265580e+01 -7.719769987542872691e+00 3.379524001752267193e+00
-3.791873143681286695e+00 -6.702351259163831898e+00 -5.246427807670199783e-01
-7.862012085791685756e+00 -3.868728546341320129e+00 1.148831766206936145e+01
4.930798651178299075e+00 -3.289504223654915016e+00 -6.342568879066140752e+00
1.863165532763636056e+00 1.094356620100278299e+01 3.032202159187315615e+00
9.748334580371432745e-01 -3.281891265863911222e+00 -2.535275662956387954e+00
5.071849600099108457e+00 9.619877422658181798e-01 -3.779509960799497525e-01
-7.646490895500273055e-01 9.328254268834639262e+00 2.201261130266893407e+00
7.855728045211963995e+00 8.635811436104400940e+00 -1.377577665896877690e+00
-1.696582933831990214e+00 1.558295471767903706e+01 -3.769353165214966328e+00
2.410206362147356618e+00 -3.624718625611648370e+00 -9.639475072831917402e+00
4.508022430990969553e+00 -5.173344980725878450e+00 -3.647429724792356609e+00
-4.269417693249112133e+00 -7.150108915773378371e+00 -3.742534261361220693e+00
1.282216559554335777e+00 1.062781660038393472e+00 8.688913175240960740e+00
-9.458828887809628938e+00 -5.995765395011152243e+00 3.002901918474380150e+00
1.911446274861765549e+00 1.073328950690861650e+00 -8.138939804860680027e+00
-1.746589332965793606e-01 1.684692712814500837e+01 7.588364943396570972e+00
-7.468852654560241611e+00 4.383902625815363052e+00 -2.651138631468634266e+00
-1.118365518660888824e+01 4.337226031165493545e+00 5.714378456927551753e+00
3.284622976173626085e+00 9.750932172459005898e+00 -6.946502866723663239e+00
1.007157097352891206e+01 2.012415015184026768e+00 -9.627349729772513021e-01
1.265520715286217346e+01 -1.944441720086328873e+00 2.488276811452034831e+00
-9.311173086633587337e-01 1.131487029084953022e+00 8.323171515312145274e+00
8.297885005762665855e+00 3.467398167406310350e+00 -4.223759068343662104e-01
6.985104795816019063e+00 6.596274635729622027e+00 1.435897892997366476e-01
-3.207669674989754860e+00 8.412744018525156520e+00 1.524935169120073430e+00
1.196082138423478192e+01 7.551558635014307796e+00 -1.709456933815245661e+00
-1.488970332493136040e+00 -2.537363494256601903e+00 1.407091036809870310e+01
-2.049909528179722606e+00 1.870359445336582604e+00 -7.329835435286534917e+00
1.636603370963002746e+01 -6.831405285436503938e+00 -4.202365640984304096e-02
1.484150316064608432e+01 1.102573312246860837e+01 1.702061545337105031e+01
-6.569939872854587470e+00 3.848478868928210339e+00 -1.187909280276403745e+00
9.353162441620757050e+00 -1.479273787303165388e+00 -7.295775876247806435e-01
-6.686818911110358421e+00 2.418720219883452316e+00 2.493880937583135893e+00
6.276566935803477243e+00 -1.145281179850609021e+01 9.656404359491959966e+00
-2.198995348587526433e+00 -8.981887226646479760e+00 -1.199173826581187186e+01
-3.151064647248928985e+00 1.708261226652829645e+00 3.828539763175101474e+00
-8.111751630057934648e+00 -2.110777701109836535e+00 4.231871288117908136e+00
9.650771891666737545e+00 8.921689253322352187e+00 1.268970863852040054e+01
1.168007590020122244e+01 1.007732748270036716e+01 5.887262531574573465e+00
-4.075062390897713271e+00 -3.983653860692401238e+00 2.351105259142369341e+00
-3.095481028616669406e+00 7.496944455975695476e+00 1.556853981108253349e+00
-2.066509573347540396e+01 2.442795894132749474e-02 -6.779261641823514317e+00
-1.210399901051363747e+00 -3.438177602928548904e+00 -8.238036167171426172e+00
5.694114926601256066e+00 6.935371333785727899e+00 -6.975845800893020865e+00
-3.649981329588163792e+00 2.078198329119334886e+00 -1.103454137120043121e+01
-1.004019360992067433e+01 3.959481625207905253e+00 1.589467736252919150e-01
3.715789143508539283e+00 4.051110749570747238e+00 -4.477078221352334353e+00
3.663090013254491351e-02 -2.179042763666359406e+00 -4.769476769362959168e+00
-5.815067987128005100e+00 -3.931813318569117310e+00 -1.489819460298219944e+01
-1.432207456112588595e+01 8.064812057798206979e+00 -2.098559524458653236e+00
-8.905985326684078274e+00 5.255404751148536668e+00 6.394882656418655387e+00
-2.281701060746748944e+00 -1.697647746388700796e+01 -6.881972654931035827e+00
6.533819670786024325e+00 6.162365650203218692e+00 -5.006994246230815016e+00
-1.003530518487646361e+01 7.676488787561567939e+00 4.347908954989603281e+00
2.119538163262932873e+00 1.236650582883890515e+01 -5.389050014998454374e-01
6.320737743652481422e-01 -9.090754918286695130e+00 -4.138985174705469561e+00
3.474025367804895126e+00 -1.314670326741980411e+01 -3.120979382811727376e+00
1.012346911377072667e+00 -3.514614840745236557e-01 -4.740696011099592155e+00
-1.167898339591015855e+01 1.993858984422446357e+00 -4.598308131028998602e+00
-8.034911677133298458e-01 1.930181232662888435e+00 2.113567274716490640e+00
-8.770385057634621617e+00 -7.458608860899048842e+00 -1.461710792229661937e+00
1.223451598422586528e+01 -6.839683945556860323e-01 -1.896895955065364792e+00
-2.377349603436876624e+00 3.885584335954562762e-01 -3.093271882356214419e+00
5.872163516468811295e+00 -5.975743607751339503e+00 2.443863663354303384e+00
-4.748197922129009818e+00 -4.887982738451814413e+00 7.992593959500027267e+00
5.932319801036280538e+00 -4.692295058031019650e+00 -1.111804129255646423e+01
3.141441322196359298e+00 6.008928876071453651e+00 3.801933681174541890e-01
-4.766676630342199239e+00 -5.055607257657136699e+00 -1.230199681238949339e+01
-7.935926850391991749e+00 3.009605507109124112e+00 -1.470340550017387171e+00
-3.825174042393900908e+00 3.105175683087654903e+00 -4.323658383843777209e+00
-3.504236994401658922e+00 -1.683564880580547651e+01 -5.213727151960392270e+00
5.007545819061937742e+00 2.865540099416771014e+00 1.217848527963983685e+00
-8.074358750852493216e+00 -1.982956447961830904e+00 2.111184640970980908e+00
-4.094944344843587380e+00 2.719586729069496389e-01 -8.042757306151562702e+00
8.714544710015969642e+00 -8.492846325020385834e+00 -1.211226609404998378e+01
-1.298380081948079745e+00 -1.335389081302728442e+01 1.168115316683748794e+01
9.692624432003718482e+00 -3.632437135105290871e+00 -4.946182613703976827e+00
1.582321200906743996e+01 4.245053712411811730e+00 -7.810323351552389326e+00
-4.229102773772856594e+00 -7.426218623449965861e+00 -3.867650155499636977e+00
-2.983243216570275469e-01 -8.834292649121382013e+00 1.301481151275734327e-01
-1.221060793547561651e+01 4.967584651903781401e-01 -1.283408292856915045e+00
-1.197491752685074218e+01 8.556917102600730018e+00 8.478028215404986856e-01
-1.080162535112957656e+01 9.707454650041931643e+00 -3.006355091852856098e+00
5.468020753524656108e+00 -1.178385458598745439e+00 -9.043006890677222742e+00
-9.081469870600830774e+00 -7.854787548390554264e+00 5.837004361204436442e+00
-1.056586202162834454e+01 1.105879739551019370e+01 1.036624587787201079e+01
-1.800918571203405483e+00 8.251611220105901978e+00 -1.738788015289621347e+00
-1.139477966396132835e+01 2.030062644029799657e+01 5.622633734639736147e+00
6.261335591821231006e+00 -5.845184233748088154e+00 -1.164522940078196633e+01
-1.373402562971101126e+01 -2.941947766284905619e+00 -1.099761666360100065e+01
-8.269950985661902010e+00 -5.524993886557258982e-01 7.156841931161758152e-01
4.313689208484241533e+00 -7.956442947235794483e-01 1.535242571851306304e+00
-7.337238539000339621e+00 -1.228322469985861964e+01 6.996011791444063377e+00
4.079595301932581464e+00 3.500181057557124387e+00 -1.043769691208827943e+01
5.471843986165566776e+00 -5.465604965027297979e+00 6.061478359902785051e+00
1.315777442316962897e+01 -1.119129728128218204e+01 -1.021196281217101109e+01
4.151755435976239306e-01 -2.221221616088754569e+00 -1.812437920279065473e+00
4.873039919288845168e-01 2.623502447578163643e+00 5.323457542814045595e+00
5.417573793466380572e+00 2.789940226565166270e+00 -7.399985824719554905e+00
-1.589183221439501814e+01 7.844268664220477305e+00 -1.068650514536303220e+00
7.613298749663909959e+00 6.326598787168839166e+00 1.366342346449754275e-01
-3.949109625381236555e+00 2.144584594131664357e+00 -3.404509460876658622e+00
6.925501213864166061e+00 1.402531248511211137e+00 -1.815287876740386830e+00
-1.792243810885041455e+01 4.872186086325965171e+00 -3.459007740791899543e+00
1.763458748829051403e+00 -4.002604117933938888e+00 5.802157977775033171e-01
-2.423100939415484767e+00 4.063608832228952750e+00 -4.598613877651789306e-01
1.774601423738639161e+00 -6.962040069432682721e+00 -1.757726332060586261e+00
-1.001713633862933150e+01 -7.061239939489432516e+00 1.173342939545090680e+01
1.332214411337271587e+00 5.127140039622245737e+00 -1.007783725393149643e+00
-1.546722662073905408e+00 -2.739128082948965037e+00 -9.054314433477097523e-01
4.542131332924089548e+00 3.959028657137269480e+00 -2.957015473588145760e+00
5.894879825497690184e+00 9.236324667416040413e+00 3.988559764300227961e+00
-1.356504866511497376e+01 -1.180385644803399359e+01 4.405572394558725513e+00
4.002003631987980370e+00 -2.926092268307141087e+00 7.788198354790247357e+00
-2.399842831417755562e+00 -8.735340062210823930e+00 4.621365992547159962e+00
-1.910214509617291112e+00 -8.674030155720718227e+00 1.612193978150885609e+00
3.327637439544834486e+00 -1.460573215974247052e+00 1.450793020371756947e+00
-1.767973738384837068e+00 9.533988416222932472e+00 -3.508723172440118443e+00
-1.091944917032971318e+01 1.198059801909659683e+01 -1.519542218526179100e+00
3.738974698451048795e+00 -1.020348163942696784e+00 2.129444163014301505e+00
-1.282968975379519261e+00 -2.584053984079622168e+00 3.426346584692043784e-01
7.090881185814192911e+00 8.476928500008552803e+00 -3.582839670691057021e-01
-8.443295120047191737e-01 1.328836788871287666e+01 -6.354176792375691996e+00
5.973220734578618796e+00 1.708280051006491718e+00 9.662122825666610848e-02
-2.263345741427408964e+00 -1.138053118260143393e+01 -1.891125118686636242e+01
1.040019776917017325e+01 -1.245052016274715889e+01 5.338925713641970994e+00
-1.887428801509092757e+00 -2.689144567293938692e+00 1.164849217153143934e+00
-1.251250338168864751e+01 -5.971678417810196038e+00 -3.543300619409973873e+00
-1.031930854652928886e+00 1.083753224128154002e+01 2.277659304938906004e+00
-2.988512634522380917e+00 1.917448096260879087e+00 1.843933085955806961e+00
1.767586581796891432e+00 7.460383847120113820e+00 4.506169093752259158e+00
6.518699265971591994e-02 1.937403280541196926e+00 6.389630963200731983e+00
-2.960467735775508924e+00 2.397323979820232154e+00 -1.062168453631088028e+01
-4.113162252452410073e+00 6.150595500122350678e+00 3.742112404208759457e+00
-4.872861353647104821e+00 -4.287646087318377930e+00 -5.151846678864472118e+00
-6.306503837678037350e+00 1.074514785527963950e-01 7.576432162461070874e-01
3.038211594631436085e+00 -5.444576930146321381e+00 9.310366714899775076e+00
2.080118779342301938e+00 2.356889403115685955e+00 7.013607756092067547e+00
7.326738351520264203e+00 4.937999071373250004e+00 -3.138893207793528095e+00
-4.779517147215210038e+00 -3.322968478250110103e+00 6.313603775852472122e-01
6.781193731782466649e+00 3.211384128069089350e+00 2.829069102507653977e+00
-7.426427297515314496e-01 9.659578686100504186e+00 -4.403611026549723029e+00
-1.662156868733803705e+01 -4.105534565884199516e+00 5.309467984866288875e-02
-3.666062823025460382e+00 -6.432599655205260447e+00 -3.440532303257398006e+00
-1.195517390750400466e+01 -4.819170441878805278e+00 3.682067277099751568e+00
-1.087690247809184463e+01 -1.407721596971155620e+00 2.763563612864653685e+00
-6.509257342323103934e+00 2.191597270345188697e+00 -1.403354766594940406e+00
1.087909814057436364e+01 7.408667968536009063e+00 -1.279443882102480723e+00
3.285507880576388651e+00 1.140741462283497487e+00 2.402385194730733531e+00
-1.038794135305158628e+00 -3.507446997385050835e+00 6.947187297930907057e+00
-4.014334192583453920e+00 -2.801185546726520315e+00 5.326822662585799506e+00
-5.686713145177503925e+00 2.929914899631795855e+00 -2.847033023167661714e+00
3.799245664517788335e+00 -4.031141366848252083e+00 -2.343654237901054316e+00
-4.907943094797768246e+00 2.941314742141077243e+00 7.520529170075104242e-01
-4.936163832037795629e+00 3.080029150606200972e+00 -4.423282378335642306e+00
-4.551177948558001063e+00 -3.540226951889993146e+00 1.007043445652966884e+00
-9.419786764382942934e+00 3.739186214324540014e+00 7.439497078142741415e+00
-5.904482342820118745e+00 1.616373468033944993e+00 -4.719702110692201580e-01
2.334968586459162054e+00 -2.609696465908343033e+00 2.780048884977408097e+00
-6.878639066175509242e-01 -1.063792902817634278e+01 4.067876262020997835e+00
-8.328907953250798357e+00 -3.759321037182150160e+00 -3.208385881683712082e+00
9.577184743490880336e+00 3.776321338062284649e+00 -1.595278770377576816e+00
8.128797201265992811e+00 -5.282875078181318962e+00 -4.723897676666912737e+00
-1.859953162080215217e+00 -5.338076389044907444e+00 2.708708885226656093e+00
1.375097380101128808e+00 2.061080185549330679e+01 1.937513934904955493e+00
6.569370354977319693e+00 -9.473456506507647035e+00 1.280863092074719045e+00
-1.845170814757655986e+00 5.061734819662949469e+00 -5.639679391600015634e+00
-9.624186611538732450e+00 1.573405638920294969e+01 2.790790223413861959e+00
-2.041338804443367128e+00 9.238214546834770502e+00 9.452402806300218785e+00
1.392381865661338203e-01 5.436232694061721382e+00 -2.621442053471644051e+00
6.082831873793555388e+00 6.608706684704767076e-01 8.698123803344639526e+00
4.996253702285266662e+00 -3.794275687999440372e+00 -1.336579361650506037e+01
2.920019405201914608e+00 1.666759407169705609e+00 3.767076919844944416e-01
-5.152072075752970548e+00 7.026774613948762571e+00 3.245488995728452064e+00
9.230231539933270168e-02 1.650426264415325139e+00 2.153716106402721930e+00
-1.225050961067779998e+00 1.388552086907647976e+00 7.766480780698413966e+00
-2.575461743710946716e-02 3.132475796141563906e-01 5.753935869430321759e+00
1.189454595364261280e+01 5.180151878567634149e+00 4.023003775362959722e+00
8.694272364735208924e+00 -5.206517407535632636e+00 9.028535065716919661e+00
-8.346735867076668924e+00 -6.367782703979114611e-01 -2.062785688416678642e+00
2.974563768591772295e+00 -5.540780840032059729e+00 4.432893704828569703e+00
-2.077369955593721951e+00 8.568512307778261672e+00 3.264516570159334274e-02
2.549738514097217301e+00 6.060114890960796252e+00 -5.388982295520889032e+00
-8.967099414983602301e+00 1.325103137334665249e+01 -4.496994224109903016e+00
-4.895127123065706520e+00 5.019400049165633426e+00 8.860606578650548570e+00
1.076734706515188833e+01 -2.430680815251734239e-01 6.620044758463360601e+00
1.939866660812940458e+00 -6.444267541569929314e+00 4.775768386814940314e+00
9.510544972325629232e+00 -8.998153878495009916e-01 5.251416645462182231e+00
4.458027446737930610e+00 -2.709320980979633031e+00 -2.985022203464863022e+00
-9.438090710385244719e+00 1.824579683340709635e-01 3.173344688357147003e+00
-4.002857867917366086e+00 -1.360008959945730389e+01 2.451404950963237628e+00
-4.615040088870528301e+00 1.766634061057301253e+00 1.027216226908235086e+01
7.816277981970339017e-02 9.013535263607380443e+00 -1.671770411929819744e+01
-9.282362426624548135e+00 -3.477200918320559886e-01 2.530560771864940328e+00
1.003799789728237180e+01 1.776693018704910212e-02 3.576005031922010247e+00
-3.008866164099394336e+00 3.064368433951060108e-02 -3.034071201481248092e+00
-1.330000492336417217e+01 3.499778868140874244e-01 7.359057069371998772e+00
1.122175527863086275e+00 -4.450357504797020525e+00 7.152356558235380746e+00
-2.767120440757946831e+00 1.515976446464635030e+00 1.925507273373450623e+00
1.116378638097040898e+01 -6.022547412027668301e+00 -3.990504821724776274e+00
6.927320080297103111e+00 -3.802088851147325865e+00 4.540501188194004278e+00
-2.810895135146007195e+00 7.804419681394183073e+00 -6.504253162764855212e+00
1.726314513203565770e+00 1.444098667554911675e+00 -2.587522878057766929e-01
-9.505741279022670298e-01 1.443283457168834261e+01 -1.325561373716269387e+01
1.679350639679025203e+00 -3.549165898756955873e+00 5.103027695784021489e+00
6.409678051947933497e+00 3.444492939306320611e+00 -6.551771174084432658e+00
-1.004355247772445558e+00 1.509928868970365023e+01 1.060433182723744672e+01
2.719306177629304155e+00 1.358596841263910804e+01 2.353124487608194482e+00
1.001954298714891678e+01 -2.183284084339695230e+00 -1.721404834454983268e+00
7.902009276054321241e+00 -8.988099071297790843e+00 -1.868195192702255258e-01
-1.819691229223173723e+00 -8.103229953458336965e+00 -5.615120414558244732e+00
-7.711030125896752629e+00 -8.814401856670244229e+00 -1.974966724669532825e+00
3.319727008332172158e+00 -2.280271105153036437e+00 6.659878035142576813e+00
2.636243804490872034e+00 -9.746073028203447564e+00 3.346958622768770208e+00
1.438742682337949663e+00 2.415200049572546526e+00 4.030110134677860501e+00
2.055463573074874928e-01 4.681889806204833526e+00 8.620387598238405502e+00
-5.352036452730353222e-01 2.137014918661340968e+00 6.398031782506231835e+00
6.972146213982890472e-01 -1.188824438542444684e+00 -6.481210845714466373e+00
-5.908792592204441085e+00 4.856560879938764258e-02 -7.340722763829488962e+00
-3.090895715679708555e+00 -2.691989421378255365e+00 2.829859503717764735e+00
3.161763562981652065e+00 2.629192336483975545e+00 -7.004573880715216028e+00
-1.372291227921288659e+01 -5.091955248000888723e+00 9.210022583834156507e+00
-6.710382563034391623e+00 -3.712822785916200186e+00 3.445579238516615295e+00
1.470143666043426389e+00 9.281392524361125496e+00 -9.259657808799644840e+00
-1.028177169157981075e+00 -7.549398528689198251e+00 2.761219009724810380e+00
-1.417185059195627206e+00 2.547614432924969030e+00 2.640286737306740683e+00
1.145599030399167439e+00 -2.264710816609223631e-01 4.590351980358818196e+00
-6.180470130622672364e+00 5.708798305844326570e+00 -1.467228687422850086e+01
1.730950034278903615e+01 4.653334970854771657e-01 -6.049307337450449573e+00
1.760988619845061498e+00 -4.025027569221615309e+00 8.317186070046059143e+00
1.046201609465769877e+01 -5.642557422031125647e+00 1.926103184670397894e+01
-1.336257096013918755e+01 1.861301084181775867e+00 -1.781234411532296225e+00
-1.149492877796266299e+00 4.756389518021409302e+00 -1.525163283152552118e+01
3.921985419962775943e+00 1.380407855899030700e+00 3.766887834889640629e+00
-1.567429846635987190e+01 -4.454247302283165233e+00 9.101006431691983423e+00
-3.573021329791902012e+00 -1.000925852802522265e+01 2.945456720851451493e+00
7.623382866719993878e+00 7.858290276168466093e+00 -9.958793240031663885e+00
4.234928363704684173e+00 7.837687851678895035e-01 6.805111017687605290e+00
8.355888518618030503e+00 -1.861715274186959146e+00 -6.986624621922122635e+00
1.253123957873425276e+01 3.091599138960824167e+00 3.369867753045022951e+00
2.505234340984684227e+00 9.990590110995078987e+00 6.164669655545190530e+00
-6.434189628823143714e+00 -7.157401341927902116e+00 -6.513263261762267220e+00
3.242055369742244952e-01 -8.915945739665369629e+00 6.196591350950899191e+00
7.326442262353975110e+00 -7.998408179815938546e+00 -1.641233853189678626e+01
-7.172220024239473801e+00 -9.917038286871251884e+00 -2.755921305938000110e+00
8.073568897011501377e+00 7.265366700990231408e+00 -3.699703770661213920e+00
-4.761942992574900835e+00 -8.850458401259325925e+00 -2.818136669983168474e+00
5.960720202037798288e+00 -1.352807228654139671e+01 3.430566943814884695e+00
-7.739848836053030645e+00 -1.831410775888017817e+00 1.919248899893803895e+01
4.127885384901093246e+00 -7.949655146120554683e+00 -6.216094522117737498e+00
-1.777973181570131089e+01 -1.333069529358763639e+01 1.015649206507555569e+01
1.314410223257549193e+00 7.679336056933310228e-01 -9.698711325038887665e+00
2.500925909544340353e+00 7.452179463943844340e+00 -1.522140558137367483e+00
7.926601089222228502e+00 -5.438391756983114611e+00 -6.472663847553677741e+00
-4.512451205699773205e+00 6.170829223601372426e+00 -1.521132170172056242e+01
-8.999853381028907195e-01 6.276470027568235466e+00 -8.552118940678901993e+00
1.572123487355965032e+01 1.121581455175411302e+00 -1.387515702105940996e+00
2.889283805871598165e+00 3.618068572948788475e+00 -6.443264276545377811e+00
-1.476540104453041913e+01 4.899606644028700053e+00 9.551416690470375670e+00
-8.822187214286671519e+00 6.259625080365089467e+00 -6.100052669170931807e+00
5.574461923086902360e+00 -6.784762715050504767e+00 -2.462405852176097198e+00
-2.302112527394579544e+01 -3.046380394293901173e+00 4.492970922175164361e+00
-6.110054446205197998e+00 1.103420237497621237e+01 9.787430365365455742e+00
8.573793574954252650e-01 -4.627086169639367697e+00 -6.897892880425907869e+00
-2.790532306567675480e+00 -5.796221772511922943e+00 -8.592221319347039810e+00
-3.674061156295113761e+00 9.830035518743745371e+00 -6.451715626680544879e+00
1.870639606379369324e+00 -1.316886984135171268e+01 -2.977838295048808259e+00
1.515435071965712943e+01 5.008565120216101896e+00 -5.391152355491559689e+00
-1.178905182128778151e+00 4.489206017667986437e+00 8.422477920169381349e+00
1.453877738750680848e+01 -7.257611917929471801e+00 -9.336875768084826888e-01
-1.706369797851654324e+00 -6.068304151938471946e+00 2.477972327309496237e+00
-2.616620865263000528e+00 9.961438740995546270e-01 -6.412569699482565611e+00
-1.861359953552025104e+00 5.047959969362826982e+00 4.643060409400369792e+00
3.115849825169123122e+00 2.797962178924267462e+00 -1.066493645550612612e+01
-1.423903512266256888e+00 -6.289097565152507840e+00 -7.170401437968364711e+00
9.590687341292124302e+00 1.516042516810522933e+00 7.779307016144485942e+00
-6.918982512036547128e+00 6.739063607492873587e+00 -4.748155761010108833e+00
-1.226451875246407397e+01 -4.536756491434644767e-01 1.362240470665425640e+00
9.902511433374435512e+00 8.995310535403916674e+00 1.705043470698870633e+00
-8.757735848331334172e-02 -1.644300056441870383e+00 -9.113739522856006303e+00
-4.917066182727620749e+00 5.928149617288971385e+00 5.200262153413198085e+00
-5.960125104165928001e+00 6.336297915140918668e+00 -5.119104919834160050e+00
-1.546597454589016962e+01 -9.169352833314437845e+00 -5.786401299132593046e+00
-4.034214286396180960e+00 9.386358982324752853e-01 -1.704106834072505849e+00
-5.498614210035539962e+00 -3.628467907090858979e+00 3.206455830255421358e-01
6.952905461443453561e+00 3.038182897744210020e+00 1.350212504520909640e+01
-5.554119465715574577e+00 -1.582358519151209952e+00 -8.511771422065798065e-01
-6.208821207529552133e+00 -7.662556491486949284e+00 -1.352045884267343112e+01
-7.808832291606741194e+00 -4.801404099702947015e+00 -1.075689572659262261e+01
9.704666902812336460e+00 4.588785456067775992e-01 2.036349245546321907e+00
4.185679398523350692e+00 -8.166314231012119507e+00 -3.577268164864708666e+00
1.053227080583190656e+01 4.329703706195312307e+00 1.562609343759104519e+01
5.057031952563786348e+00 3.269988745912616235e+00 -8.257621511541495707e+00
9.478231515958453812e+00 -4.522189682680076928e+00 -6.247348353923041664e+00
-1.274134392706837815e+01 6.001931062385127191e+00 4.382511610885199360e+00
-1.311080752771896396e+00 -8.629787389604510750e+00 -1.604553550589790545e+00
7.975089180586663495e+00 2.219980238088000046e+00 7.007663741127854173e+00
8.591234660048456817e+00 -4.972113791531845156e-02 4.411363027391724811e-01
1.002251669915768240e+01 4.605024937869851342e+00 -2.829728456415608662e+00
6.242315610979051854e+00 1.019854056289325861e+01 -5.359894474886330862e+00
-1.508790957189215831e+01 3.749630220535593583e+00 -2.083858225301456368e+00
-2.316241377561917503e+01 -5.307415785696192323e+00 -5.237733446547179206e+00
6.234359917598761847e+00 5.084796806163926597e+00 1.985864042274254393e+00
-8.771940549451972657e+00 2.634502570643936004e+00 -9.007775752366820043e+00
7.990900319431186283e+00 5.264278538308396094e+00 -1.016334241637471081e+01
3.000987308746459803e+00 6.218128193127525627e+00 -6.086040997753847215e+00
-3.455283356236144687e+00 3.520826384425922662e+00 9.623883998116178340e-01
4.055543560227366839e+00 7.817421569566576078e-01 -1.038542160442601769e+01
8.377066087221699542e-01 2.530796184965673046e+00 -1.052975424794299508e+00
3.188928820114376617e+00 1.088521726203591555e+01 -1.212618662009268000e+01
-2.630634096875619665e+00 -6.611932648004406943e+00 -7.937575675688771648e-01
1.188692648849852240e+01 2.283498080412579956e+00 -2.034038130653969034e+01
4.958205951023436420e+00 9.080242726042085266e+00 -3.342422460589280941e+00
4.399818217372448714e+00 5.106223219259520718e+00 1.403341309678196858e+01
-1.327368553485424663e+01 -4.642606674100635544e+00 -4.746288670098006257e+00
7.853247591184907783e+00 -8.147672284735699932e+00 1.011834028961567170e-02
-5.168845685451775473e+00 7.398333238140314627e+00 -1.340973948322370468e+01
1.427639936508890095e+01 5.846806032295854827e+00 7.801087676631840218e+00
-2.660700557233898866e+00 -1.374916442501421798e+01 -3.146359798197750912e+00
4.997723313642253196e+00 -5.058687018947237490e+00 7.391412631582208626e+00
-1.834510305116521467e+00 1.036499106201494058e+01 1.222749359960210214e+01
5.254506508076929316e-01 1.920354818040508560e+00 2.491202654787403048e-01
-3.674276270830767466e+00 -4.230618570704464787e+00 -1.750084182060808180e+00
5.288530381446412854e+00 6.371580028820376107e-01 6.659109774027856865e+00
2.243440377233030691e+00 5.693369374423610907e+00 1.232348676930878995e+01
5.450095721609020671e+00 -2.292099396251224275e-01 -1.010988354135291756e+00
3.680308310134630556e+00 -6.017183625310768669e+00 -2.630177985122159168e+00
-2.772179535268133765e+00 -4.945682046895744755e+00 -5.755142589045066925e-01
9.537803871299091796e+00 6.789091518857031993e+00 -2.916495723087960457e+00
-1.135646929745804101e+01 -5.124105844180228075e+00 4.684454347517141848e+00
1.202206828325487109e+01 -2.103852607631725991e-01 1.420240393006669377e+00
-6.043240600302212329e+00 -2.134145755421697377e+00 -6.058644724302430618e+00
4.278296849055506890e+00 7.504014658114348535e-01 -1.330752092634006400e+00
-2.594581272699618690e+00 -2.328295059064777295e+00 -3.898550955513403249e+00
1.139546608262307359e+01 6.456272810357737590e+00 2.085555450018230506e+00
1.430957059420142397e+00 -3.125526712365241711e+00 1.072501538283056455e+01
-7.733522355604306675e+00 5.653323978077573919e+00 -4.795909495832889391e+00
2.084222023636689958e+00 -7.401896105227112166e+00 2.867032457946754320e-01
-2.572761135346803396e+00 1.615564170784600240e+00 1.750791824354787529e+00
-8.112794899143011662e+00 -8.374325732797315069e+00 2.354476298813201307e+00
3.657680986764371589e+00 -2.562860108187187791e+00 1.118318756838976924e+01
-1.363699939351958434e+01 4.878866086737022378e+00 2.346729592592942559e+00
9.335260273549193855e+00 -8.348725066679207885e+00 -5.719191051906367562e+00
-8.544393116553141709e+00 7.387712401224863612e+00 6.762116912292763793e+00
-1.008765222920839122e+01 6.430650093686912427e+00 -5.868487756235321484e+00
-4.540872382823964770e+00 5.185466898745457520e+00 -6.164291879817490383e+00
-5.402460351355935941e+00 -6.216516636061085066e+00 9.791535622648581239e+00
-6.954731509814190415e-01 -2.267128988664297573e+00 4.766358117699358132e+00
-4.041987225861804589e+00 4.793623690149034111e+00 4.954425575942157600e+00
5.003121705634975491e+00 1.800662367555530663e+00 -5.674490389986753591e+00
-1.721235016377163163e+01 1.030059354023990181e+01 5.699455778519624261e+00
-5.321579120410407926e-01 9.610040701531282537e+00 6.943549047823874609e+00
-5.714558828972264415e+00 6.982990206990959514e+00 -5.269732597593597134e+00
-3.090980393916547442e+00 -3.184155516578617284e+00 -7.262485026864539783e+00
-4.170460567954940245e+00 4.319836998185633270e+00 -2.296389568753239629e+00
-9.238564783295185379e+00 1.992877025569821381e+00 -5.965330278431222766e+00
8.286615089353473351e+00 -1.200334912323150682e+01 2.092223741080978971e+00
1.288493617001654101e+01 1.260307956023120113e+01 -2.531686452206822313e+00
-1.353370277900156537e+01 -1.934230518812142696e+00 -1.067235451865781215e+01
4.655686552143952994e+00 3.388535098280046398e+00 9.649824365465446974e-01
1.517594058958058989e+00 -2.712838849210011283e+00 -2.948262761170034718e+00
-3.893221657149002368e+00 9.119506987365650907e-01 8.317191480634544831e+00
9.151464495621864259e+00 1.467254480770412428e+00 -4.145406094922177154e+00
1.011128023325016112e-01 1.595523975039364384e+00 8.571778573244269950e+00
8.269453752054101159e+00 -6.096335923535998624e+00 5.582866271693093019e+00
1.322933527430696898e+01 -7.379391052068089429e+00 -5.701897819525505007e+00
-1.006948599955233625e+01 5.876906005424105572e+00 9.482662098804507167e+00
-1.065689107998797880e+01 6.407940136728014657e+00 5.705969358792886137e-01
4.658893189187661044e+00 -2.685195810676750394e-01 3.084975807111258739e+00
-2.661906053548398710e+00 -1.328663013611754096e+00 1.506004987380740401e+00
-9.361005698400337582e-02 -3.419289680083926197e-01 -1.417220544566507812e+00
9.544329220414226045e-01 -4.538913832567171625e+00 3.762309323745314238e+00
-1.163817052363892879e+00 6.994225919238297173e+00 1.392194010186710607e+01
-6.760225854569288373e+00 6.010208627962295935e+00 -1.151578348081909198e+01
-7.628149553285594742e-01 5.316299056655166666e+00 5.138944512077769033e+00
7.367530431491891463e+00 -1.757530388609025995e-01 5.902714501932297075e+00
8.708589922020815166e+00 -5.995570125501206604e+00 -5.286966789615825668e+00
-2.990501712695083025e+00 -1.277269402519406860e+01 -3.873435807228686745e+00
4.908880265802214815e+00 -6.704967982522264336e+00 -8.340563610147730955e+00
-9.550035017812835036e+00 1.233956753224055403e+00 -6.988967292372595175e+00
4.353533715311773022e+00 -8.616744860310475929e+00 2.085518276480245792e+00
-4.389262331690032326e+00 -5.810926400457861796e+00 -1.102800234954267600e+00
6.862457692039763968e-01 -3.867341622904922893e+00 -1.642705210091259804e+00
4.196988747694104127e+00 1.197283507331298402e+01 -5.368423230830157600e+00
-1.395466003083152096e+01 1.688833162149973255e+00 8.863443039451615491e+00
-1.006143135436723135e+01 1.587163226806906469e+00 1.184450047266813399e+01
3.015412370570017320e+00 -1.274216296920616553e+00 1.307561487019235358e-01
4.055044930626134914e+00 -1.176721371844040753e+01 5.440003578000109918e+00
-2.001164118528681257e+00 -1.071011703899107559e+01 -3.634104835973792635e+00
-8.623187829590362341e+00 4.973922738060911897e+00 1.843155483252645999e+00
-4.874762861817319326e+00 9.683386646033412148e+00 -1.035512765486320319e+00
3.193181109171169485e+00 1.016033227556271612e+01 -7.099283259611497421e-01
-1.443535337044576394e+01 -9.757275694159287527e-01 1.291965816943690015e+01
-6.399947432828734684e+00 1.056711687498813168e+00 -9.986341602562252007e-01
-3.071033032564077114e+00 5.181777965769693850e+00 1.239214974612971476e+00
7.840462147730236531e+00 3.207634758137089204e+00 -1.899967400410981444e+00
-4.647500282151097450e-01 -9.798913105636383181e-01 4.398535307629874325e+00
4.966871084926461677e+00 -4.018660312178806038e+00 5.511781179371176620e+00
-6.509074543986866246e+00 7.194117448637357803e+00 -1.050755899430743234e+01
2.186755743677313735e+00 -9.001009016547872887e-01 -4.561143392771149330e+00
-4.667765765939657641e+00 -3.715481005860846508e+00 -8.100865646866516556e+00
-1.683173376345135352e+01 -1.550708804985694855e-01 8.413276461125757777e+00
3.021212047160897196e+00 3.410024173962225458e+00 -9.465024913039751908e+00
6.592041670353148142e-01 4.703549814225164716e-01 3.197229501401104290e+00
1.281003808455216841e+01 -2.142661472706826942e+00 -3.164478615406534079e-01
-5.151525362774876937e-01 -4.188176082533010103e+00 1.544986010834520807e+00
-4.554445971773771973e+00 -7.090348552150942396e+00 -6.357446165155810291e+00
5.273100477470537006e-01 -1.232724055483226611e+00 1.975182788234967901e-01
-8.658163411754692618e+00 -4.968719947027943284e+00 8.004488706122096175e+00
-1.745339671658998171e+00 -1.991734983728371766e+00 7.434374453327791343e+00
-9.270246699895446696e+00 4.317810735068700723e+00 5.219027703733130963e+00
4.366145014572809124e+00 3.656951365552767452e+00 5.718120823949116804e+00
3.733891444484962907e+00 1.614733363287990286e+01 3.377682374134904908e+00
-7.463955164025064093e+00 -6.119465667225443717e+00 1.434170510865574233e+00
1.707334191286072667e+00 -2.488317149795392869e+00 -1.436591861043353680e+00
-3.296244820050971303e+00 1.411944854431350649e+01 -5.031844105317717641e+00
-6.869826806229351490e+00 -6.363217476319354304e+00 -7.573258147663090689e+00
4.726271437910122053e+00 -1.530474650306926643e+00 4.080785860655598896e+00
8.196467802584368911e+00 -4.273156821580479381e+00 -6.888473176981389834e+00
5.613058195736639000e+00 -1.087918787712436774e+00 -1.222977837958769243e+01
-2.023286203513621473e+01 4.401291477072104996e+00 7.688950911841907043e+00
-6.840872425624873188e+00 3.410529183693505662e+00 -7.133593414961926449e+00
2.090311517949571929e+00 -1.534094099707059788e+00 1.799014117620926712e+01
-8.898624363322371167e+00 -7.073455002182009288e+00 -6.384882249670545740e+00
-3.314646407451142807e+00 7.582778850511764368e+00 1.030592168302119749e+00
-6.454218514753438996e+00 -8.107314462497868135e+00 -1.262658957169289664e+01
9.482640498201936552e+00 6.277236478183560564e+00 8.164786216703211252e+00
-5.731772101902904204e+00 -9.685010147502337574e+00 -6.235620114900586763e+00
-5.117399305429537471e+00 1.954368699459160696e+00 1.684540128591145214e+00
4.569449658443240025e+00 -8.876957894952811401e+00 -7.082793592755415979e+00
1.235190698560234956e+01 4.872080976672012120e+00 -9.660844674798413356e-01
-3.752097980252869558e+00 -1.763571606622051646e-01 -1.023081775015958073e+01
5.671900699695829884e-01 -3.729051365621690373e+00 -1.299000985043707068e+01
1.088391905282862027e+01 5.172485452540651618e-01 3.447049983131968975e+00
-1.231382744502340643e+01 -1.378943617953754419e+01 -2.722560254002722502e+00
-2.041332415436027059e+00 1.007486118015912524e+01 -1.236540249798303126e+00
-3.907156487247084975e+00 1.993569972744551322e+01 -3.390118930596314417e+00
5.176910321446168695e+00 -5.222102925846001220e+00 -1.843632615169113587e+00
1.523183293362939894e+00 -7.499668766897412020e+00 1.947261654353057203e+00
-3.833218445329380053e+00 -2.729682680258860739e+00 -6.285798471714639790e-01
-6.562534692344771159e+00 9.475335318415867292e+00 5.187190846045246495e-01
6.574991941324097589e+00 3.391319079848741147e+00 5.953207283613505041e+00
4.173034573829803029e-01 -3.193547467229921999e+00 -9.354637038360190004e+00
3.561599636183502060e+00 -1.342487732055245742e+00 -4.605059016580102416e+00
3.082710851652620487e+00 3.236685376762832522e+00 5.420808863089265017e+00
-4.221856420807933219e+00 -1.370841642877851640e+01 1.668894647580188018e+00
-9.673101479492288490e+00 3.059530043958745171e+00 3.998084232325172849e+00
-3.473228429612143842e+00 -5.647667718656600222e+00 -9.449140853980391164e-01
-8.064330320480577186e+00 2.783922008381031876e+00 5.131136331671571682e+00
-1.371040660443344805e+01 -8.035868322608241243e+00 -9.762871115741576844e+00
-3.384771161250821780e+00 -3.024968654090545161e+00 -4.286831471046800957e+00
-4.179911885926231641e+00 5.925807153314108788e+00 -1.673578786219697578e+00
4.902242355807567620e+00 4.492850126610078432e-01 1.007093098628670802e+01
9.449282302618811968e+00 -1.336791092913226509e+00 2.753926819445667196e+00
6.011203541095964553e+00 8.771059356802020091e+00 1.550413632511060769e+01
1.003199871305215929e+01 -1.248661364510825145e+01 -3.038967618602490095e+00
8.967875955364162266e+00 2.261744751999642311e+00 -3.625884165017532190e+00
-2.630779573304900421e+00 -1.296200897867878510e+00 -1.226858618399339917e+01
5.608660696408762192e+00 6.922748707245432342e+00 -1.148059713478336441e+01
-7.512549396163356263e+00 -6.824415039746111189e-01 -5.312532324165992748e+00
-4.829673006274341596e+00 6.167585735857029211e-02 3.489866259791274850e+00
5.666714031166109500e+00 -5.332431597592353079e-01 -7.521822633761814814e+00
5.337882320418436244e+00 7.312353275038749323e-02 -1.105793690887017355e+01
-1.007638739300741015e+01 -5.195203101756018960e+00 -2.365225690221230970e+00
3.355116478908933608e+00 -5.119179057393454357e+00 -2.205043572516342643e+00
-9.657470218611313717e-01 -4.420957397603352490e+00 3.456288929324419001e+00
1.102451971457668556e+01 6.666361758209808919e+00 7.380091392607353029e+00
8.203097439710207439e+00 1.241400601503961365e+00 8.141089453546790367e+00
-1.144319538169692230e+01 -1.157999529440743691e+00 -6.846513483751847318e+00
1.337373760112706300e+01 -6.120367037725513271e+00 -6.564519390184996972e+00
6.642219313109586354e-01 -5.972584114313884918e+00 7.554179576856067113e-01
3.796748080894839728e+00 -1.037702310320825827e+00 1.890712052890182182e+00
-1.133378804806660156e+01 -3.959266839558664763e+00 1.387278461566762822e+00
5.304386484186196071e+00 -3.583286488178100804e+00 -9.214421673627933629e+00
9.467968339959581314e+00 4.724617937881725460e+00 -5.103300649636913988e+00
-5.357640845540467822e+00 1.186895024331227333e+01 6.084998637715570702e+00
-4.528526984300141223e+00 -5.662123253049651694e+00 1.551852087089413468e+00
-3.859057080314734822e+00 8.532670245163414435e+00 9.976278148667974577e+00
3.647430564942624742e-01 2.266951661851555888e-01 -1.513321360538334714e-01
-7.079649879106358235e+00 -6.823625710453177007e+00 -6.055520008475317795e+00
8.440772366072893940e-01 -4.035106035037384076e-01 -5.113801526977193035e+00
5.527221633923024235e+00 1.775968401758526216e+00 9.995805346137895953e+00
-1.098069447486546002e+00 6.395280741856828044e+00 -1.253571629486682326e+01
-4.576783226615570577e+00 -1.183679087090812843e+01 6.932743063529848371e+00
1.220065329020914024e+00 1.343398315350744054e+00 -2.542507237368617501e-01
-6.662235113149054477e+00 7.066563665852332754e+00 -4.615678436912336480e+00
-7.938708827337610963e+00 -7.613671979994909300e+00 -4.969340791353215714e+00
2.668956663140302776e+00 4.345212000056245749e+00 -7.134790292010373403e-02
5.259505804368501458e+00 6.357393524904658477e+00 -1.782355551133450566e+00
-1.681776299783335205e-01 -7.736775003315271348e+00 4.314662751563633769e+00
8.413952015196912271e+00 -4.602949638135321875e-01 6.300747448674102191e-01
-5.485720741456922234e+00 -4.386542101952258577e+00 9.943852859052435988e+00
-6.675872586718893942e+00 3.181415132620878605e+00 -5.896013987449080673e+00
4.457871866208063416e+00 -2.129100114053375403e+00 2.764493993718221132e-01
6.590573561865091357e+00 -7.303376125527221596e+00 5.407250180866292943e+00
-1.152520950774464481e+01 3.703501940301051842e+00 -1.001984478753916541e+01
6.012926523119561217e+00 3.346614872987381251e+00 -1.027103725459119410e+01
-6.685096032219923323e+00 -4.579785624017564949e+00 1.024203712165203406e+01
1.874496597791279306e+00 -4.527701083342146049e-01 -7.502763131466985591e+00
-1.140205401444346789e+00 4.787480842808320425e+00 -4.202121488620478296e-01
-3.154580723831905686e+00 1.670518680602033124e+00 6.459930132892480970e+00
-1.245751660030993913e+00 -3.348313929807068323e+00 -1.752928996246441429e+01
-5.765372275605002983e+00 3.595380364257696915e+00 2.574248386818103196e+00
1.605007051627243553e-01 2.134234500406936963e+00 4.464273106683989134e+00
1.864553190629495871e+00 -1.020477671344518944e+00 -3.940444757442951307e+00
9.149989550002769478e-01 9.479577891950849988e-01 -5.462678085418084528e+00
8.544944516695495151e-01 -7.608071158771345655e-01 -1.209930347996952982e+01
-3.038254450099978410e+00 2.033304853449406480e+00 -4.767603218857597192e+00
-3.671337172966189222e+00 7.274937291867338729e+00 1.439236531988313361e+00
1.159847323202674030e+00 1.013484245419062546e+01 -1.008160955637628220e+01
-4.421881209212529917e+00 -9.830054081555514855e+00 6.358901806403945756e+00
-8.492288736270575455e+00 -2.045879781892636640e+00 6.571724377588373800e-01
-1.609972294326694353e+01 -5.331239669480303950e-02 2.226000893924144464e+00
-9.700901843446375850e+00 -5.595653478318080687e+00 6.894079338298904069e+00
2.319741474316344920e+00 -1.335672445023277888e+01 1.778750920974511818e+00
2.215322694937054582e+00 -7.573850580319441583e+00 -1.532777376074735409e+00
8.775910574844743905e+00 -1.640788507823492637e+01 -9.618280216311262620e+00
-1.063421015726248475e+00 -2.140022364633475505e+00 -4.187114666737363322e+00
-4.803485373041358919e+00 -3.025815788097557579e+00 6.930691758902629118e+00
-6.393798101560143055e-01 -2.648921037871650341e+00 -1.300777623206762001e+01
1.023417949024480800e+00 2.739610258161437439e+00 3.328188995229959701e+00
5.591107388648837606e+00 7.295917342925271498e+00 7.201918512595835153e+00
-5.564058003872370151e+00 3.626058014965848120e+00 5.576230886715161539e+00
3.197778951235317746e-01 1.988801018746842120e+00 -3.417828675776953151e+00
-1.733367572823850367e+01 2.645916198856503421e+00 3.579421598519604508e+00
-5.516186807597548425e-01 6.056460611880475575e+00 2.889610220975852961e+00
-3.267562644819667073e-01 -1.751771596366191508e+00 -5.775098216391736511e-02
3.489431574896390664e+00 1.064043122044507683e+01 -5.680129944033147638e+00
-1.245324420859408932e+01 -7.842912837214014665e+00 9.162739548309872806e-01
-7.862051975584078534e+00 -1.031991097717660999e+01 1.441299618493779633e+00
1.799511230681102303e+00 -1.259902335548965091e+01 -2.008268242018790950e+00
-1.948751811609093609e+00 4.674300097735913262e+00 3.237997057733630779e+00
-1.400838245858018460e+01 -3.828237628115809699e+00 5.275088428377916472e+00
3.874858866432010274e+00 1.388065137439489938e+01 1.151003928083531846e+01
1.193431356215205064e+01 9.710207400960644719e+00 7.213654283089342201e+00
4.192982079932578432e-01 -2.215941127650758791e+00 -9.944824370686211168e+00
-8.537726301379462424e-01 -4.339678004818742885e+00 4.206740226850348208e+00
-1.490541232289351203e+00 -7.659117016975575787e+00 3.853120779092865877e+00
-5.216936934191046760e+00 2.186656258457444491e+00 -3.428355327379619677e-01
-7.738770193808474751e+00 6.156521256079449778e+00 -7.843016721150209314e+00
3.236594922803060825e+00 8.136307705683364588e+00 3.578476680589711023e+00
3.404562286540308014e-02 1.716406947885011469e+00 1.070681343240834416e+01
-5.783107284472315257e+00 -1.272685022370936503e+00 -3.949536474789938190e+00
2.032045159841364246e+00 -7.237798243109478946e+00 -1.838921787492111326e+00
-2.093669204216131785e+00 1.026128607495290668e+00 3.930607629078408216e+00
3.497964480925954245e+00 2.274343606995481437e+00 3.459506504832202900e+00
1.490996661954293145e+00 -3.668558163697828167e+00 -6.220264338578291863e-01
9.520947183691063076e-01 -1.233760213829523344e+01 -1.196549289674821281e+01
6.271604453671242752e+00 1.133087348919979931e+01 1.213433517534225681e+00
1.653112372473301894e+00 4.578886398513644984e+00 -6.212847359517708945e+00
1.631316258369121641e+01 -4.354619026061134157e+00 -3.409524444555157796e+00
5.977069920592477104e+00 -8.146848615932059445e+00 -6.481011092957551512e+00
-4.880212107800063315e+00 -2.078818840546927671e+00 3.978305651508678764e+00
4.178366085186788759e+00 5.974178322331233026e+00 -4.689803656339673665e+00
-8.898984788940316193e+00 -1.207004097405591025e+01 1.545148624690243544e+01
-9.456748469692429770e-01 -2.206804269939188212e-01 -1.176284464282245068e+01
-6.903803099488112771e+00 5.364058732035076105e+00 1.660678945668309980e+00
1.289553740832737327e+00 -7.683491003983478507e+00 4.188738063942656353e+00
-4.448106270163524556e+00 -6.975471911574511186e-01 1.351032827326784203e+00
-1.343811564189370200e+00 3.745506282123492459e-01 9.353054102251789903e-01
-1.620129576332331789e+00 5.775564203056934076e+00 1.489560774992936709e+00
2.552930807635526822e+00 1.587677529852275526e+01 7.473636920176237375e+00
1.444465766845882371e+01 2.259689142214419189e+00 2.529243766893335188e+00
-3.691358030641707977e+00 -2.595183301159511124e+00 1.474215876816371384e+01
3.787509309450999506e+00 1.195914290668867785e+01 -1.190236787468530011e+01
5.702691997008387581e+00 -7.262072384437535666e-01 -6.549082696874588549e+00
-4.251992519774368873e+00 9.191495712207375490e+00 -6.123297099918076469e+00
3.055912164398574937e+00 -9.646104907397063499e+00 -1.158933440205342391e+00
-2.183354892977714456e+00 -7.407779130867190531e+00 4.506107663074645053e+00
8.730727738186724096e+00 9.060797034752612333e+00 -1.409060109553307960e+01
-7.925868039742636206e+00 -6.551977223049162413e-01 9.661185929529560568e+00
6.717431628996750170e+00 4.047505913978663439e-01 5.012951363615169242e+00
6.401974034313049344e+00 -1.155817521921993496e+01 7.297231148132347300e+00
-8.418329559275369078e+00 -4.208289406939415223e+00 -3.702955256196773348e+00
-5.430682490796453266e+00 6.335822090683126184e+00 -1.025850717272603596e+01
-1.172186278260371806e+00 7.449195204764397005e+00 1.758563863523126880e+00
8.376241479100059451e+00 -6.539160241946430752e+00 -4.112409490818050850e-01
8.431923424427394398e-01 1.780022868286946780e+00 5.746311255882674551e+00
-4.934521968486446086e-01 2.066016289375421700e+00 2.313882828586662832e+00
-1.088612009190454977e+00 -1.525788061987500477e+01 2.952725711758576121e+00
1.416380846138394745e+01 2.535444123506728875e+00 8.321965628819375738e+00
-8.361392099491585128e+00 -6.943645894134088614e+00 3.689044238905740958e-01
-5.465438756455313296e+00 -4.415014059489374976e-01 8.366211240769013457e+00
-6.897895228573331039e+00 5.749823239404066033e-01 -3.543897767229452711e+00
-6.119934228190667902e+00 4.017137144922011238e+00 1.375840597986798475e+00
9.764144649256396136e+00 -6.808796421086701911e-02 5.698623245259799575e+00
2.899316674512306236e+00 -2.831954028436014958e+00 -1.089255532255360093e+00
3.205196299233913582e+00 1.227304790677885471e+01 -1.394206434556636565e-01
-1.145879947364226403e+01 -9.305306611547617734e+00 -1.195478514151676031e+01
-3.269407481229322343e+00 -6.478454005442219277e+00 1.192770188596468195e+01
6.323900419882398261e+00 5.199731889136988805e+00 3.973309135432274264e+00
-6.484177488977630688e+00 -2.946032761672412903e+00 -3.599137328709635764e+00
1.279489651523987526e+01 -1.682723408132496212e+00 4.393090902667780462e+00
2.242968860799564812e+00 -6.596837034760516971e+00 -8.281778266330018567e+00
-1.623304025840909048e+01 1.152205775839639568e+00 -6.895126196550189768e+00
4.569150489483665645e+00 -9.824498487091105403e+00 3.232167591709312338e-01
-1.288832291319031853e+01 -1.102281978822105302e+01 1.494390660061252163e+01
2.046015819034195105e-01 -3.188272450722963836e+00 2.473083138188227892e+01
-7.004859641792920977e-01 1.383802208078114404e+01 2.748671602244603829e+00
-1.234183115038714362e+00 -3.886122435780566153e+00 2.780614077501432746e+00
1.181724164946180267e+01 3.647839559637031215e+00 5.833452395293563519e+00
3.190782914994819031e+00 -4.234535824199413767e+00 -1.295654968774014204e+00
3.159004253728612710e+00 5.350256920351868395e+00 8.246913977399550788e+00
8.917157643047334048e+00 -3.453275041217727104e+00 2.987800377612005231e+00
1.101661845224925607e+00 1.955766950459188180e+01 1.111511224744682114e+00
-9.902909594894141465e-01 4.714829996133429013e+00 -4.779840013507842933e+00
8.430735426777177244e-01 -1.529005432831623823e+00 -2.596723968957248552e+00
-1.022523371978300055e+01 -1.669356934510649992e+01 1.153407999226528036e+00
7.611004552371543053e-01 -4.236305151182849116e+00 -5.981322624859382486e+00
4.291918013142745458e+00 -3.482984004939700728e+00 1.430488059085317731e+00
3.440254397364908456e+00 2.031513961111877986e+00 -9.591376553356035117e+00
-6.217990112631650135e+00 -9.489089011583075717e+00 2.337227903576659216e+00
5.305821788667619554e-01 6.835805025156908243e+00 -1.034092712154994764e+00
-1.133247772207138793e+00 6.844059663638164537e+00 2.660293321784994891e+00
4.900928155966164823e+00 9.299007811779420152e+00 1.532868734977844127e+01
-2.514077240523612922e+00 1.147416680436849390e+01 -7.769977228847273487e+00
-9.904636063171134097e+00 -4.493699454493225609e+00 3.108511177221406463e+00
-7.171357919446315343e-02 -2.456397903653343651e+00 -1.183119227011199648e+00
8.138646210172298723e+00 -8.514961718044094852e+00 -1.115973495813635630e+01
2.341397031265505913e+00 3.386744020950783335e-02 1.200867920119716636e+01
-2.832762709043945559e+00 -3.757713194915634602e+00 5.010160767262834547e+00
1.985282696963974525e+00 1.202471652809951053e+00 -2.595334281299680690e+00
6.348437867667935386e+00 -6.809475472645574179e+00 7.777053797283838499e+00
5.208954833678858698e+00 -1.344312491503196938e+01 -1.231019281793495423e+01
-7.775098605844485533e+00 3.673719706181154399e-01 9.064364711101429606e+00
3.253626012092719844e+00 -3.769662357073066961e+00 -9.067176919798068724e+00
3.880167336125453392e+00 3.646004109075677402e+00 -9.010527799191587306e+00
-4.461904959804237514e+00 -1.645424214613598224e+01 -6.261284517770259184e-01
-9.756375713794781745e+00 2.000817098771137115e+00 -9.927534021831206701e+00
3.980480584841865177e+00 7.581102469443629310e+00 3.571090328876778575e+00
-1.573569212580154009e+01 3.007102820805506171e-01 -7.576267296593901968e+00
-9.950382908808773408e+00 2.140617118003416142e-01 -3.060393015926157645e+00
8.843291196036496160e+00 4.141109087986972526e+00 1.235939921167302202e+01
-1.745408724847176352e+00 -8.401918550115729190e+00 -1.001793735610288394e+01
5.145013402604085684e+00 5.189520033051564063e+00 -7.905958211428426585e-01
3.547940731736844988e+00 -1.018524416378368080e+01 1.616421852461815911e+00
-6.987571980543721972e-01 -1.685820587204471144e+00 -5.744481017309119864e+00
8.211508040488551430e+00 3.646592687514444986e+00 8.859207061032789099e+00
4.234498020580812039e+00 -3.817777494044552800e+00 -1.824911042633350355e+00
8.765369080936812329e-01 -7.479173863616715323e+00 -7.641782123737565942e-03
7.497012591429633055e+00 2.583635372313890066e+00 3.615590954237726806e-01
1.596216944505990476e+01 3.092485864038849286e+00 2.557939133024352274e-01
-8.596567220355373351e-01 -1.735469710870497906e+01 2.826239429358047950e+00
4.209031378971840986e+00 -3.615931768992436623e+00 -5.241498211646886674e+00
-1.295923255917825578e+01 1.087031174120996369e+01 1.193803506907548773e+01
5.708981370169763370e-01 2.338336819550282275e+00 4.685365362435184311e-01
7.341294389050278646e+00 2.980670006723235232e+00 -5.559916633642452144e-01
1.231418656623126395e+01 -8.815793791665999635e+00 -3.808527639634690320e+00
1.122258889394109715e+01 -8.928071065289101327e+00 1.026847321186686379e+01
-2.204981491447028930e+00 -1.121692666950278117e+01 3.948921038407808837e-01
-2.334747483452770567e+01 -2.648660712528381200e+00 -7.547711709825489557e+00
-4.117780067817163214e+00 -6.337182685135496207e+00 4.669993851829355336e+00
7.955382346196091525e+00 -9.333451431229445205e+00 4.900210999466036554e+00
8.222023611437643265e-01 8.906912163125749737e-01 -3.637548036606317758e+00
2.231734923621745637e+00 3.437023985047016783e+00 1.182390741514189658e+00
-1.325545196857815888e+01 5.165551739463496439e+00 -1.015996743163839078e+01
2.813794465370392128e+00 -4.946686759170016323e+00 7.412432062240389419e-01
7.792199061354416756e+00 5.334915379785119427e+00 1.334316496111283668e+00
-1.321115580225772579e+00 -6.434137983123751070e+00 -4.497721525672774945e+00
-1.878554321732849974e+00 6.478236366814553726e+00 5.759340739889956540e-01
-7.958853430105879312e+00 -5.284086589388808264e+00 -9.649312991326777222e-01
-4.723062397299828241e+00 -5.951400896366283000e+00 5.689619637847471267e+00
-1.595691608543856077e+01 8.957196591731332092e+00 7.095517470068791965e+00
2.440805555146713157e+00 2.379978454508771879e+00 1.250837396871640639e+00
-9.416070358005603325e+00 4.164507145403786303e+00 -3.353378872161549396e+00
-4.070726664764478642e+00 -3.438839305164703042e+00 1.180600715718917781e+00
1.804583291833846914e+00 2.040502952540426573e+00 8.993806464340231344e+00
2.336069629893337218e+00 -3.139663273052777814e+00 -1.780224085325262939e-01
7.231364509631442727e-01 -1.422797599579711125e+01 -3.946239640751068478e+00
-4.447479947511529197e+00 1.276604909366600316e+00 4.106146496697071768e+00
4.969569175955052209e+00 8.085416166893463208e-01 -6.422228371012340453e+00
-8.406015638347268393e+00 -4.382237458248770423e+00 -1.301896069703604475e+01
1.623076009040262946e+01 1.424008612547761388e+01 9.460109671954414212e-01
-4.762118821853354333e+00 -2.336919608479611554e+00 -5.097615239792326669e+00
-2.820385665710142931e+00 1.983254692549142462e+01 -9.294538008756829228e+00
-5.787080559752801889e+00 1.916680423330503702e+00 6.574357360072633938e+00
4.497357898387919661e+00 3.923563387200005526e+00 2.051524147472914450e+00
1.261422574372541661e+01 5.905929825606770045e+00 8.557767172653486298e+00
-1.547520886958576591e+00 -3.943815658639932553e-01 -6.037603446044814248e+00
-1.097308365230658822e+01 1.686081825254392097e+00 -1.184541632342524764e+01
-5.306838547088055691e+00 -6.711151170581040049e-01 9.257322390587381378e+00
9.402434896728976810e+00 -3.949321778430599394e+00 1.233731613627355728e+01
-1.464096833097846551e+00 -1.020184707211986996e+01 -9.533990182429128879e+00
3.083342200547532830e+00 -2.034383560047972050e-01 -3.609129083221808698e-01
-3.827336846048072228e-01 3.055305683342143919e+00 1.257398904565258713e+00
3.677442353033766320e+00 -1.135922936684716866e+01 -5.280881813966792571e+00
-1.121470792009684914e+01 1.519938574041128865e+00 -3.839354399137943741e+00
3.845038866091215812e+00 -6.736633912233012111e-01 -1.281058501297622598e+01
-7.603619136228942921e+00 4.998590218382655825e-01 5.006017406978211959e+00
-2.008758331520097862e+00 -2.983293820894905135e+00 1.249550929433611568e+00
4.368660504326989269e+00 4.390001062639770524e+00 8.067098403582166455e+00
3.829429016731249469e+00 -6.440345709277991659e+00 6.202840350185320872e+00
6.998304574901702324e+00 7.619932707784237147e-01 -5.928628884628986961e-01
-1.818742285616083532e+00 3.190662764216754432e+00 4.671334528351294146e+00
4.747385477810325050e+00 -8.656564472820994283e+00 -7.432754009360730052e+00
1.216499560425992499e+00 6.541196494718566345e-01 -1.692977618454841071e+00
-1.071852425342562753e+01 -8.198077840736896604e+00 -3.415710835982863181e+00
-1.204617792787245012e+00 -3.527924702002308788e+00 1.720601702103159714e-01
-4.126150974980537178e+00 1.183918157316723629e+01 -7.692911023613651977e+00
5.862644118425373918e+00 6.034422902372697628e+00 -3.843989109344396748e+00
7.979856724244717370e+00 6.228328723371223674e-01 1.830074515202787522e+00
-2.840021803312845261e+00 1.237346598036821455e+01 4.377850206149515588e-01
-1.167536171834298386e+01 -3.044235542743418677e+00 -7.132693752391531916e+00
6.278507422136018867e+00 -4.453661365531161209e+00 5.049880744065482929e+00
4.409639256399643159e+00 2.421421040524982082e+00 -5.693607447192601256e+00
6.182964948108020664e+00 -1.167893770438699441e+01 -3.271959677090080731e+00
1.109929941657732222e+01 -5.703260090392674897e+00 -9.064903829967477122e+00
1.490510562582740306e+01 -9.263686913581350879e+00 1.685712500455126062e+01
-1.007616657455789877e+01 -6.055787374943228940e-01 5.427461585304243386e+00
-2.894431505522512271e+00 -5.838078878567553254e+00 8.786425079252689230e+00
1.440941576628694953e+01 4.969426083405615202e+00 8.864140907187730178e+00
7.030799839166407494e+00 -5.067913749101445653e+00 7.434247687223575873e+00
1.254349096531315322e+00 5.896369805421426413e+00 7.871955574259417610e+00
-3.993321732605583652e+00 6.006577285639759234e-01 6.523083822347582661e+00
-7.250953697857420721e+00 9.007354645920054859e-01 -4.243744492212163655e-01
6.388360092687090486e+00 -8.969391439075410588e+00 5.699873699314047526e-01
-4.081730249215216766e+00 1.101937840521627576e+00 9.778364515226472875e+00
8.523942858271279732e+00 -1.108913534905421372e+01 1.703718042046018510e+01
-4.202377580517128841e+00 -7.368396970997532769e+00 1.141135826680092835e+00
-2.780602546888717441e+00 8.126581715233202274e+00 -3.309994331366328701e+00
-1.448089895032782071e+00 -7.569283909484133765e+00 8.170847982201985715e+00
-1.485526381368925453e+00 5.822004749035870202e-02 1.314757136397750825e+00
-8.163331683173987940e+00 5.900115944332285700e+00 -1.252089014859975613e+01
-1.042935449154666294e+01 -2.547508318263258964e+00 -9.726001551860070649e-01
-1.214493714388964207e+01 1.306600430356137155e+00 7.685420762737999567e+00
-9.502171482535420877e-01 2.076258947197564098e+00 1.185513187591767492e+00
-4.478339753705788517e+00 -2.960935905748087738e+00 -9.024617726047251764e+00
1.296238595452202169e+01 1.583597538784389691e+00 7.405500418442979793e+00
-2.480917068099372180e+00 3.607957224815938169e+00 -3.368825826623906838e+00
-1.032002308623169773e+00 2.051850851281257437e+00 2.111824864012564973e+00
1.974954460872043960e+00 2.290413526072043293e+00 2.986176372748851726e+00
2.786140868025157591e+00 8.497227283097071648e+00 -8.596726325865644114e+00
-2.043321952302135647e-01 -1.297335230144350859e+01 8.224568218105662964e+00
-1.048991607348335720e+01 1.171216702219118133e+01 -3.689352380013047415e-03
-4.987269445519324940e+00 -2.212689030189988415e+00 -6.932490665625465454e+00
1.792283642233861940e+01 -8.896044887585590644e+00 -6.792104492610891997e-01
8.985026567282133669e+00 6.804859573555736674e+00 8.287904951454715174e+00
-5.468674404589513038e+00 -1.880872459127979290e+00 -7.270029750184397344e+00
-3.644257584144866779e+00 -4.389691939744320592e+00 -6.887223612690747565e+00
-1.243647035471230344e+00 -2.124439603085181094e+00 3.981083344276916680e-01
8.074534433792914356e+00 -2.105868392468695394e+00 -9.465886869926741554e+00
-1.506243689016921516e+00 -1.165314849948458908e+00 -1.397183055743494773e+00
3.099258114199836989e+00 5.213436554710212611e+00 -1.461277945154139424e+01
-1.092335961201639805e+01 -5.550797440010751815e-01 1.039147950051656277e+00
-6.435555750520719265e+00 5.065066736100463096e+00 -1.518461284696706715e+00
2.772890715670467843e-03 3.967741100737709470e+00 -9.050768495191150009e+00
-1.404072684230123658e+00 1.483477768725740376e+01 4.535488143789633497e+00
-1.212395413618759399e+01 1.328546948215715062e+00 3.898073380018832523e+00
4.100990094058660773e+00 6.662913459961500529e+00 -1.088946370029975075e+00
-6.820036046156981335e+00 3.198533099431209781e+00 -3.058745126132241587e+00
-1.534413007527666073e+00 5.035473231304261887e-02 -6.890649098851959309e+00
-1.010542082556320942e+01 4.074954219901032459e+00 -9.313859909059134523e-01
-1.879154698741659146e+01 -3.638975359958040556e+00 5.828093320615062467e+00
5.352067683319521763e+00 -7.343540180033984122e+00 -1.249746154612738414e+00
-4.923631250012792115e+00 2.523034157838017322e+00 -1.903887721247914300e+01
-1.005665231910303881e+01 -8.067646196304201212e+00 6.305524681316311941e+00
2.127813408529526384e+00 -7.231086083977397827e+00 -3.813011629642516276e+00
-6.672096146226017765e+00 -1.750208118092082188e+01 -1.194286430690883194e-01
6.429753572374973025e+00 2.515296320374960537e+00 -2.498573887296788310e-01
-6.731334637329427828e+00 7.338465872955956648e+00 -1.951123470132154758e-01
8.472853701244062563e+00 -3.039124009272009541e+00 -1.155467950724968595e+01
-2.655035261763282861e+00 -6.781960402111176123e+00 -3.589773751184648365e+00
3.671540776706071707e+00 -1.654728712362920007e+01 -4.812900165700101596e+00
-1.125672347945287255e+00 8.341615270417078731e-01 9.726922301650551717e+00
1.081212984257652554e+00 -8.799290693983465417e+00 -1.634205315375721668e+01
-8.813086300303007992e-01 3.160927313122170013e+00 -5.395702283291039514e-01
1.070016599945587288e+01 -4.348821384076162033e+00 1.070926997001345882e+01
-1.036075082939819048e+01 -1.253992527636651033e+01 -7.698209319758845481e+00
1.454848193774015641e+01 8.616835104364376718e+00 5.689181903470552193e+00
1.063000602852525311e+01 -4.105864923255248655e+00 2.932118050647449237e-01
-1.843215242515434948e-01 -9.061803187897751855e+00 6.070343957564150905e+00
-4.898926275583614043e+00 3.453936709698067098e+00 1.868166166034443965e-01
-1.497899492847127645e+00 3.898432223701334909e+00 -2.307707666900873811e+00
7.434457872737251449e+00 -6.241779374086019239e+00 9.723030646256555443e+00
-5.010760792284393084e+00 8.358286831774581760e-01 -4.116992502829624812e+00
5.312124280883574912e+00 -4.734671552971141395e+00 -5.455049610743724742e+00
-3.208018296723890828e+00 3.855478921670414394e+00 -3.600356111736716658e-01
4.482462433395636658e+00 2.729224174595630270e+00 6.676975019647473530e+00
-1.267113571702173092e+00 -8.744085146196406200e+00 5.044082815670410724e+00
-7.420857189591382408e+00 -1.304710572690788872e+01 -7.143285648995706616e+00
-5.322827240968697637e+00 4.109812596420703734e+00 -4.550690656413653556e+00
-2.209258519881311500e+00 -6.741581454521711869e+00 -4.664135025354814168e+00
1.554951291159121674e+01 -4.582260780404282308e+00 -2.553540568761327734e+00
-1.622738190530465374e+01 1.121902673694711261e+01 -3.576312067105384518e+00
4.939171971036508069e+00 3.615282347995177226e+00 7.645859693256652490e-01
3.166078069057236544e+00 -1.150286821919721092e+01 -1.482238857647659103e+01
-3.954108458915584379e+00 -8.323696952636785440e+00 -1.376171282777113092e+01
-1.468908863694653455e+00 -5.735444899543201913e+00 1.163585748435231881e+00
2.353854712015417405e+00 6.444534785882582995e+00 -4.328472408544609351e+00
3.532501964804717343e-01 -4.301078336664732937e+00 1.011153393321090022e+01
-1.522400535875571670e+01 -1.387454413786787200e+01 1.193044176963773673e+01
8.066108059326213109e+00 -1.423756289620688520e+01 -7.567890588465234991e+00
-4.596801623948086890e-01 -3.867914112340479438e+00 -5.832774558788206498e+00
5.954463549145377677e+00 -1.602336131400858932e+01 -4.464697461343469342e+00
-8.776294139062883914e+00 -2.049869575838715985e+00 -8.589960383647634146e+00
-4.012542157781340268e-01 -2.087853701548890051e+00 1.515725380631199881e+00
2.455639391583305464e+00 -2.768193387023713203e+00 -1.069397484370804818e+01
-1.572835750870558158e+01 9.113370293891584595e+00 7.137090629575762790e+00
4.653988156060228754e+00 3.798663135800766977e+00 -1.325569912520913718e+00
-3.320252647347973429e+00 -6.983785304768577618e+00 8.697922166762877438e+00
1.816897445030238201e+00 9.743046935172429812e+00 2.692854292065249400e+00
2.324235574861625242e+00 7.923764551719028937e+00 1.439374441914488045e+00
-5.224890384216748451e+00 1.108779481551950852e+01 -1.373198919706527654e+01
-1.202077464547318542e+01 8.161144403888085819e+00 -7.561276852360180989e+00
-1.072892991315798383e+01 -9.884327805026838831e+00 3.225357326849109807e+00
1.017131493866605840e+00 9.409585593565656936e+00 -3.279561484537041327e+00
-2.874199465701498646e+00 -1.808257248306223364e+00 1.411621396863119937e+00
5.323181313081513544e+00 1.252510121285439304e+01 -6.132044703727717483e+00
6.745176321988476609e+00 3.520035421589252422e+00 3.422971060899976603e+00
6.946669463141700085e+00 2.938770227149630987e+00 -1.417710691702482251e+01
-1.822689196627428743e+01 7.320341106311527568e+00 -2.772743866317069372e+00
-5.419325069354512969e+00 -2.977361336839814854e+00 -7.467081775531723586e+00
6.306497549733507846e+00 4.769219111376274967e+00 -6.599203362640702508e+00
7.870653077805103592e+00 -1.182444982199946182e+01 7.826516271768843014e-01
3.463533472253981671e+00 2.279328405584427064e-01 -3.575800921013463807e+00
-4.545109864543634082e+00 -1.251682286515234921e+01 4.198424206314946616e+00
2.147547126916766302e+00 -2.704440677886026378e+00 -4.297173473341012517e+00
4.707741004924782757e+00 6.341201431352067708e+00 6.066786495658626599e+00
7.581153906595267111e-01 7.956416795924406316e+00 3.640620569500297776e+00
1.144726095927574017e+00 -1.419772691552879174e+01 3.352964684213295854e+00
-4.492075881778326618e+00 5.031500112742144815e+00 6.113788126807854439e+00
-1.387069568838347244e+01 -1.176986240238007042e+01 -1.018418957413540760e+01
-4.919801954401370470e-01 -1.416965774026526859e+01 -4.808703634092119650e+00
-1.775853873677285977e+00 -1.978304596545924054e+00 1.806490995904293229e+01
-1.348878439302454169e+01 5.874363533465932541e+00 4.807018957927660097e+00
2.355818097132519107e+00 -8.743104665822230004e+00 -8.673914630251980284e+00
-4.314297106897156731e+00 4.610139979494038975e+00 2.097479760102493707e+00
1.393293047013804831e+01 2.794805086381168202e+00 -7.106609324745554623e+00
5.071294124569231343e+00 -1.660153215074325228e+00 1.346057688536511421e+01
1.084281125674569779e+01 -2.874968331772349561e+00 2.197707767833770642e+00
9.984558793957543088e+00 1.514234569916817286e+01 -3.421238878686916340e+00
-2.852329154150720303e+00 -3.225725946491902363e+00 -3.641702748599598749e+00
8.978239828958328062e+00 5.372551623887813932e+00 2.074348466822625525e+00
-6.964514687183470443e+00 -2.593755920332074805e+00 7.571395911259902078e+00
5.509060355884051852e+00 -1.792838848028896759e-01 5.494760426285513200e-01
9.967989572743480409e+00 -5.856102524926991570e-01 4.214459337358917423e+00
-2.303116816394888744e+00 -2.389445295584319950e+00 -1.330426581874402769e+00
-3.841514732080545613e+00 -1.082160625336307191e+00 -8.223027610701775458e+00
9.055419884970740796e+00 -1.017934449710367201e-01 -8.321064500745978254e-01
1.398517313652706040e+00 2.375503828107321080e+00 1.185960867508435435e+00
1.021936827377110291e+01 1.719793344784179778e+00 3.848167621605101729e+00
8.171217583440384402e+00 -1.510102531526589020e+00 2.138072286846355752e+00
-7.487121151063120372e+00 8.895240262082419136e+00 5.951855299307700520e+00
-1.299363901526218079e+01 -1.320992460740611740e+01 -2.348057542325389324e+00
5.508363052118033565e+00 6.880185290681659183e+00 -1.156810977896801695e+01
-9.531495304197507012e-01 -1.400101962869288741e+01 -1.065441967020406722e+01
-3.096293359340144047e+00 -8.860245618218700159e+00 9.826306928154417974e+00
-5.432131235196198560e+00 -1.458425912476313480e+00 -2.557614611706570340e+00
-4.458946407157427849e+00 -1.471226752031295770e-01 2.574091139978889942e+00
-2.030453078271369804e+01 1.173494137033056717e+00 -5.428146997124597917e+00
-2.530839481528839752e+00 5.169609160090862687e+00 -1.025060522731540935e+01
-1.177493950157137270e+01 3.724302187851070922e+00 7.729115901076494488e+00
-8.366995192040167950e+00 1.264225423687295624e+01 -1.202312935110276726e+01
-7.172540833154284812e+00 -4.259969448808698544e+00 4.822136043452586729e-01
2.341367872574865228e+00 1.448640252360526759e+01 1.530759679834733156e+01
-3.793249241650490600e+00 2.166916662925464365e+00 -7.132577304688958009e+00
-1.488851845611113278e-01 -8.110991436522430931e+00 -6.129382722556237617e+00
4.611061708677019588e+00 -2.985906905795343125e+00 -1.834319715055824673e+01
4.087540156346856968e+00 6.275200227080978133e-01 1.020842244062978965e+00
8.035116423456885038e-01 3.053245297096993660e+00 -3.638328392912271170e+00
4.676084449856936942e+00 6.687116920030045097e-01 -4.419402390115124035e+00
4.297082061667916619e+00 -3.556556678704187568e+00 -6.107551635304947268e+00
-7.269560952448089530e+00 -2.997914257359296730e+00 -4.415606134820073692e+00
-4.765817736240440361e+00 -1.094014972267349961e+01 -8.995046198121126935e+00
-3.146015219723919287e+00 3.553024412879899341e+00 5.300549627516325302e+00
9.214191754741658968e+00 -3.026242346084547119e+00 1.857930716062735854e+01
-1.125515292168242887e+01 -4.612120457195452161e+00 -1.269146546221324456e+01
8.024254768954761641e-01 6.173413199714429034e+00 1.588273812187843026e+00
-1.191000060345969835e+01 3.057278572172775100e+00 4.697362693461120564e+00
-1.099515502536669631e+00 -7.128903715204957692e+00 1.122902488653305886e+00
-3.292745710313380592e+00 4.741488996453411264e-01 -8.638874371143408837e+00
7.443495680380449286e+00 -5.743526490250917327e+00 4.579174043808590611e+00
3.413050685559890329e+00 -3.107723707591027451e-01 -5.126532487929424953e-02
-1.987850124389565432e+00 -6.045929770981860685e+00 1.096724963524340168e+01
1.895475429106177723e+00 2.530238700964768217e+00 1.180998645413028392e+01
-1.384783086557506060e+01 5.131055784944234865e+00 7.310893483088939604e+00
-8.041116747891281946e+00 -2.889288510494312234e-01 2.781297454355538878e+00
-1.607026496534005844e+01 3.711601975209524173e-01 -6.881801371913331966e-01
9.020588503349719289e+00 -4.305209011450281120e-01 -4.772089020040220397e+00
-1.870797209346037659e+00 3.046226688833744589e+00 -3.909082826020137347e+00
-9.168602036006513245e+00 3.059098191947904888e-01 -1.462156043921220006e+00
4.055985920534642908e+00 1.451132617870224806e+01 -2.216477275029464789e+00
1.607610662028376769e+00 -3.264558010205945049e+00 -4.543659763263481755e-01
-6.211668654890416530e-01 2.262409505313812907e+00 -9.864291610825278056e+00
-6.004719508093792513e+00 1.386420240048320984e+01 1.155829115123730055e+01
3.219722697269573164e+00 6.052895094941181942e-01 -8.590879159310667035e+00
-5.415684145198782495e+00 -1.323202011126206834e+01 7.012557528390525263e+00
1.085907422842586456e+00 -1.021032633808865242e+01 1.765003836905066947e+01
1.378377723443126479e+00 5.516550230479245087e+00 4.627588057037572256e+00
1.632064111057486722e+00 3.079052836617419686e+00 9.559254012491432903e-03
-3.323644507284862382e+00 6.450566976835008681e+00 -9.958364802382279279e+00
1.511567234733971921e+00 -8.284304051966193683e+00 -1.035140594144228654e+00
8.542221205243308191e+00 -6.635761327300549794e+00 4.832953498635297329e+00
-1.939355220131122604e-01 6.767051847481260651e+00 5.772765513794265724e-01
7.422647870748201093e+00 -4.291297525743776653e+00 1.049908858040135051e+01
3.884372198721963709e-01 3.261111310013037112e+00 3.074966399267541117e+00
-3.308937633648540988e+00 -3.050055380105746727e-01 6.098721769099714862e+00
3.503364799461845536e+00 -9.377914659032612121e+00 4.421575263831806879e+00
-4.295122338329429468e+00 7.181038736889297169e+00 5.088663560136119202e+00
2.703036875559203800e+00 -6.223991289429854135e+00 -9.273647203657858995e+00
-2.905428661695408921e-01 -4.744076534232490872e+00 -3.537057543177101859e+00
4.689694218872817455e-01 -5.989725897332060178e+00 -3.710323781303940027e+00
-1.015770446794347315e+01 -2.471822390730660679e+00 -1.135760793884747066e+01
5.229056923072818108e+00 -2.417358420262625263e+00 5.729719353363243783e+00
4.101826427500643746e+00 -1.237203475962841814e+01 -4.799529669357924355e+00
7.669688884884773294e-01 -2.117005864143786997e+00 -4.446975993094956503e-01
2.568282394200688934e+00 5.289478527659419171e+00 -1.005694274040122238e+01
1.652528706581707585e+00 6.063147225761752246e+00 2.561858214275073653e+00
-3.842055959205726623e+00 -3.909646158737660748e+00 -3.224326323596808930e+00
4.561580984783152992e+00 1.584232818865506598e+00 4.730234191240754171e+00
3.229701302535896712e+00 1.191582534752805245e+01 -1.208306191672444108e+01
4.084634570399875209e+00 7.769969022392208657e+00 9.780133560568319950e+00
1.643579701721559871e+00 8.472894351655155254e-02 6.240357239586210580e-01
2.516619840391528307e+00 7.617282189994067920e+00 -7.851628631618709164e+00
2.861854344115317694e+00 -7.344129687787463112e+00 1.144876164780993522e+00
-4.665685488090504762e+00 -6.468001618591654456e+00 4.822911409732936860e+00
-3.825112657257818238e+00 -4.408975162699099393e+00 -4.456229525779524359e+00
7.916203526286798464e+00 -8.015747919348815032e+00 -6.700449707321668669e+00
6.024923503875514896e+00 -9.540043044259272076e-01 1.181042458281012664e+01
-1.054163275832796565e+00 1.633071058341158022e+01 -4.256697448925605975e-01
8.873690024331265747e+00 -2.830130883753805726e+00 -2.499265342886734853e+00
1.395647564968171883e+00 -2.371412747476798477e-01 -6.068693750326571434e-01
1.949949247360566673e+01 -6.198034232150568812e-01 -3.399155787309802612e+00
3.345533698997085192e+00 -1.187783436378230473e+00 -1.113942138986550257e+00
-7.812019299227338287e+00 -8.006086946069789434e+00 -1.929866185841717430e+00
3.179922920603457381e+00 3.816441092874292451e+00 1.508224670654360944e+00
-1.944006286217658808e+00 -4.127405460718437169e+00 1.061928908531186266e+00
9.165842292210477638e+00 6.570418872680714450e+00 1.011246587444056466e+01
4.923593423410080661e+00 6.977276547557677233e+00 4.574191771842842869e+00
7.849109155135050031e+00 1.399275047817455153e+00 -1.308821294805889157e-01
5.748033495510366464e+00 4.103597162344929217e+00 -1.370140458125799654e+01
5.394028938428446551e+00 4.173572374638285787e-01 -1.221714195238731726e+01
6.814527761717151577e+00 1.521129657199258922e+01 -2.109591888588584041e+00
-3.921619119308292323e+00 -3.677800034438022170e+00 -2.437372809691429887e-01
-6.201576647349163807e+00 -1.416939596682048652e+01 1.424890012284742546e+00
-2.540571771704636550e+00 -7.770996909356800986e-01 -2.100273882008027115e+00
-1.796280442507520902e+01 -8.756989768605882851e-01 -3.084428157038349383e+00
-4.781807395391016513e+00 5.412164504087667583e-01 -7.521308224952648835e+00
9.063709846658143832e+00 2.259177600818778942e+00 6.368201020523276412e+00
-6.487168953731618615e+00 -1.460481148305071919e+00 2.958707045460367002e+00
7.530853948712254109e+00 -2.057963475609488668e+01 -2.607351583496928082e+00
9.559342164249816420e+00 -4.259496932101576760e+00 -6.893460498060789199e+00
-6.971514737816678853e+00 -2.785230351520922021e+00 -9.198014124241023382e+00
4.425658956625984075e+00 -2.100268533454960451e+00 -6.837656394472602095e+00
-1.637831277401823371e+01 9.912707420159386773e-01 -4.621296736488316625e+00
6.516689598866356903e+00 -1.659905901431465436e-01 -3.087564286639217670e+00
6.507140441870349790e+00 -3.969703389230435864e+00 1.677084348936378755e-01
-1.351650519870180212e+01 -4.004146821537443834e+00 -1.152461255625387615e+01
9.691123211110158620e-01 -4.807106629597287295e+00 7.723397407504261070e-01
2.766101100149456204e-01 6.665689369416609722e-01 7.130562053343446394e+00
2.066087883623000998e+00 2.415691578179766097e+00 5.619294967954210129e+00
1.170682535708546901e+01 -3.294384393991306226e+00 1.034533501341696304e+00
1.767012438964939536e+00 8.886377506444787855e+00 -4.453095836213186942e+00
-1.394903031541241178e+00 3.048544577789161547e+00 1.925448979387287540e+00
2.470800679967984248e+00 -3.757384629705390555e+00 -1.332756619259180120e+01
1.649090072782499750e-01 -7.165037203602455662e+00 -1.086457605763146095e+00
1.652064029600952111e+01 6.455483181623626443e+00 -1.115110004606781757e+01
3.712323252672646706e-02 8.262876199955432099e+00 -2.965318987892167524e+00
9.707122847013081923e+00 5.070001156218607363e+00 1.198178383393476842e+01
-9.788365929395423493e+00 1.406475304274838134e+00 1.602054443967231023e+01
2.199362178780086108e+00 -1.792670979390377184e+01 4.627335865210493004e+00
-7.624210536589964171e+00 2.011953416284984186e+01 -6.420009889135419590e-01
2.888567420960322263e+00 -3.932704948943099854e+00 -2.108214579277718936e+00
-3.021660604070663503e+00 -6.315431606327706504e+00 -7.339361421015311748e+00
-6.565835516575978303e+00 -1.076758466946064141e+00 4.280108351053290683e+00
4.354584838010981507e+00 -1.247832025692190605e+01 5.706444924289286735e-01
1.249934843064889733e+01 -9.243179553754691469e+00 2.822898132535468729e+00
-7.655486186338977816e+00 2.675205586740711183e+00 3.684868306823845696e+00
-1.202973033767345612e+01 1.084166166656176600e+00 3.962462215330963655e+00
4.190389608860026982e+00 3.264090256206166440e+00 -1.137103035231113957e+01
-9.081459176989199467e-01 5.960738419952742007e+00 2.524191423772281340e+00
2.589452131444047178e-01 4.054181103417107579e+00 -4.929232381082524483e+00
-7.931123969080112523e+00 5.151684862519828600e-01 -2.118091607610383065e+00
7.986267259977255506e+00 7.310234897837846191e+00 1.793070185664661054e+01
6.168644348897504237e+00 2.186999589706625446e+00 5.939139318496881259e+00
-4.762105015708713474e+00 5.862286018969236068e-01 3.081545554784640206e+00
-3.696545139412342085e+00 -1.558170605116446339e+01 -4.482127535406429608e+00
-4.633908144998453160e+00 7.082755410636096371e+00 3.457221671858031087e+00
2.447177365148761885e-01 2.098085100716565066e+00 4.777067392888452169e+00
-1.614090435112717614e+01 1.489245134286724115e-01 -1.283580005148988334e+01
-1.015789129826835779e+00 -2.054042628566431716e+00 7.409438482589179920e+00
8.192409675230246435e+00 3.611651727018643787e-01 6.613161211773550541e-01
4.974728805899847894e-01 -7.133180332526246836e+00 -3.148939528220723538e+00
1.122479326933576971e+01 -1.559321252258301804e+01 5.753519548485936497e+00
2.870400469975466606e+00 6.720726730234660273e+00 7.262349391452112002e-01
-8.457221777269024798e+00 3.192649753766676479e+00 1.032809535635165510e+01
-2.550858107328313196e+00 -1.165841223830112305e+01 8.259115857350685985e+00
5.871755442938173530e+00 3.879445989233996528e+00 -1.029698388129070352e+01
-1.190079606689147695e+01 1.055977024467217085e+00 7.409121698074952356e+00
8.626624828249919830e+00 -3.047268286375531599e+00 4.842077474630391287e-01
5.596635783640486750e+00 7.989858491626369741e+00 -1.768574614619472241e-01
-5.719132488745116483e+00 8.503551307900881540e+00 6.034889955198354805e+00
8.159418106100990720e-01 6.326536128864503894e-01 4.145053083130470384e+00
-2.904736607400882908e-01 1.675671340364829787e+00 -5.146252610228914115e-01
-6.344302072391936775e+00 1.485772584207361646e+01 -7.929137841970094414e+00
-3.827623723304886649e+00 6.545698776514057293e+00 2.198320264113289735e+00
5.689358575311098676e-01 4.148830116900255938e+00 -9.871495932370608628e+00
7.354996967648161466e+00 5.534968582814964400e+00 7.760897937889814635e+00
1.938735561513595274e+00 -8.918728489408366045e+00 -7.840010647359808793e+00
3.667353688923786770e+00 -8.862235738332163715e-01 -1.506395717114797028e+00
5.662487351879195607e+00 1.781443479056585133e+01 -2.265550097426947129e+00
4.926610867927778137e-01 -2.480095104215192858e+00 -5.473351483155634689e+00
3.327359364399023467e-01 -3.946987059807353759e+00 3.868337640933266819e+00
-2.380650258944346565e+00 -3.067197739108148635e+00 -5.774082880921604044e+00
2.986723363087645744e+00 6.319248940825534788e+00 1.288103339474489495e+01
-1.061721314058323884e+01 -1.175577763090986494e+01 3.210537776824854639e+00
1.291163563819992888e+01 -9.236927149369343892e-01 7.323427015185988154e+00
-2.979642411182616968e+00 -8.026395921398275846e+00 -2.951885395573134563e+00
6.541312934852469674e+00 -8.358353529307814833e-01 -9.532044010557306990e+00
1.617185376067717506e+00 -2.496326998909228490e+00 -8.677310547005614438e-01
-3.154137404436397230e+00 3.209468926587775162e+00 6.782335075121813439e+00
-4.556900182492763740e+00 -6.756748824015076593e+00 3.765650824275524222e+00
-1.403213178209430811e+00 -4.069274293428431832e+00 4.506746647562293262e+00
-8.655020230985335239e-01 -2.214926851493734361e+00 -2.836498800484884772e-02
-8.157592645168459944e-01 -1.907828377974345457e+00 -6.101661390706016874e+00
4.384309131503661305e+00 8.658879291545252599e+00 -6.334217535038095370e+00
-4.034251414355508381e+00 -8.049963585729662086e+00 1.975367432173877447e+00
-9.703472000744291392e+00 6.033753603670198862e-01 -3.309896552114587998e+00
-7.906306094517436822e-01 7.313159752414746251e+00 -3.929774328271167794e-01
2.772330796043228851e+00 4.592241622674838375e+00 -5.090635718892159822e+00
-4.610262567805996525e+00 1.734913890969413286e+00 6.521168365327643990e+00
-6.615632128983982341e+00 1.298512695603107225e+00 -5.031153124055792070e+00
-1.862587798923111437e+00 -1.079886960157032449e+00 -2.186621647232644072e+00
-5.312296226985430359e+00 -8.917549440047208620e+00 -1.298505646173176764e+00
-3.089903548327828542e+00 -7.690676644788566052e-02 -2.664412137094068544e+00
8.421428536670192422e-01 -6.325729544814467253e+00 1.082753099668258301e+01
-9.062684362836439078e+00 7.594176200775815566e+00 -5.671148241315091987e+00
5.117312997636613403e+00 1.957648146561131064e+00 -3.314369263125488185e+00
1.290266830938323839e+00 -1.933099009067296148e-01 -5.104815468291890035e+00
7.056695592782286752e+00 1.209934075697262656e+01 2.898952737243469358e+00
-1.238755589533801604e+00 1.291305938526466024e+00 -5.637837548645426189e+00
1.515717797034500380e+00 -1.129791457685870348e+01 2.385911788159628788e+00
2.925176751892482052e+00 1.163909012938638377e+01 -3.579417607145299662e+00
9.380379497309643710e+00 -6.456815516335895566e+00 1.023345867373477880e+01
-1.011201583108342028e+01 5.717114631969992367e+00 -9.751628476160699721e-01
3.000104204968030430e+00 3.350319756872957022e-01 1.211119852266071328e+00
-8.202376707809209577e+00 1.100510531024275984e+00 -2.514184310410440215e+00
-7.591117732786828221e+00 3.722984396316551869e+00 -5.338264076405082825e+00
5.460477659160524411e+00 2.278489176258716054e+00 2.997939647456875800e+00
4.111457532785193436e+00 7.622507473738330264e-01 -3.571990233025358563e+00
1.654440144053397788e+00 1.253327679411256845e+01 4.188720447194467233e+00
-1.688140446689895313e+01 -7.518121256437023447e+00 -9.302899662832520011e-01
-1.532055283964383952e+00 1.317987092999938703e+01 -4.485498214692464458e+00
8.970389300957590351e+00 9.582669240788429521e-01 -3.418658216522673321e+00
7.896031783968048501e+00 -3.236687869589027766e+00 6.386353234625338438e+00
1.916608931682958428e+00 6.066555549879319109e+00 2.469578067551908340e+00
-5.149250491412365349e+00 -4.518284600107933535e+00 -9.689905374953767137e+00
1.726044623180017723e+00 -1.353114811235138104e+00 -8.152923144252587351e-01
2.873959895553999555e+00 1.709751375064414347e+01 -3.647124025804127978e+00
1.308165680142306542e+01 -2.580663591254837463e+00 1.706188985230370214e+00
-1.639680539417180682e+01 -6.296314035387019281e+00 -5.444254142365978488e+00
1.123071278539130358e+00 3.345986936013339186e+00 1.005089817432310184e+00
-1.033262857961884684e+01 -6.241792261573527512e+00 -2.723150721271939023e+00
1.220342276237275669e+01 -6.130183837006544678e+00 -1.415161221033221395e+01
-4.378957215648384249e+00 3.372517382221496440e+00 5.060866695526394787e-02
3.680199859726397960e-01 -5.529607850723774476e+00 2.242457505340977431e+00
4.340952999763214137e+00 -2.176932189441969978e+00 -2.806646210253109786e+00
-5.913178356357591703e+00 -2.810076782643392335e+00 1.699102073892710152e+01
-1.121555710345375906e-01 5.272713032589319226e+00 -1.050330764757617885e+01
4.770611557475051612e+00 8.030354031333507336e+00 -1.371497434419433858e+01
-7.178390107246359619e+00 4.501673795941547596e+00 -1.088405198424478115e+01
1.494591973158295595e+01 -1.643421562471730490e-01 -4.082484646126999017e+00
-9.337705982751389300e+00 1.473773367539367385e+01 -2.977994498761712183e+00
1.059267400073399656e+01 -6.658940395496590448e+00 -6.853228427619801444e+00
-3.488445486147974339e+00 -1.490491457905423012e+01 5.127378885107818363e+00
1.007701938602943592e+01 -3.091823376224563713e+00 1.250666608232635646e+01
6.352533583755930913e+00 7.716687623806807395e+00 2.575760699370954310e+00
2.982726587664793691e-02 5.746933333794036258e+00 -4.558414997950911207e+00
-4.549045618264742963e+00 -2.765724364117320810e+00 1.230923842419842540e+00
-4.372281334797262886e+00 -2.467848992493606453e+00 9.064239486689807279e+00
5.463903873703736203e+00 -1.311534166361079778e+00 -2.734704179596085805e+00
7.408429989655673786e+00 -1.538408942236818433e+01 6.885744759990308772e+00
3.417253027071287974e+00 1.832082006552518072e+00 -2.750301220772683575e+00
-3.517336915619585280e+00 -1.032841072577035568e+01 4.088043144987159927e+00
6.078441418885405234e-01 8.316527557766098866e+00 7.967988180915402729e+00
-4.306665957124604205e+00 -6.867529837467913900e+00 -2.137601341450355186e+00
-3.242282598545795036e+00 3.158629996453801603e+00 1.032358348245367763e+00
-1.983963790763064239e+01 3.670494963600394733e+00 5.033340008800954557e+00
1.429732524002112903e+01 1.729271436690621888e+00 8.492727829682110041e+00
-8.390276279582952412e+00 -6.648474292435937905e+00 6.128869478443379037e+00
-9.062701931594324023e+00 2.313297608063510147e+00 1.196151963842095656e+00
-1.264047667680967102e+01 -4.938635064724159029e+00 -4.933306237034363662e+00
-1.110268904096911591e+01 6.246340015063434947e+00 -9.259262640426909607e-01
6.704143492500635126e+00 -4.057753265835394529e+00 5.450731342843122107e+00
-4.987382056017432980e-02 2.930252634483877738e+00 -5.450483908153066714e+00
-2.890136425551715682e+00 -1.843547977494854706e+01 -1.232803467755678462e+01
6.910979797850687945e+00 1.624512420844963145e+01 -5.156503653743968130e+00
-1.701858520896593729e+00 -1.705979407740809251e+01 -8.006843547354320023e+00
-5.329873416669344000e-01 -8.614621805999652437e+00 -2.114583367493127142e+00
-3.350884473295466570e+00 1.534782878361301606e+01 -2.690348831185878975e+00
2.830925610850844043e-01 -9.989903447835812855e-01 1.123907699834640717e+01
-1.063977399085426967e+01 4.115657803231251854e+00 -1.100622343006475390e+01
4.973696524430955002e+00 1.314447175981145577e+01 5.946855135132870229e-01
-7.800156989907948146e-01 1.115733477852263400e+00 1.600851308494836367e+00
1.118400071331217882e+00 6.570728999970318895e+00 3.865151625910685951e+00
-3.326810295233093129e+00 1.417792796345196171e+00 4.739598914747283231e+00
3.800418382511109527e+00 1.264540139136738524e-02 -1.745618871981926779e+00
5.040509233038656056e+00 1.621604427458894904e+01 6.868636024322820610e+00
-8.866075597298971545e+00 -6.371035027152978536e+00 1.279497638121361724e+01
-4.076846890898661258e+00 1.719500229705719141e+00 -4.247657329404656679e+00
1.532693070649719047e+01 9.194682908070854310e+00 6.226757627359458258e-01
1.501904918659226240e+01 6.548697173212291167e-01 -5.360520980027693838e+00
9.876441447028906140e+00 3.146032949314277349e+00 6.836912957285372627e+00
9.523688322577205767e+00 5.950317185389441654e+00 -4.233545175622549728e+00
1.002774136483225220e+01 -1.014143176971727200e+01 4.995536227497940351e-01
1.519786461930222821e+01 1.042717092922260136e+01 -4.937626447786661044e-01
1.618327211540584543e+01 4.516511467169227245e+00 7.952848611529554912e-01
-5.094279009954375326e+00 -2.412532864239329999e+00 -1.659168031923493203e+01
4.609362023920674512e-01 -8.220781859465958519e+00 6.189050679236478558e+00
2.884503302482622988e+00 3.129793903724689574e+00 -3.056840067171546771e+00
5.193954923304345828e-01 1.112468807006984584e+01 -3.551423734581218294e-01
-1.236115886241114481e+01 5.286203476083977115e+00 -3.376156093602931563e+00
-5.799229094164802589e+00 3.508744171174938309e+00 1.533438090716405888e+01
1.288022819839108912e+01 3.995642624651573716e+00 -2.569917360398424222e+00
1.604295072495032670e+01 1.117452455908950260e+00 -5.172101958956408119e+00
1.629202909761246598e+00 2.631294674243199072e+00 -4.099936506652287704e+00
7.163172942712304980e+00 3.023042394572311498e+00 5.477928513927370346e+00
-3.832655862888105336e+00 -8.424245862296571019e+00 4.683327244955663993e+00
2.549335306100689813e+00 -2.681699434360242051e+00 -3.687869714711478064e+00
-6.271686175697257504e+00 -6.735802066320959902e+00 -2.821942917341685675e+00
-3.146727675328313101e+00 -4.308615467382674424e+00 1.479882876919292434e+00
2.841472048460464972e+00 5.512702822240439504e-01 -1.488784646277518942e+00
-4.827967952835971133e+00 7.074424594105598985e+00 -3.774259890462718481e+00
6.364854198992649259e+00 -2.690813851988338889e+00 -1.215812063122349018e+00
4.330441503788550861e+00 -6.536596437877887134e+00 4.006149031176960307e+00
3.029173411519058945e+00 -3.608236009215893159e+00 -2.341472959402767451e+00
1.298252895636466064e+01 3.293788535724427202e+00 6.238626863975883730e+00
-1.817801495098155584e+00 -1.407714438374041865e+00 3.445517304302530448e+00
-1.886914447533509120e+00 -8.981339891471278036e-02 -4.166157702994229162e+00
-1.197014689637193596e+00 1.572722441266757309e+00 -8.719635911878810264e-01
-2.200944235973811391e+00 -6.333103036446717127e+00 1.556083620953581992e+00
-1.037035879439331865e+01 -4.369994748021198028e+00 7.838988020332057216e-01
-9.442256733044327888e+00 -5.898484384808634573e+00 -3.333073237223657115e-01
-9.706188961719812269e+00 6.433245252733657438e+00 -3.785701319039109336e+00
1.296078352652999754e+00 1.630501132590290503e+00 1.339947065779158208e+01
5.577220137613009499e+00 -8.991712279733281576e+00 5.233857163540363011e+00
6.797489954272355916e+00 -9.709602492103353022e-01 1.058538805087449219e+01
2.336125921840021213e+00 -4.343370268425897907e-01 4.803933794332182483e-01
6.220334504419671617e+00 -3.436099833342119769e+00 -4.520586706927045562e+00
7.083762536207904859e+00 1.003072478325312389e+01 6.171822141312828691e+00
-2.585721512344460393e+01 -6.520951563691485653e+00 -7.293352349081719588e+00
1.329599347747348226e+00 1.907838420404881674e+01 6.593500457420899963e+00
8.041616012358749899e+00 4.947331629462052405e+00 -1.506154210447950614e+00
8.216486521815932420e+00 -3.154236320108186886e-01 -5.532083363255885011e+00
6.410901231663397759e+00 1.277092973737526904e+01 9.539123871262303211e+00
-1.887144594454302382e+00 4.382632555857902013e+00 2.769977495007278634e+00
-6.233214136377602799e+00 6.250427421234958647e-01 4.824857267640034308e+00
2.289957905334144339e+00 -4.459506229293242363e+00 -3.078147081947517627e+00
-4.525449629135338547e+00 -5.574369771136431950e+00 -3.899575835181452010e+00
4.983792509238433865e+00 4.964096389427104405e+00 -5.790051573663807183e+00
5.710352648355777383e+00 1.461767056128303155e+00 -1.168062665771730124e+01
3.864284334941604726e+00 5.678568251188990113e-01 5.323137862849938173e+00
2.236224858315930319e+00 2.143229237656409103e-01 -5.608182770730864242e+00
-7.137776900397834190e+00 1.123802157625880677e-01 -1.171452097052374519e+00
-3.944549745066582069e+00 -1.234572955333199928e+01 -1.016151387003423601e+01
-2.235973880302635663e+00 -4.391674275260695204e+00 -1.209572385677914319e+01
-1.044380054515191114e+00 4.252058455463751052e+00 2.726817184915860448e+00
9.688422204368752233e+00 2.724609000937867620e+00 4.237032464001833532e+00
-9.749872131117216512e+00 -1.203347002803465138e+01 6.045236375607429657e+00
-5.795364442906822511e+00 -3.884875399239207105e-01 5.016322786488343510e+00
9.788024812137397390e+00 2.117612443049445403e+00 1.603514660140007431e-01
1.388903233490719913e+01 -1.884481974918694291e+00 2.203001394649941325e-01
-9.167738623808417975e-01 -6.615891938301001751e+00 -2.165023891222759289e+00
-6.436272854180787206e+00 1.006787138201293175e+01 -6.838192158386944719e+00
1.710689641253833715e+00 1.149628852643976984e+01 -1.677380557164768504e+01
6.622037028496667865e+00 1.464869491611684005e+01 1.127193902426185801e+01
4.018673067069995497e+00 -1.214828307018732817e-01 -8.248262487152329570e+00
-1.157989736104955725e+01 1.004333806653186301e+01 -5.733980939059870607e+00
-4.794827137080246993e-01 -3.246034447071546758e+00 -1.139662213259397677e-01
1.844386218917807740e+00 -7.290568252017231465e+00 1.652573072966643686e+00
9.620283861873982767e-01 -3.257165527455674781e+00 3.424978283683709712e+00
4.859742123674458014e+00 3.462782743397558427e+00 4.994942980873280369e+00
-7.105922771638649493e+00 -5.687677691347819753e+00 -9.315662838620148989e+00
1.386854322549789797e+00 7.973645555843404509e+00 -7.415026509436790647e+00
-6.477610236551774037e+00 4.829449353851650861e-01 -3.446050701285453322e+00
5.350705912022499788e-01 -4.820827887324358407e+00 1.340834115825776385e+00
-2.643274608121781721e+00 -8.807424918929662283e+00 -4.140084600586476427e+00
-4.557802354856788973e+00 -5.045518468858936956e+00 1.194081323382496684e+01
-1.556595387357154081e+00 -7.678451561905474954e+00 3.663626483102154552e+00
-3.029921952974475197e+00 -1.150717566364098943e+01 3.640782472053122554e+00
1.110531195176083408e+01 -5.241194641756357520e+00 1.072095171936202718e+01
-5.990034473800583292e+00 -1.458132376284390830e+01 5.295900188475944681e+00
-2.925509306327401138e+00 -3.879427449569967212e+00 -2.838403333837116627e+00
-4.427994158390561097e+00 -7.449338564999385959e+00 4.313939104782404499e+00
6.341551467985935275e+00 -1.045806482549745198e+01 1.487749579700955849e+01
7.156981609352306428e+00 4.496714788607084401e+00 2.711665750168661404e+00
-9.678851309387960455e+00 3.732775417039638777e-01 -3.456221924737142182e+00
-7.174514832716776702e+00 -1.840086337971487795e+00 -8.163803505753834955e+00
-2.491245360556273880e+00 -6.592942768290437350e+00 -3.669447275675169262e+00
4.094286468757436737e+00 1.080392871052586301e+00 1.995172010667141338e+00
4.046131517410344713e+00 -3.728348075881716461e+00 -4.109561620122445191e+00
2.040631221154894703e+00 2.519143286785261893e+00 -8.877456343899872593e+00
-4.571199281212012799e-01 -4.432061198972690796e+00 -4.575075091296451291e+00
-3.053656296538528103e+00 1.184671249793157521e+00 -1.819802856492860998e+00
-1.239561476075222934e+00 -7.548696430041536232e+00 -2.474568763054242559e+00
2.109659366955467164e+01 1.095386808539433154e+01 -5.816914761796293520e-01
-8.111162681165732025e+00 5.586159340993197553e-01 5.625064287416493336e+00
-3.950508213872739205e+00 3.079098762197510109e+00 5.745632224843296498e+00
1.312711243061768940e+01 -8.855348979444399582e-01 1.242189924431811399e+01
-6.942957249985487245e+00 1.011319471998315045e+01 -2.728067484785090979e+00
-8.563158117924677626e+00 1.336145011770104496e+01 3.301827086747581852e-01
1.228114770986157467e+01 -1.355921583356872462e-01 6.065628737131572024e+00
-3.644705982082149021e+00 4.708808836005229814e+00 2.939438351327206433e+00
1.669776163461697660e+00 -7.465818019676663475e+00 -2.681701542918279113e+00
-4.121957353782690348e+00 1.321788524137260001e+00 5.022224903044325117e+00
6.960429111258381596e+00 9.376051182772473513e-01 -1.059267957249464231e+01
-2.296945879863523832e+00 -4.154697694866310798e+00 -1.259800719072805997e+01
-2.295322303400264552e+00 2.602927214386697941e+00 2.886063130151412803e-01
-3.265688294911371248e+00 -1.221629727357264983e+01 8.754524945798840108e+00
7.754698198437359302e+00 5.050502168517883916e+00 -7.491598669694553791e+00
1.020913247523334988e+01 2.844821718306285163e+00 -8.359346655031085760e+00
-1.716429259028469767e+00 2.807715485030963798e-01 9.541545540421918048e+00
-6.480887810276491301e+00 2.939438382932656690e+00 -6.556828434636837954e+00
1.847821038196098276e-01 -1.092909660704007102e+01 -1.550744584815819849e+01
-5.341864344525986574e+00 6.569174217531185356e+00 9.323307807254775648e-02
-4.162876675778083957e+00 7.235820045766067743e+00 -2.825662028381965007e-01
-1.031909412638521761e+00 -1.148718289306147433e+01 -7.207248829206223562e+00
3.391340461343648194e-01 -1.019702563899567815e+00 -2.392871529374411388e+00
5.150103126290085598e+00 -4.968790615553138057e-01 -2.361243321022320263e+00
1.559946691950542697e+00 -3.870989677964521203e+00 -8.670336526129501786e-01
-1.830208621807858371e+00 -1.622002138119152059e+00 6.517942459276900635e+00
4.626906913995889603e+00 3.538983306242413640e-01 2.495117996630230817e+00
-2.179146365326420920e+00 4.855368726998600337e+00 9.883711763623052704e+00
-4.353185527738723692e+00 -2.726067447588178982e+00 4.792460689030463072e+00
-4.602515230530347168e+00 -3.179149565125185095e+00 9.524713979539804143e+00
5.129402672421281117e+00 -2.112460971955046229e+00 1.404748278754968283e+01
1.339055545777047485e+01 -5.843782813138304277e+00 3.198093299502518527e-01
-2.763477977387656992e+00 -1.339277889626002693e+00 -3.034895731023151466e+00
2.129925988704020057e+00 3.737062190074050272e-02 5.249186551821395597e+00
-4.274050092371108001e+00 5.741331348701384840e+00 9.955902611180107442e-01
-3.629586821401865837e+00 -1.723036733695668454e+00 -7.202586304939565309e+00
-9.460504004066649486e+00 1.699699671884777885e+00 6.916280746818475933e+00
2.887108713053128106e-01 9.085522901694680797e+00 2.128754563630383068e+00
8.980540287304775049e+00 7.467088572171319827e-01 1.726441949442429680e+00
-8.495654382032846286e+00 2.786759731241652993e+00 1.223293827657583766e+00
4.061032011495818494e+00 8.344408280695806424e-01 7.611844047950402370e-01
6.364130644335472375e+00 9.096007238251393900e+00 -1.546392531782523427e+01
-2.717217617213657288e+00 1.426524310885985791e+01 2.180261216534944146e-02
-8.206505145438942606e-01 -4.440059872307744016e+00 1.907897851002657630e+00
1.209829527861482390e+01 4.941300958443005875e+00 6.493947814266821439e+00
2.174335621338390201e+00 1.882408098332814106e+01 -1.110151939057746162e+01
4.695362091699622376e+00 -9.644642548616008781e+00 7.258396650694844965e+00
2.641716127734626163e+00 -6.237438916617596085e+00 7.623532832922301772e+00
7.017929867517716858e+00 7.250586240491518897e-01 -7.673144180101431289e+00
-2.667607542848708491e+00 -5.776273504856873409e+00 -5.106453603776423655e+00
1.724043475690428195e+01 3.744828240841652001e+00 -5.591738749373998729e+00
3.372102439529460316e+00 -5.532798855074112510e+00 1.111338481036212400e+01
-1.114582208753835957e+01 -1.048170055934013334e+01 -7.474988421794293458e+00
5.580147696619327746e+00 -2.878176798516562496e+00 6.825579253234733912e+00
-4.776577730064523131e+00 -6.965615852819742493e+00 -6.217354323659434634e+00
-5.360577445985486911e+00 -4.439827171132152195e+00 5.817864143674622568e+00
2.125239734440051986e-01 2.258067347560921867e+00 -6.350863047314516230e+00
-1.314324798878122813e+00 -3.215841204094700423e-01 3.934272537856083218e+00
3.815263643235782820e-01 -1.240308981021526336e+01 1.016713251045215038e+00
-1.930622063333572669e+00 1.222367024082260123e+01 2.672604323156821504e+00
-4.463011151235144247e+00 -2.681813087013239727e+00 -8.425231816616143732e+00
-6.516669085700277364e+00 6.662327017015201136e+00 4.140297005330895175e+00
1.235537837587368415e+01 2.876836460535694862e+00 -8.193093248082947255e+00
-5.190320556309230504e+00 7.058325688353717986e+00 7.495597201156802392e+00
-1.032422051204983049e+01 -3.646191207117098099e+00 -4.161968431820443293e+00
-5.412705692690910730e+00 8.611476277485722974e+00 3.608954712298581224e+00
2.101763055883441866e-01 -6.733378663476291770e+00 -8.045769514810982015e-01
-3.149838146434670083e+00 8.116709960074141250e+00 1.979931822224171079e+00
6.715925035111690811e+00 7.276199447588131086e+00 -8.525977174243180912e+00
-1.340905871101626445e+01 -8.610858170083065533e-01 1.262271202525782066e+01
2.940403230440602478e-02 -9.326920332451679840e+00 -1.112864501882746548e+00
8.247437206657414421e+00 -4.450971909249480163e+00 3.694148893081144802e+00
4.310982248466351585e+00 -8.482822902351516703e+00 -1.304737666588592804e+00
1.576593419883548641e+01 8.492760809500900621e+00 -9.478407443521280840e+00
6.960908006655015079e+00 2.075832546767281794e+00 1.430101669190115610e+00
-7.454213965466490954e+00 -2.110173129370440659e+00 -8.577702483300841507e+00
9.854014949626241915e+00 -1.142889955350141928e+00 -9.982171115848634813e+00
1.494665958851588261e+00 4.132567361636230174e+00 1.044303002159835714e+01
5.881791004029913950e+00 3.408039678744509970e+00 6.769775903169090725e+00
8.030214318304215837e+00 1.541184831355807638e+01 -2.776401255429270076e+00
-8.883921602865983758e+00 3.481090864026070264e+00 -7.479084829372529164e+00
3.702346355138470102e+00 -1.004916757791289195e+00 -1.330787367314039038e+01
1.645262133581771025e+01 -1.959651836334186603e+00 -4.239271937677838942e+00
-7.140333486652779449e+00 9.451997323078308311e-01 -7.357976040002177420e+00
-2.590760220856113794e+00 -2.429492541134237182e+00 1.422952800811656360e+01
3.853572673356658207e+00 1.343208845734018553e+01 -2.842333676174567003e+00
-1.308424097191470103e+01 -1.215635270413974567e+01 1.003530508499152774e+01
7.231768155823952604e+00 4.871714795982955870e+00 -2.700212608567803318e+00
1.302655826865768862e+00 -8.114327184601823006e+00 -2.739389755905004442e+00
1.516718886289995005e+01 1.135129359682994776e+00 -8.640919366463650775e+00
5.964733392441665671e+00 1.821565085991601496e+00 -1.314635468627328052e+01
-2.041699710674066637e+00 2.598525847544860490e+00 -3.589514949831905000e+00
2.336469013400796602e+00 -7.102225777828404141e+00 -3.681261210416266749e+00
4.413552863389433867e+00 6.454465968482441696e+00 1.346372969078050374e+01
1.326437133231307541e+01 3.456423092679059561e+00 8.360846242469522238e+00
-1.359126587397981822e+01 -5.863342676617320670e+00 -4.771286353169567285e+00
-9.050537606053035589e+00 -3.822352910158238082e+00 -3.168543048550721775e+00
4.903728665769725992e-01 -4.822021117702829152e+00 2.669241331730384914e+00
1.250290781780711669e+01 7.520453740260598430e+00 7.146151602427892158e+00
2.802510557908090005e-01 3.146152990428208174e+00 -2.226287511526362284e+00
1.540380127759238826e+00 1.711035056281027877e+01 5.569670225513648099e+00
-3.001448760131199212e+00 7.262757558925779122e+00 -1.076189111595190900e-01
-6.700277281018887088e+00 -4.717758026936851756e+00 -6.839421226663421116e+00
2.173556946739461093e+00 4.067098620909729512e+00 1.892094221461001258e+00
-5.537715883808804307e+00 -9.826408790224542500e+00 -1.692364491540257632e+01
1.025016870697278426e+00 -1.147242726993561224e+00 8.320132747986962229e+00
-6.239656635368565629e-01 4.060172759265728182e+00 9.217850881498412363e+00
-1.199973385727815334e+01 -6.335714308720622689e+00 3.951232084687877677e+00
3.899691343563571611e+00 -2.505757734292465511e+00 1.817204388154489703e+00
7.890500272957536865e+00 -2.920971187949124470e+00 3.480737737508988516e+00
-1.062319823174248690e+01 1.259116017747391503e+01 -4.543770130041836275e+00
2.888329616454486937e-01 -1.551152552589444333e+01 9.457825973683068099e+00
-2.777796688073708609e+00 3.485122000013232135e+00 5.330769169837333621e+00
5.609756728180350649e-01 -2.836484170943932348e+00 -5.814702224406091524e+00
1.032434931653398458e+01 -9.093527067772793515e+00 -1.403140895624602980e+00
2.551445158945051972e+00 -5.730009144192693693e-01 -3.834933477861706130e+00
-1.401314890658885304e+01 -8.260792724579352209e-01 -1.062165856754463178e+01
-3.456921583178127477e+00 8.440979258649322858e+00 6.937615688220398757e-01
-1.422912188274841050e+01 8.293986701222634261e-01 -1.169709654777403296e+00
-9.405027189258902132e-01 -8.663774866954328857e+00 -1.595624277617526587e+01
-1.592379530796683440e+01 1.052818215578000860e+01 -9.385416189452014946e-01
-1.741309253556203629e+01 5.175298013865937463e+00 -4.054011058803419054e+00
-4.206887053430879320e+00 -2.425568072490799365e-01 1.458779727219305267e+00
-2.595507710528638934e-01 3.743370679519055333e+00 -4.675332106266676391e+00
6.908121137000936329e+00 -6.180788279367462223e+00 1.461554837207462576e+01
-6.869628685493650577e-01 -7.006482215437364047e+00 -6.487830907892403687e+00
-1.363836242098598994e+00 6.853106683122665466e+00 -1.720872543170490943e+01
9.876408547501778656e+00 -2.552908779202472722e+00 -5.022395114726913690e+00
-1.054451222763221452e+00 -5.733756756097028173e+00 -4.262861854797654892e+00
7.976741366830300883e+00 1.206095826307926000e+00 -6.781226318427458821e+00
-2.996265410143641894e+00 -5.620195616182407150e+00 -6.424106439629031939e+00
-3.169556896645946864e+00 -9.383639478192394634e+00 1.032093428653864642e+01
1.113199426839871359e-01 8.941649533549648865e+00 -1.278098635164319319e+00
-5.255930883753889837e+00 5.460703072331940078e+00 1.439181698797647790e+00
-1.370763301307834325e+01 -1.919352251026413114e+01 -1.717387569168532080e+00
-1.090592967257750701e+01 -1.187874413891575998e+01 3.693558533384999620e+00
9.810601572474178411e+00 2.088548911595451862e+00 1.892663074251756727e+00
1.090387357810325319e+01 -1.125230123792001002e+01 1.011261050875242518e+01
6.069041999405141219e+00 3.904038029640734653e+00 3.337943679978673917e+00
9.725816423281754552e+00 1.863089020298654308e+00 -4.567291755522831842e+00
-1.038233894927620860e+01 6.880652886810574742e+00 -7.031133357149100149e+00
-1.102240591438099671e+01 2.414661496396443674e+00 -1.214771427110103019e+01
6.701032224035628815e+00 -4.327701198620320433e+00 -9.273356634297685863e-01
8.436238662914485431e+00 4.573632892626671165e+00 -3.440221869265963406e+00
7.598335595055787373e+00 -1.020536987349161873e+00 -9.748239694860874494e+00
-4.271294699576960063e+00 3.134918481049159933e+00 4.112591149484911557e-01
1.354955587795479532e+00 1.508215589269129708e+01 -3.215682846570066644e+00
6.393850330484296407e+00 1.181395151301666857e+01 2.188777740880273104e+00
-5.295298414870092785e+00 -1.250390856023948949e+01 -7.444714282178114928e+00
8.594601140754942747e+00 -3.531544015130121394e+00 2.368140623161997471e+00
-3.008021818613041187e+00 -1.460183817097226466e+01 -1.652358309376785428e+01
-6.884977768508376172e+00 -2.917149118429127608e+00 4.713536182356982351e+00
1.087732249726081335e+01 1.443582004523916495e+01 1.016126737979619676e+01
1.459809393031247016e+00 7.522447427277297649e+00 1.399170319797703899e+00
8.544066895107798043e-01 -3.071490660283076934e+00 8.126946883415683942e+00
-6.089084865092378784e+00 -2.883277459735407722e-01 1.915657533342389485e+01
-1.117072704953786300e+00 8.297953812219324377e+00 -6.201971128762092667e-01
-9.263726891581262279e+00 5.228409588329127722e+00 -1.369787743723911788e+01
-9.566250007878338568e-01 -1.172623405567491695e+01 -3.342560223130215835e+00
7.561419487938524142e+00 1.361504657344808633e-01 -2.537980328736315183e+00
7.224345609189619211e+00 -2.018856620699770676e+00 9.982174303262654202e-01
1.120327845139802392e+01 -1.672061534936156235e+01 -3.938895920728922029e+00
-7.462748956590833371e-01 2.543857937686996085e+00 -6.517843704376428349e+00
-9.358466088897015922e+00 6.971447326263865207e+00 1.751978442138360137e+01
-1.055925678033480919e+00 -3.575085436229604507e+00 9.063790151720525046e+00
1.390721315370315514e+00 2.080837953388661532e+01 7.602802169530836984e+00
-2.034499308600238088e+00 -2.417098155218655897e+00 1.165291706394907933e+01
3.706079530315371073e+00 1.271024872987722931e+00 -1.230453859501907488e+01
-1.119784055895648933e+01 7.696973967198869282e+00 -2.774289672916014471e+00
7.188862302882925270e+00 -6.542044123735097916e-01 -4.971807446762386284e+00
9.961803896425683646e+00 -1.667560697680906090e+00 5.079477130196388135e-01
6.038977727152372132e+00 1.023590308117932146e+01 -6.743652530321336158e+00
-9.258999804087510999e-01 7.998319307456188687e-01 -1.196940115525434045e+01
1.491636886553308949e+00 7.616892438404314625e+00 -4.201161308080531676e+00
1.610456143111246874e+01 9.366491751823471379e-01 -1.935448463895149684e+00
-2.178581389013934100e+01 8.378426784244227932e+00 -7.844720157692342433e+00
-5.213743360886589073e+00 1.370330113490852142e+01 -8.597675284991609601e+00
-3.002190423155563170e+00 9.024627947693431906e+00 2.546134806276931339e+00
-1.078380908304578867e+01 1.807095917573397381e+00 -2.731787518310041296e+00
3.014084801498192689e+00 -7.829162452199204481e+00 -4.656893389733537392e-01
5.612371935212423502e+00 1.339415168709459980e+00 -1.744539691530280212e+00
-6.263281029990211302e+00 -3.775846482906703994e+00 5.669663461643188462e+00
-1.796100437688026519e+00 7.948358427138378701e+00 7.590603928990598881e+00
6.808200680845761354e+00 3.063646683238368418e+00 5.783317481455476639e+00
1.022649978679701732e+01 -1.433020216635916277e+00 -6.458705035004450146e+00
1.174283059941463847e+01 5.664959334318623974e+00 1.617824194284356754e+00
-1.548778747831537572e+01 -3.019956300364826651e-01 -8.476860833966153308e+00
-9.123660843435610346e+00 5.543670201057806501e-01 7.878278737703080514e-01
-8.482090572266201889e+00 9.173916903994001615e+00 5.268380250007433041e+00
3.677006001760601439e+00 -4.093557178618697279e+00 1.474085147112463634e+00
1.051843549154610180e+01 -3.047960443402888853e+00 -5.641782849992726057e+00
-2.264771550813438061e+00 3.195814330567784189e+00 1.241882211370524125e+01
1.074738437290871040e+01 4.239286852677091488e+00 1.893919661649719899e+01
-6.678119552326734487e-01 8.125594528471102862e+00 7.780425318526884126e+00
-4.805624159589407363e+00 1.636612676928645316e+00 -6.768980682708179986e-01
6.464332865546310813e+00 -1.776763589973940016e+00 -8.842458672889108584e-01
2.055975963727933564e+00 1.742464607065882021e+01 -2.954373740798919457e+00
2.351929476239942751e+00 1.312985908704396820e+01 4.187537132217233449e+00
-6.389306499261724781e+00 2.982755781605298306e+00 3.453248212384051108e+00
5.157176593607489146e+00 1.554322666220890881e+00 -8.177049622441883159e+00
-5.376898128457464621e-01 -4.900350249679766179e+00 1.107768422068607483e+00
-9.818171531788252082e+00 -1.030380538213683472e+01 -5.791492551326955507e+00
1.507447762020475812e+00 -1.120506247158758484e+01 1.418747477254383149e+01
4.738727606573784890e+00 -5.388046402301527316e+00 -4.166407032030854829e+00
1.001587267970563566e+01 -8.868917676238269321e-01 6.847310310039111947e+00
-1.015948939382569804e+00 1.692930605934488408e+00 -9.917388398123657467e+00
-1.942372669938050933e+01 1.545140598487493655e+01 1.195070194858880974e+01
-6.062985979513272561e+00 -3.286012796555207061e+00 1.197702587322108547e+00
8.873638869017955733e-01 -1.810522727319815450e-01 1.301158883894991902e+01
1.004684079012267794e+01 -1.620012229513124957e+00 -1.873613277854276227e+00
-1.341618132425211130e+01 -1.120646074135970061e+00 5.729657932890907190e+00
-7.022581379317710315e+00 -9.881877668717113039e+00 -1.247394319381557004e+01
-5.060337014020015012e+00 -1.883796561093876942e+00 4.716021856928058753e+00
-4.151611230778515349e+00 9.532563315783590951e+00 -2.535218581127538506e+00
8.363724871807529659e-01 1.184544190126567820e+01 1.212864870099658532e+01
1.107000073841151355e+01 3.916369549402934691e+00 -9.274412676409145462e+00
4.124054955301941661e+00 6.736409467929861172e+00 3.208012314852421554e+00
3.881294010278290241e+00 -9.870548536290826291e-01 3.095489045911575587e+00
3.592073000116222659e+00 6.538401151443588688e+00 -9.756439609637526544e+00
1.052999596720460929e+01 -1.136210476914445522e+01 -4.713115982850676566e+00
-1.084859780581441946e+01 4.558218882352197632e+00 4.962216151934939035e+00
8.341800228584953514e-01 3.407788963369452251e+00 -5.243139171854029001e+00
-3.977899885789459855e+00 1.123477388587541093e+01 3.955607016738517334e+00
-1.000647129375137290e+01 -2.548634501490944171e+00 -6.097976513525961373e+00
-5.804645892177539679e+00 -2.704220292160833150e+00 5.287124023844712362e+00
-2.555854643710760765e+00 -5.134302029452755711e+00 7.105983417117010426e+00
5.743706432783577398e+00 7.456867346043615008e+00 -3.124723820543272357e+00
-8.132751534909239410e+00 1.355619478484479057e+00 8.900403679047743211e+00
-7.386986156024766714e+00 8.405317857645131951e+00 -1.091293717649899797e+01
-2.439051813166661198e+00 -7.220948973103075375e+00 -3.978598621417404613e-01
9.548749096414987036e+00 -3.550231128489231835e+00 -8.906144930942154758e+00
1.459175235559832906e+01 -2.258328838652931214e+00 -4.934409330568828800e+00
-5.372004302146735633e+00 -1.059380535924593758e+01 -7.955567448262499397e+00
8.175415648073175445e-01 3.503824354901436067e+00 -2.344756624690166547e+00
-3.785035244214871586e+00 3.714782410301709525e+00 5.978298503955046250e+00
3.267853941766148296e+00 -2.066373186718377664e+00 1.471943411002282431e+00
-1.069811832868301771e+01 6.630632401723538294e+00 -2.027360521194762732e+00
-2.425308801072633358e+00 -1.128082316893400261e+01 -1.061033567820492962e+01
-1.204962149871417232e+01 -1.175726045408988263e+01 -1.309878343393199174e+01
-2.330024055828508800e+00 -2.085804854019246335e+01 -5.478145711752721247e+00
8.978622998231141628e-01 3.091282058616226625e+00 -3.542009517858955903e+00
-4.090855317102044530e+00 3.908605093935925368e+00 -1.163616770429864644e+01
-3.632501734446815345e+00 1.421321711068273252e+01 7.379491684206990421e+00
-1.031499615223553157e+00 4.594620481830703262e+00 -7.526049059539824171e+00
1.914640376422139523e-01 7.960719328741098444e+00 -1.661818531005117805e+01
3.526914487945920218e-01 -1.621267652612880195e+00 2.324491206210976380e+00
-1.325023669725265529e+00 6.902885638367711074e+00 -8.295206174645031183e+00
-2.558253493452336880e+00 1.036478427370763455e+01 4.057770133132640566e+00
-6.913829862897257428e+00 5.729993316237778522e+00 -2.250569062378885654e+00
-8.403287961417451157e+00 -7.994824285260690111e+00 6.087811677420879031e-01
1.001086974462966950e+01 -1.056810364572304906e+01 9.329446281525108020e+00
1.310476428434749074e+01 -3.037852162746624174e+00 -1.811874203604249445e+00
-7.401738440638695238e+00 -1.626575341456781398e+00 6.261363988037008665e-01
-7.339060002558405849e+00 -6.072080909627693757e+00 7.712874592672811502e+00
-1.083695414745496688e+00 -1.606168268891501327e+01 7.462442564702051584e+00
9.570100824487587587e+00 -6.105017488209139920e+00 5.711266083998891574e-01
-1.001344958360770576e+01 1.205368630868810520e+01 2.357602638174189913e+00
6.712005933629498600e+00 1.450472796231158235e+01 -5.668584062278609892e+00
-8.360614729512779064e+00 1.070529923610690304e+01 -6.374437880207483254e+00
-1.026243345102297422e+00 1.441344264402376514e-02 6.085828404998227192e+00
1.823144918413122539e+00 4.706792941977218092e+00 1.775289659166143563e+00
1.230733940859180819e+01 -2.867426984610833784e+00 -2.558676757034413773e-01
1.621667738013852444e+00 -3.411757285074101809e+00 -4.178020821561386100e+00
2.896099762790069754e+00 5.522808791261408778e+00 3.153188394019175167e-01
8.735408597582910994e-01 7.899450512561355886e+00 -1.737600345988612816e+01
-3.679063469131028663e-01 -3.816745297726624742e+00 5.961605027855140015e+00
1.012860731203241826e+01 -2.295459457696218952e-01 4.346026250484513187e-01
-5.020228538255327777e+00 4.913987232959152074e+00 3.775633463969004233e-01
-6.264856750210789471e+00 4.323365410323699365e+00 -5.758907463017052253e-01
1.734103109281589727e+00 3.225670147179080072e+00 -5.486455774128223162e+00
-7.696080536607432521e+00 9.865693486272349988e-01 3.320253487513109558e+00
9.332206821318798973e+00 1.371604691661762665e+01 6.604370385872551097e+00
7.798367294823155937e+00 -1.442548548042877909e+00 -5.252572983747994861e+00
-1.375930985126290196e+00 -4.557885794859796391e+00 1.702739029136108861e-01
8.881815441745218032e-02 -7.359808491997960056e-01 -9.009979497132810877e+00
-4.738621620851803051e+00 1.273326240354542094e+01 -5.623027993454154050e+00
8.368458887506282196e+00 1.011464550077490587e+00 1.281568774595889026e+00
-1.554943550568685051e+00 2.360757404588925912e+00 5.247971649185219967e+00
1.864975660270146607e+00 2.416420678590292664e-02 -4.399818554359911538e+00
5.184583228375028163e+00 -3.589372742957170903e+00 7.136263836265516192e-01
3.364653642320765581e+00 3.746563738613355010e+00 2.363323681425753886e+00
-7.002679816831808957e+00 4.760075147128818074e+00 -7.913257383874695350e+00
-2.594962909273112572e+00 1.037360726349588447e+01 -5.904359145207970450e+00
-5.860581825084412166e+00 5.564653902900958127e-02 1.622022477964917719e+00
-8.191832943497391994e+00 6.675055672203258794e+00 -9.037337592811103271e-01
-1.431264842041574781e+01 -1.155440328097163949e+01 4.124837114662284421e+00
-8.745720035038164752e+00 2.726563437797046685e+00 5.853933332192866601e+00
-6.327032056573970387e+00 -5.779176705166330086e-01 1.251275979694418838e+00
-4.264959538945705120e+00 -5.995206925913966201e-01 1.333157980694561218e+01
3.885385252122688371e-01 -1.010615472446555962e+01 -1.028813687966338186e+01
9.295099292032613647e+00 -9.111247561841679499e+00 1.004318231322583266e+01
-4.513873778416394700e+00 -2.835369499723428888e+00 1.087113226231296581e+00
9.321967237105218018e+00 -4.620796018334117683e+00 -2.902321993560815994e+00
-8.463919516796075015e+00 7.770636692058033868e-01 8.950311603254196280e-01
-4.362117825138072114e+00 -7.695354112620176323e+00 9.659083328408885061e-01
-2.616622236875091101e+00 6.833935495514626979e+00 -3.844320415438893690e+00
6.475137761293404459e+00 3.881319527351992260e+00 -1.282755577004778758e+01
2.325832868259376962e+00 -1.440500317238696759e+00 -6.097428730248452666e+00
-7.650821725799749728e+00 -2.111681907782750045e+01 4.639883875185280004e+00
4.396794216382946541e-01 -1.543396823394377115e+00 -1.292028963688114596e+00
-3.811667380864922072e-01 1.584942417685228655e+01 6.396234492425826978e+00
1.108812050515504488e+01 5.843633636520829455e+00 9.078910298412148805e+00
6.817977971186254926e+00 1.270708424741598108e+01 1.391107430101312481e+01
-5.538122863845347688e+00 1.049996788522036795e+01 2.890940487475396559e+00
-5.867012420203476353e+00 -3.369618246044675303e+00 6.602382602412202317e-01
-2.103629006222616393e+00 -6.636154625577229460e+00 -2.270328180728922174e+00
-1.161684803798751631e+01 -9.699322005874843819e-03 7.137487402461725416e+00
2.626532163242030649e+00 -9.747042006408493720e+00 -9.160322642122705972e+00
1.316278472219556583e+01 -6.045400171245016274e+00 5.787107724811414222e+00
-2.431380534472560750e+00 -7.295817953675816092e+00 -2.608218242138178766e+00
-2.565189864525972752e+00 8.716131045849609293e+00 -3.560287141678608158e+00
-1.400788353309854983e+01 1.453458602817952539e+01 4.802464429565609372e+00
-8.184974903732648022e-01 -1.022325421955454283e+00 -2.122908068028948492e+00
2.663961172760198171e+00 1.951520447763118948e+00 -1.578567892380232207e+00
-4.071609301813162496e+00 3.661510341031976257e+00 1.139260643262851858e+01
4.188160225069400333e+00 -9.061505171639454570e-01 1.443338639102836396e+01
-4.969597604571175609e+00 -1.395862201770929456e+00 -5.403068125826461454e+00
1.107216576339547665e+01 -4.013129021753067072e+00 -9.664511779965986094e+00
1.909646904474342488e+00 -1.339731537280379081e+00 -1.501377670592618729e+00
-1.230172202851660623e+00 1.066409622839184479e+01 -6.814993418907945966e+00
6.082413067220705294e+00 -8.596761271921055325e+00 -9.025275519671755120e+00
1.288386130160074217e+01 5.356889972629064189e-01 -3.918538275954458250e+00
-1.134434778392017051e+01 7.829884085598867394e+00 -6.186676197448942816e+00
-8.507002592919899797e+00 -3.677215089791700642e+00 -1.500229688237054049e+01
4.991917399020175949e+00 -4.040255608241514196e+00 1.974280454770143578e+01
9.834895686174620622e+00 3.734193698588802679e+00 1.906784763705527297e+01
6.451747259613509478e+00 9.922938005891149160e+00 1.869300412916079290e+00
1.470906108280326530e+00 -5.521704883926780383e+00 1.442421576823518592e+01
1.035047463048091032e+00 1.353650668116723743e+01 9.907116517980302461e+00
-7.669551022288491282e+00 -1.736687270008753892e+00 -6.296369458644968553e+00
4.186387255688041265e+00 -5.499364289635141567e+00 -7.460340323888120295e+00
-4.871568826669845365e+00 7.308073485543173042e+00 -1.110789371967685790e+00
-4.777921949328084672e+00 -1.852756132591953264e+00 2.424550626120145935e+00
-4.153119608109670402e+00 2.506158534416664807e+00 3.147393768818706583e+00
-6.307668118109338806e+00 -5.590108825089968869e-01 -6.217732021787203411e-01
-1.292336268433892243e+01 -4.868476795973624149e+00 -2.892459348863428481e+00
7.798335969236907417e+00 7.901121755492835907e-01 -3.868181831166155327e-01
1.017848120664943146e+01 1.087221239404991735e+01 5.158935698859075991e+00
-5.314491887428695049e-01 1.025570649037286763e+01 1.031080112589039643e+01
9.675506242352701847e+00 1.102392739390191601e+01 -3.641010778708616336e+00
-2.446321862323705076e+00 -8.937056441859978495e-01 -1.913416552955309990e+00
9.027624032959231215e+00 -4.949731415598822792e+00 1.129291826538808152e+01
-6.573980737930651408e+00 3.643151146478368574e+00 -5.700759423232528711e+00
4.309563178703474051e+00 -1.711435878527568066e+00 1.272322932403782403e+01
7.010069957376927618e-01 1.376063716940689297e+00 1.133655942397076899e+01
-4.532593510546842341e-01 5.109738872286740730e+00 -4.779216376991088921e+00
-7.061119879303343616e-01 1.521017504899780937e+00 7.177562921083882053e+00
5.889223959784662732e+00 7.092157940502528568e+00 -1.011754289741264046e+01
5.465116429936473175e+00 3.012819639452195997e+00 -5.118129497006557393e+00
-7.667268844472603817e+00 -1.622531561300995628e+00 2.218038179860784442e+00
-1.088977274882144819e+01 6.538439579754077968e+00 2.594147188887257482e-01
1.112588362124478536e+00 -1.874058639589567088e+00 -6.400268171952792073e+00
1.513056727686234026e+01 8.029858406990541653e+00 5.717987247563074860e+00
5.454883119176591855e+00 -4.871601158447993463e+00 7.435140938575418801e+00
-2.125476814610163245e+00 -1.556675804553034759e+01 -4.213540844450339162e-01
-9.409275532280798160e+00 -2.406923685206033170e+00 9.029175799019071746e+00
1.933699084918294453e+00 1.273891512149154437e+01 -1.905562324817131881e+01
4.961037220428936578e+00 4.977391920912791257e+00 -7.186668000972057158e+00
1.428891685661718869e+00 -8.140519605774453993e+00 4.413892949741657468e+00
-6.495683403026421665e+00 9.057230046231786957e+00 -4.115726200339562268e+00
-4.096332468358503398e+00 2.134925531683000699e+00 -1.048043487657351847e+01
9.548263348582123555e+00 6.375909599286908147e+00 -4.985620199302282174e+00
-3.305165075861545620e+00 9.203494287407890662e-01 -7.247417473308684244e+00
-1.168946773294376129e+01 -8.828126210669752227e-01 -3.483590643068628090e+00
5.395914586647481137e-01 -8.222845287766475053e+00 1.600124177065777431e+01
-1.121977176696319134e+01 -6.069767997823108274e+00 -1.267400208540272821e+01
3.444046768301313843e+00 9.464675282341898921e-01 6.487293324264868488e+00
-6.488497883177219094e+00 -4.330226996076062207e+00 -1.158199881370949491e+01
1.058549241830069321e-01 7.396937586308682810e+00 -6.103911027873197170e+00
1.461651745774644517e+00 -5.032864694722608695e-02 -3.927229379949633614e+00
-1.593817562388035292e+01 -3.643882682162991049e+00 -6.182940729156356063e+00
-1.278926170190539446e+00 4.164105454645536386e-01 -1.862266904962265546e+00
-7.455695170620442624e+00 -1.956442927166374801e+00 -1.067481536785583884e+01
-5.252307263747148625e+00 -1.687134482227963472e+00 -5.941276167415799669e+00
-2.595678310634303543e+00 -4.510612100718109474e+00 -7.483292829399254664e+00
7.300169864284510979e+00 -7.139568935997834487e+00 -1.056732157189237320e+01
-1.436776561490446413e+00 -2.967502050320682816e+00 4.556263806584249565e+00
-8.044937458265838615e+00 1.537536390516099161e+01 -7.383113410298234314e+00
4.714282430942789759e+00 5.406607248459690318e+00 2.795883816491914864e+00
-1.879949141664588907e+01 7.694512792732325357e-01 9.749611516055704641e+00
-9.515926711351289313e+00 -3.919463484615785642e+00 4.045088158139025225e+00
4.289843191264200328e+00 4.304007361296982026e+00 1.553224405170119171e+00
-2.334827454394991619e+00 -7.552283856066345225e-01 1.760430223552982842e-01
7.365144788623027239e+00 -7.728350545827464835e+00 2.826469336026879109e+00
7.114767537249830909e-01 -4.963580409357834178e+00 -1.351841434348448878e+01
-9.559151398286969581e+00 5.743832201887175692e+00 -1.102820052646883653e+00
-5.388645470510586399e+00 8.353251412606036652e+00 8.142642129357378522e+00
3.161830357523879531e+00 -6.797909490641312225e+00 -1.607765997023557603e+01
-2.918071785979289068e+00 -9.301140504719461077e+00 8.402293402186765903e+00
-1.094687974189667123e+00 -9.936513341560573309e+00 -3.398260296225627530e-01
7.039830169002581961e+00 -5.277136370086155992e+00 3.887548332863249856e-01
-9.616143923554204775e+00 -1.884973052581323927e+01 2.557899777375745920e+00
1.955385782849217380e+00 -3.502034055582626149e+00 1.032591469117816452e+01
3.852754095056660777e+00 3.979225962158997598e-01 -4.918238547510446423e+00
1.892645398899203579e+00 6.292772802190969905e+00 -3.648855779905159302e+00
4.189029741014721253e+00 -8.756716763042541984e+00 2.521974424998332687e+00
8.798708893737169134e+00 5.241901882308173555e+00 6.412607988391994418e+00
-2.163619501648247120e-03 -4.688079103314960250e+00 -5.607536369400881071e+00
3.967513981705439896e+00 3.474851911563700213e+00 -7.291987825050046723e+00
-7.364503862897662678e+00 -1.007806566582024610e+00 3.728002781337054206e+00
-5.358884817189009553e+00 -8.600248746701300462e+00 3.212362499622976486e+00
-1.918548797159909114e+00 2.687577804625727929e+00 -7.559754416833304624e+00
3.403509176566771099e+00 3.620003157420625506e+00 1.066725776386477875e+01
-2.524736295951711895e+00 5.515636213536051491e-01 5.174021991809802934e+00
1.155269942577892062e+00 1.701451877831301251e+00 6.055585214120045912e+00
9.760323299963173937e+00 -3.149307209136464003e+00 -1.028321763596796679e+01
-9.041920684754218840e+00 -7.078637208778575385e+00 -8.326609498580364033e+00
2.564913989125776617e+00 1.051954657575238805e+01 -1.531440642171332023e+00
2.779864731261106670e+00 4.206856061868166741e+00 1.639655484848322464e+00
-3.566947790207088076e+00 2.048782880631489167e+00 -2.548511860866285783e+00
-7.084207874904201674e+00 -9.476274236986427013e+00 -1.540671987579346336e+01
4.223250264521112740e+00 1.262815029985559168e+00 3.526397137608383137e+00
1.407738290058636110e+01 1.236144011411054322e+01 -7.456590286264131784e+00
-9.148700814453059493e+00 -8.050497884982888763e+00 -7.165739014476835145e+00
-1.439280754179660837e+00 9.380078716593918120e-01 -1.008306047621639578e+01
3.634012449610418916e+00 4.476404103440430049e+00 -3.836486987166350726e+00
1.558552619664385075e+00 4.733083767988560120e-01 1.139227323630556121e+01
2.306911161011302724e-01 8.630176094666003328e-01 -1.677102890944071611e-01
-5.039609901324662466e+00 6.457061136044180749e+00 5.832482623813816325e+00
8.343761763563335876e+00 -1.403622957737992216e+01 1.027564851187192296e+01
-7.521041801977298435e-01 7.719654699596339320e+00 -3.335005127810123149e+00
1.096531788769529614e+00 1.068194167192038257e+01 -1.033637175384479079e+01
-4.182947074957863443e+00 1.288421722386853752e+01 1.243212802652306692e+01
1.668973140813339029e+00 8.604677374759438280e+00 -4.125827569311052656e+00
2.311226707559633109e+00 3.414745501123066962e+00 1.240115304153686360e+01
-6.000680535298241747e-01 -9.174880667458737094e+00 -9.231026871220818109e+00
-5.612782873048793419e+00 6.865777555521903608e+00 5.821035533730146483e+00
-1.564480959058076515e+01 -1.515715608843854367e+00 -9.094225211270606124e+00
-5.758638970036593641e+00 -5.754242771567287029e+00 6.293409242883059029e+00
2.045484238773460639e+00 9.640563452306845083e-01 -1.247989604403142394e+01
3.603854056101529313e+00 -5.515539949492339389e+00 -6.553314795903474987e+00
-9.959493948755784309e-01 -2.280331100204233685e+00 -1.013352930703573351e+00
-1.180023097600651383e+01 1.812567592064407096e+00 1.331148771022876431e+01
-3.436871829460053540e+00 -7.798854231066187026e+00 1.380979564738205934e+00
-7.459550165475596906e-01 5.333121530437919589e+00 -8.562357334404815390e+00
-3.400038595236207328e+00 -8.781647465761791338e+00 3.908175659958870618e+00
9.364854125531195672e-01 2.056270705039464985e+01 -4.470329152774763060e+00
4.712192755777615538e+00 4.953069375155755516e+00 -1.001878681182630615e+01
1.630427207753710306e+00 -6.659856837503886240e+00 -1.493951685831160248e+01
8.115468661524479765e-01 1.387726707251636782e+01 9.169673010857838591e+00
-2.234136099107185025e+00 1.656566226850676449e+00 7.505954049432671527e-01
6.124685654896961928e+00 7.864330331751136605e+00 -1.062148021918547691e+01
-3.820824863567726659e+00 -1.078228300429853270e+01 3.233354094182315119e+00
4.833107884060932058e+00 5.742468466443407138e+00 -1.380999010684375916e+00
-8.909309424649304532e+00 -5.915541612301202790e+00 -6.766867580638989965e-01
-1.081175662602979237e+01 4.608262155631190460e+00 8.548345834862960402e-01
5.010784795364127575e+00 1.290189262393400504e+01 -3.409339748768038358e+00
-2.120272963754457063e+00 -7.920669473068948641e-01 3.854803773044737092e+00
9.975035799453189966e+00 4.020674897773855783e+00 -1.361884321133616993e+01
3.797776668613027429e+00 8.568154670051621125e+00 -2.453810194909203268e+00
-1.072876204316887572e+00 -3.900250804285483763e+00 2.158413974785388945e+01
3.302832472586663570e+00 9.200381790460758324e+00 2.957952062958772999e+00
-4.167026471717878877e+00 3.833951141263214346e-01 1.388170639891315439e+01
-4.820511493096491407e+00 8.613421425281705623e+00 -8.409840258760043596e+00
4.125837033013001864e+00 3.917358794730375404e+00 4.746921299538856331e+00
7.488729370709374500e+00 -1.687368484902439958e+00 1.770437994206150023e+01
5.543114206346062112e+00 1.141598640837749912e+01 -5.237382016838799004e+00
2.425106056999829729e+00 1.067960598616933154e+01 6.139654851990741236e+00
7.447965993932419870e+00 -1.031273848075099941e+01 -5.303050132262403515e-01
-1.047374856643988039e+01 7.931193873827152352e+00 -4.869984830312416690e+00
7.985010995202556749e+00 1.508468883137140537e+01 1.207076644472291527e+01
1.457588664108480314e+00 -5.071112092427273232e+00 -4.022572427642784554e+00
7.702041662446622583e-01 2.628854593467402356e+00 -8.146914737615111868e-01
2.291103208007605030e+00 9.906885789291189681e+00 1.087725950523626750e+01
1.452438614970742004e+00 1.039843689197046039e+01 -1.157211119584733217e+00
2.663600982648868687e+00 -7.819877150643158359e+00 -1.694013164053812082e+00
-3.183896362705940675e+00 7.424838415806441105e+00 1.341979614934442466e+01
8.726885241640783164e+00 6.071991915749006985e+00 7.584386217648086514e+00
-6.658189925430506584e+00 -6.192836374128361854e+00 1.745135033375538214e+00
-4.928190492581924431e+00 -1.277738630851049706e+01 -1.870082131531164427e+00
1.724309894416865996e+00 1.394197391315165957e+00 -1.635983728045074193e+00
-3.016141436922354924e+00 -7.464243236480722743e+00 7.730429613588869486e+00
-1.849209995219454283e+00 -1.151893741712641583e+00 -4.649296292459075275e+00
1.337246762396330979e+01 -1.212305960219677292e+00 8.910694424890882814e+00
2.324844915869061168e+00 -1.054507157850292742e+01 -1.039307984262317852e+00
5.229412051978747478e+00 6.809373033561851862e+00 3.219021260630182013e+00
-2.899393157120324638e+00 7.652251429776132596e+00 -5.125909719375135509e+00
-3.437104255720902390e+00 9.176473098985983512e+00 -1.394073718490828639e+01
-1.017695755494773557e+01 -3.978046711825981019e-01 -8.863785033720613882e+00
-3.000088563315948420e+00 5.426466172697616663e+00 -5.820996281033344211e+00
-5.353775627961417705e+00 -8.588858160487838234e+00 -6.730972271347911429e-01
8.276337786128744156e+00 2.356234338556317254e-01 -3.369063701047980697e+00
1.889728634798747864e+00 9.291755631471810162e+00 -4.154064993222857716e+00
2.531466834581959979e+00 -1.200695348936161722e+01 1.277945767170818137e+01
3.082489033398765343e+00 1.273547194668299554e+01 -3.161147247694566342e+00
-5.979550423307055773e+00 -7.003766162875470158e+00 -5.896500482222661432e+00
-5.299203698612622304e+00 1.661058872166552458e+00 6.793876842773165947e+00
6.797098129321915705e-01 -1.833326109925015324e+00 9.806991125406081533e-01
-1.415528637040052473e+01 -9.860710759531018610e+00 3.770462873645804347e+00
2.622617008573966402e+00 2.690215503331529590e+00 3.266807013536801030e+00
6.155571809537538464e+00 1.658590622510940449e+01 4.461240807613707560e+00
4.239149637642893431e+00 -2.008228128182686367e-01 -9.088853087425871280e+00
-8.357832632884552027e-01 -3.886429126659397326e+00 -8.840617706156288946e+00
3.043220194928720534e+00 6.893912685461358159e+00 5.182491835936143154e+00
1.508326748360832248e+00 1.047641765567287386e+01 5.631326636846186728e-01
-1.184401953903195942e-01 6.798176376767206541e+00 1.079461311798412027e+01
4.530686825585367394e+00 8.361052212576693066e+00 -5.353582248404438637e+00
-7.683984711266859335e+00 2.518399559205449556e+00 -9.732108778594922072e+00
-7.229279500811935932e+00 -6.758690720076017122e+00 4.145412182649701016e+00
1.072754382884634161e+01 -6.553246741232970685e+00 2.220889489468113265e+00
-3.294040068923528963e+00 2.238831642805895417e+00 -1.335011896335800197e+00
5.134720123638000899e+00 7.047316606568690744e+00 5.221779046188737894e+00
7.638195157498776311e+00 6.708360373532875620e+00 -7.654660192697920529e+00
7.501145918371530108e+00 -5.227564235739480480e+00 1.040355596529526494e+01
9.195869940844002555e-01 -9.312018757819213732e+00 5.358398031963733210e+00
-8.883094792920289251e+00 5.738543844519396586e+00 -4.547148445551936646e+00
3.587641972049551153e+00 2.595134574923456228e+00 1.829716170512021733e+00
1.865564110267631248e+00 -6.387730469297818736e+00 6.536375229581395274e+00
8.392413706475091217e+00 -2.391361328112108886e+00 1.342286175108748369e-01
3.651153856812686449e+00 -3.645452568411602368e+00 1.253559059878463344e+01
-6.395492720502778283e+00 -1.026899139834054964e+01 -1.970763306097715883e+01
3.361390115260864064e+00 1.254333569984226182e+00 -1.469683203285520712e+00
-4.177365094308065907e-01 1.176595658037509651e+01 3.082920561661859793e+00
-1.020424490777797066e+00 1.209890799469285572e+00 1.724776587716336707e+01
3.708296361084455040e+00 -3.230461997725928125e+00 -2.867324896216248309e+00
-7.064018536907054058e-01 1.834712975992217610e+00 -1.658066178183212669e+00
4.802452028486691837e+00 1.832159168714631292e+01 3.299616944844268596e-01
6.568263611958592207e+00 1.014515761645145098e+01 1.990074274631951967e+00
-1.721350506265819647e+01 -3.245038720584279446e+00 -1.485440164676669283e+01
-5.520656445971320991e+00 8.751814938999303850e-01 5.213949988475747865e+00
-7.585898478604871542e+00 -1.080568028603569930e+00 -7.122149036848324233e-01
1.936115413895452275e-01 -2.843801595232643198e+00 -4.094815458268600494e+00
4.186895664812496642e-01 -4.665613723687952685e+00 -7.905908014373056680e+00
4.316682064638669658e+00 3.170614271414090801e+00 -1.044069348381685458e+01
-1.298217361871241948e+01 -7.434535992136380500e+00 1.799831132535674172e+00
1.568271644230543327e-01 -4.628347997141787573e+00 1.054613082935189716e+01
3.605110084484197230e+00 9.430868706034131188e-01 2.175455945504474187e+00
-2.804051823458491910e+00 1.307042373265229207e+00 2.996597250611697127e+00
9.879432697662211993e+00 1.530500878829502032e+00 -6.203678441374789188e+00
-3.410886372994795579e+00 -1.929859750230455084e+00 -7.425545691577754015e-01
-8.132322166224483340e+00 -2.927872481937097593e+00 -2.528074577975262027e+00
-5.329158561747859402e+00 4.009713631291696778e+00 1.064822149225416226e+01
-3.639558126231423607e+00 8.337901838721688552e-01 -1.115523898427601779e+01
1.696355349626862408e+00 6.517314190804013307e+00 -1.706773740047820898e+00
-1.382121458662497915e+01 -5.370715174507890488e+00 9.879919336606360902e-01
-5.256792935118168586e+00 -8.410253874421059095e+00 6.229936539884873170e+00
9.119886831334113708e+00 5.946945238779798970e+00 -1.029944473241244474e+01
1.977831756584857104e+00 -5.507086952088861009e-01 -2.023675077781033949e+00
2.324647302641797975e+00 -4.730696708488144608e+00 2.921216311943473087e-01
6.227707610237801283e+00 -1.538844069504660794e+00 -1.541890275194532833e+01
-4.960017909644149903e+00 -7.563756865461646939e+00 -1.584346407858034045e+00
-3.923538497135593328e+00 -1.813060433511182623e+00 8.890804744070678112e+00
9.828281057479869576e-01 7.780476015768025277e+00 8.720289126753613118e+00
-1.269179627080467387e+00 1.933185115195410919e+00 1.467807383821573097e+01
-1.661944128297061241e+01 -1.009246977274584722e+01 -1.556246640221777611e+00
-1.371514910237281448e+01 2.759321036918326087e+00 3.661861968411098012e+00
6.789430858616576359e+00 -6.619063958950920146e+00 3.104516274614248061e+00
4.668378589356130703e+00 7.954928771089607942e+00 2.235298289836551877e+00
-1.596431245042969627e+00 -7.251803594268856124e+00 -9.173744646118448642e+00
1.323602896680027996e+01 1.731678223204064171e+00 -7.126029764917451992e+00
-1.311225183560505103e+00 -1.509514819789849582e+00 -6.422009444208947038e+00
2.646336661500907184e+00 -5.891266357448250446e-01 1.199890008068798153e+01
-1.284470209104406235e+00 -3.914777750012074176e+00 -2.366776555914762437e+00
-5.528478721021722109e+00 4.378262723442484905e+00 6.055461081591527517e+00
3.065536862692165965e+00 -9.400102220732721392e+00 -5.456348934854690080e-01
-5.907368669939089934e+00 9.612371584667114277e+00 4.932764274544091165e+00
-7.259711149645768913e+00 4.335860839810137812e-01 1.045030101009751711e+01
1.205444492933848721e+01 3.837884268930707332e+00 -2.875300144104233180e+00
-5.264704026707889284e+00 -8.697519465502975278e-01 -5.412366116742719946e+00
-2.259556248224158015e+00 -1.053563349959199424e+00 6.299381433651704221e+00
4.590120468454444769e+00 1.100148181970337902e+01 -5.300702316039749284e+00
-4.409348847772714741e+00 1.524874010577813993e-02 -1.332347434710787093e+00
1.960107911129524982e+00 -4.196499072888723703e+00 -5.462106507010611622e+00
9.816806561178781365e+00 -8.171401002178896533e+00 1.114929456227350890e+01
-5.991310414825499642e+00 -3.280892621451158231e+00 5.622127170070168489e+00
-1.559011331081291374e+01 -1.232095741438737946e+01 1.365097672104127913e+00
4.795798535115878281e+00 -5.949357342455562581e+00 -7.874482418100708259e+00
-1.173422080386681543e+01 -7.340987313497747913e+00 -1.453619686232827113e-01
-1.005863957218971727e+01 8.454139813243564561e+00 -9.653767707621501160e-01
-4.161286226873864180e+00 1.820577146947799596e+00 7.166330860110205203e-02
2.174208137248848871e+00 6.011051560828568618e+00 2.078598682810573806e+00
2.914172810313063966e+00 -2.327878764052552896e+00 -7.400785164788240778e+00
1.110721407751173651e+01 -4.817630609929158259e-01 1.708029972373774896e+01
-6.066449424331691098e+00 -1.046948742074617633e-01 1.094659271562023406e+01
-1.201735399549107797e+01 -3.989954146782818789e+00 -3.042397554001686766e-01
2.953586568958720182e+00 -2.298103895297753052e+00 -3.668645189025870335e-01
4.507126959223242579e+00 3.893180188787801033e+00 -1.615922287689289760e+01
3.713348888084367250e+00 5.290071386518216956e-01 -3.937998566504982367e+00
-7.464567430663987757e+00 6.334962818481274738e+00 -6.209681145550446146e+00
1.644785595843775994e+01 -3.415250444990267198e+00 9.428447195382334556e+00
-8.208080896383712854e+00 -9.402607030528075782e+00 -1.619831182750126786e+01
4.072073601582132163e+00 1.336884719115171372e+01 -1.157359026542317038e+00
-8.388102890394860012e+00 -6.151254407819398473e+00 9.671151977653400067e+00
-6.209325700238464307e+00 -4.084868442304615321e+00 -4.362335723834243950e+00
-4.912874062496046079e+00 -2.489516046637573865e+01 1.423006108973899897e+00
-4.941652993832111207e+00 4.382599739479089429e+00 -1.788862605190917887e-01
2.206516081857619049e+00 -6.339178965071240235e+00 6.106724433731720580e+00
-1.721676828212419741e+00 6.191144945565578261e+00 -6.101052694141314348e+00
2.028549984683243768e+00 5.362623551128770094e-01 -2.955729458543058019e+00
-4.975567389766833770e+00 1.230525658828148217e+01 1.102355218697048400e+01
6.641874601723975147e+00 -1.011440378739452406e+01 5.125861264127339334e-01
1.554180500124789432e+01 4.025998100184805528e-01 6.272172095647563062e+00
-1.153150657498320086e+01 -5.501089122524267447e-03 3.945209024166392187e+00
3.323968209212978531e-01 8.666492179292404785e+00 -1.766591131923366698e+00
1.010191069110095974e+01 5.074389893173560928e-01 -4.310585979849611782e+00
-5.991129151256282093e+00 -4.664407519990393602e+00 6.223352531730225179e-01
1.023110595189082694e+01 -4.526402578141806465e+00 -9.251693015688806199e+00
-9.991391637348680632e+00 -1.727079346502048196e+01 3.428108772545865435e+00
-3.841318534267301743e+00 -1.502535719478322429e+00 1.243513895630173227e+00
-5.338457049620848771e+00 5.966305924647697267e+00 -6.435709001854237332e-01
6.820296816822153385e-01 6.984124899496726435e+00 -4.757617627439124419e+00
-1.291581885309690669e+01 -1.089841724678295876e+01 1.435745342687368087e+01
-6.677394486732412204e+00 -9.487276718146681276e+00 7.461895515968348658e-01
4.827955168038455369e+00 5.067509349366860150e+00 -7.087423605921838732e-01
-8.617518215876270204e+00 9.476127899699287038e-01 -1.052568571869037584e+01
5.666450258392065065e-01 3.101071397828286003e+00 -1.266273168289086115e+01
-5.073586656334191147e+00 1.792541478726702164e-01 7.288930477326033497e+00
1.170763206131845369e+00 1.393822543573989847e+01 -1.370245652789222035e+01
-5.479272560727614483e+00 -7.033132974773170787e+00 -1.137140100511011909e+01
7.814783962017361141e+00 -5.151158339290328847e+00 9.826061970687428371e+00
-2.755716436506851164e+00 -4.816426857435751607e+00 -1.212922838945442194e+01
2.333621089451404451e+00 -2.964830986245282407e+00 1.130055084563102064e+01
-3.439869365077186103e+00 -2.648637960071370312e+00 -1.852286725697037895e+01
1.339184281747963823e+01 2.835189691029214032e+00 1.399403473728254577e+00
7.272701322279764291e+00 2.004484036371345645e+00 3.150469153064284988e+00
-1.912944890435007705e+00 -2.297689611878318772e+00 2.687250538191903182e+00
-6.320616760100516096e+00 6.226519882946679463e-01 -1.490609965907373047e+00
-8.615247071119398470e+00 -8.799304062145363758e+00 -7.474654798594147387e+00
-1.278862081606718881e+01 -3.440501894601303956e+00 -5.984042807744597292e-01
2.909899306365128169e+00 -4.847353528754414498e+00 8.891840311745488057e-01
-3.973355627518391220e+00 -5.881083391160250251e+00 2.138157853131974484e+00
-1.092575244552534919e+01 -6.988105313356849813e+00 -3.291835743819170101e+00
-2.745453728595934173e+00 5.778022489449212706e+00 6.378817848892962772e+00
1.691530443352346325e+01 -2.267913364260540909e+00 1.923779694724658124e-02
-4.375327081756301695e+00 1.680276267098320986e+01 -4.676697712349026759e+00
-3.180928009093419107e+00 1.279407896778374409e+00 8.850339058513695178e+00
-1.398208239638772987e+01 -2.323064580768802401e+00 2.387077476580920621e+00
-3.828262058070670548e+00 1.113267982250086607e+00 2.746548943247401287e+00
-7.233386158608869909e-01 -2.381816244393745396e+00 1.087095014584438424e+01
-3.480780161220118796e+00 -1.501935034785957246e+00 1.585665112331133608e+00
-9.877824454236684204e+00 -9.842236823021730530e+00 -6.736967837162013417e-01
2.887740759202722440e+00 4.832054334785237160e+00 5.543333739402787064e-01
4.212412509135678995e+00 1.009658571829196028e+01 1.628053506374712578e+00
2.826723271516930147e+00 6.606343566691794678e+00 8.582561956507582579e+00
1.443440644252545584e-02 7.240835507927139147e+00 5.808075747904740460e+00
2.888904009713668231e+00 -1.224028165176660643e+01 1.249884834917768472e+01
-1.247744314947837196e+01 6.201730072604575206e+00 -5.022379311633825338e+00
-2.956417446812090954e+00 9.383055561196925964e+00 1.075689475560075437e+01
-1.185010491624623263e+01 2.058838975340486321e+00 3.314792442097974856e+00
-1.065284636492615356e+01 8.757379756411507898e+00 -6.759187220097900628e+00
4.422235934760273324e+00 -4.684442261361206228e+00 -5.112122041883861989e+00
5.280644945392332978e+00 7.176383378623080178e-01 6.429830438912714996e+00
4.771975622621334345e+00 -1.814612503124685139e+00 3.160204434428278919e+00
6.792937038291563923e+00 -7.436806086515278302e+00 -1.150248612727105524e+01
1.475862601183590428e+01 -6.454596840298810534e+00 3.413509545186390604e+00
1.314347647930017349e+00 -1.269390759095293575e+01 -6.529111994960536514e+00
-1.144792801182875408e+01 6.395510066648369296e+00 4.742890165577992256e+00
6.700696551975890980e-01 -8.815673102649103754e+00 -1.014410734589883845e+00
-3.022970177627375410e+00 -6.701079303827373934e+00 -4.408772589216462201e+00
7.770523634824855641e+00 -2.151004952348340993e+00 1.433831825392516190e+00
4.470257745916786263e+00 -3.825512339913164084e+00 -8.612005761083448618e+00
-7.283362214819458558e+00 -1.075822568362718989e+01 9.451589429678506349e+00
9.253275931990362357e-01 -1.153924443806565492e+01 2.118788766668663559e+00
-1.007766649634132072e+01 -5.049482755480415364e+00 2.770840681490273294e+00
5.361074123925622104e-01 -6.527344233716422472e+00 -1.389599597376864892e+01
-1.224823340128068061e+01 1.015165995511741670e+01 -1.073037282106305668e+01
-7.729828961881426291e-03 -4.460294484517453029e+00 -2.435028006410635548e+00
-2.818098684025946099e+00 -1.719381518433848344e+00 -6.276271671419825005e+00
-8.066385236849564322e+00 -1.076705824759631724e+01 -7.513281890274616792e+00
-9.967647294903513311e-01 -6.965251825021876453e-01 -8.656570176457557553e-01
-8.519287356513329357e+00 2.279116440469278748e-01 -1.098805235611160924e+01
-6.452799814778513721e+00 -1.258562080327807919e+01 5.213898140554023897e+00
-1.702553789840941079e+01 9.676246453403710035e+00 -4.872819742700796875e-01
-4.250715550142877497e+00 -2.007861705441946754e+00 -7.096681492057952845e+00
4.940626014986793102e+00 5.445815579391958927e+00 -1.751967463090063903e+00
4.290583828862135185e+00 -6.517262698788703901e+00 4.273164162854651060e+00
-8.700017084638499654e+00 -5.454676398365968737e+00 -9.721029401877064657e+00
1.031227134572193371e+01 -1.023075584460948484e+00 -2.862570533862936362e+00
7.588025327117435381e+00 -1.015333336394490082e+01 -1.339556858986683252e-02
-4.932546657279893942e+00 -1.402253597896732096e+01 -7.909140096096025196e+00
1.479029223816555216e+00 3.858514079218453574e+00 2.916024875460071719e+00
5.514777357470916463e+00 -2.512540339166953185e+00 -5.442765152934422090e+00
-2.097694867765511173e+00 -5.277942090096202854e+00 1.174266437576376276e+01
-2.143325881392140531e+00 2.985477028220290929e+00 -6.786961070096032486e-03
-2.287975273083514782e+00 1.533876106528824401e+01 -3.497773010245157632e+00
1.878172053339058234e+00 -1.119275383310418981e+00 1.303730728786409010e+01
1.833930605674150005e+00 -5.032032622056743953e+00 -4.829413432496761693e+00
-4.996212504305912461e+00 2.252330522369667243e+00 -5.365870468153818074e+00
2.806439063548070489e+00 -5.421819332944286529e+00 -2.892503988401080584e+00
-1.115142287736180648e+01 -5.706148222124534541e+00 3.936977914255838762e+00
-1.082782148728261173e+00 1.704207550227128776e+00 -9.543838650865822615e+00
-1.497642373350973877e+01 4.721462436534249463e+00 -4.911548871353514478e+00
1.552729369338887722e+01 -1.762933828200861364e-01 5.421032814556325796e-01
-5.893654687290338146e+00 3.178395615280427133e+00 -4.254196095839732017e+00
4.765225891240041922e-01 1.400613271976076391e+01 -1.298464672609219162e-01
3.411038738270753434e+00 -9.191067593948293535e+00 6.497416160544229768e+00
5.078812454134772336e-01 1.058147190343616550e+01 -9.404067322554384489e+00
7.297043513263256287e+00 -1.290837631364115623e+01 -4.580123223802869958e+00
-3.968616619628753117e+00 -7.551793234542985012e+00 -1.413247093315141356e+01
5.371323596055967542e+00 8.415815641697943050e+00 -8.457204882037069993e+00
1.279804364597612709e+00 -1.362665027185070343e+01 6.444367686003496409e+00
-1.185378769760051654e+01 -8.719260735653120431e-01 -2.096580479987626866e+00
3.125653431103351476e+00 -1.241877847790243683e+00 -1.300753292306116915e+00
-4.041932380991267948e+00 1.277964490724575741e+00 -1.259216786223819273e+00
-9.485535978699955351e+00 1.538658053540707016e+01 -6.126409793015510807e+00
-9.613460774185488944e+00 -3.476872588630885996e+00 -1.001149942330915010e+01
1.046923684513719799e+01 5.221105768455562846e-01 -1.038303750797690483e+01
6.604021315952921078e+00 -1.561856984509747415e+00 -1.174402756393859937e+00
3.178626180505768950e+00 1.953139726105430629e+00 1.073181970591358514e+01
3.410962265877461430e+00 1.322493948759537519e+00 5.166313213224120737e+00
7.749087650670616334e+00 9.038605913670924252e+00 5.263725512241313353e+00
1.272875985331770110e+01 -6.760669608926253460e+00 -1.340179191809744985e+01
-8.904424028126362245e+00 -7.343956775691267147e+00 -8.101396607548682738e+00
-2.765173831120275594e+00 5.609124267335000802e+00 1.749555040319539856e+01
-1.383660397831493860e+00 1.621837892420649574e+00 -9.321755276296338266e+00
-2.041456753663285184e+01 8.206240372262703531e+00 -6.570637286747509798e+00
-1.704677906131117249e+00 1.016406720005308628e+01 -1.171432839187293296e-01
-7.788722788515919149e+00 -6.058715729137293948e+00 -7.007670366295841724e+00
-3.049048456317868805e-01 -3.682110677822055811e-01 6.679415300728452465e+00
-1.737529702202087689e+00 4.538265431787587900e+00 1.607425577534440464e+01
7.688837779798274319e-02 5.586215005988798943e+00 1.604124302292785842e+01
7.149842401436790063e+00 1.124621932309073102e+01 -4.578196096297460826e+00
-1.640546460607416324e-01 4.601391063007953974e+00 -3.842926838941581047e-01
-4.834971878715575322e+00 -3.058052287357692300e+00 6.312202327315353578e+00
3.851757972321572687e+00 -1.479658996358050871e+00 3.107984035126462263e+00
5.014171079051652491e+00 -6.666151246080214143e+00 -7.055126469163803815e-01
5.564083446799865662e+00 5.756937437077588982e+00 -2.559657301335004576e+00
1.798903448402638716e+01 1.073591522904818518e+01 9.562309029124344661e+00
2.961774652184080425e-01 2.725098815382434925e+00 -1.399896818037286828e+00
-1.486094596273365198e+01 -5.908071266784099329e+00 1.118227611319165149e+01
-2.533951554792173155e+00 1.224951174911629970e+01 1.180494723644220834e+01
-1.255071295574317958e+00 1.472655982519949980e+01 8.875333290662375418e+00
-1.061466905292722585e+00 2.425517426452463710e+00 -8.247322327743493720e-01
2.499485614897726471e+00 -9.507627890460533138e+00 -6.478761794253078410e-01
-4.940644845462737744e-01 7.099970622888331029e+00 -1.529373886666249627e+00
4.395548134325961698e+00 -9.311955980503252572e-01 4.159801618368589970e+00
7.233252698666954750e+00 -5.966585424571889007e+00 1.391920225816731804e-01
-7.669689329951865808e+00 -6.220561766405128701e+00 7.562438291171861948e+00
2.338353933366650761e+00 3.234284023557052024e+00 6.222510383173765369e+00
1.856396496744846303e+00 8.422574672949885155e+00 -2.214894906114915685e+00
5.332448001165136092e-02 1.085279608506196780e+01 -7.297586038726985969e+00
1.029214561628747404e+01 5.954143729046390554e+00 -4.032844553183073444e+00
-1.116558750203321715e+01 7.900375868652986355e+00 -4.702635854440299745e+00
-2.576440077908851212e+00 2.134168492815535334e+00 5.628986524923733192e+00
4.293885285915153283e+00 6.115109313001133806e+00 -1.712724994787773625e+01
-4.634286803048198067e+00 -1.091702185360226007e+00 -1.846944598771229629e+00
-1.519610911803155595e+01 -6.857922193472330008e+00 -3.718203491349388212e+00
-1.238670941829613348e+01 5.968900626603765858e+00 -1.072009807901035572e+01
3.901833776348119898e+00 8.300431343339832679e+00 5.387856939190873717e+00
4.223908517771194582e+00 4.917044457727152817e+00 -1.111884539329402699e+01
-1.422565838170283570e+01 5.993587999855067849e+00 -7.426537922641365697e+00
-5.144962666118987338e-01 2.427828825455322193e+00 4.803757006580707589e+00
-5.326713233960344018e-01 -6.534327757312270002e+00 2.542556636473807252e+00
6.982217481079978860e+00 -9.444254267754378374e-01 -3.963575038625540170e+00
-8.680263965943559867e-01 6.046095604111192401e-01 -5.261634057223233185e+00
-9.738963622459124281e+00 -3.804910574053616212e+00 -4.854415147877682912e+00
1.907437996672648950e+01 -3.452050660913458469e+00 5.634162400404787441e+00
2.115924485647340536e-01 -7.202273679553048424e+00 1.925045876003995016e+00
1.742605434566972367e+00 6.602060084716288024e+00 -3.266467985694117449e+00
8.692811556170015663e+00 4.112432567194442612e+00 -4.815479717491706779e+00
-7.177337886107183706e+00 -3.159051935732003269e+00 -5.348909437691653501e+00
2.862298100006782420e+00 -6.042458010849977690e+00 4.486072050689061008e+00
3.650313466014306396e+00 -5.126398427668496183e+00 9.266643673923883995e+00
9.722422140450394323e+00 -1.852654297753346446e+00 -4.267851974028781470e+00
9.717480311834494344e-01 -9.026585275650209184e+00 -7.186035794683037770e-01
1.158354484394662975e+01 3.321623154212116180e+00 1.706035796840470020e+00
3.933026545467803281e+00 -5.000488049858814676e+00 -6.236164287870989975e-01
-6.659283919229523008e+00 -5.233020364907103428e+00 -7.035962162393596842e+00
-1.318046923658420244e+00 4.258638676339105089e+00 1.230863666628041031e+00
1.244575132153519803e+01 8.963487693336144702e+00 -3.580264496434268917e+00
1.379716371847164069e+01 -1.781663672999403425e-02 -1.388396181549664554e+01
-3.491277074135140435e+00 -2.437514028888367879e+00 8.292578168651031589e+00
2.551453430690893420e-02 -3.827628076856909978e+00 1.569660587498017534e+01
-1.497778100338835516e+00 8.346414088566866951e-01 -5.266454376210679911e+00
5.492229816298880074e+00 1.576441276146296389e+01 -1.516310468663383304e+01
1.698793924245357090e+01 -8.504442674279429681e+00 2.793354929360095440e+00
2.375742510381395167e+00 -6.476265615465134351e-01 -7.936735202287174218e+00
-3.853628176292191121e+00 2.197130038543862796e+00 7.193814870392101213e+00
-2.614103760686533606e-01 6.702434468052083094e-01 8.064567320432441733e+00
9.476000709948658951e+00 -2.433077879475944449e+00 1.385186628626942085e+00
9.579842861610110560e+00 -5.219910753573137718e+00 1.313692852981647619e+01
-3.319324887677375546e+00 -3.872072782230649324e+00 -7.406294776313599115e+00
2.613591419437687691e+00 -6.220693904617709435e+00 -1.272154644145588698e+01
-4.045191412308065004e+00 6.262970947915353470e+00 -3.905765142807189338e+00
-3.064387045553869982e+00 -1.075480623896677868e+00 1.404494950477679360e+01
2.307386525134540900e+00 3.311114007671165371e+00 -1.353118843109783498e+01
-1.735665857176051707e+00 -1.283388198930258639e+01 2.750255984521988495e+00
1.196694350293812326e+00 7.720713400401379989e-01 1.563904544947458319e+01
1.401385469427595254e+01 -8.741528172571168653e+00 -8.000089422175356901e+00
2.535303296451796751e+00 -9.231885199161073530e+00 -6.139518791549072319e+00
-1.935386128728620259e+00 5.934953126717989136e+00 1.011264794031251668e+01
-5.377164210961384860e+00 4.909546180465467202e+00 -6.462380483266273679e+00
-9.973922143923916295e+00 4.895384972506931831e+00 8.282594842296383320e+00
-3.400425445114302558e+00 4.220900884119383356e+00 -2.000807909013823327e+00
1.631877675077979717e+01 -5.358439075920447436e+00 -1.003305860611972378e+01
-1.005614883054002373e+00 6.132722114205242381e-01 -2.486640940597188543e+00
1.489166775584584457e+01 -2.684816412378450146e-01 1.812894284729736327e+01
3.490001958219908218e-01 -2.238743507921360010e+00 1.068718966265065973e+01
-1.398633631205062144e+01 7.561366201849837765e+00 -3.563364243578705626e+00
3.255182132983979737e-01 2.068631498497970789e+00 -1.611028921679471537e-01
-1.501579111056163152e+00 1.746830230697985209e-01 1.581651683188380453e+01
-9.265616247994776344e+00 5.614292057305010353e+00 -3.401687973005137700e+00
-9.713156563161646773e+00 3.692624822214012337e+00 -7.571620783335889726e+00
1.249894222369897712e+01 -3.609648067395257343e+00 -8.386773438268940950e+00
6.011967709455426911e-01 -3.554931484805708308e+00 -2.735303566313280754e+00
-1.568763960272061908e+01 3.521817866414474890e-02 6.092575461343470167e+00
-3.859646386587371136e+00 4.348125313864787400e-01 4.768796199990354978e+00
5.465051366770697250e+00 -7.641201892266866302e+00 -8.020996639700564756e+00
3.007970392220212563e+00 -3.663466644899567193e+00 -2.112572388387452094e+00
-2.567341341144110611e+00 -2.487003991230873901e+00 4.907179187135076504e+00
-3.912086490207303591e+00 8.095073886770181915e+00 5.302745388465445409e+00
1.492895995309355683e+01 -1.391888633466775715e+00 -5.513269892069698308e+00
3.529566270144197215e+00 -4.580460839457046518e+00 7.245987239949193359e+00
-3.928845800130269961e+00 -6.999043437307979509e+00 -4.208276685962527353e+00
-6.532901607054083515e-01 3.601144190594320449e+00 -1.516551492912127930e-01
-8.841103134376268047e-01 -5.297344247358536151e+00 2.845209294287985635e+00
7.546852259199903656e+00 -6.345761426174123976e+00 -3.631151345101770289e+00
-1.716418519834760570e+00 -2.682997329377385221e+00 -2.199899042709013042e+00
-4.432498607970362769e+00 5.468255829647232780e+00 -1.722133507083971615e+00
8.360815024669465245e+00 3.416519859804610260e+00 -1.080821782340404624e+01
-2.323130852088266529e+00 -1.330667744295810628e+01 1.017879346876813251e+01
1.058044667820105467e+01 -2.827902606538902130e+00 -4.858645938884650128e+00
1.238193007001321710e+01 7.826560904133118335e+00 2.212457462735358593e+00
8.680476667174833239e+00 6.903308835376821051e+00 7.372872753305313331e+00
-9.685640876830161616e+00 -6.734047424208657873e-01 -6.593223809126086410e-01
-3.953230584411625337e+00 5.875702983980350069e+00 2.565245984506798305e+00
-7.880140972954380096e+00 7.909925827677703580e+00 -6.053171893733761522e+00
6.285902586959686289e+00 8.572975095537291423e+00 -6.283509563223597105e+00
-1.085501299186362267e+01 8.174763351300748937e+00 1.090201357495062950e+01
1.254379666402814486e+01 -1.299094351911550937e+01 9.479805910475506137e-01
8.004162998221275416e+00 -5.462136057263933253e+00 1.720519578139873929e+01
-8.152446828786509558e-02 3.826994106059269374e+00 -3.197400558640338453e+00
-6.547266630615850014e-01 -1.768093702803277711e+00 8.247449980413543713e+00
-1.320312518082271236e+00 3.593234126247319082e+00 3.847845902691659159e+00
4.760337651959646310e-01 -1.378055871360107787e+01 -3.372306962593199842e+00
-1.657283285989533894e+01 9.614130612190290748e+00 6.479071723118228654e+00
-1.698965678944254654e+00 1.529199487163144866e+01 7.011485219884395548e+00
8.092959981071221609e-01 -9.163144190772827269e-01 -4.470792889641552748e-01
1.016729148389191373e+00 -6.389767191799315960e-01 -1.661012117407692612e+00
-5.937398819161978203e+00 -4.325520421124767090e+00 -1.088637480970596272e+01
6.314303286614772581e+00 3.446153625708416435e+00 -9.688193612989854486e+00
1.583965475423218905e+01 -9.639659782644550035e+00 -6.479575670188189918e+00
-1.930368747635448523e+00 1.297074746404828538e+01 -6.821260397744729254e+00
-1.133748768703637166e+00 -6.324966916342317447e+00 -6.592720518048672318e+00
-3.221079563956787517e+00 5.100654812015688044e+00 -9.117004943246563187e+00
1.078351413156967276e+01 -6.888495081221319261e+00 -2.678141040464617095e+00
7.802489774075687556e+00 6.300076954147248109e+00 -4.598029011144535994e-01
-7.364543097795089643e+00 3.613931663907550274e+00 -3.615363930751916755e+00
-2.328615024226145191e+00 1.580288589856903059e+01 -9.630641050555764693e+00
-3.895522648826392320e+00 1.449843921485135301e+00 1.482888135226481907e+01
2.833446894356588697e+00 6.403474255511329427e-02 6.391398287077037388e+00
6.501956394004359652e+00 4.107233025938891835e+00 -6.439049320104735408e+00
-4.474604489261379214e+00 -4.901208928921402475e+00 9.127131491458966295e+00
-7.628339377507017183e+00 5.048739139658326991e+00 9.163714774952957498e+00
4.612160912132855506e-01 2.043806948598340778e+00 1.406937800870124544e+00
9.798206811604325273e-01 7.112381239361100782e-01 1.886962354794930574e+00
-1.143194082767065112e+01 -2.855362002102561636e+00 5.841801263298665781e+00
3.057583855700559128e-01 -6.628617477478817577e+00 2.367011519743856152e+00
-7.410863239808919367e+00 8.822514808659895902e-01 4.000133234359784851e+00
-8.441669337812548690e+00 9.210085061691446029e+00 -1.967523365367721766e+00
6.055566999546412532e+00 1.225746428744896255e+00 -2.256377339486936862e+00
2.999127562842374584e+00 -2.104044551411872632e+00 2.150186719364203913e+00
-5.212508351030799680e+00 1.170692149085103040e+01 -2.390488042268727131e+00
-1.112285712833231344e+01 -4.326546531656739525e+00 6.894972342605354854e+00
7.825672859522913249e+00 1.288999342967474204e+00 7.346666429423286182e+00
-9.920839702253998027e+00 7.771880242642691172e+00 -9.634928171184005130e-01
1.622642234889606572e+00 1.202953808532641666e+00 9.515044337138468811e-02
6.966182594190009070e+00 -4.673903376453695913e+00 2.831424684684146875e+00
-1.263391926717462137e-02 -1.414139310473299282e+01 1.221139559692809629e+00
6.481157882479893217e+00 -1.220950762959522251e+01 -4.305665544979894177e-01
-9.241705413039996708e-01 -4.184145240955177592e+00 -1.896469439595511730e+00
6.520402971738169740e+00 -4.907060563299227240e+00 -3.408180849014187164e+00
2.174868646413140993e+01 4.335763590770034703e+00 -8.310507324585961086e+00
-1.197814844839310489e+01 1.028341948934624916e+01 1.507958216129667628e+00
9.749581300228635783e-01 9.802724374645016781e+00 -4.403248542893759776e+00
-1.043321883369700309e+01 1.347238212269843771e+01 -5.077071762893403672e+00
7.524143841469489224e+00 -4.624086944047111736e+00 -1.141458756434892940e+01
-2.126068026174543046e+00 1.177969714233243925e+00 7.492104479284618535e+00
-8.465783431953866511e+00 6.849964064047787460e+00 -1.304225166217032417e+01
-7.898803408107962554e+00 -1.559988619465303428e+00 -5.026770664911794917e+00
3.247876268962877067e+00 5.475275330975312826e+00 9.561140335670511581e-01
-4.789253331880398257e+00 -4.561684222645669529e+00 -9.747042734123237295e+00
-7.579704606400522238e+00 -8.557459615558421717e+00 -1.716068772681378141e+00
-7.239840711189018840e+00 -6.382715685107353210e+00 -1.094170596477872159e+01
-5.292171103784362174e+00 1.559698004201957389e+01 -8.531685596228301804e+00
2.721591302882205188e+00 1.063128513503868788e+01 4.009222009316818491e-01
4.738940153976458625e+00 3.320330779492948192e+00 -1.615104983684190287e+01
3.325130414682611057e+00 -6.477418945380037485e+00 8.625696954186548027e+00
7.918703782208088349e+00 -1.237532692877529783e+01 1.043132389055206843e+01
3.384354710132103872e+00 3.047647685228195957e+00 7.804129483788212696e+00
1.687052226404638589e+00 2.598468078608234144e+00 9.124123551641947216e+00
6.359935592638294999e+00 1.497265989782803075e+01 -7.251828536242934220e+00
9.794183031896183778e+00 -1.370020421067908245e+01 2.092969269800949217e+00
-1.032831711077534687e+00 -1.378409898503456787e+01 -5.265472996027234842e+00
-1.313817561975576353e+01 2.253495792749400817e+00 2.140346938897052631e+00
-1.303023799602673805e+01 -4.597927917955432875e+00 -3.540929473484542456e+00
7.120107457928031458e+00 1.095920033226206236e+01 -4.540200147594673830e+00
2.138741363111823279e+00 -4.485583640214409584e+00 -1.826600213627632141e-01
3.333912199605201909e+00 7.926310287535718757e+00 5.377497082761431457e+00
-3.201767886428052545e+00 -4.747956660595363587e+00 1.716170967933057234e+00
1.484326730631462254e+00 -2.042317943528417640e-02 1.055623530963733536e+01
-1.445216836863986831e+00 -9.540719933327440616e-01 5.675435581851539624e+00
-4.939056021013572106e+00 -2.603193901440255864e+00 -3.359355498111814331e+00
1.595603533377853189e+01 -1.980543375871540279e+00 2.232695445703766435e+00
-1.540969893990963846e-01 8.607479272401997727e-01 9.095429297495268628e+00
4.397505811446035473e+00 -3.608842078523679220e+00 -6.672774874635282849e+00
-4.664853092096963305e-01 -2.171181019392351086e+00 8.738239877035811176e+00
1.089711888315939881e+01 2.022570637625218826e+00 5.418273985763643275e+00
1.233291737097723129e+01 -1.081227726273526635e+01 -2.937668845081498503e+00
4.962308057701513953e+00 2.607871663609696800e+00 1.666807530602929788e+01
2.794348734012181978e+00 4.996632242296024984e+00 -4.800078926189142337e+00
-4.725434602152944308e+00 8.691553697796154943e-01 -5.379072918343033471e+00
4.946117891397546762e-01 -8.219847622721111691e+00 7.799447686748070652e+00
-2.648403192010477358e+00 6.344180050160803219e+00 -4.680311907991431930e+00
-4.795553224111348101e+00 -4.375497758693279060e+00 3.773228365107209825e+00
9.663685494918548002e-01 -1.388171287071674165e+01 -4.087183940507874702e+00
-5.016041126684481988e+00 -7.450505117428135371e+00 4.501541700823437631e-01
5.609215582110423703e+00 6.143317497212510858e+00 -8.480856053226255575e-01
4.617010947697340661e+00 1.023771980004186588e+01 7.100649648786590440e+00
-1.622485476618462386e+01 -1.258028834377280969e+00 3.407169521220619335e-01
-4.109747602498313057e+00 8.217064706140158492e+00 5.278842012543778495e+00
3.987160206942506946e+00 5.082119900172647142e+00 -6.299808379303331485e+00
1.923112204234021627e+00 -1.324942815595221202e+00 -7.459434092519400261e-01
7.299719529449942179e+00 4.059779717287050893e+00 8.161685290945351667e+00
5.570259439231394438e+00 -7.587247091530985088e+00 2.987481261900927887e+00
-2.255851865829439529e+00 -3.602529868373654409e+00 -9.814986755246583872e-02
-1.082532831967464126e+01 -1.077704906767232451e+01 -7.841537585002824606e+00
9.381363934855679432e+00 4.773106461800028733e+00 4.827421932800804782e+00
-9.494632069886410619e+00 4.012517232479492768e-01 -1.959210158938918811e+00
5.753126459044701768e+00 8.929450666938461012e+00 -5.178461775879471318e+00
8.402460473883337500e+00 2.817108218492393235e+00 -1.650093054992604946e+00
3.150674286571841787e+00 1.549385123200059944e+00 4.178693788434041601e+00
8.811718795955460592e+00 2.587121029724057664e+00 5.641540972136317222e+00
-3.215439168577054030e+00 9.289782341769749152e+00 2.819104689303923550e+00
6.373598217492273399e+00 3.464606713117073689e+00 1.658748503064640190e+01
-2.963497218632849539e-01 6.723779733023106608e+00 -8.916162810928164317e-01
-8.956453078136240364e+00 1.149086478486158747e+01 -6.619373469220846573e+00
-3.838574235421511105e+00 7.887484429431360411e+00 -6.591322907799896491e+00
-9.193544064733972787e-01 -3.602350404651101456e+00 -5.949598177315330583e-01
-3.789892677679194577e+00 4.535968411161508840e+00 8.818112936380053668e+00
-1.783978338472643799e+01 7.109374797499521392e+00 4.432111575681874527e+00
-5.970355130378617314e-01 4.294786304149257994e+00 6.139230867930765889e+00
-1.820902852862404586e+01 5.733960517336628371e+00 -5.338071752083985988e-01
5.847050033945071945e+00 7.951972075584051503e+00 -9.168069230967568206e-01
1.611500224991167185e+00 8.993289700886540672e+00 -1.796357310435285370e+01
-9.600445355018887739e+00 -1.915899577927846664e+01 4.796363440350897456e+00
-3.566013112684078279e-01 -2.355806947642683724e+00 -1.594646492609629007e+01
-6.936994464642356029e+00 3.568767593334871258e+00 6.624447638674953787e+00
-1.998344820705484359e+00 6.524746974581972836e+00 -6.746732831824829191e+00
3.854302236567457296e-01 6.980174040443518635e+00 5.282061624221705998e+00
-3.903520298584115533e+00 1.233519130576432943e+01 7.116808287530530741e+00
1.250406939117140404e+00 -8.949204701918065386e-01 -6.724195706724659161e+00
3.759499997103257218e+00 -1.920821734754031951e+00 -5.558350378902556788e-01
-4.531142963062475992e+00 -6.632612684011277793e+00 4.116822428435086501e+00
2.787601508845523490e+00 1.446772892770903818e+00 5.755551752798299781e+00
5.906134035164062324e-01 1.032358735754281653e+01 -2.629262001678741356e+00
8.644585105440971695e-02 1.486520215934788247e+01 -8.943927284458618843e+00
-3.250749918666900662e+00 -1.615144770945747510e+01 -4.860446546714505267e+00
2.437216186619330038e+00 2.603978140214943782e+00 2.128647588522921552e+01
6.307168534930969628e+00 1.962304188561971197e+00 -8.413832216324756530e+00
-2.971163243375324114e+00 8.924085330071529043e+00 -8.506647481557646495e-01
-7.227664978921873873e-01 8.028890234943690807e-01 5.659492390771041492e+00
-2.290586754834585737e+00 -7.350020024293664633e+00 1.007280414263945323e+00
9.805845071420842274e+00 9.411565600874975956e-01 5.269163350700199366e+00
-3.517190094659330857e+00 1.072226116174483579e+01 3.060546387757336451e+00
-5.563976483029193787e+00 6.650117315128014184e+00 -1.959820424003637207e+00
1.969498482117228733e+01 -3.996855589683493637e+00 2.900930231375585810e-01
1.272543453923043444e+01 -1.398818923866933961e+00 2.597020775337928633e+00
7.679807843172531179e+00 9.457885474125335534e+00 1.291944759780399998e+01
-1.309719299096736123e+01 1.598728725175205057e+01 -3.504509586343108829e+00
-8.178841954069881126e+00 1.180129317694171398e+01 4.544538271740420576e+00
-6.511867905586550265e+00 -1.207575963360503835e+01 2.246329015570671217e+00
2.574467308966792878e+00 -1.017784103907606230e+01 2.178483970407038672e+00
4.972529920820127458e+00 9.508606327487864718e+00 7.774584363317167401e+00
1.221776900727295256e+01 6.465373112833183278e+00 -1.411593573032578375e+00
4.178576676995424677e+00 1.436053443089910608e+01 1.330216661493563812e+01
3.306289414195665716e-02 7.876998518649823033e+00 3.414684390895892374e+00
7.856085516737723040e+00 2.348141973392698478e+00 -1.456285540308767779e+01
-8.333798695790033406e+00 -1.854185123735169327e+01 -1.614665072054958683e+00
1.451342066704954625e+01 -1.106386912263277544e+01 9.695979687691764326e+00
-4.939096125675417781e+00 -3.095082992349807771e+00 7.147702020621110819e+00
-3.515305508671584089e+00 7.810919245445127501e+00 -1.137599788852572757e+01
-2.770593664365736952e+00 -2.370671414317907233e-01 -5.766148907171103843e+00
-3.055706204673598325e+00 -3.454518201010380096e+00 -1.273721526786397185e+01
1.570212732352734264e+01 -1.058932270409042609e+01 -4.051857342662990469e+00
-2.257001724013738997e+00 3.973129691930591401e-01 -5.819119965680417117e+00
5.073505788815777073e+00 -6.778141037707672290e+00 4.769321944184123474e+00
-1.490257262823394768e+00 9.152195237596770783e-01 5.589863895130115168e+00
-2.175185321319822229e+00 -1.096303898503768526e+00 -1.053495195992831590e+01
-9.701120591855232789e+00 -1.639874401489624045e+00 -1.798915998178436615e+00
1.782642974614352482e+01 -5.780810246161872001e+00 -2.986099792475767067e-01
-7.408988602751504615e+00 7.826540597156951939e+00 7.010785380167621206e+00
4.325874570052206103e+00 -1.010231275374134619e+01 -9.154297465832993197e+00
-7.475857928870689229e+00 -3.938048826173832229e+00 -5.654899050358900503e+00
2.016128594291620857e+01 1.113853682617337704e+01 2.907224734704054181e-01
-4.953677209587143970e-01 6.509793134681161497e+00 1.140002025579794065e+01
-8.182896090019596613e+00 -1.182680877925096397e+01 1.471584039637615859e+01
1.665857924073650687e-02 -3.989915058901046585e+00 -9.464614834862430381e-01
-1.589350428988469233e+00 5.774583253566013319e+00 6.735321056663332584e+00
4.926441735514223375e+00 -1.652863696253386028e+00 1.945171726902857889e-01
1.254510552272840140e+00 6.288279166596080216e+00 5.738219523600433192e+00
1.845874402280871740e+00 -4.330299129680881265e+00 4.468073441925733746e+00
-1.329586402768577713e+01 -1.275494136383693622e+01 -3.611302634794307131e+00
-3.410404966981693153e+00 -2.038635975597388139e+01 2.437516206753477022e+00
5.832664822073402533e+00 -2.711878632720942095e-01 1.231732693830946745e+00
-8.209405778240368434e-01 -5.230309371648821148e+00 -7.803973979159341212e+00
5.581208763077957435e+00 9.545226229666469164e-01 1.458957417223859920e+01
6.657023846787221366e+00 3.302033632090901616e+00 1.053312727203724286e+01
4.229703650217365052e+00 -6.667513114932899221e-01 -9.256539065157078916e-01
-1.589032153137835657e+01 8.833983472289842487e-01 -1.187286909129219836e+01
-6.523316527438198342e+00 4.347791561184925158e+00 3.006082054833273620e+00
9.367363361853584536e+00 1.537633116613641659e+00 1.173882714897045965e+01
-1.042932428046194460e+01 2.984155941147204505e+00 -4.711369910096965263e+00
1.221342444322923854e-01 -4.050727817235737938e+00 5.109648617604344523e+00
1.138887863783614485e+01 6.506459293285503875e+00 5.512369477065282908e+00
1.583167094368398642e+00 2.317037469425999419e+00 8.033866009872874248e-01
-1.914521331684146066e+00 -1.001235280853189380e+01 2.042917333013640757e+00
-2.131680684534104919e-01 6.101351244665988993e+00 7.385335463397226796e+00
-1.155032036484294311e+00 -1.808238626140381777e+00 9.028828040251545062e+00
-4.278920751255359534e+00 -7.525173446401995925e+00 4.065039758932113223e+00
1.332818850306294545e+00 -6.592618624517041503e+00 -1.053305865583686440e+01
1.154671994570876770e+01 4.321839114738119103e-01 5.289432685946706680e-01
1.899080323349248900e+01 -1.330729854331131001e+01 2.378948338750763281e+00
-1.054110113844965824e+01 5.434270097144224820e+00 -1.517403096291267905e+00
-4.588894148172251164e+00 1.741989315402704630e+00 2.677360524806788433e+00
5.141980969108648658e+00 -9.700279892364772394e+00 9.290930807220178167e+00
2.116375542215676031e+00 -2.407140918833187371e+00 3.391154157193344343e+00
5.178394003660754308e+00 5.448395155889569352e+00 -1.182971832271014989e+00
-5.747910907385956669e+00 6.658110685229877701e-01 1.822792883806433339e+00
6.485067503214775320e-01 -6.285949795597641554e+00 9.700196591258453793e+00
-3.780589350456885267e+00 -4.690070717541350298e+00 6.690753896926245226e+00
-1.665386818953659143e+00 -4.593047195825476159e+00 -1.052233114557805393e+01
1.556171736526322391e+01 -2.696649494918561096e+00 1.408857793098975852e+00
-9.806331054187287677e+00 -2.745923048199836458e-01 -2.398909729533417412e+00
5.933164418109406313e+00 1.909370401021945440e+00 6.641778597660336736e+00
-7.148662834723788606e+00 5.818886093519114233e+00 9.124473211482527546e+00
4.054558991228026876e+00 2.131692202908413769e+00 7.545381797564874482e+00
7.126509497381128266e-01 9.657163023379903066e+00 4.409487106736394324e+00
8.513092015502708998e-01 -6.005440289701810208e+00 -7.684442193111872044e+00
-3.488219650746335443e+00 1.293746123256949687e+01 -1.620031935240100252e+00
2.684691479533270808e+00 -6.303705688169084276e+00 -2.135810123906399571e+00
-2.666811239929687272e+00 3.632756045237570230e+00 8.827094371204321277e+00
1.561309689775088438e+00 2.983190043125991675e+00 -5.016632581752571873e+00
-5.676160342807925682e-03 2.026959661393329615e+00 -1.470755042647480693e+01
-5.091721447026607450e+00 -3.620396475809585901e+00 5.470422107970827952e+00
-6.191205714440257246e+00 -2.484079778657157345e+00 -8.064630896412024796e+00
-1.627061055923353550e+01 -4.520706536007516263e+00 4.560804927156531186e+00
-7.577693754404507542e-01 4.812523657741297534e+00 1.183992676897267282e+00
2.234245334286714346e+00 6.299271570638810269e-01 6.527237444506849506e+00
1.534155164161124496e+01 -1.827534911063040113e+00 -3.875024174085249129e+00
8.534865557862302055e+00 1.284697268890801158e+00 1.557260627937654407e+00
8.287065999840911301e-01 -1.539982735877011288e+00 -1.298077828314350413e+01
-1.864900581076810226e+00 -1.291069389113133781e+01 4.999599866635486833e+00
-8.139400214183224236e+00 1.883111923085193373e+00 -9.561580401405695540e+00
4.820501951232536442e+00 -2.163100431564967341e+00 7.387300426674253018e+00
3.142008817605213000e+00 -6.943358012087091247e+00 -2.867693861752405482e+00
2.613816740184928378e+00 5.104721609987502795e+00 -1.053574095723394244e+01
6.046437467004693644e+00 -4.653788169474445624e+00 -1.033282279647192503e+01
7.984187549049321042e+00 -5.829219211364759623e+00 6.441097150122753412e+00
-7.414582905841890614e+00 1.773758292076996756e+00 1.021835609788814381e+00
1.086685958676221020e+01 5.427432247524408560e-01 -1.241791421824401809e+01
-1.283898582513501418e+00 -9.428917949603032866e+00 -2.292743438103549636e+00
-2.111869410082878762e+00 -1.092673212741547673e+01 -5.006584956021379540e+00
3.958136622164583951e+00 -1.018580469307632441e+01 5.613516502152160470e-01
-7.401135456852336869e-01 -1.421103770136160271e+01 -7.339029617203101097e+00
-1.351627111656716806e+01 -4.143901254641292553e+00 2.100444847345298349e+00
-1.170539317280743496e+01 -4.836409196551363920e-01 -1.415305966979845742e+01
-1.460806185927384426e+01 3.521303709579036934e+00 -2.589334901404171774e+00
1.179009933321849335e+00 9.282564657449564605e-01 7.886140981589007559e+00
-8.578971145935692988e+00 3.573131407732191178e+00 -4.015808554489558091e+00
-4.915824375479379782e+00 4.876346339277242592e+00 5.304946693663961099e+00
-1.643337621233378698e+01 2.271919413792573117e+00 -8.251786232659169329e+00
4.272434901904445859e+00 3.693059286538245445e+00 3.195301303775885948e+00
5.686407126604782647e+00 -1.160409970245333433e+00 -5.856735649958655365e+00
-5.500273624843797116e+00 -1.571132851404117048e+01 3.119106913909785561e+00
-4.363668876851023448e+00 2.066099432697997074e+01 -2.118072982727661202e+00
5.374747907553947712e+00 -6.315762447968980453e+00 -3.637842104793111542e+00
1.158361465002907265e+00 9.842740262295288645e+00 7.056338898835430307e+00
1.721927584186958526e+01 -2.285825948343848779e+00 1.381270517152673882e+01
-5.678408523782119133e+00 -7.826956935747382715e+00 -2.296266691412348404e+00
2.044206179196806161e+01 -6.872782226990717946e-01 6.407821766226333260e+00
7.703506918655444125e+00 -3.084638351037016779e+00 -1.145235571542461095e+01
-6.222332700545397444e+00 -1.150611115874457413e+00 -5.660322978065891464e-01
6.894765147356321400e+00 -6.143627686624846262e+00 -1.222773372551124504e+00
6.730511524757425867e+00 8.395688594051392784e+00 -1.353458576625149057e+01
2.262058719607626944e+00 -3.642312704140710178e+00 -7.428193472220860905e+00
-1.098601555520847839e+01 -4.757524519596934565e-01 -3.573683927446884123e+00
-4.572638891889765134e+00 -7.637192415836213222e+00 3.847771469162594021e-02
9.342229224425858902e+00 -4.427731887183548487e+00 -1.062668436616675294e+01
5.077979091343446605e+00 2.065995641085824897e+00 -1.806703298341437280e+00
-3.287114810151013256e+00 -1.439813449571861304e+00 -1.964077327677009377e+00
7.308381214111326685e+00 5.951725472983119269e-01 -1.127400390722319301e+01
3.612209216368590603e+00 1.061711066345112142e+00 8.389315154981149547e+00
3.411335260709544848e-01 5.161460628722219113e+00 -6.983434708557402004e+00
-1.059053398072813579e+01 -4.775914130930283719e+00 9.757913845682768539e+00
-6.115993541966584957e+00 -4.172918556873375984e+00 -4.332002478310425175e+00
8.065211998745389632e-01 4.502111391093208681e+00 -6.954335352765824929e+00
-7.210445146286966533e+00 2.944456851831923849e+00 6.453381661873205388e+00
5.200852331897477754e+00 -1.848406568466262723e+00 -6.441347766204047254e+00
7.960571301338971395e+00 2.662226326173494417e+00 1.283378035551964724e-01
1.559724825131584947e+00 -1.376840166570802992e+01 2.046378324092433809e-01
4.384312707963794686e+00 -6.127205044978223381e-01 -5.240712588428982244e+00
2.657566158347569374e+00 7.280921431814435074e+00 1.933187693585852296e+00
-3.259894746981101488e+00 -1.038694565416039062e+01 1.195554241282063224e+01
4.465009059761271715e+00 1.084526930076797235e+00 1.356263352641381559e+01
1.075870141659792090e+01 -3.624000958761627533e+00 5.767521645713179490e-01
1.158469131186390122e+01 -4.099401387981643552e+00 7.353549133559448059e+00
-8.383738416690489359e+00 -5.883739318243653038e+00 2.716494222746223541e-01
1.343764661973644969e+00 1.278356218336087036e+00 1.156571192447214891e+01
9.494134953157375989e+00 -8.004367192371091733e+00 9.312218299564819501e-01
-3.164564581670168852e+00 2.150726303065457756e+00 -5.108854821857455875e+00
3.073848900687385921e+00 5.456932998007042457e-01 1.211280741036963526e+01
2.955846861820857541e+00 4.178702676486455658e+00 8.735496540404479759e+00
-8.493566012344144767e+00 -8.220272658269005550e-01 5.350594097206056166e-01
-6.974758636047427629e+00 4.827281520026066808e+00 1.606745457638313113e+01
-6.541766620853989522e+00 9.672129747646559750e+00 6.336353347584525508e+00
-7.961619877165728276e+00 -1.852397409827820640e+00 -7.184600661770875973e+00
1.100463086012891445e+01 -1.652674404787536844e+01 -6.726072812784856580e+00
1.170577721973954155e+00 6.271556991917582202e+00 -9.660369771054256205e+00
5.476399871937178254e+00 4.518299129868369235e+00 5.575397638151673441e+00
-4.363873897776807453e+00 -1.426745800365402772e+00 -6.022197547406391571e+00
-1.595751461007358207e+00 7.008830926404209016e+00 -1.708734344028383845e+01
-5.755633370590749642e+00 -8.158374891566914089e-01 -6.322125170950030792e+00
3.697005724614757849e+00 1.043467739601998900e+01 8.616865317938511737e+00
-5.409373139090023486e+00 -7.662300816101782708e+00 -3.794070857724384460e+00
9.902288796204789634e+00 1.129160586506543495e+00 -4.665839652609601984e+00
-3.715917264400767639e+00 2.312147311059260080e+00 -4.611387250914983582e+00
3.302607413818067772e-01 -3.193578762017958539e+00 -1.587754054565601480e+00
-6.376994647451648124e-01 4.907968763055507111e+00 1.504790414073351679e+00
4.214222663677317016e+00 3.093410647981890804e+00 -5.621357134696824964e+00
9.969225097167110361e-01 -4.478942281341035780e+00 -1.316373346040534997e+01
-3.383011342958115009e+00 -3.246501890118745681e+00 -3.060871498179386752e+00
-7.224237893343638639e+00 -1.363612279990588760e+00 -1.116468086590470365e+00
2.386057080692145504e-01 -2.074169031207450109e-01 1.391141134364837662e+00
-7.810864215076264827e+00 2.842691745416205062e+00 -1.129755809509676645e+01
-1.879675331130073346e+01 4.225560762446262109e-01 -1.483618397119798260e+01
3.512330938847479267e+00 8.090848069393224762e+00 -5.954017694269766459e-01
-4.947168331457311830e+00 -1.037341540531616246e+01 -1.699059750724411622e+00
1.329544831115891768e+01 4.757909300841370204e+00 4.320183629470112585e+00
7.377283817590292614e+00 -3.301941575142330332e-01 2.129126938176435502e+00
3.420205916537768953e+00 -5.166714762735806765e+00 -8.951670535773445181e+00
-1.087643573344475989e+01 7.490879865005838356e-01 -9.927097436038244405e-02
-9.433001708612353653e+00 1.181671417659605083e+01 -2.587949374181492956e+00
-2.450208050072204990e+00 2.873705601597642545e-01 -5.018938793963225287e+00
2.058424437207027946e+00 -2.750019530771875331e+00 5.521747509211549776e+00
-7.229806284030656727e+00 -3.705721303914546461e+00 -8.564194870022413753e+00
-1.374445575606456194e+00 -9.066222091543830075e+00 6.474834989961347098e+00
2.415060306626709785e+00 -4.704045596496165160e+00 -4.467497824254905714e-01
-7.980671624895958161e+00 6.834298910826982265e+00 -6.357319649933929284e+00
-5.998069991494184849e-01 1.655641847527221699e+01 -8.418183338360304191e+00
1.238852628512593235e+01 -1.477771092584265977e+00 -1.742857222259370564e+00
3.727030647853240453e+00 3.977758804633154011e+00 1.670660790413909780e+01
2.694354736273707029e+00 -2.103962775117563577e+00 2.378662112266098638e-02
6.774090499934484200e+00 1.185378199965057694e-01 -3.619619671870945243e+00
4.174725550206170865e+00 -4.139685311347885310e+00 -9.122902804204553462e+00
-6.962317233772296055e-01 9.138921301740678516e+00 -3.686521043781252782e+00
-1.436671467701004623e+01 2.809961915167451085e+00 9.874187157528627523e+00
-8.005952465586789302e+00 1.157362263625548415e+01 3.409564989920954581e+00
-3.696111272721134711e+00 1.115482432040814942e+01 1.640291309467235692e+01
2.556967186048987983e+00 1.214467758176070777e+00 -4.466110565561945300e+00
-7.457389877399458022e+00 8.966531604463240157e+00 -4.604837874879160964e+00
9.175109853674433324e+00 1.800180916095939887e+00 1.076258638914470644e+01
-2.037959338564800937e+00 1.110462019471634143e+01 2.612654383747717191e+00
-4.938460042320570231e+00 -4.733237592559558782e-01 -1.371184379291669586e+01
-4.397461761251452828e+00 -6.014693267557831291e+00 -5.417446027426818134e+00
-1.094859681077122637e+01 1.567926100487670560e+00 -6.767612996850274953e+00
9.030793988411307538e+00 -7.511263939691634306e+00 -4.310444077665599671e+00
-4.893818904682713189e+00 5.674509507842572020e+00 1.301941407520612337e+01
3.804069047724838448e+00 -7.152295520395699491e-01 7.632793707356831270e+00
-2.924578782531315646e+00 -8.845667435111092658e+00 -4.057107185455537390e+00
2.139930116325833520e+00 1.296264104038991505e+00 4.111192101591293557e+00
-1.265604839153500372e+01 6.549906447730233339e+00 1.581537687965849814e+00
-6.513625849467465923e-01 2.237925782800289198e+00 2.320286011926749881e-01
4.744136602728911356e+00 -3.419999468690958722e+00 5.026216967879220121e+00
1.390952543584086065e+01 9.562414490252740151e+00 -6.200117360496587571e-01
5.104770855667402074e+00 -6.401692512654824974e+00 -4.736518941957952755e+00
4.546586039249362443e+00 -7.003547082412833191e+00 -1.123319896761656977e+01
-1.083744057400891769e+01 1.827282580264997458e+00 -5.460866983744697478e+00
-6.663727152699219225e+00 -7.635491607236027711e+00 6.364767585315470377e+00
-1.442769748469059587e+00 -1.924072660676347413e+00 5.837265754187787259e+00
2.757114309999259660e+00 -5.685154535846956847e+00 -3.841120493792538060e-01
-1.565785942975411338e+01 1.542134173776991579e+00 -7.514354169978984643e+00
1.001699830350130327e+01 5.702650959824697274e+00 -9.796607819990459376e+00
-3.684123389828692918e+00 1.004791873610948194e+01 1.357959048320590512e+01
1.439618355020946439e+01 -3.141937068523418475e+00 -4.526484511803379185e+00
-5.017268523087581755e+00 -4.684633186824004092e+00 -4.169044440443369304e+00
3.479212547040233972e+00 1.242979320403213572e+00 -4.440418069126587097e-01
8.249130731567319685e+00 3.520706594955040902e+00 1.044221725306639925e+01
6.063621155977593880e+00 -8.522613676026514540e+00 1.071507556433001440e+01
-3.750387141883566144e+00 -8.137441621841001727e-01 1.520259876089511408e+00
5.010281581742678014e+00 -2.511256545779461558e+00 -6.008923583677992397e+00
5.934274538497509965e+00 -1.021058023403912429e+01 9.781771729488825784e+00
2.374745269085908550e+00 -1.193950795088019712e+00 4.179469351937968868e-01
1.221581433715151910e+01 8.820803790103006747e+00 5.658318027739909439e+00
-4.601461485273663499e+00 -8.238297879941512747e+00 -1.491689378056161530e+01
6.447260285557635306e+00 5.241580126628253566e+00 -9.798216753398760304e+00
-1.940711341033777737e+00 -5.171027233266177525e+00 -9.787140109843690539e-01
9.288651485656188811e+00 4.937380071553985061e-01 1.058906612494151389e+01
-1.238371340578424684e+00 6.489456962349136049e+00 7.015729944656556860e+00
-1.251464012800183667e+01 -7.609927598040553853e+00 5.977205707046283401e+00
-1.860577941745540143e+00 9.439475194987545947e+00 -3.563108793458454215e+00
-5.487344310560533067e+00 -1.427989035214115576e+00 1.827645287825025733e+01
-1.174197566416480676e+01 -3.977661877941489066e-01 -9.505867119177709768e+00
3.973341671008976839e+00 -5.244046387720374014e+00 6.645621840835350014e+00
1.576568393767709075e+01 1.395040566932801429e+00 -9.296385933532738122e-01
-1.335928495650672509e+00 2.631393662237445863e+00 1.028792784802331006e+01
1.244102804556904651e+01 -7.596683055661302753e+00 2.566418516909791059e+00
-3.403534626909630045e+00 -6.901938771800945283e+00 -7.508303960551383938e+00
2.716217850148791579e-01 -8.566957151491394029e+00 1.088218240062006359e+01
5.610004174909806629e+00 6.023697200052081868e+00 6.284667040388539405e+00
-7.088476736075571161e+00 1.523220725924354824e+01 4.416582538370242617e+00
-2.639051781553051423e+00 -1.017151099016978577e+01 7.100124142081378764e-01
6.624081688452326588e+00 -6.566114029007733777e+00 6.643449997392318451e+00
-1.293827491056329937e-01 2.078397355435951166e+00 -7.088701351170542786e+00
6.331825631129667897e+00 -2.422629648631318966e-01 4.411906183751007404e+00
-9.846727980256554602e+00 -5.477238811656944151e+00 9.764833570293465215e+00
-3.508821949015993980e+00 -4.822260733252396570e+00 -3.396665696970862403e+00
-4.666693833874349551e+00 6.893119054229869924e+00 -1.712336637092074731e+00
-8.101861104738679487e+00 4.632220789046870735e+00 -1.241323270267139378e+01
1.835569202517675791e+01 -5.449031408479480199e+00 -8.750877380695854413e+00
3.641470169825266723e+00 -5.868734392092686214e+00 -2.017500761261237577e-02
2.432375552590611889e+00 -9.905416791275577282e+00 -1.398316205311297411e+00
1.614221627249488122e+01 4.696860954571429936e+00 8.573285890438986812e+00
-1.195799561724463267e+01 -9.827919278551318527e+00 5.830846362399450200e+00
-8.047221951574513810e+00 -7.150198952609393643e+00 1.248726589470424386e+01
-8.408923265652211043e+00 -7.016136837208415855e+00 8.400943746938706269e+00
1.108922684621866317e+01 -6.673592758014573079e+00 -1.801125605617255321e+00
-1.092272171947977988e+00 -6.689061530837459024e+00 -4.614586544033310589e-01
5.144303672648457670e+00 2.915027016426514184e+00 7.273539441513342751e+00
-1.118900182337730476e+00 -9.189423304693434602e+00 -6.325433991380078780e+00
4.946241998984667987e+00 3.532862555406013794e+00 2.563772209408172298e+00
8.309411321346777957e-01 -4.365273730854100975e+00 -1.497897379307030929e+00
5.444472574856073166e+00 5.784743206957340789e+00 4.857774136510322749e-01
-1.208888458457847825e+01 -3.512962143638023171e+00 9.560105715169861185e+00
1.427894481341910993e+00 2.428759870427256828e+00 -3.723852715354614595e+00
4.613298043169108631e+00 -2.696727783151992575e-01 -2.797118948018558982e+00
-1.253888813767912502e+00 -2.678849427162801167e+00 -1.073788668852457828e+00
3.928983864205573884e+00 -2.578243280701792983e+00 -6.012473030136329832e+00
-1.239903067024656025e+01 -6.044137728618233396e+00 5.282798096918439157e+00
5.057054459365123655e+00 1.380249111525185590e+01 -2.364411854232314703e+00
-1.036449009864910842e+01 -8.486171218154948903e+00 5.539782915941716901e+00
7.232532954511168288e-01 -9.997499494343323079e+00 1.822637089813236599e+01
-1.028463292594124567e+01 -4.449134069577054262e+00 3.208588398080178816e-01
4.171768041288166806e+00 1.203709135070758274e+00 7.855561386651035427e+00
4.150789794245596021e+00 1.720648373982565538e+00 -3.124873456165689234e+00
-3.760628429135820294e+00 2.802855167606538078e+00 -2.016638640094386314e+00
-5.425673783107080178e-02 -2.670047407941166906e+00 -2.146669268938846464e+00
1.880855842900948005e+01 -2.905305913862050282e+00 8.093655408929433248e-01
3.854965485176154338e+00 -8.091277145782832747e+00 8.074741135072986964e+00
-6.406320081784940612e+00 2.122280626079017907e+01 -9.774147999217821514e-01
7.371375508187231418e+00 1.782091820288658424e+00 -8.144173705146268816e+00
-1.143585947082357973e-01 -5.584416809471497878e+00 9.117149981502727485e+00
-8.247408053353845470e-02 1.308222672442271861e+00 2.416494119946368813e-01
-1.556948242434828522e+01 5.938386320744074354e+00 -1.261753204436000964e+01
-1.187514093756719546e+01 -7.974494609171483894e+00 -1.462709380316439822e-01
7.862404151770033600e+00 -4.610025252797861128e+00 -6.534633807745785283e+00
-9.954818283706886595e-01 8.707503380940710969e+00 -1.401718311020487917e+01
-9.972358876571284503e-01 -1.557628994198374084e+00 5.223627185104316339e+00
-1.536313609782833467e+01 1.121020449061456842e-01 -3.655667214143821564e+00
-8.329737521095623265e+00 1.053756190663662551e+01 2.598193461371555379e+00
-8.657155185125962049e+00 -4.865527144962088713e+00 1.154554007108506930e+01
1.490338117773865712e+00 1.219288341608969262e+00 -5.577013075096929562e+00
1.090222438981473196e+01 7.857857603262496049e+00 4.624739471526714829e-02
3.824605482652839061e+00 3.717918450392438956e+00 3.266447706637745085e-01
-2.014934959742701537e+00 9.956862296892808217e+00 1.164680608749105772e+01
9.229508989547162701e-01 -2.313838859531931025e+00 -4.711469909800846345e+00
4.967700809266623274e+00 7.536800283404178735e+00 -6.829509550278857866e+00
7.469370660723710920e+00 1.843981434298892097e+01 1.556082319991170770e+01
-6.935205185351951407e+00 -3.869458058994554417e+00 -4.875190078382760639e+00
7.697088915235270612e+00 -7.962831865660433550e-01 -3.656407427922217401e+00
-2.500805479783521079e+00 -1.046335079883805363e+01 7.284933530192741813e+00
5.857614854759364498e+00 9.540392266974134117e+00 1.926477291307364670e+00
-6.973445969507325870e-01 3.112557278928480109e+00 1.903516264377895784e+00
5.519060812928706206e+00 6.895678919491720293e+00 -1.254219208687105791e+01
5.762224842414562787e+00 5.740169456869386622e+00 -4.006730229709732249e+00
-9.344350540930141946e-01 -8.965893043757670711e+00 -5.191353628246057283e+00
8.523585049288048054e+00 -3.022594090781366205e+00 -1.251904649588787777e+01
-2.695065923648190531e-01 -5.741596929274121131e+00 -4.539576654577490267e+00
3.890435839217509351e+00 -5.470581623460137877e-01 6.443081611647571982e+00
-6.649512807093976852e-01 -6.744085501117433878e+00 5.736755093640431902e+00
3.119376092606754636e+00 -1.457832010815549362e+00 -1.340204276154456764e+01
4.998414352438238950e+00 6.687210503054642707e+00 9.093313130671389910e-01
-4.528993246806898298e+00 -1.038749116030026798e+01 -1.896204785398555526e+00
-1.325907349190112150e+01 -4.088335545994316256e+00 2.106936084988054514e+00
-4.795035540575897648e-01 -1.596418637225287540e+00 2.067852187886376925e+00
-2.327549854339665991e+00 -4.517427778587935094e+00 4.812646425286797758e+00
-1.959376519071917677e+00 -7.675067072094168275e-01 5.221837285072066237e+00
-2.045502102088051544e+01 7.385632238901949975e+00 6.728803356361764187e+00
6.962031386298273894e+00 2.525755607238167499e+00 -5.378459051516547795e+00
1.109165448993212566e+00 -2.352585200264554199e+00 -7.866205789777660939e+00
-8.803216611617064036e-01 1.041065692703994294e+01 -1.209963427123437896e+01
-8.363752019400184423e+00 -1.013462190712466793e+00 1.326210320082149785e+00
4.966713407054786700e+00 1.266711031683097488e+01 1.268907665301824217e+01
2.241931312541686427e+00 1.250240038426150502e+00 -2.031705423439710945e+00
-5.910297126340891438e+00 5.906296399443986544e+00 -4.040814816383578645e+00
-2.128816935280220868e+00 2.133239264209571662e+00 -1.694776555120293127e+00
1.251255223483688717e+01 3.930106450204663204e+00 -3.989230224156077309e+00
4.821637571642161113e+00 1.115258555112242256e+00 -1.276258825453107315e+00
-4.723106811326618804e+00 -2.982165806012222475e+00 8.483543904105764755e-01
1.939464369092884777e+00 1.475587258705969163e+01 -1.975466214795183140e+00
2.747271603815798269e+00 3.514928615609424600e+00 -2.653176042850528132e-02
5.036729704055558088e+00 -1.503113725263868883e+00 8.331705731748785482e+00
1.813770063089824358e+00 8.420308179794497860e+00 -4.236226066465952900e-01
4.144925298199392039e+00 -3.042823790161722552e+00 2.600555483075524421e+00
-1.647661308742227382e+00 -6.301117625389730525e-01 9.262986669828119801e+00
2.819733403588999376e+00 3.149466843758307988e+00 3.943670962329685059e-01
1.257387962170062601e-01 1.744448012304633977e+00 -1.033602419865286848e+01
-4.031086202260277140e+00 -6.333779742923098866e+00 1.525799678206905652e+00
-5.236280824361384312e+00 -6.461167487158351541e+00 5.269115568692948948e+00
7.945982730170076946e-01 -3.917219993159798186e+00 -4.304322416567226917e+00
-6.279006255718398322e+00 8.000154624881375298e+00 -5.765085022296006834e+00
-1.186217281210371333e+01 -2.830272558980904685e-01 -4.161145615333300185e+00
1.101727555216561516e+00 3.521142924639881322e+00 -2.129842126299862137e+00
6.583552695189522908e+00 -4.065505365352328759e+00 1.081358006693209806e+00
-1.905261422596872922e+00 1.255028884682817214e+01 8.017232890019876379e+00
-7.612097709363937703e+00 6.615606114982064412e+00 8.452301200693193906e+00
-1.656670899813554199e+00 -4.030377154209815238e+00 7.438275318657545654e+00
5.675451681185850639e+00 -6.037804925725909655e+00 -7.457736001206308529e+00
1.388786593742277864e+00 7.444936842326005610e+00 6.085222604492728671e+00
2.448894054919248831e+00 -1.538155417052599105e+01 5.570314613077369081e+00
1.223193970317759671e-01 2.396564224298634027e+00 -9.072006645539303804e+00
-1.000774657285300862e+01 5.068226717610218479e+00 -4.582899312545299253e+00
1.186454211074893728e+01 6.596921050009622256e+00 -2.124837032921462310e+00
-5.642185914585116535e+00 4.359042237666716169e+00 1.013682799662147360e+00
-3.222635922156479094e+00 9.736947346139883663e+00 1.812540387708450274e+00
-9.976124979784756874e+00 6.161553527733576452e-01 -1.330041368485075148e+00
5.377905660983149261e+00 1.310363550330402971e+00 -1.562908481294328356e+00
-1.467923577458487294e+01 -4.215514524594286883e+00 6.144544630164574528e+00
1.436734730870259380e+00 2.127875638984371917e-03 -5.175027180093723089e+00
4.993279653593200251e+00 1.165523681452617488e+01 -1.217835489285279404e+00
6.787400187364321269e+00 7.279981206311152420e+00 6.048736869375629155e+00
-5.274179876764727659e+00 -1.866220035694174939e+00 1.650889049418440990e+01
-6.125482000755706480e+00 4.649842406752785706e+00 -8.599796446238141101e+00
2.500318473660211094e+00 -5.306117187369222776e+00 -7.213842038658501821e+00
2.613204680004415970e+00 -1.847505205591867705e+00 -5.780727332075230152e+00
-6.503691479715287826e-01 5.820611169987971456e-01 -7.121544053730367807e+00
-3.247978811430605628e+00 4.601781199620878837e+00 6.129407403643967633e+00
-5.035641789379868172e+00 -3.257885696353794991e+00 9.871090203943960750e-01
1.676498509059539399e-01 -1.399357592755212876e+00 -4.012308643511544481e+00
-4.699843606970254939e+00 9.241909079208854294e+00 7.058093047964438815e-01
4.056579900585103537e+00 -9.065256667733001095e+00 6.021625991711847092e+00
4.776646551435034915e+00 -7.121545433770217315e+00 -4.111404964432978204e+00
8.463868211540365394e+00 9.018509226028255554e+00 -2.775201126377044414e+00
-5.819437357290859758e+00 -2.597030399783458510e+00 -5.446268233935002812e+00
1.577230802690138134e+01 -5.982066520085834505e+00 1.186814856321787204e+01
-5.482184610564920568e+00 1.709480969405934969e+00 -3.205373010588560501e+00
-1.766384146936043287e+00 -7.870859957359123804e+00 1.313105649160212707e+01
2.918532326047923231e+00 -5.995829899958060594e+00 9.714260616361254819e+00
-5.422389647403873525e+00 1.042777493691257718e+01 -2.475808031700197809e+00
4.768174808909271256e+00 -2.576907668807365326e+00 8.228357044057535319e+00
5.303146091250320104e+00 3.291574069876112230e+00 1.038495094298500732e+01
9.349824648972600016e+00 6.624850070279314274e+00 2.925167032023914260e+00
6.616008478779488833e+00 -1.777171503941874064e+00 -4.290321691341641319e+00
-3.645445261198379527e-01 -6.576256540276570028e+00 2.836125500976969249e+00
6.198258442854839068e+00 -1.253984176220126301e+01 7.233376585670391989e+00
-5.821289341013204499e+00 2.583667604605254464e+00 -5.722737469166188085e+00
-5.411152783507937158e+00 3.623789050324734973e+00 7.311487587859584636e+00
1.270766060287981392e-01 6.358328107934081430e+00 1.241660532013288787e+01
-8.746657756067289569e+00 7.826348717627836571e+00 4.182938602819175955e+00
-7.455878844561245167e+00 9.078860252487851445e-01 -4.263820395335923941e+00
8.282002980950675664e+00 2.033801745479399514e+00 -3.207082608855207351e+00
-4.323418313990459616e+00 -4.534651952300782440e+00 -2.007954676941133165e+00
1.596029734847750903e-01 7.938017625771798258e+00 3.580859703979534903e+00
8.338637577787379129e+00 -3.377771760732619644e+00 1.085624082155566228e+01
8.533688843525702339e+00 7.033351885124848657e+00 -2.919414533996819383e+00
-2.127021828027697847e-01 1.320432297304494185e+00 1.503785320855565466e+01
-1.784308288268910303e+00 8.670936623077191152e-01 5.700601251194473695e-01
-1.576532013958077805e+01 7.880101339451742737e-01 -4.575093620028616165e-02
-7.550864885299712892e-01 -2.838263609424998557e-02 3.687451922548840688e+00
1.058811316490185561e+01 1.274750572140764859e+01 -1.402991382736342274e+01
3.357260229976898103e+00 -1.224560206631454129e+01 2.144639480256311792e+00
-6.686061594004113040e+00 -8.683795918199384900e+00 -1.727129226724483146e+01
-4.407724770537104320e+00 -8.201407007099870583e+00 -6.172790542899901922e+00
4.359443710281246886e+00 5.439373622146708165e+00 -4.831853734026332781e+00
1.006971391043919528e+00 2.727026112111557987e-01 4.380676177981949415e+00
-6.058615584915255425e+00 -1.086547556496362921e+00 -5.634991386177039985e+00
7.809226234820156876e+00 1.002148264858644033e+01 -8.212415033799137731e+00
2.090361265222458187e-01 -5.458847062720921350e+00 1.415167981696465205e+01
-1.086157493129934437e+01 -1.122192806188500480e+00 -7.465928506109669627e+00
-5.220476289288660254e+00 4.580865046378233885e+00 -1.329752801164423515e+00
-1.750990285925368539e+00 1.218204733751771629e+00 6.687692651879877381e+00
-8.962904844052035358e+00 3.736962905090700726e+00 1.965077145963228578e+00
-1.444183931218881156e+01 8.763724123048067804e-01 -2.964250087159697955e+00
-9.880072363309052363e+00 6.339203950790225583e+00 1.848062432439823510e+01
-5.230027690228887804e-01 -2.571795000023029409e+00 -8.523806385121119433e+00
5.538711629069869025e-01 1.698950746831033243e+01 4.422762634110414481e+00
-1.249169215738007210e+00 -1.143428781810371220e+00 5.999997817240649844e+00
-3.872430816550505028e+00 -4.426053279280139030e+00 4.806742245108413525e-01
4.102177324554277860e+00 -1.142847552501387698e+00 -2.230426968606910254e+00
-4.309392346239415694e+00 -6.416309939291035214e+00 -2.303657775711105860e+00
7.289744291146742938e+00 -4.262985199878093212e+00 1.233521577822842552e+01
-9.263266945328984647e+00 -1.290369303015381064e+01 -2.800690293641061590e+00
4.111677193753033421e+00 -6.306624965224720825e+00 -9.879453964808254440e+00
-8.479397709731487653e-01 2.825231959288336814e-01 6.252454456359872736e+00
-1.318722621689493302e+01 4.289417571507119220e+00 1.583603787144781982e+01
1.898483401787554703e+00 3.147802449175339246e-01 8.533969677665655951e+00
-1.185755534946142609e+00 -2.333186046882671061e+00 7.427096204133250446e+00
-1.026978035643420384e+01 -1.141966294082897093e+01 -5.762801418414650101e+00
-1.407613694190124498e+00 -2.377270078621763982e+00 -5.912742105437566842e+00
2.440937413763292430e+00 1.028677144973859114e+01 1.176746961056848589e-01
-9.824133075437382345e+00 -3.972379085332599313e+00 1.266519907345342411e+01
2.710233613882323755e+00 -6.876429344253550902e+00 8.759520787057637037e+00
1.542198552046137427e+00 -4.874258092894744543e+00 3.576519966219778635e+00
5.113775082822487050e+00 -3.507514640935553984e+00 -1.131833017223670801e+00
4.329429502335876201e+00 -9.041785100438589629e-01 -2.765467115315447089e+00
1.133858974999907865e+01 -6.065986783093812562e+00 -1.422775703880482245e+00
1.050629840583134911e+00 9.973253738715758265e-01 -6.665669005126350299e+00
7.282930349566254513e+00 7.711095925908103332e+00 -9.319583347101522142e-01
-1.514161401786845218e+01 -4.487961458934056402e+00 -7.052736863515274734e+00
-9.311031499800023425e+00 -3.508717881695762597e-01 3.433616391252554134e+00
-1.609782256135341871e+00 -4.602614854390832733e+00 -1.092086554902328999e+01
-5.188728228830435718e+00 9.772352066262659065e+00 1.336063225437638113e+00
8.536426871123216742e+00 5.353365086750027091e-01 2.327979838660100054e+00
2.687862257609547889e-01 -4.327974622569439767e+00 4.537063273614278636e+00
7.121768504134746713e+00 -1.240385983799776071e+01 -1.183408082030728004e+00
-9.720517593157108616e-01 1.615631704028184013e+00 -9.207087275621285372e+00
1.412831414027545662e+01 1.173538809997362442e+01 2.443863937308187406e+00
-6.152512030872874238e-01 -1.941858376454775437e+00 -2.056183443849793346e-01
-1.239123487721695671e+00 -8.229908531355262236e-01 1.295988246398168542e+01
4.881636455719097434e+00 3.657740940923128292e+00 -2.988681507975105678e+00
-6.683558868744083448e+00 1.113305168891534258e+01 -1.154710322261241195e+01
-6.897208155712363009e+00 -2.476447658577792588e+00 -1.032490557653847318e+01
-6.165930548221914442e+00 -1.239580736088529811e+01 1.022942934846249319e-01
2.865133167555929283e+00 2.738484323456751302e-01 7.989472771306708410e+00
-1.160020381467894213e+00 -2.259427426662568905e+01 7.047518731482245613e+00
5.746489854828218391e+00 -7.084587897322909278e-01 -9.251986372299588979e+00
1.010794036296083398e+01 5.275296506761217863e+00 5.845133342071068938e+00
-7.094822785462507220e+00 -2.292042470856058056e+00 1.566793769986894347e+00
-9.771112136283198524e+00 -1.723943509532073648e+00 1.118980218908040491e+01
9.260843903881819106e-01 6.414147363071958985e+00 -8.670361194984995024e+00
-5.125600805724929820e+00 -1.405464415673098211e+00 -5.879189942673836100e+00
-3.372741671560820276e+00 1.948271844727471391e+00 1.452031088554180549e+01
-2.592030667508467445e+00 -3.327663084581735653e+00 -4.356183499734372910e-01
1.883974350620782445e+00 2.129626090390285054e+00 1.459833157337993681e+00
-2.547923710459076840e-01 -4.955849890016430059e+00 3.233825758478767298e+00
-1.140942593527818794e+01 -4.478867398418195478e+00 1.274167914072297769e+01
5.924365475527522129e+00 7.224573297888714052e+00 4.595421778211354891e-01
1.136310417244785320e+00 1.054644725083717383e+01 -4.019172441959057984e+00
-3.411731784669417067e+00 -1.000975229014522183e+00 -4.138437848297770394e+00
9.348739924581964900e+00 -4.033576138421047119e+00 -8.364676230612143826e+00
8.290235491782405930e+00 3.604980998336583919e+00 3.536681118410033964e+00
-3.897524715775197990e-01 -3.146279972792433544e+00 9.287881299211086628e+00
3.927109730274811472e+00 6.536653216945828682e+00 5.900475222167512079e+00
4.576209652692204699e+00 2.686984839415817561e+00 -1.514751574397402223e+01
-4.566022222690454768e+00 1.107412335917462975e+01 -4.998803487284353864e+00
-8.508936403199289789e-01 4.968673596449155738e-01 -3.935193740961747011e+00
1.399477903914271959e+00 -1.170255067478717947e+01 -1.084175988883658270e+01
-2.874445995379543817e+00 -1.786019822160126003e+00 8.525155906219813673e+00
1.782380903344843004e+00 5.806766840917658712e+00 -7.189067716411530640e+00
5.111242084041278666e+00 -1.766811642294707108e+00 6.346719437340101244e+00
1.631816301422294657e+01 -3.707135344079506845e-01 -9.932770305668638500e+00
6.347922542521545530e+00 6.097256373717932831e+00 5.425823675056061113e+00
6.583849517204297674e-01 6.438125961599980407e+00 1.136378293227653025e+01
7.935082923319801473e+00 7.128764785692883521e+00 -5.826834654786492429e+00
-1.535143554540818078e+00 -1.045437393911511315e+01 2.201199049571844313e+00
9.063190458850978182e-01 -1.285602535165089710e+00 -4.415674054266872650e-01
7.297713337320025140e+00 9.482572859945166854e+00 -7.498537928314362944e+00
3.383282882808028358e+00 2.282387093977396475e+00 -3.819097044112294448e+00
5.933398759292217939e+00 -1.609348310316111474e+00 3.310026059345422489e+00
1.872005233644139066e+00 -2.425674173246616494e+00 -2.814249901567959622e+00
-1.641769494656150297e+00 5.725396476816714930e+00 8.051925025414151449e+00
-6.004398363430559549e+00 -7.045898995306874468e+00 -2.099890789814785830e+00
4.098787223296264770e+00 8.785957774966451694e+00 -1.074762745087203442e+01
9.798966026951139163e-01 -1.100386468880921065e+01 -6.807680622009771199e+00
-3.931269456193105416e+00 -4.337024002567964054e+00 -1.340593369887894681e+00
-2.920889004290462276e-01 4.029625066248883947e+00 8.677151313563836510e+00
6.095259165590333872e+00 1.484658745436251426e+00 1.978353006664635672e+01
3.603802850036127992e-01 -5.252635466115937568e+00 2.817670240573684204e+00
4.765136658622099119e+00 -2.630201321626051136e+00 -1.455197865712966276e+00
5.309780970076811712e+00 -5.175407218790621933e+00 9.304723658408077247e-01
1.248756740214432881e+01 6.716051377271123890e+00 -6.281869279932421613e+00
8.513810371071874883e+00 3.786321566014376749e+00 3.418508016212242762e+00
4.152092373078134502e-01 -4.138706436903490271e+00 5.015101744841153675e+00
6.968540787170814710e+00 6.445600661930415143e+00 7.374107171971678198e+00
-9.754448498456991246e+00 8.006419807800130073e+00 6.365013354655270739e+00
1.641485066323623787e+00 5.096727964948486900e+00 -4.470385093554264166e+00
6.994948928356337525e+00 -8.249795609019249909e+00 -6.501877336062912960e+00
-9.782612804033162135e+00 3.735930846573225494e+00 -1.188856019038553313e+01
-1.862288958893087765e+00 -4.546739744482455881e-01 -3.372522798465102944e+00
5.977604091535885900e+00 3.146662418341690692e+00 8.064221463029580761e+00
-2.135688855767495120e+00 9.298626469786219317e+00 -4.866466552487225705e+00
9.675481751869753566e+00 8.527280960807200216e+00 -6.288898500551571402e+00
-3.867451927922670230e+00 -1.232022584763029549e+01 4.526117600339788716e+00
3.169284558967486176e-01 -4.482943497187591997e-01 -2.070015673694405312e+00
-3.304953694374462181e+00 -8.673441555447665152e-01 -4.294456876035514625e+00
2.638481938562627249e+00 -3.382847060476111611e+00 8.125203376362874153e+00
1.738060263279103679e-01 -7.380429069860505287e+00 -7.649539785206759923e+00
-7.354443851914010288e+00 2.481314417489112412e+00 -6.257659689911544199e+00
1.994637426293810023e+00 -4.698339689324686930e+00 2.316364009774078081e+00
3.499313683782205864e+00 -1.777730685403005717e+00 -2.816172604016412784e+00
9.216643293439490847e+00 3.515263852675592493e-01 -8.651503233580985608e+00
-3.632644870410401516e+00 9.452118365866603256e+00 2.714472806055587384e+00
1.260225798342280257e+01 2.325296364231645985e+00 -1.067137110027374014e+01
3.554318061492569569e+00 -8.828117500765294778e+00 -4.341098595713595465e+00
-5.614821531841141855e+00 -8.355208379617399927e+00 -5.785239765819359725e+00
-3.625759147429668872e+00 5.174101709441037755e+00 -1.397595369211856564e+01
1.331089299072361953e+00 1.418386692877358746e+00 6.761680717631771920e+00
-3.549788679146463455e+00 -7.666901157477220785e+00 -1.459531420104271682e+01
9.793184408534343355e-01 -9.310528926484089141e+00 5.802731232211548296e+00
-5.630105822709140284e+00 -9.617739090665843094e+00 2.788174722703522068e+00
2.353377064187340828e+00 5.951481055398286202e+00 5.145605845310562643e+00
1.235636626812689487e+00 3.594652519048186612e+00 -5.253128484534686393e+00
-2.400486364584211163e+00 2.149263426713574177e+00 9.711216658711435690e-01
-1.042728466891095529e+01 1.475284722711310081e+01 -6.472489157912872493e+00
-3.481755941488694217e-02 9.198026855068567542e+00 -2.122878760936745213e+00
-3.928015846028063862e+00 -5.111439354380883593e+00 4.070046875984033363e+00
4.821248039623362014e-01 4.088526938900897356e+00 1.310399016609705702e+00
1.884206773410464208e+01 -1.079706121374652739e+01 -6.287426289422984205e+00
8.652664853375925391e-01 -1.157059248480833702e+01 -1.990900380145380344e-01
6.547138835296290038e-01 -1.010055932327887085e+01 -2.370569732895331683e+00
-7.405551638552705818e+00 5.156178214042957286e+00 8.592524508942577910e+00
6.669953383946983116e+00 7.250497690070926815e+00 -1.802571468864392656e+01
-1.336206212859666032e+01 6.287321246238854577e+00 -3.939389002071511658e+00
-8.570115367110334503e+00 2.103449015318547666e+00 -1.300842336148242850e+01
-2.551337701050988560e-01 -1.984155110051190940e+00 -6.839751853784704849e+00
2.248035643068773126e+00 3.296522338699658494e+00 5.460922462101026831e+00
-2.967597268524204246e+00 -1.533411711273315881e+00 4.697424266555764838e+00
-3.646767564798630623e+00 -4.436704466392704660e+00 -1.325941992359888921e+01
1.046280450238925752e+01 -8.364163548827157513e+00 4.256332567890646956e+00
-6.207771908291752627e-01 -2.567186913098462586e+00 7.089650374543066569e+00
4.456197496344332376e-01 4.049215872494031032e+00 9.998148900523981197e+00
-1.252568806051371730e+01 8.439307029804508531e+00 2.591161468102920473e+00
8.499123183798808157e+00 -1.371733587207474336e+01 2.025333756850856926e+00
-9.922494590226675015e+00 -6.553851518658833086e+00 -3.983188017249823520e+00
-3.262023303741674596e-01 -2.532629256507280324e+00 3.949451212556971846e+00
-1.104900048991847683e+01 -1.093900394978206769e+01 -5.056269411782186474e+00
8.535946616666054254e+00 -2.489628452176213091e+00 1.562136655349374159e+01
9.632454213333092874e-02 2.296147151639672312e+00 -8.408428222030352117e+00
3.273279453654432292e+00 4.936078843475094402e+00 1.338003416014563074e+00
-8.485746078947187243e+00 -2.858015476464439431e+00 3.307387052982048825e+00
8.592452405160040385e+00 9.510528897451786534e+00 -8.158140169049824308e+00
1.338127106715138126e+00 7.149498799981539143e+00 -6.293784978072406666e+00
2.783250586521684777e+00 -3.741882729552838960e+00 1.660212249615445002e+00
5.911521751655152812e+00 -4.278232516035828326e+00 -4.996345111418118101e+00
-1.404919513968422784e+01 -4.533297697876017551e+00 6.251462799252763602e+00
-2.566527443813757525e+00 -5.869742062466899668e+00 -5.542258801548931579e-01
-1.355925745654109171e+01 2.610530998891122056e+00 -1.436165560761033966e+01
-2.596931057253905051e-01 -5.502012611434895284e+00 -3.068493503907676612e+00
-2.849334457817855881e+00 1.041888557925210179e+00 -1.346899552937014022e+00
-7.132597913835933667e+00 1.012840233792172029e+00 -1.771500927406846415e+01
-8.945026012710031171e-01 -1.757894952332500438e+01 -1.278630033489827733e+00
-4.621090829012016177e-01 2.886847696480144165e+00 -8.640176986192811270e+00
5.950838605466925557e+00 -1.517778416986257373e+00 3.274032283070351657e+00
-9.060220889943327860e-01 7.406758197869836913e+00 2.421554570495348724e+00
-9.413714594789260204e+00 3.469905407473707459e+00 3.776015685650161657e+00
7.926977023245800780e+00 4.259841365380861333e+00 -8.036909861973930980e-01
-3.423286270396385778e+00 1.304944493934242544e+01 2.459541051217952745e+00
2.590513428123101924e+00 9.231171448600548501e+00 -1.436487533306490860e+01
3.482204661022451742e+00 6.992633981562953460e-01 5.603052805725628360e+00
-4.322826549064248347e+00 4.807263630918190422e+00 -1.571018497987134488e+01
-5.254729118031020718e+00 -7.600127096182792918e+00 3.891267465138070758e+00
-1.100861195252018421e+00 -3.084835199647343540e+00 -1.779799453496962780e+00
-1.091091515918809307e+01 -4.549776430721124143e+00 1.035735270265017327e+01
-3.099916718939459859e+00 -9.817988933330302759e-01 -1.040245017310514442e+00
4.787838258779097522e+00 9.975880065927826834e+00 6.570916512107647378e+00
-1.422927764572521125e+00 6.377999610947677311e+00 -3.512208037216139611e-01
-5.728880147462453110e+00 2.768056902373832617e+00 -8.253949182494828563e+00
-6.178205563799318289e-01 -9.554738301488775676e+00 1.045350458681108208e+00
1.108845238589540294e+01 1.319535403535818752e+01 3.044798261302685827e+00
8.722871995805386192e+00 8.744118942264121230e+00 -1.114827173943149674e+01
-2.359476882578861900e+00 -1.160160769029356942e+00 -2.848462278372513978e+00
-5.263658574653391931e+00 7.040647600618131996e+00 1.283920961512608194e+01
-8.977687132849064833e-01 8.456648433668457088e+00 6.291421340777207938e+00
-1.508693095504725523e+00 -6.935066174664107130e+00 -4.894849675543254897e+00
9.510465656462036677e+00 -6.243195610306440990e+00 8.877201711987199317e+00
7.809733973970006460e+00 -7.872610769277565090e+00 -9.389862786589723953e+00
-5.931959948940936478e+00 -6.448323706403147781e+00 4.353586516780941551e+00
3.136527405606171381e+00 1.876981983261758025e+00 -7.955446858679628086e+00
-6.919334351897644453e+00 -3.938027121899329241e+00 -9.492672591808290483e-02
1.300518952720315591e+00 1.418758932418395879e+01 5.143947183156004854e+00
-2.478331935370265415e-01 -8.784257297522632513e+00 1.026575958609256745e+01
-1.935558064496943453e+00 -1.343130836486899149e+01 -7.305230100506443058e+00
3.617865650461727700e+00 4.512644619322320416e+00 4.264816124572692324e+00
-3.229819763429101709e+00 9.579814878245722198e+00 -1.065840985519951722e+01
-9.870654198442803562e+00 -3.073029118999631160e-01 -2.714690205774234588e+00
-1.837352677996915706e-01 1.229513049547263037e+01 1.141154981867879420e-01
3.141010253360591253e+00 -4.713345575917965213e+00 6.152390429199138921e+00
-7.136209647814576229e+00 1.248066525402664873e+01 8.950575256612474107e+00
-3.420248163972892996e+00 6.558170031274743295e+00 -1.914872722547917849e+00
1.234744459652560167e+01 -1.649099277278567754e+01 2.330842734632554425e+00
-5.584650551410836883e+00 -5.489572633997563678e+00 1.329225152301426460e-01
-6.874166511657491263e-01 1.930448835337682079e+00 -1.574248229211716310e-01
-4.182916851638679212e+00 5.009047955228309590e+00 2.553531177505557803e+00
5.107386398493728663e+00 5.050460785263196861e+00 5.072286226392308528e+00
3.578166520352153324e+00 6.369125996051783645e+00 -6.488430238990892995e+00
-3.268561006190155105e+00 -4.628323156918693115e+00 -6.275425149210376752e+00
-4.087655756068508950e+00 2.877830588255082311e+00 3.702913761042960328e+00
-1.361190037771886985e+01 -2.852025354972924198e+00 8.050313358049157486e+00
-1.142839508542897597e+01 -2.688718193414751045e+00 -1.737754493092375174e+00
-1.276861682802996834e+00 1.152116152826957174e-01 4.686114676968085924e+00
2.055140570109413645e+00 3.514192646048844626e+00 1.089684413622478143e+00
-5.294048408927765514e+00 -4.107268679200196004e+00 -2.485272939687726002e+00
-1.851641950930204006e+00 -3.167105280065301898e+00 6.946891273052883342e+00
-2.669139286312014470e+00 1.624408272902994277e+00 6.250606304865591767e+00
7.331786027708343312e+00 -5.621093798252575269e+00 6.388867957966765099e-01
-7.386859631530146686e+00 -4.048384167118092236e+00 -1.147292317121007654e+00
1.326174496829242822e+00 9.877203274892412566e+00 -4.217313981990638894e+00
4.528733210849814617e-01 -6.759926822514850997e+00 4.368838732529963131e+00
-3.599856420324882844e+00 -2.656416841364263259e+00 1.018380334323213887e+01
7.100573726427308330e+00 1.394650861930718300e+00 1.349581331031892484e+00
1.987841687503574306e+01 -3.742462052098089131e+00 2.363015812115023095e+00
6.269244019843080551e+00 1.341739514955842694e+01 7.761305815299757160e-01
4.659743136961842502e+00 -1.426734354476824151e+01 -1.841664967115358875e+00
3.573114494154334686e+00 -6.037247007287091627e+00 -1.495252132049161409e+00
3.018187333444821152e-01 4.827521020943944308e+00 6.917275446063655409e+00
2.449656140186833753e+00 2.292492445064407303e+00 -1.660488935240089781e+00
-1.649511497276460459e-01 9.028111722260018235e-01 -1.256947483403214882e-01
5.939436613570390655e+00 -1.527298509286406691e+01 -2.732096557487046606e+00
-3.066626302959557293e+00 4.382832541876124033e+00 -3.836790167430625509e+00
-8.312209690747828006e+00 8.441008149373598002e+00 5.426481663517168208e+00
-7.140511831814612131e-01 3.044094884637280063e-01 -1.054282193473501117e+01
8.156259209760870377e+00 1.009953121446367597e+01 8.346265637935347925e+00
-4.774402016195564702e-01 1.138458161899957233e+01 7.192130590443673199e+00
1.430034452259734135e+00 -1.203089796005327905e+01 -9.813451163213958495e+00
4.887073118666804383e+00 -1.903965303184027347e+00 7.950522476094990409e+00
-4.896687595586831421e+00 -8.745032378332201262e+00 3.885686365802500486e+00
1.654265458944167833e+01 -6.250234919205435169e+00 -7.084593679999945159e+00
5.258939097220483028e+00 -5.090136738108075320e+00 2.214385917198909315e+00
-9.483234013956032271e+00 -8.273207806013818555e+00 -8.496022395362679447e+00
1.294130976015382117e+01 -1.313965574686036586e+00 5.780586586110363356e+00
-9.448328940146710764e+00 -3.301420540128173542e+00 -1.145874822238780233e+01
-6.671293106282962349e+00 -7.374535959432608756e+00 7.786836872614502525e+00
2.750221431423076623e+00 8.612981449112405485e+00 -8.101849865843085974e-01
-5.285533233518390439e+00 8.095870827499485500e+00 7.064136301256017880e+00
6.082627221691320196e-01 -1.909529913112927968e+00 -2.429909715886167998e+00
-7.511459780759267346e+00 -2.996700549891556875e+00 9.593119417883567479e+00
1.163335576448455733e+01 -1.103588585407206857e+01 -3.462757860595564008e+00
-9.396627609325060249e+00 -2.526387305258622540e+00 -3.351615754157160953e+00
1.071052760467720866e+01 -8.352391743988444972e+00 -9.808942708407096589e+00
5.922191626760866967e+00 -2.987333619444073385e+00 -6.626646695066282788e+00
3.529960426733955270e+00 1.016519959980097454e+01 7.730841515970854338e+00
7.437329956527518604e+00 3.070816893077283449e+00 2.046846704247058835e+00
3.175670798485957791e-01 5.475007313546081278e+00 -9.682296122986024045e+00
-3.783697419530858141e+00 -6.031554556140140022e+00 -4.665437992632267772e+00
1.010249316682925524e+01 1.239119051043762454e+01 -1.615497658513989521e+00
2.387389920275496902e+00 2.797270489095430079e+00 9.005700557553373287e+00
-9.888998903649167671e-01 -4.649293207250392718e-02 -1.659541273169058195e+00
2.291780338221554025e+00 -9.152149862270603231e-01 8.560476359970209614e+00
1.371834763053797879e+01 -3.544862492944574228e+00 -3.218567141239061513e+00
2.199705979096053365e+00 8.632551607611345545e+00 9.101280707495527977e+00
6.311337863638111223e+00 -7.019398051294962748e-01 -3.258539824841575783e+00
-1.110116941571268168e+00 6.018718796003056148e+00 3.346158874054361854e-01
7.667435753799135334e+00 2.113497494109929153e+00 5.036486163844813291e+00
-1.239604017541775516e+00 1.473345321946558650e+00 -1.652983005668406946e+01
1.728735090621498216e+00 -1.201938922809274146e+01 -7.250542653333884147e+00
7.710163095379090947e+00 8.984409684417022035e+00 4.100309997069417900e-01
-4.127527730779670390e-01 3.851996544948965262e+00 1.189041360140851378e+00
-1.116192456645994824e+01 3.667389984097074729e-01 6.413975771391247527e+00
-4.254176720797309130e+00 -4.401295926598839614e+00 2.267469232511012844e+00
7.169114191559518900e+00 -1.280549368147262612e+01 -9.477212458009006690e-01
-1.042209924259357301e+01 -5.008714934012319375e-01 -6.671853862709656857e-01
-4.512519938383609541e-01 1.556454069312419364e+01 -8.504318703217974562e-01
-6.571796464349750622e+00 1.121429404529038720e+01 1.384173044300175803e+01
5.571939955378139020e-01 8.220970918769376468e+00 5.411802951240181514e+00
5.600595972034786429e-01 -5.559256760130788066e+00 -6.488535021992891672e+00
-8.840424671923527100e+00 -9.343190708262714139e+00 3.563815229751720715e+00
7.926052851732043436e+00 1.238190282067183112e+01 3.760375465413952512e+00
-6.054623089223969856e+00 -5.297313741614627425e+00 1.926718469630314789e+00
3.444639981424787223e+00 -2.310828915047031362e+00 -5.982183886412259177e+00
-1.244560483472698031e+01 7.055337918091178828e+00 4.350866636710454927e+00
1.769794789564428594e+00 1.721922478366617426e+01 5.637761177217717190e+00
-5.521559099867953790e+00 1.019875288089443366e+01 4.655924481258625569e+00
6.648302560471837985e+00 1.788388894592720879e+00 5.076034935704604401e+00
2.468350472189095868e+00 -1.291330934269348862e+00 4.838352822229352590e+00
5.801936542246855844e+00 -1.668558536697863692e+00 2.061713992186606337e+00
-7.463238225736620102e+00 -1.062194263502168612e+00 -3.840193431880303709e+00
-1.958124920070666075e+00 8.021434011513244755e+00 -5.270762853143051707e+00
-6.001569444373810569e+00 -1.380319262121038193e+01 -6.506909581637364548e-01
1.679049108441413640e+00 -8.360111467269151220e+00 -8.608783660220118428e-01
5.322904756740206800e+00 8.694166529028066748e+00 1.533864344890840314e+01
3.221838232708865157e-01 4.134726447418572093e+00 -1.091376705055611573e+01
-2.645023403651603378e+00 -7.533562473274485249e+00 9.533603538414320511e+00
-7.070022192576278508e-01 6.456591180218981485e+00 -1.851524432209737281e+00
-1.479883125348620543e-01 3.290499718850417032e-01 8.306590664371707788e+00
8.569040119219344831e+00 -7.485487778778262546e-01 -1.788132034267051473e-01
-3.371832160577971305e+00 6.597073727574827018e+00 -4.709886739324672611e+00
-7.577019352854317269e+00 -1.193136986038795655e+01 3.276921346638949628e-01
3.141503981801388790e+00 -4.738186372371423261e+00 5.572785822723333449e-02
2.984725799989565775e+00 -6.803997820663887808e+00 5.125877559760570357e+00
1.141182629254255332e+01 5.223791044557668073e+00 1.073610692823396917e+01
-6.170085513140837641e+00 7.847369766972151162e+00 -1.170467007005287829e+00
7.401235626851767613e+00 4.292078719000496534e+00 -3.196474424889833799e+00
2.005857957160647853e+00 -9.111285146086125053e+00 1.337786872959003937e+01
4.374044805842085992e+00 -1.513919168649999314e+01 2.040091346998301969e+00
1.967352417095686867e-01 -2.196411588970625495e+00 1.244154129703028033e+01
3.761145889608777271e+00 -5.889951755938644062e+00 4.078961169814864007e+00
-9.069965610421162339e+00 -1.214579097018986431e+01 3.359122774850713533e+00
7.593732585527835255e+00 -1.843700009528733919e+00 -2.306612620825535753e+00
2.624821961695988470e+00 -2.805252524391027791e+00 -8.820289259973879581e+00
-1.502835118018523763e+00 -1.424746169057256751e+01 1.305787392985063189e+00
1.834802663575064940e+00 -1.682741758872543070e+00 6.986767945994009743e+00
-5.557982918190172761e+00 5.294191518183410494e+00 -2.726064688162102456e+00
-2.249852592777693783e+00 6.715236998968475701e-01 -5.506365440072441331e+00
-2.619831581326105274e-01 5.496708297039588409e+00 -1.519984175141757632e+01
-4.619270687752228710e+00 -5.182149959939915895e+00 1.129008078291056538e+00
-1.186772534294910564e+01 7.276033872401450608e+00 6.176667621649179374e+00
-1.062533909511438601e+01 -5.811234728713774444e-01 -6.030944947769239839e+00
8.020472800388944279e+00 -1.067890106401122274e+01 1.561031369155675863e+00
-8.467662853876383622e+00 -2.907907530035130250e+00 6.035418062373476999e+00
-8.095412594528609063e+00 4.005708563105600639e+00 -5.387058013228036568e-01
-2.801471551582273900e+00 2.998621917880924581e+00 -1.753366478019775077e+00
3.355660386174606380e+00 5.552080330797743102e+00 -1.270488620353216636e+00
5.056391794034682974e+00 -1.858870441020318842e-01 6.730086936441785461e+00
-4.600066095013783496e+00 -1.520902434675298665e+01 -7.662678984971136309e+00
6.629965242256726121e+00 -6.945487510201194148e+00 -4.333833019215188598e-02
1.225622614682342082e+01 -1.472802595938411951e-01 -9.261831812477675285e+00
1.346607254340993087e+01 -8.127642308217414069e+00 -6.900926223203968091e-01
2.293029098556044421e+00 2.173705860267249879e+00 2.968581897900368638e+00
-5.442125380092118547e+00 5.287758604184821465e+00 1.477384881660231408e-01
1.026485289374417142e+01 -6.823214183187737980e-01 7.657583085003217604e+00
9.580117997565169574e+00 -7.728594798872832072e+00 6.726134434969019971e+00
-2.288918521859734057e+01 -5.592221781846845596e-01 6.269749247825122218e+00
-3.498109348597656654e-01 9.141619409122013096e+00 -6.968577883370582704e+00
-4.373736114742576148e-02 8.994305122455326540e+00 1.305218237690454330e+01
3.534910874673744097e+00 6.530998574658705147e-01 -1.374134030935345585e+00
-6.264789325493413941e+00 1.712958107266963026e+01 5.074680152939857081e+00
5.632973399348484733e+00 -2.810403242596113405e+00 6.314361244789423289e+00
-7.135602079028918965e+00 -3.649584415505343404e+00 4.888958922592036238e+00
-5.841345511806792068e+00 -3.169389196318387558e+00 6.980978785735467262e+00
-5.009394838927325289e+00 1.545943997805235703e+01 5.898022100820432989e+00
1.652308797283782837e+01 -1.566505928437485817e+00 5.723548860102606106e+00
1.018263099145761608e+01 1.777784347075631999e+01 8.699635065330150852e+00
4.229038648148393698e+00 5.047519741784227687e-01 -5.535599058186120303e+00
1.325373454521190730e+01 -4.100696229369114043e+00 -5.072333558603515868e+00
2.464518813210608172e+00 3.636665371681958359e+00 1.146804280976325074e+01
-2.149765972119385360e+00 6.107019951258497947e+00 -1.897418398315811672e+01
7.371560935267089665e-01 -8.823732896737176645e+00 -1.309708690768350792e+01
-4.290391692522301348e+00 4.658132610064961376e+00 4.058987734624251331e+00
-1.661914950146763603e+00 -1.385332679951904566e+01 -5.248389434571922862e+00
9.801891282221811608e+00 9.777172202822974612e+00 -1.117196270325868035e+01
-9.903468310772296945e+00 -3.497347070038922645e+00 8.386616746339571549e+00
-6.959595319160154503e+00 -4.699765476810162212e+00 -9.550204658788500112e+00
1.239833099203756461e+01 -2.551903836833093298e+00 2.782911937891602516e+00
7.149259597807224864e+00 -7.629131191734616735e+00 -3.076440807332784910e+00
-9.135252809124802198e+00 -4.047200152258409567e+00 1.304083366967798252e+00
4.686790876042509768e-01 -7.044460447885934506e+00 -1.643300077964204320e+01
-8.557818056545279717e+00 -3.118536102518342013e+00 -1.336426811083709199e+00
-1.405587905956713968e+01 -6.831668227010742278e+00 -9.091715673774409368e+00
4.758628890624468255e+00 -6.831362748359403270e+00 -5.098831228794645121e+00
1.630506053186274729e+00 -3.091107853946505557e+00 -1.522871401276383807e+01
-1.562857038666580989e+00 7.886212812478221146e+00 2.847230455091267487e+00
4.796841701173325312e+00 7.251704223863935539e+00 2.143329783262159172e+00
8.076729164307046460e+00 2.669657965874720151e+00 1.114383372889397927e+00
-4.826168218453382508e+00 -5.675697002676457714e+00 -1.953721704392057390e+00
-1.467162032215056655e+01 -9.672343025174926723e+00 -5.410539303919509102e+00
-9.489527863893400195e+00 2.654327159996605179e+00 -8.923161891866925544e+00
-1.788965248548359099e+01 -6.585962150934059345e+00 -2.519154232901083201e+00
9.671290137803804754e+00 6.362951900663983418e-01 -8.103061195912937720e+00
2.482701824330107332e+00 3.800465999830549002e+00 1.041636016583021984e+01
-3.462594482666190743e+00 4.801885039960700929e+00 -1.009912632845878955e+00
9.257817813507589477e-01 -1.101748773742590837e+00 2.439384502416330758e+00
-1.261390405219079636e+00 2.065179750664128733e+00 -4.683746693215274370e-01
-5.271287469600030917e+00 -5.707251532902693825e+00 3.879502886072809353e+00
7.851911988854197944e+00 4.788302090024961544e+00 -5.042152214976137081e+00
-1.238246713771818541e+01 -8.642167391142336896e-01 2.807309316028640200e+00
-4.168867434098587843e+00 -3.234448097936785338e+00 -6.946347636388973790e+00
-4.291796863786115246e+00 -1.003470548489491421e+01 3.545205644933135058e+00
-2.435514512343260218e+00 3.110911500712727484e+00 -1.910564638261622594e-01
3.924346809392742053e+00 -1.541871493779640279e+00 9.987869030393385472e+00
5.296183145094846445e+00 -9.262758430751556915e+00 -6.838880247497939990e+00
1.531188123320499628e+01 1.277300399079497062e+01 1.458374847028149013e+01
2.224827008440476206e+00 -5.786654010242116897e+00 7.481805660087470500e+00
3.950058309810977608e-01 2.517547571243517801e+00 1.140217988757063594e+01
-5.968325994257344114e+00 1.096178906290706756e+01 -5.490183503102842089e+00
9.758823122976725273e+00 8.234317461375418645e+00 2.802043896528127132e+00
7.491635144880588904e+00 1.104332119009347757e+01 1.133330190551228611e+01
8.738076543238589844e-01 4.995021127742409917e+00 5.714332143681109422e+00
2.917557058859858721e+00 2.632632939750545020e+00 -2.176366264692962460e+00
4.011464181806856821e+00 -1.247370329355080365e+01 -6.188560045293860501e-01
5.480936228798901633e-01 -1.375038546233565251e+00 -5.539149126985598137e+00
-4.560478040835271862e+00 5.318216136899637903e+00 -2.977210406793693753e+00
-2.775741834751936921e+00 -1.979114285980468346e-01 -4.334323794787937167e+00
3.737588539359269380e+00 -8.325282517961694495e+00 4.046652292459604006e+00
6.373727952647888273e+00 6.186548355032118529e+00 -4.405964110911399167e+00
-3.773999471120621507e+00 1.383580071964469971e+00 9.135796674343319435e-01
9.553886262147377906e+00 -7.795080722904555337e+00 6.462806514248678802e+00
-1.042046117194523269e+01 5.174928089884870630e+00 -1.684845065285906784e+01
2.669869401123369457e+00 1.833172980781398564e+01 9.762078501882795578e+00
2.972958197548506654e+00 -4.616903660359791495e+00 -1.219193963460709718e+01
-4.412747084228636929e+00 -4.500478891241437296e+00 3.569667338757355424e+00
-4.092518969459698397e+00 6.045493203309465713e+00 2.759160212658470779e-01
1.310332711749556367e+01 4.246321931683764705e-01 4.265860146729015590e+00
5.308414844338246397e+00 -1.290840061055110954e+00 -4.293968552567660524e+00
-4.098791139423521912e+00 2.010701196886636843e+00 2.562996628899165685e+00
-5.699743229116322141e+00 -1.407119717929922631e+00 -3.027470621550269581e+00
9.560637750774965138e-01 4.566176386893636696e-01 1.430328397039430266e+00
-4.640113974588382817e+00 4.385628975077954905e+00 -2.097309577297929994e+00
-2.396848204072977051e+00 -8.918630390068582159e+00 -1.250467025401903243e+01
-1.005735161888587825e+01 -6.339438235322576887e+00 -5.408088337209056462e+00
-6.080755635833817507e+00 -8.398533325543104056e+00 2.465529531184704748e+00
-8.254747869118586934e+00 5.799260271964316260e+00 -1.459179338156395644e+01
4.393078460685562625e+00 -4.929460621484154537e+00 -6.727998518602041678e+00
-1.056341477903212578e+01 4.751836808308034232e-01 4.635890927280873264e+00
-3.161482328643830941e-01 6.059812892859371969e-01 -3.914560917520148120e+00
5.278371047143174621e+00 -7.270359873819168151e+00 -6.958766870953541073e+00
4.195918632537348536e+00 -5.619947767502997849e+00 5.650570785263232532e-01
8.986471827890456510e-01 -2.639598264114977777e+00 3.124873017483768667e+00
-8.646434262452391550e+00 -1.132066216779995393e+01 6.934043414774262004e+00
-5.723607328581914011e+00 7.646631465651954507e+00 -4.977959410699752674e+00
1.322482035810943257e+00 -2.695118666862267975e+00 -7.273859850877903988e-01
-4.000711707073256740e+00 1.127421385556481503e+01 -8.923717012080972566e+00
1.615154578945763586e-01 1.115941565442071459e+00 2.136550760912204971e+00
-7.687526109656728224e+00 3.450016066589672192e+00 9.950668834837012033e-01
-2.941564407121600055e+00 -3.408104553951484816e-01 -7.473369068731439135e+00
-7.377242905843324650e+00 -1.929370203759910085e+00 3.396885011858427283e+00
-3.696472626215874691e+00 -4.506466715241279342e-02 8.595777628321686237e+00
1.071896708107315854e+00 -1.335962440944168605e+00 -1.171455530827266500e+01
9.958788143112295543e+00 2.198456266508310275e+00 3.450098361928677360e+00
-1.494928464673280644e+01 -1.371252593175806389e+01 3.594536471987436865e+00
-2.568843447585530182e+00 -5.879895716416010387e+00 5.853774190365456098e-01
6.408621841689982723e+00 5.816483852871950688e+00 -4.887542122234819431e+00
6.996659881166555905e+00 -2.798848447865362576e+00 -9.359980959119045707e+00
9.032142228534587147e+00 5.592112631856741345e+00 1.743396253992173017e+00
-3.040589346124924486e+00 -1.261868109624867884e+01 -1.030404659112018884e+01
8.277241819503640130e-01 6.926363552088535158e+00 6.927678946327553433e+00
-5.818082807801313372e+00 -2.783383867790001354e+00 -1.042318073042730164e+00
-4.403569796915364876e+00 4.542976493970758867e+00 2.160740201956055984e+00
2.649996435816198037e+00 9.422676458053206305e-01 7.691848235807484002e+00
3.290864201963927371e+00 1.578397526983540633e+00 -5.820847405887930037e+00
1.513504781232980712e+00 8.145073805282114776e+00 6.758623753494340747e+00
2.252853484608778434e+00 -6.984246851753179719e+00 9.762085577291175653e+00
-8.790219992938710369e-01 1.532610120929608133e+00 -6.329545036654440793e+00
9.867552376702839467e+00 -1.306883820086054371e+01 -2.100538717701385227e+00
-1.651839519835918590e+00 -1.087810893121058164e+00 -7.912277180225806283e+00
5.606208557735012477e+00 1.043076991671130394e+01 1.850354569700617446e+01
8.792811823298276153e+00 -1.133207072404348459e+01 -6.468529491090873940e+00
1.856319588725710679e+00 -4.959709969906019644e+00 2.733749552648113035e+00
-9.787944687375668140e-01 -1.403230846374517249e+01 1.317734770891192220e+01
-1.085763585541095999e+01 1.583791231040014758e+01 7.976244905427871679e+00
-7.008978853143927878e-01 1.208889469926221416e+01 4.961809346123673414e-01
-2.080307362080973554e+00 -1.882226276344088589e+01 1.389710979778438771e-01
5.593261915843473098e+00 -2.969943291287057363e+00 -1.152483259602685300e-01
-7.195824776149665425e+00 4.825276316851347502e+00 2.958752932460959606e+00
1.328546349565518625e+01 4.124912476215626178e+00 -4.478092188641708660e+00
1.949360610596585941e+00 -7.564220702547053143e+00 -1.155544060283580166e+01
-1.082377578125351469e+01 9.771256560467849184e+00 -4.865902354604327407e+00
1.229076358826022730e+00 -4.639788276739148287e+00 6.163769230260968790e+00
7.374289790607814199e-01 -7.107738953388519576e+00 7.839931768559354808e+00
4.251179297656658918e+00 -1.176265898011930311e+01 -9.440232276062655359e+00
-2.930623172419551281e+00 2.085980198219875348e+00 4.130297606970083635e+00
-2.928473418946022200e+00 1.357806466648698596e+01 5.665220942856002750e+00
3.674636391058292872e+00 -8.408727215561759394e+00 4.198534492847124100e-01
-2.268035523790365993e+00 3.559664810608641705e+00 4.276725020308441927e+00
4.394708221870563314e+00 -1.240797367019531167e-01 1.938021163679928716e+00
8.892548931122796763e-01 1.881548828631015025e-01 -2.902961145195382953e-01
3.316748549098822441e-01 -7.485547391311028420e+00 5.180455632301438129e+00
-5.183105093097514882e+00 1.258764577383153416e+01 -2.303190286368066442e+00
-5.842485644804077616e+00 -3.862538615518543494e+00 -6.320107025909396548e+00
-7.529302050445652039e-01 -2.256215007453814092e+00 2.849434174837205624e+00
7.358806786553122592e+00 2.668054981951911930e+00 -8.377855289884818646e+00
-2.922904767517701785e+00 -1.096814187873892976e+01 7.930485489584492953e+00
1.300540036514035869e+01 1.086219582313715470e+01 4.495268945419456763e+00
1.613572447155986911e+00 9.520588805345703065e+00 -5.779403122380612601e+00
6.816269516776885418e+00 1.363802554782169718e+00 5.884151768410787575e+00
4.503042596719884827e+00 3.807847018663349292e+00 -9.993596780194187179e-01
-6.920544069921998442e+00 6.158677695241612682e+00 6.451249522558573979e+00
1.014145326461847141e+01 -2.428262352053936812e+00 3.041303512317383717e+00
6.507353965932181517e+00 6.159661549229854316e+00 -1.032372734346280474e+01
3.521888768340990072e+00 1.623677808188705107e+00 -7.469901126839149086e+00
1.786601791616556190e+00 -7.012596129355315178e-01 1.368381771368348154e+01
-2.930305025122426521e+00 1.433981170418148388e+01 -8.487462166513356721e+00
2.311330117305372855e+00 -4.380390139685150785e+00 -2.713108682828253126e+00
1.389535975607456919e+01 -2.894479045368639092e+00 6.571325463959126090e+00
-4.628573753555123460e+00 -3.631314398827104828e+00 9.606917079023050476e+00
5.778894874470040577e+00 2.224508155648421859e+00 8.256367437317814861e+00
-1.518925218871249649e+00 -4.836089780079490197e+00 5.794735902383030712e+00
1.285824568446704286e-01 -6.122135904840112275e+00 -1.218589056826860251e+00
-1.114641242169693314e+01 -1.246898920539543631e+01 1.026726759802172761e+00
3.182550939443552496e-01 5.229342203472610251e+00 1.561518559879837120e+00
3.059778619614394457e-01 -4.425360490987290341e+00 9.060221914313913771e+00
9.190111681554700152e-01 -3.625756184236569313e-01 2.456977216286042154e+00
4.515461050891979689e+00 6.007223290011789452e+00 -9.470318208424648887e+00
-3.040274995866583563e+00 -7.795323254342170216e+00 -6.423239727542323863e+00
-5.979630982729978506e+00 -2.412742306269379000e+01 7.762830209621002453e+00
1.178468777226939856e+01 1.863677112655699020e+00 -1.878642154951065457e+00
6.720339367267807340e+00 -1.636300097765851191e+01 -1.245280183735570922e+01
4.474453844951518988e+00 9.399144034406676340e+00 2.407649919778080960e+00
-3.656629437258185789e+00 -3.814610962812379213e-01 -5.391217231162178436e+00
-2.253665605403701022e+01 -6.915651200403691412e+00 -6.881124191409181634e+00
5.484558578747092739e+00 -1.239526889943071986e+01 -1.270820605101102174e+00
7.798293250520115905e+00 8.088361202861188426e-01 -1.267879762198742100e+01
-5.430793914202466155e+00 -2.203207160696448241e+01 -5.739307935635104663e+00
-8.500247190339669245e+00 5.899174764759242073e+00 3.488498729268459275e+00
4.693616160539648696e+00 9.186389793429498241e+00 -5.574499253604970894e-01
8.471971195600698223e+00 -1.368539235048473479e+01 9.763703958282949458e+00
1.166710484127134517e+00 -2.652874404754333337e+00 -8.838235543110174453e-01
-3.794712403983160787e+00 -5.001273152883731754e+00 -3.347987590069869235e+00
-1.615620537896539366e+00 -8.921460336774021727e+00 -7.088451503678207644e+00
-4.671570374181635898e+00 -1.906995742366832669e+00 -1.248739047191302687e+00
-9.646812083648713454e+00 -6.385324372397268355e+00 -6.909057676359982914e+00
1.201580425350772074e+01 1.656095823783170440e+00 -5.229312888688349759e+00
-3.938714177003387995e+00 -1.373927155433617742e+01 1.114667902961043566e+01
2.234694567668121135e+00 -3.350368836622236390e+00 5.379038005123980781e+00
-3.115267760171437139e+00 -1.126265925057520256e+01 -6.112906488798710569e+00
1.428365736131178565e+01 -6.242611533786815770e+00 2.558517748720884555e+00
1.952060886050759336e+00 4.252164427157200777e+00 5.586757578384854428e-01
-1.950012652716151207e+00 -7.572945831872362810e+00 1.275206733151135197e+00
-3.764186300679056352e+00 4.111851890128717990e+00 -4.287081292259400378e+00
2.358864397487300479e+00 1.334723731017589898e+01 4.873390018976123117e-01
-1.987688895242601506e+00 1.358484261693478423e+01 -9.127962285387900554e-01
7.184865453510934863e+00 1.350242840319221749e+01 2.744547692800000327e+00
1.748744687566679001e+00 4.514025065062631015e+00 -2.663977125843747018e+00
-2.614448381218966055e+00 4.942769271791123131e+00 -1.955839091692072707e+00
-6.796912405180298933e+00 7.181978743568835810e+00 -1.337765522588518152e+01
-9.261565192010891678e+00 3.468563699717567506e+00 1.962836889298680054e+00
1.168256872840237381e+00 1.567507672047421430e+01 -1.251542969301803865e+00
2.894934460340656823e-01 8.864006866593719280e+00 4.491142520502801716e+00
1.892405512296815928e+01 -5.088658300262446588e+00 -7.411783399226074209e+00
-6.556018143799376752e+00 -4.569749916245352317e+00 1.056212610777231165e+00
-1.051813732975677418e+01 -6.573580505788997996e+00 3.012497090889793228e+00
1.036515537702563172e+01 1.277479454888388588e+01 -1.244725643098435341e+01
5.593270597806076161e+00 5.996202725925837917e+00 2.702057950269211695e+00
4.956771591038094393e-01 1.387310410020673901e+00 1.363442663408757749e+00
4.666637889636325198e+00 1.046244807498191598e+01 -1.218603384310924476e+01
6.023425773793523064e+00 -2.850960467102024776e+00 6.498831469040352360e+00
1.165708586118550727e+01 -3.916447482404607161e+00 -1.451551839600580429e+01
-2.483882763855119080e+00 -1.123278469285881620e+01 3.927017845779223748e+00
-6.826040969540805747e+00 3.295718768420096811e+00 9.726435021308990514e+00
1.194308758478553445e+00 1.357147194235656384e-01 -2.836500882101027354e-01
-3.929477642830013107e+00 7.839677034253917043e+00 -3.934923728977253177e+00
6.440534077437607863e+00 -9.259814929063033162e+00 -1.038094007873148072e+01
7.875101674415302178e+00 -1.288114895323627529e+01 1.075991223612563630e+01
-1.322868321287668181e+00 -7.012507194061985416e+00 1.623207041761640212e+01
8.475294379273412559e+00 -2.816102449627619908e+00 -6.787084980920283783e+00
5.053835272549989988e+00 -5.749500572454356195e+00 -2.646565944147397653e-01
-4.961832848297301091e+00 -4.558866900758725471e+00 3.126834224716433575e+00
1.146618760067940457e+01 -6.078143947810303871e-01 -1.498904383684577724e+01
-1.211449941035135591e+00 -6.923700843205415012e+00 2.703859905093732863e+00
-5.553871105610697967e+00 -1.104381873304954986e+01 3.470571769200910595e+00
1.023761866562331591e+01 3.274167508198695842e+00 7.200459634306353607e+00
2.717355386776504567e+00 1.237815301574551974e+01 -2.880092815384866167e+00
7.506014103035870688e-01 2.098823673768985376e+00 4.115010241427945914e+00
1.673458666576703635e+01 -4.797804610274354786e+00 -1.184169091177665756e+01
6.687549999520522981e+00 4.639887383955718647e+00 -4.516683381093729466e+00
-4.711324897498974096e+00 5.002143946189720580e+00 -8.675452328407788016e+00
5.733243133537719416e+00 -7.490272762170042675e+00 1.685421027031400287e+00
1.172704058928385962e+01 -7.195305949897500497e+00 -6.082541769001148513e-01
7.303662818187018679e+00 -2.520387982030972474e+00 4.333628626479509194e+00
9.555526060271915867e+00 1.217371950858218588e+00 4.769666879178209307e+00
1.111220940701438664e+01 -3.987536381143162445e-01 5.219245167470742963e+00
7.730209887358095777e+00 5.785190272654567423e+00 1.197648565103261120e+00
-2.291843716529205377e+00 3.255989871531764557e+00 -8.049667406729215102e+00
-3.765814533048936208e-01 8.179078816493172255e+00 1.862299160353441535e-02
-9.064995758216056743e+00 -4.335636059240651541e+00 1.215235449924387545e+01
-1.057485755982063402e+01 -4.125115169793682202e-01 -1.492113812990402621e+01
-9.521498588134843288e+00 8.096685107531040870e+00 -2.670508575139327601e+00
2.156305582653568109e+01 2.011466751770303041e-01 4.480977810187825039e-01
5.271810878781558074e+00 4.324453123227008783e-02 5.114395319496968462e+00
6.573631312113960234e+00 1.707288583165292639e+00 -8.108897518180016917e+00
6.719372177664658885e+00 -5.294986737997231518e-01 3.350545977545207332e+00
-5.366592909417180479e+00 -1.233346355931332683e+00 1.292199404180226630e+01
-3.170703811414611994e+00 -1.846110925090435284e+00 -5.963804446615419863e+00
3.977490197778409176e+00 1.588766076239356551e+01 -4.056055931638152146e+00
7.536021159474997511e+00 -1.375749667538080256e+00 1.544244670714647505e+01
-4.014779337913337853e-01 4.996786300687399152e-01 -6.629045589415116346e+00
6.088414815282055415e+00 2.477161590570132521e+00 -4.899548179647349677e+00
-1.561922573417981930e+01 3.757151746418598837e+00 -7.614981505240510984e+00
9.030954506561545969e+00 -8.885309926091544241e+00 4.479191141360314710e+00
4.273313295937728462e+00 3.833473673714543395e+00 5.670385608444468595e+00
9.919339683025743426e+00 4.387471732390126000e+00 -4.287728290179003032e+00
-2.002391029732483574e+01 -1.708950881459785576e+00 -1.516087251743104769e+00
6.184525641500212778e+00 9.709042005501910211e+00 -1.252074534828698660e+01
-2.166064747445972216e+00 9.465252899530922193e+00 3.450483529393137072e+00
-2.629328223359541639e+00 6.359880301066739960e+00 1.348640072855936367e+01
-4.280084789590319794e+00 -8.157983785091305506e+00 -4.412488848482121639e+00
-4.848115093585720459e+00 -4.787858373968130188e+00 -8.338380922568001452e+00
4.335064356357099413e+00 -3.890877095807054320e-01 4.125840269998964693e+00
-1.412855500356888427e+01 -3.608718404492194498e+00 6.972099014771489855e+00
8.252364738835504809e-01 8.176799322664880521e+00 3.570787628845905726e+00
-1.165736100391738717e+01 9.498965868968291204e+00 1.081685337865940610e+01
1.815952358107258302e+00 1.006546429551954169e+01 5.105188114281553169e+00
-1.333416507927275951e+00 -1.562459870938180728e+01 5.147312121666704599e+00
1.838911632966684806e+00 5.501585375700302372e+00 5.267551488844133267e+00
-4.627566841603009351e+00 -1.653609893140641995e+00 1.018553664907848877e-01
-3.482797702495718628e+00 -4.229916318653737406e+00 4.515180100616992043e+00
-7.419161184396151354e-01 9.209346554948300678e+00 -2.574607232751265240e+00
-1.226457392590232764e+01 4.747428206721322930e+00 -9.742279541843082313e+00
-6.531371815792572200e+00 3.498210642221297739e+00 1.145906461587319036e+01
-1.758489792115147887e+00 -7.448624557080811392e+00 7.339996067111910882e+00
6.841732223529913171e+00 -1.318081056157478059e+00 -8.676395342562800650e+00
3.732182263588169402e+00 -5.263061595964151351e-01 -7.041044760566874672e+00
4.938384069817449706e-01 1.784882201155893133e+00 -4.535553884766906130e+00
5.191772020799499288e+00 -6.377550718683038689e+00 -9.686238281776635262e+00
2.518430674361892496e+00 -4.117869641767993194e+00 -8.764797170678583882e+00
1.307675067897188015e+01 1.100569251276542282e+01 2.250447487209120467e+00
7.105699921282567999e+00 -1.005415171891661785e+01 1.205557942128187898e+00
3.635576924028826706e+00 1.373786014202567785e+01 -2.082874200969198952e+00
-5.270324539411987530e+00 1.282474342348274954e+00 -3.266380214403281634e-01
-1.444136354382504761e+00 -5.403670290437539991e-01 7.475035406218966116e+00
-5.399222843559003060e+00 -5.522543628886331796e-02 -6.688077594105455326e+00
-5.774478073969792291e+00 -1.587817644629366320e+01 4.718608957839290241e+00
-5.344470195457837747e+00 -2.322491781847838777e+00 8.132052889659480144e+00
7.763575428600354655e+00 1.502230796839180194e+01 2.931876290015860143e+00
4.644155786402492381e-01 2.311513980266648005e+00 1.323179266226295780e+00
-1.073199071621397049e+00 -1.948321482162343576e+00 8.006930468470105922e-01
-1.249027367935389421e+01 1.163891144703964464e+01 -6.219740093772430534e+00
4.548408192940579298e+00 -1.942911747286485413e+00 3.036368701719224461e+00
6.446376066443825437e+00 6.711156899278820642e-01 -1.329609097078740865e+00
1.243011872890954450e+01 -2.574491494244039558e+00 -9.979815336760909261e+00
1.130015797764952090e+01 6.693900409205665980e+00 1.139459546261314182e+00
2.916067142458185213e+00 1.065265718980074183e+01 -1.143612313995655994e+00
-6.432474671499652796e-01 8.951414321304744348e+00 -3.787067505401818579e+00
3.872154999417059429e+00 1.478071981633046938e+01 -2.196947584612027882e+00
5.281378012875953765e+00 1.532491422751778742e+00 5.806858554927768701e+00
-1.701209302495460918e+01 8.600059705882706851e+00 4.326602540096994964e+00
-1.183022823465984708e+01 -6.778918322562653698e-01 -4.948918620022345394e+00
-1.755574631840171707e+00 -6.576318065122197076e+00 -6.876989053051103973e+00
1.145776551833526646e+01 1.013540756301008194e+01 -1.070055662996219858e+01
-3.369841171329117646e+00 -1.950192961035595474e+00 -2.133876368906437726e+00
-4.388985827166029807e+00 3.759567116971269218e+00 8.962361894644603311e+00
-5.413331508569129369e+00 -1.317076273141509324e+00 -9.831286792771303240e+00
-1.124821151344463477e+00 1.049490305766340548e+01 -2.888179712999665028e-01
6.444395138494107833e+00 1.941038039044112207e+00 -9.070764794343757487e+00
-3.049698961564277333e+00 -2.697240561276527337e+00 7.232976973128471876e+00
-5.016393337239151151e+00 -2.578566359180857859e+00 -7.413919946205540512e+00
1.031080630954423594e+00 1.335219905441119082e+01 -8.854929991103384523e+00
2.406101345119671553e+00 2.056739245110266623e+00 1.527323528717488266e+01
8.685184345755539326e+00 -8.235098683916930895e+00 -5.473002775623481142e+00
-6.031846245805946971e+00 8.903348566601009040e+00 4.648034139745532700e-01
6.767071037457132121e+00 1.907825651217821772e+00 -4.454221170932436635e+00
3.915327541642719122e+00 -2.889223462566928857e-01 -6.029043510226687275e+00
3.986484277503006712e+00 -1.348787198419262978e+00 6.981513627611407813e+00
2.385807488931336540e+00 -6.663550222030891756e-01 9.998921337848797108e+00
1.528247282016028663e+01 1.096546953404070024e+01 -5.300258648169624109e+00
-4.826322766766360850e+00 6.321125660994388440e+00 -8.186110974898092252e+00
1.252772863428574190e+01 -2.493224427410716704e+00 -1.200803793736317537e+01
-4.416084560351029031e-01 -9.404347522220380284e+00 3.393939549203914385e+00
-7.622470732025444562e+00 -5.870173832011949422e+00 1.505152270492219647e-02
4.401006380872422241e+00 -1.112981233395313962e+00 -4.406562525344603465e+00
-4.829132454824709875e+00 4.614265530774476209e-01 1.365129311590670635e+00
6.421110847431941160e-01 3.817505380773326351e+00 -7.650214890341844765e+00
6.935227256184011146e+00 -1.047109371908550557e+01 7.004129082968781006e+00
-7.554954092752386607e+00 5.332504019219583391e+00 4.242654127534750130e-01
8.659550810420752143e+00 -5.186098733458294197e-01 -4.417508354199597420e+00
-4.456233125946676310e+00 2.227903559640598719e+00 -2.109370239370685240e+00
-3.711683474096980184e+00 -8.213297868437015037e-01 4.849854840929947453e-01
6.736076942473953721e+00 7.041059788267823194e+00 -1.377489387110442776e+00
8.359084826578662586e+00 -1.202230859380274808e+01 -6.291270514265890235e+00
-6.346257882195059929e-01 -2.187745026296849638e+00 1.452987101309799378e+01
1.065977270424659196e+01 1.174630737683963844e+01 -4.691800198438880187e+00
3.921077689828694979e+00 -6.023326588239704904e+00 -1.261364097723527600e+01
-1.150672658623322242e+01 -1.908716019762811689e+00 -6.825546646348191082e+00
9.945790290046245374e+00 -3.176073692055622288e+00 6.294411411819319291e+00
-4.462945559013960839e+00 -4.807304763586430774e+00 1.782169629257090993e+00
3.735452275188338334e+00 -3.697477154976617442e+00 -5.394039229334109287e+00
-1.349976356805630395e+01 -1.743108067395293670e-01 -9.233800687557408793e+00
2.634349667964632769e-01 6.603386112914352069e+00 4.050497943918673904e+00
-2.696964129648600772e-01 -5.317397382961219776e+00 1.648288792589128082e+00
-7.096442129256709919e+00 -7.309280660113075534e-01 8.678485373100132350e+00
5.451714063250729048e+00 6.070226092384912064e+00 -3.789109268588587653e+00
5.443952597574995167e+00 -3.668020315726605141e+00 2.574730516181550577e+00
-6.250731780480987432e+00 -9.600189432189816241e-01 -5.674764106615661774e-01
-7.227997200557039648e+00 7.409613525496697717e-01 1.649842045957157666e+01
3.563261281354873411e+00 6.023445405223397664e+00 -3.851775491605809787e+00
5.717819185484557920e+00 -4.429058242936240730e-01 1.626565581066339305e+00
4.944029909982184390e-01 6.530103790096790206e+00 8.030276415252227906e+00
-1.245891723058720224e+01 -1.128179087910352330e+01 -7.767042810631948235e+00
-1.684103074969330294e+01 -8.476055032642912934e-01 3.475269673962977812e+00
-5.632102556446045405e+00 7.374488181380738361e+00 -3.816250577443573544e+00
-1.626892920705824697e+00 -1.163197068039267812e+00 4.811497937955405924e+00
8.235666981628796179e+00 -4.984642572328363386e+00 -1.105052417579302748e+01
-1.570171902308487022e+00 -5.245130805203284119e-01 4.547005061140739768e-01
1.091806484796958721e+01 -4.238165826890248233e+00 5.581261915168226118e+00
-1.114597208789122185e+01 -9.740492256754954781e+00 2.081339737098698794e+00
-1.143706823288924479e+00 -1.415987463797234547e+01 -8.390384204994743023e-01
-1.196321703174290096e+00 -6.970262541600201978e+00 -2.147341309933220366e+00
6.095781052838668002e-01 6.100358972210052855e+00 4.643032828907702303e+00
3.471006158813211950e+00 1.705625100020152018e+01 -1.223166377735653221e+01
1.497896036704045031e+00 5.670502830248638659e+00 -2.929745760716996994e+00
4.124788694534334610e+00 -8.461222508709150603e+00 -6.785932736757903649e-01
4.591150500855694538e+00 -3.011249880724329309e+00 1.853354952264725597e+01
-1.024034727303188674e+00 -4.263682002479475264e-01 1.285748681701107454e+00
-4.060943507615666803e+00 4.758213732884444269e+00 -6.853307058392507756e+00
-1.557513571300444433e+01 3.632303730026752664e+00 -5.110830386577644546e+00
-7.289477847006338607e+00 -6.979322680583719851e+00 1.568016454428016004e+01
-4.280372322873691182e+00 1.088200898668468497e+01 -4.614859962851686426e+00
-1.151790364942502798e+01 2.166792300673105576e+00 9.490213877002608100e+00
4.630030157146705960e+00 1.012950270955446186e+01 -9.790724174959860804e+00
-5.395084212496429998e+00 1.071357829884177626e+01 3.517375426299586216e+00
-7.819095645181525001e+00 -9.910843076262031204e+00 -1.175424819826720224e+01
-3.999879868373011682e+00 6.275533974419219341e+00 5.740844779346129911e+00
-9.716818785982628270e-01 -7.026431842300275399e+00 4.553166972055702644e+00
-1.067539210457848853e+01 -5.992171504427191486e+00 2.879873104099235359e+00
2.495267990360377830e+00 -1.753416828993036747e+00 1.104471443500996131e+01
-2.310247797589293661e+00 -1.424779042599445766e+01 1.199826910693970516e+00
-1.065747250122313794e+01 -4.764399128950639550e+00 -1.020496472536616395e+01
1.268837655029388678e+01 9.808546183228601834e+00 6.125383949433881980e+00
2.727460750617696217e-01 -6.107127992638774039e+00 4.965623539448821511e+00
-3.091660085987543827e+00 4.806795138409618140e+00 -1.191459993020280450e+01
8.338998483658673078e-02 8.809776358088022619e+00 7.150258609481064731e+00
5.997566252172094714e+00 -5.012525413651999884e+00 -1.088845491441501601e+01
4.604785491320155799e+00 -2.905176869010768770e-01 -1.920861413781185467e+00
-1.302847856957346195e+01 -2.824094802933832860e+00 1.036745686675465628e+01
5.113760020927156980e+00 7.543992404627256398e+00 -1.428771644075046199e+00
3.335155416632828107e+00 -3.659299810028904698e+00 1.085016786317323856e+01
3.270580181099540518e+00 6.517907797667120029e+00 -3.346024921458877532e+00
-5.426627719355746393e+00 4.653637844359947096e+00 -1.159195209098432677e+01
-1.150816236129905512e+01 6.770068142132362743e-01 4.092655084514009722e+00
3.552167062998684788e+00 -5.925334460735119713e+00 -7.688797201888580624e+00
-6.221324198209843281e+00 1.401290868462920836e+00 -2.830319961094114323e+00
-8.040639830786505016e+00 -1.284552252786070348e+01 2.895616814777185688e+00
-4.758594035018969493e+00 7.028583166094341195e+00 2.559911715553266465e+00
3.753303571520284265e+00 6.233928844241427569e+00 8.108085690746086982e+00
-1.139608553101999533e+01 -4.118521403890233579e+00 -1.085247776456667701e+00
5.688462148887102998e+00 1.432971901710777818e+00 -1.332115179470890753e+00
-4.292197746440286288e+00 1.083021917738216366e+01 -4.338711826168529129e+00
-1.535154249869797205e+01 1.474118232077325885e+01 -1.710727377456172871e+00
8.827873344722972915e-01 1.457125986882940438e+01 1.428923100991361395e+01
1.131337972806892012e+01 -2.180680148303705934e+00 1.642804593045376071e+00
1.332083980202731555e+00 -1.297010629125204240e+01 -7.700259264757182365e+00
4.786367297977438540e+00 -3.034841814836291007e+00 -7.604065920278388013e+00
-6.279979105174312570e-01 1.041580198763613740e+00 6.536910038689814684e+00
-4.926243301559481758e+00 -5.264038380617408919e+00 3.639516102794280616e+00
8.223421969476952142e+00 -1.298682652042786045e-01 6.005795279813748166e-01
-1.406248733387300609e+00 4.658228097490479946e+00 1.831733017654764373e+00
1.064194999697312483e+01 -7.768677267436319145e-01 1.443132629192525762e+01
5.385307052234187708e+00 1.589561955622181344e+01 8.265229441974584645e+00
4.724081840329925619e+00 4.176216964418174804e+00 -5.510236707603370476e+00
-3.996693608134561870e+00 -1.091601804053627528e-02 -9.292600029354911584e+00
-6.148276681432873758e-01 1.096005599018798549e+01 -1.277108745272952106e+01
6.152224447933090978e+00 -8.893836710114426225e+00 -8.615035868345767511e+00
3.330404878953077130e+00 1.004890580663464483e+00 -8.556171910506999989e-01
-3.102995775838765624e+00 -5.985894941349418019e+00 -1.481916523734630609e+01
7.822791146846999943e+00 -1.120397024026148003e+01 3.159390625311009337e+00
-1.033148111243495215e+01 -9.201250235416482681e+00 8.780861880825507892e-01
8.476972228223655037e+00 -9.156880415453711564e+00 -3.739164060076511920e+00
1.387930942195489750e-02 -3.182180055718293765e+00 -1.092444452178377290e+01
8.585015104481041881e-01 -3.434952307765988255e+00 -4.936818921186731046e+00
3.970251974216702173e+00 6.985850753547242498e+00 -9.707997898160479977e+00
7.558209557429945491e+00 8.723175669266504784e+00 -1.951225451274589018e+00
-4.671610266285922464e+00 6.314202280416319368e+00 1.425806162582999903e+01
3.031069250640869406e+00 -5.498001184609578651e+00 1.209839643674645160e+01
-4.226608301346887586e+00 1.220291441722260828e+01 3.485953920422039776e+00
1.414083663516665190e+01 -1.049415547169042950e+00 -1.154305475905229583e+00
3.575710714248762301e+00 4.848726091932829441e+00 -2.240755607045378461e+00
5.658313471610114220e+00 -1.805284622553521290e+00 1.970832052601926843e-01
-5.255358738861977130e+00 -4.563128026048557828e+00 2.657086142982423294e+00
-8.939377068883633370e+00 -5.068416171737198717e+00 -1.753168186815334195e+01
-1.836757719413032230e+00 8.254323397336329471e-01 7.132504433397270027e+00
-1.398625616444431330e+01 -1.250635743608170891e+01 5.043746146019109311e+00
-5.622712105582435171e+00 -9.494130984204060653e+00 -4.602578190168649996e+00
-5.172276052529809931e+00 1.117511433842206303e+00 7.014595243014134951e+00
4.632005591105516906e+00 -1.197320347890078907e+00 -1.046407492839406572e+01
-6.539509588300691512e+00 -1.467191201107773324e+01 -6.521993154117381231e+00
8.092933431093261021e+00 -5.201082023273257526e+00 2.345143207910385552e+00
-1.595063738377063878e+01 7.948980195991399711e+00 4.212182492143004886e+00
-1.153291109921785046e-01 -6.294866319661891474e-01 4.216319976744737907e+00
-8.279079675309686692e+00 -6.785104882463559584e+00 -1.036573331711778678e+00
6.978023941983935607e+00 5.460817175989903127e+00 8.326244156824408549e+00
1.721246260374124093e+00 8.038217454312418297e+00 2.222686740729509225e+00
7.638840883110313840e+00 -1.146749248633929463e+00 1.135554592487641123e+00
-5.286840908166586139e+00 4.934280664197431499e+00 8.545806381693120457e+00
5.480800582711852442e+00 -1.033522266372929321e+00 -1.196483639596858595e+01
4.370406315146795784e+00 -1.229185870872144726e+01 9.222917781561550399e+00
1.674693311659266115e+01 -1.810208137414238294e+01 -5.676237642827146601e+00
1.288335659454754278e+01 1.060009639519484104e+01 -4.551439341365100866e+00
1.450734896610252234e+00 5.220737695188059746e+00 -8.267881648261557359e+00
-1.046072762726150795e+00 4.527225879932672115e+00 -2.052816942757050711e+01
4.810290805521734825e+00 7.885309562728388677e+00 -1.135631846055540350e+01
-3.704577499310444999e+00 1.755253846434713338e+01 1.124072969282136469e+01
7.667275590026085830e+00 1.148832176660894966e+01 -1.244671320561946537e+01
-5.593981633672739484e+00 -8.359938312377325209e-01 -6.844122497747049394e+00
8.581017233236412523e+00 -1.477684661484194750e+00 -4.848890705501223586e+00
-4.633983148490727899e+00 -1.746518992394004544e+00 1.212711666952211864e+01
2.940130233206300625e-01 -6.038203711870914425e+00 -6.169346753808352624e+00
-8.865751221962046458e+00 2.750593837950613185e+00 5.482146002817555264e+00
-5.392919927319088647e-01 -5.452915761541536899e-01 -1.455369538239229854e+01
-1.617031724095643774e+00 -8.202173660370601027e+00 5.735259516280486025e+00
-4.633064233941749599e+00 -2.478956712749317060e+00 3.259318741313944390e+00
3.168551936321955420e+00 1.090416941057702704e+00 -1.685468877945364952e+01
1.418318145330715829e+01 9.618319661634359363e+00 2.512007370363456449e+00
-3.471549423230535503e+00 3.091827606264766271e+00 -1.569077516306188969e+00
-5.131329034901996877e-01 -2.112099047070269187e+00 1.187807319576326348e+00
1.593113283307679851e+01 -4.203066646972576592e+00 9.186325315478574893e+00
9.883703988382682937e+00 4.283388176614379539e+00 7.798740012817479972e+00
3.243789518051578113e+00 7.731658511227305297e+00 -2.726118280587621623e+00
-3.184938654416666903e+00 -4.089574907330921771e-01 -2.101877404509679081e+00
7.100659796786143119e+00 1.060747485580036020e+01 -7.168040833292646852e+00
-1.933743068435806833e+01 3.976645330617897045e+00 -8.792398540120716088e-01
5.494973162441225689e+00 7.169770426266956598e+00 7.085515155479879645e+00
-7.993535715613550252e+00 -5.882867422753642828e+00 -2.279262889061818065e+00
3.948740478679445776e+00 3.048104530068255436e+00 -5.475278849541265203e+00
5.863216549074796724e+00 1.195870649381444295e+01 1.137831500470011115e+01
-1.266341202538591126e+01 1.202366414861967314e+01 -1.220000607840695928e+01
7.858998963537061400e+00 -5.691258288193699055e-01 -7.052195926133718373e+00
1.013014037235349996e+00 3.148760070585429283e+00 2.982925742599686458e+00
-2.088634262427593757e+00 4.698803201338146884e+00 -2.369279341475837075e+00
3.679319740688258289e+00 1.008924845550915173e+01 -1.184696301230968807e+01
6.289076289930742192e+00 4.380725039340316762e+00 8.554908816649195558e+00
-1.217967366737381774e+01 -2.146952194357437094e+01 6.539746842950798111e+00
-2.347970493000855363e+00 -3.297894399599564430e+00 2.308510466843168185e+00
7.110488412411481995e+00 3.921377215924625403e+00 1.609802088273987408e+01
-1.094634324146353643e+00 -8.281228540553430051e+00 -6.877010654380317334e+00
-1.612177909720897473e+00 4.417962034794216564e+00 2.068203972719763750e-01
-6.986826519314550232e+00 -4.765818983543096188e+00 1.660483026712102628e-01
-2.401119627921344701e+00 -2.297755404179640859e+00 -5.249028617660776774e+00
2.702630728279813432e+00 1.986093789523242226e+00 4.325030738651383544e+00
-8.137894340849593178e+00 -5.096797850588151713e-01 -1.151397616936203461e+00
6.113388413291304779e+00 8.445177323009089854e-01 -1.212493725989826210e+01
2.555110921014568159e+00 2.020227243284071328e+00 9.904699190928584196e-01
-1.011977241676130923e+01 1.068811510293113498e+00 -3.288573854750697301e+00
-7.399588015804093644e+00 -2.367189698138258080e+00 -2.299396574691447981e+00
-1.222038841871478354e+01 -2.094688128126582338e+00 -1.120118050847714919e+01
-3.230568321412972121e-01 -1.877189313152393346e+00 1.787324320478063777e+00
-6.144727518550358702e+00 -4.086715990262122844e+00 -2.841740035219790350e+00
6.721404280827443678e+00 1.000415751614367288e+01 6.651979600720611785e+00
3.715242673700128506e+00 9.237518401026724391e+00 -7.982320134248963583e+00
7.206711473159391979e+00 3.338560150116919090e+00 3.684426596597681236e+00
4.156368822548460962e+00 1.516089767240695663e+00 -1.037173045829254292e+00
-7.364540530117707817e+00 2.983922002652529937e+00 6.040866486793995627e+00
-1.299899402190315412e+00 3.922795786515163030e+00 2.059259536272914914e+01
-4.034003175849130152e+00 -2.897287303841228567e+00 -3.001168728086682225e-01
-9.822755884638251445e+00 1.247889572996185947e+01 -4.674799918773179797e-01
2.188975115588889242e+00 8.284690588171029768e-01 4.861706262968787939e+00
-4.811339262386717941e+00 5.538643157111672322e-01 -1.008833104017925031e+00
-1.504462918280481176e+00 6.794794697748841372e+00 1.046961185019899254e+01
-5.515096741194454921e+00 -8.258239807343407790e+00 1.110103428519326485e+01
-7.269421370641325097e+00 -6.270811103275654830e+00 4.923817409830307135e+00
1.465261474404518438e+01 4.219842903003053536e+00 -7.428477886488359161e+00
9.955032085161857891e-01 -6.373049313159201645e+00 -4.224383594657939334e+00
3.915046213726369295e+00 -1.165489547219720023e+01 6.801052615371607324e+00
-1.228786849104718115e+01 -5.277620791375987608e+00 5.846463105385022452e+00
5.422054359670837265e+00 6.695600896100915023e+00 -2.127163932389669956e-02
8.269285133974182411e-01 7.111806427473289505e-01 3.290317745151200235e+00
-5.995342784407798220e+00 -1.077919217553420239e+01 -8.785924943406465459e+00
9.482326767259950273e+00 -5.629542194913631503e-01 -2.976548918829062362e+00
-8.266274667203758142e+00 1.006202886162433328e-02 -1.028373501315140182e+01
-4.083438964306156826e+00 6.948483569530043980e+00 4.597076556226304511e+00
-9.897870025881635669e+00 -2.510592559559571058e+00 -9.936306015093379074e+00
-9.776773578209045468e+00 1.481973376722707592e+01 1.264891506481177785e+01
-1.058892300135731723e+01 1.041505656771958854e+01 -1.020732518505652919e+01
1.074195236781157980e+01 -3.773187990250810309e+00 6.800684980020414994e-01
-7.433322885821282533e+00 -4.509441133645445632e+00 -3.728420653410142283e+00
1.747285500113222367e+00 7.719864144741269918e+00 -5.877270281446739020e+00
2.849317432124520710e+00 5.402506602141617265e+00 6.194463322353350065e+00
-2.298963855183173166e+01 5.193945424988457571e-01 -3.038258243590868268e+00
-5.278543353424422158e+00 -6.158258653533406068e+00 1.467607746672981328e+00
2.640648315368935073e+00 -6.140050243870026625e-01 1.058064192958462435e+01
-6.799101871185103008e+00 -2.588480587885984008e-01 -1.080603930343940355e+01
-1.535167579147270311e+00 -7.599022253468670662e+00 -1.218423498573259156e+00
4.193005971110783214e+00 -3.813646084138971215e+00 -2.719178135328752077e+00
2.753885909540096932e+00 2.933806815188809702e-01 4.660317517394667597e-01
5.263720165515101357e+00 -5.289343293277434022e+00 -8.929164526499084431e+00
-5.636701173192774306e+00 -6.886276559848332646e+00 -9.827185061739891481e+00
2.879273575635462601e-01 9.825352950945127617e-01 -7.241101713057571665e+00
-1.364945922117242105e+01 1.440420450388285811e+00 -1.046100371266358797e+00
1.664766393633651420e+00 -1.006818073148442494e+01 -6.377496918287186567e+00
6.042912536474863039e+00 -9.778097970014457019e+00 4.985717643009786926e+00
-4.677224120876045887e+00 1.554118160409029237e+01 1.959377506515147083e+00
1.171378252991420688e+01 7.117798258566224057e+00 2.422643756585795671e+00
3.011048993129732843e+00 -6.622275167710512944e-01 -1.570791166544026396e+01
1.472045216317020433e+01 6.786494428332765949e+00 6.367602813959568842e+00
-2.930372040859155369e+00 6.370739985461754129e-02 -5.434760919391136369e+00
1.067655011718549929e+01 1.332108993236062666e+01 2.311629579615308572e+00
-7.568145507218437373e+00 -3.124325062506251971e+00 -6.317283537175744534e+00
-7.344127367648123350e-01 -3.706140036318650299e+00 5.790192360840559438e+00
-1.251846098719645028e-01 -5.218332953599252200e+00 5.390232958289876031e+00
1.256742861105173326e+01 -1.508692482076291341e+01 8.622438125171612455e+00
9.979720649599014948e+00 -1.426264328749836885e+00 -7.105387816547792390e+00
-9.291952568735741380e+00 5.211597818919377012e+00 1.245282687215164996e+00
7.193105955043257893e+00 6.331211067487937383e-01 3.248453572691225144e+00
1.161833503334336548e+01 2.626823603977388011e+00 -3.669017502318506541e+00
-4.861704696316824226e+00 6.340327559412962444e+00 -1.286423318039505403e+01
1.659103026647986923e+00 1.222891267276669858e+00 -6.062191991928001400e+00
1.226304036358078164e+00 -3.147951121125052154e+00 -3.499165666247526785e-01
5.784005329574293697e+00 7.696306880749379076e+00 2.829803779839866085e+00
9.277764282987467359e-01 4.042029358646243020e-01 -8.305365106110921047e+00
-1.255983511928531904e+01 -7.124570187886150485e+00 1.346774102841924048e+01
1.220387175507749999e+00 -4.432747900008517483e+00 4.093246577672947417e+00
-1.518811140647117774e+01 -1.734701747100363622e+00 1.215017403601572399e+00
4.332307593555055014e+00 -2.395542636446021501e+00 -5.337053168030723604e+00
2.734920053173600429e+00 -4.656016567120664362e+00 1.920869990124865589e+00
-6.386193607723197552e+00 -2.835698614349231761e+00 -6.437009704639713448e+00
9.966523833338907679e+00 -4.454398108312004112e+00 -1.215942079530457853e+01
4.504365591017962106e-02 5.386892966332895938e+00 3.095466803010051837e-01
-7.191755556115442261e+00 -1.022711923862456684e+00 -8.173384002239565405e+00
-6.173549333534832151e+00 -2.917569945209190774e+00 -1.156035176660569430e+00
8.313757168624407612e+00 5.075676017427738884e+00 2.949024399561070986e+00
4.574478128814270406e+00 1.374936294242563584e+01 9.876127524996483942e+00
-1.265338892179776842e+01 4.716781130220196516e+00 5.504212966757395797e+00
-1.138239863752253500e+00 -1.529625463093437787e+01 5.477541555564529041e+00
4.806768639300443624e+00 -3.039616524248711649e-01 -1.954094932704867560e+00
5.202828564747909112e+00 -3.749388159771768425e+00 4.315928399217973777e+00
6.093842099446303839e-01 -5.669930493898223567e+00 -8.243544729807352311e+00
-4.596022472094689171e+00 3.406417386499783095e+00 -5.874822194606021952e+00
-3.435399655257506124e-01 9.832233333788976681e-01 3.526781713251121442e+00
-1.411367452508172970e+00 -7.166671828722269488e+00 -6.549627352187138207e+00
1.035988494137919247e+01 1.200101181234012060e+01 1.245691033015045157e+01
1.018603644706193245e+00 -2.122755941621497389e+00 -1.482396147487364368e+00
-3.481294492916088501e+00 4.167462900624045119e+00 6.344640056046118026e+00
2.530470744927959537e+00 2.678593044617475272e+00 9.012650135503561089e+00
1.070079192692435477e+01 1.152673414941992114e+01 -6.815156362480205843e+00
8.350186229105915459e+00 -1.202531074393500043e+00 -2.061659424998928181e+00
-3.602265460695055932e+00 -1.240494570812286756e+00 -3.568744067459149072e+00
1.197413883131540224e+01 3.620373493744636573e+00 8.723270409818510984e+00
6.749700002416902933e+00 2.581664425942054919e+00 -7.740083396112661163e+00
1.735840508008681615e+00 4.878983378804447213e+00 -6.955363280675784132e+00
2.121767703801619165e-01 -3.347737092554335714e+00 1.330556334519746819e+01
2.302022237374831359e+00 4.406357873042993312e+00 -2.002205768928691842e+00
1.507138279394122904e+01 2.952307430079885275e+00 8.495426334942445479e+00
1.342416065737237263e+00 1.133337154262231117e+01 6.385234686361632050e+00
7.892856880865559255e+00 1.676088209375955174e+01 1.006253402864995472e+01
6.232030980898334072e+00 8.074123471682201014e+00 -1.382386619972684194e+00
8.993356597733703772e-01 1.346431715336301060e+01 7.667723601551216461e+00
-1.182015823534267973e+01 9.403166880667218619e-01 -2.176821163272398163e+00
-1.222113943934093783e+01 -1.148836213239686366e+01 -3.315822505861413028e+00
-7.516116146346110582e+00 2.864016065211882456e+00 -1.273938377305020708e+01
1.775145962380618170e-01 -4.042012531881709614e-01 2.990650563843006537e+00
1.917839121635579236e+00 3.250520138851358820e-01 -3.408416380632826925e+00
-2.664429080215431789e+00 -6.219092343981640347e-01 2.771385878732588015e+00
-1.809866090225993318e+00 -1.575677962408740473e+00 -1.532962089150464458e+01
1.071913243732262799e+01 -3.168025224167907439e+00 -6.650989942070679284e+00
-8.816841410877869212e-01 5.595423052938934383e+00 9.980123798090186682e+00
-1.248625867891576480e+00 2.523736349413426616e+00 -4.311830225843778841e+00
-7.321277167021196242e+00 2.294514635373080758e+00 -1.076210588952097202e+00
-2.044507985396342598e+00 2.519772224983277908e+00 -2.783283920354981955e+00
8.674857894410241244e+00 4.019643959460006855e+00 6.023318438788158424e+00
-1.290092340492764222e+01 -5.388281420000163635e+00 -7.922132923182634734e+00
-1.938265713612682850e+00 7.570079860944047390e+00 7.369972599925838086e-01
-2.368308095908587194e-02 -6.140716487757362785e+00 -6.943496837456690329e+00
5.725449298254828179e+00 -3.696401189790762043e+00 -6.391320166069138775e-01
-3.884153947302983134e+00 -2.169692221473638494e+00 9.385842480467497140e+00
2.268484498444220510e+00 -7.114431329228847467e+00 -6.742571031595555375e+00
5.292552330455225551e+00 5.320664521658608592e+00 -1.027514220964903968e+00
6.313696738667157193e-01 3.787625869155401670e+00 -4.408786042371333758e-01
9.023797129527896033e+00 -2.366482662207300761e-02 -9.643052133117349101e+00
5.115572161588646694e+00 -3.370646793915968442e-01 7.229028029763043151e+00
-8.381943661776134036e+00 -8.504374880888793342e+00 5.878168626443162736e+00
7.120458436696432969e+00 -1.715138298606821321e+00 -3.263446034590684053e-01
4.359866415788875571e+00 1.537834633889300084e+00 -6.713147361730503526e+00
-6.324048327442282069e-01 1.647138728077900538e+01 4.545743862396270707e+00
-4.476856148462118767e+00 -4.476444609724129720e+00 -1.628225813461712246e+00
-1.346080503877106516e+01 6.769631709401931208e-02 -7.287468474925771211e-01
-6.708031005977522554e+00 1.318699569327800525e+01 1.614511383107051445e+00
4.711420198052655550e+00 7.464123462320200630e+00 1.046741396790794809e+01
3.054309520087100438e+00 -1.036830509673977385e+00 -3.651504816452230795e+00
7.299578808404275421e+00 -8.535389568070081978e+00 -3.588250554186146246e+00
-5.113148340741759057e+00 -5.067087994454883004e-01 7.197113893412780961e+00
-2.321810073040802003e+00 -1.269573760323046407e+01 3.689518257195173678e+00
-8.266260397056319764e-01 -1.674422867148952943e+00 -4.188982810261174805e+00
-1.255847907467055435e+01 1.127304945873097708e+00 1.127426185892548460e+01
-2.946027564412196931e+00 3.658198545848663219e+00 -6.492390753274561277e+00
-4.502781586996230878e+00 2.528861812105873685e+00 -4.876554083336636758e+00
3.593047694638615841e+00 -9.580394363973688598e+00 1.251875786695090298e+01
7.924041334799282410e+00 3.655177795075533087e+00 -3.117172208606897033e-01
-8.851059854985777520e+00 1.246430180251807851e+00 1.334666163897279034e+01
-5.675147054388226309e+00 8.192950319556421279e-01 8.446180737171433694e-01
-9.575779972794525863e-01 2.898797831550867787e+00 -6.307478516351886277e+00
-9.127121329191966836e+00 -1.561821939490240840e+00 -4.664349174586359670e-01
-6.873229920285017336e+00 8.265328123304596986e+00 -4.039616986339384042e+00
-7.677480075455223485e+00 -4.870732155929252016e+00 4.478128742383627348e+00
-1.091659956080873251e+01 -3.493305575065242863e+00 1.125188256181127500e+01
7.443390068697701700e+00 -1.047059635428564484e+01 4.937890647155307455e+00
-4.214644483835720656e+00 -4.719320142050681177e+00 8.494049958919084986e+00
4.692050085725102626e+00 2.051194197727558510e+00 7.552077253889795116e+00
-6.293569108861347239e+00 5.932485517389531893e+00 -5.182569962490791937e+00
3.027145724104073121e+00 8.537126832848912494e-01 3.091794445093248633e+00
2.092856578389167499e+00 -5.639235520304000993e+00 1.414467767066618720e+01
1.680874180420534714e+01 8.212329803482329993e+00 -9.576013608079431805e+00
4.408274231884381500e+00 1.065957597302053372e+01 -2.944238842203091178e+00
4.604197252609847801e+00 3.493038815922397067e+00 3.742621791550575505e+00
1.238591256011881248e+00 4.626421677503876673e+00 7.061863282620436388e-01
-1.252913599613641438e+01 -3.297571296268868135e+00 2.737551173645220715e+00
2.310231669198054283e-01 -3.186212143935470920e+00 1.044412369650871852e+01
-1.653322899303333315e+01 1.210453258362971907e+00 -7.782255956601009217e+00
8.545769500050496958e+00 5.947975778506068290e-01 2.182418598004701504e+00
9.983391201536315762e+00 -1.154428667734172720e+01 -1.338994627174474239e+01
-5.207164871458110689e+00 -1.212019789420905802e+01 1.763466257193984754e+00
2.186182487401916674e+00 -1.685345605098795474e+01 -5.380348519814472041e+00
-9.611580861597188274e+00 -4.798651984132777493e+00 -1.161790000716962901e+01
-4.686299360600985509e+00 -1.309420816725824821e+01 1.870247407053428512e+00
-5.899467568226262060e+00 -8.136379882161156596e-01 -1.892034907444906544e+00
4.219276040732410138e+00 -6.185722899585566203e+00 -1.267560771443948653e+01
-5.442824356447037992e+00 -8.461666132421324704e+00 -1.847989016893690328e+00
9.042392807504692209e-01 2.416730685329663952e+00 1.814910356811777348e+01
9.002808177591065331e+00 -6.082074632846558693e+00 4.891157727265567523e+00
7.472672682784668119e+00 9.338197980501732332e+00 1.948950412995210213e+00
-3.493293917054794750e+00 -9.757807592725125545e+00 2.016896888115030873e+00
-7.161965087511444672e+00 -7.627658429003427720e+00 -3.817648024362956694e+00
1.300690367291105431e+00 2.807105094506128662e+00 -1.580780252850326750e-01
9.647092359441309384e+00 1.030660721033384952e+01 -1.337221518217497263e+01
8.401864083243085091e+00 -3.832150529643515657e+00 -1.591817423981798640e+01
4.653048099789070413e+00 4.917295960837119395e+00 1.789855225162495511e+00
1.201138915028793797e+01 9.996134811739080916e+00 8.330485383016306145e+00
1.044651761132278978e+01 2.858704943630567819e-01 8.292797710495124264e+00
5.152107739447524537e+00 7.582794249145541343e+00 1.450708623224894023e+00
-1.413725340324392787e+00 -9.698422410514503156e+00 1.110525908890118885e+01
-8.174710461190144883e+00 6.166498085332240420e-01 1.878386298237189278e+00
1.678080123423891834e+01 8.125743629315465455e+00 2.627266018052270002e+00
-1.573045072389796406e+00 1.586670194270069834e+00 5.893708256614503815e-01
1.007548599196415751e+01 -1.071006050163158285e+01 6.536966930672067022e+00
-5.062736308987481948e+00 2.826241027883864998e+00 -5.068605069993317613e+00
-5.848123142970004906e+00 -5.914371551897629198e-01 1.230252862611469628e-01
-1.632542630584617571e+00 -4.180520239704681451e+00 7.125559268856552109e+00
-2.354418815493180550e-01 -1.469435164515429548e+01 -6.936316870978057381e+00
1.151062931340994488e+01 -3.546728150778388766e-01 2.354023030496163571e+00
3.904969464179015026e-01 7.354478125557592505e-02 -3.552737493729211327e+00
4.226060963090690237e+00 1.631734387155703203e+01 2.980174319616059275e+00
-3.963588386564476096e-01 3.752425306731812960e+00 5.534255011096523846e-01
-1.430977316266827870e+01 -1.364409883035226478e+00 3.728393570818467673e+00
1.767034153616941827e+00 4.690782646169360248e-01 3.749343834017019539e+00
-4.684674710512898521e+00 -1.260580267103479990e+01 8.873183749782464602e+00
-3.612742975878890039e+00 6.131062149595902788e+00 1.170799013474349870e+01
-4.019741622459921615e+00 -3.002557911203897145e+00 -7.456565942132916902e+00
-4.743662266112280146e-01 -1.137571093738453776e+00 1.745118972346155095e+00
-5.136579026093605060e-01 -7.535582565922193332e+00 -4.450073830653803242e+00
2.835563598949522035e+00 -1.410206344275842838e+01 3.876186133243306298e+00
9.381828126829278247e+00 5.870373409114262170e-02 -1.128667269143918794e+01
4.783813486181307084e+00 -1.649567961884422118e+01 4.387772589555629654e-01
-9.429012017152494707e+00 6.672706397388228794e+00 4.957663022924351459e+00
4.244479061194924796e+00 -3.852045674651503049e+00 -2.759320932031887441e+00
1.551192854036949953e+00 -8.195015277656818142e+00 -4.434623905626634333e+00
4.278418609521586369e+00 3.212278498406621274e+00 1.259038866467455087e+01
-8.685207366580508292e+00 2.930715925308186254e+00 -2.346384427745063228e-01
1.835469391349994206e+00 4.235123262207174832e+00 -7.431985081944730176e+00
-1.035973907894122092e+01 -1.492079411290881374e+01 -6.344495309910723968e+00
6.349204064065284925e+00 8.628219094450683357e+00 -1.167275833094663540e+01
-2.870672066037250891e-01 -9.849510055248286378e+00 -3.867750627405438735e+00
1.013855503035090244e+01 3.108450667620386021e+00 3.150860640759856057e+00
-9.079818020725433314e+00 -4.835465032156188059e+00 -2.704202210094909020e+00
4.821503434174418956e+00 1.111479920637257646e+00 -6.681549807104234517e+00
8.411915698407492314e+00 -8.812763297252752537e+00 -6.538249172118282715e+00
1.045817625844546939e+01 1.350983584201078891e+01 -9.904782506144290011e+00
-1.064648457802899451e+01 -8.291475832371569155e+00 4.808781567997050921e+00
-9.194268014374300080e+00 3.109943934602315441e+00 -1.182409981637909217e-02
4.183255545717520896e+00 7.865776746460787727e+00 -2.310415138345830677e+00
1.383660244570444320e+01 1.097363051778577070e+00 2.582390465802002488e+00
-2.533627398068243330e+00 8.742619544017568245e+00 -1.813309380746463972e+00
5.171022025230256780e+00 1.289143481773332045e+00 1.094771405489912919e+00
-1.275876706503573921e+01 5.527629524511127324e-01 -8.256184324431476540e+00
-3.233761865597024610e+00 1.109630616194323238e+01 -1.684846723749419795e+01
3.169662568336131803e-01 2.318304433680070442e+00 3.396911618489327545e+00
-1.493907650765638362e+00 -1.912060256247783974e+00 -8.862034723511988954e-01
5.643999373707385914e+00 -1.579407936441678828e+01 4.348650684170327629e+00
-8.002244125803308350e+00 -1.446827708703104243e+01 8.749647766285811201e+00
7.688112836236099312e+00 1.341695492601468942e+01 -8.670101058153247345e-03
8.280807818641788831e-01 -4.589520808870386048e+00 -1.120509195028023619e+01
5.841669262355952519e+00 3.999039750455354536e+00 3.431683250418604558e+00
2.073600189595702581e+00 -6.450831479090238574e+00 -4.215322468490056096e+00
2.459844650308940395e+00 -3.458887799245095596e-01 3.209641180308328567e-01
4.868838906977016379e+00 3.159207480653652422e-01 6.060694809038952080e+00
5.490216220122136725e+00 1.862296043916332300e+00 -9.973190317481021694e+00
-1.245634677773237220e+00 5.629763181370416980e+00 5.293630325564903316e+00
3.218797515462715197e-01 4.458904404838989755e-02 -9.613325183894102510e-01
-1.022228963427401993e+01 -3.387102561200721063e+00 2.139528739139108904e+00
-1.327205739151731656e+01 1.741319507081613871e+00 7.074864402310572231e+00
-4.348700395024624576e+00 4.942223395172636202e+00 4.341948330510959631e-01
-8.538757478198352402e+00 -3.656090598960993976e+00 1.140797419655677558e+01
2.380105089470460289e+00 -3.758204228481510256e+00 -1.022665815043388937e+00
4.177638344449246866e+00 -1.057719883941327238e-01 1.541298689613626260e+00
-9.874512787818980897e+00 3.580752444776065246e-01 -2.153506538744951904e+00
3.080579541426940793e+00 -6.721060492593312397e+00 -1.536362997101779371e+01
-8.513609434938738119e-01 3.753972148165480860e-01 1.958588060081638105e+00
-5.501802067250557648e+00 3.138797472863204874e+00 -8.376322243409092039e+00
-1.099647682400002680e+01 3.273004055746361551e+00 -1.407536095805578746e+01
-9.820751582887778941e-01 -8.654797992569678300e+00 -8.246720442409026575e+00
-9.026186511290513081e+00 -7.434097825178770158e+00 -7.059061471725114778e+00
7.481245460683669357e+00 -6.706734984717924952e+00 8.145482269695236255e+00
-4.762876826233773286e+00 1.900097882450436870e+00 6.627882951501996800e+00
2.111768741463836641e+00 6.123080011647981102e+00 -5.123805762643200978e+00
-1.422712008519073379e+01 8.967644809550245455e+00 -5.031206461773415128e+00
1.344728298892652774e+01 -8.348455381041018697e+00 -1.637430848547082984e+00
-4.916719778033823651e+00 -4.517349211126997943e+00 6.990882800534886421e+00
-1.113243213080057004e+01 9.939223644513884848e-01 -9.285568346134874806e-01
-1.577245365562304769e-01 5.756945327169570525e+00 1.294156252231676874e+01
-1.054703251484698123e+00 -8.804296326939029527e-01 -9.351993641043325756e-01
3.513197893504897973e+00 1.781639804938632166e+00 -1.032215983022760630e+00
-9.217583847388960194e+00 1.914667363732866168e+00 -2.533698989263429180e+00
1.173782415537135648e+01 5.234335916371479769e+00 -4.461750524605423429e+00
-6.039492042373958647e+00 2.044671550960446726e+00 6.191104873160848676e+00
-6.856644632109319737e+00 4.845883773518131932e+00 -6.408898038063477465e+00
-8.021225127112072140e-02 -3.919881577148308427e+00 3.799135112888839760e+00
-1.282589888953457269e+00 4.185607833166197445e+00 -5.379100706187823988e+00
7.729446030123477307e+00 4.187119558218551418e+00 -1.725664106431041489e+01
4.128101490350137404e+00 -9.429863892645016676e+00 1.145204235351233280e+01
-5.048572275774780849e+00 2.587939145626680482e+00 1.455384017645826589e+01
8.843145866192553939e+00 7.756933967908398175e-01 -2.932557739469572322e+00
3.630357336286070602e+00 3.300979790226559629e+00 1.284786130926178771e+00
-1.169511611103700233e+01 -7.033993979564622023e+00 -1.957582784182055446e+00
-3.262857830880511401e+00 -2.037819740225393250e+00 1.384289654722314022e+00
-5.186214729256754197e+00 -9.095633673426190668e+00 -2.326010868703670909e+00
5.393322157530695549e+00 3.558978567044484453e+00 3.740310131259555693e+00
3.016548139599820377e+00 -3.421756229096726276e+00 -1.892985029124493623e+00
1.384499017631126261e+00 -2.751782021773145015e+00 -7.400847700701255860e+00
5.275583911692963035e+00 -6.299373540757180479e+00 1.582216747382831690e+00
1.254406256718726631e+01 -7.517486090471094506e+00 -4.681497619112063191e+00
4.251011920823954071e+00 -3.218852268938075412e+00 5.543295757676360402e+00
-4.517602546335767744e-01 -1.362748422211678134e+00 -1.720072341588414266e+00
3.921194177049803220e-01 -3.273383691197128686e-01 2.730834700719203312e+00
4.821309498325768494e+00 -3.942053613283309499e+00 3.800225683288098733e+00
4.708853920357173095e+00 1.503901950988506009e+01 6.369179210957233828e+00
6.089710220877132762e+00 -5.216802913467843084e+00 -2.373107358762163610e+00
-5.510498037456555975e-01 4.267835606666324111e+00 -4.355501563153124422e+00
-1.274817266733594856e+01 -1.044814143447828236e+01 -1.416972541272645181e+01
2.439732813240273135e+00 -2.512107086772902509e+00 -2.918924262636129807e+00
2.377684491463557315e+00 1.140516848298673391e+00 4.251356383387335569e+00
1.929503930276577295e+00 -5.933867909349550551e+00 -6.993801310409093475e-01
-9.201767900424282942e+00 -1.889242312852799976e+00 -1.021572046169447390e+01
-6.629003183329390758e+00 -1.718621037041280664e+00 1.265063280370861409e-01
5.159737462117510276e+00 -5.820380658734151252e-02 4.308809481400892594e+00
-2.056216532887437332e+00 2.994157046598849181e+00 5.394831200935727544e+00
-1.602646908411538451e+00 2.062570423938245856e+00 -6.655541113423893762e+00
-8.262506686604870865e+00 -1.876335526793527775e+00 -9.176846173766747938e+00
-3.027864027205438457e+00 -2.038994613858287508e+00 -3.679235487776690405e+00
-8.946718687079707522e+00 1.492318746143228847e-01 4.854600678225326149e+00
-3.528147052698499264e-01 5.774825543725146559e+00 -1.266552984465357845e+01
-6.719917752688041590e-01 1.833592430401111528e+00 2.920919784055147961e+00
-1.082868417767016034e+01 5.018989984829356210e+00 3.819563192707842614e+00
4.333709542351844135e+00 -1.130393993466513480e+00 3.189046684257435427e+00
1.685728189648458608e+00 3.723751912899178507e+00 2.518067809132137125e+00
-1.890789202392884283e+00 -1.043557986773896396e+01 -1.144381991276028465e+01
7.981568502658810127e-01 -1.621324718012034261e+00 1.003241516268311884e+01
-3.654031139224280800e+00 6.774391729203068202e+00 -7.639661114076345072e+00
5.384782910001926215e-01 -8.254346394021958133e+00 9.491533294800946763e-01
-9.971374436583045897e-01 1.768084171018019646e+01 -1.237146420974592864e+01
3.649968032835022580e+00 3.769812321185231907e-01 4.247704865166421762e+00
4.758312757463933451e+00 -9.184100567462737175e+00 -4.175977930810797489e-01
2.450460209786863075e+00 -5.455399744862341471e+00 9.788309562829718757e+00
1.982878746834995320e+00 9.205893772243005202e+00 3.878283635341597702e+00
1.147788816528492717e+01 -2.682363151888506714e+00 -1.452923166643666164e+01
-6.330758367708304579e-01 1.624993581308099522e+01 4.552991316818046030e+00
-3.827306046349041146e+00 -8.385247968636310389e+00 -8.376917061185887192e+00
-1.190904200912434519e+01 -1.312982206423840781e+00 -5.710127773669521289e+00
1.809271138401848500e+00 -6.793385569235748100e+00 -8.620793932513420188e+00
5.737706087007952149e+00 8.216795684179276194e+00 -4.619287788089484259e+00
-5.940594330302209514e+00 3.239111475361416748e+00 7.502173690631146030e+00
-6.963881355044502008e+00 -2.079084638579349775e+00 4.729641165221263321e+00
4.496054717996452510e+00 -1.057833713559605471e+01 1.772065990110540312e+01
-8.417036949154407921e+00 -3.192363600763957532e+00 -1.263764996931461937e+00
-3.133122363125428134e+00 6.817656849811681852e+00 4.411082098861241363e+00
2.559576946858883595e+00 -2.780761146661242300e+00 -2.897684899645466827e-01
-3.245064534243460308e+00 -1.432882789437249560e+00 5.809931937138674840e+00
3.617354441870946236e+00 4.474367024747603061e+00 -4.821788577754994698e+00
4.228297601794283267e+00 -2.551143463862456606e+00 -1.204568954340727416e+00
-2.022899509983178135e+00 1.138718285684309528e+01 6.293842656443519701e+00
9.340149383798621585e-01 4.551917241393002911e+00 5.692526694842111823e+00
4.799519349012878466e-01 2.225545786078825028e+00 -5.102543917987397926e+00
-3.142916800160913127e+00 6.341391524749588893e-01 -6.952881492423241383e+00
3.125233843088099484e+00 -2.220293235714903002e+00 1.444197526888098082e+01
-1.537295251095274429e+00 4.381382330971126393e+00 5.760059437755446154e+00
8.123808112699272499e+00 -1.005308773787342957e+00 1.561158208849103524e+01
5.874785197342971443e+00 9.915341113256999961e+00 6.632227658648820245e+00
-1.005468733335782433e-01 -1.237289125220334185e+01 5.488774534467343535e+00
-1.489698567460823142e+01 -3.610576896504120281e+00 -9.907201168097472532e+00
6.066773270049933942e+00 -8.281541617440767666e+00 9.156578655055206184e+00
7.403234701919531702e+00 3.301597789961258744e+00 1.557436047034778781e+00
1.870836201929188647e+00 -7.330874257205001854e+00 7.606581813539479597e+00
-1.423129445463820097e+01 -6.552261723210869526e+00 -4.082393810964843439e+00
-2.266803976025665968e+00 6.057442321742256830e+00 -8.310609661243852031e+00
-1.059483343030997560e+01 -6.615684825111173062e+00 1.424148280664748190e-01
4.806748047044711925e+00 5.230077903746495060e-01 -7.544720117580707708e-01
-4.327341127532977616e+00 1.665640545813910078e+00 3.242221395263828132e+00
-1.224564399072015775e+01 -9.218467866683509371e+00 -7.546876458926332631e+00
1.118375250946674671e+00 -5.827150151481752083e+00 6.117471960868739345e+00
-2.010752559591531430e+00 1.181508057732898465e+01 -6.573759057478660850e+00
2.841576627742244732e+00 -4.035640029980227084e+00 1.035495787518274868e+00
1.094204415817932841e+01 1.361490731910644847e+01 2.840354030600056312e+00
-1.660868839164766442e+01 -7.976719937877944311e+00 -3.014405494836685517e-01
4.814330821444570141e+00 5.391991850839526812e+00 -2.402191264665576753e+00
4.441269928976288028e+00 -4.481236727345876858e+00 2.427792532814432303e+00
9.641975761454377736e-01 -1.394372838030412565e+00 3.488038947797791334e+00
-1.311444074195586751e+01 9.224198065659519052e-01 1.023893370953395987e+01
2.459203695391984468e+00 7.984354029770695860e+00 -2.641517851978649745e+00
4.228958382296621465e+00 7.830069016880448096e+00 -7.372616737757982541e+00
1.327255098848967485e+01 -1.672332409990647761e+01 -1.775350873482892666e+00
-4.044412139253820371e+00 8.463515563647601436e-02 -1.391315147173405320e+00
-2.516373918528337139e+00 6.834940123452811989e+00 -1.882415932594026620e+00
-5.698859458239396325e+00 -1.040883419089786521e+01 -1.019744353032637552e+00
-4.823960335000616162e+00 5.215948034219367813e+00 -3.182591918202711589e+00
-1.179916867058467567e+01 3.985168534973105192e+00 3.897151527190118259e+00
-7.262628239129458763e+00 5.347970395275641664e+00 -3.264342470071814883e-01
8.785095813001090548e+00 -1.318935154449835423e+01 1.675707672694694006e+00
-1.081586256111856992e+00 -4.510570767658510505e+00 4.101599192360550816e+00
9.822104238331801795e+00 -1.116020933889527278e+00 -6.660931685662694335e+00
-3.194590520526957356e+00 -6.743603608384305836e+00 7.689436443096147933e+00
5.286085680692044875e+00 1.571337743827828870e+00 -8.057449110651464963e+00
5.523041181569146474e+00 -8.589140292638605345e+00 3.124030895797728302e+00
2.110680347516030952e+00 1.015808399064894907e+01 5.358087873299290926e+00
-3.913109917459305365e+00 -2.814321225767711376e-01 2.329890996595463282e+00
1.242080726816382352e+01 3.137195904249925338e+00 4.417345191626594669e+00
6.096727834147626091e-01 -3.675241406827382207e+00 1.590336709525787651e+00
-9.664932842819784486e-01 -4.191511283370268792e+00 1.866899563342037327e+00
-7.966563603857143683e+00 -9.225034832125249551e+00 4.583110988748096304e+00
-3.087306525800830315e+00 -1.674249402906985602e-03 4.594967891612499855e+00
-6.523479080863563873e+00 5.065514099741496246e+00 3.269827446143210636e+00
-4.682607712049207116e+00 7.421966043395126889e+00 3.859723136064201032e+00
3.246990715390699833e+00 -6.918335492689476673e+00 1.169573583477471201e+00
-1.198440832560222713e+00 3.601754426750265470e-01 1.442375824661804362e+00
6.312459810106056501e+00 8.344570202058752884e+00 -1.020920339437547320e+01
1.424316915732097621e+00 5.207345189468449931e+00 -1.690239065952877695e+01
8.869339545913764056e+00 -2.581790224241613529e+00 -9.042461977158064101e+00
-4.741329603025556949e-01 -9.466714710944648115e-01 -1.777731212369483504e+00
-8.788635270415710465e+00 -5.354772286204825704e+00 -1.281958416418652880e-01
5.689339063004839936e+00 2.189910958942059782e+00 -4.648648763801308981e+00
4.342146923261888780e+00 -6.072682671195728688e+00 7.987738639455105094e+00
8.589614129413599031e+00 -5.459095951003477554e-01 8.954299581823320864e+00
-8.881575305132569653e+00 -1.013990526779053525e+01 8.621583472895403943e+00
4.291061954689316393e-01 -7.649757815955021911e+00 -3.534100140866019757e+00
1.851581121041574818e+01 -5.606248075137092446e-01 8.155192227683308204e+00
8.353997721852682190e+00 2.662129022875932005e+00 -7.692380367344969549e+00
-8.559495294004278776e+00 4.626582337770132725e+00 1.813962439360767176e+00
3.694276525854100157e+00 1.512716380260586035e+01 -5.433464583892966271e-01
-3.076859775522588603e+00 1.753715587008283228e+00 6.150554356125109479e+00
-5.424635506166068488e+00 -3.876384532646389935e+00 9.448802440645060585e+00
1.170551307373320782e+01 1.636955151143568044e+00 -7.019824722861891964e+00
7.938914862130339589e-01 9.393415593453897650e-01 -3.892543805818942548e+00
6.435017195865833983e+00 -8.198426835194101869e+00 6.303121415338178046e+00
-8.946936357838618292e+00 3.787013726770239730e-01 2.312110531769821176e+00
5.740086430674244511e+00 -9.992163543861428687e-01 -2.251087176370575538e+00
-8.843325219742487420e+00 -1.314942384733588909e+01 2.452460741384738796e+00
-4.413652183867656120e+00 -9.689991470649287564e+00 -1.627730696048376657e+01
1.726633379523736300e+00 -8.007057672297472450e+00 3.741422328227742344e+00
2.054979150781179431e+00 -4.330452356894856969e+00 3.272704293555859678e+00
7.925587479632597576e-01 -2.071124563339315383e+00 1.486322637207238673e+00
5.989090472687947475e+00 -2.368658942872428341e-01 1.029561123055398930e+00
2.391678672728811961e+00 1.306586353301050885e+01 -2.786754706070614929e-01
3.392430140546655259e+00 -9.359100053536758779e+00 -3.561702263533129464e+00
-7.598887945961356749e+00 -4.710186149600527616e-01 -1.019625100090706837e+01
-8.333698831538692176e+00 3.090769400254903765e+00 6.534545824882429521e+00
-9.437269498799180312e+00 -4.903971346710011225e+00 3.943590319280985135e+00
-8.587725261642983554e+00 6.062702906633222755e-01 5.355824172928191018e+00
-5.002853849557972410e+00 -7.859939335222504653e+00 -2.007518651508180429e+00
9.683057841417786804e+00 -1.598854341849388350e+00 -1.435747528832195252e+00
5.625194399322242411e+00 5.379990896814526913e+00 6.862320595163624581e+00
-1.009923762552659632e+01 -9.297035153510245564e+00 -2.053588511363944047e+00
-1.770538919542856471e+00 -8.557406132587244141e-01 5.405916343992809736e+00
-2.977807255337328485e+00 1.638787654007249728e+01 -1.151614244703139889e+01
-6.797043334382903090e+00 4.274743233064321579e+00 3.680485560211043783e+00
-5.542575916733077257e+00 8.804514469561857126e+00 -1.394608420307745345e+00
-1.326059189067838240e+01 6.326109386099067144e+00 4.303876618052884240e+00
6.321972929591224144e-01 2.030483734691698849e+00 4.534120079642962153e+00
5.581181061749209249e+00 -1.508604438187271768e+01 7.473753494002136399e+00
-4.767084814111250068e+00 -1.385536404440451230e+00 -6.915296785809619706e+00
1.690775911602914849e+00 -1.010527912170287479e+01 -8.165820709520149379e+00
-6.030214760422516029e+00 -8.683916138596369905e+00 7.876138243139443773e+00
-2.941839477910098477e+00 6.387256328729116639e+00 -7.033566536007819892e+00
-8.238857070339821176e-01 -5.279041157806703133e+00 -4.163807310666507888e+00
-6.543483964448188139e+00 -7.476933941003709450e+00 -5.108154804882881983e+00
-1.135245741681877618e+01 -4.694660769933229894e+00 1.785880008493869520e+00
3.415744658904028341e+00 2.368841707825691145e+00 1.735079072502528685e+00
9.530561978610807117e+00 8.789508393173624867e+00 -5.805896209716536749e-01
-5.154007000933735760e-01 -5.559117815970843424e+00 -5.587936897875892761e+00
5.379651170648446223e-01 -6.640793210764015519e+00 -1.829944077907088795e+00
1.055416514826251984e+01 2.103482360195437995e+00 -6.099746054405436269e+00
-4.166578059223190245e+00 -1.955900333909442779e+01 1.911208627344684441e+00
-3.652447008739220458e+00 1.059018427198252077e+01 -1.114863091290922448e+01
-5.177042882759775644e+00 -1.928454184075298272e+01 -3.625534907098992843e+00
8.021018758685510841e-01 -5.767192414286395064e+00 -1.334189256108252408e+01
-1.154504762420435870e+00 7.772471015288327401e+00 9.009145659610403811e+00
-1.016256623559131533e+01 -1.103150346496958728e-01 -8.322913564248667129e+00
-4.756162487873305089e+00 -6.179813590480979002e+00 -7.735377572504302357e+00
-1.929440058566436411e+00 2.027737357367957127e+00 1.238265471224949676e-01
-1.084306725469142529e+00 2.491894494326365006e+00 -2.145581855364891322e+00
7.973577939897428024e+00 -1.257901581533316282e+01 8.884443826943392963e+00
5.138668656332447959e+00 -1.535995257949972048e+00 -1.230661127466165183e+01
-8.920355486695646263e+00 -6.795068737297961015e+00 6.893392280462557586e+00
-1.906997926580601854e+00 5.891896221998388583e+00 1.107570851778412191e+01
-9.185230437470028875e+00 -4.326491284505726398e+00 -3.207264436194428026e+00
-1.085821390762011784e+00 -4.126992981004011796e+00 -2.010076819166516771e+01
3.495820425158153277e+00 3.885522891234598930e+00 -9.582831094195732646e+00
-1.173976857214834979e+01 -2.787202764916561382e+00 -3.053832335725968683e+00
4.970056172853714926e+00 -3.655514645443438404e+00 4.479716051353359596e+00
-9.795230081474207040e+00 -6.435876925293833928e+00 -1.136518425080199002e+01
-8.216921624388350276e-01 -6.173766033412770859e+00 -8.718488485344833450e+00
6.484491074721420389e+00 -5.157229754983470471e+00 1.117377370875987275e+01
1.076808461352280366e+00 -5.109605668316741678e+00 7.233465777446915546e+00
-3.356334915834656485e+00 8.262011400246919379e+00 -2.687147919336376756e+00
5.192008322663723696e+00 -3.878379754844031524e+00 -2.522427957353840178e+00
-7.115381949828312180e-01 -2.770602618722873611e+00 -2.585340867180582425e+00
-6.273736157694392190e+00 6.348609844021306792e+00 6.021664551362628792e-01
-2.755333384381812856e+00 -2.077977592354810721e+00 -1.537755012672642785e+01
-3.123655796332285295e+00 1.049898722624176628e+01 1.042308057759784390e+01
-1.081437081160084857e+00 -4.499900101177269462e+00 5.077100096321677469e+00
8.205361729719845343e+00 6.282438846396463106e+00 -9.671948738437142978e+00
-3.237509608816656392e+00 -2.176094827865564241e-01 -2.991558064801421946e+00
-3.045052006833598668e+00 2.095124590799772424e+00 -9.965732678407908107e-01
4.395942429511110916e+00 4.241541235689504141e+00 -1.399228928949057593e+00
-1.550117890898228090e+01 1.022832358911974993e+01 -1.151290997958803430e+01
-1.907509567184695554e+00 9.944799046414759758e+00 3.830612550564861607e+00
-1.038568078753494461e+01 1.125321693160157466e+01 -1.164097824325004860e+00
9.854043204288036151e+00 3.132270325745917017e+00 -5.511184497659207260e+00
-2.490578785784853810e+00 1.688005365694044135e+00 -1.057336216786513106e+01
7.072073871601006978e+00 2.734899369078839015e+00 -2.277474982827851324e+00
1.436857270831059408e+00 -2.815252469621625675e+00 -8.074700161368781437e+00
-2.276561741843990960e-01 -8.284114930961706591e+00 6.280182640839071517e-02
-4.045719619663487698e+00 -6.992629813029726193e+00 -3.577091161805992403e+00
-9.795511244099719406e+00 -2.147705200492102229e+00 5.387040935804857433e+00
-9.705876340002510538e-01 -8.333815101621155463e+00 -1.292722270805303353e+01
5.155234659764200700e+00 9.895445236411112289e-01 9.185283157961798839e-01
-4.435628660502260345e+00 -8.341174014112551660e+00 7.616200174641862830e-01
9.770139336692887255e+00 1.305613933202791088e+01 1.408593762468644783e+01
6.578033802854641010e+00 2.040837288600263477e-01 -1.160781461657637514e+01
1.087757488220251467e+01 1.491448884450898182e+00 -2.280500929718260128e+00
9.486054213546635694e+00 -6.462568453256554157e+00 -3.244191438815230200e+00
-1.964685228194912980e+00 1.746063383663323032e+00 -9.007783517125087513e-01
-5.611043034317297007e+00 1.132115197264110407e+01 -1.146589503943950428e+00
-9.388762131351160889e+00 -6.479448943840627750e-01 2.637479899819086260e+00
-1.591898982199720969e+01 -7.832012031230876303e+00 -5.268701261511376188e+00
8.924550752619513361e+00 -3.238824454915005258e-01 -6.975010449054618533e+00
4.390613612835555735e+00 -8.095315068343232667e+00 -3.117787075260202823e+00
-1.722640589857039606e+00 -5.832018818317710185e+00 1.061645888088320611e+00
-1.350206128795665173e+01 -3.791169805966250195e-01 -4.453254967284710375e+00
7.488575425020711052e+00 -1.542756329590762920e+00 -8.130872268419812698e+00
1.033273528234406768e+01 -1.045156988083094163e+01 -1.073308060974117462e-01
-4.409433791619896681e+00 -2.790462426874092405e-01 -8.989393503813670749e-01
1.772734813852322455e+00 -1.074536611833569033e+01 8.891761468824881831e+00
-8.955402284126130041e+00 8.257948308476738219e+00 9.026788625945901812e-01
-1.844381766922871257e+00 5.119511675772125514e+00 -6.346131115284514568e-01
-3.367599160873840258e+00 -2.955397158479377229e+00 -1.842617120914189499e+01
-1.023950473387414517e+00 2.425164291166131303e+00 1.010996851640991068e+01
-3.258103720879633070e+00 8.392957541632003471e-01 4.363023460943724174e+00
5.838525018702943825e+00 2.954321445228489829e+00 7.149834662095021720e+00
8.593722422609882727e+00 -5.680461529334757564e+00 -2.257497346093879198e+00
-7.066492682715834306e+00 6.093953049389703835e+00 1.049464186189524284e+01
-6.863803441959393403e+00 7.702382052218422759e-01 4.286209101391165177e+00
-3.404137243147666858e+00 -6.795608108597944508e+00 1.162408123835700735e+01
-4.258293989666431245e-01 1.036524591911682869e+01 1.354923589205816548e+01
-6.503016946384968300e+00 1.097212911068610630e+01 -3.589796156219936751e+00
8.189669970582555081e+00 4.276794890595824405e+00 -1.031913062732080499e+00
-8.589618109522476175e+00 -3.807119354259631550e-01 5.532907271938150018e+00
-4.473317331030865596e+00 -1.202162350360213594e+01 -9.024217533071114516e+00
5.522986614137212591e+00 -6.121462761702688660e+00 -6.216070642450529427e+00
5.646443649809550491e-01 -9.512470752952179254e+00 3.737967050809039016e+00
1.001462133895285156e+01 -9.325879910055590027e-01 -7.682825565672137813e-01
9.017158473061572366e+00 -1.037107703627364685e+01 7.114704721940538157e+00
2.102933235498475995e+00 3.741683570133309544e+00 -9.469733726421916131e-01
1.804633341027178517e+01 7.370174994093791732e+00 -1.251816285075823210e+00
1.114926434821557510e+00 6.556168413354499513e+00 -3.558800059529540150e+00
-9.529541887118352372e-01 -3.741462183253972729e+00 9.382091030923948693e+00
2.987298523324295019e+00 9.612427104530471667e+00 -2.982471859103022815e+00
5.012079178945345603e+00 -1.736187199687918570e+00 8.778045189946965365e+00
4.628232849218460454e-01 -9.651963404749803743e+00 8.137034691409037457e-01
-3.323409533124873860e+00 -5.045701342976669501e+00 1.378118406687478981e+00
8.484218023863403957e+00 1.119361869540969323e+01 -2.970563566148570089e+00
9.350015959420097111e-01 3.230607004869021193e+00 -1.287790026587023817e+01
-3.149829222487943170e+00 -6.763679861413911532e+00 -1.200820864537260668e+01
2.984444434489288867e+00 5.486650422008133354e+00 8.063206610601804769e+00
-1.390429149916190266e+00 -1.674742623748510573e+00 -6.814225375962485565e+00
-7.070959805268913101e+00 -9.954705537341028698e-01 2.488154065216592770e+00
-1.107214006660207950e+01 -2.244483640948935765e-01 -1.195280529751157594e+01
-5.191814002703575959e+00 -1.115242808094455285e+01 -2.298053673758853499e+00
7.750919894718119707e+00 1.583370010636333625e+01 -9.966302494006290758e+00
-2.020698523250017686e+01 -4.338320414736984154e-01 2.443136520060142924e+00
-8.274118476256741017e-01 -4.241345184523493295e+00 -1.051770304087381191e+01
-9.037248346256545606e-01 4.783780431397837596e+00 5.162531533570728470e+00
1.639389595293704716e+01 -3.468624119789889271e+00 -1.428611124905949303e+01
-3.192472268402460678e+00 -4.510725042611653635e+00 -1.288011305448226729e+00
2.146765874261496732e-01 2.590013010453132480e+00 -6.658432350179263715e+00
5.088355686894320051e+00 -3.706327766650859168e+00 4.322144891774055253e+00
2.823503348413205938e+00 -7.784878346429737306e+00 3.685737877529466022e+00
7.930868823677201362e+00 1.277252486588645208e+00 6.032688037018298921e+00
7.688698084525766419e+00 -3.031783209643487798e+00 -3.034384227295278347e+00
5.503644525508378793e-01 -2.073241045143991990e+00 -4.617736635460367722e+00
3.454725733715982905e+00 5.054243102630283646e-01 3.408816258291821999e+00
1.672192588744271191e+01 1.117125281436672779e+00 7.280124099948260152e+00
2.578343980956118831e+00 -1.159557556649716714e+00 9.811457534177836948e+00
-1.151997573508123374e+00 -1.019450583634377772e+01 3.879629639066297653e+00
-1.203828954794958550e+00 -5.420354694855679334e+00 5.249124911501874102e+00
-2.961822419646932492e+00 3.374352473791785822e+00 5.728412651590494953e+00
-2.715418746397197047e+00 -2.543874706266899821e-01 -4.911408228718927127e+00
-9.046637374600749126e+00 -1.474649941364448047e+00 -1.893260907563262663e+01
-1.201754697403131011e+01 5.577095076657095696e+00 5.835961153669074974e+00
5.473393317523602697e-01 2.060749120595411821e+00 6.226585052489420846e+00
5.675734146565855065e-01 9.545952624455676272e+00 -7.666479066255833530e+00
2.386386579214764936e+00 -2.207747997552058639e+00 -6.787763478340516521e+00
-1.000114060080801615e+01 3.193480551554932045e+00 -6.698721084731054987e+00
9.810065179500988108e+00 -1.293865087901483157e+01 -1.952620058726344698e+00
-2.328474888758667927e+00 1.035647394230707974e+01 -2.543529689912048308e+00
3.521509502891424059e+00 -2.418429354690982080e+00 -2.321907880801659552e+00
3.572030987157571058e+00 -2.435824263990621075e-01 -1.014056910470148587e+01
-5.245685380145189924e+00 -5.950076680130693241e+00 6.414725510073497006e+00
-1.213292648285253295e+00 -8.444722965174776164e+00 -7.089163559375008639e+00
-5.429889296381584352e+00 7.246542817663992331e+00 2.621803480831396804e+00
-3.923201351109630419e+00 4.472802616143297660e-01 -1.224132490969182996e+01
1.040261907131837305e+01 -1.982955217415908633e+00 -1.711127222249454460e+00
-4.788834712977833030e-01 -3.178253105928336542e+00 -2.592811363102700550e-01
6.205578104140017537e+00 1.522865401082086123e+01 -1.559414787309617800e+00
-5.491080055259213388e+00 8.210762447219948079e-01 -8.539419668602132862e-02
6.485168590997965055e+00 -5.991235199884298313e-01 9.392216201715376300e+00
2.667660549888771548e+00 1.125030371577911836e+01 3.970869077523236923e-01
-2.583144059443933216e+00 2.376077034624937578e+00 5.508574901538936253e+00
-1.473486878177299531e+01 1.238767983208366674e+00 8.012111812953774503e+00
-7.525667083892710885e+00 6.120299833756125629e+00 -2.430089150588784719e+00
1.171942623769269431e+01 -4.114755290947140765e+00 8.266705018934873195e+00
-1.716979654897494489e+00 -7.029630887448417909e+00 -1.275470370499929729e+01
2.401850212142470742e+00 7.095108061702886104e+00 -8.306903654892829891e+00
2.063805884416834768e+00 -1.444391233007363518e+01 -1.041057291519194461e+00
3.673769157077316994e+00 7.437710980260859195e+00 -9.958840564535970330e+00
1.206931947503386304e+01 -1.237657090317755504e+01 -8.728375978621798481e+00
-1.034141283681558443e+00 3.312868820968938088e+00 -1.087614709804584834e+01
6.054057723191873741e+00 -7.992215621285552629e+00 1.075197625315529537e+00
3.613875206462320855e-01 -1.971433409163085848e+00 3.560331261050692309e+00
-2.074042912298872832e+00 -1.559104222333912659e+00 1.531332903970373582e+00
6.382012065610973561e-01 -1.825663796549191309e+00 1.015625415558001121e+00
-2.875804576524705336e+00 -2.000198604021922577e+01 1.849049511827735248e+00
8.561708211719688544e-01 5.305286399724814750e+00 -5.063599166942711616e-01
-7.231156264795031596e+00 -1.028568061659021637e+01 -1.629462782415606270e+01
1.660297753939607324e+00 -1.810267037855239014e+00 4.611647062649524287e+00
-1.047062853361195955e+01 -7.401557177921719521e+00 4.182071291398524515e+00
3.138721775804321990e+00 -3.282318022355410481e+00 7.102987071752815407e-01
-7.257403326038768476e+00 -1.479588584745641588e+00 -6.967544024455304630e+00
-1.249121474636304718e+01 1.268478507967062541e+01 2.494202047617207096e+00
7.590364615754396027e+00 7.033183727748894221e+00 8.871136038069534990e+00
1.049819808460057935e+01 6.985963831067504515e+00 -9.882971153738945302e-01
-3.452507641203039324e+00 -1.638515121091602111e+01 3.096795691082371516e+00
-1.785635886406291561e+01 1.016327099533172174e+01 7.248362375316410144e+00
1.635943504793291980e+00 -4.015296336066472294e-01 -1.647313384533693892e+01
-2.245628978709823365e+00 -3.991266421104623596e+00 1.273349164882912810e+01
-6.367827704396435529e+00 5.713052882882490024e+00 9.228643377569991202e+00
1.498452439976263406e+01 -5.526191296888731230e+00 1.309001458855279054e+01
-2.315785300618217857e+00 1.290539936228113937e+01 2.480437112206973715e+00
-5.848480738429781667e+00 -5.546457906972174001e+00 -4.169574630558601669e+00
1.436918513253932161e+00 -1.188989494970890126e+00 -4.393980252219868987e-01
-4.503247665807536215e+00 1.159060154899695938e+00 8.391368947328520234e-01
-6.944057475463347728e+00 -2.392497311612833855e+00 -7.435744474053981534e+00
9.032876188634133996e+00 9.969936356131810840e+00 -1.106880676293785015e+01
-2.561493308982836670e+00 9.103310091269324333e-01 -2.245998002895242873e+00
7.341010888691681946e-02 -2.452738570619047209e+00 9.874693501903170301e+00
2.240219028257707912e+00 1.415207875054372444e+01 5.928581849763090439e+00
5.360000394362917753e+00 4.620509351890022209e+00 9.226479423480334674e+00
4.487644725646720012e+00 2.754657668623056832e+00 -4.893808701762674573e+00
-1.019811313433202393e+01 -8.437315791598457793e+00 1.375612750680284790e+01
7.208283223383713079e+00 -1.797624173619841770e+01 -1.006897409895107387e+01
-1.263840621232618311e+01 -1.294620190226245748e+00 3.348841418563424543e+00
-1.159071645363764835e+00 9.029277756120583920e-01 2.217745700608674042e+00
1.638455274010491536e+01 4.651277860183074431e+00 -7.009587799071585579e+00
1.365434483580219682e+00 -2.487444711862777602e+00 -1.175895785321867137e+01
-8.979135866107348374e-01 5.605746513091777850e+00 -3.585736038738761011e-01
-1.061928160460456683e+00 -1.265198772085166468e+01 -1.749770802925818103e+00
-3.606368168890330406e+00 6.489543065165452873e+00 -8.726935478626611342e+00
5.066098653767931559e+00 -1.655977060751242513e-01 -9.169265798693890801e+00
-6.629881391498074983e+00 1.018572500542238757e+01 1.428546860999864165e+01
-5.930597589792879987e+00 4.319667577371666844e+00 -2.208096989668158816e+00
-8.323670126534921110e+00 -7.343651183846326980e+00 4.117607161304690511e-01
5.124800351674058341e+00 -1.642143914975593200e+00 9.367015864101148281e+00
7.182249180254429710e+00 8.350625993136864267e+00 1.232149055893003009e+01
4.731367661448548922e+00 2.662480134139438626e+00 1.168515500819525155e+00
5.477861451867058307e+00 -4.175815649889940140e+00 2.143137627592985872e+00
-3.894504304788149351e+00 6.875905473174502625e+00 3.625877648355986693e+00
-6.558521880727958830e+00 3.269665708128050685e+00 -7.285445368843720182e+00
5.045282581407460221e+00 8.796167444708235195e+00 -5.392430842577527805e+00
7.478465158691248504e+00 4.042368555877906999e+00 2.484115719717635284e-01
-4.007310313442437710e+00 -4.460419450314170753e+00 -3.769753950558007993e+00
-1.329634439355363629e+00 -8.108870080458439489e+00 -3.957578317284825342e+00
-4.644454819353482478e+00 5.640151079142341928e+00 6.029587982308102667e+00
7.250978078313740083e-01 -3.514616170850868748e+00 -3.748873135144272339e+00
5.912115492224506497e+00 2.501208082681702916e+00 5.636721818816671892e+00
-1.037478649628432503e+00 3.513707309660749178e+00 3.039498645901674401e+00
1.064709286061397897e+01 1.595150522469993115e+00 -4.616211973519222411e+00
-5.925069970794995200e+00 8.520774330251526862e+00 1.156230703244845559e+00
5.811274371028241070e-01 4.445761963092471625e+00 -6.548357441051639860e+00
1.787898875002499888e-01 1.849051172445966884e+01 -7.108396315780636243e+00
1.815026286580386738e+01 8.175285424817504421e+00 2.042941797517087821e+00
7.783589401582484690e+00 -1.070552564924675565e+01 -6.483206512535897303e+00
3.249599334725191024e+00 -2.470674180903932982e+00 -1.016247203464549997e+01
-6.801077383468212112e+00 -7.159779139392853153e+00 -9.829847541884408457e+00
-4.661276854766390199e-01 -1.095763255585381657e+01 -7.322640323631949499e+00
0.000000000000000000e+00 1.269478614288772711e+01 0.000000000000000000e+00
